source_file,file,dataset,dataset_guess,seed,model,query_type,target_query_size,method,method_label,signature,queries,solved,positive_queries,negative_queries,positive_solved,false_positives,correct_no_match,negative_timeouts,unknown_within_budget,contained,timeouts,avg_total_s,p50_total_s,p95_total_s,avg_candidate_nodes,p95_candidate_nodes,avg_component_solver_nodes,avg_node_reduction_factor,avg_edge_reduction_factor_diag,avg_true_parts,avg_precision_at_budget,avg_recall_at_budget,p50_max_true_rank,p95_max_true_rank,p99_max_true_rank,avg_retrieval_ms,avg_candidate_ms,avg_solver_ms,solved_at_2,solved_at_5,solved_at_10,solved_at_20,solved_at_50,solved_at_100,solved_at_200,solved_at_500,solved_at_1000,solved_at_2000,source_bundle,source_rows,solved_rate,positive_solved_rate,false_positive_rate,correct_no_match_rate,solved_total,unsolved,avg_solver_time_per_query,avg_candidate_time_per_query,avg_retrieval_time,avg_total_time_per_query,avg_pruned_nodes,avg_signature_nodes,avg_overlap_nodes,avg_candidate_node_fraction,hit_rows,avg_max_true_coarse_rank,impossible_rows,pruned_fullcov_rows,solver_timeouts,coarse_budget,fullcov,fullcov_rate,recall,avg_max_true_rank,variant,checkpoint,query_seed,budget,impossible,avg_true_coarse,max_true_coarse,wins,losses,exact_mcnemar_p,seed_k,seed_fullcov,avg_seed_recall,expanded_fullcov,avg_expanded_recall,fine_pool_fullcov,avg_fine_pool_recall,fine_fullcov_at_25,avg_fine_recall_at_25,fine_fullcov_at_50,avg_fine_recall_at_50,fine_fullcov_at_75,avg_fine_recall_at_75,fine_fullcov_at_100,avg_fine_recall_at_100,fine_fullcov_at_150,avg_fine_recall_at_150,fine_fullcov_at_200,avg_fine_recall_at_200,fine_fullcov_at_250,avg_fine_recall_at_250,fine_fullcov_at_300,avg_fine_recall_at_300,fine_fullcov_at_400,avg_fine_recall_at_400,fine_fullcov_at_625,avg_fine_recall_at_625,fine_fullcov_at_750,avg_fine_recall_at_750,impossible_at_budget,avg_true_coarse_count,max_true_coarse_count,avg_query_nodes,avg_retrieval_time_seconds,avg_fused_retrieval_time_seconds,avg_seed_precision,avg_expanded_precision,avg_prefix_precision_at_1,avg_prefix_norm_precision_at_1,avg_prefix_precision_at_2,avg_prefix_norm_precision_at_2,avg_prefix_precision_at_5,avg_prefix_norm_precision_at_5,avg_prefix_precision_at_10,avg_prefix_norm_precision_at_10,overlap1_node_fullcov,avg_overlap1_node_recall,avg_overlap1_candidate_nodes,avg_model_load_time_seconds,avg_faiss_build_time_seconds,avg_overlap1_metric_time_seconds,avg_signature_pruning_time_seconds,avg_sig_type_candidate_nodes,avg_sig_type_candidate_fraction,avg_sig_type_reduction_vs_overlap,avg_sig_type_degree_candidate_nodes,avg_sig_type_degree_candidate_fraction,avg_sig_type_degree_reduction_vs_overlap,avg_sig_type_rel_candidate_nodes,avg_sig_type_rel_candidate_fraction,avg_sig_type_rel_reduction_vs_overlap,avg_sig_type_feat8_candidate_nodes,avg_sig_type_feat8_candidate_fraction,avg_sig_type_feat8_reduction_vs_overlap,avg_sig_type_rel_feat8_candidate_nodes,avg_sig_type_rel_feat8_candidate_fraction,avg_sig_type_rel_feat8_reduction_vs_overlap,avg_sig_type_feat16_candidate_nodes,avg_sig_type_feat16_candidate_fraction,avg_sig_type_feat16_reduction_vs_overlap,avg_sig_type_rel_feat16_candidate_nodes,avg_sig_type_rel_feat16_candidate_fraction,avg_sig_type_rel_feat16_reduction_vs_overlap,avg_sig_type_feat32_candidate_nodes,avg_sig_type_feat32_candidate_fraction,avg_sig_type_feat32_reduction_vs_overlap,avg_sig_type_rel_feat32_candidate_nodes,avg_sig_type_rel_feat32_candidate_fraction,avg_sig_type_rel_feat32_reduction_vs_overlap,contained_rate,timeout_rate
runs\logs\crm_results_dir\production_benchmark_summary.csv,runs\logs\crm_results_dir\results\prod_arxiv_s20260607_q50_types_all_sizes20_50_100_neural_component_b20_50_100_200_per_query.csv,arxiv,arxiv,20260607,arxiv,degree_k_hop,100,hybrid,neural_component,type_feat32,50,50,50,0,50,0,0,0,0,50,0,0.47299795822000534,0.3302198540000063,0.9099139804500169,352.38,752.8499999999997,100.16,1690.4042845102147,4521.381122264403,20.24,0.22664,0.5431824780971652,189.5,200.0,200.0,5.307093600014014,172.49011520800468,16.70906807999745,0,0,0,15,11,8,16,0,0,0,,,,,,,,,,,,,,,,,,,,,,,,,,,,,,,,,,,,,,,,,,,,,,,,,,,,,,,,,,,,,,,,,,,,,,,,,,,,,,,,,,,,,,,,,,,,,,,,,,,,,,,,,,,,,,,,,,,,,
runs\logs\crm_results_dir\production_benchmark_summary.csv,runs\logs\crm_results_dir\results\prod_arxiv_s20260607_q50_types_all_sizes20_50_100_neural_no_component_b20_50_100_200_per_query.csv,arxiv,arxiv,20260607,arxiv,degree_k_hop,100,hybrid,neural_no_component,type_feat32,50,50,50,0,50,0,0,0,0,50,0,0.5758847314200011,0.4098729944999775,1.1362959378000739,352.38,752.8499999999997,0.0,1690.4042845102147,4521.381122264403,20.24,0.22664,0.5431824780971652,189.5,200.0,200.0,5.142531408004288,167.734789015999,62.619103552001434,0,0,0,15,11,8,16,0,0,0,,,,,,,,,,,,,,,,,,,,,,,,,,,,,,,,,,,,,,,,,,,,,,,,,,,,,,,,,,,,,,,,,,,,,,,,,,,,,,,,,,,,,,,,,,,,,,,,,,,,,,,,,,,,,,,,,,,,,
runs\logs\crm_results_dir\production_benchmark_summary.csv,runs\logs\crm_results_dir\results\prod_arxiv_s20260607_q50_types_all_sizes20_50_100_neural_no_overlap_b20_50_100_200_per_query.csv,arxiv,arxiv,20260607,arxiv,degree_k_hop,100,hybrid,neural_no_overlap,type_feat32,50,50,50,0,50,0,0,0,0,50,0,0.6211156607400039,0.6636601000000724,0.686281520600005,423.34,744.1999999999999,100.16,1723.007182273987,26131.199377728728,20.24,0.19499999999999998,0.6578569077466012,189.5,200.0,200.0,5.310842715787682,151.23734156315706,12.214148105265036,0,0,0,1,2,3,44,0,0,0,,,,,,,,,,,,,,,,,,,,,,,,,,,,,,,,,,,,,,,,,,,,,,,,,,,,,,,,,,,,,,,,,,,,,,,,,,,,,,,,,,,,,,,,,,,,,,,,,,,,,,,,,,,,,,,,,,,,,
runs\logs\crm_results_dir\production_benchmark_summary.csv,runs\logs\crm_results_dir\results\prod_arxiv_s20260607_q50_types_all_sizes20_50_100_neural_no_signature_b20_50_100_200_per_query.csv,arxiv,arxiv,20260607,arxiv,degree_k_hop,100,hybrid,neural_no_signature,none,50,50,50,0,50,0,0,0,0,50,0,0.5081072708600095,0.4335521890000109,1.0387553238500913,35626.24,83419.25,101.1,1602.3510346949593,3381.2854707217625,20.24,0.22664,0.5431824780971652,189.5,200.0,200.0,5.529854911987059,183.77998279200435,19.462925551999433,0,0,0,15,11,8,16,0,0,0,,,,,,,,,,,,,,,,,,,,,,,,,,,,,,,,,,,,,,,,,,,,,,,,,,,,,,,,,,,,,,,,,,,,,,,,,,,,,,,,,,,,,,,,,,,,,,,,,,,,,,,,,,,,,,,,,,,,,
runs\logs\crm_results_dir\production_benchmark_summary.csv,runs\logs\crm_results_dir\results\prod_arxiv_s20260607_q50_types_all_sizes20_50_100_neural_component_b20_50_100_200_per_query.csv,arxiv,arxiv,20260607,arxiv,degree_k_hop,20,hybrid,neural_component,type_feat32,50,50,50,0,50,0,0,0,0,50,0,0.3949122802200014,0.25813513900003215,0.8323203192500088,56.34,134.19999999999993,20.06,9323.799263014764,98985.38186963752,5.86,0.05756198347107438,0.49485224371588005,167.0,199.55,200.0,5.37522251239476,156.1063159090918,7.080576743801374,0,0,0,16,11,9,14,0,0,0,,,,,,,,,,,,,,,,,,,,,,,,,,,,,,,,,,,,,,,,,,,,,,,,,,,,,,,,,,,,,,,,,,,,,,,,,,,,,,,,,,,,,,,,,,,,,,,,,,,,,,,,,,,,,,,,,,,,,
runs\logs\crm_results_dir\production_benchmark_summary.csv,runs\logs\crm_results_dir\results\prod_arxiv_s20260607_q50_types_all_sizes20_50_100_neural_no_component_b20_50_100_200_per_query.csv,arxiv,arxiv,20260607,arxiv,degree_k_hop,20,hybrid,neural_no_component,type_feat32,50,50,50,0,50,0,0,0,0,50,0,0.39993530589999865,0.2676163160000016,0.849802384550037,56.34,134.19999999999993,0.0,9323.799263014764,98985.38186963752,5.86,0.05756198347107438,0.49485224371588005,167.0,199.55,200.0,4.9604591157017595,147.33011399173552,17.93240910743747,0,0,0,16,11,9,14,0,0,0,,,,,,,,,,,,,,,,,,,,,,,,,,,,,,,,,,,,,,,,,,,,,,,,,,,,,,,,,,,,,,,,,,,,,,,,,,,,,,,,,,,,,,,,,,,,,,,,,,,,,,,,,,,,,,,,,,,,,
runs\logs\crm_results_dir\production_benchmark_summary.csv,runs\logs\crm_results_dir\results\prod_arxiv_s20260607_q50_types_all_sizes20_50_100_neural_no_overlap_b20_50_100_200_per_query.csv,arxiv,arxiv,20260607,arxiv,degree_k_hop,20,hybrid,neural_no_overlap,type_feat32,50,50,50,0,50,0,0,0,0,50,0,0.4531518983799981,0.5805635325000225,0.6215426459000098,63.48,130.39999999999998,20.06,18326.76174682997,178340.3413725934,5.86,0.05520710059171598,0.5878800275989625,167.0,199.55,200.0,5.436931639050596,127.86220634319585,6.206402644969275,0,0,0,4,6,7,33,0,0,0,,,,,,,,,,,,,,,,,,,,,,,,,,,,,,,,,,,,,,,,,,,,,,,,,,,,,,,,,,,,,,,,,,,,,,,,,,,,,,,,,,,,,,,,,,,,,,,,,,,,,,,,,,,,,,,,,,,,,
runs\logs\crm_results_dir\production_benchmark_summary.csv,runs\logs\crm_results_dir\results\prod_arxiv_s20260607_q50_types_all_sizes20_50_100_neural_no_signature_b20_50_100_200_per_query.csv,arxiv,arxiv,20260607,arxiv,degree_k_hop,20,hybrid,neural_no_signature,none,50,50,50,0,50,0,0,0,0,50,0,0.4120089381600007,0.47203404349997413,0.8896085352999903,43457.78,123049.09999999999,20.08,7947.990833314511,23725.724061964585,5.86,0.05756198347107438,0.49485224371588005,167.0,199.55,200.0,5.316066363644864,162.42294633884214,7.8286810000011515,0,0,0,16,11,9,14,0,0,0,,,,,,,,,,,,,,,,,,,,,,,,,,,,,,,,,,,,,,,,,,,,,,,,,,,,,,,,,,,,,,,,,,,,,,,,,,,,,,,,,,,,,,,,,,,,,,,,,,,,,,,,,,,,,,,,,,,,,
runs\logs\crm_results_dir\production_benchmark_summary.csv,runs\logs\crm_results_dir\results\prod_arxiv_s20260607_q50_types_all_sizes20_50_100_neural_component_b20_50_100_200_per_query.csv,arxiv,arxiv,20260607,arxiv,degree_k_hop,50,hybrid,neural_component,type_feat32,50,50,50,0,50,0,0,0,0,50,0,0.41291786473999764,0.38595316400002844,0.8646117853499959,191.46,478.49999999999994,50.04,3447.108095151768,15728.210872589652,12.3,0.13082644628099174,0.5281789902330719,172.0,200.0,200.0,5.541795867772695,159.79917119008113,10.828045644628647,0,0,0,16,9,13,12,0,0,0,,,,,,,,,,,,,,,,,,,,,,,,,,,,,,,,,,,,,,,,,,,,,,,,,,,,,,,,,,,,,,,,,,,,,,,,,,,,,,,,,,,,,,,,,,,,,,,,,,,,,,,,,,,,,,,,,,,,,
runs\logs\crm_results_dir\production_benchmark_summary.csv,runs\logs\crm_results_dir\results\prod_arxiv_s20260607_q50_types_all_sizes20_50_100_neural_no_component_b20_50_100_200_per_query.csv,arxiv,arxiv,20260607,arxiv,degree_k_hop,50,hybrid,neural_no_component,type_feat32,50,50,50,0,50,0,0,0,0,50,0,0.45957828740001333,0.4342422510000006,0.9697829029000842,191.46,478.49999999999994,0.0,3447.108095151768,15728.210872589652,12.3,0.13082644628099174,0.5281789902330719,172.0,200.0,200.0,5.029130297523615,153.76776043801792,36.14062278512807,0,0,0,16,9,13,12,0,0,0,,,,,,,,,,,,,,,,,,,,,,,,,,,,,,,,,,,,,,,,,,,,,,,,,,,,,,,,,,,,,,,,,,,,,,,,,,,,,,,,,,,,,,,,,,,,,,,,,,,,,,,,,,,,,,,,,,,,,
runs\logs\crm_results_dir\production_benchmark_summary.csv,runs\logs\crm_results_dir\results\prod_arxiv_s20260607_q50_types_all_sizes20_50_100_neural_no_overlap_b20_50_100_200_per_query.csv,arxiv,arxiv,20260607,arxiv,degree_k_hop,50,hybrid,neural_no_overlap,type_feat32,50,50,50,0,50,0,0,0,0,50,0,0.5225897102399916,0.6077709654999808,0.6236380956500398,222.58,501.2499999999998,50.04,4528.191511630094,73401.1955000707,12.3,0.1212087912087912,0.6424168319362697,172.0,200.0,200.0,5.330011395600947,135.42189732966781,8.146704384615559,0,0,0,0,6,6,38,0,0,0,,,,,,,,,,,,,,,,,,,,,,,,,,,,,,,,,,,,,,,,,,,,,,,,,,,,,,,,,,,,,,,,,,,,,,,,,,,,,,,,,,,,,,,,,,,,,,,,,,,,,,,,,,,,,,,,,,,,,
runs\logs\crm_results_dir\production_benchmark_summary.csv,runs\logs\crm_results_dir\results\prod_arxiv_s20260607_q50_types_all_sizes20_50_100_neural_no_signature_b20_50_100_200_per_query.csv,arxiv,arxiv,20260607,arxiv,degree_k_hop,50,hybrid,neural_no_signature,none,50,50,50,0,50,0,0,0,0,50,0,0.42722147431999474,0.46923248650006144,0.9248879996500818,39620.0,119873.84999999999,50.2,3152.4849135512527,7243.4504985329,12.3,0.13082644628099174,0.5281789902330719,172.0,200.0,200.0,5.4701501735517315,164.02128623140618,12.516513074376784,0,0,0,16,9,13,12,0,0,0,,,,,,,,,,,,,,,,,,,,,,,,,,,,,,,,,,,,,,,,,,,,,,,,,,,,,,,,,,,,,,,,,,,,,,,,,,,,,,,,,,,,,,,,,,,,,,,,,,,,,,,,,,,,,,,,,,,,,
runs\logs\crm_results_dir\production_benchmark_summary.csv,runs\logs\crm_results_dir\results\prod_arxiv_s20260607_q50_types_all_sizes20_50_100_neural_component_b20_50_100_200_per_query.csv,arxiv,arxiv,20260607,arxiv,k_hop,100,hybrid,neural_component,type_feat32,50,50,50,0,50,0,0,0,0,50,0,0.41885350795999443,0.30857698449997883,0.9179078156000031,386.92,1011.7999999999994,100.12,1686.9250515525669,5259.413330874308,23.2,0.25594594594594594,0.5044805394987737,197.0,200.0,200.0,5.3982162882859095,169.53723264864726,19.13551868468354,0,0,0,23,6,8,13,0,0,0,,,,,,,,,,,,,,,,,,,,,,,,,,,,,,,,,,,,,,,,,,,,,,,,,,,,,,,,,,,,,,,,,,,,,,,,,,,,,,,,,,,,,,,,,,,,,,,,,,,,,,,,,,,,,,,,,,,,,
runs\logs\crm_results_dir\production_benchmark_summary.csv,runs\logs\crm_results_dir\results\prod_arxiv_s20260607_q50_types_all_sizes20_50_100_neural_no_component_b20_50_100_200_per_query.csv,arxiv,arxiv,20260607,arxiv,k_hop,100,hybrid,neural_no_component,type_feat32,50,50,50,0,50,0,0,0,0,50,0,0.5205896608800038,0.36595735450001143,1.2492780989500432,386.92,1011.7999999999994,0.0,1686.9250515525669,5259.413330874308,23.2,0.25594594594594594,0.5044805394987737,197.0,200.0,200.0,5.05716001801729,162.51495950450538,71.98488773873954,0,0,0,23,6,8,13,0,0,0,,,,,,,,,,,,,,,,,,,,,,,,,,,,,,,,,,,,,,,,,,,,,,,,,,,,,,,,,,,,,,,,,,,,,,,,,,,,,,,,,,,,,,,,,,,,,,,,,,,,,,,,,,,,,,,,,,,,,
runs\logs\crm_results_dir\production_benchmark_summary.csv,runs\logs\crm_results_dir\results\prod_arxiv_s20260607_q50_types_all_sizes20_50_100_neural_no_overlap_b20_50_100_200_per_query.csv,arxiv,arxiv,20260607,arxiv,k_hop,100,hybrid,neural_no_overlap,type_feat32,50,50,50,0,50,0,0,0,0,50,0,0.6238788089000059,0.6781927425000731,0.7118419712499673,488.64,921.65,100.3,1757.0974449880666,16635.763006204852,23.2,0.20609042553191487,0.6386266700709206,197.0,200.0,200.0,5.523521207444349,153.1261048882986,12.799110244681676,0,0,0,1,3,3,43,0,0,0,,,,,,,,,,,,,,,,,,,,,,,,,,,,,,,,,,,,,,,,,,,,,,,,,,,,,,,,,,,,,,,,,,,,,,,,,,,,,,,,,,,,,,,,,,,,,,,,,,,,,,,,,,,,,,,,,,,,,
runs\logs\crm_results_dir\production_benchmark_summary.csv,runs\logs\crm_results_dir\results\prod_arxiv_s20260607_q50_types_all_sizes20_50_100_neural_no_signature_b20_50_100_200_per_query.csv,arxiv,arxiv,20260607,arxiv,k_hop,100,hybrid,neural_no_signature,none,50,50,50,0,50,0,0,0,0,50,0,0.4056572148999976,0.20375541500004601,1.0154913045999818,30245.94,101663.6999999999,100.54,1602.320217882255,3591.0429973075875,23.2,0.25594594594594594,0.5044805394987737,197.0,200.0,200.0,5.229416504496774,162.28423925224328,20.44423592793579,0,0,0,23,6,8,13,0,0,0,,,,,,,,,,,,,,,,,,,,,,,,,,,,,,,,,,,,,,,,,,,,,,,,,,,,,,,,,,,,,,,,,,,,,,,,,,,,,,,,,,,,,,,,,,,,,,,,,,,,,,,,,,,,,,,,,,,,,
runs\logs\crm_results_dir\production_benchmark_summary.csv,runs\logs\crm_results_dir\results\prod_arxiv_s20260607_q50_types_all_sizes20_50_100_neural_component_b20_50_100_200_per_query.csv,arxiv,arxiv,20260607,arxiv,k_hop,20,hybrid,neural_component,type_feat32,50,50,50,0,50,0,0,0,0,50,0,0.2945071886599985,0.2428375500000044,0.8163843982000032,56.56,150.1,19.84,8904.619416666666,63743.69714537223,5.7,0.06789215686274509,0.4917930749245628,160.0,199.0,200.0,5.259537980392272,135.9151110098031,8.45115794117655,0,0,0,20,14,10,6,0,0,0,,,,,,,,,,,,,,,,,,,,,,,,,,,,,,,,,,,,,,,,,,,,,,,,,,,,,,,,,,,,,,,,,,,,,,,,,,,,,,,,,,,,,,,,,,,,,,,,,,,,,,,,,,,,,,,,,,,,,
runs\logs\crm_results_dir\production_benchmark_summary.csv,runs\logs\crm_results_dir\results\prod_arxiv_s20260607_q50_types_all_sizes20_50_100_neural_no_component_b20_50_100_200_per_query.csv,arxiv,arxiv,20260607,arxiv,k_hop,20,hybrid,neural_no_component,type_feat32,50,50,50,0,50,0,0,0,0,50,0,0.2988859670000002,0.24508026700000585,0.8381458244999862,56.56,150.1,0.0,8904.619416666666,63743.69714537223,5.7,0.06789215686274509,0.4917930749245628,160.0,199.0,200.0,4.952684352942796,128.2714295784314,18.241299343137335,0,0,0,20,14,10,6,0,0,0,,,,,,,,,,,,,,,,,,,,,,,,,,,,,,,,,,,,,,,,,,,,,,,,,,,,,,,,,,,,,,,,,,,,,,,,,,,,,,,,,,,,,,,,,,,,,,,,,,,,,,,,,,,,,,,,,,,,,
runs\logs\crm_results_dir\production_benchmark_summary.csv,runs\logs\crm_results_dir\results\prod_arxiv_s20260607_q50_types_all_sizes20_50_100_neural_no_overlap_b20_50_100_200_per_query.csv,arxiv,arxiv,20260607,arxiv,k_hop,20,hybrid,neural_no_overlap,type_feat32,50,50,50,0,50,0,0,0,0,50,0,0.42528509726000097,0.5678352675000156,0.590065589450002,70.38,176.95,19.84,11907.000383915105,125826.97617517244,5.7,0.057760736196319024,0.6094700029109988,160.0,199.0,200.0,5.218116055212381,124.81214697546012,5.64340433128863,0,0,0,7,6,4,33,0,0,0,,,,,,,,,,,,,,,,,,,,,,,,,,,,,,,,,,,,,,,,,,,,,,,,,,,,,,,,,,,,,,,,,,,,,,,,,,,,,,,,,,,,,,,,,,,,,,,,,,,,,,,,,,,,,,,,,,,,,
runs\logs\crm_results_dir\production_benchmark_summary.csv,runs\logs\crm_results_dir\results\prod_arxiv_s20260607_q50_types_all_sizes20_50_100_neural_no_signature_b20_50_100_200_per_query.csv,arxiv,arxiv,20260607,arxiv,k_hop,20,hybrid,neural_no_signature,none,50,50,50,0,50,0,0,0,0,50,0,0.3736506331599958,0.4516710614999795,0.7479880185000496,33981.08,103287.1999999999,19.94,8022.294945731918,23011.435577356944,5.7,0.06789215686274509,0.4917930749245628,160.0,199.0,200.0,5.395138166668559,173.0621494313718,10.099925647057484,0,0,0,20,14,10,6,0,0,0,,,,,,,,,,,,,,,,,,,,,,,,,,,,,,,,,,,,,,,,,,,,,,,,,,,,,,,,,,,,,,,,,,,,,,,,,,,,,,,,,,,,,,,,,,,,,,,,,,,,,,,,,,,,,,,,,,,,,
runs\logs\crm_results_dir\production_benchmark_summary.csv,runs\logs\crm_results_dir\results\prod_arxiv_s20260607_q50_types_all_sizes20_50_100_neural_component_b20_50_100_200_per_query.csv,arxiv,arxiv,20260607,arxiv,k_hop,50,hybrid,neural_component,type_feat32,50,50,50,0,50,0,0,0,0,50,0,0.38856846919999044,0.2570035294999684,0.8548998632499121,180.68,504.74999999999994,49.82,3438.6616503070086,22138.89662695236,11.54,0.13701754385964912,0.5347996133131379,174.5,200.0,200.0,5.245966859646208,159.02385402631282,11.400913166665449,0,0,0,21,8,7,14,0,0,0,,,,,,,,,,,,,,,,,,,,,,,,,,,,,,,,,,,,,,,,,,,,,,,,,,,,,,,,,,,,,,,,,,,,,,,,,,,,,,,,,,,,,,,,,,,,,,,,,,,,,,,,,,,,,,,,,,,,,
runs\logs\crm_results_dir\production_benchmark_summary.csv,runs\logs\crm_results_dir\results\prod_arxiv_s20260607_q50_types_all_sizes20_50_100_neural_no_component_b20_50_100_200_per_query.csv,arxiv,arxiv,20260607,arxiv,k_hop,50,hybrid,neural_no_component,type_feat32,50,50,50,0,50,0,0,0,0,50,0,0.435550090159993,0.2809720785000138,0.9842288797500061,180.68,504.74999999999994,0.0,3438.6616503070086,22138.89662695236,11.54,0.13701754385964912,0.5347996133131379,174.5,200.0,200.0,5.0311911491227175,154.48055257017356,36.55018872806898,0,0,0,21,8,7,14,0,0,0,,,,,,,,,,,,,,,,,,,,,,,,,,,,,,,,,,,,,,,,,,,,,,,,,,,,,,,,,,,,,,,,,,,,,,,,,,,,,,,,,,,,,,,,,,,,,,,,,,,,,,,,,,,,,,,,,,,,,
runs\logs\crm_results_dir\production_benchmark_summary.csv,runs\logs\crm_results_dir\results\prod_arxiv_s20260607_q50_types_all_sizes20_50_100_neural_no_overlap_b20_50_100_200_per_query.csv,arxiv,arxiv,20260607,arxiv,k_hop,50,hybrid,neural_no_overlap,type_feat32,50,50,50,0,50,0,0,0,0,50,0,0.5183984230200087,0.6215941199999975,0.6492541880500141,209.84,457.9499999999998,49.84,4160.536080266857,91064.38817612281,11.54,0.11934285714285715,0.6406194489082592,174.5,200.0,200.0,5.440170657144075,138.97916735428876,9.134667794285178,0,0,0,5,2,6,37,0,0,0,,,,,,,,,,,,,,,,,,,,,,,,,,,,,,,,,,,,,,,,,,,,,,,,,,,,,,,,,,,,,,,,,,,,,,,,,,,,,,,,,,,,,,,,,,,,,,,,,,,,,,,,,,,,,,,,,,,,,
runs\logs\crm_results_dir\production_benchmark_summary.csv,runs\logs\crm_results_dir\results\prod_arxiv_s20260607_q50_types_all_sizes20_50_100_neural_no_signature_b20_50_100_200_per_query.csv,arxiv,arxiv,20260607,arxiv,k_hop,50,hybrid,neural_no_signature,none,50,50,50,0,50,0,0,0,0,50,0,0.43400266349999356,0.2622845844999233,1.0332324108500357,37636.66,120273.9,50.1,3208.6201338475307,8005.39945863294,11.54,0.13701754385964912,0.5347996133131379,174.5,200.0,200.0,5.640998631582063,176.96396182456036,13.388083570173661,0,0,0,21,8,7,14,0,0,0,,,,,,,,,,,,,,,,,,,,,,,,,,,,,,,,,,,,,,,,,,,,,,,,,,,,,,,,,,,,,,,,,,,,,,,,,,,,,,,,,,,,,,,,,,,,,,,,,,,,,,,,,,,,,,,,,,,,,
runs\logs\crm_results_dir\production_benchmark_summary.csv,runs\logs\crm_results_dir\results\prod_arxiv_s20260607_q50_types_all_sizes20_50_100_neural_component_b20_50_100_200_per_query.csv,arxiv,arxiv,20260607,arxiv,multi_coarse,100,hybrid,neural_component,type_feat32,50,4,50,0,4,0,0,0,0,50,0,0.8401633280600084,0.8519922975000043,0.9065860475499903,551.4,967.2999999999997,8.0,1686.8967305481178,7837.636721579769,4.02,0.03347715736040609,0.6104060913705583,147.0,198.55,200.0,5.5853318680212585,212.38085430964642,0.8585690558379149,0,0,0,0,0,3,1,0,0,0,,,,,,,,,,,,,,,,,,,,,,,,,,,,,,,,,,,,,,,,,,,,,,,,,,,,,,,,,,,,,,,,,,,,,,,,,,,,,,,,,,,,,,,,,,,,,,,,,,,,,,,,,,,,,,,,,,,,,
runs\logs\crm_results_dir\production_benchmark_summary.csv,runs\logs\crm_results_dir\results\prod_arxiv_s20260607_q50_types_all_sizes20_50_100_neural_no_component_b20_50_100_200_per_query.csv,arxiv,arxiv,20260607,arxiv,multi_coarse,100,hybrid,neural_no_component,type_feat32,50,50,50,0,50,0,0,0,0,50,0,0.9433191050599874,1.0258691629999248,1.2362395954499985,551.4,967.2999999999997,0.0,1686.8967305481178,8157.452230798288,4.02,0.034613259668508284,0.5759668508287292,147.0,198.55,200.0,5.170031292820532,192.56660120441896,68.01878693369912,0,0,0,0,3,13,34,0,0,0,,,,,,,,,,,,,,,,,,,,,,,,,,,,,,,,,,,,,,,,,,,,,,,,,,,,,,,,,,,,,,,,,,,,,,,,,,,,,,,,,,,,,,,,,,,,,,,,,,,,,,,,,,,,,,,,,,,,,
runs\logs\crm_results_dir\production_benchmark_summary.csv,runs\logs\crm_results_dir\results\prod_arxiv_s20260607_q50_types_all_sizes20_50_100_neural_no_overlap_b20_50_100_200_per_query.csv,arxiv,arxiv,20260607,arxiv,multi_coarse,100,hybrid,neural_no_overlap,type_feat32,50,4,50,0,4,0,0,0,0,50,0,0.6139977360400133,0.6170788830000333,0.6561630246499702,392.22,631.3499999999999,8.0,2066.7557183210215,56283.18909832317,4.02,0.03340909090909091,0.6123737373737373,147.0,198.55,200.0,5.055466959594288,154.11147836363946,0.938454979798234,0,0,0,0,0,2,2,0,0,0,,,,,,,,,,,,,,,,,,,,,,,,,,,,,,,,,,,,,,,,,,,,,,,,,,,,,,,,,,,,,,,,,,,,,,,,,,,,,,,,,,,,,,,,,,,,,,,,,,,,,,,,,,,,,,,,,,,,,
runs\logs\crm_results_dir\production_benchmark_summary.csv,runs\logs\crm_results_dir\results\prod_arxiv_s20260607_q50_types_all_sizes20_50_100_neural_no_signature_b20_50_100_200_per_query.csv,arxiv,arxiv,20260607,arxiv,multi_coarse,100,hybrid,neural_no_signature,none,50,4,50,0,4,0,0,0,0,50,0,0.8195870869999748,0.8500451075000228,1.0093876522998244,79629.16,120268.15,8.06,1551.0751009786225,3198.5153181399073,4.02,0.03347715736040609,0.6104060913705583,147.0,198.55,200.0,5.26775671575272,207.08663486293761,0.9303922944164341,0,0,0,0,0,3,1,0,0,0,,,,,,,,,,,,,,,,,,,,,,,,,,,,,,,,,,,,,,,,,,,,,,,,,,,,,,,,,,,,,,,,,,,,,,,,,,,,,,,,,,,,,,,,,,,,,,,,,,,,,,,,,,,,,,,,,,,,,
runs\logs\crm_results_dir\production_benchmark_summary.csv,runs\logs\crm_results_dir\results\prod_arxiv_s20260607_q50_types_all_sizes20_50_100_neural_component_b20_50_100_200_per_query.csv,arxiv,arxiv,20260607,arxiv,multi_coarse,20,hybrid,neural_component,type_feat32,50,0,50,0,0,0,0,0,0,50,0,0.8035012055199999,0.8021374500000036,0.8262376937999889,100.08,199.34999999999997,0.0,8773.207216602112,92693.56595307577,4.28,0.030950000000000002,0.561,163.5,197.55,199.0,5.0734137400002055,200.87530138,0.0,0,0,0,0,0,0,0,0,0,0,,,,,,,,,,,,,,,,,,,,,,,,,,,,,,,,,,,,,,,,,,,,,,,,,,,,,,,,,,,,,,,,,,,,,,,,,,,,,,,,,,,,,,,,,,,,,,,,,,,,,,,,,,,,,,,,,,,,,
runs\logs\crm_results_dir\production_benchmark_summary.csv,runs\logs\crm_results_dir\results\prod_arxiv_s20260607_q50_types_all_sizes20_50_100_neural_no_component_b20_50_100_200_per_query.csv,arxiv,arxiv,20260607,arxiv,multi_coarse,20,hybrid,neural_no_component,type_feat32,50,50,50,0,50,0,0,0,0,50,0,0.6623227252200036,0.8116704819999825,0.870214314850007,100.08,199.34999999999997,0.0,8773.207216602112,99941.50351419637,4.28,0.032485549132947975,0.5013487475915221,163.5,197.55,199.0,5.0740213699424395,171.48470054913352,19.938052404624727,0,0,0,0,5,17,28,0,0,0,,,,,,,,,,,,,,,,,,,,,,,,,,,,,,,,,,,,,,,,,,,,,,,,,,,,,,,,,,,,,,,,,,,,,,,,,,,,,,,,,,,,,,,,,,,,,,,,,,,,,,,,,,,,,,,,,,,,,
runs\logs\crm_results_dir\production_benchmark_summary.csv,runs\logs\crm_results_dir\results\prod_arxiv_s20260607_q50_types_all_sizes20_50_100_neural_no_overlap_b20_50_100_200_per_query.csv,arxiv,arxiv,20260607,arxiv,multi_coarse,20,hybrid,neural_no_overlap,type_feat32,50,0,50,0,0,0,0,0,0,50,0,0.5543347730799979,0.5530012139999911,0.5642304788499828,76.3,163.49999999999997,0.0,16686.906222729882,147453.31092981677,4.28,0.030950000000000002,0.561,163.5,197.55,199.0,4.983779559998993,138.5836932699995,0.0,0,0,0,0,0,0,0,0,0,0,,,,,,,,,,,,,,,,,,,,,,,,,,,,,,,,,,,,,,,,,,,,,,,,,,,,,,,,,,,,,,,,,,,,,,,,,,,,,,,,,,,,,,,,,,,,,,,,,,,,,,,,,,,,,,,,,,,,,
runs\logs\crm_results_dir\production_benchmark_summary.csv,runs\logs\crm_results_dir\results\prod_arxiv_s20260607_q50_types_all_sizes20_50_100_neural_no_signature_b20_50_100_200_per_query.csv,arxiv,arxiv,20260607,arxiv,multi_coarse,20,hybrid,neural_no_signature,none,50,0,50,0,0,0,0,0,0,50,0,0.8084021177999944,0.8387362805000009,0.9273360337999705,81268.22,120722.15,0.0,7778.878792364158,36404.98693306639,4.28,0.030950000000000002,0.561,163.5,197.55,199.0,5.085279599998671,202.1005294499986,0.0,0,0,0,0,0,0,0,0,0,0,,,,,,,,,,,,,,,,,,,,,,,,,,,,,,,,,,,,,,,,,,,,,,,,,,,,,,,,,,,,,,,,,,,,,,,,,,,,,,,,,,,,,,,,,,,,,,,,,,,,,,,,,,,,,,,,,,,,,
runs\logs\crm_results_dir\production_benchmark_summary.csv,runs\logs\crm_results_dir\results\prod_arxiv_s20260607_q50_types_all_sizes20_50_100_neural_component_b20_50_100_200_per_query.csv,arxiv,arxiv,20260607,arxiv,multi_coarse,50,hybrid,neural_component,type_feat32,50,1,50,0,1,0,0,0,0,50,0,0.8114199985999931,0.8169569335000517,0.8501076851499988,271.8,511.7499999999999,1.0,3392.3356145361076,16609.014865949608,3.88,0.03623115577889447,0.660887772194305,152.5,197.0,199.01999999999998,5.480400472363763,203.73335922110385,0.14101228643211877,0,0,0,0,0,1,0,0,0,0,,,,,,,,,,,,,,,,,,,,,,,,,,,,,,,,,,,,,,,,,,,,,,,,,,,,,,,,,,,,,,,,,,,,,,,,,,,,,,,,,,,,,,,,,,,,,,,,,,,,,,,,,,,,,,,,,,,,,
runs\logs\crm_results_dir\production_benchmark_summary.csv,runs\logs\crm_results_dir\results\prod_arxiv_s20260607_q50_types_all_sizes20_50_100_neural_no_component_b20_50_100_200_per_query.csv,arxiv,arxiv,20260607,arxiv,multi_coarse,50,hybrid,neural_no_component,type_feat32,50,50,50,0,50,0,0,0,0,50,0,0.6917934775000077,0.7438436360000367,0.983563445449984,271.8,511.7499999999999,0.0,3392.3356145361076,17697.585727274385,3.88,0.03950920245398773,0.5890593047034764,152.5,197.0,199.01999999999998,5.053802834357783,173.83324923312878,38.37333895705762,0,0,0,4,4,17,25,0,0,0,,,,,,,,,,,,,,,,,,,,,,,,,,,,,,,,,,,,,,,,,,,,,,,,,,,,,,,,,,,,,,,,,,,,,,,,,,,,,,,,,,,,,,,,,,,,,,,,,,,,,,,,,,,,,,,,,,,,,
runs\logs\crm_results_dir\production_benchmark_summary.csv,runs\logs\crm_results_dir\results\prod_arxiv_s20260607_q50_types_all_sizes20_50_100_neural_no_overlap_b20_50_100_200_per_query.csv,arxiv,arxiv,20260607,arxiv,multi_coarse,50,hybrid,neural_no_overlap,type_feat32,50,1,50,0,1,0,0,0,0,50,0,0.5879235061400004,0.581297649000021,0.6157111882999657,194.5,395.9,1.0,4195.950336484078,41560.863709980884,3.88,0.0361,0.6625833333333334,152.5,197.0,199.01999999999998,5.163893100000223,146.81537113500013,0.16550539999997227,0,0,0,0,0,0,1,0,0,0,,,,,,,,,,,,,,,,,,,,,,,,,,,,,,,,,,,,,,,,,,,,,,,,,,,,,,,,,,,,,,,,,,,,,,,,,,,,,,,,,,,,,,,,,,,,,,,,,,,,,,,,,,,,,,,,,,,,,
runs\logs\crm_results_dir\production_benchmark_summary.csv,runs\logs\crm_results_dir\results\prod_arxiv_s20260607_q50_types_all_sizes20_50_100_neural_no_signature_b20_50_100_200_per_query.csv,arxiv,arxiv,20260607,arxiv,multi_coarse,50,hybrid,neural_no_signature,none,50,1,50,0,1,0,0,0,0,50,0,0.715478738700001,0.7391620275000719,1.0113709482500268,72645.32,121954.04999999999,1.0,3107.4418135991664,8478.573784148739,3.88,0.03623115577889447,0.660887772194305,152.5,197.0,199.01999999999998,5.262777427132753,179.63641755276416,0.1321097587938837,0,0,0,0,0,1,0,0,0,0,,,,,,,,,,,,,,,,,,,,,,,,,,,,,,,,,,,,,,,,,,,,,,,,,,,,,,,,,,,,,,,,,,,,,,,,,,,,,,,,,,,,,,,,,,,,,,,,,,,,,,,,,,,,,,,,,,,,,
runs\logs\crm_results_dir\production_benchmark_summary.csv,runs\logs\crm_results_dir\results\prod_arxiv_s20260607_q50_types_all_sizes20_50_100_neural_component_b20_50_100_200_per_query.csv,arxiv,arxiv,20260607,arxiv,multi_fine,100,hybrid,neural_component,type_feat32,50,26,50,0,26,0,0,0,0,50,0,0.5049110113400036,0.6632570454999893,0.8571337915000043,148.52,390.0999999999998,51.94,1687.612935520899,5912.430432796146,1.0,0.02162878787878788,0.8787878787878788,1.5,83.49999999999997,149.31999999999994,5.245801840902859,182.9788191666667,8.275351795455862,0,0,0,20,3,2,1,0,0,0,,,,,,,,,,,,,,,,,,,,,,,,,,,,,,,,,,,,,,,,,,,,,,,,,,,,,,,,,,,,,,,,,,,,,,,,,,,,,,,,,,,,,,,,,,,,,,,,,,,,,,,,,,,,,,,,,,,,,
runs\logs\crm_results_dir\production_benchmark_summary.csv,runs\logs\crm_results_dir\results\prod_arxiv_s20260607_q50_types_all_sizes20_50_100_neural_no_component_b20_50_100_200_per_query.csv,arxiv,arxiv,20260607,arxiv,multi_fine,100,hybrid,neural_no_component,type_feat32,50,50,50,0,50,0,0,0,0,50,0,0.20199987387999385,0.12289743849996171,0.6400637935000418,148.38,390.0999999999998,0.0,1687.612935520899,6587.201391069195,1.0,0.032196969696969696,0.7575757575757576,1.5,83.49999999999997,149.31999999999994,4.952581015155119,107.8411519242376,45.18905556060624,0,0,0,39,7,3,1,0,0,0,,,,,,,,,,,,,,,,,,,,,,,,,,,,,,,,,,,,,,,,,,,,,,,,,,,,,,,,,,,,,,,,,,,,,,,,,,,,,,,,,,,,,,,,,,,,,,,,,,,,,,,,,,,,,,,,,,,,,
runs\logs\crm_results_dir\production_benchmark_summary.csv,runs\logs\crm_results_dir\results\prod_arxiv_s20260607_q50_types_all_sizes20_50_100_neural_no_overlap_b20_50_100_200_per_query.csv,arxiv,arxiv,20260607,arxiv,multi_fine,100,hybrid,neural_no_overlap,type_feat32,50,26,50,0,26,0,0,0,0,50,0,0.3730594599000085,0.48435087199999316,0.6363379083000296,108.66,163.39999999999998,51.94,1871.0849258255726,60085.2510042391,1.0,0.02162878787878788,0.8787878787878788,1.5,83.49999999999997,149.31999999999994,5.190091416669891,132.08587543939797,9.224526037877984,0,0,0,20,3,2,1,0,0,0,,,,,,,,,,,,,,,,,,,,,,,,,,,,,,,,,,,,,,,,,,,,,,,,,,,,,,,,,,,,,,,,,,,,,,,,,,,,,,,,,,,,,,,,,,,,,,,,,,,,,,,,,,,,,,,,,,,,,
runs\logs\crm_results_dir\production_benchmark_summary.csv,runs\logs\crm_results_dir\results\prod_arxiv_s20260607_q50_types_all_sizes20_50_100_neural_no_signature_b20_50_100_200_per_query.csv,arxiv,arxiv,20260607,arxiv,multi_fine,100,hybrid,neural_no_signature,none,50,26,50,0,26,0,0,0,0,50,0,0.32141611383998453,0.29917216050006346,0.9218846155999982,13018.12,79510.0,51.98,1604.1174307082497,4523.1496576246645,1.0,0.02162878787878788,0.8787878787878788,1.5,83.49999999999997,149.31999999999994,5.33205970453113,112.70430216666142,9.044225803029693,0,0,0,20,3,2,1,0,0,0,,,,,,,,,,,,,,,,,,,,,,,,,,,,,,,,,,,,,,,,,,,,,,,,,,,,,,,,,,,,,,,,,,,,,,,,,,,,,,,,,,,,,,,,,,,,,,,,,,,,,,,,,,,,,,,,,,,,,
runs\logs\crm_results_dir\production_benchmark_summary.csv,runs\logs\crm_results_dir\results\prod_arxiv_s20260607_q50_types_all_sizes20_50_100_neural_component_b20_50_100_200_per_query.csv,arxiv,arxiv,20260607,arxiv,multi_fine,20,hybrid,neural_component,type_feat32,50,9,50,0,9,0,0,0,0,50,0,0.7208671026000012,0.7898474584999988,0.8143629905000012,58.92,156.64999999999998,3.62,8515.533714285713,71871.3477230948,1.0,0.012311827956989247,0.7150537634408602,26.5,181.04999999999995,196.55,5.103261548388551,192.92056411827994,0.8609150752687676,0,0,0,3,2,1,3,0,0,0,,,,,,,,,,,,,,,,,,,,,,,,,,,,,,,,,,,,,,,,,,,,,,,,,,,,,,,,,,,,,,,,,,,,,,,,,,,,,,,,,,,,,,,,,,,,,,,,,,,,,,,,,,,,,,,,,,,,,
runs\logs\crm_results_dir\production_benchmark_summary.csv,runs\logs\crm_results_dir\results\prod_arxiv_s20260607_q50_types_all_sizes20_50_100_neural_no_component_b20_50_100_200_per_query.csv,arxiv,arxiv,20260607,arxiv,multi_fine,20,hybrid,neural_no_component,type_feat32,50,50,50,0,50,0,0,0,0,50,0,0.30254385586000054,0.2419036019999936,0.8343800295000139,58.9,156.64999999999998,0.0,8515.533714285713,99905.03146573584,1.0,0.014117647058823532,0.4803921568627451,26.5,181.04999999999995,196.55,4.885490362745004,130.0126527745102,18.293158921568505,0,0,0,22,12,8,8,0,0,0,,,,,,,,,,,,,,,,,,,,,,,,,,,,,,,,,,,,,,,,,,,,,,,,,,,,,,,,,,,,,,,,,,,,,,,,,,,,,,,,,,,,,,,,,,,,,,,,,,,,,,,,,,,,,,,,,,,,,
runs\logs\crm_results_dir\production_benchmark_summary.csv,runs\logs\crm_results_dir\results\prod_arxiv_s20260607_q50_types_all_sizes20_50_100_neural_no_overlap_b20_50_100_200_per_query.csv,arxiv,arxiv,20260607,arxiv,multi_fine,20,hybrid,neural_no_overlap,type_feat32,50,9,50,0,9,0,0,0,0,50,0,0.5071862700200004,0.5522784805000072,0.5723748866000008,34.26,91.55,3.62,10298.720860583946,164260.0173161427,1.0,0.012299465240641712,0.7165775401069518,26.5,181.04999999999995,196.55,4.958860502674019,134.6962970053478,0.9150051390373303,0,0,0,3,1,2,3,0,0,0,,,,,,,,,,,,,,,,,,,,,,,,,,,,,,,,,,,,,,,,,,,,,,,,,,,,,,,,,,,,,,,,,,,,,,,,,,,,,,,,,,,,,,,,,,,,,,,,,,,,,,,,,,,,,,,,,,,,,
runs\logs\crm_results_dir\production_benchmark_summary.csv,runs\logs\crm_results_dir\results\prod_arxiv_s20260607_q50_types_all_sizes20_50_100_neural_no_signature_b20_50_100_200_per_query.csv,arxiv,arxiv,20260607,arxiv,multi_fine,20,hybrid,neural_no_signature,none,50,9,50,0,9,0,0,0,0,50,0,0.4895032403999988,0.5286065970000067,0.8832782538000103,37346.64,122024.35,3.64,7936.577729534233,32733.39742681571,1.0,0.012311827956989247,0.7150537634408602,26.5,181.04999999999995,196.55,5.050667381719758,130.64758990860204,0.9393026720428046,0,0,0,3,2,1,3,0,0,0,,,,,,,,,,,,,,,,,,,,,,,,,,,,,,,,,,,,,,,,,,,,,,,,,,,,,,,,,,,,,,,,,,,,,,,,,,,,,,,,,,,,,,,,,,,,,,,,,,,,,,,,,,,,,,,,,,,,,
runs\logs\crm_results_dir\production_benchmark_summary.csv,runs\logs\crm_results_dir\results\prod_arxiv_s20260607_q50_types_all_sizes20_50_100_neural_component_b20_50_100_200_per_query.csv,arxiv,arxiv,20260607,arxiv,multi_fine,50,hybrid,neural_component,type_feat32,50,16,50,0,16,0,0,0,0,50,0,0.6575169358399984,0.8105521575000125,0.853819580700008,131.98,457.94999999999993,16.08,3378.4594811233524,14016.619351246269,1.0,0.015119760479041915,0.7784431137724551,19.5,161.95,183.51,5.368113485030313,194.16472491616724,2.6966331197604223,0,0,0,8,4,1,3,0,0,0,,,,,,,,,,,,,,,,,,,,,,,,,,,,,,,,,,,,,,,,,,,,,,,,,,,,,,,,,,,,,,,,,,,,,,,,,,,,,,,,,,,,,,,,,,,,,,,,,,,,,,,,,,,,,,,,,,,,,
runs\logs\crm_results_dir\production_benchmark_summary.csv,runs\logs\crm_results_dir\results\prod_arxiv_s20260607_q50_types_all_sizes20_50_100_neural_no_component_b20_50_100_200_per_query.csv,arxiv,arxiv,20260607,arxiv,multi_fine,50,hybrid,neural_no_component,type_feat32,50,50,50,0,50,0,0,0,0,50,0,0.2654185589799982,0.1185682865000075,0.9465918639999797,131.92,457.94999999999993,0.0,3378.4594811233524,15884.908603061025,1.0,0.019593023255813954,0.5697674418604651,19.5,161.95,183.51,4.851661837207644,121.45504565116227,32.85807003488323,0,0,0,27,15,3,5,0,0,0,,,,,,,,,,,,,,,,,,,,,,,,,,,,,,,,,,,,,,,,,,,,,,,,,,,,,,,,,,,,,,,,,,,,,,,,,,,,,,,,,,,,,,,,,,,,,,,,,,,,,,,,,,,,,,,,,,,,,
runs\logs\crm_results_dir\production_benchmark_summary.csv,runs\logs\crm_results_dir\results\prod_arxiv_s20260607_q50_types_all_sizes20_50_100_neural_no_overlap_b20_50_100_200_per_query.csv,arxiv,arxiv,20260607,arxiv,multi_fine,50,hybrid,neural_no_overlap,type_feat32,50,16,50,0,16,0,0,0,0,50,0,0.4669919179799928,0.5792883980000028,0.6053792231000075,81.28,247.2999999999999,16.06,3858.715174603607,90194.2170560514,1.0,0.015089285714285715,0.7797619047619048,19.5,161.95,183.51,5.21559008928495,135.94079673214023,3.0448931428576236,0,0,0,8,3,2,3,0,0,0,,,,,,,,,,,,,,,,,,,,,,,,,,,,,,,,,,,,,,,,,,,,,,,,,,,,,,,,,,,,,,,,,,,,,,,,,,,,,,,,,,,,,,,,,,,,,,,,,,,,,,,,,,,,,,,,,,,,,
runs\logs\crm_results_dir\production_benchmark_summary.csv,runs\logs\crm_results_dir\results\prod_arxiv_s20260607_q50_types_all_sizes20_50_100_neural_no_signature_b20_50_100_200_per_query.csv,arxiv,arxiv,20260607,arxiv,multi_fine,50,hybrid,neural_no_signature,none,50,16,50,0,16,0,0,0,0,50,0,0.4381339605199923,0.2701774065000109,0.9075080118000585,24673.4,82347.44999999998,16.12,3192.7673993634166,9866.707417383483,1.0,0.015119760479041915,0.7784431137724551,19.5,161.95,183.51,5.2116070538958725,128.2611986826329,2.916633808382755,0,0,0,8,4,1,3,0,0,0,,,,,,,,,,,,,,,,,,,,,,,,,,,,,,,,,,,,,,,,,,,,,,,,,,,,,,,,,,,,,,,,,,,,,,,,,,,,,,,,,,,,,,,,,,,,,,,,,,,,,,,,,,,,,,,,,,,,,
runs\logs\crm_results_dir\production_benchmark_summary.csv,runs\logs\crm_results_dir\results\prod_arxiv_s20260607_q50_types_negative_sizes20_50_100_neural_no_exact_label_b20_50_100_200_per_query.csv,arxiv,arxiv,20260607,arxiv,negative_label,100,hybrid,neural_no_exact_label,type_feat32,50,0,0,50,0,0,50,0,0,50,0,1.167648258300011,1.1328854760000269,1.4174809618499893,774.7,1195.6499999999999,0.0,873.7597508713069,24046.648852212147,21.04,0.1155,0.5124959166964083,193.0,199.55,200.0,5.7121422999995275,191.95182985500225,99.96023472000049,0,0,0,0,0,0,0,0,0,0,,,,,,,,,,,,,,,,,,,,,,,,,,,,,,,,,,,,,,,,,,,,,,,,,,,,,,,,,,,,,,,,,,,,,,,,,,,,,,,,,,,,,,,,,,,,,,,,,,,,,,,,,,,,,,,,,,,,,
runs\logs\crm_results_dir\production_benchmark_summary.csv,runs\logs\crm_results_dir\results\prod_arxiv_s20260607_q50_types_negative_sizes20_50_100_neural_no_overlap_b20_50_100_200_per_query.csv,arxiv,arxiv,20260607,arxiv,negative_label,100,hybrid,neural_no_overlap,type_feat32,50,0,0,50,0,0,50,0,0,31,0,0.6179160947600019,0.6145736740000274,0.6385895302499918,632.96,1141.6999999999998,0.0,2970.4748445169416,107973.61004271328,21.04,0.1155,0.5124959166964083,193.0,199.55,200.0,5.1069173599995565,154.47902369000047,0.0,0,0,0,0,0,0,0,0,0,0,,,,,,,,,,,,,,,,,,,,,,,,,,,,,,,,,,,,,,,,,,,,,,,,,,,,,,,,,,,,,,,,,,,,,,,,,,,,,,,,,,,,,,,,,,,,,,,,,,,,,,,,,,,,,,,,,,,,,
runs\logs\crm_results_dir\production_benchmark_summary.csv,runs\logs\crm_results_dir\results\prod_arxiv_s20260607_q50_types_negative_sizes20_50_100_neural_no_exact_label_b20_50_100_200_per_query.csv,arxiv,arxiv,20260607,arxiv,negative_label,20,hybrid,neural_no_exact_label,type_feat32,50,0,0,50,0,0,50,0,0,50,0,0.9084866911800017,0.904133200000004,1.0332629353999916,145.46,351.9999999999999,0.0,7345.63952324785,86767.71486548278,6.92,0.03755,0.47836576413782295,178.0,200.0,200.0,13.685722160000111,197.9613513800003,29.160321415000148,0,0,0,0,0,0,0,0,0,0,,,,,,,,,,,,,,,,,,,,,,,,,,,,,,,,,,,,,,,,,,,,,,,,,,,,,,,,,,,,,,,,,,,,,,,,,,,,,,,,,,,,,,,,,,,,,,,,,,,,,,,,,,,,,,,,,,,,,
runs\logs\crm_results_dir\production_benchmark_summary.csv,runs\logs\crm_results_dir\results\prod_arxiv_s20260607_q50_types_negative_sizes20_50_100_neural_no_overlap_b20_50_100_200_per_query.csv,arxiv,arxiv,20260607,arxiv,negative_label,20,hybrid,neural_no_overlap,type_feat32,50,0,0,50,0,0,50,0,0,48,0,0.5568698356799997,0.5561006104999962,0.5738866444999996,143.04,351.9999999999999,0.0,32583.623251760855,178214.82363113482,6.92,0.03755,0.47836576413782295,178.0,200.0,200.0,11.398708780000177,139.21745891999993,0.0,0,0,0,0,0,0,0,0,0,0,,,,,,,,,,,,,,,,,,,,,,,,,,,,,,,,,,,,,,,,,,,,,,,,,,,,,,,,,,,,,,,,,,,,,,,,,,,,,,,,,,,,,,,,,,,,,,,,,,,,,,,,,,,,,,,,,,,,,
runs\logs\crm_results_dir\production_benchmark_summary.csv,runs\logs\crm_results_dir\results\prod_arxiv_s20260607_q50_types_negative_sizes20_50_100_neural_no_exact_label_b20_50_100_200_per_query.csv,arxiv,arxiv,20260607,arxiv,negative_label,50,hybrid,neural_no_exact_label,type_feat32,50,0,0,50,0,0,50,0,0,50,0,1.0175722734400012,1.0231558935000038,1.1662256129500477,381.32,625.7999999999998,0.0,2384.683525512827,45467.37098267224,14.58,0.079425,0.4987435977824004,191.0,198.0,200.0,5.360842860000616,198.7823521000007,55.61071625999958,0,0,0,0,0,0,0,0,0,0,,,,,,,,,,,,,,,,,,,,,,,,,,,,,,,,,,,,,,,,,,,,,,,,,,,,,,,,,,,,,,,,,,,,,,,,,,,,,,,,,,,,,,,,,,,,,,,,,,,,,,,,,,,,,,,,,,,,,
runs\logs\crm_results_dir\production_benchmark_summary.csv,runs\logs\crm_results_dir\results\prod_arxiv_s20260607_q50_types_negative_sizes20_50_100_neural_no_overlap_b20_50_100_200_per_query.csv,arxiv,arxiv,20260607,arxiv,negative_label,50,hybrid,neural_no_overlap,type_feat32,50,0,0,50,0,0,50,0,0,35,0,0.5823011980199985,0.5821786994999982,0.6016209058999905,325.32,621.2999999999997,0.0,8136.6840395214385,181868.0057744522,14.58,0.079425,0.4987435977824004,191.0,198.0,200.0,5.241136560000257,145.57529950499963,0.0,0,0,0,0,0,0,0,0,0,0,,,,,,,,,,,,,,,,,,,,,,,,,,,,,,,,,,,,,,,,,,,,,,,,,,,,,,,,,,,,,,,,,,,,,,,,,,,,,,,,,,,,,,,,,,,,,,,,,,,,,,,,,,,,,,,,,,,,,
runs\logs\crm_results_dir\production_benchmark_summary.csv,runs\logs\crm_results_dir\results\prod_arxiv_s20260607_q50_types_negative_sizes20_50_100_neural_no_exact_label_b20_50_100_200_per_query.csv,arxiv,arxiv,20260607,arxiv,negative_structure,100,hybrid,neural_no_exact_label,type_feat32,50,0,0,50,0,0,50,0,0,50,0,1.1196765309000103,1.0891044034999595,1.3356056001500207,732.52,1168.7999999999997,0.0,1168.1657204038213,33536.55507018371,20.14,0.10092499999999999,0.46167890285941127,192.5,200.0,200.0,5.171379300002172,189.37271283500053,90.54641989000203,0,0,0,0,0,0,0,0,0,0,,,,,,,,,,,,,,,,,,,,,,,,,,,,,,,,,,,,,,,,,,,,,,,,,,,,,,,,,,,,,,,,,,,,,,,,,,,,,,,,,,,,,,,,,,,,,,,,,,,,,,,,,,,,,,,,,,,,,
runs\logs\crm_results_dir\production_benchmark_summary.csv,runs\logs\crm_results_dir\results\prod_arxiv_s20260607_q50_types_negative_sizes20_50_100_neural_no_overlap_b20_50_100_200_per_query.csv,arxiv,arxiv,20260607,arxiv,negative_structure,100,hybrid,neural_no_overlap,type_feat32,50,0,0,50,0,0,50,0,0,50,0,0.6587670443400038,0.6580815205000334,0.6795939260500191,392.16,727.6999999999999,100.26,3793.141174626044,145467.24189682247,20.14,0.10092499999999999,0.46167890285941127,192.5,200.0,200.0,5.281153480000853,154.19343597500102,10.498325109999909,0,0,0,0,0,0,0,0,0,0,,,,,,,,,,,,,,,,,,,,,,,,,,,,,,,,,,,,,,,,,,,,,,,,,,,,,,,,,,,,,,,,,,,,,,,,,,,,,,,,,,,,,,,,,,,,,,,,,,,,,,,,,,,,,,,,,,,,,
runs\logs\crm_results_dir\production_benchmark_summary.csv,runs\logs\crm_results_dir\results\prod_arxiv_s20260607_q50_types_negative_sizes20_50_100_neural_no_exact_label_b20_50_100_200_per_query.csv,arxiv,arxiv,20260607,arxiv,negative_structure,20,hybrid,neural_no_exact_label,type_feat32,50,0,0,50,0,0,50,0,0,50,0,0.9110686685399998,0.9069402854999851,1.0564502563000286,156.02,436.6999999999995,0.0,10973.130262665138,153370.9826390715,6.02,0.035625,0.46521704684204684,163.0,198.0,199.51,5.600364679999643,198.04980059000007,29.717366544999848,0,0,0,0,0,0,0,0,0,0,,,,,,,,,,,,,,,,,,,,,,,,,,,,,,,,,,,,,,,,,,,,,,,,,,,,,,,,,,,,,,,,,,,,,,,,,,,,,,,,,,,,,,,,,,,,,,,,,,,,,,,,,,,,,,,,,,,,,
runs\logs\crm_results_dir\production_benchmark_summary.csv,runs\logs\crm_results_dir\results\prod_arxiv_s20260607_q50_types_negative_sizes20_50_100_neural_no_overlap_b20_50_100_200_per_query.csv,arxiv,arxiv,20260607,arxiv,negative_structure,20,hybrid,neural_no_overlap,type_feat32,50,0,0,50,0,0,50,0,0,50,0,0.5793890511599987,0.575611693500008,0.6116521467000076,81.92,289.8499999999996,19.74,32195.15427654217,204730.41185476186,6.02,0.035625,0.46521704684204684,163.0,198.0,199.51,5.313097799999298,139.7660716849997,5.081191104999974,0,0,0,0,0,0,0,0,0,0,,,,,,,,,,,,,,,,,,,,,,,,,,,,,,,,,,,,,,,,,,,,,,,,,,,,,,,,,,,,,,,,,,,,,,,,,,,,,,,,,,,,,,,,,,,,,,,,,,,,,,,,,,,,,,,,,,,,,
runs\logs\crm_results_dir\production_benchmark_summary.csv,runs\logs\crm_results_dir\results\prod_arxiv_s20260607_q50_types_negative_sizes20_50_100_neural_no_exact_label_b20_50_100_200_per_query.csv,arxiv,arxiv,20260607,arxiv,negative_structure,50,hybrid,neural_no_exact_label,type_feat32,50,0,0,50,0,0,50,0,0,50,0,1.0004742328999925,0.9918500885000014,1.2206101330500116,419.08,834.1999999999999,0.0,2502.07867464685,44213.70551749782,13.08,0.07705000000000001,0.5111009488736415,186.0,199.1,200.0,5.239436479997153,191.77418992999918,58.34436829499893,0,0,0,0,0,0,0,0,0,0,,,,,,,,,,,,,,,,,,,,,,,,,,,,,,,,,,,,,,,,,,,,,,,,,,,,,,,,,,,,,,,,,,,,,,,,,,,,,,,,,,,,,,,,,,,,,,,,,,,,,,,,,,,,,,,,,,,,,
runs\logs\crm_results_dir\production_benchmark_summary.csv,runs\logs\crm_results_dir\results\prod_arxiv_s20260607_q50_types_negative_sizes20_50_100_neural_no_overlap_b20_50_100_200_per_query.csv,arxiv,arxiv,20260607,arxiv,negative_structure,50,hybrid,neural_no_overlap,type_feat32,50,0,0,50,0,0,50,0,0,50,0,0.6208098943000016,0.6167181929999899,0.6476820692500169,238.72,501.34999999999985,50.14,7811.550580162606,133667.303788008,13.08,0.07705000000000001,0.5111009488736415,186.0,199.1,200.0,5.365112120000504,147.7419724950001,7.460501080000269,0,0,0,0,0,0,0,0,0,0,,,,,,,,,,,,,,,,,,,,,,,,,,,,,,,,,,,,,,,,,,,,,,,,,,,,,,,,,,,,,,,,,,,,,,,,,,,,,,,,,,,,,,,,,,,,,,,,,,,,,,,,,,,,,,,,,,,,,
runs\logs\crm_results_dir\production_benchmark_summary.csv,runs\logs\crm_results_dir\results\prod_arxiv_s20260607_q50_types_all_sizes20_50_100_neural_component_b20_50_100_200_per_query.csv,arxiv,arxiv,20260607,arxiv,random_walk,100,hybrid,neural_component,type_feat32,50,50,50,0,50,0,0,0,0,50,0,0.8319509074600103,0.885191636500025,0.922226943499973,591.92,1037.6999999999998,100.4,1687.2907240426475,5986.532312865842,29.4,0.18526041666666668,0.5206871374218698,199.0,200.0,200.0,5.327896151036941,205.7474523020867,10.906429848957622,0,0,0,0,0,8,42,0,0,0,,,,,,,,,,,,,,,,,,,,,,,,,,,,,,,,,,,,,,,,,,,,,,,,,,,,,,,,,,,,,,,,,,,,,,,,,,,,,,,,,,,,,,,,,,,,,,,,,,,,,,,,,,,,,,,,,,,,,
runs\logs\crm_results_dir\production_benchmark_summary.csv,runs\logs\crm_results_dir\results\prod_arxiv_s20260607_q50_types_all_sizes20_50_100_neural_no_component_b20_50_100_200_per_query.csv,arxiv,arxiv,20260607,arxiv,random_walk,100,hybrid,neural_no_component,type_feat32,50,50,50,0,50,0,0,0,0,50,0,1.0469322723199992,1.0817706959999782,1.3193988564000108,591.92,1037.6999999999998,0.0,1687.2907240426475,5986.532312865842,29.4,0.18526041666666668,0.5206871374218698,199.0,200.0,200.0,5.354551203128111,200.45408888020748,72.18452370312563,0,0,0,0,0,8,42,0,0,0,,,,,,,,,,,,,,,,,,,,,,,,,,,,,,,,,,,,,,,,,,,,,,,,,,,,,,,,,,,,,,,,,,,,,,,,,,,,,,,,,,,,,,,,,,,,,,,,,,,,,,,,,,,,,,,,,,,,,
runs\logs\crm_results_dir\production_benchmark_summary.csv,runs\logs\crm_results_dir\results\prod_arxiv_s20260607_q50_types_all_sizes20_50_100_neural_no_overlap_b20_50_100_200_per_query.csv,arxiv,arxiv,20260607,arxiv,random_walk,100,hybrid,neural_no_overlap,type_feat32,50,50,50,0,50,0,0,0,0,50,0,0.6729519552199941,0.6697817800000507,0.7015291898499726,424.2,715.3499999999999,100.44,2143.411519346264,42145.46105815516,29.4,0.18445,0.539859651924995,199.0,200.0,200.0,5.356281500000932,156.67266086500035,11.565327939998156,0,0,0,0,0,0,50,0,0,0,,,,,,,,,,,,,,,,,,,,,,,,,,,,,,,,,,,,,,,,,,,,,,,,,,,,,,,,,,,,,,,,,,,,,,,,,,,,,,,,,,,,,,,,,,,,,,,,,,,,,,,,,,,,,,,,,,,,,
runs\logs\crm_results_dir\production_benchmark_summary.csv,runs\logs\crm_results_dir\results\prod_arxiv_s20260607_q50_types_all_sizes20_50_100_neural_no_signature_b20_50_100_200_per_query.csv,arxiv,arxiv,20260607,arxiv,random_walk,100,hybrid,neural_no_signature,none,50,50,50,0,50,0,0,0,0,50,0,0.8078592027999821,0.8465994105001755,0.9846162374998699,80516.8,121167.0,101.84,1557.4731055373436,3796.7749727922333,29.4,0.18526041666666668,0.5206871374218698,199.0,200.0,200.0,5.404373156281395,198.37742533853725,12.00257539062477,0,0,0,0,0,8,42,0,0,0,,,,,,,,,,,,,,,,,,,,,,,,,,,,,,,,,,,,,,,,,,,,,,,,,,,,,,,,,,,,,,,,,,,,,,,,,,,,,,,,,,,,,,,,,,,,,,,,,,,,,,,,,,,,,,,,,,,,,
runs\logs\crm_results_dir\production_benchmark_summary.csv,runs\logs\crm_results_dir\results\prod_arxiv_s20260607_q50_types_all_sizes20_50_100_neural_component_b20_50_100_200_per_query.csv,arxiv,arxiv,20260607,arxiv,random_walk,20,hybrid,neural_component,type_feat32,50,50,50,0,50,0,0,0,0,50,0,0.5936972144999987,0.6314834755000049,0.838630127949996,108.5,221.74999999999994,20.1,9111.594194444444,72031.53577057802,7.76,0.049662576687116565,0.4345232136643179,196.5,200.0,200.0,5.177741184048881,177.14685150306747,4.9688584662572985,0,0,0,2,8,15,25,0,0,0,,,,,,,,,,,,,,,,,,,,,,,,,,,,,,,,,,,,,,,,,,,,,,,,,,,,,,,,,,,,,,,,,,,,,,,,,,,,,,,,,,,,,,,,,,,,,,,,,,,,,,,,,,,,,,,,,,,,,
runs\logs\crm_results_dir\production_benchmark_summary.csv,runs\logs\crm_results_dir\results\prod_arxiv_s20260607_q50_types_all_sizes20_50_100_neural_no_component_b20_50_100_200_per_query.csv,arxiv,arxiv,20260607,arxiv,random_walk,20,hybrid,neural_no_component,type_feat32,50,50,50,0,50,0,0,0,0,50,0,0.6238826797400006,0.6974548490000245,0.8859802350999431,108.5,221.74999999999994,0.0,9111.594194444444,72031.53577057802,7.76,0.049662576687116565,0.4345232136643179,196.5,200.0,200.0,5.097322975459474,170.03927986503106,21.33577526993846,0,0,0,2,8,15,25,0,0,0,,,,,,,,,,,,,,,,,,,,,,,,,,,,,,,,,,,,,,,,,,,,,,,,,,,,,,,,,,,,,,,,,,,,,,,,,,,,,,,,,,,,,,,,,,,,,,,,,,,,,,,,,,,,,,,,,,,,,
runs\logs\crm_results_dir\production_benchmark_summary.csv,runs\logs\crm_results_dir\results\prod_arxiv_s20260607_q50_types_all_sizes20_50_100_neural_no_overlap_b20_50_100_200_per_query.csv,arxiv,arxiv,20260607,arxiv,random_walk,20,hybrid,neural_no_overlap,type_feat32,50,50,50,0,50,0,0,0,0,50,0,0.5525460150799989,0.5850840224999985,0.6477658477500186,84.86,148.75,20.1,14435.977830904561,221766.67858087085,7.76,0.0491578947368421,0.5011690794585532,196.5,200.0,200.0,5.491342836843896,139.88628681052634,5.520559263157572,0,0,0,1,2,3,44,0,0,0,,,,,,,,,,,,,,,,,,,,,,,,,,,,,,,,,,,,,,,,,,,,,,,,,,,,,,,,,,,,,,,,,,,,,,,,,,,,,,,,,,,,,,,,,,,,,,,,,,,,,,,,,,,,,,,,,,,,,
runs\logs\crm_results_dir\production_benchmark_summary.csv,runs\logs\crm_results_dir\results\prod_arxiv_s20260607_q50_types_all_sizes20_50_100_neural_no_signature_b20_50_100_200_per_query.csv,arxiv,arxiv,20260607,arxiv,random_walk,20,hybrid,neural_no_signature,none,50,50,50,0,50,0,0,0,0,50,0,0.6873696936200065,0.7435321065000551,0.8720314270000074,65472.88,121849.25,20.26,7811.043677884362,30490.82185276763,7.76,0.049662576687116565,0.4345232136643179,196.5,200.0,200.0,5.303538711657048,204.74146799386693,6.108131276073715,0,0,0,2,8,15,25,0,0,0,,,,,,,,,,,,,,,,,,,,,,,,,,,,,,,,,,,,,,,,,,,,,,,,,,,,,,,,,,,,,,,,,,,,,,,,,,,,,,,,,,,,,,,,,,,,,,,,,,,,,,,,,,,,,,,,,,,,,
runs\logs\crm_results_dir\production_benchmark_summary.csv,runs\logs\crm_results_dir\results\prod_arxiv_s20260607_q50_types_all_sizes20_50_100_neural_component_b20_50_100_200_per_query.csv,arxiv,arxiv,20260607,arxiv,random_walk,50,hybrid,neural_component,type_feat32,50,50,50,0,50,0,0,0,0,50,0,0.7489523124400148,0.8320198805000132,0.8856767924500359,300.98,535.1999999999998,50.34,3362.8046756909775,15321.138667119103,17.68,0.10596774193548388,0.4780542484139891,198.5,200.0,200.0,5.291407037636799,194.31176726882023,7.019499516129954,0,0,0,0,1,12,37,0,0,0,,,,,,,,,,,,,,,,,,,,,,,,,,,,,,,,,,,,,,,,,,,,,,,,,,,,,,,,,,,,,,,,,,,,,,,,,,,,,,,,,,,,,,,,,,,,,,,,,,,,,,,,,,,,,,,,,,,,,
runs\logs\crm_results_dir\production_benchmark_summary.csv,runs\logs\crm_results_dir\results\prod_arxiv_s20260607_q50_types_all_sizes20_50_100_neural_no_component_b20_50_100_200_per_query.csv,arxiv,arxiv,20260607,arxiv,random_walk,50,hybrid,neural_no_component,type_feat32,50,50,50,0,50,0,0,0,0,50,0,0.8604593788800082,0.942252633999999,1.0660240558000396,300.98,535.1999999999998,0.0,3362.8046756909775,15321.138667119103,17.68,0.10596774193548388,0.4780542484139891,198.5,200.0,200.0,5.181581252687558,190.21277118817164,41.093513456991836,0,0,0,0,1,12,37,0,0,0,,,,,,,,,,,,,,,,,,,,,,,,,,,,,,,,,,,,,,,,,,,,,,,,,,,,,,,,,,,,,,,,,,,,,,,,,,,,,,,,,,,,,,,,,,,,,,,,,,,,,,,,,,,,,,,,,,,,,
runs\logs\crm_results_dir\production_benchmark_summary.csv,runs\logs\crm_results_dir\results\prod_arxiv_s20260607_q50_types_all_sizes20_50_100_neural_no_overlap_b20_50_100_200_per_query.csv,arxiv,arxiv,20260607,arxiv,random_walk,50,hybrid,neural_no_overlap,type_feat32,50,50,50,0,50,0,0,0,0,50,0,0.6080214206599931,0.6105777979999516,0.6306440050500015,213.96,365.04999999999995,50.34,4585.365305574337,96300.85033771211,17.68,0.10452261306532663,0.5115230663567938,198.5,200.0,200.0,5.274021251255845,145.56541408040002,7.203787090452523,0,0,0,0,0,1,49,0,0,0,,,,,,,,,,,,,,,,,,,,,,,,,,,,,,,,,,,,,,,,,,,,,,,,,,,,,,,,,,,,,,,,,,,,,,,,,,,,,,,,,,,,,,,,,,,,,,,,,,,,,,,,,,,,,,,,,,,,,
runs\logs\crm_results_dir\production_benchmark_summary.csv,runs\logs\crm_results_dir\results\prod_arxiv_s20260607_q50_types_all_sizes20_50_100_neural_no_signature_b20_50_100_200_per_query.csv,arxiv,arxiv,20260607,arxiv,random_walk,50,hybrid,neural_no_signature,none,50,50,50,0,50,0,0,0,0,50,0,0.7727177180799981,0.8060475330000259,0.911081535299894,78303.1,121691.05,50.86,3126.9855855278506,9598.431750119582,17.68,0.10596774193548388,0.4780542484139891,198.5,200.0,200.0,5.355209747313717,199.83120847849665,7.888608209674858,0,0,0,0,1,12,37,0,0,0,,,,,,,,,,,,,,,,,,,,,,,,,,,,,,,,,,,,,,,,,,,,,,,,,,,,,,,,,,,,,,,,,,,,,,,,,,,,,,,,,,,,,,,,,,,,,,,,,,,,,,,,,,,,,,,,,,,,,
runs\logs\crm_results_dir\production_benchmark_summary.csv,runs\logs\crm_results_dir\results\prod_arxiv_s20260607_q50_types_all_sizes20_50_100_neural_component_b20_50_100_200_per_query.csv,arxiv,arxiv,20260607,arxiv,single,100,hybrid,neural_component,type_feat32,50,50,50,0,50,0,0,0,0,50,0,0.2822084840200057,0.1495853010000303,0.5607138151499867,265.96,761.2499999999999,100.16,1687.4332712746889,4965.871595892901,1.0,0.020232558139534885,0.5697674418604651,11.0,146.75,170.64999999999998,5.352775325583702,139.1449176162833,24.929782395347925,0,0,0,30,6,12,2,0,0,0,,,,,,,,,,,,,,,,,,,,,,,,,,,,,,,,,,,,,,,,,,,,,,,,,,,,,,,,,,,,,,,,,,,,,,,,,,,,,,,,,,,,,,,,,,,,,,,,,,,,,,,,,,,,,,,,,,,,,
runs\logs\crm_results_dir\production_benchmark_summary.csv,runs\logs\crm_results_dir\results\prod_arxiv_s20260607_q50_types_all_sizes20_50_100_neural_no_component_b20_50_100_200_per_query.csv,arxiv,arxiv,20260607,arxiv,single,100,hybrid,neural_no_component,type_feat32,50,50,50,0,50,0,0,0,0,50,0,0.3347820174000083,0.14555292150004107,0.8011425807000248,265.96,761.2499999999999,0.0,1687.4332712746889,4965.871595892901,1.0,0.020232558139534885,0.5697674418604651,11.0,146.75,170.64999999999998,5.168226779068428,135.59938908139995,59.04131870930254,0,0,0,30,6,12,2,0,0,0,,,,,,,,,,,,,,,,,,,,,,,,,,,,,,,,,,,,,,,,,,,,,,,,,,,,,,,,,,,,,,,,,,,,,,,,,,,,,,,,,,,,,,,,,,,,,,,,,,,,,,,,,,,,,,,,,,,,,
runs\logs\crm_results_dir\production_benchmark_summary.csv,runs\logs\crm_results_dir\results\prod_arxiv_s20260607_q50_types_all_sizes20_50_100_neural_no_overlap_b20_50_100_200_per_query.csv,arxiv,arxiv,20260607,arxiv,single,100,hybrid,neural_no_overlap,type_feat32,50,50,50,0,50,0,0,0,0,50,0,0.2020512464599892,0.10448567599999592,0.5347979703000155,163.36,417.3999999999998,100.12,1970.8876809756562,109500.80870667688,1.0,0.020057471264367816,0.5747126436781609,11.0,146.75,170.64999999999998,5.270653977009224,88.72782187356002,27.393584137928038,0,0,0,30,6,11,3,0,0,0,,,,,,,,,,,,,,,,,,,,,,,,,,,,,,,,,,,,,,,,,,,,,,,,,,,,,,,,,,,,,,,,,,,,,,,,,,,,,,,,,,,,,,,,,,,,,,,,,,,,,,,,,,,,,,,,,,,,,
runs\logs\crm_results_dir\production_benchmark_summary.csv,runs\logs\crm_results_dir\results\prod_arxiv_s20260607_q50_types_all_sizes20_50_100_neural_no_signature_b20_50_100_200_per_query.csv,arxiv,arxiv,20260607,arxiv,single,100,hybrid,neural_no_signature,none,50,50,50,0,50,0,0,0,0,50,0,0.3504718129600019,0.09832948700000088,1.0280376215000273,24723.34,84792.54999999999,100.26,1606.259173628466,2657.7282136994404,1.0,0.020232558139534885,0.5697674418604651,11.0,146.75,170.64999999999998,5.973500081396185,175.11020230232705,28.652479651162423,0,0,0,30,6,12,2,0,0,0,,,,,,,,,,,,,,,,,,,,,,,,,,,,,,,,,,,,,,,,,,,,,,,,,,,,,,,,,,,,,,,,,,,,,,,,,,,,,,,,,,,,,,,,,,,,,,,,,,,,,,,,,,,,,,,,,,,,,
runs\logs\crm_results_dir\production_benchmark_summary.csv,runs\logs\crm_results_dir\results\prod_arxiv_s20260607_q50_types_all_sizes20_50_100_neural_component_b20_50_100_200_per_query.csv,arxiv,arxiv,20260607,arxiv,single,20,hybrid,neural_component,type_feat32,50,50,50,0,50,0,0,0,0,50,0,0.2782146408600005,0.15324942799999874,0.8390624848999984,58.42,205.1,19.9,9471.221536845507,94824.6641359506,1.0,0.016145833333333335,0.5,19.5,178.64999999999998,193.53,8.656944031249763,135.56425052083327,9.339208260416973,0,0,0,25,10,9,6,0,0,0,,,,,,,,,,,,,,,,,,,,,,,,,,,,,,,,,,,,,,,,,,,,,,,,,,,,,,,,,,,,,,,,,,,,,,,,,,,,,,,,,,,,,,,,,,,,,,,,,,,,,,,,,,,,,,,,,,,,,
runs\logs\crm_results_dir\production_benchmark_summary.csv,runs\logs\crm_results_dir\results\prod_arxiv_s20260607_q50_types_all_sizes20_50_100_neural_no_component_b20_50_100_200_per_query.csv,arxiv,arxiv,20260607,arxiv,single,20,hybrid,neural_no_component,type_feat32,50,50,50,0,50,0,0,0,0,50,0,0.28583264713999995,0.1744577804999956,0.8609952470500062,58.42,205.1,0.0,9471.221536845507,94824.6641359506,1.0,0.016145833333333335,0.5,19.5,178.64999999999998,193.53,8.059706083334728,129.4134504166667,19.457719968749934,0,0,0,25,10,9,6,0,0,0,,,,,,,,,,,,,,,,,,,,,,,,,,,,,,,,,,,,,,,,,,,,,,,,,,,,,,,,,,,,,,,,,,,,,,,,,,,,,,,,,,,,,,,,,,,,,,,,,,,,,,,,,,,,,,,,,,,,,
runs\logs\crm_results_dir\production_benchmark_summary.csv,runs\logs\crm_results_dir\results\prod_arxiv_s20260607_q50_types_all_sizes20_50_100_neural_no_overlap_b20_50_100_200_per_query.csv,arxiv,arxiv,20260607,arxiv,single,20,hybrid,neural_no_overlap,type_feat32,50,50,50,0,50,0,0,0,0,50,0,0.19448340316000012,0.12880876100000194,0.58553032914999,36.84,113.04999999999986,19.9,13840.43026984127,166743.10622027644,1.0,0.015918367346938776,0.5102040816326531,19.5,178.64999999999998,193.53,5.28664930612282,86.06665074489726,13.159575357143618,0,0,0,25,10,7,8,0,0,0,,,,,,,,,,,,,,,,,,,,,,,,,,,,,,,,,,,,,,,,,,,,,,,,,,,,,,,,,,,,,,,,,,,,,,,,,,,,,,,,,,,,,,,,,,,,,,,,,,,,,,,,,,,,,,,,,,,,,
runs\logs\crm_results_dir\production_benchmark_summary.csv,runs\logs\crm_results_dir\results\prod_arxiv_s20260607_q50_types_all_sizes20_50_100_neural_no_signature_b20_50_100_200_per_query.csv,arxiv,arxiv,20260607,arxiv,single,20,hybrid,neural_no_signature,none,50,50,50,0,50,0,0,0,0,50,0,0.32376368545999923,0.09931739700000008,0.8782656402000051,31131.58,101824.6499999999,19.94,8052.55766563147,23096.914859026252,1.0,0.016145833333333335,0.5,19.5,178.64999999999998,193.53,5.311703270833264,157.11254212499912,11.514377385417163,0,0,0,25,10,9,6,0,0,0,,,,,,,,,,,,,,,,,,,,,,,,,,,,,,,,,,,,,,,,,,,,,,,,,,,,,,,,,,,,,,,,,,,,,,,,,,,,,,,,,,,,,,,,,,,,,,,,,,,,,,,,,,,,,,,,,,,,,
runs\logs\crm_results_dir\production_benchmark_summary.csv,runs\logs\crm_results_dir\results\prod_arxiv_s20260607_q50_types_all_sizes20_50_100_neural_component_b20_50_100_200_per_query.csv,arxiv,arxiv,20260607,arxiv,single,50,hybrid,neural_component,type_feat32,50,50,50,0,50,0,0,0,0,50,0,0.35614498122000215,0.2419393355000068,0.8775551837500004,116.08,281.95,50.14,3498.884317902885,44967.126855604656,1.0,0.01419047619047619,0.47619047619047616,25.0,171.84999999999997,193.54999999999998,5.308386485712022,156.81979333333408,12.773054866666945,0,0,0,24,9,5,12,0,0,0,,,,,,,,,,,,,,,,,,,,,,,,,,,,,,,,,,,,,,,,,,,,,,,,,,,,,,,,,,,,,,,,,,,,,,,,,,,,,,,,,,,,,,,,,,,,,,,,,,,,,,,,,,,,,,,,,,,,,
runs\logs\crm_results_dir\production_benchmark_summary.csv,runs\logs\crm_results_dir\results\prod_arxiv_s20260607_q50_types_all_sizes20_50_100_neural_no_component_b20_50_100_200_per_query.csv,arxiv,arxiv,20260607,arxiv,single,50,hybrid,neural_no_component,type_feat32,50,50,50,0,50,0,0,0,0,50,0,0.3664536440000052,0.2559076134999998,0.9134960592000283,116.08,281.95,0.0,3498.884317902885,44967.126855604656,1.0,0.01419047619047619,0.47619047619047616,25.0,171.84999999999997,193.54999999999998,4.968956609521802,146.26102987619095,28.24070536190675,0,0,0,24,9,5,12,0,0,0,,,,,,,,,,,,,,,,,,,,,,,,,,,,,,,,,,,,,,,,,,,,,,,,,,,,,,,,,,,,,,,,,,,,,,,,,,,,,,,,,,,,,,,,,,,,,,,,,,,,,,,,,,,,,,,,,,,,,
runs\logs\crm_results_dir\production_benchmark_summary.csv,runs\logs\crm_results_dir\results\prod_arxiv_s20260607_q50_types_all_sizes20_50_100_neural_no_overlap_b20_50_100_200_per_query.csv,arxiv,arxiv,20260607,arxiv,single,50,hybrid,neural_no_overlap,type_feat32,50,50,50,0,50,0,0,0,0,50,0,0.24147720398000103,0.15121313550002924,0.6173545603500046,69.18,159.19999999999993,50.14,5856.763671010156,230158.68511680083,1.0,0.01419047619047619,0.47619047619047616,25.0,171.84999999999997,193.54999999999998,5.277546285716588,100.44514300952464,14.544001742856814,0,0,0,24,9,5,12,0,0,0,,,,,,,,,,,,,,,,,,,,,,,,,,,,,,,,,,,,,,,,,,,,,,,,,,,,,,,,,,,,,,,,,,,,,,,,,,,,,,,,,,,,,,,,,,,,,,,,,,,,,,,,,,,,,,,,,,,,,
runs\logs\crm_results_dir\production_benchmark_summary.csv,runs\logs\crm_results_dir\results\prod_arxiv_s20260607_q50_types_all_sizes20_50_100_neural_no_signature_b20_50_100_200_per_query.csv,arxiv,arxiv,20260607,arxiv,single,50,hybrid,neural_no_signature,none,50,50,50,0,50,0,0,0,0,50,0,0.355327063540002,0.15695928399998138,0.8692664246999925,41129.96,118679.75,50.18,3123.9450707380483,6797.564342431782,1.0,0.01419047619047619,0.47619047619047616,25.0,171.84999999999997,193.54999999999998,5.184312485716548,155.72657075238112,13.476792838096008,0,0,0,24,9,5,12,0,0,0,,,,,,,,,,,,,,,,,,,,,,,,,,,,,,,,,,,,,,,,,,,,,,,,,,,,,,,,,,,,,,,,,,,,,,,,,,,,,,,,,,,,,,,,,,,,,,,,,,,,,,,,,,,,,,,,,,,,,
runs\logs\crm_results_dir\production_benchmark_summary.csv,runs\logs\crm_results_dir\results\prod_arxiv_s20260608_q50_types_all_sizes20_50_100_neural_component_b20_50_100_200_per_query.csv,arxiv,arxiv,20260608,arxiv,degree_k_hop,100,hybrid,neural_component,type_feat32,50,50,50,0,50,0,0,0,0,50,0,0.6387300732400013,0.5007344044999513,1.4742504626999446,341.12,876.9999999999999,100.16,1688.1230949106225,7092.087180189271,22.16,0.23843750000000002,0.47331380842028065,190.0,200.0,200.0,6.549484116069339,258.05724219643116,27.090111928569424,0,0,0,16,13,14,7,0,0,0,,,,,,,,,,,,,,,,,,,,,,,,,,,,,,,,,,,,,,,,,,,,,,,,,,,,,,,,,,,,,,,,,,,,,,,,,,,,,,,,,,,,,,,,,,,,,,,,,,,,,,,,,,,,,,,,,,,,,
runs\logs\crm_results_dir\production_benchmark_summary.csv,runs\logs\crm_results_dir\results\prod_arxiv_s20260608_q50_types_all_sizes20_50_100_neural_no_component_b20_50_100_200_per_query.csv,arxiv,arxiv,20260608,arxiv,degree_k_hop,100,hybrid,neural_no_component,type_feat32,50,50,50,0,50,0,0,0,0,50,0,1.5500254041200379,1.6547199075000663,2.086709259649865,505.28,975.2499999999995,0.0,2073.0202938589005,36141.63643299159,22.16,0.13632022471910113,0.4458186767097145,194.0,199.0,199.51,6.51616170222716,340.9550208033709,94.44537361237002,0,0,0,1,1,17,31,0,0,0,,,,,,,,,,,,,,,,,,,,,,,,,,,,,,,,,,,,,,,,,,,,,,,,,,,,,,,,,,,,,,,,,,,,,,,,,,,,,,,,,,,,,,,,,,,,,,,,,,,,,,,,,,,,,,,,,,,,,
runs\logs\crm_results_dir\production_benchmark_summary.csv,runs\logs\crm_results_dir\results\prod_arxiv_s20260608_q50_types_all_sizes20_50_100_neural_no_overlap_b20_50_100_200_per_query.csv,arxiv,arxiv,20260608,arxiv,degree_k_hop,100,hybrid,neural_no_overlap,type_feat32,50,50,50,0,50,0,0,0,0,50,0,1.1068618109199952,1.1071829439999306,1.1183005209999806,415.6,754.3499999999999,100.16,3555.924034550151,129519.84437813918,22.16,0.13785,0.5013524268454504,194.0,199.0,199.51,6.446225359993605,261.7150099449998,15.000442784998995,0,0,0,0,0,0,50,0,0,0,,,,,,,,,,,,,,,,,,,,,,,,,,,,,,,,,,,,,,,,,,,,,,,,,,,,,,,,,,,,,,,,,,,,,,,,,,,,,,,,,,,,,,,,,,,,,,,,,,,,,,,,,,,,,,,,,,,,,
runs\logs\crm_results_dir\production_benchmark_summary.csv,runs\logs\crm_results_dir\results\prod_arxiv_s20260608_q50_types_all_sizes20_50_100_neural_no_signature_b20_50_100_200_per_query.csv,arxiv,arxiv,20260608,arxiv,degree_k_hop,100,hybrid,neural_no_signature,none,50,50,50,0,50,0,0,0,0,50,0,0.4755861702199809,0.29734701149982357,1.070874779399901,27110.76,81346.69999999998,100.76,1617.2337040400346,3754.481065947805,22.16,0.23843750000000002,0.47331380842028065,190.0,200.0,200.0,5.427027294643949,190.27861208928496,22.036642473206516,0,0,0,16,13,14,7,0,0,0,,,,,,,,,,,,,,,,,,,,,,,,,,,,,,,,,,,,,,,,,,,,,,,,,,,,,,,,,,,,,,,,,,,,,,,,,,,,,,,,,,,,,,,,,,,,,,,,,,,,,,,,,,,,,,,,,,,,,
runs\logs\crm_results_dir\production_benchmark_summary.csv,runs\logs\crm_results_dir\results\prod_arxiv_s20260608_q50_types_all_sizes20_50_100_neural_component_b20_50_100_200_per_query.csv,arxiv,arxiv,20260608,arxiv,degree_k_hop,20,hybrid,neural_component,type_feat32,50,50,50,0,50,0,0,0,0,50,0,0.5617191420799906,0.4182511955000052,1.3801999852500018,51.36,165.5999999999999,20.3,8872.637547113018,59007.205861004426,5.84,0.0635,0.4702405170586989,161.5,199.0,199.0,6.929061809096414,244.4784661363604,10.848416627271718,0,0,0,19,11,11,9,0,0,0,,,,,,,,,,,,,,,,,,,,,,,,,,,,,,,,,,,,,,,,,,,,,,,,,,,,,,,,,,,,,,,,,,,,,,,,,,,,,,,,,,,,,,,,,,,,,,,,,,,,,,,,,,,,,,,,,,,,,
runs\logs\crm_results_dir\production_benchmark_summary.csv,runs\logs\crm_results_dir\results\prod_arxiv_s20260608_q50_types_all_sizes20_50_100_neural_no_component_b20_50_100_200_per_query.csv,arxiv,arxiv,20260608,arxiv,degree_k_hop,20,hybrid,neural_no_component,type_feat32,50,50,50,0,50,0,0,0,0,50,0,1.1018880882799977,1.3943801970000038,1.5864740576500083,59.08,162.29999999999993,0.0,17712.08571520808,230270.1060103866,5.84,0.02625,0.34158304432694675,176.0,197.55,199.0,6.739662664636526,314.6983299146335,21.24316041463407,0,0,0,4,6,12,28,0,0,0,,,,,,,,,,,,,,,,,,,,,,,,,,,,,,,,,,,,,,,,,,,,,,,,,,,,,,,,,,,,,,,,,,,,,,,,,,,,,,,,,,,,,,,,,,,,,,,,,,,,,,,,,,,,,,,,,,,,,
runs\logs\crm_results_dir\production_benchmark_summary.csv,runs\logs\crm_results_dir\results\prod_arxiv_s20260608_q50_types_all_sizes20_50_100_neural_no_overlap_b20_50_100_200_per_query.csv,arxiv,arxiv,20260608,arxiv,degree_k_hop,20,hybrid,neural_no_overlap,type_feat32,50,50,50,0,50,0,0,0,0,50,0,0.9392039914800057,0.9791828624999539,0.9908169624999772,62.86,167.0,20.32,38329.09332728772,223917.14500496112,5.84,0.031556122448979596,0.4283766828409685,176.0,197.55,199.0,6.350726515302549,234.14291809183715,5.449936877552056,0,0,0,0,0,4,46,0,0,0,,,,,,,,,,,,,,,,,,,,,,,,,,,,,,,,,,,,,,,,,,,,,,,,,,,,,,,,,,,,,,,,,,,,,,,,,,,,,,,,,,,,,,,,,,,,,,,,,,,,,,,,,,,,,,,,,,,,,
runs\logs\crm_results_dir\production_benchmark_summary.csv,runs\logs\crm_results_dir\results\prod_arxiv_s20260608_q50_types_all_sizes20_50_100_neural_no_signature_b20_50_100_200_per_query.csv,arxiv,arxiv,20260608,arxiv,degree_k_hop,20,hybrid,neural_no_signature,none,50,50,50,0,50,0,0,0,0,50,0,0.4299787189399922,0.45669877749986654,0.8883926307000592,40962.38,122409.85,20.3,7950.163913337065,21329.29921185863,5.84,0.0635,0.4702405170586989,161.5,199.0,199.0,5.1354468181877815,186.35740126363459,9.087470981816379,0,0,0,19,11,11,9,0,0,0,,,,,,,,,,,,,,,,,,,,,,,,,,,,,,,,,,,,,,,,,,,,,,,,,,,,,,,,,,,,,,,,,,,,,,,,,,,,,,,,,,,,,,,,,,,,,,,,,,,,,,,,,,,,,,,,,,,,,
runs\logs\crm_results_dir\production_benchmark_summary.csv,runs\logs\crm_results_dir\results\prod_arxiv_s20260608_q50_types_all_sizes20_50_100_neural_component_b20_50_100_200_per_query.csv,arxiv,arxiv,20260608,arxiv,degree_k_hop,50,hybrid,neural_component,type_feat32,50,50,50,0,50,0,0,0,0,50,0,0.6924735915199836,0.7831952154999726,1.4019408055999747,210.62,506.34999999999997,50.14,3376.285640723982,13906.752159617172,14.68,0.15403999999999998,0.5236612370322627,192.0,200.0,200.0,6.682393048004997,262.56706177599244,14.422374832000969,0,0,0,13,10,16,11,0,0,0,,,,,,,,,,,,,,,,,,,,,,,,,,,,,,,,,,,,,,,,,,,,,,,,,,,,,,,,,,,,,,,,,,,,,,,,,,,,,,,,,,,,,,,,,,,,,,,,,,,,,,,,,,,,,,,,,,,,,
runs\logs\crm_results_dir\production_benchmark_summary.csv,runs\logs\crm_results_dir\results\prod_arxiv_s20260608_q50_types_all_sizes20_50_100_neural_no_component_b20_50_100_200_per_query.csv,arxiv,arxiv,20260608,arxiv,degree_k_hop,50,hybrid,neural_no_component,type_feat32,50,50,50,0,50,0,0,0,0,50,0,1.228495347379992,1.4817363784999884,1.8005518229000528,232.72,590.55,0.0,4889.6374499056565,83999.3696330615,14.68,0.08319277108433736,0.39906645340616553,192.5,199.0,199.51,6.700629078311358,320.2222045421715,49.80651454818749,0,0,0,1,10,11,28,0,0,0,,,,,,,,,,,,,,,,,,,,,,,,,,,,,,,,,,,,,,,,,,,,,,,,,,,,,,,,,,,,,,,,,,,,,,,,,,,,,,,,,,,,,,,,,,,,,,,,,,,,,,,,,,,,,,,,,,,,,
runs\logs\crm_results_dir\production_benchmark_summary.csv,runs\logs\crm_results_dir\results\prod_arxiv_s20260608_q50_types_all_sizes20_50_100_neural_no_overlap_b20_50_100_200_per_query.csv,arxiv,arxiv,20260608,arxiv,degree_k_hop,50,hybrid,neural_no_overlap,type_feat32,50,50,50,0,50,0,0,0,0,50,0,1.0353735124000172,1.0457091965000131,1.0563010149500713,211.84,441.15,50.14,9629.004913483574,150046.585875697,14.68,0.08517587939698493,0.4721685398947357,192.5,199.0,199.51,6.618333462315901,250.9054914773912,9.238607115577938,0,0,0,0,0,1,49,0,0,0,,,,,,,,,,,,,,,,,,,,,,,,,,,,,,,,,,,,,,,,,,,,,,,,,,,,,,,,,,,,,,,,,,,,,,,,,,,,,,,,,,,,,,,,,,,,,,,,,,,,,,,,,,,,,,,,,,,,,
runs\logs\crm_results_dir\production_benchmark_summary.csv,runs\logs\crm_results_dir\results\prod_arxiv_s20260608_q50_types_all_sizes20_50_100_neural_no_signature_b20_50_100_200_per_query.csv,arxiv,arxiv,20260608,arxiv,degree_k_hop,50,hybrid,neural_no_signature,none,50,50,50,0,50,0,0,0,0,50,0,0.5705778658399732,0.6334884044999853,1.1087832924999133,40140.4,118388.49999999999,50.36,3195.8299323251795,7983.917641901986,14.68,0.15403999999999998,0.5236612370322627,192.0,200.0,200.0,5.614583239997955,214.78604087999065,13.4451054559986,0,0,0,13,10,16,11,0,0,0,,,,,,,,,,,,,,,,,,,,,,,,,,,,,,,,,,,,,,,,,,,,,,,,,,,,,,,,,,,,,,,,,,,,,,,,,,,,,,,,,,,,,,,,,,,,,,,,,,,,,,,,,,,,,,,,,,,,,
runs\logs\crm_results_dir\production_benchmark_summary.csv,runs\logs\crm_results_dir\results\prod_arxiv_s20260608_q50_types_all_sizes20_50_100_neural_component_b20_50_100_200_per_query.csv,arxiv,arxiv,20260608,arxiv,k_hop,100,hybrid,neural_component,type_feat32,50,50,50,0,50,0,0,0,0,50,0,0.8499969302199861,0.858855619499991,1.4772216690497886,415.34,863.2499999999998,100.32,1685.2046096792747,4866.728692735424,24.2,0.24533333333333332,0.5407114856242294,188.5,200.0,200.0,6.622403385188557,292.07582900740414,22.73784885184998,0,0,0,11,10,12,17,0,0,0,,,,,,,,,,,,,,,,,,,,,,,,,,,,,,,,,,,,,,,,,,,,,,,,,,,,,,,,,,,,,,,,,,,,,,,,,,,,,,,,,,,,,,,,,,,,,,,,,,,,,,,,,,,,,,,,,,,,,
runs\logs\crm_results_dir\production_benchmark_summary.csv,runs\logs\crm_results_dir\results\prod_arxiv_s20260608_q50_types_all_sizes20_50_100_neural_no_component_b20_50_100_200_per_query.csv,arxiv,arxiv,20260608,arxiv,k_hop,100,hybrid,neural_no_component,type_feat32,50,50,50,0,50,0,0,0,0,50,0,1.6670198120199848,1.7525781435001022,2.123571954899899,500.62,931.65,0.0,1999.5964198559464,67867.76572630186,24.2,0.13598930481283422,0.42869672969979283,196.0,199.55,200.0,6.595002048121061,352.9864644224631,92.74075804277356,0,0,0,0,1,11,38,0,0,0,,,,,,,,,,,,,,,,,,,,,,,,,,,,,,,,,,,,,,,,,,,,,,,,,,,,,,,,,,,,,,,,,,,,,,,,,,,,,,,,,,,,,,,,,,,,,,,,,,,,,,,,,,,,,,,,,,,,,
runs\logs\crm_results_dir\production_benchmark_summary.csv,runs\logs\crm_results_dir\results\prod_arxiv_s20260608_q50_types_all_sizes20_50_100_neural_no_overlap_b20_50_100_200_per_query.csv,arxiv,arxiv,20260608,arxiv,k_hop,100,hybrid,neural_no_overlap,type_feat32,50,50,50,0,50,0,0,0,0,50,0,1.1071945730400194,1.1070812705000321,1.1193304662499997,379.66,712.6499999999999,100.38,3422.8753848590804,168206.24032065083,24.2,0.13815,0.4641268968147609,196.0,199.55,200.0,6.393666799997391,261.62379269500263,15.174850565002203,0,0,0,0,0,0,50,0,0,0,,,,,,,,,,,,,,,,,,,,,,,,,,,,,,,,,,,,,,,,,,,,,,,,,,,,,,,,,,,,,,,,,,,,,,,,,,,,,,,,,,,,,,,,,,,,,,,,,,,,,,,,,,,,,,,,,,,,,
runs\logs\crm_results_dir\production_benchmark_summary.csv,runs\logs\crm_results_dir\results\prod_arxiv_s20260608_q50_types_all_sizes20_50_100_neural_no_signature_b20_50_100_200_per_query.csv,arxiv,arxiv,20260608,arxiv,k_hop,100,hybrid,neural_no_signature,none,50,50,50,0,50,0,0,0,0,50,0,0.6557046617400237,0.7274494334999417,1.1417840202498724,39655.24,119378.54999999999,101.12,1595.4504719716965,3796.6468878284363,24.2,0.24533333333333332,0.5407114856242294,188.5,200.0,200.0,5.5843608370263675,224.51244090370892,18.341137518522103,0,0,0,11,10,12,17,0,0,0,,,,,,,,,,,,,,,,,,,,,,,,,,,,,,,,,,,,,,,,,,,,,,,,,,,,,,,,,,,,,,,,,,,,,,,,,,,,,,,,,,,,,,,,,,,,,,,,,,,,,,,,,,,,,,,,,,,,,
runs\logs\crm_results_dir\production_benchmark_summary.csv,runs\logs\crm_results_dir\results\prod_arxiv_s20260608_q50_types_all_sizes20_50_100_neural_component_b20_50_100_200_per_query.csv,arxiv,arxiv,20260608,arxiv,k_hop,20,hybrid,neural_component,type_feat32,50,50,50,0,50,0,0,0,0,50,0,0.49901306356000075,0.4009541370000136,1.3304272005499995,56.32,144.55,19.78,8645.405789473683,71318.82940001856,5.76,0.06403846153846154,0.46172134489442185,168.0,199.0,199.51,6.525820865389365,229.18933991346026,10.720786798078581,0,0,0,19,15,9,7,0,0,0,,,,,,,,,,,,,,,,,,,,,,,,,,,,,,,,,,,,,,,,,,,,,,,,,,,,,,,,,,,,,,,,,,,,,,,,,,,,,,,,,,,,,,,,,,,,,,,,,,,,,,,,,,,,,,,,,,,,,
runs\logs\crm_results_dir\production_benchmark_summary.csv,runs\logs\crm_results_dir\results\prod_arxiv_s20260608_q50_types_all_sizes20_50_100_neural_no_component_b20_50_100_200_per_query.csv,arxiv,arxiv,20260608,arxiv,k_hop,20,hybrid,neural_no_component,type_feat32,50,50,50,0,50,0,0,0,0,50,0,1.04605493234,1.381749259000003,1.5182444241999788,68.18,149.55,0.0,12828.189112443197,157149.73334120453,5.76,0.027075471698113206,0.35637964411549317,178.5,198.55,199.0,6.602045037732617,306.03852055345914,22.90957137735845,0,0,0,4,9,11,26,0,0,0,,,,,,,,,,,,,,,,,,,,,,,,,,,,,,,,,,,,,,,,,,,,,,,,,,,,,,,,,,,,,,,,,,,,,,,,,,,,,,,,,,,,,,,,,,,,,,,,,,,,,,,,,,,,,,,,,,,,,
runs\logs\crm_results_dir\production_benchmark_summary.csv,runs\logs\crm_results_dir\results\prod_arxiv_s20260608_q50_types_all_sizes20_50_100_neural_no_overlap_b20_50_100_200_per_query.csv,arxiv,arxiv,20260608,arxiv,k_hop,20,hybrid,neural_no_overlap,type_feat32,50,50,50,0,50,0,0,0,0,50,0,0.9716036928000006,0.9814257135000304,0.9929109212000171,67.96,158.95,19.78,33830.93947372889,266184.6121062612,5.76,0.03077889447236181,0.4483964527934377,178.5,198.55,199.0,6.3102913718594,238.71843206030167,5.403098793969826,0,0,0,0,0,1,49,0,0,0,,,,,,,,,,,,,,,,,,,,,,,,,,,,,,,,,,,,,,,,,,,,,,,,,,,,,,,,,,,,,,,,,,,,,,,,,,,,,,,,,,,,,,,,,,,,,,,,,,,,,,,,,,,,,,,,,,,,,
runs\logs\crm_results_dir\production_benchmark_summary.csv,runs\logs\crm_results_dir\results\prod_arxiv_s20260608_q50_types_all_sizes20_50_100_neural_no_signature_b20_50_100_200_per_query.csv,arxiv,arxiv,20260608,arxiv,k_hop,20,hybrid,neural_no_signature,none,50,50,50,0,50,0,0,0,0,50,0,0.46980223298000284,0.6079175810000095,0.9832357817000258,38050.06,117232.44999999998,19.78,8176.736157632222,22779.013870672534,5.76,0.06403846153846154,0.46172134489442185,168.0,199.0,199.51,5.476559942307036,215.82878604807723,10.037672115385677,0,0,0,19,15,9,7,0,0,0,,,,,,,,,,,,,,,,,,,,,,,,,,,,,,,,,,,,,,,,,,,,,,,,,,,,,,,,,,,,,,,,,,,,,,,,,,,,,,,,,,,,,,,,,,,,,,,,,,,,,,,,,,,,,,,,,,,,,
runs\logs\crm_results_dir\production_benchmark_summary.csv,runs\logs\crm_results_dir\results\prod_arxiv_s20260608_q50_types_all_sizes20_50_100_neural_component_b20_50_100_200_per_query.csv,arxiv,arxiv,20260608,arxiv,k_hop,50,hybrid,neural_component,type_feat32,50,50,50,0,50,0,0,0,0,50,0,0.5976153747800049,0.4396448474999488,1.4059035023000943,197.32,577.9499999999994,50.2,3389.074775478567,13989.93063470642,15.04,0.17048245614035087,0.5255008853686363,184.0,200.0,200.0,6.6445429035128285,246.06444426316048,16.04756221929779,0,0,0,13,20,7,10,0,0,0,,,,,,,,,,,,,,,,,,,,,,,,,,,,,,,,,,,,,,,,,,,,,,,,,,,,,,,,,,,,,,,,,,,,,,,,,,,,,,,,,,,,,,,,,,,,,,,,,,,,,,,,,,,,,,,,,,,,,
runs\logs\crm_results_dir\production_benchmark_summary.csv,runs\logs\crm_results_dir\results\prod_arxiv_s20260608_q50_types_all_sizes20_50_100_neural_no_component_b20_50_100_200_per_query.csv,arxiv,arxiv,20260608,arxiv,k_hop,50,hybrid,neural_no_component,type_feat32,50,50,50,0,50,0,0,0,0,50,0,1.2767591416400024,1.5135352839999996,1.8153320299999618,224.56,674.9499999999997,0.0,4144.363359951992,98364.90931656133,15.04,0.08280701754385965,0.4089401219909863,192.5,199.55,200.0,6.621545175446114,324.5966248830421,48.72476156140304,0,0,0,1,8,10,31,0,0,0,,,,,,,,,,,,,,,,,,,,,,,,,,,,,,,,,,,,,,,,,,,,,,,,,,,,,,,,,,,,,,,,,,,,,,,,,,,,,,,,,,,,,,,,,,,,,,,,,,,,,,,,,,,,,,,,,,,,,
runs\logs\crm_results_dir\production_benchmark_summary.csv,runs\logs\crm_results_dir\results\prod_arxiv_s20260608_q50_types_all_sizes20_50_100_neural_no_overlap_b20_50_100_200_per_query.csv,arxiv,arxiv,20260608,arxiv,k_hop,50,hybrid,neural_no_overlap,type_feat32,50,50,50,0,50,0,0,0,0,50,0,1.0457566236199967,1.035853025500046,1.1037448350000063,209.18,517.6999999999999,50.22,8276.734531246966,196851.00808080917,15.04,0.0895,0.4783932781448062,192.5,199.55,200.0,6.494210600004635,252.31236113999984,9.126794764999318,0,0,0,0,0,0,50,0,0,0,,,,,,,,,,,,,,,,,,,,,,,,,,,,,,,,,,,,,,,,,,,,,,,,,,,,,,,,,,,,,,,,,,,,,,,,,,,,,,,,,,,,,,,,,,,,,,,,,,,,,,,,,,,,,,,,,,,,,
runs\logs\crm_results_dir\production_benchmark_summary.csv,runs\logs\crm_results_dir\results\prod_arxiv_s20260608_q50_types_all_sizes20_50_100_neural_no_signature_b20_50_100_200_per_query.csv,arxiv,arxiv,20260608,arxiv,k_hop,50,hybrid,neural_no_signature,none,50,50,50,0,50,0,0,0,0,50,0,0.5275594373999798,0.5811078290000751,1.07526790379992,34490.22,81461.85,50.58,3187.3859763713767,7691.131258379125,15.04,0.17048245614035087,0.5255008853686363,184.0,200.0,200.0,5.444560438576716,217.55078589472788,13.834932263157976,0,0,0,13,20,7,10,0,0,0,,,,,,,,,,,,,,,,,,,,,,,,,,,,,,,,,,,,,,,,,,,,,,,,,,,,,,,,,,,,,,,,,,,,,,,,,,,,,,,,,,,,,,,,,,,,,,,,,,,,,,,,,,,,,,,,,,,,,
runs\logs\crm_results_dir\production_benchmark_summary.csv,runs\logs\crm_results_dir\results\prod_arxiv_s20260608_q50_types_all_sizes20_50_100_neural_component_b20_50_100_200_per_query.csv,arxiv,arxiv,20260608,arxiv,multi_coarse,100,hybrid,neural_component,type_feat32,50,0,50,0,0,0,0,0,0,50,0,1.389361133100008,1.3963397290000898,1.4377051213000414,512.56,876.4499999999998,0.0,1680.272589111401,5956.209517989665,4.1,0.037425,0.642,167.0,198.0,198.0,6.6106512600072165,347.340283275002,0.0,0,0,0,0,0,0,0,0,0,0,,,,,,,,,,,,,,,,,,,,,,,,,,,,,,,,,,,,,,,,,,,,,,,,,,,,,,,,,,,,,,,,,,,,,,,,,,,,,,,,,,,,,,,,,,,,,,,,,,,,,,,,,,,,,,,,,,,,,
runs\logs\crm_results_dir\production_benchmark_summary.csv,runs\logs\crm_results_dir\results\prod_arxiv_s20260608_q50_types_all_sizes20_50_100_neural_no_component_b20_50_100_200_per_query.csv,arxiv,arxiv,20260608,arxiv,multi_coarse,100,hybrid,neural_no_component,type_feat32,50,50,50,0,50,0,0,0,0,50,0,1.756890310539991,1.83089838699982,2.133012788149955,532.44,878.0,0.0,1773.9678009980673,23628.271050596166,4.1,0.02531413612565445,0.47408376963350785,176.0,197.0,198.51,6.727214602094841,360.3939817801008,99.52494768062981,0,0,0,0,0,9,41,0,0,0,,,,,,,,,,,,,,,,,,,,,,,,,,,,,,,,,,,,,,,,,,,,,,,,,,,,,,,,,,,,,,,,,,,,,,,,,,,,,,,,,,,,,,,,,,,,,,,,,,,,,,,,,,,,,,,,,,,,,
runs\logs\crm_results_dir\production_benchmark_summary.csv,runs\logs\crm_results_dir\results\prod_arxiv_s20260608_q50_types_all_sizes20_50_100_neural_no_overlap_b20_50_100_200_per_query.csv,arxiv,arxiv,20260608,arxiv,multi_coarse,100,hybrid,neural_no_overlap,type_feat32,50,0,50,0,0,0,0,0,0,50,0,1.0483006904999865,1.0488818300000844,1.0584206104500198,386.26,690.1999999999997,0.0,2640.9580506180046,73320.58472907926,4.1,0.025175,0.49774999999999997,176.0,197.0,198.51,6.381763599988517,262.07517262499664,0.0,0,0,0,0,0,0,0,0,0,0,,,,,,,,,,,,,,,,,,,,,,,,,,,,,,,,,,,,,,,,,,,,,,,,,,,,,,,,,,,,,,,,,,,,,,,,,,,,,,,,,,,,,,,,,,,,,,,,,,,,,,,,,,,,,,,,,,,,,
runs\logs\crm_results_dir\production_benchmark_summary.csv,runs\logs\crm_results_dir\results\prod_arxiv_s20260608_q50_types_all_sizes20_50_100_neural_no_signature_b20_50_100_200_per_query.csv,arxiv,arxiv,20260608,arxiv,multi_coarse,100,hybrid,neural_no_signature,none,50,0,50,0,0,0,0,0,0,50,0,0.9776911340399829,1.0027329269997836,1.3604257921497833,75107.78,121407.85,0.0,1555.9810452724664,3401.8135604235904,4.1,0.037425,0.642,167.0,198.0,198.0,5.774396459983109,244.42278350999572,0.0,0,0,0,0,0,0,0,0,0,0,,,,,,,,,,,,,,,,,,,,,,,,,,,,,,,,,,,,,,,,,,,,,,,,,,,,,,,,,,,,,,,,,,,,,,,,,,,,,,,,,,,,,,,,,,,,,,,,,,,,,,,,,,,,,,,,,,,,,
runs\logs\crm_results_dir\production_benchmark_summary.csv,runs\logs\crm_results_dir\results\prod_arxiv_s20260608_q50_types_all_sizes20_50_100_neural_component_b20_50_100_200_per_query.csv,arxiv,arxiv,20260608,arxiv,multi_coarse,20,hybrid,neural_component,type_feat32,50,0,50,0,0,0,0,0,0,50,0,1.3110601130799984,1.3108601610000221,1.3328236326500287,106.64,237.7999999999999,0.0,8678.154673485184,101581.80748603199,4.38,0.026924999999999998,0.5326666666666666,178.0,198.0,198.51,6.543145400002572,327.7650282699996,0.0,0,0,0,0,0,0,0,0,0,0,,,,,,,,,,,,,,,,,,,,,,,,,,,,,,,,,,,,,,,,,,,,,,,,,,,,,,,,,,,,,,,,,,,,,,,,,,,,,,,,,,,,,,,,,,,,,,,,,,,,,,,,,,,,,,,,,,,,,
runs\logs\crm_results_dir\production_benchmark_summary.csv,runs\logs\crm_results_dir\results\prod_arxiv_s20260608_q50_types_all_sizes20_50_100_neural_no_component_b20_50_100_200_per_query.csv,arxiv,arxiv,20260608,arxiv,multi_coarse,20,hybrid,neural_no_component,type_feat32,50,50,50,0,50,0,0,0,0,50,0,1.288993663739994,1.4756925275000015,1.5707975364999895,106.04,240.29999999999993,0.0,8615.165968045112,127526.48288332169,4.38,0.02247252747252747,0.4392857142857143,163.0,196.55,199.0,6.522427379121016,323.94819764835125,30.170940741756937,0,0,0,0,2,14,34,0,0,0,,,,,,,,,,,,,,,,,,,,,,,,,,,,,,,,,,,,,,,,,,,,,,,,,,,,,,,,,,,,,,,,,,,,,,,,,,,,,,,,,,,,,,,,,,,,,,,,,,,,,,,,,,,,,,,,,,,,,
runs\logs\crm_results_dir\production_benchmark_summary.csv,runs\logs\crm_results_dir\results\prod_arxiv_s20260608_q50_types_all_sizes20_50_100_neural_no_overlap_b20_50_100_200_per_query.csv,arxiv,arxiv,20260608,arxiv,multi_coarse,20,hybrid,neural_no_overlap,type_feat32,50,0,50,0,0,0,0,0,0,50,0,0.9596925246600025,0.9587034509999626,0.9673661103999975,78.6,192.5499999999999,0.0,18435.69682971784,163483.11140215234,4.38,0.022324999999999998,0.4880833333333333,163.0,196.55,199.0,6.224353400002087,239.92313116500063,0.0,0,0,0,0,0,0,0,0,0,0,,,,,,,,,,,,,,,,,,,,,,,,,,,,,,,,,,,,,,,,,,,,,,,,,,,,,,,,,,,,,,,,,,,,,,,,,,,,,,,,,,,,,,,,,,,,,,,,,,,,,,,,,,,,,,,,,,,,,
runs\logs\crm_results_dir\production_benchmark_summary.csv,runs\logs\crm_results_dir\results\prod_arxiv_s20260608_q50_types_all_sizes20_50_100_neural_no_signature_b20_50_100_200_per_query.csv,arxiv,arxiv,20260608,arxiv,multi_coarse,20,hybrid,neural_no_signature,none,50,0,50,0,0,0,0,0,0,50,0,0.9181009640199994,0.944985048000035,1.0631993962000137,85944.16,122616.95000000001,0.0,7773.824717496675,37766.7204564482,4.38,0.026924999999999998,0.5326666666666666,178.0,198.0,198.51,5.2513321600019935,229.52524100499986,0.0,0,0,0,0,0,0,0,0,0,0,,,,,,,,,,,,,,,,,,,,,,,,,,,,,,,,,,,,,,,,,,,,,,,,,,,,,,,,,,,,,,,,,,,,,,,,,,,,,,,,,,,,,,,,,,,,,,,,,,,,,,,,,,,,,,,,,,,,,
runs\logs\crm_results_dir\production_benchmark_summary.csv,runs\logs\crm_results_dir\results\prod_arxiv_s20260608_q50_types_all_sizes20_50_100_neural_component_b20_50_100_200_per_query.csv,arxiv,arxiv,20260608,arxiv,multi_coarse,50,hybrid,neural_component,type_feat32,50,1,50,0,1,0,0,0,0,50,0,1.351657910179996,1.3610441170000058,1.413852896199944,261.82,472.9,1.0,3397.431492324622,23903.284547005078,4.4,0.0357035175879397,0.6056951423785595,171.5,199.0,200.0,6.768325301506831,339.40107223617986,0.21146801005023866,0,0,0,0,0,1,0,0,0,0,,,,,,,,,,,,,,,,,,,,,,,,,,,,,,,,,,,,,,,,,,,,,,,,,,,,,,,,,,,,,,,,,,,,,,,,,,,,,,,,,,,,,,,,,,,,,,,,,,,,,,,,,,,,,,,,,,,,,
runs\logs\crm_results_dir\production_benchmark_summary.csv,runs\logs\crm_results_dir\results\prod_arxiv_s20260608_q50_types_all_sizes20_50_100_neural_no_component_b20_50_100_200_per_query.csv,arxiv,arxiv,20260608,arxiv,multi_coarse,50,hybrid,neural_no_component,type_feat32,50,50,50,0,50,0,0,0,0,50,0,1.4102166533999934,1.58404531299999,1.709055460799914,270.44,511.9999999999997,0.0,3627.2560244154597,44878.46587604825,4.4,0.027802197802197805,0.48827838827838826,160.5,195.55,197.51,6.585458576930043,331.95007730219726,55.472080225273444,0,0,0,0,3,12,35,0,0,0,,,,,,,,,,,,,,,,,,,,,,,,,,,,,,,,,,,,,,,,,,,,,,,,,,,,,,,,,,,,,,,,,,,,,,,,,,,,,,,,,,,,,,,,,,,,,,,,,,,,,,,,,,,,,,,,,,,,,
runs\logs\crm_results_dir\production_benchmark_summary.csv,runs\logs\crm_results_dir\results\prod_arxiv_s20260608_q50_types_all_sizes20_50_100_neural_no_overlap_b20_50_100_200_per_query.csv,arxiv,arxiv,20260608,arxiv,multi_coarse,50,hybrid,neural_no_overlap,type_feat32,50,1,50,0,1,0,0,0,0,50,0,0.9912494545800052,0.9856607520000011,1.0176876575499079,191.14,355.19999999999993,1.0,5302.296183242181,93618.0137989307,4.4,0.02735,0.5343333333333333,160.5,195.55,197.51,6.344428119992926,247.63839083000138,0.17397281499995643,0,0,0,0,0,0,1,0,0,0,,,,,,,,,,,,,,,,,,,,,,,,,,,,,,,,,,,,,,,,,,,,,,,,,,,,,,,,,,,,,,,,,,,,,,,,,,,,,,,,,,,,,,,,,,,,,,,,,,,,,,,,,,,,,,,,,,,,,
runs\logs\crm_results_dir\production_benchmark_summary.csv,runs\logs\crm_results_dir\results\prod_arxiv_s20260608_q50_types_all_sizes20_50_100_neural_no_signature_b20_50_100_200_per_query.csv,arxiv,arxiv,20260608,arxiv,multi_coarse,50,hybrid,neural_no_signature,none,50,1,50,0,1,0,0,0,0,50,0,0.8996119486399743,0.9813126579999789,1.2015776554499609,77658.04,121748.54999999999,1.0,3116.4489436595745,9245.42800641181,4.4,0.0357035175879397,0.6056951423785595,171.5,199.0,200.0,5.754636964820519,225.8480600803957,0.18509284422095365,0,0,0,0,0,1,0,0,0,0,,,,,,,,,,,,,,,,,,,,,,,,,,,,,,,,,,,,,,,,,,,,,,,,,,,,,,,,,,,,,,,,,,,,,,,,,,,,,,,,,,,,,,,,,,,,,,,,,,,,,,,,,,,,,,,,,,,,,
runs\logs\crm_results_dir\production_benchmark_summary.csv,runs\logs\crm_results_dir\results\prod_arxiv_s20260608_q50_types_all_sizes20_50_100_neural_component_b20_50_100_200_per_query.csv,arxiv,arxiv,20260608,arxiv,multi_fine,100,hybrid,neural_component,type_feat32,50,34,50,0,34,0,0,0,0,50,0,0.7355692135399908,0.5366746664999482,1.4233288814998901,196.6,523.9999999999995,68.24,1683.4197568506734,5828.384396206663,1.0,0.0193801652892562,0.7603305785123967,3.0,161.1,188.68999999999994,6.536841330588769,286.803820231403,17.150400239667633,0,0,0,21,6,4,3,0,0,0,,,,,,,,,,,,,,,,,,,,,,,,,,,,,,,,,,,,,,,,,,,,,,,,,,,,,,,,,,,,,,,,,,,,,,,,,,,,,,,,,,,,,,,,,,,,,,,,,,,,,,,,,,,,,,,,,,,,,
runs\logs\crm_results_dir\production_benchmark_summary.csv,runs\logs\crm_results_dir\results\prod_arxiv_s20260608_q50_types_all_sizes20_50_100_neural_no_component_b20_50_100_200_per_query.csv,arxiv,arxiv,20260608,arxiv,multi_fine,100,hybrid,neural_no_component,type_feat32,50,50,50,0,50,0,0,0,0,50,0,1.3910638212999675,1.583477930000015,1.9860682351499916,367.58,861.8999999999996,0.0,2361.5041326556734,72499.57207310546,1.0,0.003154761904761905,0.2976190476190476,125.5,192.55,193.51,6.649452404763186,337.25820613690126,76.74888353570809,0,0,0,3,6,11,30,0,0,0,,,,,,,,,,,,,,,,,,,,,,,,,,,,,,,,,,,,,,,,,,,,,,,,,,,,,,,,,,,,,,,,,,,,,,,,,,,,,,,,,,,,,,,,,,,,,,,,,,,,,,,,,,,,,,,,,,,,,
runs\logs\crm_results_dir\production_benchmark_summary.csv,runs\logs\crm_results_dir\results\prod_arxiv_s20260608_q50_types_all_sizes20_50_100_neural_no_overlap_b20_50_100_200_per_query.csv,arxiv,arxiv,20260608,arxiv,multi_fine,100,hybrid,neural_no_overlap,type_feat32,50,34,50,0,34,0,0,0,0,50,0,0.9751822913799947,1.07967887500007,1.120357907600038,211.12,494.75,68.24,4550.27291227005,255063.9200514238,1.0,0.0036631016042780753,0.3689839572192513,125.5,192.55,193.51,6.513897534775428,249.59583546523936,11.148092711229818,0,0,0,1,2,6,25,0,0,0,,,,,,,,,,,,,,,,,,,,,,,,,,,,,,,,,,,,,,,,,,,,,,,,,,,,,,,,,,,,,,,,,,,,,,,,,,,,,,,,,,,,,,,,,,,,,,,,,,,,,,,,,,,,,,,,,,,,,
runs\logs\crm_results_dir\production_benchmark_summary.csv,runs\logs\crm_results_dir\results\prod_arxiv_s20260608_q50_types_all_sizes20_50_100_neural_no_signature_b20_50_100_200_per_query.csv,arxiv,arxiv,20260608,arxiv,multi_fine,100,hybrid,neural_no_signature,none,50,34,50,0,34,0,0,0,0,50,0,0.380175241399993,0.3535143914999139,1.0709382270502033,21204.72,84337.29999999999,68.26,1607.020779907276,3769.4002936226902,1.0,0.0193801652892562,0.7603305785123967,3.0,161.1,188.68999999999994,5.561793958680607,142.62340044627794,14.473806743801806,0,0,0,21,6,4,3,0,0,0,,,,,,,,,,,,,,,,,,,,,,,,,,,,,,,,,,,,,,,,,,,,,,,,,,,,,,,,,,,,,,,,,,,,,,,,,,,,,,,,,,,,,,,,,,,,,,,,,,,,,,,,,,,,,,,,,,,,,
runs\logs\crm_results_dir\production_benchmark_summary.csv,runs\logs\crm_results_dir\results\prod_arxiv_s20260608_q50_types_all_sizes20_50_100_neural_component_b20_50_100_200_per_query.csv,arxiv,arxiv,20260608,arxiv,multi_fine,20,hybrid,neural_component,type_feat32,50,12,50,0,12,0,0,0,0,50,0,1.1562066080200009,1.3124650400000064,1.34523851794998,79.8,204.39999999999998,4.84,9292.537968045111,73967.08743809073,1.0,0.009752747252747253,0.6153846153846154,62.5,183.2,190.60999999999999,6.678616769228931,315.9889943901101,1.6501836373626058,0,0,0,3,3,3,3,0,0,0,,,,,,,,,,,,,,,,,,,,,,,,,,,,,,,,,,,,,,,,,,,,,,,,,,,,,,,,,,,,,,,,,,,,,,,,,,,,,,,,,,,,,,,,,,,,,,,,,,,,,,,,,,,,,,,,,,,,,
runs\logs\crm_results_dir\production_benchmark_summary.csv,runs\logs\crm_results_dir\results\prod_arxiv_s20260608_q50_types_all_sizes20_50_100_neural_no_component_b20_50_100_200_per_query.csv,arxiv,arxiv,20260608,arxiv,multi_fine,20,hybrid,neural_no_component,type_feat32,50,50,50,0,50,0,0,0,0,50,0,1.041477312779998,0.9680002834999897,1.5536444068499797,97.26,217.1,0.0,15152.03929426791,160774.77281947449,1.0,0.004012738853503185,0.3184713375796178,107.0,187.64999999999998,190.0,6.756800044587461,304.164492254777,27.51618060509502,0,0,0,4,9,13,24,0,0,0,,,,,,,,,,,,,,,,,,,,,,,,,,,,,,,,,,,,,,,,,,,,,,,,,,,,,,,,,,,,,,,,,,,,,,,,,,,,,,,,,,,,,,,,,,,,,,,,,,,,,,,,,,,,,,,,,,,,,
runs\logs\crm_results_dir\production_benchmark_summary.csv,runs\logs\crm_results_dir\results\prod_arxiv_s20260608_q50_types_all_sizes20_50_100_neural_no_overlap_b20_50_100_200_per_query.csv,arxiv,arxiv,20260608,arxiv,multi_fine,20,hybrid,neural_no_overlap,type_feat32,50,12,50,0,12,0,0,0,0,50,0,0.9026830009399995,0.9594570124999962,0.9810803751500102,56.06,159.84999999999997,4.84,32919.460883448424,214123.86711509325,1.0,0.004792746113989638,0.44559585492227977,107.0,187.64999999999998,190.0,6.295604435233234,232.5091210259065,1.3465786994819642,0,0,0,0,2,3,7,0,0,0,,,,,,,,,,,,,,,,,,,,,,,,,,,,,,,,,,,,,,,,,,,,,,,,,,,,,,,,,,,,,,,,,,,,,,,,,,,,,,,,,,,,,,,,,,,,,,,,,,,,,,,,,,,,,,,,,,,,,
runs\logs\crm_results_dir\production_benchmark_summary.csv,runs\logs\crm_results_dir\results\prod_arxiv_s20260608_q50_types_all_sizes20_50_100_neural_no_signature_b20_50_100_200_per_query.csv,arxiv,arxiv,20260608,arxiv,multi_fine,20,hybrid,neural_no_signature,none,50,12,50,0,12,0,0,0,0,50,0,0.5874545134400031,0.7313746329999873,0.9791724609000113,49303.98,119851.4,4.86,7841.330929771068,34476.49582514374,1.0,0.009752747252747253,0.6153846153846154,62.5,183.2,190.60999999999999,5.017922291210481,160.14635012637459,1.2422524670328812,0,0,0,3,3,3,3,0,0,0,,,,,,,,,,,,,,,,,,,,,,,,,,,,,,,,,,,,,,,,,,,,,,,,,,,,,,,,,,,,,,,,,,,,,,,,,,,,,,,,,,,,,,,,,,,,,,,,,,,,,,,,,,,,,,,,,,,,,
runs\logs\crm_results_dir\production_benchmark_summary.csv,runs\logs\crm_results_dir\results\prod_arxiv_s20260608_q50_types_all_sizes20_50_100_neural_component_b20_50_100_200_per_query.csv,arxiv,arxiv,20260608,arxiv,multi_fine,50,hybrid,neural_component,type_feat32,50,20,50,0,20,0,0,0,0,50,0,0.9797674063400007,1.2726696064999317,1.3614874170999627,92.52,308.69999999999993,20.14,3424.577304545455,15199.796233337833,1.0,0.018459119496855345,0.8490566037735849,4.5,135.54999999999995,162.02,6.6771121823887185,303.28211814465374,4.820839823899937,0,0,0,9,6,2,3,0,0,0,,,,,,,,,,,,,,,,,,,,,,,,,,,,,,,,,,,,,,,,,,,,,,,,,,,,,,,,,,,,,,,,,,,,,,,,,,,,,,,,,,,,,,,,,,,,,,,,,,,,,,,,,,,,,,,,,,,,,
runs\logs\crm_results_dir\production_benchmark_summary.csv,runs\logs\crm_results_dir\results\prod_arxiv_s20260608_q50_types_all_sizes20_50_100_neural_no_component_b20_50_100_200_per_query.csv,arxiv,arxiv,20260608,arxiv,multi_fine,50,hybrid,neural_no_component,type_feat32,50,50,50,0,50,0,0,0,0,50,0,1.1433266322600093,1.4741789554999798,1.6546980324999936,184.6,468.14999999999986,0.0,4524.555569103889,166739.79634088554,1.0,0.004025157232704402,0.31446540880503143,114.0,191.55,196.51,6.542871169813225,315.70932089937037,43.82735591195332,0,0,0,5,7,12,26,0,0,0,,,,,,,,,,,,,,,,,,,,,,,,,,,,,,,,,,,,,,,,,,,,,,,,,,,,,,,,,,,,,,,,,,,,,,,,,,,,,,,,,,,,,,,,,,,,,,,,,,,,,,,,,,,,,,,,,,,,,
runs\logs\crm_results_dir\production_benchmark_summary.csv,runs\logs\crm_results_dir\results\prod_arxiv_s20260608_q50_types_all_sizes20_50_100_neural_no_overlap_b20_50_100_200_per_query.csv,arxiv,arxiv,20260608,arxiv,multi_fine,50,hybrid,neural_no_overlap,type_feat32,50,20,50,0,20,0,0,0,0,50,0,0.9164851535399964,0.9856401920000337,1.0296490216000223,102.4,235.04999999999995,20.14,9073.856090037973,225772.26565701465,1.0,0.004842931937172775,0.4293193717277487,114.0,191.55,196.51,6.305957685861177,236.1790181623032,3.7385612984288406,0,0,0,0,2,5,13,0,0,0,,,,,,,,,,,,,,,,,,,,,,,,,,,,,,,,,,,,,,,,,,,,,,,,,,,,,,,,,,,,,,,,,,,,,,,,,,,,,,,,,,,,,,,,,,,,,,,,,,,,,,,,,,,,,,,,,,,,,
runs\logs\crm_results_dir\production_benchmark_summary.csv,runs\logs\crm_results_dir\results\prod_arxiv_s20260608_q50_types_all_sizes20_50_100_neural_no_signature_b20_50_100_200_per_query.csv,arxiv,arxiv,20260608,arxiv,multi_fine,50,hybrid,neural_no_signature,none,50,20,50,0,20,0,0,0,0,50,0,0.3901581991200214,0.3082555520000483,0.9557352506500079,16854.9,77780.7,20.14,3234.164458199789,9850.065349514725,1.0,0.018459119496855345,0.8490566037735849,4.5,135.54999999999995,162.02,5.446541647803406,118.75637022642094,3.9348873584914665,0,0,0,9,6,2,3,0,0,0,,,,,,,,,,,,,,,,,,,,,,,,,,,,,,,,,,,,,,,,,,,,,,,,,,,,,,,,,,,,,,,,,,,,,,,,,,,,,,,,,,,,,,,,,,,,,,,,,,,,,,,,,,,,,,,,,,,,,
runs\logs\crm_results_dir\production_benchmark_summary.csv,runs\logs\crm_results_dir\results\prod_arxiv_s20260608_q50_types_negative_sizes20_50_100_neural_component_b20_50_100_200_per_query.csv,arxiv,arxiv,20260608,arxiv,negative_label,100,hybrid,neural_component,type_feat32,50,0,0,50,0,0,50,0,0,37,0,0.7558119314599958,0.7512514214999868,0.790537652650005,618.26,1030.45,0.0,2276.4290566860695,46790.61503554839,24.46,0.10337500000000001,0.4581153918062305,195.5,200.0,200.0,5.186679419999223,188.95298286499894,0.0,0,0,0,0,0,0,0,0,0,0,,,,,,,,,,,,,,,,,,,,,,,,,,,,,,,,,,,,,,,,,,,,,,,,,,,,,,,,,,,,,,,,,,,,,,,,,,,,,,,,,,,,,,,,,,,,,,,,,,,,,,,,,,,,,,,,,,,,,
runs\logs\crm_results_dir\production_benchmark_summary.csv,runs\logs\crm_results_dir\results\prod_arxiv_s20260608_q50_types_negative_sizes20_50_100_neural_component_b20_50_100_200_per_query.csv,arxiv,arxiv,20260608,arxiv,negative_label,20,hybrid,neural_component,type_feat32,50,0,0,50,0,0,50,0,0,45,0,0.6738111353000003,0.6712297914999965,0.6988292238999971,129.66,247.2,0.0,12288.65358983807,163496.52988104694,6.62,0.027025,0.47215854978354976,179.5,199.55,200.0,10.520901960000444,168.45278382500004,0.0,0,0,0,0,0,0,0,0,0,0,,,,,,,,,,,,,,,,,,,,,,,,,,,,,,,,,,,,,,,,,,,,,,,,,,,,,,,,,,,,,,,,,,,,,,,,,,,,,,,,,,,,,,,,,,,,,,,,,,,,,,,,,,,,,,,,,,,,,
runs\logs\crm_results_dir\production_benchmark_summary.csv,runs\logs\crm_results_dir\results\prod_arxiv_s20260608_q50_types_negative_sizes20_50_100_neural_component_b20_50_100_200_per_query.csv,arxiv,arxiv,20260608,arxiv,negative_label,50,hybrid,neural_component,type_feat32,50,0,0,50,0,0,50,0,0,46,0,0.7123345689399977,0.7109102765000159,0.7365419361000369,299.46,595.9999999999998,0.0,5277.985549420551,63148.278015257936,12.58,0.054375,0.47058805859603076,190.0,200.0,200.0,5.022920919999194,178.08364223499942,0.0,0,0,0,0,0,0,0,0,0,0,,,,,,,,,,,,,,,,,,,,,,,,,,,,,,,,,,,,,,,,,,,,,,,,,,,,,,,,,,,,,,,,,,,,,,,,,,,,,,,,,,,,,,,,,,,,,,,,,,,,,,,,,,,,,,,,,,,,,
runs\logs\crm_results_dir\production_benchmark_summary.csv,runs\logs\crm_results_dir\results\prod_arxiv_s20260608_q50_types_negative_sizes20_50_100_neural_component_b20_50_100_200_per_query.csv,arxiv,arxiv,20260608,arxiv,negative_structure,100,hybrid,neural_component,type_feat32,50,0,0,50,0,0,50,0,0,50,0,0.8247895273400024,0.8097703564999961,0.8980160715500289,449.58,850.8499999999999,100.28,2370.6901798471545,25478.105973442343,23.08,0.09135,0.46406104141219806,199.0,200.0,200.0,5.321795440000301,189.74642717000023,16.45095466500038,0,0,0,0,0,0,0,0,0,0,,,,,,,,,,,,,,,,,,,,,,,,,,,,,,,,,,,,,,,,,,,,,,,,,,,,,,,,,,,,,,,,,,,,,,,,,,,,,,,,,,,,,,,,,,,,,,,,,,,,,,,,,,,,,,,,,,,,,
runs\logs\crm_results_dir\production_benchmark_summary.csv,runs\logs\crm_results_dir\results\prod_arxiv_s20260608_q50_types_negative_sizes20_50_100_neural_component_b20_50_100_200_per_query.csv,arxiv,arxiv,20260608,arxiv,negative_structure,20,hybrid,neural_component,type_feat32,50,0,0,50,0,0,50,0,0,50,0,0.7148102652600037,0.7096357600000118,0.7441203258999998,63.66,199.39999999999998,19.84,15836.022822135552,115268.43791833996,5.92,0.024900000000000002,0.469864343989344,164.5,199.0,199.51,5.277810360001354,170.35338545000064,8.34918086500025,0,0,0,0,0,0,0,0,0,0,,,,,,,,,,,,,,,,,,,,,,,,,,,,,,,,,,,,,,,,,,,,,,,,,,,,,,,,,,,,,,,,,,,,,,,,,,,,,,,,,,,,,,,,,,,,,,,,,,,,,,,,,,,,,,,,,,,,,
runs\logs\crm_results_dir\production_benchmark_summary.csv,runs\logs\crm_results_dir\results\prod_arxiv_s20260608_q50_types_negative_sizes20_50_100_neural_component_b20_50_100_200_per_query.csv,arxiv,arxiv,20260608,arxiv,negative_structure,50,hybrid,neural_component,type_feat32,50,0,0,50,0,0,50,0,0,50,0,0.7505873999600027,0.7485124819999953,0.7991045474000031,208.28,553.4,50.0,7892.895919352842,122252.96401125097,13.36,0.04505,0.40559769228872206,193.0,200.0,200.0,5.264906039997754,178.05135934000077,9.595490649999903,0,0,0,0,0,0,0,0,0,0,,,,,,,,,,,,,,,,,,,,,,,,,,,,,,,,,,,,,,,,,,,,,,,,,,,,,,,,,,,,,,,,,,,,,,,,,,,,,,,,,,,,,,,,,,,,,,,,,,,,,,,,,,,,,,,,,,,,,
runs\logs\crm_results_dir\production_benchmark_summary.csv,runs\logs\crm_results_dir\results\prod_arxiv_s20260608_q50_types_all_sizes20_50_100_neural_component_b20_50_100_200_per_query.csv,arxiv,arxiv,20260608,arxiv,random_walk,100,hybrid,neural_component,type_feat32,50,50,50,0,50,0,0,0,0,50,0,1.3493720014400015,1.44576518599996,1.5025633692000895,628.64,1074.2499999999998,100.78,1685.2264820981854,5509.929451676742,29.0,0.1875392670157068,0.5165357940734581,199.0,200.0,200.0,6.601430403148074,337.5418697958104,15.696874036650772,0,0,0,0,1,7,42,0,0,0,,,,,,,,,,,,,,,,,,,,,,,,,,,,,,,,,,,,,,,,,,,,,,,,,,,,,,,,,,,,,,,,,,,,,,,,,,,,,,,,,,,,,,,,,,,,,,,,,,,,,,,,,,,,,,,,,,,,,
runs\logs\crm_results_dir\production_benchmark_summary.csv,runs\logs\crm_results_dir\results\prod_arxiv_s20260608_q50_types_all_sizes20_50_100_neural_no_component_b20_50_100_200_per_query.csv,arxiv,arxiv,20260608,arxiv,random_walk,100,hybrid,neural_no_component,type_feat32,50,50,50,0,50,0,0,0,0,50,0,1.8896648295399745,1.91543655449982,2.2250993316497896,597.76,1054.85,0.0,1747.5037988368485,17202.08094436576,29.0,0.16525380710659898,0.4743564682998721,197.0,199.0,199.0,6.753649649746027,367.4054469289137,112.20491589849102,0,0,0,0,0,3,47,0,0,0,,,,,,,,,,,,,,,,,,,,,,,,,,,,,,,,,,,,,,,,,,,,,,,,,,,,,,,,,,,,,,,,,,,,,,,,,,,,,,,,,,,,,,,,,,,,,,,,,,,,,,,,,,,,,,,,,,,,,
runs\logs\crm_results_dir\production_benchmark_summary.csv,runs\logs\crm_results_dir\results\prod_arxiv_s20260608_q50_types_all_sizes20_50_100_neural_no_overlap_b20_50_100_200_per_query.csv,arxiv,arxiv,20260608,arxiv,random_walk,100,hybrid,neural_no_overlap,type_feat32,50,50,50,0,50,0,0,0,0,50,0,1.1107479502999853,1.1107580020000114,1.1242280797500088,434.22,722.7,100.78,2503.782391895387,66714.94541386858,29.0,0.1654,0.48224112127537405,197.0,199.0,199.0,6.463065219998043,262.9364063199972,14.750581254999133,0,0,0,0,0,0,50,0,0,0,,,,,,,,,,,,,,,,,,,,,,,,,,,,,,,,,,,,,,,,,,,,,,,,,,,,,,,,,,,,,,,,,,,,,,,,,,,,,,,,,,,,,,,,,,,,,,,,,,,,,,,,,,,,,,,,,,,,,
runs\logs\crm_results_dir\production_benchmark_summary.csv,runs\logs\crm_results_dir\results\prod_arxiv_s20260608_q50_types_all_sizes20_50_100_neural_no_signature_b20_50_100_200_per_query.csv,arxiv,arxiv,20260608,arxiv,random_walk,100,hybrid,neural_no_signature,none,50,50,50,0,50,0,0,0,0,50,0,0.9310438289800231,0.9925882830001456,1.2317097765002472,81028.54,125757.75,102.16,1558.7463080571117,3944.935040959485,29.0,0.1875392670157068,0.5165357940734581,199.0,200.0,200.0,5.462806507834512,230.56408614136467,13.164664900526205,0,0,0,0,1,7,42,0,0,0,,,,,,,,,,,,,,,,,,,,,,,,,,,,,,,,,,,,,,,,,,,,,,,,,,,,,,,,,,,,,,,,,,,,,,,,,,,,,,,,,,,,,,,,,,,,,,,,,,,,,,,,,,,,,,,,,,,,,
runs\logs\crm_results_dir\production_benchmark_summary.csv,runs\logs\crm_results_dir\results\prod_arxiv_s20260608_q50_types_all_sizes20_50_100_neural_component_b20_50_100_200_per_query.csv,arxiv,arxiv,20260608,arxiv,random_walk,20,hybrid,neural_component,type_feat32,50,50,50,0,50,0,0,0,0,50,0,0.8078777376999983,0.7849872809999567,1.3547659922499804,87.42,219.14999999999998,19.98,8816.90416993464,58048.50968864475,7.48,0.06027210884353741,0.48213460764481175,190.0,200.0,200.0,6.716846945575331,266.7395360952366,8.048810061225419,0,0,0,2,14,19,15,0,0,0,,,,,,,,,,,,,,,,,,,,,,,,,,,,,,,,,,,,,,,,,,,,,,,,,,,,,,,,,,,,,,,,,,,,,,,,,,,,,,,,,,,,,,,,,,,,,,,,,,,,,,,,,,,,,,,,,,,,,
runs\logs\crm_results_dir\production_benchmark_summary.csv,runs\logs\crm_results_dir\results\prod_arxiv_s20260608_q50_types_all_sizes20_50_100_neural_no_component_b20_50_100_200_per_query.csv,arxiv,arxiv,20260608,arxiv,random_walk,20,hybrid,neural_no_component,type_feat32,50,50,50,0,50,0,0,0,0,50,0,1.1731945390200018,1.4046695194999756,1.533359307199973,90.5,212.24999999999994,0.0,11059.59720958144,114762.66305861995,7.48,0.0421551724137931,0.4242614665028458,181.5,199.0,199.0,6.48270849999812,311.7302712586206,25.394596275862703,0,0,0,0,5,16,29,0,0,0,,,,,,,,,,,,,,,,,,,,,,,,,,,,,,,,,,,,,,,,,,,,,,,,,,,,,,,,,,,,,,,,,,,,,,,,,,,,,,,,,,,,,,,,,,,,,,,,,,,,,,,,,,,,,,,,,,,,,
runs\logs\crm_results_dir\production_benchmark_summary.csv,runs\logs\crm_results_dir\results\prod_arxiv_s20260608_q50_types_all_sizes20_50_100_neural_no_overlap_b20_50_100_200_per_query.csv,arxiv,arxiv,20260608,arxiv,random_walk,20,hybrid,neural_no_overlap,type_feat32,50,50,50,0,50,0,0,0,0,50,0,0.960024616580003,0.9795785335000176,0.992102313000008,80.1,190.24999999999994,19.98,20540.6221281431,214453.69114302204,7.48,0.04335858585858586,0.4866622294652598,181.5,199.0,199.0,6.2926881262660626,237.06422523737385,5.366233494950131,0,0,0,0,0,2,48,0,0,0,,,,,,,,,,,,,,,,,,,,,,,,,,,,,,,,,,,,,,,,,,,,,,,,,,,,,,,,,,,,,,,,,,,,,,,,,,,,,,,,,,,,,,,,,,,,,,,,,,,,,,,,,,,,,,,,,,,,,
runs\logs\crm_results_dir\production_benchmark_summary.csv,runs\logs\crm_results_dir\results\prod_arxiv_s20260608_q50_types_all_sizes20_50_100_neural_no_signature_b20_50_100_200_per_query.csv,arxiv,arxiv,20260608,arxiv,random_walk,20,hybrid,neural_no_signature,none,50,50,50,0,50,0,0,0,0,50,0,0.684817583240008,0.7913906015000123,0.9666557428499942,56239.7,122142.9,20.08,7966.682416218082,27265.30102018099,7.48,0.06027210884353741,0.48213460764481175,190.0,200.0,200.0,5.15984872108373,225.9082993061239,7.022851455783562,0,0,0,2,14,19,15,0,0,0,,,,,,,,,,,,,,,,,,,,,,,,,,,,,,,,,,,,,,,,,,,,,,,,,,,,,,,,,,,,,,,,,,,,,,,,,,,,,,,,,,,,,,,,,,,,,,,,,,,,,,,,,,,,,,,,,,,,,
runs\logs\crm_results_dir\production_benchmark_summary.csv,runs\logs\crm_results_dir\results\prod_arxiv_s20260608_q50_types_all_sizes20_50_100_neural_component_b20_50_100_200_per_query.csv,arxiv,arxiv,20260608,arxiv,random_walk,50,hybrid,neural_component,type_feat32,50,50,50,0,50,0,0,0,0,50,0,1.1362187144800122,1.347935781999979,1.4070031390000168,247.66,441.8499999999999,50.3,3447.3365837225956,19940.174751352664,14.66,0.10171348314606742,0.5239005364338007,198.0,200.0,200.0,6.637719095509469,309.0272887471928,10.135271500001672,0,0,0,1,3,13,33,0,0,0,,,,,,,,,,,,,,,,,,,,,,,,,,,,,,,,,,,,,,,,,,,,,,,,,,,,,,,,,,,,,,,,,,,,,,,,,,,,,,,,,,,,,,,,,,,,,,,,,,,,,,,,,,,,,,,,,,,,,
runs\logs\crm_results_dir\production_benchmark_summary.csv,runs\logs\crm_results_dir\results\prod_arxiv_s20260608_q50_types_all_sizes20_50_100_neural_no_component_b20_50_100_200_per_query.csv,arxiv,arxiv,20260608,arxiv,random_walk,50,hybrid,neural_no_component,type_feat32,50,50,50,0,50,0,0,0,0,50,0,1.6332758954600264,1.6616660310000952,2.0119974591999665,242.68,409.85,0.0,4412.395932654164,82592.69316338286,14.66,0.07703125000000001,0.4395852522448885,195.0,199.0,199.0,6.9219295937354985,362.4992705312522,62.832993911462985,0,0,0,0,0,8,42,0,0,0,,,,,,,,,,,,,,,,,,,,,,,,,,,,,,,,,,,,,,,,,,,,,,,,,,,,,,,,,,,,,,,,,,,,,,,,,,,,,,,,,,,,,,,,,,,,,,,,,,,,,,,,,,,,,,,,,,,,,
runs\logs\crm_results_dir\production_benchmark_summary.csv,runs\logs\crm_results_dir\results\prod_arxiv_s20260608_q50_types_all_sizes20_50_100_neural_no_overlap_b20_50_100_200_per_query.csv,arxiv,arxiv,20260608,arxiv,random_walk,50,hybrid,neural_no_overlap,type_feat32,50,50,50,0,50,0,0,0,0,50,0,1.023384481379976,1.0328965864999873,1.0457867921500508,185.14,346.94999999999993,50.3,9468.896455791006,160024.68569917677,14.66,0.07743718592964824,0.45929833382421403,195.0,199.0,199.0,6.446311658297948,248.19214681909116,8.939632422108852,0,0,0,0,0,1,49,0,0,0,,,,,,,,,,,,,,,,,,,,,,,,,,,,,,,,,,,,,,,,,,,,,,,,,,,,,,,,,,,,,,,,,,,,,,,,,,,,,,,,,,,,,,,,,,,,,,,,,,,,,,,,,,,,,,,,,,,,,
runs\logs\crm_results_dir\production_benchmark_summary.csv,runs\logs\crm_results_dir\results\prod_arxiv_s20260608_q50_types_all_sizes20_50_100_neural_no_signature_b20_50_100_200_per_query.csv,arxiv,arxiv,20260608,arxiv,random_walk,50,hybrid,neural_no_signature,none,50,50,50,0,50,0,0,0,0,50,0,0.8214531931800048,0.9105955779999704,1.1448004718499931,71840.64,122980.5,50.72,3103.613127950608,9371.584074773678,14.66,0.10171348314606742,0.5239005364338007,198.0,200.0,200.0,5.676125309004588,221.65792935393537,9.087349629212031,0,0,0,1,3,13,33,0,0,0,,,,,,,,,,,,,,,,,,,,,,,,,,,,,,,,,,,,,,,,,,,,,,,,,,,,,,,,,,,,,,,,,,,,,,,,,,,,,,,,,,,,,,,,,,,,,,,,,,,,,,,,,,,,,,,,,,,,,
runs\logs\crm_results_dir\production_benchmark_summary.csv,runs\logs\crm_results_dir\results\prod_arxiv_s20260608_q50_types_all_sizes20_50_100_neural_component_b20_50_100_200_per_query.csv,arxiv,arxiv,20260608,arxiv,single,100,hybrid,neural_component,type_feat32,50,50,50,0,50,0,0,0,0,50,0,0.43020188494000877,0.22693986199993788,1.446083639350104,224.82,786.9999999999997,100.18,1732.7962247822097,26280.870839301337,1.0,0.02449367088607595,0.6329113924050633,4.0,127.1,186.1,6.591696987342563,232.9422242025367,39.337449810127104,0,0,0,35,6,4,5,0,0,0,,,,,,,,,,,,,,,,,,,,,,,,,,,,,,,,,,,,,,,,,,,,,,,,,,,,,,,,,,,,,,,,,,,,,,,,,,,,,,,,,,,,,,,,,,,,,,,,,,,,,,,,,,,,,,,,,,,,,
runs\logs\crm_results_dir\production_benchmark_summary.csv,runs\logs\crm_results_dir\results\prod_arxiv_s20260608_q50_types_all_sizes20_50_100_neural_no_component_b20_50_100_200_per_query.csv,arxiv,arxiv,20260608,arxiv,single,100,hybrid,neural_no_component,type_feat32,50,50,50,0,50,0,0,0,0,50,0,1.423990978419988,1.5992427430001044,2.118372235449982,426.78,1116.6999999999996,0.0,2384.554073029806,81787.97322103484,1.0,0.0034337349397590366,0.30120481927710846,144.5,191.55,196.55,6.928865686762788,341.5130528795162,87.39989242770918,0,0,0,4,6,10,30,0,0,0,,,,,,,,,,,,,,,,,,,,,,,,,,,,,,,,,,,,,,,,,,,,,,,,,,,,,,,,,,,,,,,,,,,,,,,,,,,,,,,,,,,,,,,,,,,,,,,,,,,,,,,,,,,,,,,,,,,,,
runs\logs\crm_results_dir\production_benchmark_summary.csv,runs\logs\crm_results_dir\results\prod_arxiv_s20260608_q50_types_all_sizes20_50_100_neural_no_overlap_b20_50_100_200_per_query.csv,arxiv,arxiv,20260608,arxiv,single,100,hybrid,neural_no_overlap,type_feat32,50,50,50,0,50,0,0,0,0,50,0,0.828156445979996,1.1049218420000102,1.1213907719000928,243.22,589.2999999999997,100.18,4356.82944507404,217688.60290718518,1.0,0.0034337349397590366,0.30120481927710846,144.5,191.55,196.55,6.522526180721075,230.84609662048106,18.598616024096042,0,0,0,4,6,10,30,0,0,0,,,,,,,,,,,,,,,,,,,,,,,,,,,,,,,,,,,,,,,,,,,,,,,,,,,,,,,,,,,,,,,,,,,,,,,,,,,,,,,,,,,,,,,,,,,,,,,,,,,,,,,,,,,,,,,,,,,,,
runs\logs\crm_results_dir\production_benchmark_summary.csv,runs\logs\crm_results_dir\results\prod_arxiv_s20260608_q50_types_all_sizes20_50_100_neural_no_signature_b20_50_100_200_per_query.csv,arxiv,arxiv,20260608,arxiv,single,100,hybrid,neural_no_signature,none,50,50,50,0,50,0,0,0,0,50,0,0.27063727189999554,0.10558611300007215,1.0236849201499238,19808.5,100460.5999999999,100.32,1602.8577506325362,3166.8323425975955,1.0,0.02449367088607595,0.6329113924050633,4.0,127.1,186.1,5.724173810134272,139.25358888607522,32.03582370885865,0,0,0,35,6,4,5,0,0,0,,,,,,,,,,,,,,,,,,,,,,,,,,,,,,,,,,,,,,,,,,,,,,,,,,,,,,,,,,,,,,,,,,,,,,,,,,,,,,,,,,,,,,,,,,,,,,,,,,,,,,,,,,,,,,,,,,,,,
runs\logs\crm_results_dir\production_benchmark_summary.csv,runs\logs\crm_results_dir\results\prod_arxiv_s20260608_q50_types_all_sizes20_50_100_neural_component_b20_50_100_200_per_query.csv,arxiv,arxiv,20260608,arxiv,single,20,hybrid,neural_component,type_feat32,50,50,50,0,50,0,0,0,0,50,0,0.4360005676599991,0.35734869450000417,1.322064774949976,52.12,138.75,19.84,9157.466765664161,103886.08963799459,1.0,0.016755319148936174,0.5212765957446809,23.0,142.39999999999998,178.51,6.656390585105408,218.02039296808468,13.894802595744634,0,0,0,25,11,9,5,0,0,0,,,,,,,,,,,,,,,,,,,,,,,,,,,,,,,,,,,,,,,,,,,,,,,,,,,,,,,,,,,,,,,,,,,,,,,,,,,,,,,,,,,,,,,,,,,,,,,,,,,,,,,,,,,,,,,,,,,,,
runs\logs\crm_results_dir\production_benchmark_summary.csv,runs\logs\crm_results_dir\results\prod_arxiv_s20260608_q50_types_all_sizes20_50_100_neural_no_component_b20_50_100_200_per_query.csv,arxiv,arxiv,20260608,arxiv,single,20,hybrid,neural_no_component,type_feat32,50,50,50,0,50,0,0,0,0,50,0,0.9403757778800022,0.8836546739999953,1.5505002226000073,71.8,160.1,0.0,15657.98354838952,195374.5297819489,1.0,0.004189189189189189,0.3108108108108108,94.5,186.14999999999998,197.51,9.548039574323521,291.09814505405456,26.596374500000262,0,0,0,4,12,16,18,0,0,0,,,,,,,,,,,,,,,,,,,,,,,,,,,,,,,,,,,,,,,,,,,,,,,,,,,,,,,,,,,,,,,,,,,,,,,,,,,,,,,,,,,,,,,,,,,,,,,,,,,,,,,,,,,,,,,,,,,,,
runs\logs\crm_results_dir\production_benchmark_summary.csv,runs\logs\crm_results_dir\results\prod_arxiv_s20260608_q50_types_all_sizes20_50_100_neural_no_overlap_b20_50_100_200_per_query.csv,arxiv,arxiv,20260608,arxiv,single,20,hybrid,neural_no_overlap,type_feat32,50,50,50,0,50,0,0,0,0,50,0,0.6073675336999992,0.47557894849999727,0.9865361031499994,44.28,100.1,19.84,31924.988375415516,291552.6907573699,1.0,0.004188311688311688,0.3246753246753247,94.5,186.14999999999998,197.51,9.073913467532186,190.13405724675306,7.063193954545378,0,0,0,4,9,16,21,0,0,0,,,,,,,,,,,,,,,,,,,,,,,,,,,,,,,,,,,,,,,,,,,,,,,,,,,,,,,,,,,,,,,,,,,,,,,,,,,,,,,,,,,,,,,,,,,,,,,,,,,,,,,,,,,,,,,,,,,,,
runs\logs\crm_results_dir\production_benchmark_summary.csv,runs\logs\crm_results_dir\results\prod_arxiv_s20260608_q50_types_all_sizes20_50_100_neural_no_signature_b20_50_100_200_per_query.csv,arxiv,arxiv,20260608,arxiv,single,20,hybrid,neural_no_signature,none,50,50,50,0,50,0,0,0,0,50,0,0.3970646330399984,0.27406776099999064,0.9528993677999914,33631.92,117988.54999999999,19.86,8024.144185987201,22966.85951437292,1.0,0.016755319148936174,0.5212765957446809,23.0,142.39999999999998,178.51,5.064336329786768,200.87791282978642,10.326679212765917,0,0,0,25,11,9,5,0,0,0,,,,,,,,,,,,,,,,,,,,,,,,,,,,,,,,,,,,,,,,,,,,,,,,,,,,,,,,,,,,,,,,,,,,,,,,,,,,,,,,,,,,,,,,,,,,,,,,,,,,,,,,,,,,,,,,,,,,,
runs\logs\crm_results_dir\production_benchmark_summary.csv,runs\logs\crm_results_dir\results\prod_arxiv_s20260608_q50_types_all_sizes20_50_100_neural_component_b20_50_100_200_per_query.csv,arxiv,arxiv,20260608,arxiv,single,50,hybrid,neural_component,type_feat32,50,50,50,0,50,0,0,0,0,50,0,0.44852012352001114,0.19307695550000403,1.4239415090500271,116.36,346.44999999999993,50.18,3482.125555789679,31915.50993144673,1.0,0.020113636363636365,0.5681818181818182,5.5,115.1,140.9099999999999,6.847099875004274,233.3595851931853,21.48139407954827,0,0,0,31,6,7,6,0,0,0,,,,,,,,,,,,,,,,,,,,,,,,,,,,,,,,,,,,,,,,,,,,,,,,,,,,,,,,,,,,,,,,,,,,,,,,,,,,,,,,,,,,,,,,,,,,,,,,,,,,,,,,,,,,,,,,,,,,,
runs\logs\crm_results_dir\production_benchmark_summary.csv,runs\logs\crm_results_dir\results\prod_arxiv_s20260608_q50_types_all_sizes20_50_100_neural_no_component_b20_50_100_200_per_query.csv,arxiv,arxiv,20260608,arxiv,single,50,hybrid,neural_no_component,type_feat32,50,50,50,0,50,0,0,0,0,50,0,1.1852377151199982,1.4738315210000508,1.6954361959499833,191.1,420.15,0.0,5136.030936232178,138603.804577286,1.0,0.003384146341463415,0.3048780487804878,109.5,178.2,189.09999999999997,6.601245396342669,318.0206249939037,43.33233693292501,0,0,0,3,7,13,27,0,0,0,,,,,,,,,,,,,,,,,,,,,,,,,,,,,,,,,,,,,,,,,,,,,,,,,,,,,,,,,,,,,,,,,,,,,,,,,,,,,,,,,,,,,,,,,,,,,,,,,,,,,,,,,,,,,,,,,,,,,
runs\logs\crm_results_dir\production_benchmark_summary.csv,runs\logs\crm_results_dir\results\prod_arxiv_s20260608_q50_types_all_sizes20_50_100_neural_no_overlap_b20_50_100_200_per_query.csv,arxiv,arxiv,20260608,arxiv,single,50,hybrid,neural_no_overlap,type_feat32,50,50,50,0,50,0,0,0,0,50,0,0.7212508433599953,1.0146821840000655,1.0272737984999736,103.16,205.39999999999998,50.18,12232.483138629437,238792.71108416875,1.0,0.003384146341463415,0.3048780487804878,109.5,178.2,189.09999999999997,6.268775780485872,209.12031787194758,10.773231932929077,0,0,0,3,7,13,27,0,0,0,,,,,,,,,,,,,,,,,,,,,,,,,,,,,,,,,,,,,,,,,,,,,,,,,,,,,,,,,,,,,,,,,,,,,,,,,,,,,,,,,,,,,,,,,,,,,,,,,,,,,,,,,,,,,,,,,,,,,
runs\logs\crm_results_dir\production_benchmark_summary.csv,runs\logs\crm_results_dir\results\prod_arxiv_s20260608_q50_types_all_sizes20_50_100_neural_no_signature_b20_50_100_200_per_query.csv,arxiv,arxiv,20260608,arxiv,single,50,hybrid,neural_no_signature,none,50,50,50,0,50,0,0,0,0,50,0,0.29614716122000345,0.07747677800006159,0.9229518920499116,27776.74,117542.54999999999,50.26,3160.5003910101846,6823.645135585766,1.0,0.020113636363636365,0.5681818181818182,5.5,115.1,140.9099999999999,5.410901659082222,150.71309942045602,17.552333090909595,0,0,0,31,6,7,6,0,0,0,,,,,,,,,,,,,,,,,,,,,,,,,,,,,,,,,,,,,,,,,,,,,,,,,,,,,,,,,,,,,,,,,,,,,,,,,,,,,,,,,,,,,,,,,,,,,,,,,,,,,,,,,,,,,,,,,,,,,
