model,method,seed_k,coarse_budget,queries,seed_fullcov,avg_seed_recall,expanded_fullcov,avg_expanded_recall,fine_pool_fullcov,avg_fine_pool_recall,avg_max_true_coarse_rank,fine_fullcov_at_25,avg_fine_recall_at_25,fine_fullcov_at_50,avg_fine_recall_at_50,fine_fullcov_at_75,avg_fine_recall_at_75,fine_fullcov_at_100,avg_fine_recall_at_100,fine_fullcov_at_150,avg_fine_recall_at_150,fine_fullcov_at_200,avg_fine_recall_at_200,fine_fullcov_at_250,avg_fine_recall_at_250,fine_fullcov_at_300,avg_fine_recall_at_300,fine_fullcov_at_400,avg_fine_recall_at_400,fine_fullcov_at_625,avg_fine_recall_at_625,fine_fullcov_at_750,avg_fine_recall_at_750
fair_control_seed7101_best,coarse_hybrid_mw0.25_teleport10,20,50,100,22,0.6745406880700999,50,0.8823274372686137,0,0.0,69.8,0,0.0,0,0.0,0,0.0,0,0.0,0,0.0,0,0.0,0,0.0,0,0.0,0,0.0,0,0.0,0,0.0
fair_control_seed7101_best,coarse_hybrid_mw0.25_teleport10,20,75,100,22,0.6745406880700999,64,0.9291386881092764,0,0.0,69.8,0,0.0,0,0.0,0,0.0,0,0.0,0,0.0,0,0.0,0,0.0,0,0.0,0,0.0,0,0.0,0,0.0
fair_control_seed7101_best,coarse_hybrid_mw0.25_teleport10,20,100,100,22,0.6745406880700999,81,0.959789359333477,0,0.0,69.8,0,0.0,0,0.0,0,0.0,0,0.0,0,0.0,0,0.0,0,0.0,0,0.0,0,0.0,0,0.0,0,0.0
fair_control_seed7101_best,coarse_hybrid_mw0.25_teleport5,20,50,100,22,0.6745406880700999,48,0.8841421127891717,0,0.0,69.8,0,0.0,0,0.0,0,0.0,0,0.0,0,0.0,0,0.0,0,0.0,0,0.0,0,0.0,0,0.0,0,0.0
fair_control_seed7101_best,coarse_hybrid_mw0.25_teleport5,20,75,100,22,0.6745406880700999,68,0.9409646954352837,0,0.0,69.8,0,0.0,0,0.0,0,0.0,0,0.0,0,0.0,0,0.0,0,0.0,0,0.0,0,0.0,0,0.0,0,0.0
fair_control_seed7101_best,coarse_hybrid_mw0.25_teleport5,20,100,100,22,0.6745406880700999,82,0.9666623752064929,0,0.0,69.8,0,0.0,0,0.0,0,0.0,0,0.0,0,0.0,0,0.0,0,0.0,0,0.0,0,0.0,0,0.0,0,0.0
fair_control_seed7101_best,coarse_hybrid_mw0.5_teleport10,20,50,100,22,0.6745406880700999,49,0.8804081980111391,0,0.0,69.8,0,0.0,0,0.0,0,0.0,0,0.0,0,0.0,0,0.0,0,0.0,0,0.0,0,0.0,0,0.0,0,0.0
fair_control_seed7101_best,coarse_hybrid_mw0.5_teleport10,20,75,100,22,0.6745406880700999,67,0.9416243233890293,0,0.0,69.8,0,0.0,0,0.0,0,0.0,0,0.0,0,0.0,0,0.0,0,0.0,0,0.0,0,0.0,0,0.0,0,0.0
fair_control_seed7101_best,coarse_hybrid_mw0.5_teleport10,20,100,100,22,0.6745406880700999,85,0.9698940242763773,0,0.0,69.8,0,0.0,0,0.0,0,0.0,0,0.0,0,0.0,0,0.0,0,0.0,0,0.0,0,0.0,0,0.0,0,0.0
fair_control_seed7101_best,coarse_hybrid_mw0.5_teleport5,20,50,100,22,0.6745406880700999,48,0.8814637535666948,0,0.0,69.8,0,0.0,0,0.0,0,0.0,0,0.0,0,0.0,0,0.0,0,0.0,0,0.0,0,0.0,0,0.0,0,0.0
fair_control_seed7101_best,coarse_hybrid_mw0.5_teleport5,20,75,100,22,0.6745406880700999,67,0.9418743233890292,0,0.0,69.8,0,0.0,0,0.0,0,0.0,0,0.0,0,0.0,0,0.0,0,0.0,0,0.0,0,0.0,0,0.0,0,0.0
fair_control_seed7101_best,coarse_hybrid_mw0.5_teleport5,20,100,100,22,0.6745406880700999,84,0.9682273576097106,0,0.0,69.8,0,0.0,0,0.0,0,0.0,0,0.0,0,0.0,0,0.0,0,0.0,0,0.0,0,0.0,0,0.0,0,0.0
fair_control_seed7101_best,coarse_hybrid_mw0.75_teleport10,20,50,100,22,0.6745406880700999,43,0.8645571781160016,0,0.0,69.8,0,0.0,0,0.0,0,0.0,0,0.0,0,0.0,0,0.0,0,0.0,0,0.0,0,0.0,0,0.0,0,0.0
fair_control_seed7101_best,coarse_hybrid_mw0.75_teleport10,20,75,100,22,0.6745406880700999,65,0.9280882858971095,0,0.0,69.8,0,0.0,0,0.0,0,0.0,0,0.0,0,0.0,0,0.0,0,0.0,0,0.0,0,0.0,0,0.0,0,0.0
fair_control_seed7101_best,coarse_hybrid_mw0.75_teleport10,20,100,100,22,0.6745406880700999,76,0.9517220589867648,0,0.0,69.8,0,0.0,0,0.0,0,0.0,0,0.0,0,0.0,0,0.0,0,0.0,0,0.0,0,0.0,0,0.0,0,0.0
fair_control_seed7101_best,coarse_hybrid_mw0.75_teleport5,20,50,100,22,0.6745406880700999,43,0.866501622560446,0,0.0,69.8,0,0.0,0,0.0,0,0.0,0,0.0,0,0.0,0,0.0,0,0.0,0,0.0,0,0.0,0,0.0,0,0.0
fair_control_seed7101_best,coarse_hybrid_mw0.75_teleport5,20,75,100,22,0.6745406880700999,60,0.9184099642187877,0,0.0,69.8,0,0.0,0,0.0,0,0.0,0,0.0,0,0.0,0,0.0,0,0.0,0,0.0,0,0.0,0,0.0,0,0.0
fair_control_seed7101_best,coarse_hybrid_mw0.75_teleport5,20,100,100,22,0.6745406880700999,76,0.9517220589867648,0,0.0,69.8,0,0.0,0,0.0,0,0.0,0,0.0,0,0.0,0,0.0,0,0.0,0,0.0,0,0.0,0,0.0,0,0.0
fair_control_seed7101_best,dual_hybrid_rrf_mw0.25_teleport10,20,50,100,24,0.6840997401291519,51,0.8870804342716108,0,0.0,69.8,0,0.0,0,0.0,0,0.0,0,0.0,0,0.0,0,0.0,0,0.0,0,0.0,0,0.0,0,0.0,0,0.0
fair_control_seed7101_best,dual_hybrid_rrf_mw0.25_teleport10,20,75,100,24,0.6840997401291519,66,0.9319839262045144,0,0.0,69.8,0,0.0,0,0.0,0,0.0,0,0.0,0,0.0,0,0.0,0,0.0,0,0.0,0,0.0,0,0.0,0,0.0
fair_control_seed7101_best,dual_hybrid_rrf_mw0.25_teleport10,20,100,100,24,0.6840997401291519,80,0.9584038281979459,0,0.0,69.8,0,0.0,0,0.0,0,0.0,0,0.0,0,0.0,0,0.0,0,0.0,0,0.0,0,0.0,0,0.0,0,0.0
fair_control_seed7101_best,dual_hybrid_rrf_mw0.25_teleport5,20,50,100,25,0.6861113951408069,53,0.8948066247478011,0,0.0,69.8,0,0.0,0,0.0,0,0.0,0,0.0,0,0.0,0,0.0,0,0.0,0,0.0,0,0.0,0,0.0,0,0.0
fair_control_seed7101_best,dual_hybrid_rrf_mw0.25_teleport5,20,75,100,25,0.6861113951408069,68,0.9408291642997526,0,0.0,69.8,0,0.0,0,0.0,0,0.0,0,0.0,0,0.0,0,0.0,0,0.0,0,0.0,0,0.0,0,0.0,0,0.0
fair_control_seed7101_best,dual_hybrid_rrf_mw0.25_teleport5,20,100,100,25,0.6861113951408069,82,0.9639957085398262,0,0.0,69.8,0,0.0,0,0.0,0,0.0,0,0.0,0,0.0,0,0.0,0,0.0,0,0.0,0,0.0,0,0.0,0,0.0
fair_control_seed7101_best,dual_hybrid_rrf_mw0.5_teleport10,20,50,100,23,0.681739600269012,52,0.891015340868282,0,0.0,69.8,0,0.0,0,0.0,0,0.0,0,0.0,0,0.0,0,0.0,0,0.0,0,0.0,0,0.0,0,0.0,0,0.0
fair_control_seed7101_best,dual_hybrid_rrf_mw0.5_teleport10,20,75,100,23,0.681739600269012,65,0.9327433710080768,0,0.0,69.8,0,0.0,0,0.0,0,0.0,0,0.0,0,0.0,0,0.0,0,0.0,0,0.0,0,0.0,0,0.0,0,0.0
fair_control_seed7101_best,dual_hybrid_rrf_mw0.5_teleport10,20,100,100,23,0.681739600269012,84,0.9673940242763773,0,0.0,69.8,0,0.0,0,0.0,0,0.0,0,0.0,0,0.0,0,0.0,0,0.0,0,0.0,0,0.0,0,0.0,0,0.0
fair_control_seed7101_best,dual_hybrid_rrf_mw0.5_teleport5,20,50,100,23,0.6841754977049095,51,0.888051304904246,0,0.0,69.8,0,0.0,0,0.0,0,0.0,0,0.0,0,0.0,0,0.0,0,0.0,0,0.0,0,0.0,0,0.0,0,0.0
fair_control_seed7101_best,dual_hybrid_rrf_mw0.5_teleport5,20,75,100,23,0.6841754977049095,67,0.9399219424366483,0,0.0,69.8,0,0.0,0,0.0,0,0.0,0,0.0,0,0.0,0,0.0,0,0.0,0,0.0,0,0.0,0,0.0,0,0.0
fair_control_seed7101_best,dual_hybrid_rrf_mw0.5_teleport5,20,100,100,23,0.6841754977049095,83,0.9653940242763772,0,0.0,69.8,0,0.0,0,0.0,0,0.0,0,0.0,0,0.0,0,0.0,0,0.0,0,0.0,0,0.0,0,0.0,0,0.0
fair_control_seed7101_best,dual_hybrid_rrf_mw0.75_teleport10,20,50,100,25,0.6864014384308501,47,0.8738859326947562,0,0.0,69.8,0,0.0,0,0.0,0,0.0,0,0.0,0,0.0,0,0.0,0,0.0,0,0.0,0,0.0,0,0.0,0,0.0
fair_control_seed7101_best,dual_hybrid_rrf_mw0.75_teleport10,20,75,100,25,0.6864014384308501,63,0.9253431878578938,0,0.0,69.8,0,0.0,0,0.0,0,0.0,0,0.0,0,0.0,0,0.0,0,0.0,0,0.0,0,0.0,0,0.0,0,0.0
fair_control_seed7101_best,dual_hybrid_rrf_mw0.75_teleport10,20,100,100,25,0.6864014384308501,76,0.9540956853603914,0,0.0,69.8,0,0.0,0,0.0,0,0.0,0,0.0,0,0.0,0,0.0,0,0.0,0,0.0,0,0.0,0,0.0,0,0.0
fair_control_seed7101_best,dual_hybrid_rrf_mw0.75_teleport5,20,50,100,25,0.6864014384308501,48,0.8756716469804705,0,0.0,69.8,0,0.0,0,0.0,0,0.0,0,0.0,0,0.0,0,0.0,0,0.0,0,0.0,0,0.0,0,0.0,0,0.0
fair_control_seed7101_best,dual_hybrid_rrf_mw0.75_teleport5,20,75,100,25,0.6864014384308501,61,0.9219340969488029,0,0.0,69.8,0,0.0,0,0.0,0,0.0,0,0.0,0,0.0,0,0.0,0,0.0,0,0.0,0,0.0,0,0.0,0,0.0
fair_control_seed7101_best,dual_hybrid_rrf_mw0.75_teleport5,20,100,100,25,0.6864014384308501,76,0.9540956853603914,0,0.0,69.8,0,0.0,0,0.0,0,0.0,0,0.0,0,0.0,0,0.0,0,0.0,0,0.0,0,0.0,0,0.0,0,0.0
fair_control_seed7101_best,fixed,20,20,100,22,0.6745406880700999,22,0.6745406880700999,0,0.0,69.8,0,0.0,0,0.0,0,0.0,0,0.0,0,0.0,0,0.0,0,0.0,0,0.0,0,0.0,0,0.0,0,0.0
fair_control_seed7101_best,fixed,50,50,100,40,0.852107831710773,40,0.852107831710773,0,0.0,69.8,0,0.0,0,0.0,0,0.0,0,0.0,0,0.0,0,0.0,0,0.0,0,0.0,0,0.0,0,0.0,0,0.0
fair_control_seed7101_best,fixed,100,100,100,74,0.9490504903593139,74,0.9490504903593139,0,0.0,69.8,0,0.0,0,0.0,0,0.0,0,0.0,0,0.0,0,0.0,0,0.0,0,0.0,0,0.0,0,0.0,0,0.0
fair_control_seed7101_best,fixed_dual_hybrid_rrf_mw0.25_teleport10,20,50,100,26,0.6934129824423942,50,0.8955154518683931,0,0.0,69.8,0,0.0,0,0.0,0,0.0,0,0.0,0,0.0,0,0.0,0,0.0,0,0.0,0,0.0,0,0.0,0,0.0
fair_control_seed7101_best,fixed_dual_hybrid_rrf_mw0.25_teleport10,20,75,100,26,0.6934129824423942,66,0.9406350071497129,0,0.0,69.8,0,0.0,0,0.0,0,0.0,0,0.0,0,0.0,0,0.0,0,0.0,0,0.0,0,0.0,0,0.0,0,0.0
fair_control_seed7101_best,fixed_dual_hybrid_rrf_mw0.25_teleport10,20,100,100,26,0.6934129824423942,82,0.9645606909430439,0,0.0,69.8,0,0.0,0,0.0,0,0.0,0,0.0,0,0.0,0,0.0,0,0.0,0,0.0,0,0.0,0,0.0,0,0.0
fair_control_seed7101_best,fixed_dual_hybrid_rrf_mw0.25_teleport5,20,50,100,25,0.6841034586328704,51,0.896356360959302,0,0.0,69.8,0,0.0,0,0.0,0,0.0,0,0.0,0,0.0,0,0.0,0,0.0,0,0.0,0,0.0,0,0.0,0,0.0
fair_control_seed7101_best,fixed_dual_hybrid_rrf_mw0.25_teleport5,20,75,100,25,0.6841034586328704,67,0.9413657763804822,0,0.0,69.8,0,0.0,0,0.0,0,0.0,0,0.0,0,0.0,0,0.0,0,0.0,0,0.0,0,0.0,0,0.0,0,0.0
fair_control_seed7101_best,fixed_dual_hybrid_rrf_mw0.25_teleport5,20,100,100,25,0.6841034586328704,82,0.9645606909430439,0,0.0,69.8,0,0.0,0,0.0,0,0.0,0,0.0,0,0.0,0,0.0,0,0.0,0,0.0,0,0.0,0,0.0,0,0.0
fair_control_seed7101_best,fixed_dual_hybrid_rrf_mw0.5_teleport10,20,50,100,23,0.6832820300614418,47,0.8731399009487245,0,0.0,69.8,0,0.0,0,0.0,0,0.0,0,0.0,0,0.0,0,0.0,0,0.0,0,0.0,0,0.0,0,0.0,0,0.0
fair_control_seed7101_best,fixed_dual_hybrid_rrf_mw0.5_teleport10,20,75,100,23,0.6832820300614418,67,0.9417076567223626,0,0.0,69.8,0,0.0,0,0.0,0,0.0,0,0.0,0,0.0,0,0.0,0,0.0,0,0.0,0,0.0,0,0.0,0,0.0
fair_control_seed7101_best,fixed_dual_hybrid_rrf_mw0.5_teleport10,20,100,100,23,0.6832820300614418,81,0.9631274673039378,0,0.0,69.8,0,0.0,0,0.0,0,0.0,0,0.0,0,0.0,0,0.0,0,0.0,0,0.0,0,0.0,0,0.0,0,0.0
fair_control_seed7101_best,fixed_dual_hybrid_rrf_mw0.5_teleport5,20,50,100,23,0.6822820300614418,46,0.8728492847022258,0,0.0,69.8,0,0.0,0,0.0,0,0.0,0,0.0,0,0.0,0,0.0,0,0.0,0,0.0,0,0.0,0,0.0,0,0.0
fair_control_seed7101_best,fixed_dual_hybrid_rrf_mw0.5_teleport5,20,75,100,23,0.6822820300614418,66,0.9387076567223626,0,0.0,69.8,0,0.0,0,0.0,0,0.0,0,0.0,0,0.0,0,0.0,0,0.0,0,0.0,0,0.0,0,0.0,0,0.0
fair_control_seed7101_best,fixed_dual_hybrid_rrf_mw0.5_teleport5,20,100,100,23,0.6822820300614418,79,0.9614723821929704,0,0.0,69.8,0,0.0,0,0.0,0,0.0,0,0.0,0,0.0,0,0.0,0,0.0,0,0.0,0,0.0,0,0.0,0,0.0
fair_control_seed7101_best,fixed_dual_hybrid_rrf_mw0.75_teleport10,20,50,100,23,0.6829054066848184,45,0.867735749544573,0,0.0,69.8,0,0.0,0,0.0,0,0.0,0,0.0,0,0.0,0,0.0,0,0.0,0,0.0,0,0.0,0,0.0,0,0.0
fair_control_seed7101_best,fixed_dual_hybrid_rrf_mw0.75_teleport10,20,75,100,23,0.6829054066848184,62,0.9254340969488029,0,0.0,69.8,0,0.0,0,0.0,0,0.0,0,0.0,0,0.0,0,0.0,0,0.0,0,0.0,0,0.0,0,0.0,0,0.0
fair_control_seed7101_best,fixed_dual_hybrid_rrf_mw0.75_teleport10,20,100,100,23,0.6829054066848184,78,0.9562934875581935,0,0.0,69.8,0,0.0,0,0.0,0,0.0,0,0.0,0,0.0,0,0.0,0,0.0,0,0.0,0,0.0,0,0.0,0,0.0
fair_control_seed7101_best,fixed_dual_hybrid_rrf_mw0.75_teleport5,20,50,100,23,0.6821911209705327,45,0.8669024162112398,0,0.0,69.8,0,0.0,0,0.0,0,0.0,0,0.0,0,0.0,0,0.0,0,0.0,0,0.0,0,0.0,0,0.0,0,0.0
fair_control_seed7101_best,fixed_dual_hybrid_rrf_mw0.75_teleport5,20,75,100,23,0.6821911209705327,62,0.9254340969488029,0,0.0,69.8,0,0.0,0,0.0,0,0.0,0,0.0,0,0.0,0,0.0,0,0.0,0,0.0,0,0.0,0,0.0,0,0.0
fair_control_seed7101_best,fixed_dual_hybrid_rrf_mw0.75_teleport5,20,100,100,23,0.6821911209705327,78,0.9562934875581935,0,0.0,69.8,0,0.0,0,0.0,0,0.0,0,0.0,0,0.0,0,0.0,0,0.0,0,0.0,0,0.0,0,0.0,0,0.0
fair_control_seed7101_best,global_fine_rrf_fixed,20,20,100,23,0.6750606305459246,23,0.6750606305459246,0,0.0,69.8,0,0.0,0,0.0,0,0.0,0,0.0,0,0.0,0,0.0,0,0.0,0,0.0,0,0.0,0,0.0,0,0.0
fair_control_seed7101_best,global_fine_rrf_fixed,50,50,100,42,0.8491739224827459,42,0.8491739224827459,0,0.0,69.8,0,0.0,0,0.0,0,0.0,0,0.0,0,0.0,0,0.0,0,0.0,0,0.0,0,0.0,0,0.0,0,0.0
fair_control_seed7101_best,global_fine_rrf_fixed,100,100,100,73,0.9459097879244938,73,0.9459097879244938,0,0.0,69.8,0,0.0,0,0.0,0,0.0,0,0.0,0,0.0,0,0.0,0,0.0,0,0.0,0,0.0,0,0.0,0,0.0
fair_control_seed7101_best,global_fine_rrf_hybrid_mw0.25_teleport10,20,50,100,23,0.6750606305459246,50,0.8827162886133475,0,0.0,69.8,0,0.0,0,0.0,0,0.0,0,0.0,0,0.0,0,0.0,0,0.0,0,0.0,0,0.0,0,0.0,0,0.0
fair_control_seed7101_best,global_fine_rrf_hybrid_mw0.25_teleport10,20,75,100,23,0.6750606305459246,63,0.9263840358987417,0,0.0,69.8,0,0.0,0,0.0,0,0.0,0,0.0,0,0.0,0,0.0,0,0.0,0,0.0,0,0.0,0,0.0,0,0.0
fair_control_seed7101_best,global_fine_rrf_hybrid_mw0.25_teleport10,20,100,100,23,0.6750606305459246,80,0.9589038281979458,0,0.0,69.8,0,0.0,0,0.0,0,0.0,0,0.0,0,0.0,0,0.0,0,0.0,0,0.0,0,0.0,0,0.0,0,0.0
fair_control_seed7101_best,global_fine_rrf_hybrid_mw0.25_teleport5,20,50,100,23,0.6750606305459246,49,0.8859262453233042,0,0.0,69.8,0,0.0,0,0.0,0,0.0,0,0.0,0,0.0,0,0.0,0,0.0,0,0.0,0,0.0,0,0.0,0,0.0
fair_control_seed7101_best,global_fine_rrf_hybrid_mw0.25_teleport5,20,75,100,23,0.6750606305459246,65,0.9320599335305217,0,0.0,69.8,0,0.0,0,0.0,0,0.0,0,0.0,0,0.0,0,0.0,0,0.0,0,0.0,0,0.0,0,0.0,0,0.0
fair_control_seed7101_best,global_fine_rrf_hybrid_mw0.25_teleport5,20,100,100,23,0.6750606305459246,80,0.9627106047547224,0,0.0,69.8,0,0.0,0,0.0,0,0.0,0,0.0,0,0.0,0,0.0,0,0.0,0,0.0,0,0.0,0,0.0,0,0.0
fair_control_seed7101_best,global_fine_rrf_hybrid_mw0.5_teleport10,20,50,100,23,0.6750606305459246,51,0.8840028256057668,0,0.0,69.8,0,0.0,0,0.0,0,0.0,0,0.0,0,0.0,0,0.0,0,0.0,0,0.0,0,0.0,0,0.0,0,0.0
fair_control_seed7101_best,global_fine_rrf_hybrid_mw0.5_teleport10,20,75,100,23,0.6750606305459246,63,0.9276322598969657,0,0.0,69.8,0,0.0,0,0.0,0,0.0,0,0.0,0,0.0,0,0.0,0,0.0,0,0.0,0,0.0,0,0.0,0,0.0
fair_control_seed7101_best,global_fine_rrf_hybrid_mw0.5_teleport10,20,100,100,23,0.6750606305459246,82,0.9657032248796955,0,0.0,69.8,0,0.0,0,0.0,0,0.0,0,0.0,0,0.0,0,0.0,0,0.0,0,0.0,0,0.0,0,0.0,0,0.0
fair_control_seed7101_best,global_fine_rrf_hybrid_mw0.5_teleport5,20,50,100,23,0.6750606305459246,50,0.8788767017296429,0,0.0,69.8,0,0.0,0,0.0,0,0.0,0,0.0,0,0.0,0,0.0,0,0.0,0,0.0,0,0.0,0,0.0,0,0.0
fair_control_seed7101_best,global_fine_rrf_hybrid_mw0.5_teleport5,20,75,100,23,0.6750606305459246,65,0.9317274979922039,0,0.0,69.8,0,0.0,0,0.0,0,0.0,0,0.0,0,0.0,0,0.0,0,0.0,0,0.0,0,0.0,0,0.0,0,0.0
fair_control_seed7101_best,global_fine_rrf_hybrid_mw0.5_teleport5,20,100,100,23,0.6750606305459246,82,0.9691201412966118,0,0.0,69.8,0,0.0,0,0.0,0,0.0,0,0.0,0,0.0,0,0.0,0,0.0,0,0.0,0,0.0,0,0.0,0,0.0
fair_control_seed7101_best,global_fine_rrf_hybrid_mw0.75_teleport10,20,50,100,23,0.6750606305459246,43,0.8639077262606675,0,0.0,69.8,0,0.0,0,0.0,0,0.0,0,0.0,0,0.0,0,0.0,0,0.0,0,0.0,0,0.0,0,0.0,0,0.0
fair_control_seed7101_best,global_fine_rrf_hybrid_mw0.75_teleport10,20,75,100,23,0.6750606305459246,61,0.9213352513499572,0,0.0,69.8,0,0.0,0,0.0,0,0.0,0,0.0,0,0.0,0,0.0,0,0.0,0,0.0,0,0.0,0,0.0,0,0.0
fair_control_seed7101_best,global_fine_rrf_hybrid_mw0.75_teleport10,20,100,100,23,0.6750606305459246,77,0.9564216926863987,0,0.0,69.8,0,0.0,0,0.0,0,0.0,0,0.0,0,0.0,0,0.0,0,0.0,0,0.0,0,0.0,0,0.0,0,0.0
fair_control_seed7101_best,global_fine_rrf_hybrid_mw0.75_teleport5,20,50,100,23,0.6750606305459246,43,0.8614205647293882,0,0.0,69.8,0,0.0,0,0.0,0,0.0,0,0.0,0,0.0,0,0.0,0,0.0,0,0.0,0,0.0,0,0.0,0,0.0
fair_control_seed7101_best,global_fine_rrf_hybrid_mw0.75_teleport5,20,75,100,23,0.6750606305459246,59,0.9215170695317754,0,0.0,69.8,0,0.0,0,0.0,0,0.0,0,0.0,0,0.0,0,0.0,0,0.0,0,0.0,0,0.0,0,0.0,0,0.0
fair_control_seed7101_best,global_fine_rrf_hybrid_mw0.75_teleport5,20,100,100,23,0.6750606305459246,77,0.9564216926863987,0,0.0,69.8,0,0.0,0,0.0,0,0.0,0,0.0,0,0.0,0,0.0,0,0.0,0,0.0,0,0.0,0,0.0,0,0.0
fair_control_seed7101_best+fair_control_seed7101_final+fair_control_seed7102_best+fair_control_seed7102_final+fair_cvar_seed7101_best+fair_cvar_seed7101_final+fair_final_seed7101_best+fair_final_seed7101_final+fair_final_seed7102_best+fair_final_seed7102_final+fair_topk_seed7101_best+fair_topk_seed7101_final,cross_model_all_hybrid_rrf_mw0.25_teleport10,20,50,100,24,0.7265220025072966,53,0.889443014501838,0,0.0,57.13,0,0.0,0,0.0,0,0.0,0,0.0,0,0.0,0,0.0,0,0.0,0,0.0,0,0.0,0,0.0,0,0.0
fair_control_seed7101_best+fair_control_seed7101_final+fair_control_seed7102_best+fair_control_seed7102_final+fair_cvar_seed7101_best+fair_cvar_seed7101_final+fair_final_seed7101_best+fair_final_seed7101_final+fair_final_seed7102_best+fair_final_seed7102_final+fair_topk_seed7101_best+fair_topk_seed7101_final,cross_model_all_hybrid_rrf_mw0.25_teleport10,20,75,100,24,0.7265220025072966,71,0.938501343427814,0,0.0,57.13,0,0.0,0,0.0,0,0.0,0,0.0,0,0.0,0,0.0,0,0.0,0,0.0,0,0.0,0,0.0,0,0.0
fair_control_seed7101_best+fair_control_seed7101_final+fair_control_seed7102_best+fair_control_seed7102_final+fair_cvar_seed7101_best+fair_cvar_seed7101_final+fair_final_seed7101_best+fair_final_seed7101_final+fair_final_seed7102_best+fair_final_seed7102_final+fair_topk_seed7101_best+fair_topk_seed7101_final,cross_model_all_hybrid_rrf_mw0.25_teleport10,20,100,100,24,0.7265220025072966,82,0.9647298355239532,0,0.0,57.13,0,0.0,0,0.0,0,0.0,0,0.0,0,0.0,0,0.0,0,0.0,0,0.0,0,0.0,0,0.0,0,0.0
fair_control_seed7101_best+fair_control_seed7101_final+fair_control_seed7102_best+fair_control_seed7102_final+fair_cvar_seed7101_best+fair_cvar_seed7101_final+fair_final_seed7101_best+fair_final_seed7101_final+fair_final_seed7102_best+fair_final_seed7102_final+fair_topk_seed7101_best+fair_topk_seed7101_final,cross_model_all_hybrid_rrf_mw0.25_teleport5,20,50,100,25,0.7281095163006929,54,0.8911529712117948,0,0.0,55.44,0,0.0,0,0.0,0,0.0,0,0.0,0,0.0,0,0.0,0,0.0,0,0.0,0,0.0,0,0.0,0,0.0
fair_control_seed7101_best+fair_control_seed7101_final+fair_control_seed7102_best+fair_control_seed7102_final+fair_cvar_seed7101_best+fair_cvar_seed7101_final+fair_final_seed7101_best+fair_final_seed7101_final+fair_final_seed7102_best+fair_final_seed7102_final+fair_topk_seed7101_best+fair_topk_seed7101_final,cross_model_all_hybrid_rrf_mw0.25_teleport5,20,75,100,25,0.7281095163006929,73,0.9518902323167029,0,0.0,55.44,0,0.0,0,0.0,0,0.0,0,0.0,0,0.0,0,0.0,0,0.0,0,0.0,0,0.0,0,0.0,0,0.0
fair_control_seed7101_best+fair_control_seed7101_final+fair_control_seed7102_best+fair_control_seed7102_final+fair_cvar_seed7101_best+fair_cvar_seed7101_final+fair_final_seed7101_best+fair_final_seed7101_final+fair_final_seed7102_best+fair_final_seed7102_final+fair_topk_seed7101_best+fair_topk_seed7101_final,cross_model_all_hybrid_rrf_mw0.25_teleport5,20,100,100,25,0.7281095163006929,83,0.9694084069525246,0,0.0,55.44,0,0.0,0,0.0,0,0.0,0,0.0,0,0.0,0,0.0,0,0.0,0,0.0,0,0.0,0,0.0,0,0.0
fair_control_seed7101_best+fair_control_seed7101_final+fair_control_seed7102_best+fair_control_seed7102_final+fair_cvar_seed7101_best+fair_cvar_seed7101_final+fair_final_seed7101_best+fair_final_seed7101_final+fair_final_seed7102_best+fair_final_seed7102_final+fair_topk_seed7101_best+fair_topk_seed7101_final,cross_model_all_hybrid_rrf_mw0.5_teleport10,20,50,100,24,0.7286650718562483,51,0.8873169640816699,0,0.0,55.41,0,0.0,0,0.0,0,0.0,0,0.0,0,0.0,0,0.0,0,0.0,0,0.0,0,0.0,0,0.0,0,0.0
fair_control_seed7101_best+fair_control_seed7101_final+fair_control_seed7102_best+fair_control_seed7102_final+fair_cvar_seed7101_best+fair_cvar_seed7101_final+fair_final_seed7101_best+fair_final_seed7101_final+fair_final_seed7102_best+fair_final_seed7102_final+fair_topk_seed7101_best+fair_topk_seed7101_final,cross_model_all_hybrid_rrf_mw0.5_teleport10,20,75,100,24,0.7286650718562483,70,0.9444067158331865,0,0.0,55.41,0,0.0,0,0.0,0,0.0,0,0.0,0,0.0,0,0.0,0,0.0,0,0.0,0,0.0,0,0.0,0,0.0
fair_control_seed7101_best+fair_control_seed7101_final+fair_control_seed7102_best+fair_control_seed7102_final+fair_cvar_seed7101_best+fair_cvar_seed7101_final+fair_final_seed7101_best+fair_final_seed7101_final+fair_final_seed7102_best+fair_final_seed7102_final+fair_topk_seed7101_best+fair_topk_seed7101_final,cross_model_all_hybrid_rrf_mw0.5_teleport10,20,100,100,24,0.7286650718562483,82,0.9673916002298355,0,0.0,55.41,0,0.0,0,0.0,0,0.0,0,0.0,0,0.0,0,0.0,0,0.0,0,0.0,0,0.0,0,0.0,0,0.0
fair_control_seed7101_best+fair_control_seed7101_final+fair_control_seed7102_best+fair_control_seed7102_final+fair_cvar_seed7101_best+fair_cvar_seed7101_final+fair_final_seed7101_best+fair_final_seed7101_final+fair_final_seed7102_best+fair_final_seed7102_final+fair_topk_seed7101_best+fair_topk_seed7101_final,cross_model_all_hybrid_rrf_mw0.5_teleport5,20,50,100,24,0.7286650718562483,52,0.8900593883240943,0,0.0,54.98,0,0.0,0,0.0,0,0.0,0,0.0,0,0.0,0,0.0,0,0.0,0,0.0,0,0.0,0,0.0,0,0.0
fair_control_seed7101_best+fair_control_seed7101_final+fair_control_seed7102_best+fair_control_seed7102_final+fair_cvar_seed7101_best+fair_cvar_seed7101_final+fair_final_seed7101_best+fair_final_seed7101_final+fair_final_seed7102_best+fair_final_seed7102_final+fair_topk_seed7101_best+fair_topk_seed7101_final,cross_model_all_hybrid_rrf_mw0.5_teleport5,20,75,100,24,0.7286650718562483,72,0.9461805253569959,0,0.0,54.98,0,0.0,0,0.0,0,0.0,0,0.0,0,0.0,0,0.0,0,0.0,0,0.0,0,0.0,0,0.0,0,0.0
fair_control_seed7101_best+fair_control_seed7101_final+fair_control_seed7102_best+fair_control_seed7102_final+fair_cvar_seed7101_best+fair_cvar_seed7101_final+fair_final_seed7101_best+fair_final_seed7101_final+fair_final_seed7102_best+fair_final_seed7102_final+fair_topk_seed7101_best+fair_topk_seed7101_final,cross_model_all_hybrid_rrf_mw0.5_teleport5,20,100,100,24,0.7286650718562483,83,0.968820171658407,0,0.0,54.98,0,0.0,0,0.0,0,0.0,0,0.0,0,0.0,0,0.0,0,0.0,0,0.0,0,0.0,0,0.0,0,0.0
fair_control_seed7101_best+fair_control_seed7101_final+fair_control_seed7102_best+fair_control_seed7102_final+fair_cvar_seed7101_best+fair_cvar_seed7101_final+fair_final_seed7101_best+fair_final_seed7101_final+fair_final_seed7102_best+fair_final_seed7102_final+fair_topk_seed7101_best+fair_topk_seed7101_final,cross_model_all_hybrid_rrf_mw0.75_teleport10,20,50,100,25,0.7236521958433723,56,0.9004172526819586,0,0.0,55.47,0,0.0,0,0.0,0,0.0,0,0.0,0,0.0,0,0.0,0,0.0,0,0.0,0,0.0,0,0.0,0,0.0
fair_control_seed7101_best+fair_control_seed7101_final+fair_control_seed7102_best+fair_control_seed7102_final+fair_cvar_seed7101_best+fair_cvar_seed7101_final+fair_final_seed7101_best+fair_final_seed7101_final+fair_final_seed7102_best+fair_final_seed7102_final+fair_topk_seed7101_best+fair_topk_seed7101_final,cross_model_all_hybrid_rrf_mw0.75_teleport10,20,75,100,25,0.7236521958433723,71,0.9427443781708488,0,0.0,55.47,0,0.0,0,0.0,0,0.0,0,0.0,0,0.0,0,0.0,0,0.0,0,0.0,0,0.0,0,0.0,0,0.0
fair_control_seed7101_best+fair_control_seed7101_final+fair_control_seed7102_best+fair_control_seed7102_final+fair_cvar_seed7101_best+fair_cvar_seed7101_final+fair_final_seed7101_best+fair_final_seed7101_final+fair_final_seed7102_best+fair_final_seed7102_final+fair_topk_seed7101_best+fair_topk_seed7101_final,cross_model_all_hybrid_rrf_mw0.75_teleport10,20,100,100,25,0.7236521958433723,84,0.9707319363642892,0,0.0,55.47,0,0.0,0,0.0,0,0.0,0,0.0,0,0.0,0,0.0,0,0.0,0,0.0,0,0.0,0,0.0,0,0.0
fair_control_seed7101_best+fair_control_seed7101_final+fair_control_seed7102_best+fair_control_seed7102_final+fair_cvar_seed7101_best+fair_cvar_seed7101_final+fair_final_seed7101_best+fair_final_seed7101_final+fair_final_seed7102_best+fair_final_seed7102_final+fair_topk_seed7101_best+fair_topk_seed7101_final,cross_model_all_hybrid_rrf_mw0.75_teleport5,20,50,100,25,0.7236521958433723,55,0.9002982050629109,0,0.0,55.57,0,0.0,0,0.0,0,0.0,0,0.0,0,0.0,0,0.0,0,0.0,0,0.0,0,0.0,0,0.0,0,0.0
fair_control_seed7101_best+fair_control_seed7101_final+fair_control_seed7102_best+fair_control_seed7102_final+fair_cvar_seed7101_best+fair_cvar_seed7101_final+fair_final_seed7101_best+fair_final_seed7101_final+fair_final_seed7102_best+fair_final_seed7102_final+fair_topk_seed7101_best+fair_topk_seed7101_final,cross_model_all_hybrid_rrf_mw0.75_teleport5,20,75,100,25,0.7236521958433723,71,0.9439943781708487,0,0.0,55.57,0,0.0,0,0.0,0,0.0,0,0.0,0,0.0,0,0.0,0,0.0,0,0.0,0,0.0,0,0.0,0,0.0
fair_control_seed7101_best+fair_control_seed7101_final+fair_control_seed7102_best+fair_control_seed7102_final+fair_cvar_seed7101_best+fair_cvar_seed7101_final+fair_final_seed7101_best+fair_final_seed7101_final+fair_final_seed7102_best+fair_final_seed7102_final+fair_topk_seed7101_best+fair_topk_seed7101_final,cross_model_all_hybrid_rrf_mw0.75_teleport5,20,100,100,25,0.7236521958433723,84,0.9694819363642893,0,0.0,55.57,0,0.0,0,0.0,0,0.0,0,0.0,0,0.0,0,0.0,0,0.0,0,0.0,0,0.0,0,0.0,0,0.0
fair_control_seed7101_best+fair_control_seed7101_final+fair_control_seed7102_best+fair_control_seed7102_final+fair_cvar_seed7101_best+fair_cvar_seed7101_final+fair_final_seed7101_best+fair_final_seed7101_final+fair_final_seed7102_best+fair_final_seed7102_final+fair_topk_seed7101_best+fair_topk_seed7101_final,cross_model_all_rrf_fixed,20,20,100,25,0.7235331482243247,25,0.7235331482243247,0,0.0,57.45,0,0.0,0,0.0,0,0.0,0,0.0,0,0.0,0,0.0,0,0.0,0,0.0,0,0.0,0,0.0,0,0.0
fair_control_seed7101_best+fair_control_seed7101_final+fair_control_seed7102_best+fair_control_seed7102_final+fair_cvar_seed7101_best+fair_cvar_seed7101_final+fair_final_seed7101_best+fair_final_seed7101_final+fair_final_seed7102_best+fair_final_seed7102_final+fair_topk_seed7101_best+fair_topk_seed7101_final,cross_model_all_rrf_fixed,50,50,100,51,0.8945692673339732,51,0.8945692673339732,0,0.0,57.45,0,0.0,0,0.0,0,0.0,0,0.0,0,0.0,0,0.0,0,0.0,0,0.0,0,0.0,0,0.0,0,0.0
fair_control_seed7101_best+fair_control_seed7101_final+fair_control_seed7102_best+fair_control_seed7102_final+fair_cvar_seed7101_best+fair_cvar_seed7101_final+fair_final_seed7101_best+fair_final_seed7101_final+fair_final_seed7102_best+fair_final_seed7102_final+fair_topk_seed7101_best+fair_topk_seed7101_final,cross_model_all_rrf_fixed,100,100,100,83,0.9685728454551985,83,0.9685728454551985,0,0.0,57.45,0,0.0,0,0.0,0,0.0,0,0.0,0,0.0,0,0.0,0,0.0,0,0.0,0,0.0,0,0.0,0,0.0
fair_control_seed7101_best+fair_control_seed7101_final+fair_control_seed7102_best+fair_control_seed7102_final+fair_cvar_seed7101_best+fair_cvar_seed7101_final+fair_final_seed7101_best+fair_final_seed7101_final+fair_final_seed7102_best+fair_final_seed7102_final+fair_topk_seed7101_best+fair_topk_seed7101_final,cross_model_all_rrf_hybrid_mw0.25_teleport10,20,50,100,25,0.7235331482243247,52,0.8867767085855321,0,0.0,57.45,0,0.0,0,0.0,0,0.0,0,0.0,0,0.0,0,0.0,0,0.0,0,0.0,0,0.0,0,0.0,0,0.0
fair_control_seed7101_best+fair_control_seed7101_final+fair_control_seed7102_best+fair_control_seed7102_final+fair_cvar_seed7101_best+fair_cvar_seed7101_final+fair_final_seed7101_best+fair_final_seed7101_final+fair_final_seed7102_best+fair_final_seed7102_final+fair_topk_seed7101_best+fair_topk_seed7101_final,cross_model_all_rrf_hybrid_mw0.25_teleport10,20,75,100,25,0.7235331482243247,69,0.9358875585199116,0,0.0,57.45,0,0.0,0,0.0,0,0.0,0,0.0,0,0.0,0,0.0,0,0.0,0,0.0,0,0.0,0,0.0,0,0.0
fair_control_seed7101_best+fair_control_seed7101_final+fair_control_seed7102_best+fair_control_seed7102_final+fair_cvar_seed7101_best+fair_cvar_seed7101_final+fair_final_seed7101_best+fair_final_seed7101_final+fair_final_seed7102_best+fair_final_seed7102_final+fair_topk_seed7101_best+fair_topk_seed7101_final,cross_model_all_rrf_hybrid_mw0.25_teleport10,20,100,100,25,0.7235331482243247,84,0.964249066293184,0,0.0,57.45,0,0.0,0,0.0,0,0.0,0,0.0,0,0.0,0,0.0,0,0.0,0,0.0,0,0.0,0,0.0,0,0.0
fair_control_seed7101_best+fair_control_seed7101_final+fair_control_seed7102_best+fair_control_seed7102_final+fair_cvar_seed7101_best+fair_cvar_seed7101_final+fair_final_seed7101_best+fair_final_seed7101_final+fair_final_seed7102_best+fair_final_seed7102_final+fair_topk_seed7101_best+fair_topk_seed7101_final,cross_model_all_rrf_hybrid_mw0.25_teleport5,20,50,100,25,0.7235331482243247,51,0.891959821224527,0,0.0,57.45,0,0.0,0,0.0,0,0.0,0,0.0,0,0.0,0,0.0,0,0.0,0,0.0,0,0.0,0,0.0,0,0.0
fair_control_seed7101_best+fair_control_seed7101_final+fair_control_seed7102_best+fair_control_seed7102_final+fair_cvar_seed7101_best+fair_cvar_seed7101_final+fair_final_seed7101_best+fair_final_seed7101_final+fair_final_seed7102_best+fair_final_seed7102_final+fair_topk_seed7101_best+fair_topk_seed7101_final,cross_model_all_rrf_hybrid_mw0.25_teleport5,20,75,100,25,0.7235331482243247,73,0.9459854704119409,0,0.0,57.45,0,0.0,0,0.0,0,0.0,0,0.0,0,0.0,0,0.0,0,0.0,0,0.0,0,0.0,0,0.0,0,0.0
fair_control_seed7101_best+fair_control_seed7101_final+fair_control_seed7102_best+fair_control_seed7102_final+fair_cvar_seed7101_best+fair_cvar_seed7101_final+fair_final_seed7101_best+fair_final_seed7101_final+fair_final_seed7102_best+fair_final_seed7102_final+fair_topk_seed7101_best+fair_topk_seed7101_final,cross_model_all_rrf_hybrid_mw0.25_teleport5,20,100,100,25,0.7235331482243247,85,0.970594304388422,0,0.0,57.45,0,0.0,0,0.0,0,0.0,0,0.0,0,0.0,0,0.0,0,0.0,0,0.0,0,0.0,0,0.0,0,0.0
fair_control_seed7101_best+fair_control_seed7101_final+fair_control_seed7102_best+fair_control_seed7102_final+fair_cvar_seed7101_best+fair_cvar_seed7101_final+fair_final_seed7101_best+fair_final_seed7101_final+fair_final_seed7102_best+fair_final_seed7102_final+fair_topk_seed7101_best+fair_topk_seed7101_final,cross_model_all_rrf_hybrid_mw0.5_teleport10,20,50,100,25,0.7235331482243247,50,0.8839979595567832,0,0.0,57.45,0,0.0,0,0.0,0,0.0,0,0.0,0,0.0,0,0.0,0,0.0,0,0.0,0,0.0,0,0.0,0,0.0
fair_control_seed7101_best+fair_control_seed7101_final+fair_control_seed7102_best+fair_control_seed7102_final+fair_cvar_seed7101_best+fair_cvar_seed7101_final+fair_final_seed7101_best+fair_final_seed7101_final+fair_final_seed7102_best+fair_final_seed7102_final+fair_topk_seed7101_best+fair_topk_seed7101_final,cross_model_all_rrf_hybrid_mw0.5_teleport10,20,75,100,25,0.7235331482243247,69,0.9410092799357506,0,0.0,57.45,0,0.0,0,0.0,0,0.0,0,0.0,0,0.0,0,0.0,0,0.0,0,0.0,0,0.0,0,0.0,0,0.0
fair_control_seed7101_best+fair_control_seed7101_final+fair_control_seed7102_best+fair_control_seed7102_final+fair_cvar_seed7101_best+fair_cvar_seed7101_final+fair_final_seed7101_best+fair_final_seed7101_final+fair_final_seed7102_best+fair_final_seed7102_final+fair_topk_seed7101_best+fair_topk_seed7101_final,cross_model_all_rrf_hybrid_mw0.5_teleport10,20,100,100,25,0.7235331482243247,82,0.9683965021906198,0,0.0,57.45,0,0.0,0,0.0,0,0.0,0,0.0,0,0.0,0,0.0,0,0.0,0,0.0,0,0.0,0,0.0,0,0.0
fair_control_seed7101_best+fair_control_seed7101_final+fair_control_seed7102_best+fair_control_seed7102_final+fair_cvar_seed7101_best+fair_cvar_seed7101_final+fair_final_seed7101_best+fair_final_seed7101_final+fair_final_seed7102_best+fair_final_seed7102_final+fair_topk_seed7101_best+fair_topk_seed7101_final,cross_model_all_rrf_hybrid_mw0.5_teleport5,20,50,100,25,0.7235331482243247,52,0.8894979595567831,0,0.0,57.45,0,0.0,0,0.0,0,0.0,0,0.0,0,0.0,0,0.0,0,0.0,0,0.0,0,0.0,0,0.0,0,0.0
fair_control_seed7101_best+fair_control_seed7101_final+fair_control_seed7102_best+fair_control_seed7102_final+fair_cvar_seed7101_best+fair_cvar_seed7101_final+fair_final_seed7101_best+fair_final_seed7101_final+fair_final_seed7102_best+fair_final_seed7102_final+fair_topk_seed7101_best+fair_topk_seed7101_final,cross_model_all_rrf_hybrid_mw0.5_teleport5,20,75,100,25,0.7235331482243247,70,0.9441045180309886,0,0.0,57.45,0,0.0,0,0.0,0,0.0,0,0.0,0,0.0,0,0.0,0,0.0,0,0.0,0,0.0,0,0.0,0,0.0
fair_control_seed7101_best+fair_control_seed7101_final+fair_control_seed7102_best+fair_control_seed7102_final+fair_cvar_seed7101_best+fair_cvar_seed7101_final+fair_final_seed7101_best+fair_final_seed7101_final+fair_final_seed7102_best+fair_final_seed7102_final+fair_topk_seed7101_best+fair_topk_seed7101_final,cross_model_all_rrf_hybrid_mw0.5_teleport5,20,100,100,25,0.7235331482243247,84,0.9721861847303024,0,0.0,57.45,0,0.0,0,0.0,0,0.0,0,0.0,0,0.0,0,0.0,0,0.0,0,0.0,0,0.0,0,0.0,0,0.0
fair_control_seed7101_best+fair_control_seed7101_final+fair_control_seed7102_best+fair_control_seed7102_final+fair_cvar_seed7101_best+fair_cvar_seed7101_final+fair_final_seed7101_best+fair_final_seed7101_final+fair_final_seed7102_best+fair_final_seed7102_final+fair_topk_seed7101_best+fair_topk_seed7101_final,cross_model_all_rrf_hybrid_mw0.75_teleport10,20,50,100,25,0.7235331482243247,55,0.8974654822301881,0,0.0,57.45,0,0.0,0,0.0,0,0.0,0,0.0,0,0.0,0,0.0,0,0.0,0,0.0,0,0.0,0,0.0,0,0.0
fair_control_seed7101_best+fair_control_seed7101_final+fair_control_seed7102_best+fair_control_seed7102_final+fair_cvar_seed7101_best+fair_cvar_seed7101_final+fair_final_seed7101_best+fair_final_seed7101_final+fair_final_seed7102_best+fair_final_seed7102_final+fair_topk_seed7101_best+fair_topk_seed7101_final,cross_model_all_rrf_hybrid_mw0.75_teleport10,20,75,100,25,0.7235331482243247,71,0.9457636089400795,0,0.0,57.45,0,0.0,0,0.0,0,0.0,0,0.0,0,0.0,0,0.0,0,0.0,0,0.0,0,0.0,0,0.0,0,0.0
fair_control_seed7101_best+fair_control_seed7101_final+fair_control_seed7102_best+fair_control_seed7102_final+fair_cvar_seed7101_best+fair_cvar_seed7101_final+fair_final_seed7101_best+fair_final_seed7101_final+fair_final_seed7102_best+fair_final_seed7102_final+fair_topk_seed7101_best+fair_topk_seed7101_final,cross_model_all_rrf_hybrid_mw0.75_teleport10,20,100,100,25,0.7235331482243247,84,0.9700701716584069,0,0.0,57.45,0,0.0,0,0.0,0,0.0,0,0.0,0,0.0,0,0.0,0,0.0,0,0.0,0,0.0,0,0.0,0,0.0
fair_control_seed7101_best+fair_control_seed7101_final+fair_control_seed7102_best+fair_control_seed7102_final+fair_cvar_seed7101_best+fair_cvar_seed7101_final+fair_final_seed7101_best+fair_final_seed7101_final+fair_final_seed7102_best+fair_final_seed7102_final+fair_topk_seed7101_best+fair_topk_seed7101_final,cross_model_all_rrf_hybrid_mw0.75_teleport5,20,50,100,25,0.7235331482243247,54,0.8966321488968547,0,0.0,57.45,0,0.0,0,0.0,0,0.0,0,0.0,0,0.0,0,0.0,0,0.0,0,0.0,0,0.0,0,0.0,0,0.0
fair_control_seed7101_best+fair_control_seed7101_final+fair_control_seed7102_best+fair_control_seed7102_final+fair_cvar_seed7101_best+fair_cvar_seed7101_final+fair_final_seed7101_best+fair_final_seed7101_final+fair_final_seed7102_best+fair_final_seed7102_final+fair_topk_seed7101_best+fair_topk_seed7101_final,cross_model_all_rrf_hybrid_mw0.75_teleport5,20,75,100,25,0.7235331482243247,71,0.9435658067422773,0,0.0,57.45,0,0.0,0,0.0,0,0.0,0,0.0,0,0.0,0,0.0,0,0.0,0,0.0,0,0.0,0,0.0,0,0.0
fair_control_seed7101_best+fair_control_seed7101_final+fair_control_seed7102_best+fair_control_seed7102_final+fair_cvar_seed7101_best+fair_cvar_seed7101_final+fair_final_seed7101_best+fair_final_seed7101_final+fair_final_seed7102_best+fair_final_seed7102_final+fair_topk_seed7101_best+fair_topk_seed7101_final,cross_model_all_rrf_hybrid_mw0.75_teleport5,20,100,100,25,0.7235331482243247,84,0.9700701716584069,0,0.0,57.45,0,0.0,0,0.0,0,0.0,0,0.0,0,0.0,0,0.0,0,0.0,0,0.0,0,0.0,0,0.0,0,0.0
fair_control_seed7101_best+fair_control_seed7101_final+fair_control_seed7102_best+fair_control_seed7102_final+fair_cvar_seed7101_best+fair_cvar_seed7101_final+fair_final_seed7101_best+fair_final_seed7101_final+fair_final_seed7102_best+fair_final_seed7102_final+fair_topk_seed7101_best+fair_topk_seed7101_final,cross_model_coarse_rrf_fixed,20,20,100,23,0.7227068176921118,23,0.7227068176921118,0,0.0,59.18,0,0.0,0,0.0,0,0.0,0,0.0,0,0.0,0,0.0,0,0.0,0,0.0,0,0.0,0,0.0,0,0.0
fair_control_seed7101_best+fair_control_seed7101_final+fair_control_seed7102_best+fair_control_seed7102_final+fair_cvar_seed7101_best+fair_cvar_seed7101_final+fair_final_seed7101_best+fair_final_seed7101_final+fair_final_seed7102_best+fair_final_seed7102_final+fair_topk_seed7101_best+fair_topk_seed7101_final,cross_model_coarse_rrf_fixed,50,50,100,51,0.893347045111751,51,0.893347045111751,0,0.0,59.18,0,0.0,0,0.0,0,0.0,0,0.0,0,0.0,0,0.0,0,0.0,0,0.0,0,0.0,0,0.0,0,0.0
fair_control_seed7101_best+fair_control_seed7101_final+fair_control_seed7102_best+fair_control_seed7102_final+fair_cvar_seed7101_best+fair_cvar_seed7101_final+fair_final_seed7101_best+fair_final_seed7101_final+fair_final_seed7102_best+fair_final_seed7102_final+fair_topk_seed7101_best+fair_topk_seed7101_final,cross_model_coarse_rrf_fixed,100,100,100,81,0.9615652696976227,81,0.9615652696976227,0,0.0,59.18,0,0.0,0,0.0,0,0.0,0,0.0,0,0.0,0,0.0,0,0.0,0,0.0,0,0.0,0,0.0,0,0.0
fair_control_seed7101_best+fair_control_seed7101_final+fair_control_seed7102_best+fair_control_seed7102_final+fair_cvar_seed7101_best+fair_cvar_seed7101_final+fair_final_seed7101_best+fair_final_seed7101_final+fair_final_seed7102_best+fair_final_seed7102_final+fair_topk_seed7101_best+fair_topk_seed7101_final,cross_model_coarse_rrf_hybrid_mw0.25_teleport10,20,50,100,23,0.7227068176921118,54,0.8909979971009383,0,0.0,59.18,0,0.0,0,0.0,0,0.0,0,0.0,0,0.0,0,0.0,0,0.0,0,0.0,0,0.0,0,0.0,0,0.0
fair_control_seed7101_best+fair_control_seed7101_final+fair_control_seed7102_best+fair_control_seed7102_final+fair_cvar_seed7101_best+fair_cvar_seed7101_final+fair_final_seed7101_best+fair_final_seed7101_final+fair_final_seed7102_best+fair_final_seed7102_final+fair_topk_seed7101_best+fair_topk_seed7101_final,cross_model_coarse_rrf_hybrid_mw0.25_teleport10,20,75,100,23,0.7227068176921118,70,0.9368118009441538,0,0.0,59.18,0,0.0,0,0.0,0,0.0,0,0.0,0,0.0,0,0.0,0,0.0,0,0.0,0,0.0,0,0.0,0,0.0
fair_control_seed7101_best+fair_control_seed7101_final+fair_control_seed7102_best+fair_control_seed7102_final+fair_cvar_seed7101_best+fair_cvar_seed7101_final+fair_final_seed7101_best+fair_final_seed7101_final+fair_final_seed7102_best+fair_final_seed7102_final+fair_topk_seed7101_best+fair_topk_seed7101_final,cross_model_coarse_rrf_hybrid_mw0.25_teleport10,20,100,100,23,0.7227068176921118,85,0.964749066293184,0,0.0,59.18,0,0.0,0,0.0,0,0.0,0,0.0,0,0.0,0,0.0,0,0.0,0,0.0,0,0.0,0,0.0,0,0.0
fair_control_seed7101_best+fair_control_seed7101_final+fair_control_seed7102_best+fair_control_seed7102_final+fair_cvar_seed7101_best+fair_cvar_seed7101_final+fair_final_seed7101_best+fair_final_seed7101_final+fair_final_seed7102_best+fair_final_seed7102_final+fair_topk_seed7101_best+fair_topk_seed7101_final,cross_model_coarse_rrf_hybrid_mw0.25_teleport5,20,50,100,23,0.7227068176921118,55,0.894979089537913,0,0.0,59.18,0,0.0,0,0.0,0,0.0,0,0.0,0,0.0,0,0.0,0,0.0,0,0.0,0,0.0,0,0.0,0,0.0
fair_control_seed7101_best+fair_control_seed7101_final+fair_control_seed7102_best+fair_control_seed7102_final+fair_cvar_seed7101_best+fair_cvar_seed7101_final+fair_final_seed7101_best+fair_final_seed7101_final+fair_final_seed7102_best+fair_final_seed7102_final+fair_topk_seed7101_best+fair_topk_seed7101_final,cross_model_coarse_rrf_hybrid_mw0.25_teleport5,20,75,100,23,0.7227068176921118,75,0.950427241059594,0,0.0,59.18,0,0.0,0,0.0,0,0.0,0,0.0,0,0.0,0,0.0,0,0.0,0,0.0,0,0.0,0,0.0,0,0.0
fair_control_seed7101_best+fair_control_seed7101_final+fair_control_seed7102_best+fair_control_seed7102_final+fair_cvar_seed7101_best+fair_cvar_seed7101_final+fair_final_seed7101_best+fair_final_seed7101_final+fair_final_seed7102_best+fair_final_seed7102_final+fair_topk_seed7101_best+fair_topk_seed7101_final,cross_model_coarse_rrf_hybrid_mw0.25_teleport5,20,100,100,23,0.7227068176921118,84,0.967999066293184,0,0.0,59.18,0,0.0,0,0.0,0,0.0,0,0.0,0,0.0,0,0.0,0,0.0,0,0.0,0,0.0,0,0.0,0,0.0
fair_control_seed7101_best+fair_control_seed7101_final+fair_control_seed7102_best+fair_control_seed7102_final+fair_cvar_seed7101_best+fair_cvar_seed7101_final+fair_final_seed7101_best+fair_final_seed7101_final+fair_final_seed7102_best+fair_final_seed7102_final+fair_topk_seed7101_best+fair_topk_seed7101_final,cross_model_coarse_rrf_hybrid_mw0.5_teleport10,20,50,100,23,0.7227068176921118,52,0.8866939857528092,0,0.0,59.18,0,0.0,0,0.0,0,0.0,0,0.0,0,0.0,0,0.0,0,0.0,0,0.0,0,0.0,0,0.0,0,0.0
fair_control_seed7101_best+fair_control_seed7101_final+fair_control_seed7102_best+fair_control_seed7102_final+fair_cvar_seed7101_best+fair_cvar_seed7101_final+fair_final_seed7101_best+fair_final_seed7101_final+fair_final_seed7102_best+fair_final_seed7102_final+fair_topk_seed7101_best+fair_topk_seed7101_final,cross_model_coarse_rrf_hybrid_mw0.5_teleport10,20,75,100,23,0.7227068176921118,70,0.9388350375115081,0,0.0,59.18,0,0.0,0,0.0,0,0.0,0,0.0,0,0.0,0,0.0,0,0.0,0,0.0,0,0.0,0,0.0,0,0.0
fair_control_seed7101_best+fair_control_seed7101_final+fair_control_seed7102_best+fair_control_seed7102_final+fair_cvar_seed7101_best+fair_cvar_seed7101_final+fair_final_seed7101_best+fair_final_seed7101_final+fair_final_seed7102_best+fair_final_seed7102_final+fair_topk_seed7101_best+fair_topk_seed7101_final,cross_model_coarse_rrf_hybrid_mw0.5_teleport10,20,100,100,23,0.7227068176921118,83,0.9658409466350644,0,0.0,59.18,0,0.0,0,0.0,0,0.0,0,0.0,0,0.0,0,0.0,0,0.0,0,0.0,0,0.0,0,0.0,0,0.0
fair_control_seed7101_best+fair_control_seed7101_final+fair_control_seed7102_best+fair_control_seed7102_final+fair_cvar_seed7101_best+fair_cvar_seed7101_final+fair_final_seed7101_best+fair_final_seed7101_final+fair_final_seed7102_best+fair_final_seed7102_final+fair_topk_seed7101_best+fair_topk_seed7101_final,cross_model_coarse_rrf_hybrid_mw0.5_teleport5,20,50,100,23,0.7227068176921118,54,0.891920749185455,0,0.0,59.18,0,0.0,0,0.0,0,0.0,0,0.0,0,0.0,0,0.0,0,0.0,0,0.0,0,0.0,0,0.0,0,0.0
fair_control_seed7101_best+fair_control_seed7101_final+fair_control_seed7102_best+fair_control_seed7102_final+fair_cvar_seed7101_best+fair_cvar_seed7101_final+fair_final_seed7101_best+fair_final_seed7101_final+fair_final_seed7102_best+fair_final_seed7102_final+fair_topk_seed7101_best+fair_topk_seed7101_final,cross_model_coarse_rrf_hybrid_mw0.5_teleport5,20,75,100,23,0.7227068176921118,72,0.9435969422734128,0,0.0,59.18,0,0.0,0,0.0,0,0.0,0,0.0,0,0.0,0,0.0,0,0.0,0,0.0,0,0.0,0,0.0,0,0.0
fair_control_seed7101_best+fair_control_seed7101_final+fair_control_seed7102_best+fair_control_seed7102_final+fair_cvar_seed7101_best+fair_cvar_seed7101_final+fair_final_seed7101_best+fair_final_seed7101_final+fair_final_seed7102_best+fair_final_seed7102_final+fair_topk_seed7101_best+fair_topk_seed7101_final,cross_model_coarse_rrf_hybrid_mw0.5_teleport5,20,100,100,23,0.7227068176921118,83,0.9690909466350642,0,0.0,59.18,0,0.0,0,0.0,0,0.0,0,0.0,0,0.0,0,0.0,0,0.0,0,0.0,0,0.0,0,0.0,0,0.0
fair_control_seed7101_best+fair_control_seed7101_final+fair_control_seed7102_best+fair_control_seed7102_final+fair_cvar_seed7101_best+fair_cvar_seed7101_final+fair_final_seed7101_best+fair_final_seed7101_final+fair_final_seed7102_best+fair_final_seed7102_final+fair_topk_seed7101_best+fair_topk_seed7101_final,cross_model_coarse_rrf_hybrid_mw0.75_teleport10,20,50,100,23,0.7227068176921118,53,0.896259133023839,0,0.0,59.18,0,0.0,0,0.0,0,0.0,0,0.0,0,0.0,0,0.0,0,0.0,0,0.0,0,0.0,0,0.0,0,0.0
fair_control_seed7101_best+fair_control_seed7101_final+fair_control_seed7102_best+fair_control_seed7102_final+fair_cvar_seed7101_best+fair_cvar_seed7101_final+fair_final_seed7101_best+fair_final_seed7101_final+fair_final_seed7102_best+fair_final_seed7102_final+fair_topk_seed7101_best+fair_topk_seed7101_final,cross_model_coarse_rrf_hybrid_mw0.75_teleport10,20,75,100,23,0.7227068176921118,70,0.9438661730426436,0,0.0,59.18,0,0.0,0,0.0,0,0.0,0,0.0,0,0.0,0,0.0,0,0.0,0,0.0,0,0.0,0,0.0,0,0.0
fair_control_seed7101_best+fair_control_seed7101_final+fair_control_seed7102_best+fair_control_seed7102_final+fair_cvar_seed7101_best+fair_cvar_seed7101_final+fair_final_seed7101_best+fair_final_seed7101_final+fair_final_seed7102_best+fair_final_seed7102_final+fair_topk_seed7101_best+fair_topk_seed7101_final,cross_model_coarse_rrf_hybrid_mw0.75_teleport10,20,100,100,23,0.7227068176921118,84,0.9713201716584069,0,0.0,59.18,0,0.0,0,0.0,0,0.0,0,0.0,0,0.0,0,0.0,0,0.0,0,0.0,0,0.0,0,0.0,0,0.0
fair_control_seed7101_best+fair_control_seed7101_final+fair_control_seed7102_best+fair_control_seed7102_final+fair_cvar_seed7101_best+fair_cvar_seed7101_final+fair_final_seed7101_best+fair_final_seed7101_final+fair_final_seed7102_best+fair_final_seed7102_final+fair_topk_seed7101_best+fair_topk_seed7101_final,cross_model_coarse_rrf_hybrid_mw0.75_teleport5,20,50,100,23,0.7227068176921118,54,0.8961480219127277,0,0.0,59.18,0,0.0,0,0.0,0,0.0,0,0.0,0,0.0,0,0.0,0,0.0,0,0.0,0,0.0,0,0.0,0,0.0
fair_control_seed7101_best+fair_control_seed7101_final+fair_control_seed7102_best+fair_control_seed7102_final+fair_cvar_seed7101_best+fair_cvar_seed7101_final+fair_final_seed7101_best+fair_final_seed7101_final+fair_final_seed7102_best+fair_final_seed7102_final+fair_topk_seed7101_best+fair_topk_seed7101_final,cross_model_coarse_rrf_hybrid_mw0.75_teleport5,20,75,100,23,0.7227068176921118,71,0.9434388226152932,0,0.0,59.18,0,0.0,0,0.0,0,0.0,0,0.0,0,0.0,0,0.0,0,0.0,0,0.0,0,0.0,0,0.0,0,0.0
fair_control_seed7101_best+fair_control_seed7101_final+fair_control_seed7102_best+fair_control_seed7102_final+fair_cvar_seed7101_best+fair_cvar_seed7101_final+fair_final_seed7101_best+fair_final_seed7101_final+fair_final_seed7102_best+fair_final_seed7102_final+fair_topk_seed7101_best+fair_topk_seed7101_final,cross_model_coarse_rrf_hybrid_mw0.75_teleport5,20,100,100,23,0.7227068176921118,85,0.972570171658407,0,0.0,59.18,0,0.0,0,0.0,0,0.0,0,0.0,0,0.0,0,0.0,0,0.0,0,0.0,0,0.0,0,0.0,0,0.0
fair_control_seed7101_best+fair_control_seed7101_final+fair_control_seed7102_best+fair_control_seed7102_final+fair_cvar_seed7101_best+fair_cvar_seed7101_final+fair_final_seed7101_best+fair_final_seed7101_final+fair_final_seed7102_best+fair_final_seed7102_final+fair_topk_seed7101_best+fair_topk_seed7101_final,cross_model_global_fine_rrf_fixed,20,20,100,26,0.7171256015226604,26,0.7171256015226604,0,0.0,57.97,0,0.0,0,0.0,0,0.0,0,0.0,0,0.0,0,0.0,0,0.0,0,0.0,0,0.0,0,0.0,0,0.0
fair_control_seed7101_best+fair_control_seed7101_final+fair_control_seed7102_best+fair_control_seed7102_final+fair_cvar_seed7101_best+fair_cvar_seed7101_final+fair_final_seed7101_best+fair_final_seed7101_final+fair_final_seed7102_best+fair_final_seed7102_final+fair_topk_seed7101_best+fair_topk_seed7101_final,cross_model_global_fine_rrf_fixed,50,50,100,50,0.8892718604924487,50,0.8892718604924487,0,0.0,57.97,0,0.0,0,0.0,0,0.0,0,0.0,0,0.0,0,0.0,0,0.0,0,0.0,0,0.0,0,0.0,0,0.0
fair_control_seed7101_best+fair_control_seed7101_final+fair_control_seed7102_best+fair_control_seed7102_final+fair_cvar_seed7101_best+fair_cvar_seed7101_final+fair_final_seed7101_best+fair_final_seed7101_final+fair_final_seed7102_best+fair_final_seed7102_final+fair_topk_seed7101_best+fair_topk_seed7101_final,cross_model_global_fine_rrf_fixed,100,100,100,81,0.9657227053991759,81,0.9657227053991759,0,0.0,57.97,0,0.0,0,0.0,0,0.0,0,0.0,0,0.0,0,0.0,0,0.0,0,0.0,0,0.0,0,0.0,0,0.0
fair_control_seed7101_best+fair_control_seed7101_final+fair_control_seed7102_best+fair_control_seed7102_final+fair_cvar_seed7101_best+fair_cvar_seed7101_final+fair_final_seed7101_best+fair_final_seed7101_final+fair_final_seed7102_best+fair_final_seed7102_final+fair_topk_seed7101_best+fair_topk_seed7101_final,cross_model_global_fine_rrf_hybrid_mw0.25_teleport10,20,50,100,26,0.7171256015226604,50,0.8793708644296879,0,0.0,57.97,0,0.0,0,0.0,0,0.0,0,0.0,0,0.0,0,0.0,0,0.0,0,0.0,0,0.0,0,0.0,0,0.0
fair_control_seed7101_best+fair_control_seed7101_final+fair_control_seed7102_best+fair_control_seed7102_final+fair_cvar_seed7101_best+fair_cvar_seed7101_final+fair_final_seed7101_best+fair_final_seed7101_final+fair_final_seed7102_best+fair_final_seed7102_final+fair_topk_seed7101_best+fair_topk_seed7101_final,cross_model_global_fine_rrf_hybrid_mw0.25_teleport10,20,75,100,26,0.7171256015226604,68,0.9332192366457072,0,0.0,57.97,0,0.0,0,0.0,0,0.0,0,0.0,0,0.0,0,0.0,0,0.0,0,0.0,0,0.0,0,0.0,0,0.0
fair_control_seed7101_best+fair_control_seed7101_final+fair_control_seed7102_best+fair_control_seed7102_final+fair_cvar_seed7101_best+fair_cvar_seed7101_final+fair_final_seed7101_best+fair_final_seed7101_final+fair_final_seed7102_best+fair_final_seed7102_final+fair_topk_seed7101_best+fair_topk_seed7101_final,cross_model_global_fine_rrf_hybrid_mw0.25_teleport10,20,100,100,26,0.7171256015226604,83,0.9614157329598505,0,0.0,57.97,0,0.0,0,0.0,0,0.0,0,0.0,0,0.0,0,0.0,0,0.0,0,0.0,0,0.0,0,0.0,0,0.0
fair_control_seed7101_best+fair_control_seed7101_final+fair_control_seed7102_best+fair_control_seed7102_final+fair_cvar_seed7101_best+fair_cvar_seed7101_final+fair_final_seed7101_best+fair_final_seed7101_final+fair_final_seed7102_best+fair_final_seed7102_final+fair_topk_seed7101_best+fair_topk_seed7101_final,cross_model_global_fine_rrf_hybrid_mw0.25_teleport5,20,50,100,26,0.7171256015226604,49,0.88315354416825,0,0.0,57.97,0,0.0,0,0.0,0,0.0,0,0.0,0,0.0,0,0.0,0,0.0,0,0.0,0,0.0,0,0.0,0,0.0
fair_control_seed7101_best+fair_control_seed7101_final+fair_control_seed7102_best+fair_control_seed7102_final+fair_cvar_seed7101_best+fair_cvar_seed7101_final+fair_final_seed7101_best+fair_final_seed7101_final+fair_final_seed7102_best+fair_final_seed7102_final+fair_topk_seed7101_best+fair_topk_seed7101_final,cross_model_global_fine_rrf_hybrid_mw0.25_teleport5,20,75,100,26,0.7171256015226604,73,0.949580708507179,0,0.0,57.97,0,0.0,0,0.0,0,0.0,0,0.0,0,0.0,0,0.0,0,0.0,0,0.0,0,0.0,0,0.0,0,0.0
fair_control_seed7101_best+fair_control_seed7101_final+fair_control_seed7102_best+fair_control_seed7102_final+fair_cvar_seed7101_best+fair_cvar_seed7101_final+fair_final_seed7101_best+fair_final_seed7101_final+fair_final_seed7102_best+fair_final_seed7102_final+fair_topk_seed7101_best+fair_topk_seed7101_final,cross_model_global_fine_rrf_hybrid_mw0.25_teleport5,20,100,100,26,0.7171256015226604,85,0.9705750736191913,0,0.0,57.97,0,0.0,0,0.0,0,0.0,0,0.0,0,0.0,0,0.0,0,0.0,0,0.0,0,0.0,0,0.0,0,0.0
fair_control_seed7101_best+fair_control_seed7101_final+fair_control_seed7102_best+fair_control_seed7102_final+fair_cvar_seed7101_best+fair_cvar_seed7101_final+fair_final_seed7101_best+fair_final_seed7101_final+fair_final_seed7102_best+fair_final_seed7102_final+fair_topk_seed7101_best+fair_topk_seed7101_final,cross_model_global_fine_rrf_hybrid_mw0.5_teleport10,20,50,100,26,0.7171256015226604,50,0.8849793017440076,0,0.0,57.97,0,0.0,0,0.0,0,0.0,0,0.0,0,0.0,0,0.0,0,0.0,0,0.0,0,0.0,0,0.0,0,0.0
fair_control_seed7101_best+fair_control_seed7101_final+fair_control_seed7102_best+fair_control_seed7102_final+fair_cvar_seed7101_best+fair_cvar_seed7101_final+fair_final_seed7101_best+fair_final_seed7101_final+fair_final_seed7102_best+fair_final_seed7102_final+fair_topk_seed7101_best+fair_topk_seed7101_final,cross_model_global_fine_rrf_hybrid_mw0.5_teleport10,20,75,100,26,0.7171256015226604,68,0.9393902323167029,0,0.0,57.97,0,0.0,0,0.0,0,0.0,0,0.0,0,0.0,0,0.0,0,0.0,0,0.0,0,0.0,0,0.0,0,0.0
fair_control_seed7101_best+fair_control_seed7101_final+fair_control_seed7102_best+fair_control_seed7102_final+fair_cvar_seed7101_best+fair_cvar_seed7101_final+fair_final_seed7101_best+fair_final_seed7101_final+fair_final_seed7102_best+fair_final_seed7102_final+fair_topk_seed7101_best+fair_topk_seed7101_final,cross_model_global_fine_rrf_hybrid_mw0.5_teleport10,20,100,100,26,0.7171256015226604,84,0.9701584069525246,0,0.0,57.97,0,0.0,0,0.0,0,0.0,0,0.0,0,0.0,0,0.0,0,0.0,0,0.0,0,0.0,0,0.0,0,0.0
fair_control_seed7101_best+fair_control_seed7101_final+fair_control_seed7102_best+fair_control_seed7102_final+fair_cvar_seed7101_best+fair_cvar_seed7101_final+fair_final_seed7101_best+fair_final_seed7101_final+fair_final_seed7102_best+fair_final_seed7102_final+fair_topk_seed7101_best+fair_topk_seed7101_final,cross_model_global_fine_rrf_hybrid_mw0.5_teleport5,20,50,100,26,0.7171256015226604,50,0.8888532513238395,0,0.0,57.97,0,0.0,0,0.0,0,0.0,0,0.0,0,0.0,0,0.0,0,0.0,0,0.0,0,0.0,0,0.0,0,0.0
fair_control_seed7101_best+fair_control_seed7101_final+fair_control_seed7102_best+fair_control_seed7102_final+fair_cvar_seed7101_best+fair_cvar_seed7101_final+fair_final_seed7101_best+fair_final_seed7101_final+fair_final_seed7102_best+fair_final_seed7102_final+fair_topk_seed7101_best+fair_topk_seed7101_final,cross_model_global_fine_rrf_hybrid_mw0.5_teleport5,20,75,100,26,0.7171256015226604,72,0.946478144404615,0,0.0,57.97,0,0.0,0,0.0,0,0.0,0,0.0,0,0.0,0,0.0,0,0.0,0,0.0,0,0.0,0,0.0,0,0.0
fair_control_seed7101_best+fair_control_seed7101_final+fair_control_seed7102_best+fair_control_seed7102_final+fair_cvar_seed7101_best+fair_cvar_seed7101_final+fair_final_seed7101_best+fair_final_seed7101_final+fair_final_seed7102_best+fair_final_seed7102_final+fair_topk_seed7101_best+fair_topk_seed7101_final,cross_model_global_fine_rrf_hybrid_mw0.5_teleport5,20,100,100,26,0.7171256015226604,83,0.9694084069525246,0,0.0,57.97,0,0.0,0,0.0,0,0.0,0,0.0,0,0.0,0,0.0,0,0.0,0,0.0,0,0.0,0,0.0,0,0.0
fair_control_seed7101_best+fair_control_seed7101_final+fair_control_seed7102_best+fair_control_seed7102_final+fair_cvar_seed7101_best+fair_cvar_seed7101_final+fair_final_seed7101_best+fair_final_seed7101_final+fair_final_seed7102_best+fair_final_seed7102_final+fair_topk_seed7101_best+fair_topk_seed7101_final,cross_model_global_fine_rrf_hybrid_mw0.75_teleport10,20,50,100,26,0.7171256015226604,53,0.8987279599485481,0,0.0,57.97,0,0.0,0,0.0,0,0.0,0,0.0,0,0.0,0,0.0,0,0.0,0,0.0,0,0.0,0,0.0,0,0.0
fair_control_seed7101_best+fair_control_seed7101_final+fair_control_seed7102_best+fair_control_seed7102_final+fair_cvar_seed7101_best+fair_cvar_seed7101_final+fair_final_seed7101_best+fair_final_seed7101_final+fair_final_seed7102_best+fair_final_seed7102_final+fair_topk_seed7101_best+fair_topk_seed7101_final,cross_model_global_fine_rrf_hybrid_mw0.75_teleport10,20,75,100,26,0.7171256015226604,70,0.9438426132690839,0,0.0,57.97,0,0.0,0,0.0,0,0.0,0,0.0,0,0.0,0,0.0,0,0.0,0,0.0,0,0.0,0,0.0,0,0.0
fair_control_seed7101_best+fair_control_seed7101_final+fair_control_seed7102_best+fair_control_seed7102_final+fair_cvar_seed7101_best+fair_cvar_seed7101_final+fair_final_seed7101_best+fair_final_seed7101_final+fair_final_seed7102_best+fair_final_seed7102_final+fair_topk_seed7101_best+fair_topk_seed7101_final,cross_model_global_fine_rrf_hybrid_mw0.75_teleport10,20,100,100,26,0.7171256015226604,84,0.9700701716584069,0,0.0,57.97,0,0.0,0,0.0,0,0.0,0,0.0,0,0.0,0,0.0,0,0.0,0,0.0,0,0.0,0,0.0,0,0.0
fair_control_seed7101_best+fair_control_seed7101_final+fair_control_seed7102_best+fair_control_seed7102_final+fair_cvar_seed7101_best+fair_cvar_seed7101_final+fair_final_seed7101_best+fair_final_seed7101_final+fair_final_seed7102_best+fair_final_seed7102_final+fair_topk_seed7101_best+fair_topk_seed7101_final,cross_model_global_fine_rrf_hybrid_mw0.75_teleport5,20,50,100,26,0.7171256015226604,54,0.8985612932818815,0,0.0,57.97,0,0.0,0,0.0,0,0.0,0,0.0,0,0.0,0,0.0,0,0.0,0,0.0,0,0.0,0,0.0,0,0.0
fair_control_seed7101_best+fair_control_seed7101_final+fair_control_seed7102_best+fair_control_seed7102_final+fair_cvar_seed7101_best+fair_cvar_seed7101_final+fair_final_seed7101_best+fair_final_seed7101_final+fair_final_seed7102_best+fair_final_seed7102_final+fair_topk_seed7101_best+fair_topk_seed7101_final,cross_model_global_fine_rrf_hybrid_mw0.75_teleport5,20,75,100,26,0.7171256015226604,70,0.9418233824998531,0,0.0,57.97,0,0.0,0,0.0,0,0.0,0,0.0,0,0.0,0,0.0,0,0.0,0,0.0,0,0.0,0,0.0,0,0.0
fair_control_seed7101_best+fair_control_seed7101_final+fair_control_seed7102_best+fair_control_seed7102_final+fair_cvar_seed7101_best+fair_cvar_seed7101_final+fair_final_seed7101_best+fair_final_seed7101_final+fair_final_seed7102_best+fair_final_seed7102_final+fair_topk_seed7101_best+fair_topk_seed7101_final,cross_model_global_fine_rrf_hybrid_mw0.75_teleport5,20,100,100,26,0.7171256015226604,84,0.9700701716584069,0,0.0,57.97,0,0.0,0,0.0,0,0.0,0,0.0,0,0.0,0,0.0,0,0.0,0,0.0,0,0.0,0,0.0,0,0.0
fair_control_seed7101_final,coarse_hybrid_mw0.25_teleport10,20,50,100,22,0.6695823131117248,43,0.8632848948437184,0,0.0,75.24,0,0.0,0,0.0,0,0.0,0,0.0,0,0.0,0,0.0,0,0.0,0,0.0,0,0.0,0,0.0,0,0.0
fair_control_seed7101_final,coarse_hybrid_mw0.25_teleport10,20,75,100,22,0.6695823131117248,66,0.9254915019620903,0,0.0,75.24,0,0.0,0,0.0,0,0.0,0,0.0,0,0.0,0,0.0,0,0.0,0,0.0,0,0.0,0,0.0,0,0.0
fair_control_seed7101_final,coarse_hybrid_mw0.25_teleport10,20,100,100,22,0.6695823131117248,76,0.9496068196509373,0,0.0,75.24,0,0.0,0,0.0,0,0.0,0,0.0,0,0.0,0,0.0,0,0.0,0,0.0,0,0.0,0,0.0,0,0.0
fair_control_seed7101_final,coarse_hybrid_mw0.25_teleport5,20,50,100,22,0.6695823131117248,44,0.8642253710341946,0,0.0,75.24,0,0.0,0,0.0,0,0.0,0,0.0,0,0.0,0,0.0,0,0.0,0,0.0,0,0.0,0,0.0,0,0.0
fair_control_seed7101_final,coarse_hybrid_mw0.25_teleport5,20,75,100,22,0.6695823131117248,66,0.9306597503803385,0,0.0,75.24,0,0.0,0,0.0,0,0.0,0,0.0,0,0.0,0,0.0,0,0.0,0,0.0,0,0.0,0,0.0,0,0.0
fair_control_seed7101_final,coarse_hybrid_mw0.25_teleport5,20,100,100,22,0.6695823131117248,78,0.9557820333261511,0,0.0,75.24,0,0.0,0,0.0,0,0.0,0,0.0,0,0.0,0,0.0,0,0.0,0,0.0,0,0.0,0,0.0,0,0.0
fair_control_seed7101_final,coarse_hybrid_mw0.5_teleport10,20,50,100,22,0.6695823131117248,44,0.8615712196300431,0,0.0,75.24,0,0.0,0,0.0,0,0.0,0,0.0,0,0.0,0,0.0,0,0.0,0,0.0,0,0.0,0,0.0,0,0.0
fair_control_seed7101_final,coarse_hybrid_mw0.5_teleport10,20,75,100,22,0.6695823131117248,59,0.9176423707011943,0,0.0,75.24,0,0.0,0,0.0,0,0.0,0,0.0,0,0.0,0,0.0,0,0.0,0,0.0,0,0.0,0,0.0,0,0.0
fair_control_seed7101_final,coarse_hybrid_mw0.5_teleport10,20,100,100,22,0.6695823131117248,79,0.9526247935071465,0,0.0,75.24,0,0.0,0,0.0,0,0.0,0,0.0,0,0.0,0,0.0,0,0.0,0,0.0,0,0.0,0,0.0,0,0.0
fair_control_seed7101_final,coarse_hybrid_mw0.5_teleport5,20,50,100,22,0.6695823131117248,44,0.8624759815348051,0,0.0,75.24,0,0.0,0,0.0,0,0.0,0,0.0,0,0.0,0,0.0,0,0.0,0,0.0,0,0.0,0,0.0,0,0.0
fair_control_seed7101_final,coarse_hybrid_mw0.5_teleport5,20,75,100,22,0.6695823131117248,60,0.9200034818123054,0,0.0,75.24,0,0.0,0,0.0,0,0.0,0,0.0,0,0.0,0,0.0,0,0.0,0,0.0,0,0.0,0,0.0,0,0.0
fair_control_seed7101_final,coarse_hybrid_mw0.5_teleport5,20,100,100,22,0.6695823131117248,77,0.9520301659125188,0,0.0,75.24,0,0.0,0,0.0,0,0.0,0,0.0,0,0.0,0,0.0,0,0.0,0,0.0,0,0.0,0,0.0,0,0.0
fair_control_seed7101_final,coarse_hybrid_mw0.75_teleport10,20,50,100,22,0.6695823131117248,42,0.856869088427912,0,0.0,75.24,0,0.0,0,0.0,0,0.0,0,0.0,0,0.0,0,0.0,0,0.0,0,0.0,0,0.0,0,0.0,0,0.0
fair_control_seed7101_final,coarse_hybrid_mw0.75_teleport10,20,75,100,22,0.6695823131117248,59,0.9120153865742101,0,0.0,75.24,0,0.0,0,0.0,0,0.0,0,0.0,0,0.0,0,0.0,0,0.0,0,0.0,0,0.0,0,0.0,0,0.0
fair_control_seed7101_final,coarse_hybrid_mw0.75_teleport10,20,100,100,22,0.6695823131117248,70,0.9432110879316761,0,0.0,75.24,0,0.0,0,0.0,0,0.0,0,0.0,0,0.0,0,0.0,0,0.0,0,0.0,0,0.0,0,0.0,0,0.0
fair_control_seed7101_final,coarse_hybrid_mw0.75_teleport5,20,50,100,22,0.6695823131117248,42,0.856709997518821,0,0.0,75.24,0,0.0,0,0.0,0,0.0,0,0.0,0,0.0,0,0.0,0,0.0,0,0.0,0,0.0,0,0.0,0,0.0
fair_control_seed7101_final,coarse_hybrid_mw0.75_teleport5,20,75,100,22,0.6695823131117248,56,0.9094829190417425,0,0.0,75.24,0,0.0,0,0.0,0,0.0,0,0.0,0,0.0,0,0.0,0,0.0,0,0.0,0,0.0,0,0.0,0,0.0
fair_control_seed7101_final,coarse_hybrid_mw0.75_teleport5,20,100,100,22,0.6695823131117248,71,0.94405142406613,0,0.0,75.24,0,0.0,0,0.0,0,0.0,0,0.0,0,0.0,0,0.0,0,0.0,0,0.0,0,0.0,0,0.0,0,0.0
fair_control_seed7101_final,dual_hybrid_rrf_mw0.25_teleport10,20,50,100,23,0.6861353532088826,48,0.8752875686405097,0,0.0,75.24,0,0.0,0,0.0,0,0.0,0,0.0,0,0.0,0,0.0,0,0.0,0,0.0,0,0.0,0,0.0,0,0.0
fair_control_seed7101_final,dual_hybrid_rrf_mw0.25_teleport10,20,75,100,23,0.6861353532088826,65,0.9306587415852121,0,0.0,75.24,0,0.0,0,0.0,0,0.0,0,0.0,0,0.0,0,0.0,0,0.0,0,0.0,0,0.0,0,0.0,0,0.0
fair_control_seed7101_final,dual_hybrid_rrf_mw0.25_teleport10,20,100,100,23,0.6861353532088826,78,0.9561260504201681,0,0.0,75.24,0,0.0,0,0.0,0,0.0,0,0.0,0,0.0,0,0.0,0,0.0,0,0.0,0,0.0,0,0.0,0,0.0
fair_control_seed7101_final,dual_hybrid_rrf_mw0.25_teleport5,20,50,100,23,0.6904805913041208,47,0.8759392959981196,0,0.0,75.24,0,0.0,0,0.0,0,0.0,0,0.0,0,0.0,0,0.0,0,0.0,0,0.0,0,0.0,0,0.0,0,0.0
fair_control_seed7101_final,dual_hybrid_rrf_mw0.25_teleport5,20,75,100,23,0.6904805913041208,67,0.9360718382924266,0,0.0,75.24,0,0.0,0,0.0,0,0.0,0,0.0,0,0.0,0,0.0,0,0.0,0,0.0,0,0.0,0,0.0,0,0.0
fair_control_seed7101_final,dual_hybrid_rrf_mw0.25_teleport5,20,100,100,23,0.6904805913041208,78,0.9570042555483732,0,0.0,75.24,0,0.0,0,0.0,0,0.0,0,0.0,0,0.0,0,0.0,0,0.0,0,0.0,0,0.0,0,0.0,0,0.0
fair_control_seed7101_final,dual_hybrid_rrf_mw0.5_teleport10,20,50,100,23,0.6809851700586995,44,0.8606797042826454,0,0.0,75.24,0,0.0,0,0.0,0,0.0,0,0.0,0,0.0,0,0.0,0,0.0,0,0.0,0,0.0,0,0.0,0,0.0
fair_control_seed7101_final,dual_hybrid_rrf_mw0.5_teleport10,20,75,100,23,0.6809851700586995,60,0.9260639393286452,0,0.0,75.24,0,0.0,0,0.0,0,0.0,0,0.0,0,0.0,0,0.0,0,0.0,0,0.0,0,0.0,0,0.0,0,0.0
fair_control_seed7101_final,dual_hybrid_rrf_mw0.5_teleport10,20,100,100,23,0.6809851700586995,78,0.954221575809811,0,0.0,75.24,0,0.0,0,0.0,0,0.0,0,0.0,0,0.0,0,0.0,0,0.0,0,0.0,0,0.0,0,0.0,0,0.0
fair_control_seed7101_final,dual_hybrid_rrf_mw0.5_teleport5,20,50,100,23,0.6861756462491756,43,0.8623992527080762,0,0.0,75.24,0,0.0,0,0.0,0,0.0,0,0.0,0,0.0,0,0.0,0,0.0,0,0.0,0,0.0,0,0.0,0,0.0
fair_control_seed7101_final,dual_hybrid_rrf_mw0.5_teleport5,20,75,100,23,0.6861756462491756,60,0.9264806059953119,0,0.0,75.24,0,0.0,0,0.0,0,0.0,0,0.0,0,0.0,0,0.0,0,0.0,0,0.0,0,0.0,0,0.0,0,0.0
fair_control_seed7101_final,dual_hybrid_rrf_mw0.5_teleport5,20,100,100,23,0.6861756462491756,76,0.9517569293451646,0,0.0,75.24,0,0.0,0,0.0,0,0.0,0,0.0,0,0.0,0,0.0,0,0.0,0,0.0,0,0.0,0,0.0,0,0.0
fair_control_seed7101_final,dual_hybrid_rrf_mw0.75_teleport10,20,50,100,23,0.6836193593987712,45,0.8585824028912264,0,0.0,75.24,0,0.0,0,0.0,0,0.0,0,0.0,0,0.0,0,0.0,0,0.0,0,0.0,0,0.0,0,0.0,0,0.0
fair_control_seed7101_final,dual_hybrid_rrf_mw0.75_teleport10,20,75,100,23,0.6836193593987712,59,0.9179908555496791,0,0.0,75.24,0,0.0,0,0.0,0,0.0,0,0.0,0,0.0,0,0.0,0,0.0,0,0.0,0,0.0,0,0.0,0,0.0
fair_control_seed7101_final,dual_hybrid_rrf_mw0.75_teleport10,20,100,100,23,0.6836193593987712,74,0.9518063260269143,0,0.0,75.24,0,0.0,0,0.0,0,0.0,0,0.0,0,0.0,0,0.0,0,0.0,0,0.0,0,0.0,0,0.0,0,0.0
fair_control_seed7101_final,dual_hybrid_rrf_mw0.75_teleport5,20,50,100,23,0.6848011775805893,45,0.8597414938003173,0,0.0,75.24,0,0.0,0,0.0,0,0.0,0,0.0,0,0.0,0,0.0,0,0.0,0,0.0,0,0.0,0,0.0,0,0.0
fair_control_seed7101_final,dual_hybrid_rrf_mw0.75_teleport5,20,75,100,23,0.6848011775805893,58,0.9162484313072548,0,0.0,75.24,0,0.0,0,0.0,0,0.0,0,0.0,0,0.0,0,0.0,0,0.0,0,0.0,0,0.0,0,0.0,0,0.0
fair_control_seed7101_final,dual_hybrid_rrf_mw0.75_teleport5,20,100,100,23,0.6848011775805893,73,0.9495514240661299,0,0.0,75.24,0,0.0,0,0.0,0,0.0,0,0.0,0,0.0,0,0.0,0,0.0,0,0.0,0,0.0,0,0.0,0,0.0
fair_control_seed7101_final,fixed,20,20,100,22,0.6695823131117248,22,0.6695823131117248,0,0.0,75.24,0,0.0,0,0.0,0,0.0,0,0.0,0,0.0,0,0.0,0,0.0,0,0.0,0,0.0,0,0.0,0,0.0
fair_control_seed7101_final,fixed,50,50,100,39,0.8447381735911148,39,0.8447381735911148,0,0.0,75.24,0,0.0,0,0.0,0,0.0,0,0.0,0,0.0,0,0.0,0,0.0,0,0.0,0,0.0,0,0.0,0,0.0
fair_control_seed7101_final,fixed,100,100,100,64,0.9290321932968992,64,0.9290321932968992,0,0.0,75.24,0,0.0,0,0.0,0,0.0,0,0.0,0,0.0,0,0.0,0,0.0,0,0.0,0,0.0,0,0.0,0,0.0
fair_control_seed7101_final,fixed_dual_hybrid_rrf_mw0.25_teleport10,20,50,100,24,0.6798279841073959,43,0.861510724569548,0,0.0,75.24,0,0.0,0,0.0,0,0.0,0,0.0,0,0.0,0,0.0,0,0.0,0,0.0,0,0.0,0,0.0,0,0.0
fair_control_seed7101_final,fixed_dual_hybrid_rrf_mw0.25_teleport10,20,75,100,24,0.6798279841073959,64,0.9353258440905499,0,0.0,75.24,0,0.0,0,0.0,0,0.0,0,0.0,0,0.0,0,0.0,0,0.0,0,0.0,0,0.0,0,0.0,0,0.0
fair_control_seed7101_final,fixed_dual_hybrid_rrf_mw0.25_teleport10,20,100,100,24,0.6798279841073959,79,0.9599209222150398,0,0.0,75.24,0,0.0,0,0.0,0,0.0,0,0.0,0,0.0,0,0.0,0,0.0,0,0.0,0,0.0,0,0.0,0,0.0
fair_control_seed7101_final,fixed_dual_hybrid_rrf_mw0.25_teleport5,20,50,100,24,0.6814946507740625,43,0.8648962557050792,0,0.0,75.24,0,0.0,0,0.0,0,0.0,0,0.0,0,0.0,0,0.0,0,0.0,0,0.0,0,0.0,0,0.0,0,0.0
fair_control_seed7101_final,fixed_dual_hybrid_rrf_mw0.25_teleport5,20,75,100,24,0.6814946507740625,64,0.9305709421297657,0,0.0,75.24,0,0.0,0,0.0,0,0.0,0,0.0,0,0.0,0,0.0,0,0.0,0,0.0,0,0.0,0,0.0,0,0.0
fair_control_seed7101_final,fixed_dual_hybrid_rrf_mw0.25_teleport5,20,100,100,24,0.6814946507740625,78,0.9553353607177136,0,0.0,75.24,0,0.0,0,0.0,0,0.0,0,0.0,0,0.0,0,0.0,0,0.0,0,0.0,0,0.0,0,0.0,0,0.0
fair_control_seed7101_final,fixed_dual_hybrid_rrf_mw0.5_teleport10,20,50,100,23,0.6789870750164867,44,0.8628526049114285,0,0.0,75.24,0,0.0,0,0.0,0,0.0,0,0.0,0,0.0,0,0.0,0,0.0,0,0.0,0,0.0,0,0.0,0,0.0
fair_control_seed7101_final,fixed_dual_hybrid_rrf_mw0.5_teleport10,20,75,100,23,0.6789870750164867,59,0.9222257040345275,0,0.0,75.24,0,0.0,0,0.0,0,0.0,0,0.0,0,0.0,0,0.0,0,0.0,0,0.0,0,0.0,0,0.0,0,0.0
fair_control_seed7101_final,fixed_dual_hybrid_rrf_mw0.5_teleport10,20,100,100,23,0.6789870750164867,75,0.9505780347103877,0,0.0,75.24,0,0.0,0,0.0,0,0.0,0,0.0,0,0.0,0,0.0,0,0.0,0,0.0,0,0.0,0,0.0,0,0.0
fair_control_seed7101_final,fixed_dual_hybrid_rrf_mw0.5_teleport5,20,50,100,22,0.6743085035879153,44,0.8618800219388454,0,0.0,75.24,0,0.0,0,0.0,0,0.0,0,0.0,0,0.0,0,0.0,0,0.0,0,0.0,0,0.0,0,0.0,0,0.0
fair_control_seed7101_final,fixed_dual_hybrid_rrf_mw0.5_teleport5,20,75,100,22,0.6743085035879153,59,0.9196780849869086,0,0.0,75.24,0,0.0,0,0.0,0,0.0,0,0.0,0,0.0,0,0.0,0,0.0,0,0.0,0,0.0,0,0.0,0,0.0
fair_control_seed7101_final,fixed_dual_hybrid_rrf_mw0.5_teleport5,20,100,100,22,0.6743085035879153,76,0.9535780347103876,0,0.0,75.24,0,0.0,0,0.0,0,0.0,0,0.0,0,0.0,0,0.0,0,0.0,0,0.0,0,0.0,0,0.0,0,0.0
fair_control_seed7101_final,fixed_dual_hybrid_rrf_mw0.75_teleport10,20,50,100,24,0.6801212741506859,44,0.8595555963644199,0,0.0,75.24,0,0.0,0,0.0,0,0.0,0,0.0,0,0.0,0,0.0,0,0.0,0,0.0,0,0.0,0,0.0,0,0.0
fair_control_seed7101_final,fixed_dual_hybrid_rrf_mw0.75_teleport10,20,75,100,24,0.6801212741506859,56,0.909859542418366,0,0.0,75.24,0,0.0,0,0.0,0,0.0,0,0.0,0,0.0,0,0.0,0,0.0,0,0.0,0,0.0,0,0.0,0,0.0
fair_control_seed7101_final,fixed_dual_hybrid_rrf_mw0.75_teleport10,20,100,100,24,0.6801212741506859,72,0.9480370952576835,0,0.0,75.24,0,0.0,0,0.0,0,0.0,0,0.0,0,0.0,0,0.0,0,0.0,0,0.0,0,0.0,0,0.0,0,0.0
fair_control_seed7101_final,fixed_dual_hybrid_rrf_mw0.75_teleport5,20,50,100,23,0.6785855598649717,44,0.8588413106501342,0,0.0,75.24,0,0.0,0,0.0,0,0.0,0,0.0,0,0.0,0,0.0,0,0.0,0,0.0,0,0.0,0,0.0,0,0.0
fair_control_seed7101_final,fixed_dual_hybrid_rrf_mw0.75_teleport5,20,75,100,23,0.6785855598649717,56,0.9091452567040803,0,0.0,75.24,0,0.0,0,0.0,0,0.0,0,0.0,0,0.0,0,0.0,0,0.0,0,0.0,0,0.0,0,0.0,0,0.0
fair_control_seed7101_final,fixed_dual_hybrid_rrf_mw0.75_teleport5,20,100,100,23,0.6785855598649717,72,0.9480370952576835,0,0.0,75.24,0,0.0,0,0.0,0,0.0,0,0.0,0,0.0,0,0.0,0,0.0,0,0.0,0,0.0,0,0.0,0,0.0
fair_control_seed7101_final,global_fine_rrf_fixed,20,20,100,25,0.6835052235346353,25,0.6835052235346353,0,0.0,75.24,0,0.0,0,0.0,0,0.0,0,0.0,0,0.0,0,0.0,0,0.0,0,0.0,0,0.0,0,0.0,0,0.0
fair_control_seed7101_final,global_fine_rrf_fixed,50,50,100,42,0.8378513104542517,42,0.8378513104542517,0,0.0,75.24,0,0.0,0,0.0,0,0.0,0,0.0,0,0.0,0,0.0,0,0.0,0,0.0,0,0.0,0,0.0,0,0.0
fair_control_seed7101_final,global_fine_rrf_fixed,100,100,100,72,0.9471988599635658,72,0.9471988599635658,0,0.0,75.24,0,0.0,0,0.0,0,0.0,0,0.0,0,0.0,0,0.0,0,0.0,0,0.0,0,0.0,0,0.0,0,0.0
fair_control_seed7101_final,global_fine_rrf_hybrid_mw0.25_teleport10,20,50,100,25,0.6835052235346353,47,0.8810051011080422,0,0.0,75.24,0,0.0,0,0.0,0,0.0,0,0.0,0,0.0,0,0.0,0,0.0,0,0.0,0,0.0,0,0.0,0,0.0
fair_control_seed7101_final,global_fine_rrf_hybrid_mw0.25_teleport10,20,75,100,25,0.6835052235346353,64,0.9286336376042259,0,0.0,75.24,0,0.0,0,0.0,0,0.0,0,0.0,0,0.0,0,0.0,0,0.0,0,0.0,0,0.0,0,0.0,0,0.0
fair_control_seed7101_final,global_fine_rrf_hybrid_mw0.25_teleport10,20,100,100,25,0.6835052235346353,79,0.9581260504201681,0,0.0,75.24,0,0.0,0,0.0,0,0.0,0,0.0,0,0.0,0,0.0,0,0.0,0,0.0,0,0.0,0,0.0,0,0.0
fair_control_seed7101_final,global_fine_rrf_hybrid_mw0.25_teleport5,20,50,100,25,0.6835052235346353,46,0.8732074820604232,0,0.0,75.24,0,0.0,0,0.0,0,0.0,0,0.0,0,0.0,0,0.0,0,0.0,0,0.0,0,0.0,0,0.0,0,0.0
fair_control_seed7101_final,global_fine_rrf_hybrid_mw0.25_teleport5,20,75,100,25,0.6835052235346353,67,0.9321935597082656,0,0.0,75.24,0,0.0,0,0.0,0,0.0,0,0.0,0,0.0,0,0.0,0,0.0,0,0.0,0,0.0,0,0.0,0,0.0
fair_control_seed7101_final,global_fine_rrf_hybrid_mw0.25_teleport5,20,100,100,25,0.6835052235346353,78,0.9570042555483732,0,0.0,75.24,0,0.0,0,0.0,0,0.0,0,0.0,0,0.0,0,0.0,0,0.0,0,0.0,0,0.0,0,0.0,0,0.0
fair_control_seed7101_final,global_fine_rrf_hybrid_mw0.5_teleport10,20,50,100,25,0.6835052235346353,45,0.8663692092221504,0,0.0,75.24,0,0.0,0,0.0,0,0.0,0,0.0,0,0.0,0,0.0,0,0.0,0,0.0,0,0.0,0,0.0,0,0.0
fair_control_seed7101_final,global_fine_rrf_hybrid_mw0.5_teleport10,20,75,100,25,0.6835052235346353,61,0.9245358008005067,0,0.0,75.24,0,0.0,0,0.0,0,0.0,0,0.0,0,0.0,0,0.0,0,0.0,0,0.0,0,0.0,0,0.0,0,0.0
fair_control_seed7101_final,global_fine_rrf_hybrid_mw0.5_teleport10,20,100,100,25,0.6835052235346353,75,0.9494693476458183,0,0.0,75.24,0,0.0,0,0.0,0,0.0,0,0.0,0,0.0,0,0.0,0,0.0,0,0.0,0,0.0,0,0.0,0,0.0
fair_control_seed7101_final,global_fine_rrf_hybrid_mw0.5_teleport5,20,50,100,25,0.6835052235346353,44,0.8620080981110392,0,0.0,75.24,0,0.0,0,0.0,0,0.0,0,0.0,0,0.0,0,0.0,0,0.0,0,0.0,0,0.0,0,0.0,0,0.0
fair_control_seed7101_final,global_fine_rrf_hybrid_mw0.5_teleport5,20,75,100,25,0.6835052235346353,58,0.9212381817528876,0,0.0,75.24,0,0.0,0,0.0,0,0.0,0,0.0,0,0.0,0,0.0,0,0.0,0,0.0,0,0.0,0,0.0,0,0.0
fair_control_seed7101_final,global_fine_rrf_hybrid_mw0.5_teleport5,20,100,100,25,0.6835052235346353,75,0.9520645857410563,0,0.0,75.24,0,0.0,0,0.0,0,0.0,0,0.0,0,0.0,0,0.0,0,0.0,0,0.0,0,0.0,0,0.0,0,0.0
fair_control_seed7101_final,global_fine_rrf_hybrid_mw0.75_teleport10,20,50,100,25,0.6835052235346353,45,0.8526913592943005,0,0.0,75.24,0,0.0,0,0.0,0,0.0,0,0.0,0,0.0,0,0.0,0,0.0,0,0.0,0,0.0,0,0.0,0,0.0
fair_control_seed7101_final,global_fine_rrf_hybrid_mw0.75_teleport10,20,75,100,25,0.6835052235346353,60,0.9206237128884187,0,0.0,75.24,0,0.0,0,0.0,0,0.0,0,0.0,0,0.0,0,0.0,0,0.0,0,0.0,0,0.0,0,0.0,0,0.0
fair_control_seed7101_final,global_fine_rrf_hybrid_mw0.75_teleport10,20,100,100,25,0.6835052235346353,75,0.9507663202810263,0,0.0,75.24,0,0.0,0,0.0,0,0.0,0,0.0,0,0.0,0,0.0,0,0.0,0,0.0,0,0.0,0,0.0,0,0.0
fair_control_seed7101_final,global_fine_rrf_hybrid_mw0.75_teleport5,20,50,100,25,0.6835052235346353,45,0.8519770735800148,0,0.0,75.24,0,0.0,0,0.0,0,0.0,0,0.0,0,0.0,0,0.0,0,0.0,0,0.0,0,0.0,0,0.0,0,0.0
fair_control_seed7101_final,global_fine_rrf_hybrid_mw0.75_teleport5,20,75,100,25,0.6835052235346353,60,0.9177341024988084,0,0.0,75.24,0,0.0,0,0.0,0,0.0,0,0.0,0,0.0,0,0.0,0,0.0,0,0.0,0,0.0,0,0.0,0,0.0
fair_control_seed7101_final,global_fine_rrf_hybrid_mw0.75_teleport5,20,100,100,25,0.6835052235346353,76,0.9518774313921372,0,0.0,75.24,0,0.0,0,0.0,0,0.0,0,0.0,0,0.0,0,0.0,0,0.0,0,0.0,0,0.0,0,0.0,0,0.0
fair_control_seed7102_best,coarse_hybrid_mw0.25_teleport10,20,50,100,20,0.6848981165892931,47,0.8723088153676389,0,0.0,74.1,0,0.0,0,0.0,0,0.0,0,0.0,0,0.0,0,0.0,0,0.0,0,0.0,0,0.0,0,0.0,0,0.0
fair_control_seed7102_best,coarse_hybrid_mw0.25_teleport10,20,75,100,20,0.6848981165892931,68,0.9333859033123738,0,0.0,74.1,0,0.0,0,0.0,0,0.0,0,0.0,0,0.0,0,0.0,0,0.0,0,0.0,0,0.0,0,0.0,0,0.0
fair_control_seed7102_best,coarse_hybrid_mw0.25_teleport10,20,100,100,20,0.6848981165892931,82,0.9572179307620484,0,0.0,74.1,0,0.0,0,0.0,0,0.0,0,0.0,0,0.0,0,0.0,0,0.0,0,0.0,0,0.0,0,0.0,0,0.0
fair_control_seed7102_best,coarse_hybrid_mw0.25_teleport5,20,50,100,20,0.6848981165892931,44,0.8721159526747762,0,0.0,74.1,0,0.0,0,0.0,0,0.0,0,0.0,0,0.0,0,0.0,0,0.0,0,0.0,0,0.0,0,0.0,0,0.0
fair_control_seed7102_best,coarse_hybrid_mw0.25_teleport5,20,75,100,20,0.6848981165892931,68,0.9319146523411228,0,0.0,74.1,0,0.0,0,0.0,0,0.0,0,0.0,0,0.0,0,0.0,0,0.0,0,0.0,0,0.0,0,0.0,0,0.0
fair_control_seed7102_best,coarse_hybrid_mw0.25_teleport5,20,100,100,20,0.6848981165892931,81,0.9552179307620484,0,0.0,74.1,0,0.0,0,0.0,0,0.0,0,0.0,0,0.0,0,0.0,0,0.0,0,0.0,0,0.0,0,0.0,0,0.0
fair_control_seed7102_best,coarse_hybrid_mw0.5_teleport10,20,50,100,20,0.6848981165892931,44,0.8660333310480369,0,0.0,74.1,0,0.0,0,0.0,0,0.0,0,0.0,0,0.0,0,0.0,0,0.0,0,0.0,0,0.0,0,0.0,0,0.0
fair_control_seed7102_best,coarse_hybrid_mw0.5_teleport10,20,75,100,20,0.6848981165892931,69,0.9300911604735134,0,0.0,74.1,0,0.0,0,0.0,0,0.0,0,0.0,0,0.0,0,0.0,0,0.0,0,0.0,0,0.0,0,0.0,0,0.0
fair_control_seed7102_best,coarse_hybrid_mw0.5_teleport10,20,100,100,20,0.6848981165892931,82,0.9647249335631689,0,0.0,74.1,0,0.0,0,0.0,0,0.0,0,0.0,0,0.0,0,0.0,0,0.0,0,0.0,0,0.0,0,0.0,0,0.0
fair_control_seed7102_best,coarse_hybrid_mw0.5_teleport5,20,50,100,20,0.6848981165892931,45,0.8665489918578154,0,0.0,74.1,0,0.0,0,0.0,0,0.0,0,0.0,0,0.0,0,0.0,0,0.0,0,0.0,0,0.0,0,0.0,0,0.0
fair_control_seed7102_best,coarse_hybrid_mw0.5_teleport5,20,75,100,20,0.6848981165892931,66,0.9219388226152933,0,0.0,74.1,0,0.0,0,0.0,0,0.0,0,0.0,0,0.0,0,0.0,0,0.0,0,0.0,0,0.0,0,0.0,0,0.0
fair_control_seed7102_best,coarse_hybrid_mw0.5_teleport5,20,100,100,20,0.6848981165892931,81,0.9657249335631688,0,0.0,74.1,0,0.0,0,0.0,0,0.0,0,0.0,0,0.0,0,0.0,0,0.0,0,0.0,0,0.0,0,0.0,0,0.0
fair_control_seed7102_best,coarse_hybrid_mw0.75_teleport10,20,50,100,20,0.6848981165892931,43,0.8511316036904272,0,0.0,74.1,0,0.0,0,0.0,0,0.0,0,0.0,0,0.0,0,0.0,0,0.0,0,0.0,0,0.0,0,0.0,0,0.0
fair_control_seed7102_best,coarse_hybrid_mw0.75_teleport10,20,75,100,20,0.6848981165892931,58,0.9121593520858227,0,0.0,74.1,0,0.0,0,0.0,0,0.0,0,0.0,0,0.0,0,0.0,0,0.0,0,0.0,0,0.0,0,0.0,0,0.0
fair_control_seed7102_best,coarse_hybrid_mw0.75_teleport10,20,100,100,20,0.6848981165892931,73,0.9476101414924945,0,0.0,74.1,0,0.0,0,0.0,0,0.0,0,0.0,0,0.0,0,0.0,0,0.0,0,0.0,0,0.0,0,0.0,0,0.0
fair_control_seed7102_best,coarse_hybrid_mw0.75_teleport5,20,50,100,20,0.6848981165892931,43,0.8497030322618557,0,0.0,74.1,0,0.0,0,0.0,0,0.0,0,0.0,0,0.0,0,0.0,0,0.0,0,0.0,0,0.0,0,0.0,0,0.0
fair_control_seed7102_best,coarse_hybrid_mw0.75_teleport5,20,75,100,20,0.6848981165892931,58,0.9106758356023061,0,0.0,74.1,0,0.0,0,0.0,0,0.0,0,0.0,0,0.0,0,0.0,0,0.0,0,0.0,0,0.0,0,0.0,0,0.0
fair_control_seed7102_best,coarse_hybrid_mw0.75_teleport5,20,100,100,20,0.6848981165892931,73,0.9476101414924945,0,0.0,74.1,0,0.0,0,0.0,0,0.0,0,0.0,0,0.0,0,0.0,0,0.0,0,0.0,0,0.0,0,0.0,0,0.0
fair_control_seed7102_best,dual_hybrid_rrf_mw0.25_teleport10,20,50,100,24,0.7014228973640738,47,0.8769275022363258,0,0.0,74.1,0,0.0,0,0.0,0,0.0,0,0.0,0,0.0,0,0.0,0,0.0,0,0.0,0,0.0,0,0.0,0,0.0
fair_control_seed7102_best,dual_hybrid_rrf_mw0.25_teleport10,20,75,100,24,0.7014228973640738,69,0.9370525699790406,0,0.0,74.1,0,0.0,0,0.0,0,0.0,0,0.0,0,0.0,0,0.0,0,0.0,0,0.0,0,0.0,0,0.0,0,0.0
fair_control_seed7102_best,dual_hybrid_rrf_mw0.25_teleport10,20,100,100,24,0.7014228973640738,82,0.961884597428715,0,0.0,74.1,0,0.0,0,0.0,0,0.0,0,0.0,0,0.0,0,0.0,0,0.0,0,0.0,0,0.0,0,0.0,0,0.0
fair_control_seed7102_best,dual_hybrid_rrf_mw0.25_teleport5,20,50,100,24,0.6979060906413848,48,0.8766119844208079,0,0.0,74.1,0,0.0,0,0.0,0,0.0,0,0.0,0,0.0,0,0.0,0,0.0,0,0.0,0,0.0,0,0.0,0,0.0
fair_control_seed7102_best,dual_hybrid_rrf_mw0.25_teleport5,20,75,100,24,0.6979060906413848,70,0.9376121313327195,0,0.0,74.1,0,0.0,0,0.0,0,0.0,0,0.0,0,0.0,0,0.0,0,0.0,0,0.0,0,0.0,0,0.0,0,0.0
fair_control_seed7102_best,dual_hybrid_rrf_mw0.25_teleport5,20,100,100,24,0.6979060906413848,80,0.9602893593334769,0,0.0,74.1,0,0.0,0,0.0,0,0.0,0,0.0,0,0.0,0,0.0,0,0.0,0,0.0,0,0.0,0,0.0,0,0.0
fair_control_seed7102_best,dual_hybrid_rrf_mw0.5_teleport10,20,50,100,25,0.6979461339314281,43,0.8657275257422316,0,0.0,74.1,0,0.0,0,0.0,0,0.0,0,0.0,0,0.0,0,0.0,0,0.0,0,0.0,0,0.0,0,0.0,0,0.0
fair_control_seed7102_best,dual_hybrid_rrf_mw0.5_teleport10,20,75,100,25,0.6979461339314281,69,0.9376433582757112,0,0.0,74.1,0,0.0,0,0.0,0,0.0,0,0.0,0,0.0,0,0.0,0,0.0,0,0.0,0,0.0,0,0.0,0,0.0
fair_control_seed7102_best,dual_hybrid_rrf_mw0.5_teleport10,20,100,100,25,0.6979461339314281,84,0.9733082668965022,0,0.0,74.1,0,0.0,0,0.0,0,0.0,0,0.0,0,0.0,0,0.0,0,0.0,0,0.0,0,0.0,0,0.0,0,0.0
fair_control_seed7102_best,dual_hybrid_rrf_mw0.5_teleport5,20,50,100,24,0.6997794672647614,45,0.8674106759253819,0,0.0,74.1,0,0.0,0,0.0,0,0.0,0,0.0,0,0.0,0,0.0,0,0.0,0,0.0,0,0.0,0,0.0,0,0.0
fair_control_seed7102_best,dual_hybrid_rrf_mw0.5_teleport5,20,75,100,24,0.6997794672647614,68,0.9369152628417335,0,0.0,74.1,0,0.0,0,0.0,0,0.0,0,0.0,0,0.0,0,0.0,0,0.0,0,0.0,0,0.0,0,0.0,0,0.0
fair_control_seed7102_best,dual_hybrid_rrf_mw0.5_teleport5,20,100,100,24,0.6997794672647614,84,0.9717200316023846,0,0.0,74.1,0,0.0,0,0.0,0,0.0,0,0.0,0,0.0,0,0.0,0,0.0,0,0.0,0,0.0,0,0.0,0,0.0
fair_control_seed7102_best,dual_hybrid_rrf_mw0.75_teleport10,20,50,100,23,0.6978820313673255,44,0.8592827580915816,0,0.0,74.1,0,0.0,0,0.0,0,0.0,0,0.0,0,0.0,0,0.0,0,0.0,0,0.0,0,0.0,0,0.0,0,0.0
fair_control_seed7102_best,dual_hybrid_rrf_mw0.75_teleport10,20,75,100,23,0.6978820313673255,62,0.9194109338374044,0,0.0,74.1,0,0.0,0,0.0,0,0.0,0,0.0,0,0.0,0,0.0,0,0.0,0,0.0,0,0.0,0,0.0,0,0.0
fair_control_seed7102_best,dual_hybrid_rrf_mw0.75_teleport10,20,100,100,23,0.6978820313673255,77,0.9591379192702721,0,0.0,74.1,0,0.0,0,0.0,0,0.0,0,0.0,0,0.0,0,0.0,0,0.0,0,0.0,0,0.0,0,0.0,0,0.0
fair_control_seed7102_best,dual_hybrid_rrf_mw0.75_teleport5,20,50,100,23,0.6966320313673254,42,0.8544494247582484,0,0.0,74.1,0,0.0,0,0.0,0,0.0,0,0.0,0,0.0,0,0.0,0,0.0,0,0.0,0,0.0,0,0.0,0,0.0
fair_control_seed7102_best,dual_hybrid_rrf_mw0.75_teleport5,20,75,100,23,0.6966320313673254,61,0.9186966481231187,0,0.0,74.1,0,0.0,0,0.0,0,0.0,0,0.0,0,0.0,0,0.0,0,0.0,0,0.0,0,0.0,0,0.0,0,0.0
fair_control_seed7102_best,dual_hybrid_rrf_mw0.75_teleport5,20,100,100,23,0.6966320313673254,77,0.9591379192702721,0,0.0,74.1,0,0.0,0,0.0,0,0.0,0,0.0,0,0.0,0,0.0,0,0.0,0,0.0,0,0.0,0,0.0,0,0.0
fair_control_seed7102_best,fixed,20,20,100,20,0.6848981165892931,20,0.6848981165892931,0,0.0,74.1,0,0.0,0,0.0,0,0.0,0,0.0,0,0.0,0,0.0,0,0.0,0,0.0,0,0.0,0,0.0,0,0.0
fair_control_seed7102_best,fixed,50,50,100,38,0.8345436181465593,38,0.8345436181465593,0,0.0,74.1,0,0.0,0,0.0,0,0.0,0,0.0,0,0.0,0,0.0,0,0.0,0,0.0,0,0.0,0,0.0,0,0.0
fair_control_seed7102_best,fixed,100,100,100,63,0.932509492141845,63,0.932509492141845,0,0.0,74.1,0,0.0,0,0.0,0,0.0,0,0.0,0,0.0,0,0.0,0,0.0,0,0.0,0,0.0,0,0.0,0,0.0
fair_control_seed7102_best,fixed_dual_hybrid_rrf_mw0.25_teleport10,20,50,100,23,0.6938703763556704,44,0.8668340956429192,0,0.0,74.1,0,0.0,0,0.0,0,0.0,0,0.0,0,0.0,0,0.0,0,0.0,0,0.0,0,0.0,0,0.0,0,0.0
fair_control_seed7102_best,fixed_dual_hybrid_rrf_mw0.25_teleport10,20,75,100,23,0.6938703763556704,69,0.9342473751738457,0,0.0,74.1,0,0.0,0,0.0,0,0.0,0,0.0,0,0.0,0,0.0,0,0.0,0,0.0,0,0.0,0,0.0,0,0.0
fair_control_seed7102_best,fixed_dual_hybrid_rrf_mw0.25_teleport10,20,100,100,23,0.6938703763556704,80,0.9580344573726927,0,0.0,74.1,0,0.0,0,0.0,0,0.0,0,0.0,0,0.0,0,0.0,0,0.0,0,0.0,0,0.0,0,0.0,0,0.0
fair_control_seed7102_best,fixed_dual_hybrid_rrf_mw0.25_teleport5,20,50,100,20,0.6898703763556705,46,0.8728072891161126,0,0.0,74.1,0,0.0,0,0.0,0,0.0,0,0.0,0,0.0,0,0.0,0,0.0,0,0.0,0,0.0,0,0.0,0,0.0
fair_control_seed7102_best,fixed_dual_hybrid_rrf_mw0.25_teleport5,20,75,100,20,0.6898703763556705,67,0.931580708507179,0,0.0,74.1,0,0.0,0,0.0,0,0.0,0,0.0,0,0.0,0,0.0,0,0.0,0,0.0,0,0.0,0,0.0,0,0.0
fair_control_seed7102_best,fixed_dual_hybrid_rrf_mw0.25_teleport5,20,100,100,20,0.6898703763556705,81,0.9616296954679308,0,0.0,74.1,0,0.0,0,0.0,0,0.0,0,0.0,0,0.0,0,0.0,0,0.0,0,0.0,0,0.0,0,0.0,0,0.0
fair_control_seed7102_best,fixed_dual_hybrid_rrf_mw0.5_teleport10,20,50,100,22,0.6915294672647613,44,0.8632308100396335,0,0.0,74.1,0,0.0,0,0.0,0,0.0,0,0.0,0,0.0,0,0.0,0,0.0,0,0.0,0,0.0,0,0.0,0,0.0
fair_control_seed7102_best,fixed_dual_hybrid_rrf_mw0.5_teleport10,20,75,100,22,0.6915294672647613,66,0.9242485961750668,0,0.0,74.1,0,0.0,0,0.0,0,0.0,0,0.0,0,0.0,0,0.0,0,0.0,0,0.0,0,0.0,0,0.0,0,0.0
fair_control_seed7102_best,fixed_dual_hybrid_rrf_mw0.5_teleport10,20,100,100,22,0.6915294672647613,80,0.9677960389283919,0,0.0,74.1,0,0.0,0,0.0,0,0.0,0,0.0,0,0.0,0,0.0,0,0.0,0,0.0,0,0.0,0,0.0,0,0.0
fair_control_seed7102_best,fixed_dual_hybrid_rrf_mw0.5_teleport5,20,50,100,21,0.687941804927099,45,0.8642995648142707,0,0.0,74.1,0,0.0,0,0.0,0,0.0,0,0.0,0,0.0,0,0.0,0,0.0,0,0.0,0,0.0,0,0.0,0,0.0
fair_control_seed7102_best,fixed_dual_hybrid_rrf_mw0.5_teleport5,20,75,100,21,0.687941804927099,66,0.9232485961750667,0,0.0,74.1,0,0.0,0,0.0,0,0.0,0,0.0,0,0.0,0,0.0,0,0.0,0,0.0,0,0.0,0,0.0,0,0.0
fair_control_seed7102_best,fixed_dual_hybrid_rrf_mw0.5_teleport5,20,100,100,21,0.687941804927099,79,0.9611293722617252,0,0.0,74.1,0,0.0,0,0.0,0,0.0,0,0.0,0,0.0,0,0.0,0,0.0,0,0.0,0,0.0,0,0.0,0,0.0
fair_control_seed7102_best,fixed_dual_hybrid_rrf_mw0.75_teleport10,20,50,100,22,0.6906203763556705,41,0.8495333310480369,0,0.0,74.1,0,0.0,0,0.0,0,0.0,0,0.0,0,0.0,0,0.0,0,0.0,0,0.0,0,0.0,0,0.0,0,0.0
fair_control_seed7102_best,fixed_dual_hybrid_rrf_mw0.75_teleport10,20,75,100,22,0.6906203763556705,58,0.913140121316592,0,0.0,74.1,0,0.0,0,0.0,0,0.0,0,0.0,0,0.0,0,0.0,0,0.0,0,0.0,0,0.0,0,0.0,0,0.0
fair_control_seed7102_best,fixed_dual_hybrid_rrf_mw0.75_teleport10,20,100,100,22,0.6906203763556705,76,0.956776808159161,0,0.0,74.1,0,0.0,0,0.0,0,0.0,0,0.0,0,0.0,0,0.0,0,0.0,0,0.0,0,0.0,0,0.0,0,0.0
fair_control_seed7102_best,fixed_dual_hybrid_rrf_mw0.75_teleport5,20,50,100,22,0.692691804927099,40,0.8469450957539193,0,0.0,74.1,0,0.0,0,0.0,0,0.0,0,0.0,0,0.0,0,0.0,0,0.0,0,0.0,0,0.0,0,0.0,0,0.0
fair_control_seed7102_best,fixed_dual_hybrid_rrf_mw0.75_teleport5,20,75,100,22,0.692691804927099,58,0.9122591689356395,0,0.0,74.1,0,0.0,0,0.0,0,0.0,0,0.0,0,0.0,0,0.0,0,0.0,0,0.0,0,0.0,0,0.0,0,0.0
fair_control_seed7102_best,fixed_dual_hybrid_rrf_mw0.75_teleport5,20,100,100,22,0.692691804927099,76,0.956776808159161,0,0.0,74.1,0,0.0,0,0.0,0,0.0,0,0.0,0,0.0,0,0.0,0,0.0,0,0.0,0,0.0,0,0.0,0,0.0
fair_control_seed7102_best,global_fine_rrf_fixed,20,20,100,22,0.6876236231089172,22,0.6876236231089172,0,0.0,74.1,0,0.0,0,0.0,0,0.0,0,0.0,0,0.0,0,0.0,0,0.0,0,0.0,0,0.0,0,0.0,0,0.0
fair_control_seed7102_best,global_fine_rrf_fixed,50,50,100,39,0.8428998632086868,39,0.8428998632086868,0,0.0,74.1,0,0.0,0,0.0,0,0.0,0,0.0,0,0.0,0,0.0,0,0.0,0,0.0,0,0.0,0,0.0,0,0.0
fair_control_seed7102_best,global_fine_rrf_fixed,100,100,100,72,0.9508359712183241,72,0.9508359712183241,0,0.0,74.1,0,0.0,0,0.0,0,0.0,0,0.0,0,0.0,0,0.0,0,0.0,0,0.0,0,0.0,0,0.0,0,0.0
fair_control_seed7102_best,global_fine_rrf_hybrid_mw0.25_teleport10,20,50,100,22,0.6876236231089172,46,0.8748008054037466,0,0.0,74.1,0,0.0,0,0.0,0,0.0,0,0.0,0,0.0,0,0.0,0,0.0,0,0.0,0,0.0,0,0.0,0,0.0
fair_control_seed7102_best,global_fine_rrf_hybrid_mw0.25_teleport10,20,75,100,22,0.6876236231089172,66,0.9353462207726914,0,0.0,74.1,0,0.0,0,0.0,0,0.0,0,0.0,0,0.0,0,0.0,0,0.0,0,0.0,0,0.0,0,0.0,0,0.0
fair_control_seed7102_best,global_fine_rrf_hybrid_mw0.25_teleport10,20,100,100,22,0.6876236231089172,81,0.9632179307620484,0,0.0,74.1,0,0.0,0,0.0,0,0.0,0,0.0,0,0.0,0,0.0,0,0.0,0,0.0,0,0.0,0,0.0,0,0.0
fair_control_seed7102_best,global_fine_rrf_hybrid_mw0.25_teleport5,20,50,100,22,0.6876236231089172,45,0.8774723740311976,0,0.0,74.1,0,0.0,0,0.0,0,0.0,0,0.0,0,0.0,0,0.0,0,0.0,0,0.0,0,0.0,0,0.0,0,0.0
fair_control_seed7102_best,global_fine_rrf_hybrid_mw0.25_teleport5,20,75,100,22,0.6876236231089172,69,0.942452790673379,0,0.0,74.1,0,0.0,0,0.0,0,0.0,0,0.0,0,0.0,0,0.0,0,0.0,0,0.0,0,0.0,0,0.0,0,0.0
fair_control_seed7102_best,global_fine_rrf_hybrid_mw0.25_teleport5,20,100,100,22,0.6876236231089172,81,0.9617179307620484,0,0.0,74.1,0,0.0,0,0.0,0,0.0,0,0.0,0,0.0,0,0.0,0,0.0,0,0.0,0,0.0,0,0.0,0,0.0
fair_control_seed7102_best,global_fine_rrf_hybrid_mw0.5_teleport10,20,50,100,22,0.6876236231089172,44,0.8658492471580707,0,0.0,74.1,0,0.0,0,0.0,0,0.0,0,0.0,0,0.0,0,0.0,0,0.0,0,0.0,0,0.0,0,0.0,0,0.0
fair_control_seed7102_best,global_fine_rrf_hybrid_mw0.5_teleport10,20,75,100,22,0.6876236231089172,71,0.9413884563149268,0,0.0,74.1,0,0.0,0,0.0,0,0.0,0,0.0,0,0.0,0,0.0,0,0.0,0,0.0,0,0.0,0,0.0,0,0.0
fair_control_seed7102_best,global_fine_rrf_hybrid_mw0.5_teleport10,20,100,100,22,0.6876236231089172,85,0.9734193780076132,0,0.0,74.1,0,0.0,0,0.0,0,0.0,0,0.0,0,0.0,0,0.0,0,0.0,0,0.0,0,0.0,0,0.0,0,0.0
fair_control_seed7102_best,global_fine_rrf_hybrid_mw0.5_teleport5,20,50,100,22,0.6876236231089172,44,0.8630992471580707,0,0.0,74.1,0,0.0,0,0.0,0,0.0,0,0.0,0,0.0,0,0.0,0,0.0,0,0.0,0,0.0,0,0.0,0,0.0
fair_control_seed7102_best,global_fine_rrf_hybrid_mw0.5_teleport5,20,75,100,22,0.6876236231089172,68,0.9385819295084,0,0.0,74.1,0,0.0,0,0.0,0,0.0,0,0.0,0,0.0,0,0.0,0,0.0,0,0.0,0,0.0,0,0.0,0,0.0
fair_control_seed7102_best,global_fine_rrf_hybrid_mw0.5_teleport5,20,100,100,22,0.6876236231089172,84,0.9718311427134957,0,0.0,74.1,0,0.0,0,0.0,0,0.0,0,0.0,0,0.0,0,0.0,0,0.0,0,0.0,0,0.0,0,0.0,0,0.0
fair_control_seed7102_best,global_fine_rrf_hybrid_mw0.75_teleport10,20,50,100,22,0.6876236231089172,43,0.8552033930122165,0,0.0,74.1,0,0.0,0,0.0,0,0.0,0,0.0,0,0.0,0,0.0,0,0.0,0,0.0,0,0.0,0,0.0,0,0.0
fair_control_seed7102_best,global_fine_rrf_hybrid_mw0.75_teleport10,20,75,100,22,0.6876236231089172,62,0.9235891820597704,0,0.0,74.1,0,0.0,0,0.0,0,0.0,0,0.0,0,0.0,0,0.0,0,0.0,0,0.0,0,0.0,0,0.0,0,0.0
fair_control_seed7102_best,global_fine_rrf_hybrid_mw0.75_teleport10,20,100,100,22,0.6876236231089172,80,0.9671379192702722,0,0.0,74.1,0,0.0,0,0.0,0,0.0,0,0.0,0,0.0,0,0.0,0,0.0,0,0.0,0,0.0,0,0.0,0,0.0
fair_control_seed7102_best,global_fine_rrf_hybrid_mw0.75_teleport5,20,50,100,22,0.6876236231089172,42,0.85558001638884,0,0.0,74.1,0,0.0,0,0.0,0,0.0,0,0.0,0,0.0,0,0.0,0,0.0,0,0.0,0,0.0,0,0.0,0,0.0
fair_control_seed7102_best,global_fine_rrf_hybrid_mw0.75_teleport5,20,75,100,22,0.6876236231089172,59,0.9216844201550084,0,0.0,74.1,0,0.0,0,0.0,0,0.0,0,0.0,0,0.0,0,0.0,0,0.0,0,0.0,0,0.0,0,0.0,0,0.0
fair_control_seed7102_best,global_fine_rrf_hybrid_mw0.75_teleport5,20,100,100,22,0.6876236231089172,80,0.9657093478417008,0,0.0,74.1,0,0.0,0,0.0,0,0.0,0,0.0,0,0.0,0,0.0,0,0.0,0,0.0,0,0.0,0,0.0,0,0.0
fair_control_seed7102_final,coarse_hybrid_mw0.25_teleport10,20,50,100,20,0.6719816621287209,46,0.8704912440500675,0,0.0,73.24,0,0.0,0,0.0,0,0.0,0,0.0,0,0.0,0,0.0,0,0.0,0,0.0,0,0.0,0,0.0,0,0.0
fair_control_seed7102_final,coarse_hybrid_mw0.25_teleport10,20,75,100,20,0.6719816621287209,62,0.9191365138129843,0,0.0,73.24,0,0.0,0,0.0,0,0.0,0,0.0,0,0.0,0,0.0,0,0.0,0,0.0,0,0.0,0,0.0,0,0.0
fair_control_seed7102_final,coarse_hybrid_mw0.25_teleport10,20,100,100,20,0.6719816621287209,75,0.9421986999928177,0,0.0,73.24,0,0.0,0,0.0,0,0.0,0,0.0,0,0.0,0,0.0,0,0.0,0,0.0,0,0.0,0,0.0,0,0.0
fair_control_seed7102_final,coarse_hybrid_mw0.25_teleport5,20,50,100,20,0.6719816621287209,49,0.8804003349591585,0,0.0,73.24,0,0.0,0,0.0,0,0.0,0,0.0,0,0.0,0,0.0,0,0.0,0,0.0,0,0.0,0,0.0,0,0.0
fair_control_seed7102_final,coarse_hybrid_mw0.25_teleport5,20,75,100,20,0.6719816621287209,64,0.9225131371896077,0,0.0,73.24,0,0.0,0,0.0,0,0.0,0,0.0,0,0.0,0,0.0,0,0.0,0,0.0,0,0.0,0,0.0,0,0.0
fair_control_seed7102_final,coarse_hybrid_mw0.25_teleport5,20,100,100,20,0.6719816621287209,82,0.9599447317388494,0,0.0,73.24,0,0.0,0,0.0,0,0.0,0,0.0,0,0.0,0,0.0,0,0.0,0,0.0,0,0.0,0,0.0,0,0.0
fair_control_seed7102_final,coarse_hybrid_mw0.5_teleport10,20,50,100,20,0.6719816621287209,43,0.8627365542953779,0,0.0,73.24,0,0.0,0,0.0,0,0.0,0,0.0,0,0.0,0,0.0,0,0.0,0,0.0,0,0.0,0,0.0,0,0.0
fair_control_seed7102_final,coarse_hybrid_mw0.5_teleport10,20,75,100,20,0.6719816621287209,60,0.9161154890860773,0,0.0,73.24,0,0.0,0,0.0,0,0.0,0,0.0,0,0.0,0,0.0,0,0.0,0,0.0,0,0.0,0,0.0,0,0.0
fair_control_seed7102_final,coarse_hybrid_mw0.5_teleport10,20,100,100,20,0.6719816621287209,85,0.9652765208647561,0,0.0,73.24,0,0.0,0,0.0,0,0.0,0,0.0,0,0.0,0,0.0,0,0.0,0,0.0,0,0.0,0,0.0,0,0.0
fair_control_seed7102_final,coarse_hybrid_mw0.5_teleport5,20,50,100,20,0.6719816621287209,42,0.8576575499663736,0,0.0,73.24,0,0.0,0,0.0,0,0.0,0,0.0,0,0.0,0,0.0,0,0.0,0,0.0,0,0.0,0,0.0,0,0.0
fair_control_seed7102_final,coarse_hybrid_mw0.5_teleport5,20,75,100,20,0.6719816621287209,63,0.9224414964120846,0,0.0,73.24,0,0.0,0,0.0,0,0.0,0,0.0,0,0.0,0,0.0,0,0.0,0,0.0,0,0.0,0,0.0,0,0.0
fair_control_seed7102_final,coarse_hybrid_mw0.5_teleport5,20,100,100,20,0.6719816621287209,84,0.9638479494361847,0,0.0,73.24,0,0.0,0,0.0,0,0.0,0,0.0,0,0.0,0,0.0,0,0.0,0,0.0,0,0.0,0,0.0,0,0.0
fair_control_seed7102_final,coarse_hybrid_mw0.75_teleport10,20,50,100,20,0.6719816621287209,39,0.8487963278551515,0,0.0,73.24,0,0.0,0,0.0,0,0.0,0,0.0,0,0.0,0,0.0,0,0.0,0,0.0,0,0.0,0,0.0,0,0.0
fair_control_seed7102_final,coarse_hybrid_mw0.75_teleport10,20,75,100,20,0.6719816621287209,61,0.9161386146533205,0,0.0,73.24,0,0.0,0,0.0,0,0.0,0,0.0,0,0.0,0,0.0,0,0.0,0,0.0,0,0.0,0,0.0,0,0.0
fair_control_seed7102_final,coarse_hybrid_mw0.75_teleport10,20,100,100,20,0.6719816621287209,76,0.9491992566257272,0,0.0,73.24,0,0.0,0,0.0,0,0.0,0,0.0,0,0.0,0,0.0,0,0.0,0,0.0,0,0.0,0,0.0,0,0.0
fair_control_seed7102_final,coarse_hybrid_mw0.75_teleport5,20,50,100,20,0.6719816621287209,38,0.8427086655174891,0,0.0,73.24,0,0.0,0,0.0,0,0.0,0,0.0,0,0.0,0,0.0,0,0.0,0,0.0,0,0.0,0,0.0,0,0.0
fair_control_seed7102_final,coarse_hybrid_mw0.75_teleport5,20,75,100,20,0.6719816621287209,61,0.9143204328351388,0,0.0,73.24,0,0.0,0,0.0,0,0.0,0,0.0,0,0.0,0,0.0,0,0.0,0,0.0,0,0.0,0,0.0,0,0.0
fair_control_seed7102_final,coarse_hybrid_mw0.75_teleport5,20,100,100,20,0.6719816621287209,75,0.9484300258564964,0,0.0,73.24,0,0.0,0,0.0,0,0.0,0,0.0,0,0.0,0,0.0,0,0.0,0,0.0,0,0.0,0,0.0,0,0.0
fair_control_seed7102_final,dual_hybrid_rrf_mw0.25_teleport10,20,50,100,21,0.6936739518651284,47,0.8676297721885957,0,0.0,73.24,0,0.0,0,0.0,0,0.0,0,0.0,0,0.0,0,0.0,0,0.0,0,0.0,0,0.0,0,0.0,0,0.0
fair_control_seed7102_final,dual_hybrid_rrf_mw0.25_teleport10,20,75,100,21,0.6936739518651284,61,0.918207942384413,0,0.0,73.24,0,0.0,0,0.0,0,0.0,0,0.0,0,0.0,0,0.0,0,0.0,0,0.0,0,0.0,0,0.0,0,0.0
fair_control_seed7102_final,dual_hybrid_rrf_mw0.25_teleport10,20,100,100,21,0.6936739518651284,76,0.9513537116478292,0,0.0,73.24,0,0.0,0,0.0,0,0.0,0,0.0,0,0.0,0,0.0,0,0.0,0,0.0,0,0.0,0,0.0,0,0.0
fair_control_seed7102_final,dual_hybrid_rrf_mw0.25_teleport5,20,50,100,21,0.6933528840440606,48,0.87541548647431,0,0.0,73.24,0,0.0,0,0.0,0,0.0,0,0.0,0,0.0,0,0.0,0,0.0,0,0.0,0,0.0,0,0.0,0,0.0
fair_control_seed7102_final,dual_hybrid_rrf_mw0.25_teleport5,20,75,100,21,0.6933528840440606,64,0.9260607562372268,0,0.0,73.24,0,0.0,0,0.0,0,0.0,0,0.0,0,0.0,0,0.0,0,0.0,0,0.0,0,0.0,0,0.0,0,0.0
fair_control_seed7102_final,dual_hybrid_rrf_mw0.25_teleport5,20,100,100,21,0.6933528840440606,80,0.9567939380880557,0,0.0,73.24,0,0.0,0,0.0,0,0.0,0,0.0,0,0.0,0,0.0,0,0.0,0,0.0,0,0.0,0,0.0,0,0.0
fair_control_seed7102_final,dual_hybrid_rrf_mw0.5_teleport10,20,50,100,21,0.6923598493010258,45,0.8629792282880518,0,0.0,73.24,0,0.0,0,0.0,0,0.0,0,0.0,0,0.0,0,0.0,0,0.0,0,0.0,0,0.0,0,0.0,0,0.0
fair_control_seed7102_final,dual_hybrid_rrf_mw0.5_teleport10,20,75,100,21,0.6923598493010258,60,0.9195205007410889,0,0.0,73.24,0,0.0,0,0.0,0,0.0,0,0.0,0,0.0,0,0.0,0,0.0,0,0.0,0,0.0,0,0.0,0,0.0
fair_control_seed7102_final,dual_hybrid_rrf_mw0.5_teleport10,20,100,100,21,0.6923598493010258,85,0.9644431875314229,0,0.0,73.24,0,0.0,0,0.0,0,0.0,0,0.0,0,0.0,0,0.0,0,0.0,0,0.0,0,0.0,0,0.0,0,0.0
fair_control_seed7102_final,dual_hybrid_rrf_mw0.5_teleport5,20,50,100,21,0.6898598493010257,46,0.8683242166330402,0,0.0,73.24,0,0.0,0,0.0,0,0.0,0,0.0,0,0.0,0,0.0,0,0.0,0,0.0,0,0.0,0,0.0,0,0.0
fair_control_seed7102_final,dual_hybrid_rrf_mw0.5_teleport5,20,75,100,21,0.6898598493010257,62,0.9222512699718582,0,0.0,73.24,0,0.0,0,0.0,0,0.0,0,0.0,0,0.0,0,0.0,0,0.0,0,0.0,0,0.0,0,0.0,0,0.0
fair_control_seed7102_final,dual_hybrid_rrf_mw0.5_teleport5,20,100,100,21,0.6898598493010257,84,0.9633320764203117,0,0.0,73.24,0,0.0,0,0.0,0,0.0,0,0.0,0,0.0,0,0.0,0,0.0,0,0.0,0,0.0,0,0.0,0,0.0
fair_control_seed7102_final,dual_hybrid_rrf_mw0.75_teleport10,20,50,100,20,0.6895503254915019,42,0.8563039036127271,0,0.0,73.24,0,0.0,0,0.0,0,0.0,0,0.0,0,0.0,0,0.0,0,0.0,0,0.0,0,0.0,0,0.0,0,0.0
fair_control_seed7102_final,dual_hybrid_rrf_mw0.75_teleport10,20,75,100,20,0.6895503254915019,58,0.9126583449230508,0,0.0,73.24,0,0.0,0,0.0,0,0.0,0,0.0,0,0.0,0,0.0,0,0.0,0,0.0,0,0.0,0,0.0,0,0.0
fair_control_seed7102_final,dual_hybrid_rrf_mw0.75_teleport10,20,100,100,20,0.6895503254915019,78,0.9530509408891761,0,0.0,73.24,0,0.0,0,0.0,0,0.0,0,0.0,0,0.0,0,0.0,0,0.0,0,0.0,0,0.0,0,0.0,0,0.0
fair_control_seed7102_final,dual_hybrid_rrf_mw0.75_teleport5,20,50,100,20,0.6881217540629305,41,0.8530344230932466,0,0.0,73.24,0,0.0,0,0.0,0,0.0,0,0.0,0,0.0,0,0.0,0,0.0,0,0.0,0,0.0,0,0.0,0,0.0
fair_control_seed7102_final,dual_hybrid_rrf_mw0.75_teleport5,20,75,100,20,0.6881217540629305,58,0.91174925401396,0,0.0,73.24,0,0.0,0,0.0,0,0.0,0,0.0,0,0.0,0,0.0,0,0.0,0,0.0,0,0.0,0,0.0,0,0.0
fair_control_seed7102_final,dual_hybrid_rrf_mw0.75_teleport5,20,100,100,20,0.6881217540629305,77,0.9516934748258278,0,0.0,73.24,0,0.0,0,0.0,0,0.0,0,0.0,0,0.0,0,0.0,0,0.0,0,0.0,0,0.0,0,0.0,0,0.0
fair_control_seed7102_final,fixed,20,20,100,20,0.6719816621287209,20,0.6719816621287209,0,0.0,73.24,0,0.0,0,0.0,0,0.0,0,0.0,0,0.0,0,0.0,0,0.0,0,0.0,0,0.0,0,0.0,0,0.0
fair_control_seed7102_final,fixed,50,50,100,36,0.8352363322951558,36,0.8352363322951558,0,0.0,73.24,0,0.0,0,0.0,0,0.0,0,0.0,0,0.0,0,0.0,0,0.0,0,0.0,0,0.0,0,0.0,0,0.0
fair_control_seed7102_final,fixed,100,100,100,70,0.9422031138795844,70,0.9422031138795844,0,0.0,73.24,0,0.0,0,0.0,0,0.0,0,0.0,0,0.0,0,0.0,0,0.0,0,0.0,0,0.0,0,0.0,0,0.0
fair_control_seed7102_final,fixed_dual_hybrid_rrf_mw0.25_teleport10,20,50,100,21,0.6857221814133578,46,0.8723678674266909,0,0.0,73.24,0,0.0,0,0.0,0,0.0,0,0.0,0,0.0,0,0.0,0,0.0,0,0.0,0,0.0,0,0.0,0,0.0
fair_control_seed7102_final,fixed_dual_hybrid_rrf_mw0.25_teleport10,20,75,100,21,0.6857221814133578,62,0.9212314287020169,0,0.0,73.24,0,0.0,0,0.0,0,0.0,0,0.0,0,0.0,0,0.0,0,0.0,0,0.0,0,0.0,0,0.0,0,0.0
fair_control_seed7102_final,fixed_dual_hybrid_rrf_mw0.25_teleport10,20,100,100,21,0.6857221814133578,82,0.9618009408891761,0,0.0,73.24,0,0.0,0,0.0,0,0.0,0,0.0,0,0.0,0,0.0,0,0.0,0,0.0,0,0.0,0,0.0,0,0.0
fair_control_seed7102_final,fixed_dual_hybrid_rrf_mw0.25_teleport5,20,50,100,21,0.6837221814133579,44,0.8679985700573936,0,0.0,73.24,0,0.0,0,0.0,0,0.0,0,0.0,0,0.0,0,0.0,0,0.0,0,0.0,0,0.0,0,0.0,0,0.0
fair_control_seed7102_final,fixed_dual_hybrid_rrf_mw0.25_teleport5,20,75,100,21,0.6837221814133579,64,0.9277155556861438,0,0.0,73.24,0,0.0,0,0.0,0,0.0,0,0.0,0,0.0,0,0.0,0,0.0,0,0.0,0,0.0,0,0.0,0,0.0
fair_control_seed7102_final,fixed_dual_hybrid_rrf_mw0.25_teleport5,20,100,100,21,0.6837221814133579,83,0.9639120520002874,0,0.0,73.24,0,0.0,0,0.0,0,0.0,0,0.0,0,0.0,0,0.0,0,0.0,0,0.0,0,0.0,0,0.0,0,0.0
fair_control_seed7102_final,fixed_dual_hybrid_rrf_mw0.5_teleport10,20,50,100,21,0.682781344472521,42,0.858470320529144,0,0.0,73.24,0,0.0,0,0.0,0,0.0,0,0.0,0,0.0,0,0.0,0,0.0,0,0.0,0,0.0,0,0.0,0,0.0
fair_control_seed7102_final,fixed_dual_hybrid_rrf_mw0.5_teleport10,20,75,100,21,0.682781344472521,62,0.9225399812605696,0,0.0,73.24,0,0.0,0,0.0,0,0.0,0,0.0,0,0.0,0,0.0,0,0.0,0,0.0,0,0.0,0,0.0,0,0.0
fair_control_seed7102_final,fixed_dual_hybrid_rrf_mw0.5_teleport10,20,100,100,21,0.682781344472521,80,0.957570171658407,0,0.0,73.24,0,0.0,0,0.0,0,0.0,0,0.0,0,0.0,0,0.0,0,0.0,0,0.0,0,0.0,0,0.0,0,0.0
fair_control_seed7102_final,fixed_dual_hybrid_rrf_mw0.5_teleport5,20,50,100,21,0.6840078956990722,42,0.8550982759070994,0,0.0,73.24,0,0.0,0,0.0,0,0.0,0,0.0,0,0.0,0,0.0,0,0.0,0,0.0,0,0.0,0,0.0,0,0.0
fair_control_seed7102_final,fixed_dual_hybrid_rrf_mw0.5_teleport5,20,75,100,21,0.6840078956990722,62,0.9216993219199101,0,0.0,73.24,0,0.0,0,0.0,0,0.0,0,0.0,0,0.0,0,0.0,0,0.0,0,0.0,0,0.0,0,0.0,0,0.0
fair_control_seed7102_final,fixed_dual_hybrid_rrf_mw0.5_teleport5,20,100,100,21,0.6840078956990722,79,0.9518201716584069,0,0.0,73.24,0,0.0,0,0.0,0,0.0,0,0.0,0,0.0,0,0.0,0,0.0,0,0.0,0,0.0,0,0.0,0,0.0
fair_control_seed7102_final,fixed_dual_hybrid_rrf_mw0.75_teleport10,20,50,100,21,0.6840078956990722,41,0.847947010505834,0,0.0,73.24,0,0.0,0,0.0,0,0.0,0,0.0,0,0.0,0,0.0,0,0.0,0,0.0,0,0.0,0,0.0,0,0.0
fair_control_seed7102_final,fixed_dual_hybrid_rrf_mw0.75_teleport10,20,75,100,21,0.6840078956990722,58,0.9121659206806265,0,0.0,73.24,0,0.0,0,0.0,0,0.0,0,0.0,0,0.0,0,0.0,0,0.0,0,0.0,0,0.0,0,0.0,0,0.0
fair_control_seed7102_final,fixed_dual_hybrid_rrf_mw0.75_teleport10,20,100,100,21,0.6840078956990722,75,0.9527441284205991,0,0.0,73.24,0,0.0,0,0.0,0,0.0,0,0.0,0,0.0,0,0.0,0,0.0,0,0.0,0,0.0,0,0.0,0,0.0
fair_control_seed7102_final,fixed_dual_hybrid_rrf_mw0.75_teleport5,20,50,100,21,0.6840078956990722,41,0.845787919596743,0,0.0,73.24,0,0.0,0,0.0,0,0.0,0,0.0,0,0.0,0,0.0,0,0.0,0,0.0,0,0.0,0,0.0,0,0.0
fair_control_seed7102_final,fixed_dual_hybrid_rrf_mw0.75_teleport5,20,75,100,21,0.6840078956990722,58,0.9121659206806265,0,0.0,73.24,0,0.0,0,0.0,0,0.0,0,0.0,0,0.0,0,0.0,0,0.0,0,0.0,0,0.0,0,0.0,0,0.0
fair_control_seed7102_final,fixed_dual_hybrid_rrf_mw0.75_teleport5,20,100,100,21,0.6840078956990722,74,0.950244128420599,0,0.0,73.24,0,0.0,0,0.0,0,0.0,0,0.0,0,0.0,0,0.0,0,0.0,0,0.0,0,0.0,0,0.0,0,0.0
fair_control_seed7102_final,global_fine_rrf_fixed,20,20,100,23,0.6926550818462583,23,0.6926550818462583,0,0.0,73.24,0,0.0,0,0.0,0,0.0,0,0.0,0,0.0,0,0.0,0,0.0,0,0.0,0,0.0,0,0.0,0,0.0
fair_control_seed7102_final,global_fine_rrf_fixed,50,50,100,40,0.8398791894380129,40,0.8398791894380129,0,0.0,73.24,0,0.0,0,0.0,0,0.0,0,0.0,0,0.0,0,0.0,0,0.0,0,0.0,0,0.0,0,0.0,0,0.0
fair_control_seed7102_final,global_fine_rrf_fixed,100,100,100,69,0.9449302021507904,69,0.9449302021507904,0,0.0,73.24,0,0.0,0,0.0,0,0.0,0,0.0,0,0.0,0,0.0,0,0.0,0,0.0,0,0.0,0,0.0,0,0.0
fair_control_seed7102_final,global_fine_rrf_hybrid_mw0.25_teleport10,20,50,100,23,0.6926550818462583,47,0.8706730622318858,0,0.0,73.24,0,0.0,0,0.0,0,0.0,0,0.0,0,0.0,0,0.0,0,0.0,0,0.0,0,0.0,0,0.0,0,0.0
fair_control_seed7102_final,global_fine_rrf_hybrid_mw0.25_teleport10,20,75,100,23,0.6926550818462583,62,0.9197836999601705,0,0.0,73.24,0,0.0,0,0.0,0,0.0,0,0.0,0,0.0,0,0.0,0,0.0,0,0.0,0,0.0,0,0.0,0,0.0
fair_control_seed7102_final,global_fine_rrf_hybrid_mw0.25_teleport10,20,100,100,23,0.6926550818462583,76,0.9493537116478293,0,0.0,73.24,0,0.0,0,0.0,0,0.0,0,0.0,0,0.0,0,0.0,0,0.0,0,0.0,0,0.0,0,0.0,0,0.0
fair_control_seed7102_final,global_fine_rrf_hybrid_mw0.25_teleport5,20,50,100,23,0.6926550818462583,47,0.8746327691915927,0,0.0,73.24,0,0.0,0,0.0,0,0.0,0,0.0,0,0.0,0,0.0,0,0.0,0,0.0,0,0.0,0,0.0,0,0.0
fair_control_seed7102_final,global_fine_rrf_hybrid_mw0.25_teleport5,20,75,100,23,0.6926550818462583,66,0.9335575094839801,0,0.0,73.24,0,0.0,0,0.0,0,0.0,0,0.0,0,0.0,0,0.0,0,0.0,0,0.0,0,0.0,0,0.0,0,0.0
fair_control_seed7102_final,global_fine_rrf_hybrid_mw0.25_teleport5,20,100,100,23,0.6926550818462583,79,0.9572181805122981,0,0.0,73.24,0,0.0,0,0.0,0,0.0,0,0.0,0,0.0,0,0.0,0,0.0,0,0.0,0,0.0,0,0.0,0,0.0
fair_control_seed7102_final,global_fine_rrf_hybrid_mw0.5_teleport10,20,50,100,23,0.6926550818462583,44,0.8606965110053345,0,0.0,73.24,0,0.0,0,0.0,0,0.0,0,0.0,0,0.0,0,0.0,0,0.0,0,0.0,0,0.0,0,0.0,0,0.0
fair_control_seed7102_final,global_fine_rrf_hybrid_mw0.5_teleport10,20,75,100,23,0.6926550818462583,62,0.9200528572734455,0,0.0,73.24,0,0.0,0,0.0,0,0.0,0,0.0,0,0.0,0,0.0,0,0.0,0,0.0,0,0.0,0,0.0,0,0.0
fair_control_seed7102_final,global_fine_rrf_hybrid_mw0.5_teleport10,20,100,100,23,0.6926550818462583,85,0.965665409753645,0,0.0,73.24,0,0.0,0,0.0,0,0.0,0,0.0,0,0.0,0,0.0,0,0.0,0,0.0,0,0.0,0,0.0,0,0.0
fair_control_seed7102_final,global_fine_rrf_hybrid_mw0.5_teleport5,20,50,100,23,0.6926550818462583,46,0.8645222685810922,0,0.0,73.24,0,0.0,0,0.0,0,0.0,0,0.0,0,0.0,0,0.0,0,0.0,0,0.0,0,0.0,0,0.0,0,0.0
fair_control_seed7102_final,global_fine_rrf_hybrid_mw0.5_teleport5,20,75,100,23,0.6926550818462583,62,0.9234695239401121,0,0.0,73.24,0,0.0,0,0.0,0,0.0,0,0.0,0,0.0,0,0.0,0,0.0,0,0.0,0,0.0,0,0.0,0,0.0
fair_control_seed7102_final,global_fine_rrf_hybrid_mw0.5_teleport5,20,100,100,23,0.6926550818462583,83,0.9662295123177477,0,0.0,73.24,0,0.0,0,0.0,0,0.0,0,0.0,0,0.0,0,0.0,0,0.0,0,0.0,0,0.0,0,0.0,0,0.0
fair_control_seed7102_final,global_fine_rrf_hybrid_mw0.75_teleport10,20,50,100,23,0.6926550818462583,41,0.853518189327013,0,0.0,73.24,0,0.0,0,0.0,0,0.0,0,0.0,0,0.0,0,0.0,0,0.0,0,0.0,0,0.0,0,0.0,0,0.0
fair_control_seed7102_final,global_fine_rrf_hybrid_mw0.75_teleport10,20,75,100,23,0.6926550818462583,60,0.916293876058582,0,0.0,73.24,0,0.0,0,0.0,0,0.0,0,0.0,0,0.0,0,0.0,0,0.0,0,0.0,0,0.0,0,0.0,0,0.0
fair_control_seed7102_final,global_fine_rrf_hybrid_mw0.75_teleport10,20,100,100,23,0.6926550818462583,77,0.9557936148818501,0,0.0,73.24,0,0.0,0,0.0,0,0.0,0,0.0,0,0.0,0,0.0,0,0.0,0,0.0,0,0.0,0,0.0,0,0.0
fair_control_seed7102_final,global_fine_rrf_hybrid_mw0.75_teleport5,20,50,100,23,0.6926550818462583,41,0.8505465776054011,0,0.0,73.24,0,0.0,0,0.0,0,0.0,0,0.0,0,0.0,0,0.0,0,0.0,0,0.0,0,0.0,0,0.0,0,0.0
fair_control_seed7102_final,global_fine_rrf_hybrid_mw0.75_teleport5,20,75,100,23,0.6926550818462583,57,0.9099439482086541,0,0.0,73.24,0,0.0,0,0.0,0,0.0,0,0.0,0,0.0,0,0.0,0,0.0,0,0.0,0,0.0,0,0.0,0,0.0
fair_control_seed7102_final,global_fine_rrf_hybrid_mw0.75_teleport5,20,100,100,23,0.6926550818462583,76,0.9556150434532787,0,0.0,73.24,0,0.0,0,0.0,0,0.0,0,0.0,0,0.0,0,0.0,0,0.0,0,0.0,0,0.0,0,0.0,0,0.0
fair_cvar_seed7101_best,coarse_hybrid_mw0.25_teleport10,20,50,100,18,0.6314248137483431,45,0.8382897233485468,0,0.0,76.14,0,0.0,0,0.0,0,0.0,0,0.0,0,0.0,0,0.0,0,0.0,0,0.0,0,0.0,0,0.0,0,0.0
fair_cvar_seed7101_best,coarse_hybrid_mw0.25_teleport10,20,75,100,18,0.6314248137483431,60,0.896330793389617,0,0.0,76.14,0,0.0,0,0.0,0,0.0,0,0.0,0,0.0,0,0.0,0,0.0,0,0.0,0,0.0,0,0.0,0,0.0
fair_cvar_seed7101_best,coarse_hybrid_mw0.25_teleport10,20,100,100,18,0.6314248137483431,71,0.9287687965629142,0,0.0,76.14,0,0.0,0,0.0,0,0.0,0,0.0,0,0.0,0,0.0,0,0.0,0,0.0,0,0.0,0,0.0,0,0.0
fair_cvar_seed7101_best,coarse_hybrid_mw0.25_teleport5,20,50,100,18,0.6314248137483431,41,0.8341899064987301,0,0.0,76.14,0,0.0,0,0.0,0,0.0,0,0.0,0,0.0,0,0.0,0,0.0,0,0.0,0,0.0,0,0.0,0,0.0
fair_cvar_seed7101_best,coarse_hybrid_mw0.25_teleport5,20,75,100,18,0.6314248137483431,58,0.8941492249580485,0,0.0,76.14,0,0.0,0,0.0,0,0.0,0,0.0,0,0.0,0,0.0,0,0.0,0,0.0,0,0.0,0,0.0,0,0.0
fair_cvar_seed7101_best,coarse_hybrid_mw0.25_teleport5,20,100,100,18,0.6314248137483431,69,0.9230307013248189,0,0.0,76.14,0,0.0,0,0.0,0,0.0,0,0.0,0,0.0,0,0.0,0,0.0,0,0.0,0,0.0,0,0.0,0,0.0
fair_cvar_seed7101_best,coarse_hybrid_mw0.5_teleport10,20,50,100,18,0.6314248137483431,42,0.8332103582691818,0,0.0,76.14,0,0.0,0,0.0,0,0.0,0,0.0,0,0.0,0,0.0,0,0.0,0,0.0,0,0.0,0,0.0,0,0.0
fair_cvar_seed7101_best,coarse_hybrid_mw0.5_teleport10,20,75,100,18,0.6314248137483431,58,0.898297917768506,0,0.0,76.14,0,0.0,0,0.0,0,0.0,0,0.0,0,0.0,0,0.0,0,0.0,0,0.0,0,0.0,0,0.0,0,0.0
fair_cvar_seed7101_best,coarse_hybrid_mw0.5_teleport10,20,100,100,18,0.6314248137483431,76,0.9444696708520237,0,0.0,76.14,0,0.0,0,0.0,0,0.0,0,0.0,0,0.0,0,0.0,0,0.0,0,0.0,0,0.0,0,0.0,0,0.0
fair_cvar_seed7101_best,coarse_hybrid_mw0.5_teleport5,20,50,100,18,0.6314248137483431,43,0.8334153754741991,0,0.0,76.14,0,0.0,0,0.0,0,0.0,0,0.0,0,0.0,0,0.0,0,0.0,0,0.0,0,0.0,0,0.0,0,0.0
fair_cvar_seed7101_best,coarse_hybrid_mw0.5_teleport5,20,75,100,18,0.6314248137483431,55,0.8880218800807036,0,0.0,76.14,0,0.0,0,0.0,0,0.0,0,0.0,0,0.0,0,0.0,0,0.0,0,0.0,0,0.0,0,0.0,0,0.0
fair_cvar_seed7101_best,coarse_hybrid_mw0.5_teleport5,20,100,100,18,0.6314248137483431,74,0.9416161354984883,0,0.0,76.14,0,0.0,0,0.0,0,0.0,0,0.0,0,0.0,0,0.0,0,0.0,0,0.0,0,0.0,0,0.0,0,0.0
fair_cvar_seed7101_best,coarse_hybrid_mw0.75_teleport10,20,50,100,18,0.6314248137483431,41,0.8280145818234054,0,0.0,76.14,0,0.0,0,0.0,0,0.0,0,0.0,0,0.0,0,0.0,0,0.0,0,0.0,0,0.0,0,0.0,0,0.0
fair_cvar_seed7101_best,coarse_hybrid_mw0.75_teleport10,20,75,100,18,0.6314248137483431,56,0.9008653780859663,0,0.0,76.14,0,0.0,0,0.0,0,0.0,0,0.0,0,0.0,0,0.0,0,0.0,0,0.0,0,0.0,0,0.0,0,0.0
fair_cvar_seed7101_best,coarse_hybrid_mw0.75_teleport10,20,100,100,18,0.6314248137483431,71,0.9367065091770974,0,0.0,76.14,0,0.0,0,0.0,0,0.0,0,0.0,0,0.0,0,0.0,0,0.0,0,0.0,0,0.0,0,0.0,0,0.0
fair_cvar_seed7101_best,coarse_hybrid_mw0.75_teleport5,20,50,100,18,0.6314248137483431,41,0.8292645818234053,0,0.0,76.14,0,0.0,0,0.0,0,0.0,0,0.0,0,0.0,0,0.0,0,0.0,0,0.0,0,0.0,0,0.0,0,0.0
fair_cvar_seed7101_best,coarse_hybrid_mw0.75_teleport5,20,75,100,18,0.6314248137483431,56,0.8978412453559512,0,0.0,76.14,0,0.0,0,0.0,0,0.0,0,0.0,0,0.0,0,0.0,0,0.0,0,0.0,0,0.0,0,0.0,0,0.0
fair_cvar_seed7101_best,coarse_hybrid_mw0.75_teleport5,20,100,100,18,0.6314248137483431,71,0.9367065091770974,0,0.0,76.14,0,0.0,0,0.0,0,0.0,0,0.0,0,0.0,0,0.0,0,0.0,0,0.0,0,0.0,0,0.0,0,0.0
fair_cvar_seed7101_best,dual_hybrid_rrf_mw0.25_teleport10,20,50,100,22,0.6481799654593772,46,0.838072579381403,0,0.0,76.14,0,0.0,0,0.0,0,0.0,0,0.0,0,0.0,0,0.0,0,0.0,0,0.0,0,0.0,0,0.0,0,0.0
fair_cvar_seed7101_best,dual_hybrid_rrf_mw0.25_teleport10,20,75,100,22,0.6481799654593772,61,0.9031058973706032,0,0.0,76.14,0,0.0,0,0.0,0,0.0,0,0.0,0,0.0,0,0.0,0,0.0,0,0.0,0,0.0,0,0.0,0,0.0
fair_cvar_seed7101_best,dual_hybrid_rrf_mw0.25_teleport10,20,100,100,22,0.6481799654593772,72,0.939296574340692,0,0.0,76.14,0,0.0,0,0.0,0,0.0,0,0.0,0,0.0,0,0.0,0,0.0,0,0.0,0,0.0,0,0.0,0,0.0
fair_cvar_seed7101_best,dual_hybrid_rrf_mw0.25_teleport5,20,50,100,21,0.6423747706541825,45,0.837417817476641,0,0.0,76.14,0,0.0,0,0.0,0,0.0,0,0.0,0,0.0,0,0.0,0,0.0,0,0.0,0,0.0,0,0.0,0,0.0
fair_cvar_seed7101_best,dual_hybrid_rrf_mw0.25_teleport5,20,75,100,21,0.6423747706541825,61,0.907470653529477,0,0.0,76.14,0,0.0,0,0.0,0,0.0,0,0.0,0,0.0,0,0.0,0,0.0,0,0.0,0,0.0,0,0.0,0,0.0
fair_cvar_seed7101_best,dual_hybrid_rrf_mw0.25_teleport5,20,100,100,21,0.6423747706541825,71,0.9371805612687966,0,0.0,76.14,0,0.0,0,0.0,0,0.0,0,0.0,0,0.0,0,0.0,0,0.0,0,0.0,0,0.0,0,0.0,0,0.0
fair_cvar_seed7101_best,dual_hybrid_rrf_mw0.5_teleport10,20,50,100,20,0.6413940014234132,43,0.8390075055663292,0,0.0,76.14,0,0.0,0,0.0,0,0.0,0,0.0,0,0.0,0,0.0,0,0.0,0,0.0,0,0.0,0,0.0,0,0.0
fair_cvar_seed7101_best,dual_hybrid_rrf_mw0.5_teleport10,20,75,100,20,0.6413940014234132,59,0.9081699999347059,0,0.0,76.14,0,0.0,0,0.0,0,0.0,0,0.0,0,0.0,0,0.0,0,0.0,0,0.0,0,0.0,0,0.0,0,0.0
fair_cvar_seed7101_best,dual_hybrid_rrf_mw0.5_teleport10,20,100,100,20,0.6413940014234132,78,0.9486637545461075,0,0.0,76.14,0,0.0,0,0.0,0,0.0,0,0.0,0,0.0,0,0.0,0,0.0,0,0.0,0,0.0,0,0.0,0,0.0
fair_cvar_seed7101_best,dual_hybrid_rrf_mw0.5_teleport5,20,50,100,20,0.6413940014234132,43,0.8405789341377577,0,0.0,76.14,0,0.0,0,0.0,0,0.0,0,0.0,0,0.0,0,0.0,0,0.0,0,0.0,0,0.0,0,0.0,0,0.0
fair_cvar_seed7101_best,dual_hybrid_rrf_mw0.5_teleport5,20,75,100,20,0.6413940014234132,59,0.9073088888235946,0,0.0,76.14,0,0.0,0,0.0,0,0.0,0,0.0,0,0.0,0,0.0,0,0.0,0,0.0,0,0.0,0,0.0,0,0.0
fair_cvar_seed7101_best,dual_hybrid_rrf_mw0.5_teleport5,20,100,100,20,0.6413940014234132,76,0.9453410315175022,0,0.0,76.14,0,0.0,0,0.0,0,0.0,0,0.0,0,0.0,0,0.0,0,0.0,0,0.0,0,0.0,0,0.0,0,0.0
fair_cvar_seed7101_best,dual_hybrid_rrf_mw0.75_teleport10,20,50,100,20,0.6416082871376989,42,0.8365948071536308,0,0.0,76.14,0,0.0,0,0.0,0,0.0,0,0.0,0,0.0,0,0.0,0,0.0,0,0.0,0,0.0,0,0.0,0,0.0
fair_cvar_seed7101_best,dual_hybrid_rrf_mw0.75_teleport10,20,75,100,20,0.6416082871376989,55,0.8913980219127278,0,0.0,76.14,0,0.0,0,0.0,0,0.0,0,0.0,0,0.0,0,0.0,0,0.0,0,0.0,0,0.0,0,0.0,0,0.0
fair_cvar_seed7101_best,dual_hybrid_rrf_mw0.75_teleport10,20,100,100,20,0.6416082871376989,73,0.9492114111378817,0,0.0,76.14,0,0.0,0,0.0,0,0.0,0,0.0,0,0.0,0,0.0,0,0.0,0,0.0,0,0.0,0,0.0,0,0.0
fair_cvar_seed7101_best,dual_hybrid_rrf_mw0.75_teleport5,20,50,100,20,0.6396082871376989,40,0.8299995690583926,0,0.0,76.14,0,0.0,0,0.0,0,0.0,0,0.0,0,0.0,0,0.0,0,0.0,0,0.0,0,0.0,0,0.0,0,0.0
fair_cvar_seed7101_best,dual_hybrid_rrf_mw0.75_teleport5,20,75,100,20,0.6396082871376989,53,0.8878265933412992,0,0.0,76.14,0,0.0,0,0.0,0,0.0,0,0.0,0,0.0,0,0.0,0,0.0,0,0.0,0,0.0,0,0.0,0,0.0
fair_cvar_seed7101_best,dual_hybrid_rrf_mw0.75_teleport5,20,100,100,20,0.6396082871376989,72,0.9458664227928933,0,0.0,76.14,0,0.0,0,0.0,0,0.0,0,0.0,0,0.0,0,0.0,0,0.0,0,0.0,0,0.0,0,0.0,0,0.0
fair_cvar_seed7101_best,fixed,20,20,100,18,0.6314248137483431,18,0.6314248137483431,0,0.0,76.14,0,0.0,0,0.0,0,0.0,0,0.0,0,0.0,0,0.0,0,0.0,0,0.0,0,0.0,0,0.0,0,0.0
fair_cvar_seed7101_best,fixed,50,50,100,42,0.8244712183241595,42,0.8244712183241595,0,0.0,76.14,0,0.0,0,0.0,0,0.0,0,0.0,0,0.0,0,0.0,0,0.0,0,0.0,0,0.0,0,0.0,0,0.0
fair_cvar_seed7101_best,fixed,100,100,100,67,0.9345831325537207,67,0.9345831325537207,0,0.0,76.14,0,0.0,0,0.0,0,0.0,0,0.0,0,0.0,0,0.0,0,0.0,0,0.0,0,0.0,0,0.0,0,0.0
fair_cvar_seed7101_best,fixed_dual_hybrid_rrf_mw0.25_teleport10,20,50,100,18,0.6309697589991707,46,0.8470320365908601,0,0.0,76.14,0,0.0,0,0.0,0,0.0,0,0.0,0,0.0,0,0.0,0,0.0,0,0.0,0,0.0,0,0.0,0,0.0
fair_cvar_seed7101_best,fixed_dual_hybrid_rrf_mw0.25_teleport10,20,75,100,18,0.6309697589991707,60,0.9027964111052346,0,0.0,76.14,0,0.0,0,0.0,0,0.0,0,0.0,0,0.0,0,0.0,0,0.0,0,0.0,0,0.0,0,0.0,0,0.0
fair_cvar_seed7101_best,fixed_dual_hybrid_rrf_mw0.25_teleport10,20,100,100,18,0.6309697589991707,77,0.9444970878794408,0,0.0,76.14,0,0.0,0,0.0,0,0.0,0,0.0,0,0.0,0,0.0,0,0.0,0,0.0,0,0.0,0,0.0,0,0.0
fair_cvar_seed7101_best,fixed_dual_hybrid_rrf_mw0.25_teleport5,20,50,100,18,0.6359459494753612,43,0.8447258705346941,0,0.0,76.14,0,0.0,0,0.0,0,0.0,0,0.0,0,0.0,0,0.0,0,0.0,0,0.0,0,0.0,0,0.0,0,0.0
fair_cvar_seed7101_best,fixed_dual_hybrid_rrf_mw0.25_teleport5,20,75,100,18,0.6359459494753612,59,0.9016492249580484,0,0.0,76.14,0,0.0,0,0.0,0,0.0,0,0.0,0,0.0,0,0.0,0,0.0,0,0.0,0,0.0,0,0.0,0,0.0
fair_cvar_seed7101_best,fixed_dual_hybrid_rrf_mw0.25_teleport5,20,100,100,18,0.6359459494753612,74,0.9393850430615136,0,0.0,76.14,0,0.0,0,0.0,0,0.0,0,0.0,0,0.0,0,0.0,0,0.0,0,0.0,0,0.0,0,0.0,0,0.0
fair_cvar_seed7101_best,fixed_dual_hybrid_rrf_mw0.5_teleport10,20,50,100,18,0.632203525232937,43,0.8427406612994848,0,0.0,76.14,0,0.0,0,0.0,0,0.0,0,0.0,0,0.0,0,0.0,0,0.0,0,0.0,0,0.0,0,0.0,0,0.0
fair_cvar_seed7101_best,fixed_dual_hybrid_rrf_mw0.5_teleport10,20,75,100,18,0.632203525232937,56,0.8988717703864763,0,0.0,76.14,0,0.0,0,0.0,0,0.0,0,0.0,0,0.0,0,0.0,0,0.0,0,0.0,0,0.0,0,0.0,0,0.0
fair_cvar_seed7101_best,fixed_dual_hybrid_rrf_mw0.5_teleport10,20,100,100,18,0.632203525232937,76,0.9458258800023507,0,0.0,76.14,0,0.0,0,0.0,0,0.0,0,0.0,0,0.0,0,0.0,0,0.0,0,0.0,0,0.0,0,0.0,0,0.0
fair_cvar_seed7101_best,fixed_dual_hybrid_rrf_mw0.5_teleport5,20,50,100,18,0.633112616142028,43,0.8404351057439292,0,0.0,76.14,0,0.0,0,0.0,0,0.0,0,0.0,0,0.0,0,0.0,0,0.0,0,0.0,0,0.0,0,0.0,0,0.0
fair_cvar_seed7101_best,fixed_dual_hybrid_rrf_mw0.5_teleport5,20,75,100,18,0.633112616142028,56,0.8959025827114062,0,0.0,76.14,0,0.0,0,0.0,0,0.0,0,0.0,0,0.0,0,0.0,0,0.0,0,0.0,0,0.0,0,0.0,0,0.0
fair_cvar_seed7101_best,fixed_dual_hybrid_rrf_mw0.5_teleport5,20,100,100,18,0.633112616142028,73,0.9409882176646883,0,0.0,76.14,0,0.0,0,0.0,0,0.0,0,0.0,0,0.0,0,0.0,0,0.0,0,0.0,0,0.0,0,0.0,0,0.0
fair_cvar_seed7101_best,fixed_dual_hybrid_rrf_mw0.75_teleport10,20,50,100,18,0.6314892395186513,40,0.8319761202849437,0,0.0,76.14,0,0.0,0,0.0,0,0.0,0,0.0,0,0.0,0,0.0,0,0.0,0,0.0,0,0.0,0,0.0,0,0.0
fair_cvar_seed7101_best,fixed_dual_hybrid_rrf_mw0.75_teleport10,20,75,100,18,0.6314892395186513,53,0.8891983882130942,0,0.0,76.14,0,0.0,0,0.0,0,0.0,0,0.0,0,0.0,0,0.0,0,0.0,0,0.0,0,0.0,0,0.0,0,0.0
fair_cvar_seed7101_best,fixed_dual_hybrid_rrf_mw0.75_teleport10,20,100,100,18,0.6314892395186513,73,0.9501426563632447,0,0.0,76.14,0,0.0,0,0.0,0,0.0,0,0.0,0,0.0,0,0.0,0,0.0,0,0.0,0,0.0,0,0.0,0,0.0
fair_cvar_seed7101_best,fixed_dual_hybrid_rrf_mw0.75_teleport5,20,50,100,18,0.6300606680900799,40,0.831067029375853,0,0.0,76.14,0,0.0,0,0.0,0,0.0,0,0.0,0,0.0,0,0.0,0,0.0,0,0.0,0,0.0,0,0.0,0,0.0
fair_cvar_seed7101_best,fixed_dual_hybrid_rrf_mw0.75_teleport5,20,75,100,18,0.6300606680900799,51,0.8857010620098855,0,0.0,76.14,0,0.0,0,0.0,0,0.0,0,0.0,0,0.0,0,0.0,0,0.0,0,0.0,0,0.0,0,0.0,0,0.0
fair_cvar_seed7101_best,fixed_dual_hybrid_rrf_mw0.75_teleport5,20,100,100,18,0.6300606680900799,71,0.9412781874987758,0,0.0,76.14,0,0.0,0,0.0,0,0.0,0,0.0,0,0.0,0,0.0,0,0.0,0,0.0,0,0.0,0,0.0,0,0.0
fair_cvar_seed7101_best,global_fine_rrf_fixed,20,20,100,21,0.6365921921216039,21,0.6365921921216039,0,0.0,76.14,0,0.0,0,0.0,0,0.0,0,0.0,0,0.0,0,0.0,0,0.0,0,0.0,0,0.0,0,0.0,0,0.0
fair_cvar_seed7101_best,global_fine_rrf_fixed,50,50,100,34,0.8020902561490797,34,0.8020902561490797,0,0.0,76.14,0,0.0,0,0.0,0,0.0,0,0.0,0,0.0,0,0.0,0,0.0,0,0.0,0,0.0,0,0.0,0,0.0
fair_cvar_seed7101_best,global_fine_rrf_fixed,100,100,100,66,0.9409093896299778,66,0.9409093896299778,0,0.0,76.14,0,0.0,0,0.0,0,0.0,0,0.0,0,0.0,0,0.0,0,0.0,0,0.0,0,0.0,0,0.0,0,0.0
fair_cvar_seed7101_best,global_fine_rrf_hybrid_mw0.25_teleport10,20,50,100,21,0.6365921921216039,42,0.8298100641188877,0,0.0,76.14,0,0.0,0,0.0,0,0.0,0,0.0,0,0.0,0,0.0,0,0.0,0,0.0,0,0.0,0,0.0,0,0.0
fair_cvar_seed7101_best,global_fine_rrf_hybrid_mw0.25_teleport10,20,75,100,21,0.6365921921216039,57,0.8875896636043694,0,0.0,76.14,0,0.0,0,0.0,0,0.0,0,0.0,0,0.0,0,0.0,0,0.0,0,0.0,0,0.0,0,0.0,0,0.0
fair_cvar_seed7101_best,global_fine_rrf_hybrid_mw0.25_teleport10,20,100,100,21,0.6365921921216039,68,0.9269043276984453,0,0.0,76.14,0,0.0,0,0.0,0,0.0,0,0.0,0,0.0,0,0.0,0,0.0,0,0.0,0,0.0,0,0.0,0,0.0
fair_cvar_seed7101_best,global_fine_rrf_hybrid_mw0.25_teleport5,20,50,100,21,0.6365921921216039,42,0.8331406501994738,0,0.0,76.14,0,0.0,0,0.0,0,0.0,0,0.0,0,0.0,0,0.0,0,0.0,0,0.0,0,0.0,0,0.0,0,0.0
fair_cvar_seed7101_best,global_fine_rrf_hybrid_mw0.25_teleport5,20,75,100,21,0.6365921921216039,58,0.8963601153748212,0,0.0,76.14,0,0.0,0,0.0,0,0.0,0,0.0,0,0.0,0,0.0,0,0.0,0,0.0,0,0.0,0,0.0,0,0.0
fair_cvar_seed7101_best,global_fine_rrf_hybrid_mw0.25_teleport5,20,100,100,21,0.6365921921216039,70,0.9353087663970017,0,0.0,76.14,0,0.0,0,0.0,0,0.0,0,0.0,0,0.0,0,0.0,0,0.0,0,0.0,0,0.0,0,0.0,0,0.0
fair_cvar_seed7101_best,global_fine_rrf_hybrid_mw0.5_teleport10,20,50,100,21,0.6365921921216039,36,0.8205080050668286,0,0.0,76.14,0,0.0,0,0.0,0,0.0,0,0.0,0,0.0,0,0.0,0,0.0,0,0.0,0,0.0,0,0.0,0,0.0
fair_cvar_seed7101_best,global_fine_rrf_hybrid_mw0.5_teleport10,20,75,100,21,0.6365921921216039,56,0.8887505484711368,0,0.0,76.14,0,0.0,0,0.0,0,0.0,0,0.0,0,0.0,0,0.0,0,0.0,0,0.0,0,0.0,0,0.0,0,0.0
fair_cvar_seed7101_best,global_fine_rrf_hybrid_mw0.5_teleport10,20,100,100,21,0.6365921921216039,76,0.9473542682807389,0,0.0,76.14,0,0.0,0,0.0,0,0.0,0,0.0,0,0.0,0,0.0,0,0.0,0,0.0,0,0.0,0,0.0,0,0.0
fair_cvar_seed7101_best,global_fine_rrf_hybrid_mw0.5_teleport5,20,50,100,21,0.6365921921216039,37,0.8203889574477811,0,0.0,76.14,0,0.0,0,0.0,0,0.0,0,0.0,0,0.0,0,0.0,0,0.0,0,0.0,0,0.0,0,0.0,0,0.0
fair_cvar_seed7101_best,global_fine_rrf_hybrid_mw0.5_teleport5,20,75,100,21,0.6365921921216039,57,0.8942383205030263,0,0.0,76.14,0,0.0,0,0.0,0,0.0,0,0.0,0,0.0,0,0.0,0,0.0,0,0.0,0,0.0,0,0.0,0,0.0
fair_cvar_seed7101_best,global_fine_rrf_hybrid_mw0.5_teleport5,20,100,100,21,0.6365921921216039,74,0.9473975583240289,0,0.0,76.14,0,0.0,0,0.0,0,0.0,0,0.0,0,0.0,0,0.0,0,0.0,0,0.0,0,0.0,0,0.0,0,0.0
fair_cvar_seed7101_best,global_fine_rrf_hybrid_mw0.75_teleport10,20,50,100,21,0.6365921921216039,37,0.8111477542065778,0,0.0,76.14,0,0.0,0,0.0,0,0.0,0,0.0,0,0.0,0,0.0,0,0.0,0,0.0,0,0.0,0,0.0,0,0.0
fair_cvar_seed7101_best,global_fine_rrf_hybrid_mw0.75_teleport10,20,75,100,21,0.6365921921216039,54,0.8972130581836464,0,0.0,76.14,0,0.0,0,0.0,0,0.0,0,0.0,0,0.0,0,0.0,0,0.0,0,0.0,0,0.0,0,0.0,0,0.0
fair_cvar_seed7101_best,global_fine_rrf_hybrid_mw0.75_teleport10,20,100,100,21,0.6365921921216039,73,0.9431247200511906,0,0.0,76.14,0,0.0,0,0.0,0,0.0,0,0.0,0,0.0,0,0.0,0,0.0,0,0.0,0,0.0,0,0.0,0,0.0
fair_cvar_seed7101_best,global_fine_rrf_hybrid_mw0.75_teleport5,20,50,100,21,0.6365921921216039,37,0.8123144208732443,0,0.0,76.14,0,0.0,0,0.0,0,0.0,0,0.0,0,0.0,0,0.0,0,0.0,0,0.0,0,0.0,0,0.0,0,0.0
fair_cvar_seed7101_best,global_fine_rrf_hybrid_mw0.75_teleport5,20,75,100,21,0.6365921921216039,54,0.8953876613582495,0,0.0,76.14,0,0.0,0,0.0,0,0.0,0,0.0,0,0.0,0,0.0,0,0.0,0,0.0,0,0.0,0,0.0,0,0.0
fair_cvar_seed7101_best,global_fine_rrf_hybrid_mw0.75_teleport5,20,100,100,21,0.6365921921216039,73,0.9442913867178574,0,0.0,76.14,0,0.0,0,0.0,0,0.0,0,0.0,0,0.0,0,0.0,0,0.0,0,0.0,0,0.0,0,0.0,0,0.0
fair_cvar_seed7101_final,coarse_hybrid_mw0.25_teleport10,20,50,100,18,0.6314248137483431,45,0.8382897233485468,0,0.0,76.14,0,0.0,0,0.0,0,0.0,0,0.0,0,0.0,0,0.0,0,0.0,0,0.0,0,0.0,0,0.0,0,0.0
fair_cvar_seed7101_final,coarse_hybrid_mw0.25_teleport10,20,75,100,18,0.6314248137483431,60,0.896330793389617,0,0.0,76.14,0,0.0,0,0.0,0,0.0,0,0.0,0,0.0,0,0.0,0,0.0,0,0.0,0,0.0,0,0.0,0,0.0
fair_cvar_seed7101_final,coarse_hybrid_mw0.25_teleport10,20,100,100,18,0.6314248137483431,71,0.9287687965629142,0,0.0,76.14,0,0.0,0,0.0,0,0.0,0,0.0,0,0.0,0,0.0,0,0.0,0,0.0,0,0.0,0,0.0,0,0.0
fair_cvar_seed7101_final,coarse_hybrid_mw0.25_teleport5,20,50,100,18,0.6314248137483431,41,0.8341899064987301,0,0.0,76.14,0,0.0,0,0.0,0,0.0,0,0.0,0,0.0,0,0.0,0,0.0,0,0.0,0,0.0,0,0.0,0,0.0
fair_cvar_seed7101_final,coarse_hybrid_mw0.25_teleport5,20,75,100,18,0.6314248137483431,58,0.8941492249580485,0,0.0,76.14,0,0.0,0,0.0,0,0.0,0,0.0,0,0.0,0,0.0,0,0.0,0,0.0,0,0.0,0,0.0,0,0.0
fair_cvar_seed7101_final,coarse_hybrid_mw0.25_teleport5,20,100,100,18,0.6314248137483431,69,0.9230307013248189,0,0.0,76.14,0,0.0,0,0.0,0,0.0,0,0.0,0,0.0,0,0.0,0,0.0,0,0.0,0,0.0,0,0.0,0,0.0
fair_cvar_seed7101_final,coarse_hybrid_mw0.5_teleport10,20,50,100,18,0.6314248137483431,42,0.8332103582691818,0,0.0,76.14,0,0.0,0,0.0,0,0.0,0,0.0,0,0.0,0,0.0,0,0.0,0,0.0,0,0.0,0,0.0,0,0.0
fair_cvar_seed7101_final,coarse_hybrid_mw0.5_teleport10,20,75,100,18,0.6314248137483431,58,0.898297917768506,0,0.0,76.14,0,0.0,0,0.0,0,0.0,0,0.0,0,0.0,0,0.0,0,0.0,0,0.0,0,0.0,0,0.0,0,0.0
fair_cvar_seed7101_final,coarse_hybrid_mw0.5_teleport10,20,100,100,18,0.6314248137483431,76,0.9444696708520237,0,0.0,76.14,0,0.0,0,0.0,0,0.0,0,0.0,0,0.0,0,0.0,0,0.0,0,0.0,0,0.0,0,0.0,0,0.0
fair_cvar_seed7101_final,coarse_hybrid_mw0.5_teleport5,20,50,100,18,0.6314248137483431,43,0.8334153754741991,0,0.0,76.14,0,0.0,0,0.0,0,0.0,0,0.0,0,0.0,0,0.0,0,0.0,0,0.0,0,0.0,0,0.0,0,0.0
fair_cvar_seed7101_final,coarse_hybrid_mw0.5_teleport5,20,75,100,18,0.6314248137483431,55,0.8880218800807036,0,0.0,76.14,0,0.0,0,0.0,0,0.0,0,0.0,0,0.0,0,0.0,0,0.0,0,0.0,0,0.0,0,0.0,0,0.0
fair_cvar_seed7101_final,coarse_hybrid_mw0.5_teleport5,20,100,100,18,0.6314248137483431,74,0.9416161354984883,0,0.0,76.14,0,0.0,0,0.0,0,0.0,0,0.0,0,0.0,0,0.0,0,0.0,0,0.0,0,0.0,0,0.0,0,0.0
fair_cvar_seed7101_final,coarse_hybrid_mw0.75_teleport10,20,50,100,18,0.6314248137483431,41,0.8280145818234054,0,0.0,76.14,0,0.0,0,0.0,0,0.0,0,0.0,0,0.0,0,0.0,0,0.0,0,0.0,0,0.0,0,0.0,0,0.0
fair_cvar_seed7101_final,coarse_hybrid_mw0.75_teleport10,20,75,100,18,0.6314248137483431,56,0.9008653780859663,0,0.0,76.14,0,0.0,0,0.0,0,0.0,0,0.0,0,0.0,0,0.0,0,0.0,0,0.0,0,0.0,0,0.0,0,0.0
fair_cvar_seed7101_final,coarse_hybrid_mw0.75_teleport10,20,100,100,18,0.6314248137483431,71,0.9367065091770974,0,0.0,76.14,0,0.0,0,0.0,0,0.0,0,0.0,0,0.0,0,0.0,0,0.0,0,0.0,0,0.0,0,0.0,0,0.0
fair_cvar_seed7101_final,coarse_hybrid_mw0.75_teleport5,20,50,100,18,0.6314248137483431,41,0.8292645818234053,0,0.0,76.14,0,0.0,0,0.0,0,0.0,0,0.0,0,0.0,0,0.0,0,0.0,0,0.0,0,0.0,0,0.0,0,0.0
fair_cvar_seed7101_final,coarse_hybrid_mw0.75_teleport5,20,75,100,18,0.6314248137483431,56,0.8978412453559512,0,0.0,76.14,0,0.0,0,0.0,0,0.0,0,0.0,0,0.0,0,0.0,0,0.0,0,0.0,0,0.0,0,0.0,0,0.0
fair_cvar_seed7101_final,coarse_hybrid_mw0.75_teleport5,20,100,100,18,0.6314248137483431,71,0.9367065091770974,0,0.0,76.14,0,0.0,0,0.0,0,0.0,0,0.0,0,0.0,0,0.0,0,0.0,0,0.0,0,0.0,0,0.0,0,0.0
fair_cvar_seed7101_final,dual_hybrid_rrf_mw0.25_teleport10,20,50,100,22,0.6481799654593772,46,0.838072579381403,0,0.0,76.14,0,0.0,0,0.0,0,0.0,0,0.0,0,0.0,0,0.0,0,0.0,0,0.0,0,0.0,0,0.0,0,0.0
fair_cvar_seed7101_final,dual_hybrid_rrf_mw0.25_teleport10,20,75,100,22,0.6481799654593772,61,0.9031058973706032,0,0.0,76.14,0,0.0,0,0.0,0,0.0,0,0.0,0,0.0,0,0.0,0,0.0,0,0.0,0,0.0,0,0.0,0,0.0
fair_cvar_seed7101_final,dual_hybrid_rrf_mw0.25_teleport10,20,100,100,22,0.6481799654593772,72,0.939296574340692,0,0.0,76.14,0,0.0,0,0.0,0,0.0,0,0.0,0,0.0,0,0.0,0,0.0,0,0.0,0,0.0,0,0.0,0,0.0
fair_cvar_seed7101_final,dual_hybrid_rrf_mw0.25_teleport5,20,50,100,21,0.6423747706541825,45,0.837417817476641,0,0.0,76.14,0,0.0,0,0.0,0,0.0,0,0.0,0,0.0,0,0.0,0,0.0,0,0.0,0,0.0,0,0.0,0,0.0
fair_cvar_seed7101_final,dual_hybrid_rrf_mw0.25_teleport5,20,75,100,21,0.6423747706541825,61,0.907470653529477,0,0.0,76.14,0,0.0,0,0.0,0,0.0,0,0.0,0,0.0,0,0.0,0,0.0,0,0.0,0,0.0,0,0.0,0,0.0
fair_cvar_seed7101_final,dual_hybrid_rrf_mw0.25_teleport5,20,100,100,21,0.6423747706541825,71,0.9371805612687966,0,0.0,76.14,0,0.0,0,0.0,0,0.0,0,0.0,0,0.0,0,0.0,0,0.0,0,0.0,0,0.0,0,0.0,0,0.0
fair_cvar_seed7101_final,dual_hybrid_rrf_mw0.5_teleport10,20,50,100,20,0.6413940014234132,43,0.8390075055663292,0,0.0,76.14,0,0.0,0,0.0,0,0.0,0,0.0,0,0.0,0,0.0,0,0.0,0,0.0,0,0.0,0,0.0,0,0.0
fair_cvar_seed7101_final,dual_hybrid_rrf_mw0.5_teleport10,20,75,100,20,0.6413940014234132,59,0.9081699999347059,0,0.0,76.14,0,0.0,0,0.0,0,0.0,0,0.0,0,0.0,0,0.0,0,0.0,0,0.0,0,0.0,0,0.0,0,0.0
fair_cvar_seed7101_final,dual_hybrid_rrf_mw0.5_teleport10,20,100,100,20,0.6413940014234132,78,0.9486637545461075,0,0.0,76.14,0,0.0,0,0.0,0,0.0,0,0.0,0,0.0,0,0.0,0,0.0,0,0.0,0,0.0,0,0.0,0,0.0
fair_cvar_seed7101_final,dual_hybrid_rrf_mw0.5_teleport5,20,50,100,20,0.6413940014234132,43,0.8405789341377577,0,0.0,76.14,0,0.0,0,0.0,0,0.0,0,0.0,0,0.0,0,0.0,0,0.0,0,0.0,0,0.0,0,0.0,0,0.0
fair_cvar_seed7101_final,dual_hybrid_rrf_mw0.5_teleport5,20,75,100,20,0.6413940014234132,59,0.9073088888235946,0,0.0,76.14,0,0.0,0,0.0,0,0.0,0,0.0,0,0.0,0,0.0,0,0.0,0,0.0,0,0.0,0,0.0,0,0.0
fair_cvar_seed7101_final,dual_hybrid_rrf_mw0.5_teleport5,20,100,100,20,0.6413940014234132,76,0.9453410315175022,0,0.0,76.14,0,0.0,0,0.0,0,0.0,0,0.0,0,0.0,0,0.0,0,0.0,0,0.0,0,0.0,0,0.0,0,0.0
fair_cvar_seed7101_final,dual_hybrid_rrf_mw0.75_teleport10,20,50,100,20,0.6416082871376989,42,0.8365948071536308,0,0.0,76.14,0,0.0,0,0.0,0,0.0,0,0.0,0,0.0,0,0.0,0,0.0,0,0.0,0,0.0,0,0.0,0,0.0
fair_cvar_seed7101_final,dual_hybrid_rrf_mw0.75_teleport10,20,75,100,20,0.6416082871376989,55,0.8913980219127278,0,0.0,76.14,0,0.0,0,0.0,0,0.0,0,0.0,0,0.0,0,0.0,0,0.0,0,0.0,0,0.0,0,0.0,0,0.0
fair_cvar_seed7101_final,dual_hybrid_rrf_mw0.75_teleport10,20,100,100,20,0.6416082871376989,73,0.9492114111378817,0,0.0,76.14,0,0.0,0,0.0,0,0.0,0,0.0,0,0.0,0,0.0,0,0.0,0,0.0,0,0.0,0,0.0,0,0.0
fair_cvar_seed7101_final,dual_hybrid_rrf_mw0.75_teleport5,20,50,100,20,0.6396082871376989,40,0.8299995690583926,0,0.0,76.14,0,0.0,0,0.0,0,0.0,0,0.0,0,0.0,0,0.0,0,0.0,0,0.0,0,0.0,0,0.0,0,0.0
fair_cvar_seed7101_final,dual_hybrid_rrf_mw0.75_teleport5,20,75,100,20,0.6396082871376989,53,0.8878265933412992,0,0.0,76.14,0,0.0,0,0.0,0,0.0,0,0.0,0,0.0,0,0.0,0,0.0,0,0.0,0,0.0,0,0.0,0,0.0
fair_cvar_seed7101_final,dual_hybrid_rrf_mw0.75_teleport5,20,100,100,20,0.6396082871376989,72,0.9458664227928933,0,0.0,76.14,0,0.0,0,0.0,0,0.0,0,0.0,0,0.0,0,0.0,0,0.0,0,0.0,0,0.0,0,0.0,0,0.0
fair_cvar_seed7101_final,fixed,20,20,100,18,0.6314248137483431,18,0.6314248137483431,0,0.0,76.14,0,0.0,0,0.0,0,0.0,0,0.0,0,0.0,0,0.0,0,0.0,0,0.0,0,0.0,0,0.0,0,0.0
fair_cvar_seed7101_final,fixed,50,50,100,42,0.8244712183241595,42,0.8244712183241595,0,0.0,76.14,0,0.0,0,0.0,0,0.0,0,0.0,0,0.0,0,0.0,0,0.0,0,0.0,0,0.0,0,0.0,0,0.0
fair_cvar_seed7101_final,fixed,100,100,100,67,0.9345831325537207,67,0.9345831325537207,0,0.0,76.14,0,0.0,0,0.0,0,0.0,0,0.0,0,0.0,0,0.0,0,0.0,0,0.0,0,0.0,0,0.0,0,0.0
fair_cvar_seed7101_final,fixed_dual_hybrid_rrf_mw0.25_teleport10,20,50,100,18,0.6309697589991707,46,0.8470320365908601,0,0.0,76.14,0,0.0,0,0.0,0,0.0,0,0.0,0,0.0,0,0.0,0,0.0,0,0.0,0,0.0,0,0.0,0,0.0
fair_cvar_seed7101_final,fixed_dual_hybrid_rrf_mw0.25_teleport10,20,75,100,18,0.6309697589991707,60,0.9027964111052346,0,0.0,76.14,0,0.0,0,0.0,0,0.0,0,0.0,0,0.0,0,0.0,0,0.0,0,0.0,0,0.0,0,0.0,0,0.0
fair_cvar_seed7101_final,fixed_dual_hybrid_rrf_mw0.25_teleport10,20,100,100,18,0.6309697589991707,77,0.9444970878794408,0,0.0,76.14,0,0.0,0,0.0,0,0.0,0,0.0,0,0.0,0,0.0,0,0.0,0,0.0,0,0.0,0,0.0,0,0.0
fair_cvar_seed7101_final,fixed_dual_hybrid_rrf_mw0.25_teleport5,20,50,100,18,0.6359459494753612,43,0.8447258705346941,0,0.0,76.14,0,0.0,0,0.0,0,0.0,0,0.0,0,0.0,0,0.0,0,0.0,0,0.0,0,0.0,0,0.0,0,0.0
fair_cvar_seed7101_final,fixed_dual_hybrid_rrf_mw0.25_teleport5,20,75,100,18,0.6359459494753612,59,0.9016492249580484,0,0.0,76.14,0,0.0,0,0.0,0,0.0,0,0.0,0,0.0,0,0.0,0,0.0,0,0.0,0,0.0,0,0.0,0,0.0
fair_cvar_seed7101_final,fixed_dual_hybrid_rrf_mw0.25_teleport5,20,100,100,18,0.6359459494753612,74,0.9393850430615136,0,0.0,76.14,0,0.0,0,0.0,0,0.0,0,0.0,0,0.0,0,0.0,0,0.0,0,0.0,0,0.0,0,0.0,0,0.0
fair_cvar_seed7101_final,fixed_dual_hybrid_rrf_mw0.5_teleport10,20,50,100,18,0.632203525232937,43,0.8427406612994848,0,0.0,76.14,0,0.0,0,0.0,0,0.0,0,0.0,0,0.0,0,0.0,0,0.0,0,0.0,0,0.0,0,0.0,0,0.0
fair_cvar_seed7101_final,fixed_dual_hybrid_rrf_mw0.5_teleport10,20,75,100,18,0.632203525232937,56,0.8988717703864763,0,0.0,76.14,0,0.0,0,0.0,0,0.0,0,0.0,0,0.0,0,0.0,0,0.0,0,0.0,0,0.0,0,0.0,0,0.0
fair_cvar_seed7101_final,fixed_dual_hybrid_rrf_mw0.5_teleport10,20,100,100,18,0.632203525232937,76,0.9458258800023507,0,0.0,76.14,0,0.0,0,0.0,0,0.0,0,0.0,0,0.0,0,0.0,0,0.0,0,0.0,0,0.0,0,0.0,0,0.0
fair_cvar_seed7101_final,fixed_dual_hybrid_rrf_mw0.5_teleport5,20,50,100,18,0.633112616142028,43,0.8404351057439292,0,0.0,76.14,0,0.0,0,0.0,0,0.0,0,0.0,0,0.0,0,0.0,0,0.0,0,0.0,0,0.0,0,0.0,0,0.0
fair_cvar_seed7101_final,fixed_dual_hybrid_rrf_mw0.5_teleport5,20,75,100,18,0.633112616142028,56,0.8959025827114062,0,0.0,76.14,0,0.0,0,0.0,0,0.0,0,0.0,0,0.0,0,0.0,0,0.0,0,0.0,0,0.0,0,0.0,0,0.0
fair_cvar_seed7101_final,fixed_dual_hybrid_rrf_mw0.5_teleport5,20,100,100,18,0.633112616142028,73,0.9409882176646883,0,0.0,76.14,0,0.0,0,0.0,0,0.0,0,0.0,0,0.0,0,0.0,0,0.0,0,0.0,0,0.0,0,0.0,0,0.0
fair_cvar_seed7101_final,fixed_dual_hybrid_rrf_mw0.75_teleport10,20,50,100,18,0.6314892395186513,40,0.8319761202849437,0,0.0,76.14,0,0.0,0,0.0,0,0.0,0,0.0,0,0.0,0,0.0,0,0.0,0,0.0,0,0.0,0,0.0,0,0.0
fair_cvar_seed7101_final,fixed_dual_hybrid_rrf_mw0.75_teleport10,20,75,100,18,0.6314892395186513,53,0.8891983882130942,0,0.0,76.14,0,0.0,0,0.0,0,0.0,0,0.0,0,0.0,0,0.0,0,0.0,0,0.0,0,0.0,0,0.0,0,0.0
fair_cvar_seed7101_final,fixed_dual_hybrid_rrf_mw0.75_teleport10,20,100,100,18,0.6314892395186513,73,0.9501426563632447,0,0.0,76.14,0,0.0,0,0.0,0,0.0,0,0.0,0,0.0,0,0.0,0,0.0,0,0.0,0,0.0,0,0.0,0,0.0
fair_cvar_seed7101_final,fixed_dual_hybrid_rrf_mw0.75_teleport5,20,50,100,18,0.6300606680900799,40,0.831067029375853,0,0.0,76.14,0,0.0,0,0.0,0,0.0,0,0.0,0,0.0,0,0.0,0,0.0,0,0.0,0,0.0,0,0.0,0,0.0
fair_cvar_seed7101_final,fixed_dual_hybrid_rrf_mw0.75_teleport5,20,75,100,18,0.6300606680900799,51,0.8857010620098855,0,0.0,76.14,0,0.0,0,0.0,0,0.0,0,0.0,0,0.0,0,0.0,0,0.0,0,0.0,0,0.0,0,0.0,0,0.0
fair_cvar_seed7101_final,fixed_dual_hybrid_rrf_mw0.75_teleport5,20,100,100,18,0.6300606680900799,71,0.9412781874987758,0,0.0,76.14,0,0.0,0,0.0,0,0.0,0,0.0,0,0.0,0,0.0,0,0.0,0,0.0,0,0.0,0,0.0,0,0.0
fair_cvar_seed7101_final,global_fine_rrf_fixed,20,20,100,21,0.6365921921216039,21,0.6365921921216039,0,0.0,76.14,0,0.0,0,0.0,0,0.0,0,0.0,0,0.0,0,0.0,0,0.0,0,0.0,0,0.0,0,0.0,0,0.0
fair_cvar_seed7101_final,global_fine_rrf_fixed,50,50,100,34,0.8020902561490797,34,0.8020902561490797,0,0.0,76.14,0,0.0,0,0.0,0,0.0,0,0.0,0,0.0,0,0.0,0,0.0,0,0.0,0,0.0,0,0.0,0,0.0
fair_cvar_seed7101_final,global_fine_rrf_fixed,100,100,100,66,0.9409093896299778,66,0.9409093896299778,0,0.0,76.14,0,0.0,0,0.0,0,0.0,0,0.0,0,0.0,0,0.0,0,0.0,0,0.0,0,0.0,0,0.0,0,0.0
fair_cvar_seed7101_final,global_fine_rrf_hybrid_mw0.25_teleport10,20,50,100,21,0.6365921921216039,42,0.8298100641188877,0,0.0,76.14,0,0.0,0,0.0,0,0.0,0,0.0,0,0.0,0,0.0,0,0.0,0,0.0,0,0.0,0,0.0,0,0.0
fair_cvar_seed7101_final,global_fine_rrf_hybrid_mw0.25_teleport10,20,75,100,21,0.6365921921216039,57,0.8875896636043694,0,0.0,76.14,0,0.0,0,0.0,0,0.0,0,0.0,0,0.0,0,0.0,0,0.0,0,0.0,0,0.0,0,0.0,0,0.0
fair_cvar_seed7101_final,global_fine_rrf_hybrid_mw0.25_teleport10,20,100,100,21,0.6365921921216039,68,0.9269043276984453,0,0.0,76.14,0,0.0,0,0.0,0,0.0,0,0.0,0,0.0,0,0.0,0,0.0,0,0.0,0,0.0,0,0.0,0,0.0
fair_cvar_seed7101_final,global_fine_rrf_hybrid_mw0.25_teleport5,20,50,100,21,0.6365921921216039,42,0.8331406501994738,0,0.0,76.14,0,0.0,0,0.0,0,0.0,0,0.0,0,0.0,0,0.0,0,0.0,0,0.0,0,0.0,0,0.0,0,0.0
fair_cvar_seed7101_final,global_fine_rrf_hybrid_mw0.25_teleport5,20,75,100,21,0.6365921921216039,58,0.8963601153748212,0,0.0,76.14,0,0.0,0,0.0,0,0.0,0,0.0,0,0.0,0,0.0,0,0.0,0,0.0,0,0.0,0,0.0,0,0.0
fair_cvar_seed7101_final,global_fine_rrf_hybrid_mw0.25_teleport5,20,100,100,21,0.6365921921216039,70,0.9353087663970017,0,0.0,76.14,0,0.0,0,0.0,0,0.0,0,0.0,0,0.0,0,0.0,0,0.0,0,0.0,0,0.0,0,0.0,0,0.0
fair_cvar_seed7101_final,global_fine_rrf_hybrid_mw0.5_teleport10,20,50,100,21,0.6365921921216039,36,0.8205080050668286,0,0.0,76.14,0,0.0,0,0.0,0,0.0,0,0.0,0,0.0,0,0.0,0,0.0,0,0.0,0,0.0,0,0.0,0,0.0
fair_cvar_seed7101_final,global_fine_rrf_hybrid_mw0.5_teleport10,20,75,100,21,0.6365921921216039,56,0.8887505484711368,0,0.0,76.14,0,0.0,0,0.0,0,0.0,0,0.0,0,0.0,0,0.0,0,0.0,0,0.0,0,0.0,0,0.0,0,0.0
fair_cvar_seed7101_final,global_fine_rrf_hybrid_mw0.5_teleport10,20,100,100,21,0.6365921921216039,76,0.9473542682807389,0,0.0,76.14,0,0.0,0,0.0,0,0.0,0,0.0,0,0.0,0,0.0,0,0.0,0,0.0,0,0.0,0,0.0,0,0.0
fair_cvar_seed7101_final,global_fine_rrf_hybrid_mw0.5_teleport5,20,50,100,21,0.6365921921216039,37,0.8203889574477811,0,0.0,76.14,0,0.0,0,0.0,0,0.0,0,0.0,0,0.0,0,0.0,0,0.0,0,0.0,0,0.0,0,0.0,0,0.0
fair_cvar_seed7101_final,global_fine_rrf_hybrid_mw0.5_teleport5,20,75,100,21,0.6365921921216039,57,0.8942383205030263,0,0.0,76.14,0,0.0,0,0.0,0,0.0,0,0.0,0,0.0,0,0.0,0,0.0,0,0.0,0,0.0,0,0.0,0,0.0
fair_cvar_seed7101_final,global_fine_rrf_hybrid_mw0.5_teleport5,20,100,100,21,0.6365921921216039,74,0.9473975583240289,0,0.0,76.14,0,0.0,0,0.0,0,0.0,0,0.0,0,0.0,0,0.0,0,0.0,0,0.0,0,0.0,0,0.0,0,0.0
fair_cvar_seed7101_final,global_fine_rrf_hybrid_mw0.75_teleport10,20,50,100,21,0.6365921921216039,37,0.8111477542065778,0,0.0,76.14,0,0.0,0,0.0,0,0.0,0,0.0,0,0.0,0,0.0,0,0.0,0,0.0,0,0.0,0,0.0,0,0.0
fair_cvar_seed7101_final,global_fine_rrf_hybrid_mw0.75_teleport10,20,75,100,21,0.6365921921216039,54,0.8972130581836464,0,0.0,76.14,0,0.0,0,0.0,0,0.0,0,0.0,0,0.0,0,0.0,0,0.0,0,0.0,0,0.0,0,0.0,0,0.0
fair_cvar_seed7101_final,global_fine_rrf_hybrid_mw0.75_teleport10,20,100,100,21,0.6365921921216039,73,0.9431247200511906,0,0.0,76.14,0,0.0,0,0.0,0,0.0,0,0.0,0,0.0,0,0.0,0,0.0,0,0.0,0,0.0,0,0.0,0,0.0
fair_cvar_seed7101_final,global_fine_rrf_hybrid_mw0.75_teleport5,20,50,100,21,0.6365921921216039,37,0.8123144208732443,0,0.0,76.14,0,0.0,0,0.0,0,0.0,0,0.0,0,0.0,0,0.0,0,0.0,0,0.0,0,0.0,0,0.0,0,0.0
fair_cvar_seed7101_final,global_fine_rrf_hybrid_mw0.75_teleport5,20,75,100,21,0.6365921921216039,54,0.8953876613582495,0,0.0,76.14,0,0.0,0,0.0,0,0.0,0,0.0,0,0.0,0,0.0,0,0.0,0,0.0,0,0.0,0,0.0,0,0.0
fair_cvar_seed7101_final,global_fine_rrf_hybrid_mw0.75_teleport5,20,100,100,21,0.6365921921216039,73,0.9442913867178574,0,0.0,76.14,0,0.0,0,0.0,0,0.0,0,0.0,0,0.0,0,0.0,0,0.0,0,0.0,0,0.0,0,0.0,0,0.0
fair_final_seed7101_best,coarse_hybrid_mw0.25_teleport10,20,50,100,24,0.7111772998243586,49,0.8756576609664845,0,0.0,56.11,0,0.0,0,0.0,0,0.0,0,0.0,0,0.0,0,0.0,0,0.0,0,0.0,0,0.0,0,0.0,0,0.0
fair_final_seed7101_best,coarse_hybrid_mw0.25_teleport10,20,75,100,24,0.7111772998243586,67,0.9307524893407246,0,0.0,56.11,0,0.0,0,0.0,0,0.0,0,0.0,0,0.0,0,0.0,0,0.0,0,0.0,0,0.0,0,0.0,0,0.0
fair_final_seed7101_best,coarse_hybrid_mw0.25_teleport10,20,100,100,24,0.7111772998243586,80,0.9569871615312792,0,0.0,56.11,0,0.0,0,0.0,0,0.0,0,0.0,0,0.0,0,0.0,0,0.0,0,0.0,0,0.0,0,0.0,0,0.0
fair_final_seed7101_best,coarse_hybrid_mw0.25_teleport5,20,50,100,24,0.7111772998243586,50,0.8754983203071438,0,0.0,56.11,0,0.0,0,0.0,0,0.0,0,0.0,0,0.0,0,0.0,0,0.0,0,0.0,0,0.0,0,0.0,0,0.0
fair_final_seed7101_best,coarse_hybrid_mw0.25_teleport5,20,75,100,24,0.7111772998243586,66,0.9354453895777425,0,0.0,56.11,0,0.0,0,0.0,0,0.0,0,0.0,0,0.0,0,0.0,0,0.0,0,0.0,0,0.0,0,0.0,0,0.0
fair_final_seed7101_best,coarse_hybrid_mw0.25_teleport5,20,100,100,24,0.7111772998243586,81,0.9619871615312792,0,0.0,56.11,0,0.0,0,0.0,0,0.0,0,0.0,0,0.0,0,0.0,0,0.0,0,0.0,0,0.0,0,0.0,0,0.0
fair_final_seed7101_best,coarse_hybrid_mw0.5_teleport10,20,50,100,24,0.7111772998243586,52,0.8814794502882738,0,0.0,56.11,0,0.0,0,0.0,0,0.0,0,0.0,0,0.0,0,0.0,0,0.0,0,0.0,0,0.0,0,0.0,0,0.0
fair_final_seed7101_best,coarse_hybrid_mw0.5_teleport10,20,75,100,24,0.7111772998243586,70,0.9432836248718601,0,0.0,56.11,0,0.0,0,0.0,0,0.0,0,0.0,0,0.0,0,0.0,0,0.0,0,0.0,0,0.0,0,0.0,0,0.0
fair_final_seed7101_best,coarse_hybrid_mw0.5_teleport10,20,100,100,24,0.7111772998243586,82,0.9646538281979459,0,0.0,56.11,0,0.0,0,0.0,0,0.0,0,0.0,0,0.0,0,0.0,0,0.0,0,0.0,0,0.0,0,0.0,0,0.0
fair_final_seed7101_best,coarse_hybrid_mw0.5_teleport5,20,50,100,24,0.7111772998243586,52,0.8823957562045797,0,0.0,56.11,0,0.0,0,0.0,0,0.0,0,0.0,0,0.0,0,0.0,0,0.0,0,0.0,0,0.0,0,0.0,0,0.0
fair_final_seed7101_best,coarse_hybrid_mw0.5_teleport5,20,75,100,24,0.7111772998243586,69,0.9430385268326446,0,0.0,56.11,0,0.0,0,0.0,0,0.0,0,0.0,0,0.0,0,0.0,0,0.0,0,0.0,0,0.0,0,0.0,0,0.0
fair_final_seed7101_best,coarse_hybrid_mw0.5_teleport5,20,100,100,24,0.7111772998243586,84,0.9707490662931839,0,0.0,56.11,0,0.0,0,0.0,0,0.0,0,0.0,0,0.0,0,0.0,0,0.0,0,0.0,0,0.0,0,0.0,0,0.0
fair_final_seed7101_best,coarse_hybrid_mw0.75_teleport10,20,50,100,24,0.7111772998243586,53,0.889316141374965,0,0.0,56.11,0,0.0,0,0.0,0,0.0,0,0.0,0,0.0,0,0.0,0,0.0,0,0.0,0,0.0,0,0.0,0,0.0
fair_final_seed7101_best,coarse_hybrid_mw0.75_teleport10,20,75,100,24,0.7111772998243586,76,0.9554421428244957,0,0.0,56.11,0,0.0,0,0.0,0,0.0,0,0.0,0,0.0,0,0.0,0,0.0,0,0.0,0,0.0,0,0.0,0,0.0
fair_final_seed7101_best,coarse_hybrid_mw0.75_teleport10,20,100,100,24,0.7111772998243586,85,0.9719871615312792,0,0.0,56.11,0,0.0,0,0.0,0,0.0,0,0.0,0,0.0,0,0.0,0,0.0,0,0.0,0,0.0,0,0.0,0,0.0
fair_final_seed7101_best,coarse_hybrid_mw0.75_teleport5,20,50,100,24,0.7111772998243586,53,0.888407050465874,0,0.0,56.11,0,0.0,0,0.0,0,0.0,0,0.0,0,0.0,0,0.0,0,0.0,0,0.0,0,0.0,0,0.0,0,0.0
fair_final_seed7101_best,coarse_hybrid_mw0.75_teleport5,20,75,100,24,0.7111772998243586,75,0.9544421428244958,0,0.0,56.11,0,0.0,0,0.0,0,0.0,0,0.0,0,0.0,0,0.0,0,0.0,0,0.0,0,0.0,0,0.0,0,0.0
fair_final_seed7101_best,coarse_hybrid_mw0.75_teleport5,20,100,100,24,0.7111772998243586,86,0.9736538281979459,0,0.0,56.11,0,0.0,0,0.0,0,0.0,0,0.0,0,0.0,0,0.0,0,0.0,0,0.0,0,0.0,0,0.0,0,0.0
fair_final_seed7101_best,dual_hybrid_rrf_mw0.25_teleport10,20,50,100,28,0.7275926720338485,52,0.8835556698203757,0,0.0,56.11,0,0.0,0,0.0,0,0.0,0,0.0,0,0.0,0,0.0,0,0.0,0,0.0,0,0.0,0,0.0,0,0.0
fair_final_seed7101_best,dual_hybrid_rrf_mw0.25_teleport10,20,75,100,28,0.7275926720338485,65,0.9316691560073913,0,0.0,56.11,0,0.0,0,0.0,0,0.0,0,0.0,0,0.0,0,0.0,0,0.0,0,0.0,0,0.0,0,0.0,0,0.0
fair_final_seed7101_best,dual_hybrid_rrf_mw0.25_teleport10,20,100,100,28,0.7275926720338485,81,0.9582371615312791,0,0.0,56.11,0,0.0,0,0.0,0,0.0,0,0.0,0,0.0,0,0.0,0,0.0,0,0.0,0,0.0,0,0.0,0,0.0
fair_final_seed7101_best,dual_hybrid_rrf_mw0.25_teleport5,20,50,100,28,0.7262003878474467,52,0.8873246508393566,0,0.0,56.11,0,0.0,0,0.0,0,0.0,0,0.0,0,0.0,0,0.0,0,0.0,0,0.0,0,0.0,0,0.0,0,0.0
fair_final_seed7101_best,dual_hybrid_rrf_mw0.25_teleport5,20,75,100,28,0.7262003878474467,68,0.9382787229110758,0,0.0,56.11,0,0.0,0,0.0,0,0.0,0,0.0,0,0.0,0,0.0,0,0.0,0,0.0,0,0.0,0,0.0,0,0.0
fair_final_seed7101_best,dual_hybrid_rrf_mw0.25_teleport5,20,100,100,28,0.7262003878474467,82,0.9646538281979459,0,0.0,56.11,0,0.0,0,0.0,0,0.0,0,0.0,0,0.0,0,0.0,0,0.0,0,0.0,0,0.0,0,0.0,0,0.0
fair_final_seed7101_best,dual_hybrid_rrf_mw0.5_teleport10,20,50,100,29,0.7312788192199957,52,0.887016060736649,0,0.0,56.11,0,0.0,0,0.0,0,0.0,0,0.0,0,0.0,0,0.0,0,0.0,0,0.0,0,0.0,0,0.0,0,0.0
fair_final_seed7101_best,dual_hybrid_rrf_mw0.5_teleport10,20,75,100,29,0.7312788192199957,69,0.9435238209502915,0,0.0,56.11,0,0.0,0,0.0,0,0.0,0,0.0,0,0.0,0,0.0,0,0.0,0,0.0,0,0.0,0,0.0,0,0.0
fair_final_seed7101_best,dual_hybrid_rrf_mw0.5_teleport10,20,100,100,29,0.7312788192199957,82,0.9646538281979459,0,0.0,56.11,0,0.0,0,0.0,0,0.0,0,0.0,0,0.0,0,0.0,0,0.0,0,0.0,0,0.0,0,0.0,0,0.0
fair_final_seed7101_best,dual_hybrid_rrf_mw0.5_teleport5,20,50,100,28,0.7268670545141133,54,0.8912462194668077,0,0.0,56.11,0,0.0,0,0.0,0,0.0,0,0.0,0,0.0,0,0.0,0,0.0,0,0.0,0,0.0,0,0.0,0,0.0
fair_final_seed7101_best,dual_hybrid_rrf_mw0.5_teleport5,20,75,100,28,0.7268670545141133,67,0.9418739610063139,0,0.0,56.11,0,0.0,0,0.0,0,0.0,0,0.0,0,0.0,0,0.0,0,0.0,0,0.0,0,0.0,0,0.0,0,0.0
fair_final_seed7101_best,dual_hybrid_rrf_mw0.5_teleport5,20,100,100,28,0.7268670545141133,84,0.9703204948646125,0,0.0,56.11,0,0.0,0,0.0,0,0.0,0,0.0,0,0.0,0,0.0,0,0.0,0,0.0,0,0.0,0,0.0,0,0.0
fair_final_seed7101_best,dual_hybrid_rrf_mw0.75_teleport10,20,50,100,28,0.7277003878474467,51,0.8890105482752542,0,0.0,56.11,0,0.0,0,0.0,0,0.0,0,0.0,0,0.0,0,0.0,0,0.0,0,0.0,0,0.0,0,0.0,0,0.0
fair_final_seed7101_best,dual_hybrid_rrf_mw0.75_teleport10,20,75,100,28,0.7277003878474467,74,0.9501088094911624,0,0.0,56.11,0,0.0,0,0.0,0,0.0,0,0.0,0,0.0,0,0.0,0,0.0,0,0.0,0,0.0,0,0.0,0,0.0
fair_final_seed7101_best,dual_hybrid_rrf_mw0.75_teleport10,20,100,100,28,0.7277003878474467,85,0.9719871615312792,0,0.0,56.11,0,0.0,0,0.0,0,0.0,0,0.0,0,0.0,0,0.0,0,0.0,0,0.0,0,0.0,0,0.0,0,0.0
fair_final_seed7101_best,dual_hybrid_rrf_mw0.75_teleport5,20,50,100,28,0.7277003878474467,51,0.8875819768466827,0,0.0,56.11,0,0.0,0,0.0,0,0.0,0,0.0,0,0.0,0,0.0,0,0.0,0,0.0,0,0.0,0,0.0,0,0.0
fair_final_seed7101_best,dual_hybrid_rrf_mw0.75_teleport5,20,75,100,28,0.7277003878474467,73,0.9491997185820715,0,0.0,56.11,0,0.0,0,0.0,0,0.0,0,0.0,0,0.0,0,0.0,0,0.0,0,0.0,0,0.0,0,0.0,0,0.0
fair_final_seed7101_best,dual_hybrid_rrf_mw0.75_teleport5,20,100,100,28,0.7277003878474467,85,0.9719871615312792,0,0.0,56.11,0,0.0,0,0.0,0,0.0,0,0.0,0,0.0,0,0.0,0,0.0,0,0.0,0,0.0,0,0.0,0,0.0
fair_final_seed7101_best,fixed,20,20,100,24,0.7111772998243586,24,0.7111772998243586,0,0.0,56.11,0,0.0,0,0.0,0,0.0,0,0.0,0,0.0,0,0.0,0,0.0,0,0.0,0,0.0,0,0.0,0,0.0
fair_final_seed7101_best,fixed,50,50,100,51,0.8848865986954222,51,0.8848865986954222,0,0.0,56.11,0,0.0,0,0.0,0,0.0,0,0.0,0,0.0,0,0.0,0,0.0,0,0.0,0,0.0,0,0.0,0,0.0
fair_final_seed7101_best,fixed,100,100,100,86,0.9750823996265173,86,0.9750823996265173,0,0.0,56.11,0,0.0,0,0.0,0,0.0,0,0.0,0,0.0,0,0.0,0,0.0,0,0.0,0,0.0,0,0.0,0,0.0
fair_final_seed7101_best,fixed_dual_hybrid_rrf_mw0.25_teleport10,20,50,100,26,0.7229306575777165,52,0.8859363724510783,0,0.0,56.11,0,0.0,0,0.0,0,0.0,0,0.0,0,0.0,0,0.0,0,0.0,0,0.0,0,0.0,0,0.0,0,0.0
fair_final_seed7101_best,fixed_dual_hybrid_rrf_mw0.25_teleport10,20,75,100,26,0.7229306575777165,70,0.9430336248718603,0,0.0,56.11,0,0.0,0,0.0,0,0.0,0,0.0,0,0.0,0,0.0,0,0.0,0,0.0,0,0.0,0,0.0,0,0.0
fair_final_seed7101_best,fixed_dual_hybrid_rrf_mw0.25_teleport10,20,100,100,26,0.7229306575777165,82,0.9666538281979459,0,0.0,56.11,0,0.0,0,0.0,0,0.0,0,0.0,0,0.0,0,0.0,0,0.0,0,0.0,0,0.0,0,0.0,0,0.0
fair_final_seed7101_best,fixed_dual_hybrid_rrf_mw0.25_teleport5,20,50,100,26,0.7233310904781493,53,0.8844720867367926,0,0.0,56.11,0,0.0,0,0.0,0,0.0,0,0.0,0,0.0,0,0.0,0,0.0,0,0.0,0,0.0,0,0.0,0,0.0
fair_final_seed7101_best,fixed_dual_hybrid_rrf_mw0.25_teleport5,20,75,100,26,0.7233310904781493,70,0.9466120562444093,0,0.0,56.11,0,0.0,0,0.0,0,0.0,0,0.0,0,0.0,0,0.0,0,0.0,0,0.0,0,0.0,0,0.0,0,0.0
fair_final_seed7101_best,fixed_dual_hybrid_rrf_mw0.25_teleport5,20,100,100,26,0.7233310904781493,84,0.9703204948646125,0,0.0,56.11,0,0.0,0,0.0,0,0.0,0,0.0,0,0.0,0,0.0,0,0.0,0,0.0,0,0.0,0,0.0,0,0.0
fair_final_seed7101_best,fixed_dual_hybrid_rrf_mw0.5_teleport10,20,50,100,25,0.7245810904781493,53,0.886110365125071,0,0.0,56.11,0,0.0,0,0.0,0,0.0,0,0.0,0,0.0,0,0.0,0,0.0,0,0.0,0,0.0,0,0.0,0,0.0
fair_final_seed7101_best,fixed_dual_hybrid_rrf_mw0.5_teleport10,20,75,100,25,0.7245810904781493,73,0.9500330519154049,0,0.0,56.11,0,0.0,0,0.0,0,0.0,0,0.0,0,0.0,0,0.0,0,0.0,0,0.0,0,0.0,0,0.0,0,0.0
fair_final_seed7101_best,fixed_dual_hybrid_rrf_mw0.5_teleport10,20,100,100,25,0.7245810904781493,83,0.9688919234360411,0,0.0,56.11,0,0.0,0,0.0,0,0.0,0,0.0,0,0.0,0,0.0,0,0.0,0,0.0,0,0.0,0,0.0,0,0.0
fair_final_seed7101_best,fixed_dual_hybrid_rrf_mw0.5_teleport5,20,50,100,25,0.7223310904781494,52,0.8855105482752542,0,0.0,56.11,0,0.0,0,0.0,0,0.0,0,0.0,0,0.0,0,0.0,0,0.0,0,0.0,0,0.0,0,0.0,0,0.0
fair_final_seed7101_best,fixed_dual_hybrid_rrf_mw0.5_teleport5,20,75,100,25,0.7223310904781494,72,0.9471088094911625,0,0.0,56.11,0,0.0,0,0.0,0,0.0,0,0.0,0,0.0,0,0.0,0,0.0,0,0.0,0,0.0,0,0.0,0,0.0
fair_final_seed7101_best,fixed_dual_hybrid_rrf_mw0.5_teleport5,20,100,100,25,0.7223310904781494,84,0.9703204948646125,0,0.0,56.11,0,0.0,0,0.0,0,0.0,0,0.0,0,0.0,0,0.0,0,0.0,0,0.0,0,0.0,0,0.0,0,0.0
fair_final_seed7101_best,fixed_dual_hybrid_rrf_mw0.75_teleport10,20,50,100,27,0.7247834714305302,51,0.8878032653620889,0,0.0,56.11,0,0.0,0,0.0,0,0.0,0,0.0,0,0.0,0,0.0,0,0.0,0,0.0,0,0.0,0,0.0,0,0.0
fair_final_seed7101_best,fixed_dual_hybrid_rrf_mw0.75_teleport10,20,75,100,27,0.7247834714305302,74,0.9499421428244957,0,0.0,56.11,0,0.0,0,0.0,0,0.0,0,0.0,0,0.0,0,0.0,0,0.0,0,0.0,0,0.0,0,0.0,0,0.0
fair_final_seed7101_best,fixed_dual_hybrid_rrf_mw0.75_teleport10,20,100,100,27,0.7247834714305302,86,0.9736538281979459,0,0.0,56.11,0,0.0,0,0.0,0,0.0,0,0.0,0,0.0,0,0.0,0,0.0,0,0.0,0,0.0,0,0.0,0,0.0
fair_final_seed7101_best,fixed_dual_hybrid_rrf_mw0.75_teleport5,20,50,100,26,0.7243668047638636,51,0.8861365986954222,0,0.0,56.11,0,0.0,0,0.0,0,0.0,0,0.0,0,0.0,0,0.0,0,0.0,0,0.0,0,0.0,0,0.0,0,0.0
fair_final_seed7101_best,fixed_dual_hybrid_rrf_mw0.75_teleport5,20,75,100,26,0.7243668047638636,74,0.9499421428244957,0,0.0,56.11,0,0.0,0,0.0,0,0.0,0,0.0,0,0.0,0,0.0,0,0.0,0,0.0,0,0.0,0,0.0,0,0.0
fair_final_seed7101_best,fixed_dual_hybrid_rrf_mw0.75_teleport5,20,100,100,26,0.7243668047638636,86,0.9736538281979459,0,0.0,56.11,0,0.0,0,0.0,0,0.0,0,0.0,0,0.0,0,0.0,0,0.0,0,0.0,0,0.0,0,0.0,0,0.0
fair_final_seed7101_best,global_fine_rrf_fixed,20,20,100,26,0.7189585741056329,26,0.7189585741056329,0,0.0,56.11,0,0.0,0,0.0,0,0.0,0,0.0,0,0.0,0,0.0,0,0.0,0,0.0,0,0.0,0,0.0,0,0.0
fair_final_seed7101_best,global_fine_rrf_fixed,50,50,100,48,0.8889869885016943,48,0.8889869885016943,0,0.0,56.11,0,0.0,0,0.0,0,0.0,0,0.0,0,0.0,0,0.0,0,0.0,0,0.0,0,0.0,0,0.0,0,0.0
fair_final_seed7101_best,global_fine_rrf_fixed,100,100,100,86,0.9731538281979458,86,0.9731538281979458,0,0.0,56.11,0,0.0,0,0.0,0,0.0,0,0.0,0,0.0,0,0.0,0,0.0,0,0.0,0,0.0,0,0.0,0,0.0
fair_final_seed7101_best,global_fine_rrf_hybrid_mw0.25_teleport10,20,50,100,26,0.7189585741056329,51,0.8868746563893624,0,0.0,56.11,0,0.0,0,0.0,0,0.0,0,0.0,0,0.0,0,0.0,0,0.0,0,0.0,0,0.0,0,0.0,0,0.0
fair_final_seed7101_best,global_fine_rrf_hybrid_mw0.25_teleport10,20,75,100,26,0.7189585741056329,64,0.929835822674058,0,0.0,56.11,0,0.0,0,0.0,0,0.0,0,0.0,0,0.0,0,0.0,0,0.0,0,0.0,0,0.0,0,0.0,0,0.0
fair_final_seed7101_best,global_fine_rrf_hybrid_mw0.25_teleport10,20,100,100,26,0.7189585741056329,82,0.9609038281979458,0,0.0,56.11,0,0.0,0,0.0,0,0.0,0,0.0,0,0.0,0,0.0,0,0.0,0,0.0,0,0.0,0,0.0,0,0.0
fair_final_seed7101_best,global_fine_rrf_hybrid_mw0.25_teleport5,20,50,100,26,0.7189585741056329,52,0.8880627085332968,0,0.0,56.11,0,0.0,0,0.0,0,0.0,0,0.0,0,0.0,0,0.0,0,0.0,0,0.0,0,0.0,0,0.0,0,0.0
fair_final_seed7101_best,global_fine_rrf_hybrid_mw0.25_teleport5,20,75,100,26,0.7189585741056329,66,0.9366120562444092,0,0.0,56.11,0,0.0,0,0.0,0,0.0,0,0.0,0,0.0,0,0.0,0,0.0,0,0.0,0,0.0,0,0.0,0,0.0
fair_final_seed7101_best,global_fine_rrf_hybrid_mw0.25_teleport5,20,100,100,26,0.7189585741056329,82,0.9644871615312792,0,0.0,56.11,0,0.0,0,0.0,0,0.0,0,0.0,0,0.0,0,0.0,0,0.0,0,0.0,0,0.0,0,0.0,0,0.0
fair_final_seed7101_best,global_fine_rrf_hybrid_mw0.5_teleport10,20,50,100,26,0.7189585741056329,52,0.8898014142720025,0,0.0,56.11,0,0.0,0,0.0,0,0.0,0,0.0,0,0.0,0,0.0,0,0.0,0,0.0,0,0.0,0,0.0,0,0.0
fair_final_seed7101_best,global_fine_rrf_hybrid_mw0.5_teleport10,20,75,100,26,0.7189585741056329,68,0.9454523923788629,0,0.0,56.11,0,0.0,0,0.0,0,0.0,0,0.0,0,0.0,0,0.0,0,0.0,0,0.0,0,0.0,0,0.0,0,0.0
fair_final_seed7101_best,global_fine_rrf_hybrid_mw0.5_teleport10,20,100,100,26,0.7189585741056329,82,0.9646538281979459,0,0.0,56.11,0,0.0,0,0.0,0,0.0,0,0.0,0,0.0,0,0.0,0,0.0,0,0.0,0,0.0,0,0.0,0,0.0
fair_final_seed7101_best,global_fine_rrf_hybrid_mw0.5_teleport5,20,50,100,26,0.7189585741056329,52,0.88987717184776,0,0.0,56.11,0,0.0,0,0.0,0,0.0,0,0.0,0,0.0,0,0.0,0,0.0,0,0.0,0,0.0,0,0.0,0,0.0
fair_final_seed7101_best,global_fine_rrf_hybrid_mw0.5_teleport5,20,75,100,26,0.7189585741056329,68,0.9405281499546205,0,0.0,56.11,0,0.0,0,0.0,0,0.0,0,0.0,0,0.0,0,0.0,0,0.0,0,0.0,0,0.0,0,0.0,0,0.0
fair_final_seed7101_best,global_fine_rrf_hybrid_mw0.5_teleport5,20,100,100,26,0.7189585741056329,84,0.9703204948646125,0,0.0,56.11,0,0.0,0,0.0,0,0.0,0,0.0,0,0.0,0,0.0,0,0.0,0,0.0,0,0.0,0,0.0,0,0.0
fair_final_seed7101_best,global_fine_rrf_hybrid_mw0.75_teleport10,20,50,100,26,0.7189585741056329,50,0.8911726361873421,0,0.0,56.11,0,0.0,0,0.0,0,0.0,0,0.0,0,0.0,0,0.0,0,0.0,0,0.0,0,0.0,0,0.0,0,0.0
fair_final_seed7101_best,global_fine_rrf_hybrid_mw0.75_teleport10,20,75,100,26,0.7189585741056329,69,0.9442830519154048,0,0.0,56.11,0,0.0,0,0.0,0,0.0,0,0.0,0,0.0,0,0.0,0,0.0,0,0.0,0,0.0,0,0.0,0,0.0
fair_final_seed7101_best,global_fine_rrf_hybrid_mw0.75_teleport10,20,100,100,26,0.7189585741056329,85,0.9711538281979459,0,0.0,56.11,0,0.0,0,0.0,0,0.0,0,0.0,0,0.0,0,0.0,0,0.0,0,0.0,0,0.0,0,0.0,0,0.0
fair_final_seed7101_best,global_fine_rrf_hybrid_mw0.75_teleport5,20,50,100,26,0.7189585741056329,51,0.8917678742825801,0,0.0,56.11,0,0.0,0,0.0,0,0.0,0,0.0,0,0.0,0,0.0,0,0.0,0,0.0,0,0.0,0,0.0,0,0.0
fair_final_seed7101_best,global_fine_rrf_hybrid_mw0.75_teleport5,20,75,100,26,0.7189585741056329,70,0.9451921428244958,0,0.0,56.11,0,0.0,0,0.0,0,0.0,0,0.0,0,0.0,0,0.0,0,0.0,0,0.0,0,0.0,0,0.0,0,0.0
fair_final_seed7101_best,global_fine_rrf_hybrid_mw0.75_teleport5,20,100,100,26,0.7189585741056329,85,0.9711538281979459,0,0.0,56.11,0,0.0,0,0.0,0,0.0,0,0.0,0,0.0,0,0.0,0,0.0,0,0.0,0,0.0,0,0.0,0,0.0
fair_final_seed7101_final,coarse_hybrid_mw0.25_teleport10,20,50,100,23,0.696801159624689,50,0.8652748036277448,0,0.0,56.88,0,0.0,0,0.0,0,0.0,0,0.0,0,0.0,0,0.0,0,0.0,0,0.0,0,0.0,0,0.0,0,0.0
fair_final_seed7101_final,coarse_hybrid_mw0.25_teleport10,20,75,100,23,0.696801159624689,68,0.9328239179121531,0,0.0,56.88,0,0.0,0,0.0,0,0.0,0,0.0,0,0.0,0,0.0,0,0.0,0,0.0,0,0.0,0,0.0,0,0.0
fair_final_seed7101_final,coarse_hybrid_mw0.25_teleport10,20,100,100,23,0.696801159624689,80,0.9588919234360411,0,0.0,56.88,0,0.0,0,0.0,0,0.0,0,0.0,0,0.0,0,0.0,0,0.0,0,0.0,0,0.0,0,0.0,0,0.0
fair_final_seed7101_final,coarse_hybrid_mw0.25_teleport5,20,50,100,23,0.696801159624689,52,0.8724841873812462,0,0.0,56.88,0,0.0,0,0.0,0,0.0,0,0.0,0,0.0,0,0.0,0,0.0,0,0.0,0,0.0,0,0.0,0,0.0
fair_final_seed7101_final,coarse_hybrid_mw0.25_teleport5,20,75,100,23,0.696801159624689,70,0.9432787229110758,0,0.0,56.88,0,0.0,0,0.0,0,0.0,0,0.0,0,0.0,0,0.0,0,0.0,0,0.0,0,0.0,0,0.0,0,0.0
fair_final_seed7101_final,coarse_hybrid_mw0.25_teleport5,20,100,100,23,0.696801159624689,81,0.9636538281979459,0,0.0,56.88,0,0.0,0,0.0,0,0.0,0,0.0,0,0.0,0,0.0,0,0.0,0,0.0,0,0.0,0,0.0,0,0.0
fair_final_seed7101_final,coarse_hybrid_mw0.5_teleport10,20,50,100,23,0.696801159624689,52,0.8723312928901165,0,0.0,56.88,0,0.0,0,0.0,0,0.0,0,0.0,0,0.0,0,0.0,0,0.0,0,0.0,0,0.0,0,0.0,0,0.0
fair_final_seed7101_final,coarse_hybrid_mw0.5_teleport10,20,75,100,23,0.696801159624689,69,0.9419264820147173,0,0.0,56.88,0,0.0,0,0.0,0,0.0,0,0.0,0,0.0,0,0.0,0,0.0,0,0.0,0,0.0,0,0.0,0,0.0
fair_final_seed7101_final,coarse_hybrid_mw0.5_teleport10,20,100,100,23,0.696801159624689,82,0.9646538281979459,0,0.0,56.88,0,0.0,0,0.0,0,0.0,0,0.0,0,0.0,0,0.0,0,0.0,0,0.0,0,0.0,0,0.0,0,0.0
fair_final_seed7101_final,coarse_hybrid_mw0.5_teleport5,20,50,100,23,0.696801159624689,52,0.8822046695134931,0,0.0,56.88,0,0.0,0,0.0,0,0.0,0,0.0,0,0.0,0,0.0,0,0.0,0,0.0,0,0.0,0,0.0,0,0.0
fair_final_seed7101_final,coarse_hybrid_mw0.5_teleport5,20,75,100,23,0.696801159624689,69,0.9460031732972909,0,0.0,56.88,0,0.0,0,0.0,0,0.0,0,0.0,0,0.0,0,0.0,0,0.0,0,0.0,0,0.0,0,0.0,0,0.0
fair_final_seed7101_final,coarse_hybrid_mw0.5_teleport5,20,100,100,23,0.696801159624689,84,0.969749066293184,0,0.0,56.88,0,0.0,0,0.0,0,0.0,0,0.0,0,0.0,0,0.0,0,0.0,0,0.0,0,0.0,0,0.0,0,0.0
fair_final_seed7101_final,coarse_hybrid_mw0.75_teleport10,20,50,100,23,0.696801159624689,49,0.8788163911252147,0,0.0,56.88,0,0.0,0,0.0,0,0.0,0,0.0,0,0.0,0,0.0,0,0.0,0,0.0,0,0.0,0,0.0,0,0.0
fair_final_seed7101_final,coarse_hybrid_mw0.75_teleport10,20,75,100,23,0.696801159624689,71,0.9488240289122643,0,0.0,56.88,0,0.0,0,0.0,0,0.0,0,0.0,0,0.0,0,0.0,0,0.0,0,0.0,0,0.0,0,0.0,0,0.0
fair_final_seed7101_final,coarse_hybrid_mw0.75_teleport10,20,100,100,23,0.696801159624689,85,0.9719871615312792,0,0.0,56.88,0,0.0,0,0.0,0,0.0,0,0.0,0,0.0,0,0.0,0,0.0,0,0.0,0,0.0,0,0.0,0,0.0
fair_final_seed7101_final,coarse_hybrid_mw0.75_teleport5,20,50,100,23,0.696801159624689,50,0.8824308599896835,0,0.0,56.88,0,0.0,0,0.0,0,0.0,0,0.0,0,0.0,0,0.0,0,0.0,0,0.0,0,0.0,0,0.0,0,0.0
fair_final_seed7101_final,coarse_hybrid_mw0.75_teleport5,20,75,100,23,0.696801159624689,74,0.9518997864880219,0,0.0,56.88,0,0.0,0,0.0,0,0.0,0,0.0,0,0.0,0,0.0,0,0.0,0,0.0,0,0.0,0,0.0,0,0.0
fair_final_seed7101_final,coarse_hybrid_mw0.75_teleport5,20,100,100,23,0.696801159624689,84,0.9694871615312792,0,0.0,56.88,0,0.0,0,0.0,0,0.0,0,0.0,0,0.0,0,0.0,0,0.0,0,0.0,0,0.0,0,0.0,0,0.0
fair_final_seed7101_final,dual_hybrid_rrf_mw0.25_teleport10,20,50,100,26,0.7208066720860838,52,0.8779701817790052,0,0.0,56.88,0,0.0,0,0.0,0,0.0,0,0.0,0,0.0,0,0.0,0,0.0,0,0.0,0,0.0,0,0.0,0,0.0
fair_final_seed7101_final,dual_hybrid_rrf_mw0.25_teleport10,20,75,100,26,0.7208066720860838,66,0.9301910605734135,0,0.0,56.88,0,0.0,0,0.0,0,0.0,0,0.0,0,0.0,0,0.0,0,0.0,0,0.0,0,0.0,0,0.0,0,0.0
fair_final_seed7101_final,dual_hybrid_rrf_mw0.25_teleport10,20,100,100,26,0.7208066720860838,81,0.9618085901027078,0,0.0,56.88,0,0.0,0,0.0,0,0.0,0,0.0,0,0.0,0,0.0,0,0.0,0,0.0,0,0.0,0,0.0,0,0.0
fair_final_seed7101_final,dual_hybrid_rrf_mw0.25_teleport5,20,50,100,24,0.7102312752606871,52,0.8814109811756871,0,0.0,56.88,0,0.0,0,0.0,0,0.0,0,0.0,0,0.0,0,0.0,0,0.0,0,0.0,0,0.0,0,0.0,0,0.0
fair_final_seed7101_final,dual_hybrid_rrf_mw0.25_teleport5,20,75,100,24,0.7102312752606871,72,0.949873961006314,0,0.0,56.88,0,0.0,0,0.0,0,0.0,0,0.0,0,0.0,0,0.0,0,0.0,0,0.0,0,0.0,0,0.0,0,0.0
fair_final_seed7101_final,dual_hybrid_rrf_mw0.25_teleport5,20,100,100,24,0.7102312752606871,81,0.9619871615312792,0,0.0,56.88,0,0.0,0,0.0,0,0.0,0,0.0,0,0.0,0,0.0,0,0.0,0,0.0,0,0.0,0,0.0,0,0.0
fair_final_seed7101_final,dual_hybrid_rrf_mw0.5_teleport10,20,50,100,26,0.7211528814322932,52,0.8864000101205984,0,0.0,56.88,0,0.0,0,0.0,0,0.0,0,0.0,0,0.0,0,0.0,0,0.0,0,0.0,0,0.0,0,0.0,0,0.0
fair_final_seed7101_final,dual_hybrid_rrf_mw0.5_teleport10,20,75,100,26,0.7211528814322932,71,0.947942715780951,0,0.0,56.88,0,0.0,0,0.0,0,0.0,0,0.0,0,0.0,0,0.0,0,0.0,0,0.0,0,0.0,0,0.0,0,0.0
fair_final_seed7101_final,dual_hybrid_rrf_mw0.5_teleport10,20,100,100,26,0.7211528814322932,81,0.9636538281979459,0,0.0,56.88,0,0.0,0,0.0,0,0.0,0,0.0,0,0.0,0,0.0,0,0.0,0,0.0,0,0.0,0,0.0,0,0.0
fair_final_seed7101_final,dual_hybrid_rrf_mw0.5_teleport5,20,50,100,24,0.715533223312635,52,0.8963120980326863,0,0.0,56.88,0,0.0,0,0.0,0,0.0,0,0.0,0,0.0,0,0.0,0,0.0,0,0.0,0,0.0,0,0.0,0,0.0
fair_final_seed7101_final,dual_hybrid_rrf_mw0.5_teleport5,20,75,100,24,0.715533223312635,73,0.9498637114519468,0,0.0,56.88,0,0.0,0,0.0,0,0.0,0,0.0,0,0.0,0,0.0,0,0.0,0,0.0,0,0.0,0,0.0,0,0.0
fair_final_seed7101_final,dual_hybrid_rrf_mw0.5_teleport5,20,100,100,24,0.715533223312635,82,0.9658204948646124,0,0.0,56.88,0,0.0,0,0.0,0,0.0,0,0.0,0,0.0,0,0.0,0,0.0,0,0.0,0,0.0,0,0.0,0,0.0
fair_final_seed7101_final,dual_hybrid_rrf_mw0.75_teleport10,20,50,100,25,0.714180659210071,50,0.8898484228190111,0,0.0,56.88,0,0.0,0,0.0,0,0.0,0,0.0,0,0.0,0,0.0,0,0.0,0,0.0,0,0.0,0,0.0,0,0.0
fair_final_seed7101_final,dual_hybrid_rrf_mw0.75_teleport10,20,75,100,25,0.714180659210071,71,0.9482357936181465,0,0.0,56.88,0,0.0,0,0.0,0,0.0,0,0.0,0,0.0,0,0.0,0,0.0,0,0.0,0,0.0,0,0.0,0,0.0
fair_final_seed7101_final,dual_hybrid_rrf_mw0.75_teleport10,20,100,100,25,0.714180659210071,83,0.9678204948646125,0,0.0,56.88,0,0.0,0,0.0,0,0.0,0,0.0,0,0.0,0,0.0,0,0.0,0,0.0,0,0.0,0,0.0,0,0.0
fair_final_seed7101_final,dual_hybrid_rrf_mw0.75_teleport5,20,50,100,25,0.7184691207485325,53,0.8932769942475826,0,0.0,56.88,0,0.0,0,0.0,0,0.0,0,0.0,0,0.0,0,0.0,0,0.0,0,0.0,0,0.0,0,0.0,0,0.0
fair_final_seed7101_final,dual_hybrid_rrf_mw0.75_teleport5,20,75,100,25,0.7184691207485325,73,0.9509738888562418,0,0.0,56.88,0,0.0,0,0.0,0,0.0,0,0.0,0,0.0,0,0.0,0,0.0,0,0.0,0,0.0,0,0.0,0,0.0
fair_final_seed7101_final,dual_hybrid_rrf_mw0.75_teleport5,20,100,100,25,0.7184691207485325,83,0.9678204948646125,0,0.0,56.88,0,0.0,0,0.0,0,0.0,0,0.0,0,0.0,0,0.0,0,0.0,0,0.0,0,0.0,0,0.0,0,0.0
fair_final_seed7101_final,fixed,20,20,100,23,0.696801159624689,23,0.696801159624689,0,0.0,56.88,0,0.0,0,0.0,0,0.0,0,0.0,0,0.0,0,0.0,0,0.0,0,0.0,0,0.0,0,0.0,0,0.0
fair_final_seed7101_final,fixed,50,50,100,49,0.8828667574255809,49,0.8828667574255809,0,0.0,56.88,0,0.0,0,0.0,0,0.0,0,0.0,0,0.0,0,0.0,0,0.0,0,0.0,0,0.0,0,0.0,0,0.0
fair_final_seed7101_final,fixed,100,100,100,85,0.9724038281979459,85,0.9724038281979459,0,0.0,56.88,0,0.0,0,0.0,0,0.0,0,0.0,0,0.0,0,0.0,0,0.0,0,0.0,0,0.0,0,0.0,0,0.0
fair_final_seed7101_final,fixed_dual_hybrid_rrf_mw0.25_teleport10,20,50,100,25,0.7187475090269209,52,0.8807086002233061,0,0.0,56.88,0,0.0,0,0.0,0,0.0,0,0.0,0,0.0,0,0.0,0,0.0,0,0.0,0,0.0,0,0.0,0,0.0
fair_final_seed7101_final,fixed_dual_hybrid_rrf_mw0.25_teleport10,20,75,100,25,0.7187475090269209,70,0.946359955404073,0,0.0,56.88,0,0.0,0,0.0,0,0.0,0,0.0,0,0.0,0,0.0,0,0.0,0,0.0,0,0.0,0,0.0,0,0.0
fair_final_seed7101_final,fixed_dual_hybrid_rrf_mw0.25_teleport10,20,100,100,25,0.7187475090269209,82,0.9646538281979459,0,0.0,56.88,0,0.0,0,0.0,0,0.0,0,0.0,0,0.0,0,0.0,0,0.0,0,0.0,0,0.0,0,0.0,0,0.0
fair_final_seed7101_final,fixed_dual_hybrid_rrf_mw0.25_teleport5,20,50,100,24,0.7126802984597103,53,0.8905980996128054,0,0.0,56.88,0,0.0,0,0.0,0,0.0,0,0.0,0,0.0,0,0.0,0,0.0,0,0.0,0,0.0,0,0.0,0,0.0
fair_final_seed7101_final,fixed_dual_hybrid_rrf_mw0.25_teleport5,20,75,100,24,0.7126802984597103,70,0.9452607490548667,0,0.0,56.88,0,0.0,0,0.0,0,0.0,0,0.0,0,0.0,0,0.0,0,0.0,0,0.0,0,0.0,0,0.0,0,0.0
fair_final_seed7101_final,fixed_dual_hybrid_rrf_mw0.25_teleport5,20,100,100,24,0.7126802984597103,82,0.9655823996265173,0,0.0,56.88,0,0.0,0,0.0,0,0.0,0,0.0,0,0.0,0,0.0,0,0.0,0,0.0,0,0.0,0,0.0,0,0.0
fair_final_seed7101_final,fixed_dual_hybrid_rrf_mw0.5_teleport10,20,50,100,25,0.7157475090269207,52,0.8900621355768414,0,0.0,56.88,0,0.0,0,0.0,0,0.0,0,0.0,0,0.0,0,0.0,0,0.0,0,0.0,0,0.0,0,0.0,0,0.0
fair_final_seed7101_final,fixed_dual_hybrid_rrf_mw0.5_teleport10,20,75,100,25,0.7157475090269207,70,0.9464149380031733,0,0.0,56.88,0,0.0,0,0.0,0,0.0,0,0.0,0,0.0,0,0.0,0,0.0,0,0.0,0,0.0,0,0.0,0,0.0
fair_final_seed7101_final,fixed_dual_hybrid_rrf_mw0.5_teleport10,20,100,100,25,0.7157475090269207,82,0.9658204948646124,0,0.0,56.88,0,0.0,0,0.0,0,0.0,0,0.0,0,0.0,0,0.0,0,0.0,0,0.0,0,0.0,0,0.0,0,0.0
fair_final_seed7101_final,fixed_dual_hybrid_rrf_mw0.5_teleport5,20,50,100,23,0.7123586201380319,53,0.8959956089661972,0,0.0,56.88,0,0.0,0,0.0,0,0.0,0,0.0,0,0.0,0,0.0,0,0.0,0,0.0,0,0.0,0,0.0,0,0.0
fair_final_seed7101_final,fixed_dual_hybrid_rrf_mw0.5_teleport5,20,75,100,23,0.7123586201380319,71,0.9493240289122642,0,0.0,56.88,0,0.0,0,0.0,0,0.0,0,0.0,0,0.0,0,0.0,0,0.0,0,0.0,0,0.0,0,0.0,0,0.0
fair_final_seed7101_final,fixed_dual_hybrid_rrf_mw0.5_teleport5,20,100,100,23,0.7123586201380319,83,0.9678204948646125,0,0.0,56.88,0,0.0,0,0.0,0,0.0,0,0.0,0,0.0,0,0.0,0,0.0,0,0.0,0,0.0,0,0.0,0,0.0
fair_final_seed7101_final,fixed_dual_hybrid_rrf_mw0.75_teleport10,20,50,100,24,0.7085497068291186,50,0.8886341371047253,0,0.0,56.88,0,0.0,0,0.0,0,0.0,0,0.0,0,0.0,0,0.0,0,0.0,0,0.0,0,0.0,0,0.0,0,0.0
fair_final_seed7101_final,fixed_dual_hybrid_rrf_mw0.75_teleport10,20,75,100,24,0.7085497068291186,72,0.9491448845272374,0,0.0,56.88,0,0.0,0,0.0,0,0.0,0,0.0,0,0.0,0,0.0,0,0.0,0,0.0,0,0.0,0,0.0,0,0.0
fair_final_seed7101_final,fixed_dual_hybrid_rrf_mw0.75_teleport10,20,100,100,24,0.7085497068291186,83,0.9678204948646125,0,0.0,56.88,0,0.0,0,0.0,0,0.0,0,0.0,0,0.0,0,0.0,0,0.0,0,0.0,0,0.0,0,0.0,0,0.0
fair_final_seed7101_final,fixed_dual_hybrid_rrf_mw0.75_teleport5,20,50,100,23,0.7073189375983493,50,0.8896341371047254,0,0.0,56.88,0,0.0,0,0.0,0,0.0,0,0.0,0,0.0,0,0.0,0,0.0,0,0.0,0,0.0,0,0.0,0,0.0
fair_final_seed7101_final,fixed_dual_hybrid_rrf_mw0.75_teleport5,20,75,100,23,0.7073189375983493,73,0.9508115511939041,0,0.0,56.88,0,0.0,0,0.0,0,0.0,0,0.0,0,0.0,0,0.0,0,0.0,0,0.0,0,0.0,0,0.0,0,0.0
fair_final_seed7101_final,fixed_dual_hybrid_rrf_mw0.75_teleport5,20,100,100,23,0.7073189375983493,83,0.9678204948646125,0,0.0,56.88,0,0.0,0,0.0,0,0.0,0,0.0,0,0.0,0,0.0,0,0.0,0,0.0,0,0.0,0,0.0,0,0.0
fair_final_seed7101_final,global_fine_rrf_fixed,20,20,100,26,0.7154665481577246,26,0.7154665481577246,0,0.0,56.88,0,0.0,0,0.0,0,0.0,0,0.0,0,0.0,0,0.0,0,0.0,0,0.0,0,0.0,0,0.0,0,0.0
fair_final_seed7101_final,global_fine_rrf_fixed,50,50,100,46,0.88157944180003,46,0.88157944180003,0,0.0,56.88,0,0.0,0,0.0,0,0.0,0,0.0,0,0.0,0,0.0,0,0.0,0,0.0,0,0.0,0,0.0,0,0.0
fair_final_seed7101_final,global_fine_rrf_fixed,100,100,100,85,0.9723204948646125,85,0.9723204948646125,0,0.0,56.88,0,0.0,0,0.0,0,0.0,0,0.0,0,0.0,0,0.0,0,0.0,0,0.0,0,0.0,0,0.0,0,0.0
fair_final_seed7101_final,global_fine_rrf_hybrid_mw0.25_teleport10,20,50,100,26,0.7154665481577246,51,0.8824735019882078,0,0.0,56.88,0,0.0,0,0.0,0,0.0,0,0.0,0,0.0,0,0.0,0,0.0,0,0.0,0,0.0,0,0.0,0,0.0
fair_final_seed7101_final,global_fine_rrf_hybrid_mw0.25_teleport10,20,75,100,26,0.7154665481577246,66,0.9345243939067468,0,0.0,56.88,0,0.0,0,0.0,0,0.0,0,0.0,0,0.0,0,0.0,0,0.0,0,0.0,0,0.0,0,0.0,0,0.0
fair_final_seed7101_final,global_fine_rrf_hybrid_mw0.25_teleport10,20,100,100,26,0.7154665481577246,82,0.9628085901027077,0,0.0,56.88,0,0.0,0,0.0,0,0.0,0,0.0,0,0.0,0,0.0,0,0.0,0,0.0,0,0.0,0,0.0,0,0.0
fair_final_seed7101_final,global_fine_rrf_hybrid_mw0.25_teleport5,20,50,100,26,0.7154665481577246,51,0.8863603275809159,0,0.0,56.88,0,0.0,0,0.0,0,0.0,0,0.0,0,0.0,0,0.0,0,0.0,0,0.0,0,0.0,0,0.0,0,0.0
fair_final_seed7101_final,global_fine_rrf_hybrid_mw0.25_teleport5,20,75,100,26,0.7154665481577246,71,0.9483637114519468,0,0.0,56.88,0,0.0,0,0.0,0,0.0,0,0.0,0,0.0,0,0.0,0,0.0,0,0.0,0,0.0,0,0.0,0,0.0
fair_final_seed7101_final,global_fine_rrf_hybrid_mw0.25_teleport5,20,100,100,26,0.7154665481577246,81,0.9619871615312792,0,0.0,56.88,0,0.0,0,0.0,0,0.0,0,0.0,0,0.0,0,0.0,0,0.0,0,0.0,0,0.0,0,0.0,0,0.0
fair_final_seed7101_final,global_fine_rrf_hybrid_mw0.5_teleport10,20,50,100,26,0.7154665481577246,50,0.890514839735428,0,0.0,56.88,0,0.0,0,0.0,0,0.0,0,0.0,0,0.0,0,0.0,0,0.0,0,0.0,0,0.0,0,0.0,0,0.0
fair_final_seed7101_final,global_fine_rrf_hybrid_mw0.5_teleport10,20,75,100,26,0.7154665481577246,69,0.9478669582051935,0,0.0,56.88,0,0.0,0,0.0,0,0.0,0,0.0,0,0.0,0,0.0,0,0.0,0,0.0,0,0.0,0,0.0,0,0.0
fair_final_seed7101_final,global_fine_rrf_hybrid_mw0.5_teleport10,20,100,100,26,0.7154665481577246,81,0.9636538281979459,0,0.0,56.88,0,0.0,0,0.0,0,0.0,0,0.0,0,0.0,0,0.0,0,0.0,0,0.0,0,0.0,0,0.0,0,0.0
fair_final_seed7101_final,global_fine_rrf_hybrid_mw0.5_teleport5,20,50,100,26,0.7154665481577246,51,0.8961021413227296,0,0.0,56.88,0,0.0,0,0.0,0,0.0,0,0.0,0,0.0,0,0.0,0,0.0,0,0.0,0,0.0,0,0.0,0,0.0
fair_final_seed7101_final,global_fine_rrf_hybrid_mw0.5_teleport5,20,75,100,26,0.7154665481577246,71,0.9496163852487381,0,0.0,56.88,0,0.0,0,0.0,0,0.0,0,0.0,0,0.0,0,0.0,0,0.0,0,0.0,0,0.0,0,0.0,0,0.0
fair_final_seed7101_final,global_fine_rrf_hybrid_mw0.5_teleport5,20,100,100,26,0.7154665481577246,84,0.9703204948646125,0,0.0,56.88,0,0.0,0,0.0,0,0.0,0,0.0,0,0.0,0,0.0,0,0.0,0,0.0,0,0.0,0,0.0,0,0.0
fair_final_seed7101_final,global_fine_rrf_hybrid_mw0.75_teleport10,20,50,100,26,0.7154665481577246,49,0.8844240693946577,0,0.0,56.88,0,0.0,0,0.0,0,0.0,0,0.0,0,0.0,0,0.0,0,0.0,0,0.0,0,0.0,0,0.0,0,0.0
fair_final_seed7101_final,global_fine_rrf_hybrid_mw0.75_teleport10,20,75,100,26,0.7154665481577246,69,0.9413663852487382,0,0.0,56.88,0,0.0,0,0.0,0,0.0,0,0.0,0,0.0,0,0.0,0,0.0,0,0.0,0,0.0,0,0.0,0,0.0
fair_final_seed7101_final,global_fine_rrf_hybrid_mw0.75_teleport10,20,100,100,26,0.7154665481577246,84,0.9694871615312792,0,0.0,56.88,0,0.0,0,0.0,0,0.0,0,0.0,0,0.0,0,0.0,0,0.0,0,0.0,0,0.0,0,0.0,0,0.0
fair_final_seed7101_final,global_fine_rrf_hybrid_mw0.75_teleport5,20,50,100,26,0.7154665481577246,50,0.887257402727991,0,0.0,56.88,0,0.0,0,0.0,0,0.0,0,0.0,0,0.0,0,0.0,0,0.0,0,0.0,0,0.0,0,0.0,0,0.0
fair_final_seed7101_final,global_fine_rrf_hybrid_mw0.75_teleport5,20,75,100,26,0.7154665481577246,70,0.942175909058262,0,0.0,56.88,0,0.0,0,0.0,0,0.0,0,0.0,0,0.0,0,0.0,0,0.0,0,0.0,0,0.0,0,0.0,0,0.0
fair_final_seed7101_final,global_fine_rrf_hybrid_mw0.75_teleport5,20,100,100,26,0.7154665481577246,84,0.9694871615312792,0,0.0,56.88,0,0.0,0,0.0,0,0.0,0,0.0,0,0.0,0,0.0,0,0.0,0,0.0,0,0.0,0,0.0,0,0.0
fair_final_seed7102_best,coarse_hybrid_mw0.25_teleport10,20,50,100,24,0.7155442955737074,52,0.8890731066319302,0,0.0,55.69,0,0.0,0,0.0,0,0.0,0,0.0,0,0.0,0,0.0,0,0.0,0,0.0,0,0.0,0,0.0,0,0.0
fair_final_seed7102_best,coarse_hybrid_mw0.25_teleport10,20,75,100,24,0.7155442955737074,65,0.9282836248718601,0,0.0,55.69,0,0.0,0,0.0,0,0.0,0,0.0,0,0.0,0,0.0,0,0.0,0,0.0,0,0.0,0,0.0,0,0.0
fair_final_seed7102_best,coarse_hybrid_mw0.25_teleport10,20,100,100,24,0.7155442955737074,81,0.9584038281979459,0,0.0,55.69,0,0.0,0,0.0,0,0.0,0,0.0,0,0.0,0,0.0,0,0.0,0,0.0,0,0.0,0,0.0,0,0.0
fair_final_seed7102_best,coarse_hybrid_mw0.25_teleport5,20,50,100,24,0.7155442955737074,52,0.8938710488857547,0,0.0,55.69,0,0.0,0,0.0,0,0.0,0,0.0,0,0.0,0,0.0,0,0.0,0,0.0,0,0.0,0,0.0,0,0.0
fair_final_seed7102_best,coarse_hybrid_mw0.25_teleport5,20,75,100,24,0.7155442955737074,71,0.9442879538761892,0,0.0,55.69,0,0.0,0,0.0,0,0.0,0,0.0,0,0.0,0,0.0,0,0.0,0,0.0,0,0.0,0,0.0,0,0.0
fair_final_seed7102_best,coarse_hybrid_mw0.25_teleport5,20,100,100,24,0.7155442955737074,83,0.9649990662931839,0,0.0,55.69,0,0.0,0,0.0,0,0.0,0,0.0,0,0.0,0,0.0,0,0.0,0,0.0,0,0.0,0,0.0,0,0.0
fair_final_seed7102_best,coarse_hybrid_mw0.5_teleport10,20,50,100,24,0.7155442955737074,49,0.883915597474421,0,0.0,55.69,0,0.0,0,0.0,0,0.0,0,0.0,0,0.0,0,0.0,0,0.0,0,0.0,0,0.0,0,0.0,0,0.0
fair_final_seed7102_best,coarse_hybrid_mw0.5_teleport10,20,75,100,24,0.7155442955737074,69,0.9381071542836249,0,0.0,55.69,0,0.0,0,0.0,0,0.0,0,0.0,0,0.0,0,0.0,0,0.0,0,0.0,0,0.0,0,0.0,0,0.0
fair_final_seed7102_best,coarse_hybrid_mw0.5_teleport10,20,100,100,24,0.7155442955737074,84,0.9671657329598505,0,0.0,55.69,0,0.0,0,0.0,0,0.0,0,0.0,0,0.0,0,0.0,0,0.0,0,0.0,0,0.0,0,0.0,0,0.0
fair_final_seed7102_best,coarse_hybrid_mw0.5_teleport5,20,50,100,24,0.7155442955737074,54,0.8908441689029923,0,0.0,55.69,0,0.0,0,0.0,0,0.0,0,0.0,0,0.0,0,0.0,0,0.0,0,0.0,0,0.0,0,0.0,0,0.0
fair_final_seed7102_best,coarse_hybrid_mw0.5_teleport5,20,75,100,24,0.7155442955737074,70,0.9445357257121962,0,0.0,55.69,0,0.0,0,0.0,0,0.0,0,0.0,0,0.0,0,0.0,0,0.0,0,0.0,0,0.0,0,0.0,0,0.0
fair_final_seed7102_best,coarse_hybrid_mw0.5_teleport5,20,100,100,24,0.7155442955737074,85,0.9694990662931839,0,0.0,55.69,0,0.0,0,0.0,0,0.0,0,0.0,0,0.0,0,0.0,0,0.0,0,0.0,0,0.0,0,0.0,0,0.0
fair_final_seed7102_best,coarse_hybrid_mw0.75_teleport10,20,50,100,24,0.7155442955737074,53,0.8932663855752091,0,0.0,55.69,0,0.0,0,0.0,0,0.0,0,0.0,0,0.0,0,0.0,0,0.0,0,0.0,0,0.0,0,0.0,0,0.0
fair_final_seed7102_best,coarse_hybrid_mw0.75_teleport10,20,75,100,24,0.7155442955737074,71,0.9420238209502915,0,0.0,55.69,0,0.0,0,0.0,0,0.0,0,0.0,0,0.0,0,0.0,0,0.0,0,0.0,0,0.0,0,0.0,0,0.0
fair_final_seed7102_best,coarse_hybrid_mw0.75_teleport10,20,100,100,24,0.7155442955737074,86,0.9730704948646125,0,0.0,55.69,0,0.0,0,0.0,0,0.0,0,0.0,0,0.0,0,0.0,0,0.0,0,0.0,0,0.0,0,0.0,0,0.0
fair_final_seed7102_best,coarse_hybrid_mw0.75_teleport5,20,50,100,24,0.7155442955737074,52,0.8921552744640979,0,0.0,55.69,0,0.0,0,0.0,0,0.0,0,0.0,0,0.0,0,0.0,0,0.0,0,0.0,0,0.0,0,0.0,0,0.0
fair_final_seed7102_best,coarse_hybrid_mw0.75_teleport5,20,75,100,24,0.7155442955737074,71,0.940357154283625,0,0.0,55.69,0,0.0,0,0.0,0,0.0,0,0.0,0,0.0,0,0.0,0,0.0,0,0.0,0,0.0,0,0.0,0,0.0
fair_final_seed7102_best,coarse_hybrid_mw0.75_teleport5,20,100,100,24,0.7155442955737074,86,0.9730704948646125,0,0.0,55.69,0,0.0,0,0.0,0,0.0,0,0.0,0,0.0,0,0.0,0,0.0,0,0.0,0,0.0,0,0.0,0,0.0
fair_final_seed7102_best,dual_hybrid_rrf_mw0.25_teleport10,20,50,100,27,0.7164777314189079,53,0.8889463347110406,0,0.0,55.69,0,0.0,0,0.0,0,0.0,0,0.0,0,0.0,0,0.0,0,0.0,0,0.0,0,0.0,0,0.0,0,0.0
fair_final_seed7102_best,dual_hybrid_rrf_mw0.25_teleport10,20,75,100,27,0.7164777314189079,68,0.9347836248718602,0,0.0,55.69,0,0.0,0,0.0,0,0.0,0,0.0,0,0.0,0,0.0,0,0.0,0,0.0,0,0.0,0,0.0,0,0.0
fair_final_seed7102_best,dual_hybrid_rrf_mw0.25_teleport10,20,100,100,27,0.7164777314189079,83,0.9644233087174264,0,0.0,55.69,0,0.0,0,0.0,0,0.0,0,0.0,0,0.0,0,0.0,0,0.0,0,0.0,0,0.0,0,0.0,0,0.0
fair_final_seed7102_best,dual_hybrid_rrf_mw0.25_teleport5,20,50,100,27,0.718580295521472,53,0.8895059695206754,0,0.0,55.69,0,0.0,0,0.0,0,0.0,0,0.0,0,0.0,0,0.0,0,0.0,0,0.0,0,0.0,0,0.0,0,0.0
fair_final_seed7102_best,dual_hybrid_rrf_mw0.25_teleport5,20,75,100,27,0.718580295521472,73,0.9507879538761891,0,0.0,55.69,0,0.0,0,0.0,0,0.0,0,0.0,0,0.0,0,0.0,0,0.0,0,0.0,0,0.0,0,0.0,0,0.0
fair_final_seed7102_best,dual_hybrid_rrf_mw0.25_teleport5,20,100,100,27,0.718580295521472,84,0.9674990662931839,0,0.0,55.69,0,0.0,0,0.0,0,0.0,0,0.0,0,0.0,0,0.0,0,0.0,0,0.0,0,0.0,0,0.0,0,0.0
fair_final_seed7102_best,dual_hybrid_rrf_mw0.5_teleport10,20,50,100,27,0.7177787082198848,52,0.8901719522307758,0,0.0,55.69,0,0.0,0,0.0,0,0.0,0,0.0,0,0.0,0,0.0,0,0.0,0,0.0,0,0.0,0,0.0,0,0.0
fair_final_seed7102_best,dual_hybrid_rrf_mw0.5_teleport10,20,75,100,27,0.7177787082198848,69,0.9447148700972231,0,0.0,55.69,0,0.0,0,0.0,0,0.0,0,0.0,0,0.0,0,0.0,0,0.0,0,0.0,0,0.0,0,0.0,0,0.0
fair_final_seed7102_best,dual_hybrid_rrf_mw0.5_teleport10,20,100,100,27,0.7177787082198848,83,0.9682566420507597,0,0.0,55.69,0,0.0,0,0.0,0,0.0,0,0.0,0,0.0,0,0.0,0,0.0,0,0.0,0,0.0,0,0.0,0,0.0
fair_final_seed7102_best,dual_hybrid_rrf_mw0.5_teleport5,20,50,100,27,0.7174215653627418,54,0.8935422943070002,0,0.0,55.69,0,0.0,0,0.0,0,0.0,0,0.0,0,0.0,0,0.0,0,0.0,0,0.0,0,0.0,0,0.0,0,0.0
fair_final_seed7102_best,dual_hybrid_rrf_mw0.5_teleport5,20,75,100,27,0.7174215653627418,70,0.9483815367638897,0,0.0,55.69,0,0.0,0,0.0,0,0.0,0,0.0,0,0.0,0,0.0,0,0.0,0,0.0,0,0.0,0,0.0,0,0.0
fair_final_seed7102_best,dual_hybrid_rrf_mw0.5_teleport5,20,100,100,27,0.7174215653627418,85,0.9711657329598506,0,0.0,55.69,0,0.0,0,0.0,0,0.0,0,0.0,0,0.0,0,0.0,0,0.0,0,0.0,0,0.0,0,0.0,0,0.0
fair_final_seed7102_best,dual_hybrid_rrf_mw0.75_teleport10,20,50,100,27,0.7188968221321163,53,0.9005801633007515,0,0.0,55.69,0,0.0,0,0.0,0,0.0,0,0.0,0,0.0,0,0.0,0,0.0,0,0.0,0,0.0,0,0.0,0,0.0
fair_final_seed7102_best,dual_hybrid_rrf_mw0.75_teleport10,20,75,100,27,0.7188968221321163,71,0.9416001514825044,0,0.0,55.69,0,0.0,0,0.0,0,0.0,0,0.0,0,0.0,0,0.0,0,0.0,0,0.0,0,0.0,0,0.0,0,0.0
fair_final_seed7102_best,dual_hybrid_rrf_mw0.75_teleport10,20,100,100,27,0.7188968221321163,86,0.9730704948646125,0,0.0,55.69,0,0.0,0,0.0,0,0.0,0,0.0,0,0.0,0,0.0,0,0.0,0,0.0,0,0.0,0,0.0,0,0.0
fair_final_seed7102_best,dual_hybrid_rrf_mw0.75_teleport5,20,50,100,27,0.7167857110210052,53,0.9001833379039261,0,0.0,55.69,0,0.0,0,0.0,0,0.0,0,0.0,0,0.0,0,0.0,0,0.0,0,0.0,0,0.0,0,0.0,0,0.0
fair_final_seed7102_best,dual_hybrid_rrf_mw0.75_teleport5,20,75,100,27,0.7167857110210052,71,0.9416001514825044,0,0.0,55.69,0,0.0,0,0.0,0,0.0,0,0.0,0,0.0,0,0.0,0,0.0,0,0.0,0,0.0,0,0.0,0,0.0
fair_final_seed7102_best,dual_hybrid_rrf_mw0.75_teleport5,20,100,100,27,0.7167857110210052,86,0.9730704948646125,0,0.0,55.69,0,0.0,0,0.0,0,0.0,0,0.0,0,0.0,0,0.0,0,0.0,0,0.0,0,0.0,0,0.0,0,0.0
fair_final_seed7102_best,fixed,20,20,100,24,0.7155442955737074,24,0.7155442955737074,0,0.0,55.69,0,0.0,0,0.0,0,0.0,0,0.0,0,0.0,0,0.0,0,0.0,0,0.0,0,0.0,0,0.0,0,0.0
fair_final_seed7102_best,fixed,50,50,100,52,0.8904128502216737,52,0.8904128502216737,0,0.0,55.69,0,0.0,0,0.0,0,0.0,0,0.0,0,0.0,0,0.0,0,0.0,0,0.0,0,0.0,0,0.0,0,0.0
fair_final_seed7102_best,fixed,100,100,100,87,0.9769871615312792,87,0.9769871615312792,0,0.0,55.69,0,0.0,0,0.0,0,0.0,0,0.0,0,0.0,0,0.0,0,0.0,0,0.0,0,0.0,0,0.0,0,0.0
fair_final_seed7102_best,fixed_dual_hybrid_rrf_mw0.25_teleport10,20,50,100,27,0.72504761578291,53,0.8932565800212859,0,0.0,55.69,0,0.0,0,0.0,0,0.0,0,0.0,0,0.0,0,0.0,0,0.0,0,0.0,0,0.0,0,0.0,0,0.0
fair_final_seed7102_best,fixed_dual_hybrid_rrf_mw0.25_teleport10,20,75,100,27,0.72504761578291,72,0.9471997185820714,0,0.0,55.69,0,0.0,0,0.0,0,0.0,0,0.0,0,0.0,0,0.0,0,0.0,0,0.0,0,0.0,0,0.0,0,0.0
fair_final_seed7102_best,fixed_dual_hybrid_rrf_mw0.25_teleport10,20,100,100,27,0.72504761578291,85,0.9699990662931839,0,0.0,55.69,0,0.0,0,0.0,0,0.0,0,0.0,0,0.0,0,0.0,0,0.0,0,0.0,0,0.0,0,0.0,0,0.0
fair_final_seed7102_best,fixed_dual_hybrid_rrf_mw0.25_teleport5,20,50,100,27,0.7274295018706783,55,0.8951540159187218,0,0.0,55.69,0,0.0,0,0.0,0,0.0,0,0.0,0,0.0,0,0.0,0,0.0,0,0.0,0,0.0,0,0.0,0,0.0
fair_final_seed7102_best,fixed_dual_hybrid_rrf_mw0.25_teleport5,20,75,100,27,0.7274295018706783,74,0.9524616233439762,0,0.0,55.69,0,0.0,0,0.0,0,0.0,0,0.0,0,0.0,0,0.0,0,0.0,0,0.0,0,0.0,0,0.0,0,0.0
fair_final_seed7102_best,fixed_dual_hybrid_rrf_mw0.25_teleport5,20,100,100,27,0.7274295018706783,85,0.9694990662931839,0,0.0,55.69,0,0.0,0,0.0,0,0.0,0,0.0,0,0.0,0,0.0,0,0.0,0,0.0,0,0.0,0,0.0,0,0.0
fair_final_seed7102_best,fixed_dual_hybrid_rrf_mw0.5_teleport10,20,50,100,27,0.7254444411797353,53,0.8905419711007946,0,0.0,55.69,0,0.0,0,0.0,0,0.0,0,0.0,0,0.0,0,0.0,0,0.0,0,0.0,0,0.0,0,0.0,0,0.0
fair_final_seed7102_best,fixed_dual_hybrid_rrf_mw0.5_teleport10,20,75,100,27,0.7254444411797353,71,0.9452906276729806,0,0.0,55.69,0,0.0,0,0.0,0,0.0,0,0.0,0,0.0,0,0.0,0,0.0,0,0.0,0,0.0,0,0.0,0,0.0
fair_final_seed7102_best,fixed_dual_hybrid_rrf_mw0.5_teleport10,20,100,100,27,0.7254444411797353,84,0.9674990662931839,0,0.0,55.69,0,0.0,0,0.0,0,0.0,0,0.0,0,0.0,0,0.0,0,0.0,0,0.0,0,0.0,0,0.0,0,0.0
fair_final_seed7102_best,fixed_dual_hybrid_rrf_mw0.5_teleport5,20,50,100,27,0.7254444411797353,53,0.8942562568150804,0,0.0,55.69,0,0.0,0,0.0,0,0.0,0,0.0,0,0.0,0,0.0,0,0.0,0,0.0,0,0.0,0,0.0,0,0.0
fair_final_seed7102_best,fixed_dual_hybrid_rrf_mw0.5_teleport5,20,75,100,27,0.7254444411797353,71,0.9452906276729806,0,0.0,55.69,0,0.0,0,0.0,0,0.0,0,0.0,0,0.0,0,0.0,0,0.0,0,0.0,0,0.0,0,0.0,0,0.0
fair_final_seed7102_best,fixed_dual_hybrid_rrf_mw0.5_teleport5,20,100,100,27,0.7254444411797353,86,0.9711657329598506,0,0.0,55.69,0,0.0,0,0.0,0,0.0,0,0.0,0,0.0,0,0.0,0,0.0,0,0.0,0,0.0,0,0.0,0,0.0
fair_final_seed7102_best,fixed_dual_hybrid_rrf_mw0.75_teleport10,20,50,100,27,0.7259673169967287,53,0.8992435097582157,0,0.0,55.69,0,0.0,0,0.0,0,0.0,0,0.0,0,0.0,0,0.0,0,0.0,0,0.0,0,0.0,0,0.0,0,0.0
fair_final_seed7102_best,fixed_dual_hybrid_rrf_mw0.75_teleport10,20,75,100,27,0.7259673169967287,71,0.9399334848158378,0,0.0,55.69,0,0.0,0,0.0,0,0.0,0,0.0,0,0.0,0,0.0,0,0.0,0,0.0,0,0.0,0,0.0,0,0.0
fair_final_seed7102_best,fixed_dual_hybrid_rrf_mw0.75_teleport10,20,100,100,27,0.7259673169967287,86,0.9743204948646125,0,0.0,55.69,0,0.0,0,0.0,0,0.0,0,0.0,0,0.0,0,0.0,0,0.0,0,0.0,0,0.0,0,0.0,0,0.0
fair_final_seed7102_best,fixed_dual_hybrid_rrf_mw0.75_teleport5,20,50,100,27,0.7265555522908465,53,0.8992435097582157,0,0.0,55.69,0,0.0,0,0.0,0,0.0,0,0.0,0,0.0,0,0.0,0,0.0,0,0.0,0,0.0,0,0.0,0,0.0
fair_final_seed7102_best,fixed_dual_hybrid_rrf_mw0.75_teleport5,20,75,100,27,0.7265555522908465,71,0.9399334848158378,0,0.0,55.69,0,0.0,0,0.0,0,0.0,0,0.0,0,0.0,0,0.0,0,0.0,0,0.0,0,0.0,0,0.0,0,0.0
fair_final_seed7102_best,fixed_dual_hybrid_rrf_mw0.75_teleport5,20,100,100,27,0.7265555522908465,86,0.9743204948646125,0,0.0,55.69,0,0.0,0,0.0,0,0.0,0,0.0,0,0.0,0,0.0,0,0.0,0,0.0,0,0.0,0,0.0,0,0.0
fair_final_seed7102_best,global_fine_rrf_fixed,20,20,100,25,0.6968969608822551,25,0.6968969608822551,0,0.0,55.69,0,0.0,0,0.0,0,0.0,0,0.0,0,0.0,0,0.0,0,0.0,0,0.0,0,0.0,0,0.0,0,0.0
fair_final_seed7102_best,global_fine_rrf_fixed,50,50,100,50,0.8924484894190776,50,0.8924484894190776,0,0.0,55.69,0,0.0,0,0.0,0,0.0,0,0.0,0,0.0,0,0.0,0,0.0,0,0.0,0,0.0,0,0.0,0,0.0
fair_final_seed7102_best,global_fine_rrf_fixed,100,100,100,84,0.9688919234360411,84,0.9688919234360411,0,0.0,55.69,0,0.0,0,0.0,0,0.0,0,0.0,0,0.0,0,0.0,0,0.0,0,0.0,0,0.0,0,0.0,0,0.0
fair_final_seed7102_best,global_fine_rrf_hybrid_mw0.25_teleport10,20,50,100,25,0.6968969608822551,52,0.8851685569332628,0,0.0,55.69,0,0.0,0,0.0,0,0.0,0,0.0,0,0.0,0,0.0,0,0.0,0,0.0,0,0.0,0,0.0,0,0.0
fair_final_seed7102_best,global_fine_rrf_hybrid_mw0.25_teleport10,20,75,100,25,0.6968969608822551,68,0.9372386796210326,0,0.0,55.69,0,0.0,0,0.0,0,0.0,0,0.0,0,0.0,0,0.0,0,0.0,0,0.0,0,0.0,0,0.0,0,0.0
fair_final_seed7102_best,global_fine_rrf_hybrid_mw0.25_teleport10,20,100,100,25,0.6968969608822551,84,0.9674233087174264,0,0.0,55.69,0,0.0,0,0.0,0,0.0,0,0.0,0,0.0,0,0.0,0,0.0,0,0.0,0,0.0,0,0.0,0,0.0
fair_final_seed7102_best,global_fine_rrf_hybrid_mw0.25_teleport5,20,50,100,25,0.6968969608822551,52,0.886703337512161,0,0.0,55.69,0,0.0,0,0.0,0,0.0,0,0.0,0,0.0,0,0.0,0,0.0,0,0.0,0,0.0,0,0.0,0,0.0
fair_final_seed7102_best,global_fine_rrf_hybrid_mw0.25_teleport5,20,75,100,25,0.6968969608822551,74,0.9522949566773096,0,0.0,55.69,0,0.0,0,0.0,0,0.0,0,0.0,0,0.0,0,0.0,0,0.0,0,0.0,0,0.0,0,0.0,0,0.0
fair_final_seed7102_best,global_fine_rrf_hybrid_mw0.25_teleport5,20,100,100,25,0.6968969608822551,83,0.9682566420507597,0,0.0,55.69,0,0.0,0,0.0,0,0.0,0,0.0,0,0.0,0,0.0,0,0.0,0,0.0,0,0.0,0,0.0,0,0.0
fair_final_seed7102_best,global_fine_rrf_hybrid_mw0.5_teleport10,20,50,100,25,0.6968969608822551,51,0.8928990764137823,0,0.0,55.69,0,0.0,0,0.0,0,0.0,0,0.0,0,0.0,0,0.0,0,0.0,0,0.0,0,0.0,0,0.0,0,0.0
fair_final_seed7102_best,global_fine_rrf_hybrid_mw0.5_teleport10,20,75,100,25,0.6968969608822551,68,0.9397906276729806,0,0.0,55.69,0,0.0,0,0.0,0,0.0,0,0.0,0,0.0,0,0.0,0,0.0,0,0.0,0,0.0,0,0.0,0,0.0
fair_final_seed7102_best,global_fine_rrf_hybrid_mw0.5_teleport10,20,100,100,25,0.6968969608822551,83,0.9674233087174264,0,0.0,55.69,0,0.0,0,0.0,0,0.0,0,0.0,0,0.0,0,0.0,0,0.0,0,0.0,0,0.0,0,0.0,0,0.0
fair_final_seed7102_best,global_fine_rrf_hybrid_mw0.5_teleport5,20,50,100,25,0.6968969608822551,52,0.8980339970487029,0,0.0,55.69,0,0.0,0,0.0,0,0.0,0,0.0,0,0.0,0,0.0,0,0.0,0,0.0,0,0.0,0,0.0,0,0.0
fair_final_seed7102_best,global_fine_rrf_hybrid_mw0.5_teleport5,20,75,100,25,0.6968969608822551,70,0.9442906276729807,0,0.0,55.69,0,0.0,0,0.0,0,0.0,0,0.0,0,0.0,0,0.0,0,0.0,0,0.0,0,0.0,0,0.0,0,0.0
fair_final_seed7102_best,global_fine_rrf_hybrid_mw0.5_teleport5,20,100,100,25,0.6968969608822551,84,0.9694233087174264,0,0.0,55.69,0,0.0,0,0.0,0,0.0,0,0.0,0,0.0,0,0.0,0,0.0,0,0.0,0,0.0,0,0.0,0,0.0
fair_final_seed7102_best,global_fine_rrf_hybrid_mw0.75_teleport10,20,50,100,25,0.6968969608822551,52,0.8981002543208426,0,0.0,55.69,0,0.0,0,0.0,0,0.0,0,0.0,0,0.0,0,0.0,0,0.0,0,0.0,0,0.0,0,0.0,0,0.0
fair_final_seed7102_best,global_fine_rrf_hybrid_mw0.75_teleport10,20,75,100,25,0.6968969608822551,70,0.9402668181491711,0,0.0,55.69,0,0.0,0,0.0,0,0.0,0,0.0,0,0.0,0,0.0,0,0.0,0,0.0,0,0.0,0,0.0,0,0.0
fair_final_seed7102_best,global_fine_rrf_hybrid_mw0.75_teleport10,20,100,100,25,0.6968969608822551,85,0.9728204948646124,0,0.0,55.69,0,0.0,0,0.0,0,0.0,0,0.0,0,0.0,0,0.0,0,0.0,0,0.0,0,0.0,0,0.0,0,0.0
fair_final_seed7102_best,global_fine_rrf_hybrid_mw0.75_teleport5,20,50,100,25,0.6968969608822551,52,0.8990093452299335,0,0.0,55.69,0,0.0,0,0.0,0,0.0,0,0.0,0,0.0,0,0.0,0,0.0,0,0.0,0,0.0,0,0.0,0,0.0
fair_final_seed7102_best,global_fine_rrf_hybrid_mw0.75_teleport5,20,75,100,25,0.6968969608822551,70,0.9406001514825044,0,0.0,55.69,0,0.0,0,0.0,0,0.0,0,0.0,0,0.0,0,0.0,0,0.0,0,0.0,0,0.0,0,0.0,0,0.0
fair_final_seed7102_best,global_fine_rrf_hybrid_mw0.75_teleport5,20,100,100,25,0.6968969608822551,85,0.9728204948646124,0,0.0,55.69,0,0.0,0,0.0,0,0.0,0,0.0,0,0.0,0,0.0,0,0.0,0,0.0,0,0.0,0,0.0,0,0.0
fair_final_seed7102_final,coarse_hybrid_mw0.25_teleport10,20,50,100,25,0.7096349549143668,50,0.8839378252466488,0,0.0,55.98,0,0.0,0,0.0,0,0.0,0,0.0,0,0.0,0,0.0,0,0.0,0,0.0,0,0.0,0,0.0,0,0.0
fair_final_seed7102_final,coarse_hybrid_mw0.25_teleport10,20,75,100,25,0.7096349549143668,66,0.9307121963004316,0,0.0,55.98,0,0.0,0,0.0,0,0.0,0,0.0,0,0.0,0,0.0,0,0.0,0,0.0,0,0.0,0,0.0,0,0.0
fair_final_seed7102_final,coarse_hybrid_mw0.25_teleport10,20,100,100,25,0.7096349549143668,78,0.9549233087174264,0,0.0,55.98,0,0.0,0,0.0,0,0.0,0,0.0,0,0.0,0,0.0,0,0.0,0,0.0,0,0.0,0,0.0,0,0.0
fair_final_seed7102_final,coarse_hybrid_mw0.25_teleport5,20,50,100,25,0.7096349549143668,50,0.8855016780605015,0,0.0,55.98,0,0.0,0,0.0,0,0.0,0,0.0,0,0.0,0,0.0,0,0.0,0,0.0,0,0.0,0,0.0,0,0.0
fair_final_seed7102_final,coarse_hybrid_mw0.25_teleport5,20,75,100,25,0.7096349549143668,68,0.9392906276729807,0,0.0,55.98,0,0.0,0,0.0,0,0.0,0,0.0,0,0.0,0,0.0,0,0.0,0,0.0,0,0.0,0,0.0,0,0.0
fair_final_seed7102_final,coarse_hybrid_mw0.25_teleport5,20,100,100,25,0.7096349549143668,79,0.9558323996265173,0,0.0,55.98,0,0.0,0,0.0,0,0.0,0,0.0,0,0.0,0,0.0,0,0.0,0,0.0,0,0.0,0,0.0,0,0.0
fair_final_seed7102_final,coarse_hybrid_mw0.5_teleport10,20,50,100,25,0.7096349549143668,49,0.8847657375304433,0,0.0,55.98,0,0.0,0,0.0,0,0.0,0,0.0,0,0.0,0,0.0,0,0.0,0,0.0,0,0.0,0,0.0,0,0.0
fair_final_seed7102_final,coarse_hybrid_mw0.5_teleport10,20,75,100,25,0.7096349549143668,71,0.9401114832879539,0,0.0,55.98,0,0.0,0,0.0,0,0.0,0,0.0,0,0.0,0,0.0,0,0.0,0,0.0,0,0.0,0,0.0,0,0.0
fair_final_seed7102_final,coarse_hybrid_mw0.5_teleport10,20,100,100,25,0.7096349549143668,83,0.9661657329598506,0,0.0,55.98,0,0.0,0,0.0,0,0.0,0,0.0,0,0.0,0,0.0,0,0.0,0,0.0,0,0.0,0,0.0,0,0.0
fair_final_seed7102_final,coarse_hybrid_mw0.5_teleport5,20,50,100,25,0.7096349549143668,50,0.8879324041971102,0,0.0,55.98,0,0.0,0,0.0,0,0.0,0,0.0,0,0.0,0,0.0,0,0.0,0,0.0,0,0.0,0,0.0,0,0.0
fair_final_seed7102_final,coarse_hybrid_mw0.5_teleport5,20,75,100,25,0.7096349549143668,70,0.9385232479938362,0,0.0,55.98,0,0.0,0,0.0,0,0.0,0,0.0,0,0.0,0,0.0,0,0.0,0,0.0,0,0.0,0,0.0,0,0.0
fair_final_seed7102_final,coarse_hybrid_mw0.5_teleport5,20,100,100,25,0.7096349549143668,81,0.9619990662931839,0,0.0,55.98,0,0.0,0,0.0,0,0.0,0,0.0,0,0.0,0,0.0,0,0.0,0,0.0,0,0.0,0,0.0,0,0.0
fair_final_seed7102_final,coarse_hybrid_mw0.75_teleport10,20,50,100,25,0.7096349549143668,52,0.8934562137209195,0,0.0,55.98,0,0.0,0,0.0,0,0.0,0,0.0,0,0.0,0,0.0,0,0.0,0,0.0,0,0.0,0,0.0,0,0.0
fair_final_seed7102_final,coarse_hybrid_mw0.75_teleport10,20,75,100,25,0.7096349549143668,71,0.9413565813271696,0,0.0,55.98,0,0.0,0,0.0,0,0.0,0,0.0,0,0.0,0,0.0,0,0.0,0,0.0,0,0.0,0,0.0,0,0.0
fair_final_seed7102_final,coarse_hybrid_mw0.75_teleport10,20,100,100,25,0.7096349549143668,84,0.9704038281979459,0,0.0,55.98,0,0.0,0,0.0,0,0.0,0,0.0,0,0.0,0,0.0,0,0.0,0,0.0,0,0.0,0,0.0,0,0.0
fair_final_seed7102_final,coarse_hybrid_mw0.75_teleport5,20,50,100,25,0.7096349549143668,52,0.8934562137209195,0,0.0,55.98,0,0.0,0,0.0,0,0.0,0,0.0,0,0.0,0,0.0,0,0.0,0,0.0,0,0.0,0,0.0,0,0.0
fair_final_seed7102_final,coarse_hybrid_mw0.75_teleport5,20,75,100,25,0.7096349549143668,71,0.9413565813271696,0,0.0,55.98,0,0.0,0,0.0,0,0.0,0,0.0,0,0.0,0,0.0,0,0.0,0,0.0,0,0.0,0,0.0,0,0.0
fair_final_seed7102_final,coarse_hybrid_mw0.75_teleport5,20,100,100,25,0.7096349549143668,83,0.9679038281979458,0,0.0,55.98,0,0.0,0,0.0,0,0.0,0,0.0,0,0.0,0,0.0,0,0.0,0,0.0,0,0.0,0,0.0,0,0.0
fair_final_seed7102_final,dual_hybrid_rrf_mw0.25_teleport10,20,50,100,24,0.7067951917363682,51,0.8836084601672838,0,0.0,55.98,0,0.0,0,0.0,0,0.0,0,0.0,0,0.0,0,0.0,0,0.0,0,0.0,0,0.0,0,0.0,0,0.0
fair_final_seed7102_final,dual_hybrid_rrf_mw0.25_teleport10,20,75,100,24,0.7067951917363682,66,0.9297121963004317,0,0.0,55.98,0,0.0,0,0.0,0,0.0,0,0.0,0,0.0,0,0.0,0,0.0,0,0.0,0,0.0,0,0.0,0,0.0
fair_final_seed7102_final,dual_hybrid_rrf_mw0.25_teleport10,20,100,100,24,0.7067951917363682,80,0.9590899753840931,0,0.0,55.98,0,0.0,0,0.0,0,0.0,0,0.0,0,0.0,0,0.0,0,0.0,0,0.0,0,0.0,0,0.0,0,0.0
fair_final_seed7102_final,dual_hybrid_rrf_mw0.25_teleport5,20,50,100,24,0.7069972119383884,49,0.8852565800212859,0,0.0,55.98,0,0.0,0,0.0,0,0.0,0,0.0,0,0.0,0,0.0,0,0.0,0,0.0,0,0.0,0,0.0,0,0.0
fair_final_seed7102_final,dual_hybrid_rrf_mw0.25_teleport5,20,75,100,24,0.7069972119383884,69,0.9423788629670983,0,0.0,55.98,0,0.0,0,0.0,0,0.0,0,0.0,0,0.0,0,0.0,0,0.0,0,0.0,0,0.0,0,0.0,0,0.0
fair_final_seed7102_final,dual_hybrid_rrf_mw0.25_teleport5,20,100,100,24,0.7069972119383884,81,0.9599990662931839,0,0.0,55.98,0,0.0,0,0.0,0,0.0,0,0.0,0,0.0,0,0.0,0,0.0,0,0.0,0,0.0,0,0.0,0,0.0
fair_final_seed7102_final,dual_hybrid_rrf_mw0.5_teleport10,20,50,100,25,0.7082428829340595,51,0.8916783983989867,0,0.0,55.98,0,0.0,0,0.0,0,0.0,0,0.0,0,0.0,0,0.0,0,0.0,0,0.0,0,0.0,0,0.0,0,0.0
fair_final_seed7102_final,dual_hybrid_rrf_mw0.5_teleport10,20,75,100,25,0.7082428829340595,69,0.9387781499546206,0,0.0,55.98,0,0.0,0,0.0,0,0.0,0,0.0,0,0.0,0,0.0,0,0.0,0,0.0,0,0.0,0,0.0,0,0.0
fair_final_seed7102_final,dual_hybrid_rrf_mw0.5_teleport10,20,100,100,25,0.7082428829340595,82,0.965089975384093,0,0.0,55.98,0,0.0,0,0.0,0,0.0,0,0.0,0,0.0,0,0.0,0,0.0,0,0.0,0,0.0,0,0.0,0,0.0
fair_final_seed7102_final,dual_hybrid_rrf_mw0.5_teleport5,20,50,100,24,0.7099019738431502,52,0.8940874893080776,0,0.0,55.98,0,0.0,0,0.0,0,0.0,0,0.0,0,0.0,0,0.0,0,0.0,0,0.0,0,0.0,0,0.0,0,0.0
fair_final_seed7102_final,dual_hybrid_rrf_mw0.5_teleport5,20,75,100,24,0.7099019738431502,68,0.9372305309070015,0,0.0,55.98,0,0.0,0,0.0,0,0.0,0,0.0,0,0.0,0,0.0,0,0.0,0,0.0,0,0.0,0,0.0,0,0.0
fair_final_seed7102_final,dual_hybrid_rrf_mw0.5_teleport5,20,100,100,24,0.7099019738431502,83,0.9673323996265172,0,0.0,55.98,0,0.0,0,0.0,0,0.0,0,0.0,0,0.0,0,0.0,0,0.0,0,0.0,0,0.0,0,0.0,0,0.0
fair_final_seed7102_final,dual_hybrid_rrf_mw0.75_teleport10,20,50,100,25,0.712992309977604,53,0.8994467868732575,0,0.0,55.98,0,0.0,0,0.0,0,0.0,0,0.0,0,0.0,0,0.0,0,0.0,0,0.0,0,0.0,0,0.0,0,0.0
fair_final_seed7102_final,dual_hybrid_rrf_mw0.75_teleport10,20,75,100,25,0.712992309977604,69,0.9394448166212872,0,0.0,55.98,0,0.0,0,0.0,0,0.0,0,0.0,0,0.0,0,0.0,0,0.0,0,0.0,0,0.0,0,0.0,0,0.0
fair_final_seed7102_final,dual_hybrid_rrf_mw0.75_teleport10,20,100,100,25,0.712992309977604,84,0.9705704948646126,0,0.0,55.98,0,0.0,0,0.0,0,0.0,0,0.0,0,0.0,0,0.0,0,0.0,0,0.0,0,0.0,0,0.0,0,0.0
fair_final_seed7102_final,dual_hybrid_rrf_mw0.75_teleport5,20,50,100,25,0.711742309977604,54,0.9012871230077113,0,0.0,55.98,0,0.0,0,0.0,0,0.0,0,0.0,0,0.0,0,0.0,0,0.0,0,0.0,0,0.0,0,0.0,0,0.0
fair_final_seed7102_final,dual_hybrid_rrf_mw0.75_teleport5,20,75,100,25,0.711742309977604,69,0.9394448166212872,0,0.0,55.98,0,0.0,0,0.0,0,0.0,0,0.0,0,0.0,0,0.0,0,0.0,0,0.0,0,0.0,0,0.0,0,0.0
fair_final_seed7102_final,dual_hybrid_rrf_mw0.75_teleport5,20,100,100,25,0.711742309977604,84,0.9705704948646126,0,0.0,55.98,0,0.0,0,0.0,0,0.0,0,0.0,0,0.0,0,0.0,0,0.0,0,0.0,0,0.0,0,0.0,0,0.0
fair_final_seed7102_final,fixed,20,20,100,25,0.7096349549143668,25,0.7096349549143668,0,0.0,55.98,0,0.0,0,0.0,0,0.0,0,0.0,0,0.0,0,0.0,0,0.0,0,0.0,0,0.0,0,0.0,0,0.0
fair_final_seed7102_final,fixed,50,50,100,52,0.8973209323356381,52,0.8973209323356381,0,0.0,55.98,0,0.0,0,0.0,0,0.0,0,0.0,0,0.0,0,0.0,0,0.0,0,0.0,0,0.0,0,0.0,0,0.0
fair_final_seed7102_final,fixed,100,100,100,84,0.9713012640953818,84,0.9713012640953818,0,0.0,55.98,0,0.0,0,0.0,0,0.0,0,0.0,0,0.0,0,0.0,0,0.0,0,0.0,0,0.0,0,0.0,0,0.0
fair_final_seed7102_final,fixed_dual_hybrid_rrf_mw0.25_teleport10,20,50,100,25,0.7137155034507976,53,0.8950349682996742,0,0.0,55.98,0,0.0,0,0.0,0,0.0,0,0.0,0,0.0,0,0.0,0,0.0,0,0.0,0,0.0,0,0.0,0,0.0
fair_final_seed7102_final,fixed_dual_hybrid_rrf_mw0.25_teleport10,20,75,100,25,0.7137155034507976,67,0.9347906276729806,0,0.0,55.98,0,0.0,0,0.0,0,0.0,0,0.0,0,0.0,0,0.0,0,0.0,0,0.0,0,0.0,0,0.0,0,0.0
fair_final_seed7102_final,fixed_dual_hybrid_rrf_mw0.25_teleport10,20,100,100,25,0.7137155034507976,80,0.9599990662931839,0,0.0,55.98,0,0.0,0,0.0,0,0.0,0,0.0,0,0.0,0,0.0,0,0.0,0,0.0,0,0.0,0,0.0,0,0.0
fair_final_seed7102_final,fixed_dual_hybrid_rrf_mw0.25_teleport5,20,50,100,26,0.7164774082127023,52,0.8943732035937919,0,0.0,55.98,0,0.0,0,0.0,0,0.0,0,0.0,0,0.0,0,0.0,0,0.0,0,0.0,0,0.0,0,0.0,0,0.0
fair_final_seed7102_final,fixed_dual_hybrid_rrf_mw0.25_teleport5,20,75,100,26,0.7164774082127023,70,0.9395400547165254,0,0.0,55.98,0,0.0,0,0.0,0,0.0,0,0.0,0,0.0,0,0.0,0,0.0,0,0.0,0,0.0,0,0.0,0,0.0
fair_final_seed7102_final,fixed_dual_hybrid_rrf_mw0.25_teleport5,20,100,100,26,0.7164774082127023,81,0.9619990662931839,0,0.0,55.98,0,0.0,0,0.0,0,0.0,0,0.0,0,0.0,0,0.0,0,0.0,0,0.0,0,0.0,0,0.0,0,0.0
fair_final_seed7102_final,fixed_dual_hybrid_rrf_mw0.5_teleport10,20,50,100,26,0.7156440748793691,52,0.8904537896743778,0,0.0,55.98,0,0.0,0,0.0,0,0.0,0,0.0,0,0.0,0,0.0,0,0.0,0,0.0,0,0.0,0,0.0,0,0.0
fair_final_seed7102_final,fixed_dual_hybrid_rrf_mw0.5_teleport10,20,75,100,26,0.7156440748793691,69,0.9396114832879539,0,0.0,55.98,0,0.0,0,0.0,0,0.0,0,0.0,0,0.0,0,0.0,0,0.0,0,0.0,0,0.0,0,0.0,0,0.0
fair_final_seed7102_final,fixed_dual_hybrid_rrf_mw0.5_teleport10,20,100,100,26,0.7156440748793691,82,0.9653323996265173,0,0.0,55.98,0,0.0,0,0.0,0,0.0,0,0.0,0,0.0,0,0.0,0,0.0,0,0.0,0,0.0,0,0.0,0,0.0
fair_final_seed7102_final,fixed_dual_hybrid_rrf_mw0.5_teleport5,20,50,100,27,0.7167155034507975,53,0.8940420249684955,0,0.0,55.98,0,0.0,0,0.0,0,0.0,0,0.0,0,0.0,0,0.0,0,0.0,0,0.0,0,0.0,0,0.0,0,0.0
fair_final_seed7102_final,fixed_dual_hybrid_rrf_mw0.5_teleport5,20,75,100,27,0.7167155034507975,69,0.9396114832879539,0,0.0,55.98,0,0.0,0,0.0,0,0.0,0,0.0,0,0.0,0,0.0,0,0.0,0,0.0,0,0.0,0,0.0,0,0.0
fair_final_seed7102_final,fixed_dual_hybrid_rrf_mw0.5_teleport5,20,100,100,27,0.7167155034507975,84,0.9693323996265173,0,0.0,55.98,0,0.0,0,0.0,0,0.0,0,0.0,0,0.0,0,0.0,0,0.0,0,0.0,0,0.0,0,0.0,0,0.0
fair_final_seed7102_final,fixed_dual_hybrid_rrf_mw0.75_teleport10,20,50,100,26,0.7156867919662037,53,0.8982444059208765,0,0.0,55.98,0,0.0,0,0.0,0,0.0,0,0.0,0,0.0,0,0.0,0,0.0,0,0.0,0,0.0,0,0.0,0,0.0
fair_final_seed7102_final,fixed_dual_hybrid_rrf_mw0.75_teleport10,20,75,100,26,0.7156867919662037,70,0.9387781499546206,0,0.0,55.98,0,0.0,0,0.0,0,0.0,0,0.0,0,0.0,0,0.0,0,0.0,0,0.0,0,0.0,0,0.0,0,0.0
fair_final_seed7102_final,fixed_dual_hybrid_rrf_mw0.75_teleport10,20,100,100,26,0.7156867919662037,84,0.9705704948646126,0,0.0,55.98,0,0.0,0,0.0,0,0.0,0,0.0,0,0.0,0,0.0,0,0.0,0,0.0,0,0.0,0,0.0,0,0.0
fair_final_seed7102_final,fixed_dual_hybrid_rrf_mw0.75_teleport5,20,50,100,27,0.7175915538709657,53,0.8992563106827812,0,0.0,55.98,0,0.0,0,0.0,0,0.0,0,0.0,0,0.0,0,0.0,0,0.0,0,0.0,0,0.0,0,0.0,0,0.0
fair_final_seed7102_final,fixed_dual_hybrid_rrf_mw0.75_teleport5,20,75,100,27,0.7175915538709657,70,0.9387781499546206,0,0.0,55.98,0,0.0,0,0.0,0,0.0,0,0.0,0,0.0,0,0.0,0,0.0,0,0.0,0,0.0,0,0.0,0,0.0
fair_final_seed7102_final,fixed_dual_hybrid_rrf_mw0.75_teleport5,20,100,100,27,0.7175915538709657,84,0.9705704948646126,0,0.0,55.98,0,0.0,0,0.0,0,0.0,0,0.0,0,0.0,0,0.0,0,0.0,0,0.0,0,0.0,0,0.0,0,0.0
fair_final_seed7102_final,global_fine_rrf_fixed,20,20,100,23,0.7012147444059208,23,0.7012147444059208,0,0.0,55.98,0,0.0,0,0.0,0,0.0,0,0.0,0,0.0,0,0.0,0,0.0,0,0.0,0,0.0,0,0.0,0,0.0
fair_final_seed7102_final,global_fine_rrf_fixed,50,50,100,49,0.8935208892414775,49,0.8935208892414775,0,0.0,55.98,0,0.0,0,0.0,0,0.0,0,0.0,0,0.0,0,0.0,0,0.0,0,0.0,0,0.0,0,0.0,0,0.0
fair_final_seed7102_final,global_fine_rrf_fixed,100,100,100,81,0.9623204948646125,81,0.9623204948646125,0,0.0,55.98,0,0.0,0,0.0,0,0.0,0,0.0,0,0.0,0,0.0,0,0.0,0,0.0,0,0.0,0,0.0,0,0.0
fair_final_seed7102_final,global_fine_rrf_hybrid_mw0.25_teleport10,20,50,100,23,0.7012147444059208,50,0.8812250837397896,0,0.0,55.98,0,0.0,0,0.0,0,0.0,0,0.0,0,0.0,0,0.0,0,0.0,0,0.0,0,0.0,0,0.0,0,0.0
fair_final_seed7102_final,global_fine_rrf_hybrid_mw0.25_teleport10,20,75,100,23,0.7012147444059208,66,0.9320763419586949,0,0.0,55.98,0,0.0,0,0.0,0,0.0,0,0.0,0,0.0,0,0.0,0,0.0,0,0.0,0,0.0,0,0.0,0,0.0
fair_final_seed7102_final,global_fine_rrf_hybrid_mw0.25_teleport10,20,100,100,23,0.7012147444059208,81,0.960589975384093,0,0.0,55.98,0,0.0,0,0.0,0,0.0,0,0.0,0,0.0,0,0.0,0,0.0,0,0.0,0,0.0,0,0.0,0,0.0
fair_final_seed7102_final,global_fine_rrf_hybrid_mw0.25_teleport5,20,50,100,23,0.7012147444059208,49,0.8880950650656533,0,0.0,55.98,0,0.0,0,0.0,0,0.0,0,0.0,0,0.0,0,0.0,0,0.0,0,0.0,0,0.0,0,0.0,0,0.0
fair_final_seed7102_final,global_fine_rrf_hybrid_mw0.25_teleport5,20,75,100,23,0.7012147444059208,70,0.9448858657682188,0,0.0,55.98,0,0.0,0,0.0,0,0.0,0,0.0,0,0.0,0,0.0,0,0.0,0,0.0,0,0.0,0,0.0,0,0.0
fair_final_seed7102_final,global_fine_rrf_hybrid_mw0.25_teleport5,20,100,100,23,0.7012147444059208,82,0.9626657329598506,0,0.0,55.98,0,0.0,0,0.0,0,0.0,0,0.0,0,0.0,0,0.0,0,0.0,0,0.0,0,0.0,0,0.0,0,0.0
fair_final_seed7102_final,global_fine_rrf_hybrid_mw0.5_teleport10,20,50,100,23,0.7012147444059208,51,0.8939524576730459,0,0.0,55.98,0,0.0,0,0.0,0,0.0,0,0.0,0,0.0,0,0.0,0,0.0,0,0.0,0,0.0,0,0.0,0,0.0
fair_final_seed7102_final,global_fine_rrf_hybrid_mw0.5_teleport10,20,75,100,23,0.7012147444059208,68,0.9401997185820715,0,0.0,55.98,0,0.0,0,0.0,0,0.0,0,0.0,0,0.0,0,0.0,0,0.0,0,0.0,0,0.0,0,0.0,0,0.0
fair_final_seed7102_final,global_fine_rrf_hybrid_mw0.5_teleport10,20,100,100,23,0.7012147444059208,82,0.965089975384093,0,0.0,55.98,0,0.0,0,0.0,0,0.0,0,0.0,0,0.0,0,0.0,0,0.0,0,0.0,0,0.0,0,0.0,0,0.0
fair_final_seed7102_final,global_fine_rrf_hybrid_mw0.5_teleport5,20,50,100,23,0.7012147444059208,51,0.8951948819154701,0,0.0,55.98,0,0.0,0,0.0,0,0.0,0,0.0,0,0.0,0,0.0,0,0.0,0,0.0,0,0.0,0,0.0,0,0.0
fair_final_seed7102_final,global_fine_rrf_hybrid_mw0.5_teleport5,20,75,100,23,0.7012147444059208,67,0.9394096752920282,0,0.0,55.98,0,0.0,0,0.0,0,0.0,0,0.0,0,0.0,0,0.0,0,0.0,0,0.0,0,0.0,0,0.0,0,0.0
fair_final_seed7102_final,global_fine_rrf_hybrid_mw0.5_teleport5,20,100,100,23,0.7012147444059208,84,0.9693323996265173,0,0.0,55.98,0,0.0,0,0.0,0,0.0,0,0.0,0,0.0,0,0.0,0,0.0,0,0.0,0,0.0,0,0.0,0,0.0
fair_final_seed7102_final,global_fine_rrf_hybrid_mw0.75_teleport10,20,50,100,23,0.7012147444059208,50,0.8937232701938584,0,0.0,55.98,0,0.0,0,0.0,0,0.0,0,0.0,0,0.0,0,0.0,0,0.0,0,0.0,0,0.0,0,0.0,0,0.0
fair_final_seed7102_final,global_fine_rrf_hybrid_mw0.75_teleport10,20,75,100,23,0.7012147444059208,68,0.9398214399979107,0,0.0,55.98,0,0.0,0,0.0,0,0.0,0,0.0,0,0.0,0,0.0,0,0.0,0,0.0,0,0.0,0,0.0,0,0.0
fair_final_seed7102_final,global_fine_rrf_hybrid_mw0.75_teleport10,20,100,100,23,0.7012147444059208,84,0.9695704948646124,0,0.0,55.98,0,0.0,0,0.0,0,0.0,0,0.0,0,0.0,0,0.0,0,0.0,0,0.0,0,0.0,0,0.0,0,0.0
fair_final_seed7102_final,global_fine_rrf_hybrid_mw0.75_teleport5,20,50,100,23,0.7012147444059208,50,0.8928899368605251,0,0.0,55.98,0,0.0,0,0.0,0,0.0,0,0.0,0,0.0,0,0.0,0,0.0,0,0.0,0,0.0,0,0.0,0,0.0
fair_final_seed7102_final,global_fine_rrf_hybrid_mw0.75_teleport5,20,75,100,23,0.7012147444059208,68,0.9377262019026724,0,0.0,55.98,0,0.0,0,0.0,0,0.0,0,0.0,0,0.0,0,0.0,0,0.0,0,0.0,0,0.0,0,0.0,0,0.0
fair_final_seed7102_final,global_fine_rrf_hybrid_mw0.75_teleport5,20,100,100,23,0.7012147444059208,84,0.9695704948646124,0,0.0,55.98,0,0.0,0,0.0,0,0.0,0,0.0,0,0.0,0,0.0,0,0.0,0,0.0,0,0.0,0,0.0,0,0.0
fair_topk_seed7101_best,coarse_hybrid_mw0.25_teleport10,20,50,100,15,0.5975892326627621,42,0.832584180525357,0,0.0,81.42,0,0.0,0,0.0,0,0.0,0,0.0,0,0.0,0,0.0,0,0.0,0,0.0,0,0.0,0,0.0,0,0.0
fair_topk_seed7101_best,coarse_hybrid_mw0.25_teleport10,20,75,100,15,0.5975892326627621,61,0.906235194544018,0,0.0,81.42,0,0.0,0,0.0,0,0.0,0,0.0,0,0.0,0,0.0,0,0.0,0,0.0,0,0.0,0,0.0,0,0.0
fair_topk_seed7101_best,coarse_hybrid_mw0.25_teleport10,20,100,100,15,0.5975892326627621,77,0.9480320333261509,0,0.0,81.42,0,0.0,0,0.0,0,0.0,0,0.0,0,0.0,0,0.0,0,0.0,0,0.0,0,0.0,0,0.0,0,0.0
fair_topk_seed7101_best,coarse_hybrid_mw0.25_teleport5,20,50,100,15,0.5975892326627621,42,0.8334862686333274,0,0.0,81.42,0,0.0,0,0.0,0,0.0,0,0.0,0,0.0,0,0.0,0,0.0,0,0.0,0,0.0,0,0.0,0,0.0
fair_topk_seed7101_best,coarse_hybrid_mw0.25_teleport5,20,75,100,15,0.5975892326627621,62,0.9176065078712138,0,0.0,81.42,0,0.0,0,0.0,0,0.0,0,0.0,0,0.0,0,0.0,0,0.0,0,0.0,0,0.0,0,0.0,0,0.0
fair_topk_seed7101_best,coarse_hybrid_mw0.25_teleport5,20,100,100,15,0.5975892326627621,80,0.9594126249567426,0,0.0,81.42,0,0.0,0,0.0,0,0.0,0,0.0,0,0.0,0,0.0,0,0.0,0,0.0,0,0.0,0,0.0,0,0.0
fair_topk_seed7101_best,coarse_hybrid_mw0.5_teleport10,20,50,100,15,0.5975892326627621,39,0.83163140127846,0,0.0,81.42,0,0.0,0,0.0,0,0.0,0,0.0,0,0.0,0,0.0,0,0.0,0,0.0,0,0.0,0,0.0,0,0.0
fair_topk_seed7101_best,coarse_hybrid_mw0.5_teleport10,20,75,100,15,0.5975892326627621,61,0.9180662523750759,0,0.0,81.42,0,0.0,0,0.0,0,0.0,0,0.0,0,0.0,0,0.0,0,0.0,0,0.0,0,0.0,0,0.0,0,0.0
fair_topk_seed7101_best,coarse_hybrid_mw0.5_teleport10,20,100,100,15,0.5975892326627621,81,0.9594616608881315,0,0.0,81.42,0,0.0,0,0.0,0,0.0,0,0.0,0,0.0,0,0.0,0,0.0,0,0.0,0,0.0,0,0.0,0,0.0
fair_topk_seed7101_best,coarse_hybrid_mw0.5_teleport5,20,50,100,15,0.5975892326627621,38,0.833907115760057,0,0.0,81.42,0,0.0,0,0.0,0,0.0,0,0.0,0,0.0,0,0.0,0,0.0,0,0.0,0,0.0,0,0.0,0,0.0
fair_topk_seed7101_best,coarse_hybrid_mw0.5_teleport5,20,75,100,15,0.5975892326627621,61,0.9136019666607902,0,0.0,81.42,0,0.0,0,0.0,0,0.0,0,0.0,0,0.0,0,0.0,0,0.0,0,0.0,0,0.0,0,0.0,0,0.0
fair_topk_seed7101_best,coarse_hybrid_mw0.5_teleport5,20,100,100,15,0.5975892326627621,80,0.9600330894595601,0,0.0,81.42,0,0.0,0,0.0,0,0.0,0,0.0,0,0.0,0,0.0,0,0.0,0,0.0,0,0.0,0,0.0,0,0.0
fair_topk_seed7101_best,coarse_hybrid_mw0.75_teleport10,20,50,100,15,0.5975892326627621,38,0.8259278907367142,0,0.0,81.42,0,0.0,0,0.0,0,0.0,0,0.0,0,0.0,0,0.0,0,0.0,0,0.0,0,0.0,0,0.0,0,0.0
fair_topk_seed7101_best,coarse_hybrid_mw0.75_teleport10,20,75,100,15,0.5975892326627621,56,0.9077063622651858,0,0.0,81.42,0,0.0,0,0.0,0,0.0,0,0.0,0,0.0,0,0.0,0,0.0,0,0.0,0,0.0,0,0.0,0,0.0
fair_topk_seed7101_best,coarse_hybrid_mw0.75_teleport10,20,100,100,15,0.5975892326627621,72,0.9464127849274908,0,0.0,81.42,0,0.0,0,0.0,0,0.0,0,0.0,0,0.0,0,0.0,0,0.0,0,0.0,0,0.0,0,0.0,0,0.0
fair_topk_seed7101_best,coarse_hybrid_mw0.75_teleport5,20,50,100,15,0.5975892326627621,38,0.8259278907367142,0,0.0,81.42,0,0.0,0,0.0,0,0.0,0,0.0,0,0.0,0,0.0,0,0.0,0,0.0,0,0.0,0,0.0,0,0.0
fair_topk_seed7101_best,coarse_hybrid_mw0.75_teleport5,20,75,100,15,0.5975892326627621,56,0.9064996523084758,0,0.0,81.42,0,0.0,0,0.0,0,0.0,0,0.0,0,0.0,0,0.0,0,0.0,0,0.0,0,0.0,0,0.0,0,0.0
fair_topk_seed7101_best,coarse_hybrid_mw0.75_teleport5,20,100,100,15,0.5975892326627621,72,0.9438731023878083,0,0.0,81.42,0,0.0,0,0.0,0,0.0,0,0.0,0,0.0,0,0.0,0,0.0,0,0.0,0,0.0,0,0.0,0,0.0
fair_topk_seed7101_best,dual_hybrid_rrf_mw0.25_teleport10,20,50,100,17,0.6346384693737634,43,0.8465106886577475,0,0.0,81.42,0,0.0,0,0.0,0,0.0,0,0.0,0,0.0,0,0.0,0,0.0,0,0.0,0,0.0,0,0.0,0,0.0
fair_topk_seed7101_best,dual_hybrid_rrf_mw0.25_teleport10,20,75,100,17,0.6346384693737634,60,0.905601818116524,0,0.0,81.42,0,0.0,0,0.0,0,0.0,0,0.0,0,0.0,0,0.0,0,0.0,0,0.0,0,0.0,0,0.0,0,0.0
fair_topk_seed7101_best,dual_hybrid_rrf_mw0.25_teleport10,20,100,100,17,0.6346384693737634,79,0.9475588398529575,0,0.0,81.42,0,0.0,0,0.0,0,0.0,0,0.0,0,0.0,0,0.0,0,0.0,0,0.0,0,0.0,0,0.0,0,0.0
fair_topk_seed7101_best,dual_hybrid_rrf_mw0.25_teleport5,20,50,100,16,0.6301581996434937,45,0.8514606455635868,0,0.0,81.42,0,0.0,0,0.0,0,0.0,0,0.0,0,0.0,0,0.0,0,0.0,0,0.0,0,0.0,0,0.0,0,0.0
fair_topk_seed7101_best,dual_hybrid_rrf_mw0.25_teleport5,20,75,100,16,0.6301581996434937,62,0.9175035830182889,0,0.0,81.42,0,0.0,0,0.0,0,0.0,0,0.0,0,0.0,0,0.0,0,0.0,0,0.0,0,0.0,0,0.0,0,0.0
fair_topk_seed7101_best,dual_hybrid_rrf_mw0.25_teleport5,20,100,100,16,0.6301581996434937,79,0.9583015138456316,0,0.0,81.42,0,0.0,0,0.0,0,0.0,0,0.0,0,0.0,0,0.0,0,0.0,0,0.0,0,0.0,0,0.0,0,0.0
fair_topk_seed7101_best,dual_hybrid_rrf_mw0.5_teleport10,20,50,100,16,0.6249330914183855,42,0.8437624826154237,0,0.0,81.42,0,0.0,0,0.0,0,0.0,0,0.0,0,0.0,0,0.0,0,0.0,0,0.0,0,0.0,0,0.0,0,0.0
fair_topk_seed7101_best,dual_hybrid_rrf_mw0.5_teleport10,20,75,100,16,0.6249330914183855,63,0.9179355497443733,0,0.0,81.42,0,0.0,0,0.0,0,0.0,0,0.0,0,0.0,0,0.0,0,0.0,0,0.0,0,0.0,0,0.0,0,0.0
fair_topk_seed7101_best,dual_hybrid_rrf_mw0.5_teleport10,20,100,100,16,0.6249330914183855,80,0.9643627777451307,0,0.0,81.42,0,0.0,0,0.0,0,0.0,0,0.0,0,0.0,0,0.0,0,0.0,0,0.0,0,0.0,0,0.0,0,0.0
fair_topk_seed7101_best,dual_hybrid_rrf_mw0.5_teleport5,20,50,100,16,0.6268811433664375,41,0.8405411941000176,0,0.0,81.42,0,0.0,0,0.0,0,0.0,0,0.0,0,0.0,0,0.0,0,0.0,0,0.0,0,0.0,0,0.0,0,0.0
fair_topk_seed7101_best,dual_hybrid_rrf_mw0.5_teleport5,20,75,100,16,0.6268811433664375,63,0.9173446406534641,0,0.0,81.42,0,0.0,0,0.0,0,0.0,0,0.0,0,0.0,0,0.0,0,0.0,0,0.0,0,0.0,0,0.0,0,0.0
fair_topk_seed7101_best,dual_hybrid_rrf_mw0.5_teleport5,20,100,100,16,0.6268811433664375,80,0.9639268803092332,0,0.0,81.42,0,0.0,0,0.0,0,0.0,0,0.0,0,0.0,0,0.0,0,0.0,0,0.0,0,0.0,0,0.0,0,0.0
fair_topk_seed7101_best,dual_hybrid_rrf_mw0.75_teleport10,20,50,100,16,0.6244799889652831,42,0.8489566397654633,0,0.0,81.42,0,0.0,0,0.0,0,0.0,0,0.0,0,0.0,0,0.0,0,0.0,0,0.0,0,0.0,0,0.0,0,0.0
fair_topk_seed7101_best,dual_hybrid_rrf_mw0.75_teleport10,20,75,100,16,0.6244799889652831,57,0.9119994025582261,0,0.0,81.42,0,0.0,0,0.0,0,0.0,0,0.0,0,0.0,0,0.0,0,0.0,0,0.0,0,0.0,0,0.0,0,0.0
fair_topk_seed7101_best,dual_hybrid_rrf_mw0.75_teleport10,20,100,100,16,0.6244799889652831,77,0.9561127418333301,0,0.0,81.42,0,0.0,0,0.0,0,0.0,0,0.0,0,0.0,0,0.0,0,0.0,0,0.0,0,0.0,0,0.0,0,0.0
fair_topk_seed7101_best,dual_hybrid_rrf_mw0.75_teleport5,20,50,100,16,0.6244799889652831,41,0.8476590207178443,0,0.0,81.42,0,0.0,0,0.0,0,0.0,0,0.0,0,0.0,0,0.0,0,0.0,0,0.0,0,0.0,0,0.0,0,0.0
fair_topk_seed7101_best,dual_hybrid_rrf_mw0.75_teleport5,20,75,100,16,0.6244799889652831,58,0.9101660692248927,0,0.0,81.42,0,0.0,0,0.0,0,0.0,0,0.0,0,0.0,0,0.0,0,0.0,0,0.0,0,0.0,0,0.0,0,0.0
fair_topk_seed7101_best,dual_hybrid_rrf_mw0.75_teleport5,20,100,100,16,0.6244799889652831,77,0.9546841704047587,0,0.0,81.42,0,0.0,0,0.0,0,0.0,0,0.0,0,0.0,0,0.0,0,0.0,0,0.0,0,0.0,0,0.0,0,0.0
fair_topk_seed7101_best,fixed,20,20,100,15,0.5975892326627621,15,0.5975892326627621,0,0.0,81.42,0,0.0,0,0.0,0,0.0,0,0.0,0,0.0,0,0.0,0,0.0,0,0.0,0,0.0,0,0.0,0,0.0
fair_topk_seed7101_best,fixed,50,50,100,32,0.8002379140467376,32,0.8002379140467376,0,0.0,81.42,0,0.0,0,0.0,0,0.0,0,0.0,0,0.0,0,0.0,0,0.0,0,0.0,0,0.0,0,0.0,0,0.0
fair_topk_seed7101_best,fixed,100,100,100,66,0.9318624186271245,66,0.9318624186271245,0,0.0,81.42,0,0.0,0,0.0,0,0.0,0,0.0,0,0.0,0,0.0,0,0.0,0,0.0,0,0.0,0,0.0,0,0.0
fair_topk_seed7101_best,fixed_dual_hybrid_rrf_mw0.25_teleport10,20,50,100,15,0.621594457829752,42,0.8368213959243371,0,0.0,81.42,0,0.0,0,0.0,0,0.0,0,0.0,0,0.0,0,0.0,0,0.0,0,0.0,0,0.0,0,0.0,0,0.0
fair_topk_seed7101_best,fixed_dual_hybrid_rrf_mw0.25_teleport10,20,75,100,15,0.621594457829752,62,0.9186809709897945,0,0.0,81.42,0,0.0,0,0.0,0,0.0,0,0.0,0,0.0,0,0.0,0,0.0,0,0.0,0,0.0,0,0.0,0,0.0
fair_topk_seed7101_best,fixed_dual_hybrid_rrf_mw0.25_teleport10,20,100,100,15,0.621594457829752,80,0.9611885353208882,0,0.0,81.42,0,0.0,0,0.0,0,0.0,0,0.0,0,0.0,0,0.0,0,0.0,0,0.0,0,0.0,0,0.0,0,0.0
fair_topk_seed7101_best,fixed_dual_hybrid_rrf_mw0.25_teleport5,20,50,100,15,0.6191258806552924,42,0.8389569270598681,0,0.0,81.42,0,0.0,0,0.0,0,0.0,0,0.0,0,0.0,0,0.0,0,0.0,0,0.0,0,0.0,0,0.0,0,0.0
fair_topk_seed7101_best,fixed_dual_hybrid_rrf_mw0.25_teleport5,20,75,100,15,0.6191258806552924,64,0.9236178396766632,0,0.0,81.42,0,0.0,0,0.0,0,0.0,0,0.0,0,0.0,0,0.0,0,0.0,0,0.0,0,0.0,0,0.0,0,0.0
fair_topk_seed7101_best,fixed_dual_hybrid_rrf_mw0.25_teleport5,20,100,100,15,0.6191258806552924,78,0.9587440908764439,0,0.0,81.42,0,0.0,0,0.0,0,0.0,0,0.0,0,0.0,0,0.0,0,0.0,0,0.0,0,0.0,0,0.0,0,0.0
fair_topk_seed7101_best,fixed_dual_hybrid_rrf_mw0.5_teleport10,20,50,100,15,0.6138807826160767,40,0.8410673901262136,0,0.0,81.42,0,0.0,0,0.0,0,0.0,0,0.0,0,0.0,0,0.0,0,0.0,0,0.0,0,0.0,0,0.0,0,0.0
fair_topk_seed7101_best,fixed_dual_hybrid_rrf_mw0.5_teleport10,20,75,100,15,0.6138807826160767,62,0.9157136882725118,0,0.0,81.42,0,0.0,0,0.0,0,0.0,0,0.0,0,0.0,0,0.0,0,0.0,0,0.0,0,0.0,0,0.0,0,0.0
fair_topk_seed7101_best,fixed_dual_hybrid_rrf_mw0.5_teleport10,20,100,100,15,0.6138807826160767,78,0.9565019539284245,0,0.0,81.42,0,0.0,0,0.0,0,0.0,0,0.0,0,0.0,0,0.0,0,0.0,0,0.0,0,0.0,0,0.0,0,0.0
fair_topk_seed7101_best,fixed_dual_hybrid_rrf_mw0.5_teleport5,20,50,100,15,0.612181436210848,42,0.8520717191305427,0,0.0,81.42,0,0.0,0,0.0,0,0.0,0,0.0,0,0.0,0,0.0,0,0.0,0,0.0,0,0.0,0,0.0,0,0.0
fair_topk_seed7101_best,fixed_dual_hybrid_rrf_mw0.5_teleport5,20,75,100,15,0.612181436210848,62,0.9147136882725119,0,0.0,81.42,0,0.0,0,0.0,0,0.0,0,0.0,0,0.0,0,0.0,0,0.0,0,0.0,0,0.0,0,0.0,0,0.0
fair_topk_seed7101_best,fixed_dual_hybrid_rrf_mw0.5_teleport5,20,100,100,15,0.612181436210848,78,0.9565019539284245,0,0.0,81.42,0,0.0,0,0.0,0,0.0,0,0.0,0,0.0,0,0.0,0,0.0,0,0.0,0,0.0,0,0.0,0,0.0
fair_topk_seed7101_best,fixed_dual_hybrid_rrf_mw0.75_teleport10,20,50,100,16,0.615181436210848,40,0.8373012673600908,0,0.0,81.42,0,0.0,0,0.0,0,0.0,0,0.0,0,0.0,0,0.0,0,0.0,0,0.0,0,0.0,0,0.0,0,0.0
fair_topk_seed7101_best,fixed_dual_hybrid_rrf_mw0.75_teleport10,20,75,100,16,0.615181436210848,56,0.9056782237370473,0,0.0,81.42,0,0.0,0,0.0,0,0.0,0,0.0,0,0.0,0,0.0,0,0.0,0,0.0,0,0.0,0,0.0,0,0.0
fair_topk_seed7101_best,fixed_dual_hybrid_rrf_mw0.75_teleport10,20,100,100,16,0.615181436210848,73,0.9462626017773077,0,0.0,81.42,0,0.0,0,0.0,0,0.0,0,0.0,0,0.0,0,0.0,0,0.0,0,0.0,0,0.0,0,0.0,0,0.0
fair_topk_seed7101_best,fixed_dual_hybrid_rrf_mw0.75_teleport5,20,50,100,16,0.6144671504965623,40,0.8356229456817692,0,0.0,81.42,0,0.0,0,0.0,0,0.0,0,0.0,0,0.0,0,0.0,0,0.0,0,0.0,0,0.0,0,0.0,0,0.0
fair_topk_seed7101_best,fixed_dual_hybrid_rrf_mw0.75_teleport5,20,75,100,16,0.6144671504965623,55,0.9048448904037139,0,0.0,81.42,0,0.0,0,0.0,0,0.0,0,0.0,0,0.0,0,0.0,0,0.0,0,0.0,0,0.0,0,0.0,0,0.0
fair_topk_seed7101_best,fixed_dual_hybrid_rrf_mw0.75_teleport5,20,100,100,16,0.6144671504965623,73,0.9462626017773077,0,0.0,81.42,0,0.0,0,0.0,0,0.0,0,0.0,0,0.0,0,0.0,0,0.0,0,0.0,0,0.0,0,0.0,0,0.0
fair_topk_seed7101_best,global_fine_rrf_fixed,20,20,100,17,0.616682546211958,17,0.616682546211958,0,0.0,81.42,0,0.0,0,0.0,0,0.0,0,0.0,0,0.0,0,0.0,0,0.0,0,0.0,0,0.0,0,0.0,0,0.0
fair_topk_seed7101_best,global_fine_rrf_fixed,50,50,100,39,0.8246803327391562,39,0.8246803327391562,0,0.0,81.42,0,0.0,0,0.0,0,0.0,0,0.0,0,0.0,0,0.0,0,0.0,0,0.0,0,0.0,0,0.0,0,0.0
fair_topk_seed7101_best,global_fine_rrf_fixed,100,100,100,71,0.9468226985432868,71,0.9468226985432868,0,0.0,81.42,0,0.0,0,0.0,0,0.0,0,0.0,0,0.0,0,0.0,0,0.0,0,0.0,0,0.0,0,0.0,0,0.0
fair_topk_seed7101_best,global_fine_rrf_hybrid_mw0.25_teleport10,20,50,100,17,0.616682546211958,40,0.842605316252375,0,0.0,81.42,0,0.0,0,0.0,0,0.0,0,0.0,0,0.0,0,0.0,0,0.0,0,0.0,0,0.0,0,0.0,0,0.0
fair_topk_seed7101_best,global_fine_rrf_hybrid_mw0.25_teleport10,20,75,100,17,0.616682546211958,60,0.9077658109863992,0,0.0,81.42,0,0.0,0,0.0,0,0.0,0,0.0,0,0.0,0,0.0,0,0.0,0,0.0,0,0.0,0,0.0,0,0.0
fair_topk_seed7101_best,global_fine_rrf_hybrid_mw0.25_teleport10,20,100,100,17,0.616682546211958,76,0.9412138515079691,0,0.0,81.42,0,0.0,0,0.0,0,0.0,0,0.0,0,0.0,0,0.0,0,0.0,0,0.0,0,0.0,0,0.0,0,0.0
fair_topk_seed7101_best,global_fine_rrf_hybrid_mw0.25_teleport5,20,50,100,17,0.616682546211958,43,0.8435364031393443,0,0.0,81.42,0,0.0,0,0.0,0,0.0,0,0.0,0,0.0,0,0.0,0,0.0,0,0.0,0,0.0,0,0.0,0,0.0
fair_topk_seed7101_best,global_fine_rrf_hybrid_mw0.25_teleport5,20,75,100,17,0.616682546211958,60,0.9093201096289332,0,0.0,81.42,0,0.0,0,0.0,0,0.0,0,0.0,0,0.0,0,0.0,0,0.0,0,0.0,0,0.0,0,0.0,0,0.0
fair_topk_seed7101_best,global_fine_rrf_hybrid_mw0.25_teleport5,20,100,100,17,0.616682546211958,80,0.9574681805122981,0,0.0,81.42,0,0.0,0,0.0,0,0.0,0,0.0,0,0.0,0,0.0,0,0.0,0,0.0,0,0.0,0,0.0,0,0.0
fair_topk_seed7101_best,global_fine_rrf_hybrid_mw0.5_teleport10,20,50,100,17,0.616682546211958,40,0.8361917380005616,0,0.0,81.42,0,0.0,0,0.0,0,0.0,0,0.0,0,0.0,0,0.0,0,0.0,0,0.0,0,0.0,0,0.0,0,0.0
fair_topk_seed7101_best,global_fine_rrf_hybrid_mw0.5_teleport10,20,75,100,17,0.616682546211958,61,0.9110744386332621,0,0.0,81.42,0,0.0,0,0.0,0,0.0,0,0.0,0,0.0,0,0.0,0,0.0,0,0.0,0,0.0,0,0.0,0,0.0
fair_topk_seed7101_best,global_fine_rrf_hybrid_mw0.5_teleport10,20,100,100,17,0.616682546211958,81,0.9661299452181805,0,0.0,81.42,0,0.0,0,0.0,0,0.0,0,0.0,0,0.0,0,0.0,0,0.0,0,0.0,0,0.0,0,0.0,0,0.0
fair_topk_seed7101_best,global_fine_rrf_hybrid_mw0.5_teleport5,20,50,100,17,0.616682546211958,39,0.837711218520042,0,0.0,81.42,0,0.0,0,0.0,0,0.0,0,0.0,0,0.0,0,0.0,0,0.0,0,0.0,0,0.0,0,0.0,0,0.0
fair_topk_seed7101_best,global_fine_rrf_hybrid_mw0.5_teleport5,20,75,100,17,0.616682546211958,62,0.9204914660502895,0,0.0,81.42,0,0.0,0,0.0,0,0.0,0,0.0,0,0.0,0,0.0,0,0.0,0,0.0,0,0.0,0,0.0,0,0.0
fair_topk_seed7101_best,global_fine_rrf_hybrid_mw0.5_teleport5,20,100,100,17,0.616682546211958,79,0.9621256162138515,0,0.0,81.42,0,0.0,0,0.0,0,0.0,0,0.0,0,0.0,0,0.0,0,0.0,0,0.0,0,0.0,0,0.0,0,0.0
fair_topk_seed7101_best,global_fine_rrf_hybrid_mw0.75_teleport10,20,50,100,17,0.616682546211958,40,0.8399608577696813,0,0.0,81.42,0,0.0,0,0.0,0,0.0,0,0.0,0,0.0,0,0.0,0,0.0,0,0.0,0,0.0,0,0.0,0,0.0
fair_topk_seed7101_best,global_fine_rrf_hybrid_mw0.75_teleport10,20,75,100,17,0.616682546211958,59,0.917388291447115,0,0.0,81.42,0,0.0,0,0.0,0,0.0,0,0.0,0,0.0,0,0.0,0,0.0,0,0.0,0,0.0,0,0.0,0,0.0
fair_topk_seed7101_best,global_fine_rrf_hybrid_mw0.75_teleport10,20,100,100,17,0.616682546211958,77,0.9557918862183569,0,0.0,81.42,0,0.0,0,0.0,0,0.0,0,0.0,0,0.0,0,0.0,0,0.0,0,0.0,0,0.0,0,0.0,0,0.0
fair_topk_seed7101_best,global_fine_rrf_hybrid_mw0.75_teleport5,20,50,100,17,0.616682546211958,39,0.8379059127147364,0,0.0,81.42,0,0.0,0,0.0,0,0.0,0,0.0,0,0.0,0,0.0,0,0.0,0,0.0,0,0.0,0,0.0,0,0.0
fair_topk_seed7101_best,global_fine_rrf_hybrid_mw0.75_teleport5,20,75,100,17,0.616682546211958,59,0.9111428702016937,0,0.0,81.42,0,0.0,0,0.0,0,0.0,0,0.0,0,0.0,0,0.0,0,0.0,0,0.0,0,0.0,0,0.0,0,0.0
fair_topk_seed7101_best,global_fine_rrf_hybrid_mw0.75_teleport5,20,100,100,17,0.616682546211958,77,0.9557918862183569,0,0.0,81.42,0,0.0,0,0.0,0,0.0,0,0.0,0,0.0,0,0.0,0,0.0,0,0.0,0,0.0,0,0.0,0,0.0
fair_topk_seed7101_final,coarse_hybrid_mw0.25_teleport10,20,50,100,16,0.6140641286817757,38,0.8341661443132031,0,0.0,81.74,0,0.0,0,0.0,0,0.0,0,0.0,0,0.0,0,0.0,0,0.0,0,0.0,0,0.0,0,0.0,0,0.0
fair_topk_seed7101_final,coarse_hybrid_mw0.25_teleport10,20,75,100,16,0.6140641286817757,58,0.8975562150268033,0,0.0,81.74,0,0.0,0,0.0,0,0.0,0,0.0,0,0.0,0,0.0,0,0.0,0,0.0,0,0.0,0,0.0,0,0.0
fair_topk_seed7101_final,coarse_hybrid_mw0.25_teleport10,20,100,100,16,0.6140641286817757,78,0.9439084069525246,0,0.0,81.74,0,0.0,0,0.0,0,0.0,0,0.0,0,0.0,0,0.0,0,0.0,0,0.0,0,0.0,0,0.0,0,0.0
fair_topk_seed7101_final,coarse_hybrid_mw0.25_teleport5,20,50,100,16,0.6140641286817757,40,0.8381115224644637,0,0.0,81.74,0,0.0,0,0.0,0,0.0,0,0.0,0,0.0,0,0.0,0,0.0,0,0.0,0,0.0,0,0.0,0,0.0
fair_topk_seed7101_final,coarse_hybrid_mw0.25_teleport5,20,75,100,16,0.6140641286817757,59,0.9072145844351727,0,0.0,81.74,0,0.0,0,0.0,0,0.0,0,0.0,0,0.0,0,0.0,0,0.0,0,0.0,0,0.0,0,0.0,0,0.0
fair_topk_seed7101_final,coarse_hybrid_mw0.25_teleport5,20,100,100,16,0.6140641286817757,79,0.9470634186075363,0,0.0,81.74,0,0.0,0,0.0,0,0.0,0,0.0,0,0.0,0,0.0,0,0.0,0,0.0,0,0.0,0,0.0,0,0.0
fair_topk_seed7101_final,coarse_hybrid_mw0.5_teleport10,20,50,100,16,0.6140641286817757,34,0.8362598920687156,0,0.0,81.74,0,0.0,0,0.0,0,0.0,0,0.0,0,0.0,0,0.0,0,0.0,0,0.0,0,0.0,0,0.0,0,0.0
fair_topk_seed7101_final,coarse_hybrid_mw0.5_teleport10,20,75,100,16,0.6140641286817757,58,0.9139013045777752,0,0.0,81.74,0,0.0,0,0.0,0,0.0,0,0.0,0,0.0,0,0.0,0,0.0,0,0.0,0,0.0,0,0.0,0,0.0
fair_topk_seed7101_final,coarse_hybrid_mw0.5_teleport10,20,100,100,16,0.6140641286817757,80,0.9579428643252172,0,0.0,81.74,0,0.0,0,0.0,0,0.0,0,0.0,0,0.0,0,0.0,0,0.0,0,0.0,0,0.0,0,0.0,0,0.0
fair_topk_seed7101_final,coarse_hybrid_mw0.5_teleport5,20,50,100,16,0.6140641286817757,35,0.8368912052000287,0,0.0,81.74,0,0.0,0,0.0,0,0.0,0,0.0,0,0.0,0,0.0,0,0.0,0,0.0,0,0.0,0,0.0,0,0.0
fair_topk_seed7101_final,coarse_hybrid_mw0.5_teleport5,20,75,100,16,0.6140641286817757,58,0.9165081242287124,0,0.0,81.74,0,0.0,0,0.0,0,0.0,0,0.0,0,0.0,0,0.0,0,0.0,0,0.0,0,0.0,0,0.0,0,0.0
fair_topk_seed7101_final,coarse_hybrid_mw0.5_teleport5,20,100,100,16,0.6140641286817757,76,0.9571401947725476,0,0.0,81.74,0,0.0,0,0.0,0,0.0,0,0.0,0,0.0,0,0.0,0,0.0,0,0.0,0,0.0,0,0.0,0,0.0
fair_topk_seed7101_final,coarse_hybrid_mw0.75_teleport10,20,50,100,16,0.6140641286817757,38,0.8371574389662625,0,0.0,81.74,0,0.0,0,0.0,0,0.0,0,0.0,0,0.0,0,0.0,0,0.0,0,0.0,0,0.0,0,0.0,0,0.0
fair_topk_seed7101_final,coarse_hybrid_mw0.75_teleport10,20,75,100,16,0.6140641286817757,52,0.9021274215980098,0,0.0,81.74,0,0.0,0,0.0,0,0.0,0,0.0,0,0.0,0,0.0,0,0.0,0,0.0,0,0.0,0,0.0,0,0.0
fair_topk_seed7101_final,coarse_hybrid_mw0.75_teleport10,20,100,100,16,0.6140641286817757,72,0.9540948887713594,0,0.0,81.74,0,0.0,0,0.0,0,0.0,0,0.0,0,0.0,0,0.0,0,0.0,0,0.0,0,0.0,0,0.0,0,0.0
fair_topk_seed7101_final,coarse_hybrid_mw0.75_teleport5,20,50,100,16,0.6140641286817757,37,0.833610430419254,0,0.0,81.74,0,0.0,0,0.0,0,0.0,0,0.0,0,0.0,0,0.0,0,0.0,0,0.0,0,0.0,0,0.0,0,0.0
fair_topk_seed7101_final,coarse_hybrid_mw0.75_teleport5,20,75,100,16,0.6140641286817757,52,0.8997897592603475,0,0.0,81.74,0,0.0,0,0.0,0,0.0,0,0.0,0,0.0,0,0.0,0,0.0,0,0.0,0,0.0,0,0.0,0,0.0
fair_topk_seed7101_final,coarse_hybrid_mw0.75_teleport5,20,100,100,16,0.6140641286817757,72,0.9531857978622685,0,0.0,81.74,0,0.0,0,0.0,0,0.0,0,0.0,0,0.0,0,0.0,0,0.0,0,0.0,0,0.0,0,0.0,0,0.0
fair_topk_seed7101_final,dual_hybrid_rrf_mw0.25_teleport10,20,50,100,18,0.6387351243527715,41,0.8409726335755748,0,0.0,81.74,0,0.0,0,0.0,0,0.0,0,0.0,0,0.0,0,0.0,0,0.0,0,0.0,0,0.0,0,0.0,0,0.0
fair_topk_seed7101_final,dual_hybrid_rrf_mw0.25_teleport10,20,75,100,18,0.6387351243527715,57,0.9012506594712477,0,0.0,81.74,0,0.0,0,0.0,0,0.0,0,0.0,0,0.0,0,0.0,0,0.0,0,0.0,0,0.0,0,0.0,0,0.0
fair_topk_seed7101_final,dual_hybrid_rrf_mw0.25_teleport10,20,100,100,18,0.6387351243527715,76,0.938832649376767,0,0.0,81.74,0,0.0,0,0.0,0,0.0,0,0.0,0,0.0,0,0.0,0,0.0,0,0.0,0,0.0,0,0.0,0,0.0
fair_topk_seed7101_final,dual_hybrid_rrf_mw0.25_teleport5,20,50,100,18,0.6348218154394625,43,0.8484344952433187,0,0.0,81.74,0,0.0,0,0.0,0,0.0,0,0.0,0,0.0,0,0.0,0,0.0,0,0.0,0,0.0,0,0.0,0,0.0
fair_topk_seed7101_final,dual_hybrid_rrf_mw0.25_teleport5,20,75,100,18,0.6348218154394625,56,0.9060836320542203,0,0.0,81.74,0,0.0,0,0.0,0,0.0,0,0.0,0,0.0,0,0.0,0,0.0,0,0.0,0,0.0,0,0.0,0,0.0
fair_topk_seed7101_final,dual_hybrid_rrf_mw0.25_teleport5,20,100,100,18,0.6348218154394625,75,0.9451348471789649,0,0.0,81.74,0,0.0,0,0.0,0,0.0,0,0.0,0,0.0,0,0.0,0,0.0,0,0.0,0,0.0,0,0.0,0,0.0
fair_topk_seed7101_final,dual_hybrid_rrf_mw0.5_teleport10,20,50,100,16,0.6304732195908667,41,0.8455539036127271,0,0.0,81.74,0,0.0,0,0.0,0,0.0,0,0.0,0,0.0,0,0.0,0,0.0,0,0.0,0,0.0,0,0.0,0,0.0
fair_topk_seed7101_final,dual_hybrid_rrf_mw0.5_teleport10,20,75,100,16,0.6304732195908667,57,0.9148054935260818,0,0.0,81.74,0,0.0,0,0.0,0,0.0,0,0.0,0,0.0,0,0.0,0,0.0,0,0.0,0,0.0,0,0.0,0,0.0
fair_topk_seed7101_final,dual_hybrid_rrf_mw0.5_teleport10,20,100,100,16,0.6304732195908667,77,0.9549077229959583,0,0.0,81.74,0,0.0,0,0.0,0,0.0,0,0.0,0,0.0,0,0.0,0,0.0,0,0.0,0,0.0,0,0.0,0,0.0
fair_topk_seed7101_final,dual_hybrid_rrf_mw0.5_teleport5,20,50,100,16,0.6284732195908667,42,0.8457685500773736,0,0.0,81.74,0,0.0,0,0.0,0,0.0,0,0.0,0,0.0,0,0.0,0,0.0,0,0.0,0,0.0,0,0.0,0,0.0
fair_topk_seed7101_final,dual_hybrid_rrf_mw0.5_teleport5,20,75,100,16,0.6284732195908667,57,0.9117935887641769,0,0.0,81.74,0,0.0,0,0.0,0,0.0,0,0.0,0,0.0,0,0.0,0,0.0,0,0.0,0,0.0,0,0.0,0,0.0
fair_topk_seed7101_final,dual_hybrid_rrf_mw0.5_teleport5,20,100,100,16,0.6284732195908667,78,0.9600819654202007,0,0.0,81.74,0,0.0,0,0.0,0,0.0,0,0.0,0,0.0,0,0.0,0,0.0,0,0.0,0,0.0,0,0.0,0,0.0
fair_topk_seed7101_final,dual_hybrid_rrf_mw0.75_teleport10,20,50,100,16,0.6215733596468891,42,0.8458497466585702,0,0.0,81.74,0,0.0,0,0.0,0,0.0,0,0.0,0,0.0,0,0.0,0,0.0,0,0.0,0,0.0,0,0.0,0,0.0
fair_topk_seed7101_final,dual_hybrid_rrf_mw0.75_teleport10,20,75,100,16,0.6215733596468891,58,0.9121671041376923,0,0.0,81.74,0,0.0,0,0.0,0,0.0,0,0.0,0,0.0,0,0.0,0,0.0,0,0.0,0,0.0,0,0.0,0,0.0
fair_topk_seed7101_final,dual_hybrid_rrf_mw0.75_teleport10,20,100,100,16,0.6215733596468891,73,0.9542344991609697,0,0.0,81.74,0,0.0,0,0.0,0,0.0,0,0.0,0,0.0,0,0.0,0,0.0,0,0.0,0,0.0,0,0.0,0,0.0
fair_topk_seed7101_final,dual_hybrid_rrf_mw0.75_teleport5,20,50,100,16,0.6207400263135557,43,0.8491830799919035,0,0.0,81.74,0,0.0,0,0.0,0,0.0,0,0.0,0,0.0,0,0.0,0,0.0,0,0.0,0,0.0,0,0.0,0,0.0
fair_topk_seed7101_final,dual_hybrid_rrf_mw0.75_teleport5,20,75,100,16,0.6207400263135557,56,0.909488532709121,0,0.0,81.74,0,0.0,0,0.0,0,0.0,0,0.0,0,0.0,0,0.0,0,0.0,0,0.0,0,0.0,0,0.0,0,0.0
fair_topk_seed7101_final,dual_hybrid_rrf_mw0.75_teleport5,20,100,100,16,0.6207400263135557,71,0.9518627042891749,0,0.0,81.74,0,0.0,0,0.0,0,0.0,0,0.0,0,0.0,0,0.0,0,0.0,0,0.0,0,0.0,0,0.0,0,0.0
fair_topk_seed7101_final,fixed,20,20,100,16,0.6140641286817757,16,0.6140641286817757,0,0.0,81.74,0,0.0,0,0.0,0,0.0,0,0.0,0,0.0,0,0.0,0,0.0,0,0.0,0,0.0,0,0.0,0,0.0
fair_topk_seed7101_final,fixed,50,50,100,32,0.803467101525925,32,0.803467101525925,0,0.0,81.74,0,0.0,0,0.0,0,0.0,0,0.0,0,0.0,0,0.0,0,0.0,0,0.0,0,0.0,0,0.0,0,0.0
fair_topk_seed7101_final,fixed,100,100,100,62,0.9385630317395024,62,0.9385630317395024,0,0.0,81.74,0,0.0,0,0.0,0,0.0,0,0.0,0,0.0,0,0.0,0,0.0,0,0.0,0,0.0,0,0.0,0,0.0
fair_topk_seed7101_final,fixed_dual_hybrid_rrf_mw0.25_teleport10,20,50,100,16,0.624008933876581,42,0.8443392571480807,0,0.0,81.74,0,0.0,0,0.0,0,0.0,0,0.0,0,0.0,0,0.0,0,0.0,0,0.0,0,0.0,0,0.0,0,0.0
fair_topk_seed7101_final,fixed_dual_hybrid_rrf_mw0.25_teleport10,20,75,100,16,0.624008933876581,56,0.9039315439462499,0,0.0,81.74,0,0.0,0,0.0,0,0.0,0,0.0,0,0.0,0,0.0,0,0.0,0,0.0,0,0.0,0,0.0,0,0.0
fair_topk_seed7101_final,fixed_dual_hybrid_rrf_mw0.25_teleport10,20,100,100,16,0.624008933876581,78,0.9543393289716819,0,0.0,81.74,0,0.0,0,0.0,0,0.0,0,0.0,0,0.0,0,0.0,0,0.0,0,0.0,0,0.0,0,0.0,0,0.0
fair_topk_seed7101_final,fixed_dual_hybrid_rrf_mw0.25_teleport5,20,50,100,16,0.6253734027410498,43,0.848129300438124,0,0.0,81.74,0,0.0,0,0.0,0,0.0,0,0.0,0,0.0,0,0.0,0,0.0,0,0.0,0,0.0,0,0.0,0,0.0
fair_topk_seed7101_final,fixed_dual_hybrid_rrf_mw0.25_teleport5,20,75,100,16,0.6253734027410498,58,0.912022453037159,0,0.0,81.74,0,0.0,0,0.0,0,0.0,0,0.0,0,0.0,0,0.0,0,0.0,0,0.0,0,0.0,0,0.0,0,0.0
fair_topk_seed7101_final,fixed_dual_hybrid_rrf_mw0.25_teleport5,20,100,100,16,0.6253734027410498,80,0.9582837734161264,0,0.0,81.74,0,0.0,0,0.0,0,0.0,0,0.0,0,0.0,0,0.0,0,0.0,0,0.0,0,0.0,0,0.0,0,0.0
fair_topk_seed7101_final,fixed_dual_hybrid_rrf_mw0.5_teleport10,20,50,100,16,0.6257113148289619,41,0.8461018834107069,0,0.0,81.74,0,0.0,0,0.0,0,0.0,0,0.0,0,0.0,0,0.0,0,0.0,0,0.0,0,0.0,0,0.0,0,0.0
fair_topk_seed7101_final,fixed_dual_hybrid_rrf_mw0.5_teleport10,20,75,100,16,0.6257113148289619,55,0.907222659693248,0,0.0,81.74,0,0.0,0,0.0,0,0.0,0,0.0,0,0.0,0,0.0,0,0.0,0,0.0,0,0.0,0,0.0,0,0.0
fair_topk_seed7101_final,fixed_dual_hybrid_rrf_mw0.5_teleport10,20,100,100,16,0.6257113148289619,75,0.955743730126083,0,0.0,81.74,0,0.0,0,0.0,0,0.0,0,0.0,0,0.0,0,0.0,0,0.0,0,0.0,0,0.0,0,0.0,0,0.0
fair_topk_seed7101_final,fixed_dual_hybrid_rrf_mw0.5_teleport5,20,50,100,16,0.6242424503600974,40,0.8415548748636984,0,0.0,81.74,0,0.0,0,0.0,0,0.0,0,0.0,0,0.0,0,0.0,0,0.0,0,0.0,0,0.0,0,0.0,0,0.0
fair_topk_seed7101_final,fixed_dual_hybrid_rrf_mw0.5_teleport5,20,75,100,16,0.6242424503600974,57,0.911722659693248,0,0.0,81.74,0,0.0,0,0.0,0,0.0,0,0.0,0,0.0,0,0.0,0,0.0,0,0.0,0,0.0,0,0.0,0,0.0
fair_topk_seed7101_final,fixed_dual_hybrid_rrf_mw0.5_teleport5,20,100,100,16,0.6242424503600974,76,0.9577513058836589,0,0.0,81.74,0,0.0,0,0.0,0,0.0,0,0.0,0,0.0,0,0.0,0,0.0,0,0.0,0,0.0,0,0.0,0,0.0
fair_topk_seed7101_final,fixed_dual_hybrid_rrf_mw0.75_teleport10,20,50,100,15,0.6211591170267641,40,0.8417858938447174,0,0.0,81.74,0,0.0,0,0.0,0,0.0,0,0.0,0,0.0,0,0.0,0,0.0,0,0.0,0,0.0,0,0.0,0,0.0
fair_topk_seed7101_final,fixed_dual_hybrid_rrf_mw0.75_teleport10,20,75,100,15,0.6211591170267641,55,0.9043774215980099,0,0.0,81.74,0,0.0,0,0.0,0,0.0,0,0.0,0,0.0,0,0.0,0,0.0,0,0.0,0,0.0,0,0.0,0,0.0
fair_topk_seed7101_final,fixed_dual_hybrid_rrf_mw0.75_teleport10,20,100,100,15,0.6211591170267641,71,0.9513137532402238,0,0.0,81.74,0,0.0,0,0.0,0,0.0,0,0.0,0,0.0,0,0.0,0,0.0,0,0.0,0,0.0,0,0.0,0,0.0
fair_topk_seed7101_final,fixed_dual_hybrid_rrf_mw0.75_teleport5,20,50,100,15,0.6238376884553355,40,0.8391073224161459,0,0.0,81.74,0,0.0,0,0.0,0,0.0,0,0.0,0,0.0,0,0.0,0,0.0,0,0.0,0,0.0,0,0.0,0,0.0
fair_topk_seed7101_final,fixed_dual_hybrid_rrf_mw0.75_teleport5,20,75,100,15,0.6238376884553355,55,0.9043774215980099,0,0.0,81.74,0,0.0,0,0.0,0,0.0,0,0.0,0,0.0,0,0.0,0,0.0,0,0.0,0,0.0,0,0.0,0,0.0
fair_topk_seed7101_final,fixed_dual_hybrid_rrf_mw0.75_teleport5,20,100,100,15,0.6238376884553355,71,0.9513137532402238,0,0.0,81.74,0,0.0,0,0.0,0,0.0,0,0.0,0,0.0,0,0.0,0,0.0,0,0.0,0,0.0,0,0.0,0,0.0
fair_topk_seed7101_final,global_fine_rrf_fixed,20,20,100,17,0.6214744030479324,17,0.6214744030479324,0,0.0,81.74,0,0.0,0,0.0,0,0.0,0,0.0,0,0.0,0,0.0,0,0.0,0,0.0,0,0.0,0,0.0,0,0.0
fair_topk_seed7101_final,global_fine_rrf_fixed,50,50,100,34,0.8019375852905264,34,0.8019375852905264,0,0.0,81.74,0,0.0,0,0.0,0,0.0,0,0.0,0,0.0,0,0.0,0,0.0,0,0.0,0,0.0,0,0.0,0,0.0
fair_topk_seed7101_final,global_fine_rrf_fixed,100,100,100,68,0.9453629540394246,68,0.9453629540394246,0,0.0,81.74,0,0.0,0,0.0,0,0.0,0,0.0,0,0.0,0,0.0,0,0.0,0,0.0,0,0.0,0,0.0,0,0.0
fair_topk_seed7101_final,global_fine_rrf_hybrid_mw0.25_teleport10,20,50,100,17,0.6214744030479324,43,0.8411187374716786,0,0.0,81.74,0,0.0,0,0.0,0,0.0,0,0.0,0,0.0,0,0.0,0,0.0,0,0.0,0,0.0,0,0.0,0,0.0
fair_topk_seed7101_final,global_fine_rrf_hybrid_mw0.25_teleport10,20,75,100,17,0.6214744030479324,56,0.9008025699790406,0,0.0,81.74,0,0.0,0,0.0,0,0.0,0,0.0,0,0.0,0,0.0,0,0.0,0,0.0,0,0.0,0,0.0,0,0.0
fair_topk_seed7101_final,global_fine_rrf_hybrid_mw0.25_teleport10,20,100,100,17,0.6214744030479324,75,0.9336540779481957,0,0.0,81.74,0,0.0,0,0.0,0,0.0,0,0.0,0,0.0,0,0.0,0,0.0,0,0.0,0,0.0,0,0.0,0,0.0
fair_topk_seed7101_final,global_fine_rrf_hybrid_mw0.25_teleport5,20,50,100,17,0.6214744030479324,44,0.8445085976115387,0,0.0,81.74,0,0.0,0,0.0,0,0.0,0,0.0,0,0.0,0,0.0,0,0.0,0,0.0,0,0.0,0,0.0,0,0.0
fair_topk_seed7101_final,global_fine_rrf_hybrid_mw0.25_teleport5,20,75,100,17,0.6214744030479324,56,0.9101941326647208,0,0.0,81.74,0,0.0,0,0.0,0,0.0,0,0.0,0,0.0,0,0.0,0,0.0,0,0.0,0,0.0,0,0.0,0,0.0
fair_topk_seed7101_final,global_fine_rrf_hybrid_mw0.25_teleport5,20,100,100,17,0.6214744030479324,76,0.9455515138456314,0,0.0,81.74,0,0.0,0,0.0,0,0.0,0,0.0,0,0.0,0,0.0,0,0.0,0,0.0,0,0.0,0,0.0,0,0.0
fair_topk_seed7101_final,global_fine_rrf_hybrid_mw0.5_teleport10,20,50,100,17,0.6214744030479324,42,0.8416011994541407,0,0.0,81.74,0,0.0,0,0.0,0,0.0,0,0.0,0,0.0,0,0.0,0,0.0,0,0.0,0,0.0,0,0.0,0,0.0
fair_topk_seed7101_final,global_fine_rrf_hybrid_mw0.5_teleport10,20,75,100,17,0.6214744030479324,57,0.9084813911578616,0,0.0,81.74,0,0.0,0,0.0,0,0.0,0,0.0,0,0.0,0,0.0,0,0.0,0,0.0,0,0.0,0,0.0,0,0.0
fair_topk_seed7101_final,global_fine_rrf_hybrid_mw0.5_teleport10,20,100,100,17,0.6214744030479324,75,0.9496384922267275,0,0.0,81.74,0,0.0,0,0.0,0,0.0,0,0.0,0,0.0,0,0.0,0,0.0,0,0.0,0,0.0,0,0.0,0,0.0
fair_topk_seed7101_final,global_fine_rrf_hybrid_mw0.5_teleport5,20,50,100,17,0.6214744030479324,43,0.8421818589906824,0,0.0,81.74,0,0.0,0,0.0,0,0.0,0,0.0,0,0.0,0,0.0,0,0.0,0,0.0,0,0.0,0,0.0,0,0.0
fair_topk_seed7101_final,global_fine_rrf_hybrid_mw0.5_teleport5,20,75,100,17,0.6214744030479324,54,0.9091377446083329,0,0.0,81.74,0,0.0,0,0.0,0,0.0,0,0.0,0,0.0,0,0.0,0,0.0,0,0.0,0,0.0,0,0.0,0,0.0
fair_topk_seed7101_final,global_fine_rrf_hybrid_mw0.5_teleport5,20,100,100,17,0.6214744030479324,75,0.9538801949684302,0,0.0,81.74,0,0.0,0,0.0,0,0.0,0,0.0,0,0.0,0,0.0,0,0.0,0,0.0,0,0.0,0,0.0,0,0.0
fair_topk_seed7101_final,global_fine_rrf_hybrid_mw0.75_teleport10,20,50,100,17,0.6214744030479324,40,0.8356949847538082,0,0.0,81.74,0,0.0,0,0.0,0,0.0,0,0.0,0,0.0,0,0.0,0,0.0,0,0.0,0,0.0,0,0.0,0,0.0
fair_topk_seed7101_final,global_fine_rrf_hybrid_mw0.75_teleport10,20,75,100,17,0.6214744030479324,56,0.9131298456445515,0,0.0,81.74,0,0.0,0,0.0,0,0.0,0,0.0,0,0.0,0,0.0,0,0.0,0,0.0,0,0.0,0,0.0,0,0.0
fair_topk_seed7101_final,global_fine_rrf_hybrid_mw0.75_teleport10,20,100,100,17,0.6214744030479324,69,0.9437323248646778,0,0.0,81.74,0,0.0,0,0.0,0,0.0,0,0.0,0,0.0,0,0.0,0,0.0,0,0.0,0,0.0,0,0.0,0,0.0
fair_topk_seed7101_final,global_fine_rrf_hybrid_mw0.75_teleport5,20,50,100,17,0.6214744030479324,38,0.8311116514204749,0,0.0,81.74,0,0.0,0,0.0,0,0.0,0,0.0,0,0.0,0,0.0,0,0.0,0,0.0,0,0.0,0,0.0,0,0.0
fair_topk_seed7101_final,global_fine_rrf_hybrid_mw0.75_teleport5,20,75,100,17,0.6214744030479324,55,0.9081615916762975,0,0.0,81.74,0,0.0,0,0.0,0,0.0,0,0.0,0,0.0,0,0.0,0,0.0,0,0.0,0,0.0,0,0.0,0,0.0
fair_topk_seed7101_final,global_fine_rrf_hybrid_mw0.75_teleport5,20,100,100,17,0.6214744030479324,69,0.9457323248646778,0,0.0,81.74,0,0.0,0,0.0,0,0.0,0,0.0,0,0.0,0,0.0,0,0.0,0,0.0,0,0.0,0,0.0,0,0.0
