model,method,seed_k,coarse_budget,queries,seed_fullcov,avg_seed_recall,expanded_fullcov,avg_expanded_recall,fine_pool_fullcov,avg_fine_pool_recall,avg_max_true_coarse_rank,fine_fullcov_at_25,avg_fine_recall_at_25,fine_fullcov_at_50,avg_fine_recall_at_50,fine_fullcov_at_75,avg_fine_recall_at_75,fine_fullcov_at_100,avg_fine_recall_at_100,fine_fullcov_at_150,avg_fine_recall_at_150,fine_fullcov_at_200,avg_fine_recall_at_200,fine_fullcov_at_250,avg_fine_recall_at_250,fine_fullcov_at_300,avg_fine_recall_at_300,fine_fullcov_at_400,avg_fine_recall_at_400,fine_fullcov_at_625,avg_fine_recall_at_625,fine_fullcov_at_750,avg_fine_recall_at_750
fair_control_seed7101_best,coarse_hybrid_mw0.25_teleport10,20,50,100,23,0.6496791958041958,37,0.827449272949273,0,0.0,76.41,0,0.0,0,0.0,0,0.0,0,0.0,0,0.0,0,0.0,0,0.0,0,0.0,0,0.0,0,0.0,0,0.0
fair_control_seed7101_best,coarse_hybrid_mw0.25_teleport10,20,75,100,23,0.6496791958041958,53,0.8872112887112887,0,0.0,76.41,0,0.0,0,0.0,0,0.0,0,0.0,0,0.0,0,0.0,0,0.0,0,0.0,0,0.0,0,0.0,0,0.0
fair_control_seed7101_best,coarse_hybrid_mw0.25_teleport10,20,100,100,23,0.6496791958041958,74,0.9368361083361083,0,0.0,76.41,0,0.0,0,0.0,0,0.0,0,0.0,0,0.0,0,0.0,0,0.0,0,0.0,0,0.0,0,0.0,0,0.0
fair_control_seed7101_best,coarse_hybrid_mw0.25_teleport5,20,50,100,23,0.6496791958041958,38,0.8309085775335775,0,0.0,76.41,0,0.0,0,0.0,0,0.0,0,0.0,0,0.0,0,0.0,0,0.0,0,0.0,0,0.0,0,0.0,0,0.0
fair_control_seed7101_best,coarse_hybrid_mw0.25_teleport5,20,75,100,23,0.6496791958041958,55,0.8960756465756465,0,0.0,76.41,0,0.0,0,0.0,0,0.0,0,0.0,0,0.0,0,0.0,0,0.0,0,0.0,0,0.0,0,0.0,0,0.0
fair_control_seed7101_best,coarse_hybrid_mw0.25_teleport5,20,100,100,23,0.6496791958041958,73,0.9398202353202353,0,0.0,76.41,0,0.0,0,0.0,0,0.0,0,0.0,0,0.0,0,0.0,0,0.0,0,0.0,0,0.0,0,0.0,0,0.0
fair_control_seed7101_best,coarse_hybrid_mw0.5_teleport10,20,50,100,23,0.6496791958041958,37,0.830913197913198,0,0.0,76.41,0,0.0,0,0.0,0,0.0,0,0.0,0,0.0,0,0.0,0,0.0,0,0.0,0,0.0,0,0.0,0,0.0
fair_control_seed7101_best,coarse_hybrid_mw0.5_teleport10,20,75,100,23,0.6496791958041958,55,0.9026506826506826,0,0.0,76.41,0,0.0,0,0.0,0,0.0,0,0.0,0,0.0,0,0.0,0,0.0,0,0.0,0,0.0,0,0.0,0,0.0
fair_control_seed7101_best,coarse_hybrid_mw0.5_teleport10,20,100,100,23,0.6496791958041958,72,0.9443245643245644,0,0.0,76.41,0,0.0,0,0.0,0,0.0,0,0.0,0,0.0,0,0.0,0,0.0,0,0.0,0,0.0,0,0.0,0,0.0
fair_control_seed7101_best,coarse_hybrid_mw0.5_teleport5,20,50,100,23,0.6496791958041958,37,0.8284985153735154,0,0.0,76.41,0,0.0,0,0.0,0,0.0,0,0.0,0,0.0,0,0.0,0,0.0,0,0.0,0,0.0,0,0.0,0,0.0
fair_control_seed7101_best,coarse_hybrid_mw0.5_teleport5,20,75,100,23,0.6496791958041958,51,0.8956241674991675,0,0.0,76.41,0,0.0,0,0.0,0,0.0,0,0.0,0,0.0,0,0.0,0,0.0,0,0.0,0,0.0,0,0.0,0,0.0
fair_control_seed7101_best,coarse_hybrid_mw0.5_teleport5,20,100,100,23,0.6496791958041958,74,0.9482690087690088,0,0.0,76.41,0,0.0,0,0.0,0,0.0,0,0.0,0,0.0,0,0.0,0,0.0,0,0.0,0,0.0,0,0.0,0,0.0
fair_control_seed7101_best,coarse_hybrid_mw0.75_teleport10,20,50,100,23,0.6496791958041958,39,0.8322851315351315,0,0.0,76.41,0,0.0,0,0.0,0,0.0,0,0.0,0,0.0,0,0.0,0,0.0,0,0.0,0,0.0,0,0.0,0,0.0
fair_control_seed7101_best,coarse_hybrid_mw0.75_teleport10,20,75,100,23,0.6496791958041958,50,0.9030855672105672,0,0.0,76.41,0,0.0,0,0.0,0,0.0,0,0.0,0,0.0,0,0.0,0,0.0,0,0.0,0,0.0,0,0.0,0,0.0
fair_control_seed7101_best,coarse_hybrid_mw0.75_teleport10,20,100,100,23,0.6496791958041958,72,0.9519313464313464,0,0.0,76.41,0,0.0,0,0.0,0,0.0,0,0.0,0,0.0,0,0.0,0,0.0,0,0.0,0,0.0,0,0.0,0,0.0
fair_control_seed7101_best,coarse_hybrid_mw0.75_teleport5,20,50,100,23,0.6496791958041958,39,0.8303129093129092,0,0.0,76.41,0,0.0,0,0.0,0,0.0,0,0.0,0,0.0,0,0.0,0,0.0,0,0.0,0,0.0,0,0.0,0,0.0
fair_control_seed7101_best,coarse_hybrid_mw0.75_teleport5,20,75,100,23,0.6496791958041958,49,0.897922397047397,0,0.0,76.41,0,0.0,0,0.0,0,0.0,0,0.0,0,0.0,0,0.0,0,0.0,0,0.0,0,0.0,0,0.0,0,0.0
fair_control_seed7101_best,coarse_hybrid_mw0.75_teleport5,20,100,100,23,0.6496791958041958,70,0.9500563464313464,0,0.0,76.41,0,0.0,0,0.0,0,0.0,0,0.0,0,0.0,0,0.0,0,0.0,0,0.0,0,0.0,0,0.0,0,0.0
fair_control_seed7101_best,dual_hybrid_rrf_mw0.25_teleport10,20,50,100,26,0.6840176906426906,40,0.8361780580530581,0,0.0,76.41,0,0.0,0,0.0,0,0.0,0,0.0,0,0.0,0,0.0,0,0.0,0,0.0,0,0.0,0,0.0,0,0.0
fair_control_seed7101_best,dual_hybrid_rrf_mw0.25_teleport10,20,75,100,26,0.6840176906426906,53,0.8909057331557331,0,0.0,76.41,0,0.0,0,0.0,0,0.0,0,0.0,0,0.0,0,0.0,0,0.0,0,0.0,0,0.0,0,0.0,0,0.0
fair_control_seed7101_best,dual_hybrid_rrf_mw0.25_teleport10,20,100,100,26,0.6840176906426906,76,0.9403361083361084,0,0.0,76.41,0,0.0,0,0.0,0,0.0,0,0.0,0,0.0,0,0.0,0,0.0,0,0.0,0,0.0,0,0.0,0,0.0
fair_control_seed7101_best,dual_hybrid_rrf_mw0.25_teleport5,20,50,100,26,0.684101023976024,40,0.8375454822954823,0,0.0,76.41,0,0.0,0,0.0,0,0.0,0,0.0,0,0.0,0,0.0,0,0.0,0,0.0,0,0.0,0,0.0,0,0.0
fair_control_seed7101_best,dual_hybrid_rrf_mw0.25_teleport5,20,75,100,26,0.684101023976024,54,0.8967542180042181,0,0.0,76.41,0,0.0,0,0.0,0,0.0,0,0.0,0,0.0,0,0.0,0,0.0,0,0.0,0,0.0,0,0.0,0,0.0
fair_control_seed7101_best,dual_hybrid_rrf_mw0.25_teleport5,20,100,100,26,0.684101023976024,77,0.9477249972249971,0,0.0,76.41,0,0.0,0,0.0,0,0.0,0,0.0,0,0.0,0,0.0,0,0.0,0,0.0,0,0.0,0,0.0,0,0.0
fair_control_seed7101_best,dual_hybrid_rrf_mw0.5_teleport10,20,50,100,26,0.6784300283050283,39,0.8400980824730824,0,0.0,76.41,0,0.0,0,0.0,0,0.0,0,0.0,0,0.0,0,0.0,0,0.0,0,0.0,0,0.0,0,0.0,0,0.0
fair_control_seed7101_best,dual_hybrid_rrf_mw0.5_teleport10,20,75,100,26,0.6784300283050283,59,0.9105363247863248,0,0.0,76.41,0,0.0,0,0.0,0,0.0,0,0.0,0,0.0,0,0.0,0,0.0,0,0.0,0,0.0,0,0.0,0,0.0
fair_control_seed7101_best,dual_hybrid_rrf_mw0.5_teleport10,20,100,100,26,0.6784300283050283,76,0.9531737706737706,0,0.0,76.41,0,0.0,0,0.0,0,0.0,0,0.0,0,0.0,0,0.0,0,0.0,0,0.0,0,0.0,0,0.0,0,0.0
fair_control_seed7101_best,dual_hybrid_rrf_mw0.5_teleport5,20,50,100,26,0.6771800283050282,38,0.8384955183705184,0,0.0,76.41,0,0.0,0,0.0,0,0.0,0,0.0,0,0.0,0,0.0,0,0.0,0,0.0,0,0.0,0,0.0,0,0.0
fair_control_seed7101_best,dual_hybrid_rrf_mw0.5_teleport5,20,75,100,26,0.6771800283050282,57,0.905713813963814,0,0.0,76.41,0,0.0,0,0.0,0,0.0,0,0.0,0,0.0,0,0.0,0,0.0,0,0.0,0,0.0,0,0.0,0,0.0
fair_control_seed7101_best,dual_hybrid_rrf_mw0.5_teleport5,20,100,100,26,0.6771800283050282,78,0.9632690087690088,0,0.0,76.41,0,0.0,0,0.0,0,0.0,0,0.0,0,0.0,0,0.0,0,0.0,0,0.0,0,0.0,0,0.0,0,0.0
fair_control_seed7101_best,dual_hybrid_rrf_mw0.75_teleport10,20,50,100,26,0.6761383616383617,41,0.8402765429015429,0,0.0,76.41,0,0.0,0,0.0,0,0.0,0,0.0,0,0.0,0,0.0,0,0.0,0,0.0,0,0.0,0,0.0,0,0.0
fair_control_seed7101_best,dual_hybrid_rrf_mw0.75_teleport10,20,75,100,26,0.6761383616383617,55,0.906513306138306,0,0.0,76.41,0,0.0,0,0.0,0,0.0,0,0.0,0,0.0,0,0.0,0,0.0,0,0.0,0,0.0,0,0.0,0,0.0
fair_control_seed7101_best,dual_hybrid_rrf_mw0.75_teleport10,20,100,100,26,0.6761383616383617,76,0.962225357975358,0,0.0,76.41,0,0.0,0,0.0,0,0.0,0,0.0,0,0.0,0,0.0,0,0.0,0,0.0,0,0.0,0,0.0,0,0.0
fair_control_seed7101_best,dual_hybrid_rrf_mw0.75_teleport5,20,50,100,26,0.6761383616383617,41,0.8402765429015429,0,0.0,76.41,0,0.0,0,0.0,0,0.0,0,0.0,0,0.0,0,0.0,0,0.0,0,0.0,0,0.0,0,0.0,0,0.0
fair_control_seed7101_best,dual_hybrid_rrf_mw0.75_teleport5,20,75,100,26,0.6761383616383617,55,0.9089418775668776,0,0.0,76.41,0,0.0,0,0.0,0,0.0,0,0.0,0,0.0,0,0.0,0,0.0,0,0.0,0,0.0,0,0.0,0,0.0
fair_control_seed7101_best,dual_hybrid_rrf_mw0.75_teleport5,20,100,100,26,0.6761383616383617,76,0.961316267066267,0,0.0,76.41,0,0.0,0,0.0,0,0.0,0,0.0,0,0.0,0,0.0,0,0.0,0,0.0,0,0.0,0,0.0,0,0.0
fair_control_seed7101_best,fixed,20,20,100,23,0.6496791958041958,23,0.6496791958041958,0,0.0,76.41,0,0.0,0,0.0,0,0.0,0,0.0,0,0.0,0,0.0,0,0.0,0,0.0,0,0.0,0,0.0,0,0.0
fair_control_seed7101_best,fixed,50,50,100,38,0.819463591963592,38,0.819463591963592,0,0.0,76.41,0,0.0,0,0.0,0,0.0,0,0.0,0,0.0,0,0.0,0,0.0,0,0.0,0,0.0,0,0.0,0,0.0
fair_control_seed7101_best,fixed,100,100,100,62,0.9360552641802642,62,0.9360552641802642,0,0.0,76.41,0,0.0,0,0.0,0,0.0,0,0.0,0,0.0,0,0.0,0,0.0,0,0.0,0,0.0,0,0.0,0,0.0
fair_control_seed7101_best,fixed_dual_hybrid_rrf_mw0.25_teleport10,20,50,100,26,0.6738350399600399,38,0.8404056221556222,0,0.0,76.41,0,0.0,0,0.0,0,0.0,0,0.0,0,0.0,0,0.0,0,0.0,0,0.0,0,0.0,0,0.0,0,0.0
fair_control_seed7101_best,fixed_dual_hybrid_rrf_mw0.25_teleport10,20,75,100,26,0.6738350399600399,57,0.8987112887112887,0,0.0,76.41,0,0.0,0,0.0,0,0.0,0,0.0,0,0.0,0,0.0,0,0.0,0,0.0,0,0.0,0,0.0,0,0.0
fair_control_seed7101_best,fixed_dual_hybrid_rrf_mw0.25_teleport10,20,100,100,26,0.6738350399600399,77,0.9502249972249972,0,0.0,76.41,0,0.0,0,0.0,0,0.0,0,0.0,0,0.0,0,0.0,0,0.0,0,0.0,0,0.0,0,0.0,0,0.0
fair_control_seed7101_best,fixed_dual_hybrid_rrf_mw0.25_teleport5,20,50,100,27,0.6749461510711511,40,0.8408447247197247,0,0.0,76.41,0,0.0,0,0.0,0,0.0,0,0.0,0,0.0,0,0.0,0,0.0,0,0.0,0,0.0,0,0.0,0,0.0
fair_control_seed7101_best,fixed_dual_hybrid_rrf_mw0.25_teleport5,20,75,100,27,0.6749461510711511,54,0.8976153291153292,0,0.0,76.41,0,0.0,0,0.0,0,0.0,0,0.0,0,0.0,0,0.0,0,0.0,0,0.0,0,0.0,0,0.0,0,0.0
fair_control_seed7101_best,fixed_dual_hybrid_rrf_mw0.25_teleport5,20,100,100,27,0.6749461510711511,75,0.9527690087690088,0,0.0,76.41,0,0.0,0,0.0,0,0.0,0,0.0,0,0.0,0,0.0,0,0.0,0,0.0,0,0.0,0,0.0,0,0.0
fair_control_seed7101_best,fixed_dual_hybrid_rrf_mw0.5_teleport10,20,50,100,27,0.6740370601620601,39,0.8382925269175269,0,0.0,76.41,0,0.0,0,0.0,0,0.0,0,0.0,0,0.0,0,0.0,0,0.0,0,0.0,0,0.0,0,0.0,0,0.0
fair_control_seed7101_best,fixed_dual_hybrid_rrf_mw0.5_teleport10,20,75,100,27,0.6740370601620601,55,0.9041809856809857,0,0.0,76.41,0,0.0,0,0.0,0,0.0,0,0.0,0,0.0,0,0.0,0,0.0,0,0.0,0,0.0,0,0.0,0,0.0
fair_control_seed7101_best,fixed_dual_hybrid_rrf_mw0.5_teleport10,20,100,100,27,0.6740370601620601,75,0.9571813464313464,0,0.0,76.41,0,0.0,0,0.0,0,0.0,0,0.0,0,0.0,0,0.0,0,0.0,0,0.0,0,0.0,0,0.0,0,0.0
fair_control_seed7101_best,fixed_dual_hybrid_rrf_mw0.5_teleport5,20,50,100,27,0.6740370601620601,38,0.8334432095682095,0,0.0,76.41,0,0.0,0,0.0,0,0.0,0,0.0,0,0.0,0,0.0,0,0.0,0,0.0,0,0.0,0,0.0,0,0.0
fair_control_seed7101_best,fixed_dual_hybrid_rrf_mw0.5_teleport5,20,75,100,27,0.6740370601620601,52,0.9006438977688979,0,0.0,76.41,0,0.0,0,0.0,0,0.0,0,0.0,0,0.0,0,0.0,0,0.0,0,0.0,0,0.0,0,0.0,0,0.0
fair_control_seed7101_best,fixed_dual_hybrid_rrf_mw0.5_teleport5,20,100,100,27,0.6740370601620601,73,0.9535702353202353,0,0.0,76.41,0,0.0,0,0.0,0,0.0,0,0.0,0,0.0,0,0.0,0,0.0,0,0.0,0,0.0,0,0.0,0,0.0
fair_control_seed7101_best,fixed_dual_hybrid_rrf_mw0.75_teleport10,20,50,100,27,0.6734120601620601,39,0.8338737651237651,0,0.0,76.41,0,0.0,0,0.0,0,0.0,0,0.0,0,0.0,0,0.0,0,0.0,0,0.0,0,0.0,0,0.0,0,0.0
fair_control_seed7101_best,fixed_dual_hybrid_rrf_mw0.75_teleport10,20,75,100,27,0.6734120601620601,53,0.9069223970473971,0,0.0,76.41,0,0.0,0,0.0,0,0.0,0,0.0,0,0.0,0,0.0,0,0.0,0,0.0,0,0.0,0,0.0,0,0.0
fair_control_seed7101_best,fixed_dual_hybrid_rrf_mw0.75_teleport10,20,100,100,27,0.6734120601620601,74,0.9581218226218227,0,0.0,76.41,0,0.0,0,0.0,0,0.0,0,0.0,0,0.0,0,0.0,0,0.0,0,0.0,0,0.0,0,0.0,0,0.0
fair_control_seed7101_best,fixed_dual_hybrid_rrf_mw0.75_teleport5,20,50,100,27,0.6723009490509491,39,0.831373765123765,0,0.0,76.41,0,0.0,0,0.0,0,0.0,0,0.0,0,0.0,0,0.0,0,0.0,0,0.0,0,0.0,0,0.0,0,0.0
fair_control_seed7101_best,fixed_dual_hybrid_rrf_mw0.75_teleport5,20,75,100,27,0.6723009490509491,53,0.9047001748251747,0,0.0,76.41,0,0.0,0,0.0,0,0.0,0,0.0,0,0.0,0,0.0,0,0.0,0,0.0,0,0.0,0,0.0,0,0.0
fair_control_seed7101_best,fixed_dual_hybrid_rrf_mw0.75_teleport5,20,100,100,27,0.6723009490509491,73,0.9568718226218226,0,0.0,76.41,0,0.0,0,0.0,0,0.0,0,0.0,0,0.0,0,0.0,0,0.0,0,0.0,0,0.0,0,0.0,0,0.0
fair_control_seed7101_best,global_fine_rrf_fixed,20,20,100,27,0.6800335636585636,27,0.6800335636585636,0,0.0,76.41,0,0.0,0,0.0,0,0.0,0,0.0,0,0.0,0,0.0,0,0.0,0,0.0,0,0.0,0,0.0,0,0.0
fair_control_seed7101_best,global_fine_rrf_fixed,50,50,100,41,0.8326627261627262,41,0.8326627261627262,0,0.0,76.41,0,0.0,0,0.0,0,0.0,0,0.0,0,0.0,0,0.0,0,0.0,0,0.0,0,0.0,0,0.0,0,0.0
fair_control_seed7101_best,global_fine_rrf_fixed,100,100,100,70,0.953914751914752,70,0.953914751914752,0,0.0,76.41,0,0.0,0,0.0,0,0.0,0,0.0,0,0.0,0,0.0,0,0.0,0,0.0,0,0.0,0,0.0,0,0.0
fair_control_seed7101_best,global_fine_rrf_hybrid_mw0.25_teleport10,20,50,100,27,0.6800335636585636,42,0.842071275946276,0,0.0,76.41,0,0.0,0,0.0,0,0.0,0,0.0,0,0.0,0,0.0,0,0.0,0,0.0,0,0.0,0,0.0,0,0.0
fair_control_seed7101_best,global_fine_rrf_hybrid_mw0.25_teleport10,20,75,100,27,0.6800335636585636,54,0.8927390664890664,0,0.0,76.41,0,0.0,0,0.0,0,0.0,0,0.0,0,0.0,0,0.0,0,0.0,0,0.0,0,0.0,0,0.0,0,0.0
fair_control_seed7101_best,global_fine_rrf_hybrid_mw0.25_teleport10,20,100,100,27,0.6800335636585636,78,0.9428361083361083,0,0.0,76.41,0,0.0,0,0.0,0,0.0,0,0.0,0,0.0,0,0.0,0,0.0,0,0.0,0,0.0,0,0.0,0,0.0
fair_control_seed7101_best,global_fine_rrf_hybrid_mw0.25_teleport5,20,50,100,27,0.6800335636585636,40,0.8360990537240538,0,0.0,76.41,0,0.0,0,0.0,0,0.0,0,0.0,0,0.0,0,0.0,0,0.0,0,0.0,0,0.0,0,0.0,0,0.0
fair_control_seed7101_best,global_fine_rrf_hybrid_mw0.25_teleport5,20,75,100,27,0.6800335636585636,56,0.9011153291153291,0,0.0,76.41,0,0.0,0,0.0,0,0.0,0,0.0,0,0.0,0,0.0,0,0.0,0,0.0,0,0.0,0,0.0,0,0.0
fair_control_seed7101_best,global_fine_rrf_hybrid_mw0.25_teleport5,20,100,100,27,0.6800335636585636,80,0.9530424575424575,0,0.0,76.41,0,0.0,0,0.0,0,0.0,0,0.0,0,0.0,0,0.0,0,0.0,0,0.0,0,0.0,0,0.0,0,0.0
fair_control_seed7101_best,global_fine_rrf_hybrid_mw0.5_teleport10,20,50,100,27,0.6800335636585636,43,0.8457051143301143,0,0.0,76.41,0,0.0,0,0.0,0,0.0,0,0.0,0,0.0,0,0.0,0,0.0,0,0.0,0,0.0,0,0.0,0,0.0
fair_control_seed7101_best,global_fine_rrf_hybrid_mw0.5_teleport10,20,75,100,27,0.6800335636585636,60,0.9088343045843046,0,0.0,76.41,0,0.0,0,0.0,0,0.0,0,0.0,0,0.0,0,0.0,0,0.0,0,0.0,0,0.0,0,0.0,0,0.0
fair_control_seed7101_best,global_fine_rrf_hybrid_mw0.5_teleport10,20,100,100,27,0.6800335636585636,79,0.9646420246420245,0,0.0,76.41,0,0.0,0,0.0,0,0.0,0,0.0,0,0.0,0,0.0,0,0.0,0,0.0,0,0.0,0,0.0,0,0.0
fair_control_seed7101_best,global_fine_rrf_hybrid_mw0.5_teleport5,20,50,100,27,0.6800335636585636,43,0.8451773365523365,0,0.0,76.41,0,0.0,0,0.0,0,0.0,0,0.0,0,0.0,0,0.0,0,0.0,0,0.0,0,0.0,0,0.0,0,0.0
fair_control_seed7101_best,global_fine_rrf_hybrid_mw0.5_teleport5,20,75,100,27,0.6800335636585636,61,0.9106113608613609,0,0.0,76.41,0,0.0,0,0.0,0,0.0,0,0.0,0,0.0,0,0.0,0,0.0,0,0.0,0,0.0,0,0.0,0,0.0
fair_control_seed7101_best,global_fine_rrf_hybrid_mw0.5_teleport5,20,100,100,27,0.6800335636585636,79,0.9667094849594849,0,0.0,76.41,0,0.0,0,0.0,0,0.0,0,0.0,0,0.0,0,0.0,0,0.0,0,0.0,0,0.0,0,0.0,0,0.0
fair_control_seed7101_best,global_fine_rrf_hybrid_mw0.75_teleport10,20,50,100,27,0.6800335636585636,41,0.8431293567543569,0,0.0,76.41,0,0.0,0,0.0,0,0.0,0,0.0,0,0.0,0,0.0,0,0.0,0,0.0,0,0.0,0,0.0,0,0.0
fair_control_seed7101_best,global_fine_rrf_hybrid_mw0.75_teleport10,20,75,100,27,0.6800335636585636,60,0.9172898212898213,0,0.0,76.41,0,0.0,0,0.0,0,0.0,0,0.0,0,0.0,0,0.0,0,0.0,0,0.0,0,0.0,0,0.0,0,0.0
fair_control_seed7101_best,global_fine_rrf_hybrid_mw0.75_teleport10,20,100,100,27,0.6800335636585636,74,0.9608357475857475,0,0.0,76.41,0,0.0,0,0.0,0,0.0,0,0.0,0,0.0,0,0.0,0,0.0,0,0.0,0,0.0,0,0.0,0,0.0
fair_control_seed7101_best,global_fine_rrf_hybrid_mw0.75_teleport5,20,50,100,27,0.6800335636585636,41,0.84246269008769,0,0.0,76.41,0,0.0,0,0.0,0,0.0,0,0.0,0,0.0,0,0.0,0,0.0,0,0.0,0,0.0,0,0.0,0,0.0
fair_control_seed7101_best,global_fine_rrf_hybrid_mw0.75_teleport5,20,75,100,27,0.6800335636585636,60,0.9179716394716395,0,0.0,76.41,0,0.0,0,0.0,0,0.0,0,0.0,0,0.0,0,0.0,0,0.0,0,0.0,0,0.0,0,0.0,0,0.0
fair_control_seed7101_best,global_fine_rrf_hybrid_mw0.75_teleport5,20,100,100,27,0.6800335636585636,74,0.9608357475857475,0,0.0,76.41,0,0.0,0,0.0,0,0.0,0,0.0,0,0.0,0,0.0,0,0.0,0,0.0,0,0.0,0,0.0,0,0.0
fair_control_seed7101_best+fair_control_seed7101_final+fair_control_seed7102_best+fair_control_seed7102_final+fair_cvar_seed7101_best+fair_cvar_seed7101_final+fair_final_seed7101_best+fair_final_seed7101_final+fair_final_seed7102_best+fair_final_seed7102_final+fair_topk_seed7101_best+fair_topk_seed7101_final,cross_model_all_hybrid_rrf_mw0.25_teleport10,20,50,100,28,0.7084390886890887,46,0.8572116078366078,0,0.0,60.51,0,0.0,0,0.0,0,0.0,0,0.0,0,0.0,0,0.0,0,0.0,0,0.0,0,0.0,0,0.0,0,0.0
fair_control_seed7101_best+fair_control_seed7101_final+fair_control_seed7102_best+fair_control_seed7102_final+fair_cvar_seed7101_best+fair_cvar_seed7101_final+fair_final_seed7101_best+fair_final_seed7101_final+fair_final_seed7102_best+fair_final_seed7102_final+fair_topk_seed7101_best+fair_topk_seed7101_final,cross_model_all_hybrid_rrf_mw0.25_teleport10,20,75,100,28,0.7084390886890887,68,0.9284511877011877,0,0.0,60.51,0,0.0,0,0.0,0,0.0,0,0.0,0,0.0,0,0.0,0,0.0,0,0.0,0,0.0,0,0.0,0,0.0
fair_control_seed7101_best+fair_control_seed7101_final+fair_control_seed7102_best+fair_control_seed7102_final+fair_cvar_seed7101_best+fair_cvar_seed7101_final+fair_final_seed7101_best+fair_final_seed7101_final+fair_final_seed7102_best+fair_final_seed7102_final+fair_topk_seed7101_best+fair_topk_seed7101_final,cross_model_all_hybrid_rrf_mw0.25_teleport10,20,100,100,28,0.7084390886890887,81,0.9613840881340882,0,0.0,60.51,0,0.0,0,0.0,0,0.0,0,0.0,0,0.0,0,0.0,0,0.0,0,0.0,0,0.0,0,0.0,0,0.0
fair_control_seed7101_best+fair_control_seed7101_final+fair_control_seed7102_best+fair_control_seed7102_final+fair_cvar_seed7101_best+fair_cvar_seed7101_final+fair_final_seed7101_best+fair_final_seed7101_final+fair_final_seed7102_best+fair_final_seed7102_final+fair_topk_seed7101_best+fair_topk_seed7101_final,cross_model_all_hybrid_rrf_mw0.25_teleport5,20,50,100,28,0.704272422022422,50,0.8681923770673771,0,0.0,58.02,0,0.0,0,0.0,0,0.0,0,0.0,0,0.0,0,0.0,0,0.0,0,0.0,0,0.0,0,0.0,0,0.0
fair_control_seed7101_best+fair_control_seed7101_final+fair_control_seed7102_best+fair_control_seed7102_final+fair_cvar_seed7101_best+fair_cvar_seed7101_final+fair_final_seed7101_best+fair_final_seed7101_final+fair_final_seed7102_best+fair_final_seed7102_final+fair_topk_seed7101_best+fair_topk_seed7101_final,cross_model_all_hybrid_rrf_mw0.25_teleport5,20,75,100,28,0.704272422022422,68,0.9336330058830059,0,0.0,58.02,0,0.0,0,0.0,0,0.0,0,0.0,0,0.0,0,0.0,0,0.0,0,0.0,0,0.0,0,0.0,0,0.0
fair_control_seed7101_best+fair_control_seed7101_final+fair_control_seed7102_best+fair_control_seed7102_final+fair_cvar_seed7101_best+fair_cvar_seed7101_final+fair_final_seed7101_best+fair_final_seed7101_final+fair_final_seed7102_best+fair_final_seed7102_final+fair_topk_seed7101_best+fair_topk_seed7101_final,cross_model_all_hybrid_rrf_mw0.25_teleport5,20,100,100,28,0.704272422022422,84,0.9694475801975803,0,0.0,58.02,0,0.0,0,0.0,0,0.0,0,0.0,0,0.0,0,0.0,0,0.0,0,0.0,0,0.0,0,0.0,0,0.0
fair_control_seed7101_best+fair_control_seed7101_final+fair_control_seed7102_best+fair_control_seed7102_final+fair_cvar_seed7101_best+fair_cvar_seed7101_final+fair_final_seed7101_best+fair_final_seed7101_final+fair_final_seed7102_best+fair_final_seed7102_final+fair_topk_seed7101_best+fair_topk_seed7101_final,cross_model_all_hybrid_rrf_mw0.5_teleport10,20,50,100,27,0.7013779415029415,50,0.8714818098568098,0,0.0,57.26,0,0.0,0,0.0,0,0.0,0,0.0,0,0.0,0,0.0,0,0.0,0,0.0,0,0.0,0,0.0,0,0.0
fair_control_seed7101_best+fair_control_seed7101_final+fair_control_seed7102_best+fair_control_seed7102_final+fair_cvar_seed7101_best+fair_cvar_seed7101_final+fair_final_seed7101_best+fair_final_seed7101_final+fair_final_seed7102_best+fair_final_seed7102_final+fair_topk_seed7101_best+fair_topk_seed7101_final,cross_model_all_hybrid_rrf_mw0.5_teleport10,20,75,100,27,0.7013779415029415,67,0.9323830058830059,0,0.0,57.26,0,0.0,0,0.0,0,0.0,0,0.0,0,0.0,0,0.0,0,0.0,0,0.0,0,0.0,0,0.0,0,0.0
fair_control_seed7101_best+fair_control_seed7101_final+fair_control_seed7102_best+fair_control_seed7102_final+fair_cvar_seed7101_best+fair_cvar_seed7101_final+fair_final_seed7101_best+fair_final_seed7101_final+fair_final_seed7102_best+fair_final_seed7102_final+fair_topk_seed7101_best+fair_topk_seed7101_final,cross_model_all_hybrid_rrf_mw0.5_teleport10,20,100,100,27,0.7013779415029415,85,0.9727177822177822,0,0.0,57.26,0,0.0,0,0.0,0,0.0,0,0.0,0,0.0,0,0.0,0,0.0,0,0.0,0,0.0,0,0.0,0,0.0
fair_control_seed7101_best+fair_control_seed7101_final+fair_control_seed7102_best+fair_control_seed7102_final+fair_cvar_seed7101_best+fair_cvar_seed7101_final+fair_final_seed7101_best+fair_final_seed7101_final+fair_final_seed7102_best+fair_final_seed7102_final+fair_topk_seed7101_best+fair_topk_seed7101_final,cross_model_all_hybrid_rrf_mw0.5_teleport5,20,50,100,27,0.7003779415029414,52,0.8787456987456987,0,0.0,56.38,0,0.0,0,0.0,0,0.0,0,0.0,0,0.0,0,0.0,0,0.0,0,0.0,0,0.0,0,0.0,0,0.0
fair_control_seed7101_best+fair_control_seed7101_final+fair_control_seed7102_best+fair_control_seed7102_final+fair_cvar_seed7101_best+fair_cvar_seed7101_final+fair_final_seed7101_best+fair_final_seed7101_final+fair_final_seed7102_best+fair_final_seed7102_final+fair_topk_seed7101_best+fair_topk_seed7101_final,cross_model_all_hybrid_rrf_mw0.5_teleport5,20,75,100,27,0.7003779415029414,68,0.9339782439782439,0,0.0,56.38,0,0.0,0,0.0,0,0.0,0,0.0,0,0.0,0,0.0,0,0.0,0,0.0,0,0.0,0,0.0,0,0.0
fair_control_seed7101_best+fair_control_seed7101_final+fair_control_seed7102_best+fair_control_seed7102_final+fair_cvar_seed7101_best+fair_cvar_seed7101_final+fair_final_seed7101_best+fair_final_seed7101_final+fair_final_seed7102_best+fair_final_seed7102_final+fair_topk_seed7101_best+fair_topk_seed7101_final,cross_model_all_hybrid_rrf_mw0.5_teleport5,20,100,100,27,0.7003779415029414,84,0.9714677822177822,0,0.0,56.38,0,0.0,0,0.0,0,0.0,0,0.0,0,0.0,0,0.0,0,0.0,0,0.0,0,0.0,0,0.0,0,0.0
fair_control_seed7101_best+fair_control_seed7101_final+fair_control_seed7102_best+fair_control_seed7102_final+fair_cvar_seed7101_best+fair_cvar_seed7101_final+fair_final_seed7101_best+fair_final_seed7101_final+fair_final_seed7102_best+fair_final_seed7102_final+fair_topk_seed7101_best+fair_topk_seed7101_final,cross_model_all_hybrid_rrf_mw0.75_teleport10,20,50,100,25,0.6930051753801755,55,0.8897831474081473,0,0.0,56.19,0,0.0,0,0.0,0,0.0,0,0.0,0,0.0,0,0.0,0,0.0,0,0.0,0,0.0,0,0.0,0,0.0
fair_control_seed7101_best+fair_control_seed7101_final+fair_control_seed7102_best+fair_control_seed7102_final+fair_cvar_seed7101_best+fair_cvar_seed7101_final+fair_final_seed7101_best+fair_final_seed7101_final+fair_final_seed7102_best+fair_final_seed7102_final+fair_topk_seed7101_best+fair_topk_seed7101_final,cross_model_all_hybrid_rrf_mw0.75_teleport10,20,75,100,25,0.6930051753801755,67,0.9406765456765457,0,0.0,56.19,0,0.0,0,0.0,0,0.0,0,0.0,0,0.0,0,0.0,0,0.0,0,0.0,0,0.0,0,0.0,0,0.0
fair_control_seed7101_best+fair_control_seed7101_final+fair_control_seed7102_best+fair_control_seed7102_final+fair_cvar_seed7101_best+fair_cvar_seed7101_final+fair_final_seed7101_best+fair_final_seed7101_final+fair_final_seed7102_best+fair_final_seed7102_final+fair_topk_seed7101_best+fair_topk_seed7101_final,cross_model_all_hybrid_rrf_mw0.75_teleport10,20,100,100,25,0.6930051753801755,84,0.978999888999889,0,0.0,56.19,0,0.0,0,0.0,0,0.0,0,0.0,0,0.0,0,0.0,0,0.0,0,0.0,0,0.0,0,0.0,0,0.0
fair_control_seed7101_best+fair_control_seed7101_final+fair_control_seed7102_best+fair_control_seed7102_final+fair_cvar_seed7101_best+fair_cvar_seed7101_final+fair_final_seed7101_best+fair_final_seed7101_final+fair_final_seed7102_best+fair_final_seed7102_final+fair_topk_seed7101_best+fair_topk_seed7101_final,cross_model_all_hybrid_rrf_mw0.75_teleport5,20,50,100,25,0.6942551753801754,55,0.8903026279276279,0,0.0,56.18,0,0.0,0,0.0,0,0.0,0,0.0,0,0.0,0,0.0,0,0.0,0,0.0,0,0.0,0,0.0,0,0.0
fair_control_seed7101_best+fair_control_seed7101_final+fair_control_seed7102_best+fair_control_seed7102_final+fair_cvar_seed7101_best+fair_cvar_seed7101_final+fair_final_seed7101_best+fair_final_seed7101_final+fair_final_seed7102_best+fair_final_seed7102_final+fair_topk_seed7101_best+fair_topk_seed7101_final,cross_model_all_hybrid_rrf_mw0.75_teleport5,20,75,100,25,0.6942551753801754,67,0.9416765456765457,0,0.0,56.18,0,0.0,0,0.0,0,0.0,0,0.0,0,0.0,0,0.0,0,0.0,0,0.0,0,0.0,0,0.0,0,0.0
fair_control_seed7101_best+fair_control_seed7101_final+fair_control_seed7102_best+fair_control_seed7102_final+fair_cvar_seed7101_best+fair_cvar_seed7101_final+fair_final_seed7101_best+fair_final_seed7101_final+fair_final_seed7102_best+fair_final_seed7102_final+fair_topk_seed7101_best+fair_topk_seed7101_final,cross_model_all_hybrid_rrf_mw0.75_teleport5,20,100,100,25,0.6942551753801754,84,0.9778094128094128,0,0.0,56.18,0,0.0,0,0.0,0,0.0,0,0.0,0,0.0,0,0.0,0,0.0,0,0.0,0,0.0,0,0.0,0,0.0
fair_control_seed7101_best+fair_control_seed7101_final+fair_control_seed7102_best+fair_control_seed7102_final+fair_cvar_seed7101_best+fair_cvar_seed7101_final+fair_final_seed7101_best+fair_final_seed7101_final+fair_final_seed7102_best+fair_final_seed7102_final+fair_topk_seed7101_best+fair_topk_seed7101_final,cross_model_all_rrf_fixed,20,20,100,24,0.6890265984015984,24,0.6890265984015984,0,0.0,57.32,0,0.0,0,0.0,0,0.0,0,0.0,0,0.0,0,0.0,0,0.0,0,0.0,0,0.0,0,0.0,0,0.0
fair_control_seed7101_best+fair_control_seed7101_final+fair_control_seed7102_best+fair_control_seed7102_final+fair_cvar_seed7101_best+fair_cvar_seed7101_final+fair_final_seed7101_best+fair_final_seed7101_final+fair_final_seed7102_best+fair_final_seed7102_final+fair_topk_seed7101_best+fair_topk_seed7101_final,cross_model_all_rrf_fixed,50,50,100,53,0.886192488067488,53,0.886192488067488,0,0.0,57.32,0,0.0,0,0.0,0,0.0,0,0.0,0,0.0,0,0.0,0,0.0,0,0.0,0,0.0,0,0.0,0,0.0
fair_control_seed7101_best+fair_control_seed7101_final+fair_control_seed7102_best+fair_control_seed7102_final+fair_cvar_seed7101_best+fair_cvar_seed7101_final+fair_final_seed7101_best+fair_final_seed7101_final+fair_final_seed7102_best+fair_final_seed7102_final+fair_topk_seed7101_best+fair_topk_seed7101_final,cross_model_all_rrf_fixed,100,100,100,82,0.9744003219003219,82,0.9744003219003219,0,0.0,57.32,0,0.0,0,0.0,0,0.0,0,0.0,0,0.0,0,0.0,0,0.0,0,0.0,0,0.0,0,0.0,0,0.0
fair_control_seed7101_best+fair_control_seed7101_final+fair_control_seed7102_best+fair_control_seed7102_final+fair_cvar_seed7101_best+fair_cvar_seed7101_final+fair_final_seed7101_best+fair_final_seed7101_final+fair_final_seed7102_best+fair_final_seed7102_final+fair_topk_seed7101_best+fair_topk_seed7101_final,cross_model_all_rrf_hybrid_mw0.25_teleport10,20,50,100,24,0.6890265984015984,47,0.8594047896547896,0,0.0,57.32,0,0.0,0,0.0,0,0.0,0,0.0,0,0.0,0,0.0,0,0.0,0,0.0,0,0.0,0,0.0,0,0.0
fair_control_seed7101_best+fair_control_seed7101_final+fair_control_seed7102_best+fair_control_seed7102_final+fair_cvar_seed7101_best+fair_cvar_seed7101_final+fair_final_seed7101_best+fair_final_seed7101_final+fair_final_seed7102_best+fair_final_seed7102_final+fair_topk_seed7101_best+fair_topk_seed7101_final,cross_model_all_rrf_hybrid_mw0.25_teleport10,20,75,100,24,0.6890265984015984,65,0.9230698745698745,0,0.0,57.32,0,0.0,0,0.0,0,0.0,0,0.0,0,0.0,0,0.0,0,0.0,0,0.0,0,0.0,0,0.0,0,0.0
fair_control_seed7101_best+fair_control_seed7101_final+fair_control_seed7102_best+fair_control_seed7102_final+fair_cvar_seed7101_best+fair_cvar_seed7101_final+fair_final_seed7101_best+fair_final_seed7101_final+fair_final_seed7102_best+fair_final_seed7102_final+fair_topk_seed7101_best+fair_topk_seed7101_final,cross_model_all_rrf_hybrid_mw0.25_teleport10,20,100,100,24,0.6890265984015984,81,0.955007104007104,0,0.0,57.32,0,0.0,0,0.0,0,0.0,0,0.0,0,0.0,0,0.0,0,0.0,0,0.0,0,0.0,0,0.0,0,0.0
fair_control_seed7101_best+fair_control_seed7101_final+fair_control_seed7102_best+fair_control_seed7102_final+fair_cvar_seed7101_best+fair_cvar_seed7101_final+fair_final_seed7101_best+fair_final_seed7101_final+fair_final_seed7102_best+fair_final_seed7102_final+fair_topk_seed7101_best+fair_topk_seed7101_final,cross_model_all_rrf_hybrid_mw0.25_teleport5,20,50,100,24,0.6890265984015984,48,0.8644047896547896,0,0.0,57.32,0,0.0,0,0.0,0,0.0,0,0.0,0,0.0,0,0.0,0,0.0,0,0.0,0,0.0,0,0.0,0,0.0
fair_control_seed7101_best+fair_control_seed7101_final+fair_control_seed7102_best+fair_control_seed7102_final+fair_cvar_seed7101_best+fair_cvar_seed7101_final+fair_final_seed7101_best+fair_final_seed7101_final+fair_final_seed7102_best+fair_final_seed7102_final+fair_topk_seed7101_best+fair_topk_seed7101_final,cross_model_all_rrf_hybrid_mw0.25_teleport5,20,75,100,24,0.6890265984015984,67,0.9308103146853146,0,0.0,57.32,0,0.0,0,0.0,0,0.0,0,0.0,0,0.0,0,0.0,0,0.0,0,0.0,0,0.0,0,0.0,0,0.0
fair_control_seed7101_best+fair_control_seed7101_final+fair_control_seed7102_best+fair_control_seed7102_final+fair_cvar_seed7101_best+fair_cvar_seed7101_final+fair_final_seed7101_best+fair_final_seed7101_final+fair_final_seed7102_best+fair_final_seed7102_final+fair_topk_seed7101_best+fair_topk_seed7101_final,cross_model_all_rrf_hybrid_mw0.25_teleport5,20,100,100,24,0.6890265984015984,82,0.9597451992451993,0,0.0,57.32,0,0.0,0,0.0,0,0.0,0,0.0,0,0.0,0,0.0,0,0.0,0,0.0,0,0.0,0,0.0,0,0.0
fair_control_seed7101_best+fair_control_seed7101_final+fair_control_seed7102_best+fair_control_seed7102_final+fair_cvar_seed7101_best+fair_cvar_seed7101_final+fair_final_seed7101_best+fair_final_seed7101_final+fair_final_seed7102_best+fair_final_seed7102_final+fair_topk_seed7101_best+fair_topk_seed7101_final,cross_model_all_rrf_hybrid_mw0.5_teleport10,20,50,100,24,0.6890265984015984,48,0.8708002830502831,0,0.0,57.32,0,0.0,0,0.0,0,0.0,0,0.0,0,0.0,0,0.0,0,0.0,0,0.0,0,0.0,0,0.0,0,0.0
fair_control_seed7101_best+fair_control_seed7101_final+fair_control_seed7102_best+fair_control_seed7102_final+fair_cvar_seed7101_best+fair_cvar_seed7101_final+fair_final_seed7101_best+fair_final_seed7101_final+fair_final_seed7102_best+fair_final_seed7102_final+fair_topk_seed7101_best+fair_topk_seed7101_final,cross_model_all_rrf_hybrid_mw0.5_teleport10,20,75,100,24,0.6890265984015984,67,0.9326138861138861,0,0.0,57.32,0,0.0,0,0.0,0,0.0,0,0.0,0,0.0,0,0.0,0,0.0,0,0.0,0,0.0,0,0.0,0,0.0
fair_control_seed7101_best+fair_control_seed7101_final+fair_control_seed7102_best+fair_control_seed7102_final+fair_cvar_seed7101_best+fair_cvar_seed7101_final+fair_final_seed7101_best+fair_final_seed7101_final+fair_final_seed7102_best+fair_final_seed7102_final+fair_topk_seed7101_best+fair_topk_seed7101_final,cross_model_all_rrf_hybrid_mw0.5_teleport10,20,100,100,24,0.6890265984015984,84,0.9694955599955599,0,0.0,57.32,0,0.0,0,0.0,0,0.0,0,0.0,0,0.0,0,0.0,0,0.0,0,0.0,0,0.0,0,0.0,0,0.0
fair_control_seed7101_best+fair_control_seed7101_final+fair_control_seed7102_best+fair_control_seed7102_final+fair_cvar_seed7101_best+fair_cvar_seed7101_final+fair_final_seed7101_best+fair_final_seed7101_final+fair_final_seed7102_best+fair_final_seed7102_final+fair_topk_seed7101_best+fair_topk_seed7101_final,cross_model_all_rrf_hybrid_mw0.5_teleport5,20,50,100,24,0.6890265984015984,51,0.8764101315351316,0,0.0,57.32,0,0.0,0,0.0,0,0.0,0,0.0,0,0.0,0,0.0,0,0.0,0,0.0,0,0.0,0,0.0,0,0.0
fair_control_seed7101_best+fair_control_seed7101_final+fair_control_seed7102_best+fair_control_seed7102_final+fair_cvar_seed7101_best+fair_cvar_seed7101_final+fair_final_seed7101_best+fair_final_seed7101_final+fair_final_seed7102_best+fair_final_seed7102_final+fair_topk_seed7101_best+fair_topk_seed7101_final,cross_model_all_rrf_hybrid_mw0.5_teleport5,20,75,100,24,0.6890265984015984,68,0.9352401487401488,0,0.0,57.32,0,0.0,0,0.0,0,0.0,0,0.0,0,0.0,0,0.0,0,0.0,0,0.0,0,0.0,0,0.0,0,0.0
fair_control_seed7101_best+fair_control_seed7101_final+fair_control_seed7102_best+fair_control_seed7102_final+fair_cvar_seed7101_best+fair_cvar_seed7101_final+fair_final_seed7101_best+fair_final_seed7101_final+fair_final_seed7102_best+fair_final_seed7102_final+fair_topk_seed7101_best+fair_topk_seed7101_final,cross_model_all_rrf_hybrid_mw0.5_teleport5,20,100,100,24,0.6890265984015984,84,0.97149555999556,0,0.0,57.32,0,0.0,0,0.0,0,0.0,0,0.0,0,0.0,0,0.0,0,0.0,0,0.0,0,0.0,0,0.0,0,0.0
fair_control_seed7101_best+fair_control_seed7101_final+fair_control_seed7102_best+fair_control_seed7102_final+fair_cvar_seed7101_best+fair_cvar_seed7101_final+fair_final_seed7101_best+fair_final_seed7101_final+fair_final_seed7102_best+fair_final_seed7102_final+fair_topk_seed7101_best+fair_topk_seed7101_final,cross_model_all_rrf_hybrid_mw0.75_teleport10,20,50,100,24,0.6890265984015984,54,0.8905867188367188,0,0.0,57.32,0,0.0,0,0.0,0,0.0,0,0.0,0,0.0,0,0.0,0,0.0,0,0.0,0,0.0,0,0.0,0,0.0
fair_control_seed7101_best+fair_control_seed7101_final+fair_control_seed7102_best+fair_control_seed7102_final+fair_cvar_seed7101_best+fair_cvar_seed7101_final+fair_final_seed7101_best+fair_final_seed7101_final+fair_final_seed7102_best+fair_final_seed7102_final+fair_topk_seed7101_best+fair_topk_seed7101_final,cross_model_all_rrf_hybrid_mw0.75_teleport10,20,75,100,24,0.6890265984015984,66,0.9408432123432123,0,0.0,57.32,0,0.0,0,0.0,0,0.0,0,0.0,0,0.0,0,0.0,0,0.0,0,0.0,0,0.0,0,0.0,0,0.0
fair_control_seed7101_best+fair_control_seed7101_final+fair_control_seed7102_best+fair_control_seed7102_final+fair_cvar_seed7101_best+fair_cvar_seed7101_final+fair_final_seed7101_best+fair_final_seed7101_final+fair_final_seed7102_best+fair_final_seed7102_final+fair_topk_seed7101_best+fair_topk_seed7101_final,cross_model_all_rrf_hybrid_mw0.75_teleport10,20,100,100,24,0.6890265984015984,84,0.9794003219003219,0,0.0,57.32,0,0.0,0,0.0,0,0.0,0,0.0,0,0.0,0,0.0,0,0.0,0,0.0,0,0.0,0,0.0,0,0.0
fair_control_seed7101_best+fair_control_seed7101_final+fair_control_seed7102_best+fair_control_seed7102_final+fair_cvar_seed7101_best+fair_cvar_seed7101_final+fair_final_seed7101_best+fair_final_seed7101_final+fair_final_seed7102_best+fair_final_seed7102_final+fair_topk_seed7101_best+fair_topk_seed7101_final,cross_model_all_rrf_hybrid_mw0.75_teleport5,20,50,100,24,0.6890265984015984,54,0.8888506077256078,0,0.0,57.32,0,0.0,0,0.0,0,0.0,0,0.0,0,0.0,0,0.0,0,0.0,0,0.0,0,0.0,0,0.0,0,0.0
fair_control_seed7101_best+fair_control_seed7101_final+fair_control_seed7102_best+fair_control_seed7102_final+fair_cvar_seed7101_best+fair_cvar_seed7101_final+fair_final_seed7101_best+fair_final_seed7101_final+fair_final_seed7102_best+fair_final_seed7102_final+fair_topk_seed7101_best+fair_topk_seed7101_final,cross_model_all_rrf_hybrid_mw0.75_teleport5,20,75,100,24,0.6890265984015984,66,0.9408432123432123,0,0.0,57.32,0,0.0,0,0.0,0,0.0,0,0.0,0,0.0,0,0.0,0,0.0,0,0.0,0,0.0,0,0.0,0,0.0
fair_control_seed7101_best+fair_control_seed7101_final+fair_control_seed7102_best+fair_control_seed7102_final+fair_cvar_seed7101_best+fair_cvar_seed7101_final+fair_final_seed7101_best+fair_final_seed7101_final+fair_final_seed7102_best+fair_final_seed7102_final+fair_topk_seed7101_best+fair_topk_seed7101_final,cross_model_all_rrf_hybrid_mw0.75_teleport5,20,100,100,24,0.6890265984015984,84,0.9794003219003219,0,0.0,57.32,0,0.0,0,0.0,0,0.0,0,0.0,0,0.0,0,0.0,0,0.0,0,0.0,0,0.0,0,0.0,0,0.0
fair_control_seed7101_best+fair_control_seed7101_final+fair_control_seed7102_best+fair_control_seed7102_final+fair_cvar_seed7101_best+fair_cvar_seed7101_final+fair_final_seed7101_best+fair_final_seed7101_final+fair_final_seed7102_best+fair_final_seed7102_final+fair_topk_seed7101_best+fair_topk_seed7101_final,cross_model_coarse_rrf_fixed,20,20,100,25,0.6948394799644799,25,0.6948394799644799,0,0.0,59.41,0,0.0,0,0.0,0,0.0,0,0.0,0,0.0,0,0.0,0,0.0,0,0.0,0,0.0,0,0.0,0,0.0
fair_control_seed7101_best+fair_control_seed7101_final+fair_control_seed7102_best+fair_control_seed7102_final+fair_cvar_seed7101_best+fair_cvar_seed7101_final+fair_final_seed7101_best+fair_final_seed7101_final+fair_final_seed7102_best+fair_final_seed7102_final+fair_topk_seed7101_best+fair_topk_seed7101_final,cross_model_coarse_rrf_fixed,50,50,100,51,0.8815889527139527,51,0.8815889527139527,0,0.0,59.41,0,0.0,0,0.0,0,0.0,0,0.0,0,0.0,0,0.0,0,0.0,0,0.0,0,0.0,0,0.0,0,0.0
fair_control_seed7101_best+fair_control_seed7101_final+fair_control_seed7102_best+fair_control_seed7102_final+fair_cvar_seed7101_best+fair_cvar_seed7101_final+fair_final_seed7101_best+fair_final_seed7101_final+fair_final_seed7102_best+fair_final_seed7102_final+fair_topk_seed7101_best+fair_topk_seed7101_final,cross_model_coarse_rrf_fixed,100,100,100,78,0.962281635031635,78,0.962281635031635,0,0.0,59.41,0,0.0,0,0.0,0,0.0,0,0.0,0,0.0,0,0.0,0,0.0,0,0.0,0,0.0,0,0.0,0,0.0
fair_control_seed7101_best+fair_control_seed7101_final+fair_control_seed7102_best+fair_control_seed7102_final+fair_cvar_seed7101_best+fair_cvar_seed7101_final+fair_final_seed7101_best+fair_final_seed7101_final+fair_final_seed7102_best+fair_final_seed7102_final+fair_topk_seed7101_best+fair_topk_seed7101_final,cross_model_coarse_rrf_hybrid_mw0.25_teleport10,20,50,100,25,0.6948394799644799,45,0.851358793983794,0,0.0,59.41,0,0.0,0,0.0,0,0.0,0,0.0,0,0.0,0,0.0,0,0.0,0,0.0,0,0.0,0,0.0,0,0.0
fair_control_seed7101_best+fair_control_seed7101_final+fair_control_seed7102_best+fair_control_seed7102_final+fair_cvar_seed7101_best+fair_cvar_seed7101_final+fair_final_seed7101_best+fair_final_seed7101_final+fair_final_seed7102_best+fair_final_seed7102_final+fair_topk_seed7101_best+fair_topk_seed7101_final,cross_model_coarse_rrf_hybrid_mw0.25_teleport10,20,75,100,25,0.6948394799644799,65,0.9218711011211012,0,0.0,59.41,0,0.0,0,0.0,0,0.0,0,0.0,0,0.0,0,0.0,0,0.0,0,0.0,0,0.0,0,0.0,0,0.0
fair_control_seed7101_best+fair_control_seed7101_final+fair_control_seed7102_best+fair_control_seed7102_final+fair_cvar_seed7101_best+fair_cvar_seed7101_final+fair_final_seed7101_best+fair_final_seed7101_final+fair_final_seed7102_best+fair_final_seed7102_final+fair_topk_seed7101_best+fair_topk_seed7101_final,cross_model_coarse_rrf_hybrid_mw0.25_teleport10,20,100,100,25,0.6948394799644799,81,0.9573166278166277,0,0.0,59.41,0,0.0,0,0.0,0,0.0,0,0.0,0,0.0,0,0.0,0,0.0,0,0.0,0,0.0,0,0.0,0,0.0
fair_control_seed7101_best+fair_control_seed7101_final+fair_control_seed7102_best+fair_control_seed7102_final+fair_cvar_seed7101_best+fair_cvar_seed7101_final+fair_final_seed7101_best+fair_final_seed7101_final+fair_final_seed7102_best+fair_final_seed7102_final+fair_topk_seed7101_best+fair_topk_seed7101_final,cross_model_coarse_rrf_hybrid_mw0.25_teleport5,20,50,100,25,0.6948394799644799,48,0.8704262543012543,0,0.0,59.41,0,0.0,0,0.0,0,0.0,0,0.0,0,0.0,0,0.0,0,0.0,0,0.0,0,0.0,0,0.0,0,0.0
fair_control_seed7101_best+fair_control_seed7101_final+fair_control_seed7102_best+fair_control_seed7102_final+fair_cvar_seed7101_best+fair_cvar_seed7101_final+fair_final_seed7101_best+fair_final_seed7101_final+fair_final_seed7102_best+fair_final_seed7102_final+fair_topk_seed7101_best+fair_topk_seed7101_final,cross_model_coarse_rrf_hybrid_mw0.25_teleport5,20,75,100,25,0.6948394799644799,67,0.9294690448440448,0,0.0,59.41,0,0.0,0,0.0,0,0.0,0,0.0,0,0.0,0,0.0,0,0.0,0,0.0,0,0.0,0,0.0,0,0.0
fair_control_seed7101_best+fair_control_seed7101_final+fair_control_seed7102_best+fair_control_seed7102_final+fair_cvar_seed7101_best+fair_cvar_seed7101_final+fair_final_seed7101_best+fair_final_seed7101_final+fair_final_seed7102_best+fair_final_seed7102_final+fair_topk_seed7101_best+fair_topk_seed7101_final,cross_model_coarse_rrf_hybrid_mw0.25_teleport5,20,100,100,25,0.6948394799644799,83,0.9605904373404374,0,0.0,59.41,0,0.0,0,0.0,0,0.0,0,0.0,0,0.0,0,0.0,0,0.0,0,0.0,0,0.0,0,0.0,0,0.0
fair_control_seed7101_best+fair_control_seed7101_final+fair_control_seed7102_best+fair_control_seed7102_final+fair_cvar_seed7101_best+fair_cvar_seed7101_final+fair_final_seed7101_best+fair_final_seed7101_final+fair_final_seed7102_best+fair_final_seed7102_final+fair_topk_seed7101_best+fair_topk_seed7101_final,cross_model_coarse_rrf_hybrid_mw0.5_teleport10,20,50,100,25,0.6948394799644799,50,0.8760129453879454,0,0.0,59.41,0,0.0,0,0.0,0,0.0,0,0.0,0,0.0,0,0.0,0,0.0,0,0.0,0,0.0,0,0.0,0,0.0
fair_control_seed7101_best+fair_control_seed7101_final+fair_control_seed7102_best+fair_control_seed7102_final+fair_cvar_seed7101_best+fair_cvar_seed7101_final+fair_final_seed7101_best+fair_final_seed7101_final+fair_final_seed7102_best+fair_final_seed7102_final+fair_topk_seed7101_best+fair_topk_seed7101_final,cross_model_coarse_rrf_hybrid_mw0.5_teleport10,20,75,100,25,0.6948394799644799,67,0.9308678543678544,0,0.0,59.41,0,0.0,0,0.0,0,0.0,0,0.0,0,0.0,0,0.0,0,0.0,0,0.0,0,0.0,0,0.0,0,0.0
fair_control_seed7101_best+fair_control_seed7101_final+fair_control_seed7102_best+fair_control_seed7102_final+fair_cvar_seed7101_best+fair_cvar_seed7101_final+fair_final_seed7101_best+fair_final_seed7101_final+fair_final_seed7102_best+fair_final_seed7102_final+fair_topk_seed7101_best+fair_topk_seed7101_final,cross_model_coarse_rrf_hybrid_mw0.5_teleport10,20,100,100,25,0.6948394799644799,85,0.9706066711066711,0,0.0,59.41,0,0.0,0,0.0,0,0.0,0,0.0,0,0.0,0,0.0,0,0.0,0,0.0,0,0.0,0,0.0,0,0.0
fair_control_seed7101_best+fair_control_seed7101_final+fair_control_seed7102_best+fair_control_seed7102_final+fair_cvar_seed7101_best+fair_cvar_seed7101_final+fair_final_seed7101_best+fair_final_seed7101_final+fair_final_seed7102_best+fair_final_seed7102_final+fair_topk_seed7101_best+fair_topk_seed7101_final,cross_model_coarse_rrf_hybrid_mw0.5_teleport5,20,50,100,25,0.6948394799644799,51,0.8750482989232989,0,0.0,59.41,0,0.0,0,0.0,0,0.0,0,0.0,0,0.0,0,0.0,0,0.0,0,0.0,0,0.0,0,0.0,0,0.0
fair_control_seed7101_best+fair_control_seed7101_final+fair_control_seed7102_best+fair_control_seed7102_final+fair_cvar_seed7101_best+fair_cvar_seed7101_final+fair_final_seed7101_best+fair_final_seed7101_final+fair_final_seed7102_best+fair_final_seed7102_final+fair_topk_seed7101_best+fair_topk_seed7101_final,cross_model_coarse_rrf_hybrid_mw0.5_teleport5,20,75,100,25,0.6948394799644799,69,0.9346449106449107,0,0.0,59.41,0,0.0,0,0.0,0,0.0,0,0.0,0,0.0,0,0.0,0,0.0,0,0.0,0,0.0,0,0.0,0,0.0
fair_control_seed7101_best+fair_control_seed7101_final+fair_control_seed7102_best+fair_control_seed7102_final+fair_cvar_seed7101_best+fair_cvar_seed7101_final+fair_final_seed7101_best+fair_final_seed7101_final+fair_final_seed7102_best+fair_final_seed7102_final+fair_topk_seed7101_best+fair_topk_seed7101_final,cross_model_coarse_rrf_hybrid_mw0.5_teleport5,20,100,100,25,0.6948394799644799,80,0.9659122266622266,0,0.0,59.41,0,0.0,0,0.0,0,0.0,0,0.0,0,0.0,0,0.0,0,0.0,0,0.0,0,0.0,0,0.0,0,0.0
fair_control_seed7101_best+fair_control_seed7101_final+fair_control_seed7102_best+fair_control_seed7102_final+fair_cvar_seed7101_best+fair_cvar_seed7101_final+fair_final_seed7101_best+fair_final_seed7101_final+fair_final_seed7102_best+fair_final_seed7102_final+fair_topk_seed7101_best+fair_topk_seed7101_final,cross_model_coarse_rrf_hybrid_mw0.75_teleport10,20,50,100,25,0.6948394799644799,53,0.8854517982017982,0,0.0,59.41,0,0.0,0,0.0,0,0.0,0,0.0,0,0.0,0,0.0,0,0.0,0,0.0,0,0.0,0,0.0,0,0.0
fair_control_seed7101_best+fair_control_seed7101_final+fair_control_seed7102_best+fair_control_seed7102_final+fair_cvar_seed7101_best+fair_cvar_seed7101_final+fair_final_seed7101_best+fair_final_seed7101_final+fair_final_seed7102_best+fair_final_seed7102_final+fair_topk_seed7101_best+fair_topk_seed7101_final,cross_model_coarse_rrf_hybrid_mw0.75_teleport10,20,75,100,25,0.6948394799644799,66,0.940009879009879,0,0.0,59.41,0,0.0,0,0.0,0,0.0,0,0.0,0,0.0,0,0.0,0,0.0,0,0.0,0,0.0,0,0.0,0,0.0
fair_control_seed7101_best+fair_control_seed7101_final+fair_control_seed7102_best+fair_control_seed7102_final+fair_cvar_seed7101_best+fair_cvar_seed7101_final+fair_final_seed7101_best+fair_final_seed7101_final+fair_final_seed7102_best+fair_final_seed7102_final+fair_topk_seed7101_best+fair_topk_seed7101_final,cross_model_coarse_rrf_hybrid_mw0.75_teleport10,20,100,100,25,0.6948394799644799,78,0.9669879842379843,0,0.0,59.41,0,0.0,0,0.0,0,0.0,0,0.0,0,0.0,0,0.0,0,0.0,0,0.0,0,0.0,0,0.0,0,0.0
fair_control_seed7101_best+fair_control_seed7101_final+fair_control_seed7102_best+fair_control_seed7102_final+fair_cvar_seed7101_best+fair_cvar_seed7101_final+fair_final_seed7101_best+fair_final_seed7101_final+fair_final_seed7102_best+fair_final_seed7102_final+fair_topk_seed7101_best+fair_topk_seed7101_final,cross_model_coarse_rrf_hybrid_mw0.75_teleport5,20,50,100,25,0.6948394799644799,53,0.8854517982017982,0,0.0,59.41,0,0.0,0,0.0,0,0.0,0,0.0,0,0.0,0,0.0,0,0.0,0,0.0,0,0.0,0,0.0,0,0.0
fair_control_seed7101_best+fair_control_seed7101_final+fair_control_seed7102_best+fair_control_seed7102_final+fair_cvar_seed7101_best+fair_cvar_seed7101_final+fair_final_seed7101_best+fair_final_seed7101_final+fair_final_seed7102_best+fair_final_seed7102_final+fair_topk_seed7101_best+fair_topk_seed7101_final,cross_model_coarse_rrf_hybrid_mw0.75_teleport5,20,75,100,25,0.6948394799644799,66,0.940009879009879,0,0.0,59.41,0,0.0,0,0.0,0,0.0,0,0.0,0,0.0,0,0.0,0,0.0,0,0.0,0,0.0,0,0.0,0,0.0
fair_control_seed7101_best+fair_control_seed7101_final+fair_control_seed7102_best+fair_control_seed7102_final+fair_cvar_seed7101_best+fair_cvar_seed7101_final+fair_final_seed7101_best+fair_final_seed7101_final+fair_final_seed7102_best+fair_final_seed7102_final+fair_topk_seed7101_best+fair_topk_seed7101_final,cross_model_coarse_rrf_hybrid_mw0.75_teleport5,20,100,100,25,0.6948394799644799,78,0.9647260794760794,0,0.0,59.41,0,0.0,0,0.0,0,0.0,0,0.0,0,0.0,0,0.0,0,0.0,0,0.0,0,0.0,0,0.0,0,0.0
fair_control_seed7101_best+fair_control_seed7101_final+fair_control_seed7102_best+fair_control_seed7102_final+fair_cvar_seed7101_best+fair_cvar_seed7101_final+fair_final_seed7101_best+fair_final_seed7101_final+fair_final_seed7102_best+fair_final_seed7102_final+fair_topk_seed7101_best+fair_topk_seed7101_final,cross_model_global_fine_rrf_fixed,20,20,100,28,0.7012552863802864,28,0.7012552863802864,0,0.0,56.32,0,0.0,0,0.0,0,0.0,0,0.0,0,0.0,0,0.0,0,0.0,0,0.0,0,0.0,0,0.0,0,0.0
fair_control_seed7101_best+fair_control_seed7101_final+fair_control_seed7102_best+fair_control_seed7102_final+fair_cvar_seed7101_best+fair_cvar_seed7101_final+fair_final_seed7101_best+fair_final_seed7101_final+fair_final_seed7102_best+fair_final_seed7102_final+fair_topk_seed7101_best+fair_topk_seed7101_final,cross_model_global_fine_rrf_fixed,50,50,100,52,0.8822548978798979,52,0.8822548978798979,0,0.0,56.32,0,0.0,0,0.0,0,0.0,0,0.0,0,0.0,0,0.0,0,0.0,0,0.0,0,0.0,0,0.0,0,0.0
fair_control_seed7101_best+fair_control_seed7101_final+fair_control_seed7102_best+fair_control_seed7102_final+fair_cvar_seed7101_best+fair_cvar_seed7101_final+fair_final_seed7101_best+fair_final_seed7101_final+fair_final_seed7102_best+fair_final_seed7102_final+fair_topk_seed7101_best+fair_topk_seed7101_final,cross_model_global_fine_rrf_fixed,100,100,100,82,0.9759912309912311,82,0.9759912309912311,0,0.0,56.32,0,0.0,0,0.0,0,0.0,0,0.0,0,0.0,0,0.0,0,0.0,0,0.0,0,0.0,0,0.0,0,0.0
fair_control_seed7101_best+fair_control_seed7101_final+fair_control_seed7102_best+fair_control_seed7102_final+fair_cvar_seed7101_best+fair_cvar_seed7101_final+fair_final_seed7101_best+fair_final_seed7101_final+fair_final_seed7102_best+fair_final_seed7102_final+fair_topk_seed7101_best+fair_topk_seed7101_final,cross_model_global_fine_rrf_hybrid_mw0.25_teleport10,20,50,100,28,0.7012552863802864,47,0.8577444361194361,0,0.0,56.32,0,0.0,0,0.0,0,0.0,0,0.0,0,0.0,0,0.0,0,0.0,0,0.0,0,0.0,0,0.0,0,0.0
fair_control_seed7101_best+fair_control_seed7101_final+fair_control_seed7102_best+fair_control_seed7102_final+fair_cvar_seed7101_best+fair_cvar_seed7101_final+fair_final_seed7101_best+fair_final_seed7101_final+fair_final_seed7102_best+fair_final_seed7102_final+fair_topk_seed7101_best+fair_topk_seed7101_final,cross_model_global_fine_rrf_hybrid_mw0.25_teleport10,20,75,100,28,0.7012552863802864,64,0.9234170967920968,0,0.0,56.32,0,0.0,0,0.0,0,0.0,0,0.0,0,0.0,0,0.0,0,0.0,0,0.0,0,0.0,0,0.0,0,0.0
fair_control_seed7101_best+fair_control_seed7101_final+fair_control_seed7102_best+fair_control_seed7102_final+fair_cvar_seed7101_best+fair_cvar_seed7101_final+fair_final_seed7101_best+fair_final_seed7101_final+fair_final_seed7102_best+fair_final_seed7102_final+fair_topk_seed7101_best+fair_topk_seed7101_final,cross_model_global_fine_rrf_hybrid_mw0.25_teleport10,20,100,100,28,0.7012552863802864,80,0.9545785325785325,0,0.0,56.32,0,0.0,0,0.0,0,0.0,0,0.0,0,0.0,0,0.0,0,0.0,0,0.0,0,0.0,0,0.0,0,0.0
fair_control_seed7101_best+fair_control_seed7101_final+fair_control_seed7102_best+fair_control_seed7102_final+fair_cvar_seed7101_best+fair_cvar_seed7101_final+fair_final_seed7101_best+fair_final_seed7101_final+fair_final_seed7102_best+fair_final_seed7102_final+fair_topk_seed7101_best+fair_topk_seed7101_final,cross_model_global_fine_rrf_hybrid_mw0.25_teleport5,20,50,100,28,0.7012552863802864,48,0.8621888805638805,0,0.0,56.32,0,0.0,0,0.0,0,0.0,0,0.0,0,0.0,0,0.0,0,0.0,0,0.0,0,0.0,0,0.0,0,0.0
fair_control_seed7101_best+fair_control_seed7101_final+fair_control_seed7102_best+fair_control_seed7102_final+fair_cvar_seed7101_best+fair_cvar_seed7101_final+fair_final_seed7101_best+fair_final_seed7101_final+fair_final_seed7102_best+fair_final_seed7102_final+fair_topk_seed7101_best+fair_topk_seed7101_final,cross_model_global_fine_rrf_hybrid_mw0.25_teleport5,20,75,100,28,0.7012552863802864,67,0.9295837634587635,0,0.0,56.32,0,0.0,0,0.0,0,0.0,0,0.0,0,0.0,0,0.0,0,0.0,0,0.0,0,0.0,0,0.0,0,0.0
fair_control_seed7101_best+fair_control_seed7101_final+fair_control_seed7102_best+fair_control_seed7102_final+fair_cvar_seed7101_best+fair_cvar_seed7101_final+fair_final_seed7101_best+fair_final_seed7101_final+fair_final_seed7102_best+fair_final_seed7102_final+fair_topk_seed7101_best+fair_topk_seed7101_final,cross_model_global_fine_rrf_hybrid_mw0.25_teleport5,20,100,100,28,0.7012552863802864,85,0.9653801198801198,0,0.0,56.32,0,0.0,0,0.0,0,0.0,0,0.0,0,0.0,0,0.0,0,0.0,0,0.0,0,0.0,0,0.0,0,0.0
fair_control_seed7101_best+fair_control_seed7101_final+fair_control_seed7102_best+fair_control_seed7102_final+fair_cvar_seed7101_best+fair_cvar_seed7101_final+fair_final_seed7101_best+fair_final_seed7101_final+fair_final_seed7102_best+fair_final_seed7102_final+fair_topk_seed7101_best+fair_topk_seed7101_final,cross_model_global_fine_rrf_hybrid_mw0.5_teleport10,20,50,100,28,0.7012552863802864,48,0.8725139166389166,0,0.0,56.32,0,0.0,0,0.0,0,0.0,0,0.0,0,0.0,0,0.0,0,0.0,0,0.0,0,0.0,0,0.0,0,0.0
fair_control_seed7101_best+fair_control_seed7101_final+fair_control_seed7102_best+fair_control_seed7102_final+fair_cvar_seed7101_best+fair_cvar_seed7101_final+fair_final_seed7101_best+fair_final_seed7101_final+fair_final_seed7102_best+fair_final_seed7102_final+fair_topk_seed7101_best+fair_topk_seed7101_final,cross_model_global_fine_rrf_hybrid_mw0.5_teleport10,20,75,100,28,0.7012552863802864,67,0.9322964257964259,0,0.0,56.32,0,0.0,0,0.0,0,0.0,0,0.0,0,0.0,0,0.0,0,0.0,0,0.0,0,0.0,0,0.0,0,0.0
fair_control_seed7101_best+fair_control_seed7101_final+fair_control_seed7102_best+fair_control_seed7102_final+fair_cvar_seed7101_best+fair_cvar_seed7101_final+fair_final_seed7101_best+fair_final_seed7101_final+fair_final_seed7102_best+fair_final_seed7102_final+fair_topk_seed7101_best+fair_topk_seed7101_final,cross_model_global_fine_rrf_hybrid_mw0.5_teleport10,20,100,100,28,0.7012552863802864,84,0.9710428182928184,0,0.0,56.32,0,0.0,0,0.0,0,0.0,0,0.0,0,0.0,0,0.0,0,0.0,0,0.0,0,0.0,0,0.0,0,0.0
fair_control_seed7101_best+fair_control_seed7101_final+fair_control_seed7102_best+fair_control_seed7102_final+fair_cvar_seed7101_best+fair_cvar_seed7101_final+fair_final_seed7101_best+fair_final_seed7101_final+fair_final_seed7102_best+fair_final_seed7102_final+fair_topk_seed7101_best+fair_topk_seed7101_final,cross_model_global_fine_rrf_hybrid_mw0.5_teleport5,20,50,100,28,0.7012552863802864,49,0.879442488067488,0,0.0,56.32,0,0.0,0,0.0,0,0.0,0,0.0,0,0.0,0,0.0,0,0.0,0,0.0,0,0.0,0,0.0,0,0.0
fair_control_seed7101_best+fair_control_seed7101_final+fair_control_seed7102_best+fair_control_seed7102_final+fair_cvar_seed7101_best+fair_cvar_seed7101_final+fair_final_seed7101_best+fair_final_seed7101_final+fair_final_seed7102_best+fair_final_seed7102_final+fair_topk_seed7101_best+fair_topk_seed7101_final,cross_model_global_fine_rrf_hybrid_mw0.5_teleport5,20,75,100,28,0.7012552863802864,71,0.9364825729825729,0,0.0,56.32,0,0.0,0,0.0,0,0.0,0,0.0,0,0.0,0,0.0,0,0.0,0,0.0,0,0.0,0,0.0,0,0.0
fair_control_seed7101_best+fair_control_seed7101_final+fair_control_seed7102_best+fair_control_seed7102_final+fair_cvar_seed7101_best+fair_cvar_seed7101_final+fair_final_seed7101_best+fair_final_seed7101_final+fair_final_seed7102_best+fair_final_seed7102_final+fair_topk_seed7101_best+fair_topk_seed7101_final,cross_model_global_fine_rrf_hybrid_mw0.5_teleport5,20,100,100,28,0.7012552863802864,84,0.9738566711066712,0,0.0,56.32,0,0.0,0,0.0,0,0.0,0,0.0,0,0.0,0,0.0,0,0.0,0,0.0,0,0.0,0,0.0,0,0.0
fair_control_seed7101_best+fair_control_seed7101_final+fair_control_seed7102_best+fair_control_seed7102_final+fair_cvar_seed7101_best+fair_cvar_seed7101_final+fair_final_seed7101_best+fair_final_seed7101_final+fair_final_seed7102_best+fair_final_seed7102_final+fair_topk_seed7101_best+fair_topk_seed7101_final,cross_model_global_fine_rrf_hybrid_mw0.75_teleport10,20,50,100,28,0.7012552863802864,52,0.8806084332334332,0,0.0,56.32,0,0.0,0,0.0,0,0.0,0,0.0,0,0.0,0,0.0,0,0.0,0,0.0,0,0.0,0,0.0,0,0.0
fair_control_seed7101_best+fair_control_seed7101_final+fair_control_seed7102_best+fair_control_seed7102_final+fair_cvar_seed7101_best+fair_cvar_seed7101_final+fair_final_seed7101_best+fair_final_seed7101_final+fair_final_seed7102_best+fair_final_seed7102_final+fair_topk_seed7101_best+fair_topk_seed7101_final,cross_model_global_fine_rrf_hybrid_mw0.75_teleport10,20,75,100,28,0.7012552863802864,70,0.9385298312798313,0,0.0,56.32,0,0.0,0,0.0,0,0.0,0,0.0,0,0.0,0,0.0,0,0.0,0,0.0,0,0.0,0,0.0,0,0.0
fair_control_seed7101_best+fair_control_seed7101_final+fair_control_seed7102_best+fair_control_seed7102_final+fair_cvar_seed7101_best+fair_cvar_seed7101_final+fair_final_seed7101_best+fair_final_seed7101_final+fair_final_seed7102_best+fair_final_seed7102_final+fair_topk_seed7101_best+fair_topk_seed7101_final,cross_model_global_fine_rrf_hybrid_mw0.75_teleport10,20,100,100,28,0.7012552863802864,85,0.980511433011433,0,0.0,56.32,0,0.0,0,0.0,0,0.0,0,0.0,0,0.0,0,0.0,0,0.0,0,0.0,0,0.0,0,0.0,0,0.0
fair_control_seed7101_best+fair_control_seed7101_final+fair_control_seed7102_best+fair_control_seed7102_final+fair_cvar_seed7101_best+fair_cvar_seed7101_final+fair_final_seed7101_best+fair_final_seed7101_final+fair_final_seed7102_best+fair_final_seed7102_final+fair_topk_seed7101_best+fair_topk_seed7101_final,cross_model_global_fine_rrf_hybrid_mw0.75_teleport5,20,50,100,28,0.7012552863802864,50,0.8788028776778777,0,0.0,56.32,0,0.0,0,0.0,0,0.0,0,0.0,0,0.0,0,0.0,0,0.0,0,0.0,0,0.0,0,0.0,0,0.0
fair_control_seed7101_best+fair_control_seed7101_final+fair_control_seed7102_best+fair_control_seed7102_final+fair_cvar_seed7101_best+fair_cvar_seed7101_final+fair_final_seed7101_best+fair_final_seed7101_final+fair_final_seed7102_best+fair_final_seed7102_final+fair_topk_seed7101_best+fair_topk_seed7101_final,cross_model_global_fine_rrf_hybrid_mw0.75_teleport5,20,75,100,28,0.7012552863802864,70,0.9380780608280608,0,0.0,56.32,0,0.0,0,0.0,0,0.0,0,0.0,0,0.0,0,0.0,0,0.0,0,0.0,0,0.0,0,0.0,0,0.0
fair_control_seed7101_best+fair_control_seed7101_final+fair_control_seed7102_best+fair_control_seed7102_final+fair_cvar_seed7101_best+fair_cvar_seed7101_final+fair_final_seed7101_best+fair_final_seed7101_final+fair_final_seed7102_best+fair_final_seed7102_final+fair_topk_seed7101_best+fair_topk_seed7101_final,cross_model_global_fine_rrf_hybrid_mw0.75_teleport5,20,100,100,28,0.7012552863802864,85,0.980511433011433,0,0.0,56.32,0,0.0,0,0.0,0,0.0,0,0.0,0,0.0,0,0.0,0,0.0,0,0.0,0,0.0,0,0.0,0,0.0
fair_control_seed7101_final,coarse_hybrid_mw0.25_teleport10,20,50,100,24,0.6459474136974137,44,0.8287590465090464,0,0.0,75.42,0,0.0,0,0.0,0,0.0,0,0.0,0,0.0,0,0.0,0,0.0,0,0.0,0,0.0,0,0.0,0,0.0
fair_control_seed7101_final,coarse_hybrid_mw0.25_teleport10,20,75,100,24,0.6459474136974137,54,0.886697940947941,0,0.0,75.42,0,0.0,0,0.0,0,0.0,0,0.0,0,0.0,0,0.0,0,0.0,0,0.0,0,0.0,0,0.0,0,0.0
fair_control_seed7101_final,coarse_hybrid_mw0.25_teleport10,20,100,100,24,0.6459474136974137,78,0.9387174214674215,0,0.0,75.42,0,0.0,0,0.0,0,0.0,0,0.0,0,0.0,0,0.0,0,0.0,0,0.0,0,0.0,0,0.0,0,0.0
fair_control_seed7101_final,coarse_hybrid_mw0.25_teleport5,20,50,100,24,0.6459474136974137,43,0.8285431374181375,0,0.0,75.42,0,0.0,0,0.0,0,0.0,0,0.0,0,0.0,0,0.0,0,0.0,0,0.0,0,0.0,0,0.0,0,0.0
fair_control_seed7101_final,coarse_hybrid_mw0.25_teleport5,20,75,100,24,0.6459474136974137,60,0.9044295426795427,0,0.0,75.42,0,0.0,0,0.0,0,0.0,0,0.0,0,0.0,0,0.0,0,0.0,0,0.0,0,0.0,0,0.0,0,0.0
fair_control_seed7101_final,coarse_hybrid_mw0.25_teleport5,20,100,100,24,0.6459474136974137,79,0.9478606393606394,0,0.0,75.42,0,0.0,0,0.0,0,0.0,0,0.0,0,0.0,0,0.0,0,0.0,0,0.0,0,0.0,0,0.0,0,0.0
fair_control_seed7101_final,coarse_hybrid_mw0.5_teleport10,20,50,100,24,0.6459474136974137,41,0.8307355977355978,0,0.0,75.42,0,0.0,0,0.0,0,0.0,0,0.0,0,0.0,0,0.0,0,0.0,0,0.0,0,0.0,0,0.0,0,0.0
fair_control_seed7101_final,coarse_hybrid_mw0.5_teleport10,20,75,100,24,0.6459474136974137,60,0.9123458485958486,0,0.0,75.42,0,0.0,0,0.0,0,0.0,0,0.0,0,0.0,0,0.0,0,0.0,0,0.0,0,0.0,0,0.0,0,0.0
fair_control_seed7101_final,coarse_hybrid_mw0.5_teleport10,20,100,100,24,0.6459474136974137,79,0.9579280996780998,0,0.0,75.42,0,0.0,0,0.0,0,0.0,0,0.0,0,0.0,0,0.0,0,0.0,0,0.0,0,0.0,0,0.0,0,0.0
fair_control_seed7101_final,coarse_hybrid_mw0.5_teleport5,20,50,100,24,0.6459474136974137,44,0.834062617937618,0,0.0,75.42,0,0.0,0,0.0,0,0.0,0,0.0,0,0.0,0,0.0,0,0.0,0,0.0,0,0.0,0,0.0,0,0.0
fair_control_seed7101_final,coarse_hybrid_mw0.5_teleport5,20,75,100,24,0.6459474136974137,60,0.9127188644688644,0,0.0,75.42,0,0.0,0,0.0,0,0.0,0,0.0,0,0.0,0,0.0,0,0.0,0,0.0,0,0.0,0,0.0,0,0.0
fair_control_seed7101_final,coarse_hybrid_mw0.5_teleport5,20,100,100,24,0.6459474136974137,77,0.9566066711066711,0,0.0,75.42,0,0.0,0,0.0,0,0.0,0,0.0,0,0.0,0,0.0,0,0.0,0,0.0,0,0.0,0,0.0,0,0.0
fair_control_seed7101_final,coarse_hybrid_mw0.75_teleport10,20,50,100,24,0.6459474136974137,42,0.8388050005550005,0,0.0,75.42,0,0.0,0,0.0,0,0.0,0,0.0,0,0.0,0,0.0,0,0.0,0,0.0,0,0.0,0,0.0,0,0.0
fair_control_seed7101_final,coarse_hybrid_mw0.75_teleport10,20,75,100,24,0.6459474136974137,59,0.9114900377400378,0,0.0,75.42,0,0.0,0,0.0,0,0.0,0,0.0,0,0.0,0,0.0,0,0.0,0,0.0,0,0.0,0,0.0,0,0.0
fair_control_seed7101_final,coarse_hybrid_mw0.75_teleport10,20,100,100,24,0.6459474136974137,70,0.9423275613275613,0,0.0,75.42,0,0.0,0,0.0,0,0.0,0,0.0,0,0.0,0,0.0,0,0.0,0,0.0,0,0.0,0,0.0,0,0.0
fair_control_seed7101_final,coarse_hybrid_mw0.75_teleport5,20,50,100,24,0.6459474136974137,43,0.8379203296703297,0,0.0,75.42,0,0.0,0,0.0,0,0.0,0,0.0,0,0.0,0,0.0,0,0.0,0,0.0,0,0.0,0,0.0,0,0.0
fair_control_seed7101_final,coarse_hybrid_mw0.75_teleport5,20,75,100,24,0.6459474136974137,57,0.9029698357198357,0,0.0,75.42,0,0.0,0,0.0,0,0.0,0,0.0,0,0.0,0,0.0,0,0.0,0,0.0,0,0.0,0,0.0,0,0.0
fair_control_seed7101_final,coarse_hybrid_mw0.75_teleport5,20,100,100,24,0.6459474136974137,69,0.9423275613275613,0,0.0,75.42,0,0.0,0,0.0,0,0.0,0,0.0,0,0.0,0,0.0,0,0.0,0,0.0,0,0.0,0,0.0,0,0.0
fair_control_seed7101_final,dual_hybrid_rrf_mw0.25_teleport10,20,50,100,23,0.6612490009990011,43,0.833552516927517,0,0.0,75.42,0,0.0,0,0.0,0,0.0,0,0.0,0,0.0,0,0.0,0,0.0,0,0.0,0,0.0,0,0.0,0,0.0
fair_control_seed7101_final,dual_hybrid_rrf_mw0.25_teleport10,20,75,100,23,0.6612490009990011,59,0.9041954156954156,0,0.0,75.42,0,0.0,0,0.0,0,0.0,0,0.0,0,0.0,0,0.0,0,0.0,0,0.0,0,0.0,0,0.0,0,0.0
fair_control_seed7101_final,dual_hybrid_rrf_mw0.25_teleport10,20,100,100,23,0.6612490009990011,80,0.947543179043179,0,0.0,75.42,0,0.0,0,0.0,0,0.0,0,0.0,0,0.0,0,0.0,0,0.0,0,0.0,0,0.0,0,0.0,0,0.0
fair_control_seed7101_final,dual_hybrid_rrf_mw0.25_teleport5,20,50,100,23,0.662533091908092,47,0.8461512515262516,0,0.0,75.42,0,0.0,0,0.0,0,0.0,0,0.0,0,0.0,0,0.0,0,0.0,0,0.0,0,0.0,0,0.0,0,0.0
fair_control_seed7101_final,dual_hybrid_rrf_mw0.25_teleport5,20,75,100,23,0.662533091908092,62,0.9111322843822843,0,0.0,75.42,0,0.0,0,0.0,0,0.0,0,0.0,0,0.0,0,0.0,0,0.0,0,0.0,0,0.0,0,0.0,0,0.0
fair_control_seed7101_final,dual_hybrid_rrf_mw0.25_teleport5,20,100,100,23,0.662533091908092,80,0.9515348817848818,0,0.0,75.42,0,0.0,0,0.0,0,0.0,0,0.0,0,0.0,0,0.0,0,0.0,0,0.0,0,0.0,0,0.0,0,0.0
fair_control_seed7101_final,dual_hybrid_rrf_mw0.5_teleport10,20,50,100,22,0.660124000999001,44,0.8461288156288157,0,0.0,75.42,0,0.0,0,0.0,0,0.0,0,0.0,0,0.0,0,0.0,0,0.0,0,0.0,0,0.0,0,0.0,0,0.0
fair_control_seed7101_final,dual_hybrid_rrf_mw0.5_teleport10,20,75,100,22,0.660124000999001,64,0.9158938283938284,0,0.0,75.42,0,0.0,0,0.0,0,0.0,0,0.0,0,0.0,0,0.0,0,0.0,0,0.0,0,0.0,0,0.0,0,0.0
fair_control_seed7101_final,dual_hybrid_rrf_mw0.5_teleport10,20,100,100,22,0.660124000999001,80,0.9620947663447663,0,0.0,75.42,0,0.0,0,0.0,0,0.0,0,0.0,0,0.0,0,0.0,0,0.0,0,0.0,0,0.0,0,0.0,0,0.0
fair_control_seed7101_final,dual_hybrid_rrf_mw0.5_teleport5,20,50,100,23,0.665124000999001,47,0.8544204822954824,0,0.0,75.42,0,0.0,0,0.0,0,0.0,0,0.0,0,0.0,0,0.0,0,0.0,0,0.0,0,0.0,0,0.0,0,0.0
fair_control_seed7101_final,dual_hybrid_rrf_mw0.5_teleport5,20,75,100,23,0.665124000999001,60,0.9077466422466423,0,0.0,75.42,0,0.0,0,0.0,0,0.0,0,0.0,0,0.0,0,0.0,0,0.0,0,0.0,0,0.0,0,0.0,0,0.0
fair_control_seed7101_final,dual_hybrid_rrf_mw0.5_teleport5,20,100,100,23,0.665124000999001,78,0.9605233377733378,0,0.0,75.42,0,0.0,0,0.0,0,0.0,0,0.0,0,0.0,0,0.0,0,0.0,0,0.0,0,0.0,0,0.0,0,0.0
fair_control_seed7101_final,dual_hybrid_rrf_mw0.75_teleport10,20,50,100,24,0.6630280414030413,45,0.854074481074481,0,0.0,75.42,0,0.0,0,0.0,0,0.0,0,0.0,0,0.0,0,0.0,0,0.0,0,0.0,0,0.0,0,0.0,0,0.0
fair_control_seed7101_final,dual_hybrid_rrf_mw0.75_teleport10,20,75,100,24,0.6630280414030413,62,0.9133628038628039,0,0.0,75.42,0,0.0,0,0.0,0,0.0,0,0.0,0,0.0,0,0.0,0,0.0,0,0.0,0,0.0,0,0.0,0,0.0
fair_control_seed7101_final,dual_hybrid_rrf_mw0.75_teleport10,20,100,100,24,0.6630280414030413,77,0.9565533910533911,0,0.0,75.42,0,0.0,0,0.0,0,0.0,0,0.0,0,0.0,0,0.0,0,0.0,0,0.0,0,0.0,0,0.0,0,0.0
fair_control_seed7101_final,dual_hybrid_rrf_mw0.75_teleport5,20,50,100,24,0.660690379065379,45,0.850324481074481,0,0.0,75.42,0,0.0,0,0.0,0,0.0,0,0.0,0,0.0,0,0.0,0,0.0,0,0.0,0,0.0,0,0.0,0,0.0
fair_control_seed7101_final,dual_hybrid_rrf_mw0.75_teleport5,20,75,100,24,0.660690379065379,60,0.9094142801642802,0,0.0,75.42,0,0.0,0,0.0,0,0.0,0,0.0,0,0.0,0,0.0,0,0.0,0,0.0,0,0.0,0,0.0,0,0.0
fair_control_seed7101_final,dual_hybrid_rrf_mw0.75_teleport5,20,100,100,24,0.660690379065379,76,0.95294227994228,0,0.0,75.42,0,0.0,0,0.0,0,0.0,0,0.0,0,0.0,0,0.0,0,0.0,0,0.0,0,0.0,0,0.0,0,0.0
fair_control_seed7101_final,fixed,20,20,100,24,0.6459474136974137,24,0.6459474136974137,0,0.0,75.42,0,0.0,0,0.0,0,0.0,0,0.0,0,0.0,0,0.0,0,0.0,0,0.0,0,0.0,0,0.0,0,0.0
fair_control_seed7101_final,fixed,50,50,100,39,0.8228882228882228,39,0.8228882228882228,0,0.0,75.42,0,0.0,0,0.0,0,0.0,0,0.0,0,0.0,0,0.0,0,0.0,0,0.0,0,0.0,0,0.0,0,0.0
fair_control_seed7101_final,fixed,100,100,100,68,0.9421406926406927,68,0.9421406926406927,0,0.0,75.42,0,0.0,0,0.0,0,0.0,0,0.0,0,0.0,0,0.0,0,0.0,0,0.0,0,0.0,0,0.0,0,0.0
fair_control_seed7101_final,fixed_dual_hybrid_rrf_mw0.25_teleport10,20,50,100,24,0.6601537629037629,48,0.8485815573315573,0,0.0,75.42,0,0.0,0,0.0,0,0.0,0,0.0,0,0.0,0,0.0,0,0.0,0,0.0,0,0.0,0,0.0,0,0.0
fair_control_seed7101_final,fixed_dual_hybrid_rrf_mw0.25_teleport10,20,75,100,24,0.6601537629037629,61,0.9098703796203796,0,0.0,75.42,0,0.0,0,0.0,0,0.0,0,0.0,0,0.0,0,0.0,0,0.0,0,0.0,0,0.0,0,0.0,0,0.0
fair_control_seed7101_final,fixed_dual_hybrid_rrf_mw0.25_teleport10,20,100,100,24,0.6601537629037629,81,0.9593649683649684,0,0.0,75.42,0,0.0,0,0.0,0,0.0,0,0.0,0,0.0,0,0.0,0,0.0,0,0.0,0,0.0,0,0.0,0,0.0
fair_control_seed7101_final,fixed_dual_hybrid_rrf_mw0.25_teleport5,20,50,100,24,0.6614454295704296,47,0.8525398906648907,0,0.0,75.42,0,0.0,0,0.0,0,0.0,0,0.0,0,0.0,0,0.0,0,0.0,0,0.0,0,0.0,0,0.0,0,0.0
fair_control_seed7101_final,fixed_dual_hybrid_rrf_mw0.25_teleport5,20,75,100,24,0.6614454295704296,62,0.91293783993784,0,0.0,75.42,0,0.0,0,0.0,0,0.0,0,0.0,0,0.0,0,0.0,0,0.0,0,0.0,0,0.0,0,0.0,0,0.0
fair_control_seed7101_final,fixed_dual_hybrid_rrf_mw0.25_teleport5,20,100,100,24,0.6614454295704296,75,0.9521705239205239,0,0.0,75.42,0,0.0,0,0.0,0,0.0,0,0.0,0,0.0,0,0.0,0,0.0,0,0.0,0,0.0,0,0.0,0,0.0
fair_control_seed7101_final,fixed_dual_hybrid_rrf_mw0.5_teleport10,20,50,100,23,0.6591120962370962,45,0.8512677045177045,0,0.0,75.42,0,0.0,0,0.0,0,0.0,0,0.0,0,0.0,0,0.0,0,0.0,0,0.0,0,0.0,0,0.0,0,0.0
fair_control_seed7101_final,fixed_dual_hybrid_rrf_mw0.5_teleport10,20,75,100,23,0.6591120962370962,59,0.9088660506160506,0,0.0,75.42,0,0.0,0,0.0,0,0.0,0,0.0,0,0.0,0,0.0,0,0.0,0,0.0,0,0.0,0,0.0,0,0.0
fair_control_seed7101_final,fixed_dual_hybrid_rrf_mw0.5_teleport10,20,100,100,23,0.6591120962370962,76,0.9556847041847041,0,0.0,75.42,0,0.0,0,0.0,0,0.0,0,0.0,0,0.0,0,0.0,0,0.0,0,0.0,0,0.0,0,0.0,0,0.0
fair_control_seed7101_final,fixed_dual_hybrid_rrf_mw0.5_teleport5,20,50,100,24,0.6600843184593185,44,0.8490177045177044,0,0.0,75.42,0,0.0,0,0.0,0,0.0,0,0.0,0,0.0,0,0.0,0,0.0,0,0.0,0,0.0,0,0.0,0,0.0
fair_control_seed7101_final,fixed_dual_hybrid_rrf_mw0.5_teleport5,20,75,100,24,0.6600843184593185,59,0.9077549395049396,0,0.0,75.42,0,0.0,0,0.0,0,0.0,0,0.0,0,0.0,0,0.0,0,0.0,0,0.0,0,0.0,0,0.0,0,0.0
fair_control_seed7101_final,fixed_dual_hybrid_rrf_mw0.5_teleport5,20,100,100,24,0.6600843184593185,77,0.9575821400821402,0,0.0,75.42,0,0.0,0,0.0,0,0.0,0,0.0,0,0.0,0,0.0,0,0.0,0,0.0,0,0.0,0,0.0,0,0.0
fair_control_seed7101_final,fixed_dual_hybrid_rrf_mw0.75_teleport10,20,50,100,23,0.653655747030747,44,0.8459835719835719,0,0.0,75.42,0,0.0,0,0.0,0,0.0,0,0.0,0,0.0,0,0.0,0,0.0,0,0.0,0,0.0,0,0.0,0,0.0
fair_control_seed7101_final,fixed_dual_hybrid_rrf_mw0.75_teleport10,20,75,100,23,0.653655747030747,60,0.916433510933511,0,0.0,75.42,0,0.0,0,0.0,0,0.0,0,0.0,0,0.0,0,0.0,0,0.0,0,0.0,0,0.0,0,0.0,0,0.0
fair_control_seed7101_final,fixed_dual_hybrid_rrf_mw0.75_teleport10,20,100,100,23,0.653655747030747,74,0.9502518037518037,0,0.0,75.42,0,0.0,0,0.0,0,0.0,0,0.0,0,0.0,0,0.0,0,0.0,0,0.0,0,0.0,0,0.0,0,0.0
fair_control_seed7101_final,fixed_dual_hybrid_rrf_mw0.75_teleport5,20,50,100,23,0.6533224136974137,42,0.8417335719835719,0,0.0,75.42,0,0.0,0,0.0,0,0.0,0,0.0,0,0.0,0,0.0,0,0.0,0,0.0,0,0.0,0,0.0,0,0.0
fair_control_seed7101_final,fixed_dual_hybrid_rrf_mw0.75_teleport5,20,75,100,23,0.6533224136974137,60,0.9097551892551893,0,0.0,75.42,0,0.0,0,0.0,0,0.0,0,0.0,0,0.0,0,0.0,0,0.0,0,0.0,0,0.0,0,0.0,0,0.0
fair_control_seed7101_final,fixed_dual_hybrid_rrf_mw0.75_teleport5,20,100,100,23,0.6533224136974137,72,0.9445808080808081,0,0.0,75.42,0,0.0,0,0.0,0,0.0,0,0.0,0,0.0,0,0.0,0,0.0,0,0.0,0,0.0,0,0.0,0,0.0
fair_control_seed7101_final,global_fine_rrf_fixed,20,20,100,26,0.6592585192585193,26,0.6592585192585193,0,0.0,75.42,0,0.0,0,0.0,0,0.0,0,0.0,0,0.0,0,0.0,0,0.0,0,0.0,0,0.0,0,0.0,0,0.0
fair_control_seed7101_final,global_fine_rrf_fixed,50,50,100,41,0.8359461233211234,41,0.8359461233211234,0,0.0,75.42,0,0.0,0,0.0,0,0.0,0,0.0,0,0.0,0,0.0,0,0.0,0,0.0,0,0.0,0,0.0,0,0.0
fair_control_seed7101_final,global_fine_rrf_fixed,100,100,100,75,0.9515331890331891,75,0.9515331890331891,0,0.0,75.42,0,0.0,0,0.0,0,0.0,0,0.0,0,0.0,0,0.0,0,0.0,0,0.0,0,0.0,0,0.0,0,0.0
fair_control_seed7101_final,global_fine_rrf_hybrid_mw0.25_teleport10,20,50,100,26,0.6592585192585193,42,0.8312267593517594,0,0.0,75.42,0,0.0,0,0.0,0,0.0,0,0.0,0,0.0,0,0.0,0,0.0,0,0.0,0,0.0,0,0.0,0,0.0
fair_control_seed7101_final,global_fine_rrf_hybrid_mw0.25_teleport10,20,75,100,26,0.6592585192585193,59,0.9034731934731934,0,0.0,75.42,0,0.0,0,0.0,0,0.0,0,0.0,0,0.0,0,0.0,0,0.0,0,0.0,0,0.0,0,0.0,0,0.0
fair_control_seed7101_final,global_fine_rrf_hybrid_mw0.25_teleport10,20,100,100,26,0.6592585192585193,78,0.9457249972249973,0,0.0,75.42,0,0.0,0,0.0,0,0.0,0,0.0,0,0.0,0,0.0,0,0.0,0,0.0,0,0.0,0,0.0,0,0.0
fair_control_seed7101_final,global_fine_rrf_hybrid_mw0.25_teleport5,20,50,100,26,0.6592585192585193,47,0.8468509962259962,0,0.0,75.42,0,0.0,0,0.0,0,0.0,0,0.0,0,0.0,0,0.0,0,0.0,0,0.0,0,0.0,0,0.0,0,0.0
fair_control_seed7101_final,global_fine_rrf_hybrid_mw0.25_teleport5,20,75,100,26,0.6592585192585193,61,0.9104648962148962,0,0.0,75.42,0,0.0,0,0.0,0,0.0,0,0.0,0,0.0,0,0.0,0,0.0,0,0.0,0,0.0,0,0.0,0,0.0
fair_control_seed7101_final,global_fine_rrf_hybrid_mw0.25_teleport5,20,100,100,26,0.6592585192585193,81,0.9526737706737707,0,0.0,75.42,0,0.0,0,0.0,0,0.0,0,0.0,0,0.0,0,0.0,0,0.0,0,0.0,0,0.0,0,0.0,0,0.0
fair_control_seed7101_final,global_fine_rrf_hybrid_mw0.5_teleport10,20,50,100,26,0.6592585192585193,45,0.8449151404151404,0,0.0,75.42,0,0.0,0,0.0,0,0.0,0,0.0,0,0.0,0,0.0,0,0.0,0,0.0,0,0.0,0,0.0,0,0.0
fair_control_seed7101_final,global_fine_rrf_hybrid_mw0.5_teleport10,20,75,100,26,0.6592585192585193,63,0.911758547008547,0,0.0,75.42,0,0.0,0,0.0,0,0.0,0,0.0,0,0.0,0,0.0,0,0.0,0,0.0,0,0.0,0,0.0,0,0.0
fair_control_seed7101_final,global_fine_rrf_hybrid_mw0.5_teleport10,20,100,100,26,0.6592585192585193,79,0.9626824286824287,0,0.0,75.42,0,0.0,0,0.0,0,0.0,0,0.0,0,0.0,0,0.0,0,0.0,0,0.0,0,0.0,0,0.0,0,0.0
fair_control_seed7101_final,global_fine_rrf_hybrid_mw0.5_teleport5,20,50,100,26,0.6592585192585193,47,0.8526522227772227,0,0.0,75.42,0,0.0,0,0.0,0,0.0,0,0.0,0,0.0,0,0.0,0,0.0,0,0.0,0,0.0,0,0.0,0,0.0
fair_control_seed7101_final,global_fine_rrf_hybrid_mw0.5_teleport5,20,75,100,26,0.6592585192585193,61,0.905926184926185,0,0.0,75.42,0,0.0,0,0.0,0,0.0,0,0.0,0,0.0,0,0.0,0,0.0,0,0.0,0,0.0,0,0.0,0,0.0
fair_control_seed7101_final,global_fine_rrf_hybrid_mw0.5_teleport5,20,100,100,26,0.6592585192585193,80,0.9636066711066711,0,0.0,75.42,0,0.0,0,0.0,0,0.0,0,0.0,0,0.0,0,0.0,0,0.0,0,0.0,0,0.0,0,0.0,0,0.0
fair_control_seed7101_final,global_fine_rrf_hybrid_mw0.75_teleport10,20,50,100,26,0.6592585192585193,47,0.8530552503052503,0,0.0,75.42,0,0.0,0,0.0,0,0.0,0,0.0,0,0.0,0,0.0,0,0.0,0,0.0,0,0.0,0,0.0,0,0.0
fair_control_seed7101_final,global_fine_rrf_hybrid_mw0.75_teleport10,20,75,100,26,0.6592585192585193,61,0.9073031690531691,0,0.0,75.42,0,0.0,0,0.0,0,0.0,0,0.0,0,0.0,0,0.0,0,0.0,0,0.0,0,0.0,0,0.0,0,0.0
fair_control_seed7101_final,global_fine_rrf_hybrid_mw0.75_teleport10,20,100,100,26,0.6592585192585193,77,0.9571486291486292,0,0.0,75.42,0,0.0,0,0.0,0,0.0,0,0.0,0,0.0,0,0.0,0,0.0,0,0.0,0,0.0,0,0.0,0,0.0
fair_control_seed7101_final,global_fine_rrf_hybrid_mw0.75_teleport5,20,50,100,26,0.6592585192585193,47,0.8530552503052503,0,0.0,75.42,0,0.0,0,0.0,0,0.0,0,0.0,0,0.0,0,0.0,0,0.0,0,0.0,0,0.0,0,0.0,0,0.0
fair_control_seed7101_final,global_fine_rrf_hybrid_mw0.75_teleport5,20,75,100,26,0.6592585192585193,60,0.9077274114774114,0,0.0,75.42,0,0.0,0,0.0,0,0.0,0,0.0,0,0.0,0,0.0,0,0.0,0,0.0,0,0.0,0,0.0,0,0.0
fair_control_seed7101_final,global_fine_rrf_hybrid_mw0.75_teleport5,20,100,100,26,0.6592585192585193,77,0.9564819624819624,0,0.0,75.42,0,0.0,0,0.0,0,0.0,0,0.0,0,0.0,0,0.0,0,0.0,0,0.0,0,0.0,0,0.0,0,0.0
fair_control_seed7102_best,coarse_hybrid_mw0.25_teleport10,20,50,100,22,0.6388903873903874,48,0.8528967837717838,0,0.0,75.78,0,0.0,0,0.0,0,0.0,0,0.0,0,0.0,0,0.0,0,0.0,0,0.0,0,0.0,0,0.0,0,0.0
fair_control_seed7102_best,coarse_hybrid_mw0.25_teleport10,20,75,100,22,0.6388903873903874,62,0.9199322483072483,0,0.0,75.78,0,0.0,0,0.0,0,0.0,0,0.0,0,0.0,0,0.0,0,0.0,0,0.0,0,0.0,0,0.0,0,0.0
fair_control_seed7102_best,coarse_hybrid_mw0.25_teleport10,20,100,100,22,0.6388903873903874,83,0.9609003219003219,0,0.0,75.78,0,0.0,0,0.0,0,0.0,0,0.0,0,0.0,0,0.0,0,0.0,0,0.0,0,0.0,0,0.0,0,0.0
fair_control_seed7102_best,coarse_hybrid_mw0.25_teleport5,20,50,100,22,0.6388903873903874,46,0.8431249583749583,0,0.0,75.78,0,0.0,0,0.0,0,0.0,0,0.0,0,0.0,0,0.0,0,0.0,0,0.0,0,0.0,0,0.0,0,0.0
fair_control_seed7102_best,coarse_hybrid_mw0.25_teleport5,20,75,100,22,0.6388903873903874,59,0.9124473998223998,0,0.0,75.78,0,0.0,0,0.0,0,0.0,0,0.0,0,0.0,0,0.0,0,0.0,0,0.0,0,0.0,0,0.0,0,0.0
fair_control_seed7102_best,coarse_hybrid_mw0.25_teleport5,20,100,100,22,0.6388903873903874,79,0.9535626595626596,0,0.0,75.78,0,0.0,0,0.0,0,0.0,0,0.0,0,0.0,0,0.0,0,0.0,0,0.0,0,0.0,0,0.0,0,0.0
fair_control_seed7102_best,coarse_hybrid_mw0.5_teleport10,20,50,100,22,0.6388903873903874,41,0.845264208014208,0,0.0,75.78,0,0.0,0,0.0,0,0.0,0,0.0,0,0.0,0,0.0,0,0.0,0,0.0,0,0.0,0,0.0,0,0.0
fair_control_seed7102_best,coarse_hybrid_mw0.5_teleport10,20,75,100,22,0.6388903873903874,57,0.9150393911643911,0,0.0,75.78,0,0.0,0,0.0,0,0.0,0,0.0,0,0.0,0,0.0,0,0.0,0,0.0,0,0.0,0,0.0,0,0.0
fair_control_seed7102_best,coarse_hybrid_mw0.5_teleport10,20,100,100,22,0.6388903873903874,76,0.9541741314241314,0,0.0,75.78,0,0.0,0,0.0,0,0.0,0,0.0,0,0.0,0,0.0,0,0.0,0,0.0,0,0.0,0,0.0,0,0.0
fair_control_seed7102_best,coarse_hybrid_mw0.5_teleport5,20,50,100,22,0.6388903873903874,41,0.8416765456765457,0,0.0,75.78,0,0.0,0,0.0,0,0.0,0,0.0,0,0.0,0,0.0,0,0.0,0,0.0,0,0.0,0,0.0,0,0.0
fair_control_seed7102_best,coarse_hybrid_mw0.5_teleport5,20,75,100,22,0.6388903873903874,54,0.9081934315684316,0,0.0,75.78,0,0.0,0,0.0,0,0.0,0,0.0,0,0.0,0,0.0,0,0.0,0,0.0,0,0.0,0,0.0,0,0.0
fair_control_seed7102_best,coarse_hybrid_mw0.5_teleport5,20,100,100,22,0.6388903873903874,75,0.9564360361860362,0,0.0,75.78,0,0.0,0,0.0,0,0.0,0,0.0,0,0.0,0,0.0,0,0.0,0,0.0,0,0.0,0,0.0,0,0.0
fair_control_seed7102_best,coarse_hybrid_mw0.75_teleport10,20,50,100,22,0.6388903873903874,41,0.835643426018426,0,0.0,75.78,0,0.0,0,0.0,0,0.0,0,0.0,0,0.0,0,0.0,0,0.0,0,0.0,0,0.0,0,0.0,0,0.0
fair_control_seed7102_best,coarse_hybrid_mw0.75_teleport10,20,75,100,22,0.6388903873903874,55,0.9056103479853479,0,0.0,75.78,0,0.0,0,0.0,0,0.0,0,0.0,0,0.0,0,0.0,0,0.0,0,0.0,0,0.0,0,0.0,0,0.0
fair_control_seed7102_best,coarse_hybrid_mw0.75_teleport10,20,100,100,22,0.6388903873903874,69,0.9470579698079697,0,0.0,75.78,0,0.0,0,0.0,0,0.0,0,0.0,0,0.0,0,0.0,0,0.0,0,0.0,0,0.0,0,0.0,0,0.0
fair_control_seed7102_best,coarse_hybrid_mw0.75_teleport5,20,50,100,22,0.6388903873903874,41,0.8294843351093352,0,0.0,75.78,0,0.0,0,0.0,0,0.0,0,0.0,0,0.0,0,0.0,0,0.0,0,0.0,0,0.0,0,0.0,0,0.0
fair_control_seed7102_best,coarse_hybrid_mw0.75_teleport5,20,75,100,22,0.6388903873903874,51,0.896701257076257,0,0.0,75.78,0,0.0,0,0.0,0,0.0,0,0.0,0,0.0,0,0.0,0,0.0,0,0.0,0,0.0,0,0.0,0,0.0
fair_control_seed7102_best,coarse_hybrid_mw0.75_teleport5,20,100,100,22,0.6388903873903874,69,0.9470579698079697,0,0.0,75.78,0,0.0,0,0.0,0,0.0,0,0.0,0,0.0,0,0.0,0,0.0,0,0.0,0,0.0,0,0.0,0,0.0
fair_control_seed7102_best,dual_hybrid_rrf_mw0.25_teleport10,20,50,100,25,0.660984903984904,46,0.8368132006882008,0,0.0,75.78,0,0.0,0,0.0,0,0.0,0,0.0,0,0.0,0,0.0,0,0.0,0,0.0,0,0.0,0,0.0,0,0.0
fair_control_seed7102_best,dual_hybrid_rrf_mw0.25_teleport10,20,75,100,25,0.660984903984904,61,0.9216663752913753,0,0.0,75.78,0,0.0,0,0.0,0,0.0,0,0.0,0,0.0,0,0.0,0,0.0,0,0.0,0,0.0,0,0.0,0,0.0
fair_control_seed7102_best,dual_hybrid_rrf_mw0.25_teleport10,20,100,100,25,0.660984903984904,83,0.9654836552336552,0,0.0,75.78,0,0.0,0,0.0,0,0.0,0,0.0,0,0.0,0,0.0,0,0.0,0,0.0,0,0.0,0,0.0,0,0.0
fair_control_seed7102_best,dual_hybrid_rrf_mw0.25_teleport5,20,50,100,24,0.6576632256632258,45,0.8427384143634145,0,0.0,75.78,0,0.0,0,0.0,0,0.0,0,0.0,0,0.0,0,0.0,0,0.0,0,0.0,0,0.0,0,0.0,0,0.0
fair_control_seed7102_best,dual_hybrid_rrf_mw0.25_teleport5,20,75,100,24,0.6576632256632258,62,0.9249997086247086,0,0.0,75.78,0,0.0,0,0.0,0,0.0,0,0.0,0,0.0,0,0.0,0,0.0,0,0.0,0,0.0,0,0.0,0,0.0
fair_control_seed7102_best,dual_hybrid_rrf_mw0.25_teleport5,20,100,100,24,0.6576632256632258,81,0.9624634532134532,0,0.0,75.78,0,0.0,0,0.0,0,0.0,0,0.0,0,0.0,0,0.0,0,0.0,0,0.0,0,0.0,0,0.0,0,0.0
fair_control_seed7102_best,dual_hybrid_rrf_mw0.5_teleport10,20,50,100,28,0.6661472416472417,45,0.8541316322566322,0,0.0,75.78,0,0.0,0,0.0,0,0.0,0,0.0,0,0.0,0,0.0,0,0.0,0,0.0,0,0.0,0,0.0,0,0.0
fair_control_seed7102_best,dual_hybrid_rrf_mw0.5_teleport10,20,75,100,28,0.6661472416472417,61,0.927908078033078,0,0.0,75.78,0,0.0,0,0.0,0,0.0,0,0.0,0,0.0,0,0.0,0,0.0,0,0.0,0,0.0,0,0.0,0,0.0
fair_control_seed7102_best,dual_hybrid_rrf_mw0.5_teleport10,20,100,100,28,0.6661472416472417,80,0.964463813963814,0,0.0,75.78,0,0.0,0,0.0,0,0.0,0,0.0,0,0.0,0,0.0,0,0.0,0,0.0,0,0.0,0,0.0,0,0.0
fair_control_seed7102_best,dual_hybrid_rrf_mw0.5_teleport5,20,50,100,26,0.6552229992229992,43,0.8500641719391718,0,0.0,75.78,0,0.0,0,0.0,0,0.0,0,0.0,0,0.0,0,0.0,0,0.0,0,0.0,0,0.0,0,0.0,0,0.0
fair_control_seed7102_best,dual_hybrid_rrf_mw0.5_teleport5,20,75,100,26,0.6552229992229992,59,0.9213045426795426,0,0.0,75.78,0,0.0,0,0.0,0,0.0,0,0.0,0,0.0,0,0.0,0,0.0,0,0.0,0,0.0,0,0.0,0,0.0
fair_control_seed7102_best,dual_hybrid_rrf_mw0.5_teleport5,20,100,100,26,0.6552229992229992,78,0.9647019092019091,0,0.0,75.78,0,0.0,0,0.0,0,0.0,0,0.0,0,0.0,0,0.0,0,0.0,0,0.0,0,0.0,0,0.0,0,0.0
fair_control_seed7102_best,dual_hybrid_rrf_mw0.75_teleport10,20,50,100,27,0.6609174436674436,43,0.8494387001887002,0,0.0,75.78,0,0.0,0,0.0,0,0.0,0,0.0,0,0.0,0,0.0,0,0.0,0,0.0,0,0.0,0,0.0,0,0.0
fair_control_seed7102_best,dual_hybrid_rrf_mw0.75_teleport10,20,75,100,27,0.6609174436674436,60,0.9202255383505384,0,0.0,75.78,0,0.0,0,0.0,0,0.0,0,0.0,0,0.0,0,0.0,0,0.0,0,0.0,0,0.0,0,0.0,0,0.0
fair_control_seed7102_best,dual_hybrid_rrf_mw0.75_teleport10,20,100,100,27,0.6609174436674436,73,0.9588398268398268,0,0.0,75.78,0,0.0,0,0.0,0,0.0,0,0.0,0,0.0,0,0.0,0,0.0,0,0.0,0,0.0,0,0.0,0,0.0
fair_control_seed7102_best,dual_hybrid_rrf_mw0.75_teleport5,20,50,100,27,0.6609174436674436,42,0.8419341214341215,0,0.0,75.78,0,0.0,0,0.0,0,0.0,0,0.0,0,0.0,0,0.0,0,0.0,0,0.0,0,0.0,0,0.0,0,0.0
fair_control_seed7102_best,dual_hybrid_rrf_mw0.75_teleport5,20,75,100,27,0.6609174436674436,58,0.9159982656232656,0,0.0,75.78,0,0.0,0,0.0,0,0.0,0,0.0,0,0.0,0,0.0,0,0.0,0,0.0,0,0.0,0,0.0,0,0.0
fair_control_seed7102_best,dual_hybrid_rrf_mw0.75_teleport5,20,100,100,27,0.6609174436674436,72,0.9563281718281718,0,0.0,75.78,0,0.0,0,0.0,0,0.0,0,0.0,0,0.0,0,0.0,0,0.0,0,0.0,0,0.0,0,0.0,0,0.0
fair_control_seed7102_best,fixed,20,20,100,22,0.6388903873903874,22,0.6388903873903874,0,0.0,75.78,0,0.0,0,0.0,0,0.0,0,0.0,0,0.0,0,0.0,0,0.0,0,0.0,0,0.0,0,0.0,0,0.0
fair_control_seed7102_best,fixed,50,50,100,40,0.8215815573315574,40,0.8215815573315574,0,0.0,75.78,0,0.0,0,0.0,0,0.0,0,0.0,0,0.0,0,0.0,0,0.0,0,0.0,0,0.0,0,0.0,0,0.0
fair_control_seed7102_best,fixed,100,100,100,65,0.9357920967920969,65,0.9357920967920969,0,0.0,75.78,0,0.0,0,0.0,0,0.0,0,0.0,0,0.0,0,0.0,0,0.0,0,0.0,0,0.0,0,0.0,0,0.0
fair_control_seed7102_best,fixed_dual_hybrid_rrf_mw0.25_teleport10,20,50,100,24,0.6520765345765347,43,0.8496828588078589,0,0.0,75.78,0,0.0,0,0.0,0,0.0,0,0.0,0,0.0,0,0.0,0,0.0,0,0.0,0,0.0,0,0.0,0,0.0
fair_control_seed7102_best,fixed_dual_hybrid_rrf_mw0.25_teleport10,20,75,100,24,0.6520765345765347,61,0.9193481934731935,0,0.0,75.78,0,0.0,0,0.0,0,0.0,0,0.0,0,0.0,0,0.0,0,0.0,0,0.0,0,0.0,0,0.0,0,0.0
fair_control_seed7102_best,fixed_dual_hybrid_rrf_mw0.25_teleport10,20,100,100,24,0.6520765345765347,80,0.9649324286824288,0,0.0,75.78,0,0.0,0,0.0,0,0.0,0,0.0,0,0.0,0,0.0,0,0.0,0,0.0,0,0.0,0,0.0,0,0.0
fair_control_seed7102_best,fixed_dual_hybrid_rrf_mw0.25_teleport5,20,50,100,24,0.6537792762792763,43,0.8506828588078588,0,0.0,75.78,0,0.0,0,0.0,0,0.0,0,0.0,0,0.0,0,0.0,0,0.0,0,0.0,0,0.0,0,0.0,0,0.0
fair_control_seed7102_best,fixed_dual_hybrid_rrf_mw0.25_teleport5,20,75,100,24,0.6537792762792763,57,0.9163525224775225,0,0.0,75.78,0,0.0,0,0.0,0,0.0,0,0.0,0,0.0,0,0.0,0,0.0,0,0.0,0,0.0,0,0.0,0,0.0
fair_control_seed7102_best,fixed_dual_hybrid_rrf_mw0.25_teleport5,20,100,100,24,0.6537792762792763,79,0.962015762015762,0,0.0,75.78,0,0.0,0,0.0,0,0.0,0,0.0,0,0.0,0,0.0,0,0.0,0,0.0,0,0.0,0,0.0,0,0.0
fair_control_seed7102_best,fixed_dual_hybrid_rrf_mw0.5_teleport10,20,50,100,25,0.6633391608391608,40,0.8428975052725053,0,0.0,75.78,0,0.0,0,0.0,0,0.0,0,0.0,0,0.0,0,0.0,0,0.0,0,0.0,0,0.0,0,0.0,0,0.0
fair_control_seed7102_best,fixed_dual_hybrid_rrf_mw0.5_teleport10,20,75,100,25,0.6633391608391608,58,0.9199073565323566,0,0.0,75.78,0,0.0,0,0.0,0,0.0,0,0.0,0,0.0,0,0.0,0,0.0,0,0.0,0,0.0,0,0.0,0,0.0
fair_control_seed7102_best,fixed_dual_hybrid_rrf_mw0.5_teleport10,20,100,100,25,0.6633391608391608,77,0.9634436119436119,0,0.0,75.78,0,0.0,0,0.0,0,0.0,0,0.0,0,0.0,0,0.0,0,0.0,0,0.0,0,0.0,0,0.0,0,0.0
fair_control_seed7102_best,fixed_dual_hybrid_rrf_mw0.5_teleport5,20,50,100,25,0.6594105894105894,41,0.8429830724830726,0,0.0,75.78,0,0.0,0,0.0,0,0.0,0,0.0,0,0.0,0,0.0,0,0.0,0,0.0,0,0.0,0,0.0,0,0.0
fair_control_seed7102_best,fixed_dual_hybrid_rrf_mw0.5_teleport5,20,75,100,25,0.6594105894105894,56,0.9151454517704518,0,0.0,75.78,0,0.0,0,0.0,0,0.0,0,0.0,0,0.0,0,0.0,0,0.0,0,0.0,0,0.0,0,0.0,0,0.0
fair_control_seed7102_best,fixed_dual_hybrid_rrf_mw0.5_teleport5,20,100,100,25,0.6594105894105894,80,0.967054723054723,0,0.0,75.78,0,0.0,0,0.0,0,0.0,0,0.0,0,0.0,0,0.0,0,0.0,0,0.0,0,0.0,0,0.0,0,0.0
fair_control_seed7102_best,fixed_dual_hybrid_rrf_mw0.75_teleport10,20,50,100,25,0.6607634032634033,41,0.8377254967254967,0,0.0,75.78,0,0.0,0,0.0,0,0.0,0,0.0,0,0.0,0,0.0,0,0.0,0,0.0,0,0.0,0,0.0,0,0.0
fair_control_seed7102_best,fixed_dual_hybrid_rrf_mw0.75_teleport10,20,75,100,25,0.6607634032634033,58,0.9169714590964592,0,0.0,75.78,0,0.0,0,0.0,0,0.0,0,0.0,0,0.0,0,0.0,0,0.0,0,0.0,0,0.0,0,0.0,0,0.0
fair_control_seed7102_best,fixed_dual_hybrid_rrf_mw0.75_teleport10,20,100,100,25,0.6607634032634033,71,0.9539670607170607,0,0.0,75.78,0,0.0,0,0.0,0,0.0,0,0.0,0,0.0,0,0.0,0,0.0,0,0.0,0,0.0,0,0.0,0,0.0
fair_control_seed7102_best,fixed_dual_hybrid_rrf_mw0.75_teleport5,20,50,100,25,0.6596522921522922,41,0.8349982239982241,0,0.0,75.78,0,0.0,0,0.0,0,0.0,0,0.0,0,0.0,0,0.0,0,0.0,0,0.0,0,0.0,0,0.0,0,0.0
fair_control_seed7102_best,fixed_dual_hybrid_rrf_mw0.75_teleport5,20,75,100,25,0.6596522921522922,54,0.911951257076257,0,0.0,75.78,0,0.0,0,0.0,0,0.0,0,0.0,0,0.0,0,0.0,0,0.0,0,0.0,0,0.0,0,0.0,0,0.0
fair_control_seed7102_best,fixed_dual_hybrid_rrf_mw0.75_teleport5,20,100,100,25,0.6596522921522922,70,0.9529670607170607,0,0.0,75.78,0,0.0,0,0.0,0,0.0,0,0.0,0,0.0,0,0.0,0,0.0,0,0.0,0,0.0,0,0.0,0,0.0
fair_control_seed7102_best,global_fine_rrf_fixed,20,20,100,25,0.6435851232101233,25,0.6435851232101233,0,0.0,75.78,0,0.0,0,0.0,0,0.0,0,0.0,0,0.0,0,0.0,0,0.0,0,0.0,0,0.0,0,0.0,0,0.0
fair_control_seed7102_best,global_fine_rrf_fixed,50,50,100,42,0.8341212398712399,42,0.8341212398712399,0,0.0,75.78,0,0.0,0,0.0,0,0.0,0,0.0,0,0.0,0,0.0,0,0.0,0,0.0,0,0.0,0,0.0,0,0.0
fair_control_seed7102_best,global_fine_rrf_fixed,100,100,100,71,0.9541617965367964,71,0.9541617965367964,0,0.0,75.78,0,0.0,0,0.0,0,0.0,0,0.0,0,0.0,0,0.0,0,0.0,0,0.0,0,0.0,0,0.0,0,0.0
fair_control_seed7102_best,global_fine_rrf_hybrid_mw0.25_teleport10,20,50,100,25,0.6435851232101233,50,0.8490442612942612,0,0.0,75.78,0,0.0,0,0.0,0,0.0,0,0.0,0,0.0,0,0.0,0,0.0,0,0.0,0,0.0,0,0.0,0,0.0
fair_control_seed7102_best,global_fine_rrf_hybrid_mw0.25_teleport10,20,75,100,25,0.6435851232101233,60,0.9220123348873349,0,0.0,75.78,0,0.0,0,0.0,0,0.0,0,0.0,0,0.0,0,0.0,0,0.0,0,0.0,0,0.0,0,0.0,0,0.0
fair_control_seed7102_best,global_fine_rrf_hybrid_mw0.25_teleport10,20,100,100,25,0.6435851232101233,80,0.9558321400821401,0,0.0,75.78,0,0.0,0,0.0,0,0.0,0,0.0,0,0.0,0,0.0,0,0.0,0,0.0,0,0.0,0,0.0,0,0.0
fair_control_seed7102_best,global_fine_rrf_hybrid_mw0.25_teleport5,20,50,100,25,0.6435851232101233,47,0.8503657592407592,0,0.0,75.78,0,0.0,0,0.0,0,0.0,0,0.0,0,0.0,0,0.0,0,0.0,0,0.0,0,0.0,0,0.0,0,0.0
fair_control_seed7102_best,global_fine_rrf_hybrid_mw0.25_teleport5,20,75,100,25,0.6435851232101233,62,0.9254914113664114,0,0.0,75.78,0,0.0,0,0.0,0,0.0,0,0.0,0,0.0,0,0.0,0,0.0,0,0.0,0,0.0,0,0.0,0,0.0
fair_control_seed7102_best,global_fine_rrf_hybrid_mw0.25_teleport5,20,100,100,25,0.6435851232101233,81,0.9615904373404374,0,0.0,75.78,0,0.0,0,0.0,0,0.0,0,0.0,0,0.0,0,0.0,0,0.0,0,0.0,0,0.0,0,0.0,0,0.0
fair_control_seed7102_best,global_fine_rrf_hybrid_mw0.5_teleport10,20,50,100,25,0.6435851232101233,44,0.8462536768786769,0,0.0,75.78,0,0.0,0,0.0,0,0.0,0,0.0,0,0.0,0,0.0,0,0.0,0,0.0,0,0.0,0,0.0,0,0.0
fair_control_seed7102_best,global_fine_rrf_hybrid_mw0.5_teleport10,20,75,100,25,0.6435851232101233,63,0.9288164474414475,0,0.0,75.78,0,0.0,0,0.0,0,0.0,0,0.0,0,0.0,0,0.0,0,0.0,0,0.0,0,0.0,0,0.0,0,0.0
fair_control_seed7102_best,global_fine_rrf_hybrid_mw0.5_teleport10,20,100,100,25,0.6435851232101233,81,0.9678802308802308,0,0.0,75.78,0,0.0,0,0.0,0,0.0,0,0.0,0,0.0,0,0.0,0,0.0,0,0.0,0,0.0,0,0.0,0,0.0
fair_control_seed7102_best,global_fine_rrf_hybrid_mw0.5_teleport5,20,50,100,25,0.6435851232101233,45,0.8535155816405816,0,0.0,75.78,0,0.0,0,0.0,0,0.0,0,0.0,0,0.0,0,0.0,0,0.0,0,0.0,0,0.0,0,0.0,0,0.0
fair_control_seed7102_best,global_fine_rrf_hybrid_mw0.5_teleport5,20,75,100,25,0.6435851232101233,63,0.9277204878454879,0,0.0,75.78,0,0.0,0,0.0,0,0.0,0,0.0,0,0.0,0,0.0,0,0.0,0,0.0,0,0.0,0,0.0,0,0.0
fair_control_seed7102_best,global_fine_rrf_hybrid_mw0.5_teleport5,20,100,100,25,0.6435851232101233,80,0.9673490953490953,0,0.0,75.78,0,0.0,0,0.0,0,0.0,0,0.0,0,0.0,0,0.0,0,0.0,0,0.0,0,0.0,0,0.0,0,0.0
fair_control_seed7102_best,global_fine_rrf_hybrid_mw0.75_teleport10,20,50,100,25,0.6435851232101233,44,0.8396969974469974,0,0.0,75.78,0,0.0,0,0.0,0,0.0,0,0.0,0,0.0,0,0.0,0,0.0,0,0.0,0,0.0,0,0.0,0,0.0
fair_control_seed7102_best,global_fine_rrf_hybrid_mw0.75_teleport10,20,75,100,25,0.6435851232101233,61,0.9256858558108558,0,0.0,75.78,0,0.0,0,0.0,0,0.0,0,0.0,0,0.0,0,0.0,0,0.0,0,0.0,0,0.0,0,0.0,0,0.0
fair_control_seed7102_best,global_fine_rrf_hybrid_mw0.75_teleport10,20,100,100,25,0.6435851232101233,78,0.9670696248196248,0,0.0,75.78,0,0.0,0,0.0,0,0.0,0,0.0,0,0.0,0,0.0,0,0.0,0,0.0,0,0.0,0,0.0,0,0.0
fair_control_seed7102_best,global_fine_rrf_hybrid_mw0.75_teleport5,20,50,100,25,0.6435851232101233,44,0.8395303307803307,0,0.0,75.78,0,0.0,0,0.0,0,0.0,0,0.0,0,0.0,0,0.0,0,0.0,0,0.0,0,0.0,0,0.0,0,0.0
fair_control_seed7102_best,global_fine_rrf_hybrid_mw0.75_teleport5,20,75,100,25,0.6435851232101233,61,0.9245747446997448,0,0.0,75.78,0,0.0,0,0.0,0,0.0,0,0.0,0,0.0,0,0.0,0,0.0,0,0.0,0,0.0,0,0.0,0,0.0
fair_control_seed7102_best,global_fine_rrf_hybrid_mw0.75_teleport5,20,100,100,25,0.6435851232101233,78,0.9670696248196248,0,0.0,75.78,0,0.0,0,0.0,0,0.0,0,0.0,0,0.0,0,0.0,0,0.0,0,0.0,0,0.0,0,0.0,0,0.0
fair_control_seed7102_final,coarse_hybrid_mw0.25_teleport10,20,50,100,24,0.654649295149295,43,0.8314112831612832,0,0.0,73.82,0,0.0,0,0.0,0,0.0,0,0.0,0,0.0,0,0.0,0,0.0,0,0.0,0,0.0,0,0.0,0,0.0
fair_control_seed7102_final,coarse_hybrid_mw0.25_teleport10,20,75,100,24,0.654649295149295,57,0.9098683954933955,0,0.0,73.82,0,0.0,0,0.0,0,0.0,0,0.0,0,0.0,0,0.0,0,0.0,0,0.0,0,0.0,0,0.0,0,0.0
fair_control_seed7102_final,coarse_hybrid_mw0.25_teleport10,20,100,100,24,0.654649295149295,74,0.9426625874125873,0,0.0,73.82,0,0.0,0,0.0,0,0.0,0,0.0,0,0.0,0,0.0,0,0.0,0,0.0,0,0.0,0,0.0,0,0.0
fair_control_seed7102_final,coarse_hybrid_mw0.25_teleport5,20,50,100,24,0.654649295149295,42,0.8312760017760017,0,0.0,73.82,0,0.0,0,0.0,0,0.0,0,0.0,0,0.0,0,0.0,0,0.0,0,0.0,0,0.0,0,0.0,0,0.0
fair_control_seed7102_final,coarse_hybrid_mw0.25_teleport5,20,75,100,24,0.654649295149295,57,0.9158052641802642,0,0.0,73.82,0,0.0,0,0.0,0,0.0,0,0.0,0,0.0,0,0.0,0,0.0,0,0.0,0,0.0,0,0.0,0,0.0
fair_control_seed7102_final,coarse_hybrid_mw0.25_teleport5,20,100,100,24,0.654649295149295,77,0.9524515484515484,0,0.0,73.82,0,0.0,0,0.0,0,0.0,0,0.0,0,0.0,0,0.0,0,0.0,0,0.0,0,0.0,0,0.0,0,0.0
fair_control_seed7102_final,coarse_hybrid_mw0.5_teleport10,20,50,100,24,0.654649295149295,41,0.8347577838827839,0,0.0,73.82,0,0.0,0,0.0,0,0.0,0,0.0,0,0.0,0,0.0,0,0.0,0,0.0,0,0.0,0,0.0,0,0.0
fair_control_seed7102_final,coarse_hybrid_mw0.5_teleport10,20,75,100,24,0.654649295149295,62,0.9175075341325342,0,0.0,73.82,0,0.0,0,0.0,0,0.0,0,0.0,0,0.0,0,0.0,0,0.0,0,0.0,0,0.0,0,0.0,0,0.0
fair_control_seed7102_final,coarse_hybrid_mw0.5_teleport10,20,100,100,24,0.654649295149295,78,0.956999888999889,0,0.0,73.82,0,0.0,0,0.0,0,0.0,0,0.0,0,0.0,0,0.0,0,0.0,0,0.0,0,0.0,0,0.0,0,0.0
fair_control_seed7102_final,coarse_hybrid_mw0.5_teleport5,20,50,100,24,0.654649295149295,40,0.8379565573315573,0,0.0,73.82,0,0.0,0,0.0,0,0.0,0,0.0,0,0.0,0,0.0,0,0.0,0,0.0,0,0.0,0,0.0,0,0.0
fair_control_seed7102_final,coarse_hybrid_mw0.5_teleport5,20,75,100,24,0.654649295149295,61,0.9144361055611055,0,0.0,73.82,0,0.0,0,0.0,0,0.0,0,0.0,0,0.0,0,0.0,0,0.0,0,0.0,0,0.0,0,0.0,0,0.0
fair_control_seed7102_final,coarse_hybrid_mw0.5_teleport5,20,100,100,24,0.654649295149295,76,0.9553332223332224,0,0.0,73.82,0,0.0,0,0.0,0,0.0,0,0.0,0,0.0,0,0.0,0,0.0,0,0.0,0,0.0,0,0.0,0,0.0
fair_control_seed7102_final,coarse_hybrid_mw0.75_teleport10,20,50,100,24,0.654649295149295,44,0.8385429570429571,0,0.0,73.82,0,0.0,0,0.0,0,0.0,0,0.0,0,0.0,0,0.0,0,0.0,0,0.0,0,0.0,0,0.0,0,0.0
fair_control_seed7102_final,coarse_hybrid_mw0.75_teleport10,20,75,100,24,0.654649295149295,54,0.900460816960817,0,0.0,73.82,0,0.0,0,0.0,0,0.0,0,0.0,0,0.0,0,0.0,0,0.0,0,0.0,0,0.0,0,0.0,0,0.0
fair_control_seed7102_final,coarse_hybrid_mw0.75_teleport10,20,100,100,24,0.654649295149295,68,0.9385697635697636,0,0.0,73.82,0,0.0,0,0.0,0,0.0,0,0.0,0,0.0,0,0.0,0,0.0,0,0.0,0,0.0,0,0.0,0,0.0
fair_control_seed7102_final,coarse_hybrid_mw0.75_teleport5,20,50,100,24,0.654649295149295,44,0.8368560883560883,0,0.0,73.82,0,0.0,0,0.0,0,0.0,0,0.0,0,0.0,0,0.0,0,0.0,0,0.0,0,0.0,0,0.0,0,0.0
fair_control_seed7102_final,coarse_hybrid_mw0.75_teleport5,20,75,100,24,0.654649295149295,53,0.8957108169608169,0,0.0,73.82,0,0.0,0,0.0,0,0.0,0,0.0,0,0.0,0,0.0,0,0.0,0,0.0,0,0.0,0,0.0,0,0.0
fair_control_seed7102_final,coarse_hybrid_mw0.75_teleport5,20,100,100,24,0.654649295149295,68,0.9385697635697636,0,0.0,73.82,0,0.0,0,0.0,0,0.0,0,0.0,0,0.0,0,0.0,0,0.0,0,0.0,0,0.0,0,0.0,0,0.0
fair_control_seed7102_final,dual_hybrid_rrf_mw0.25_teleport10,20,50,100,26,0.6717641247641248,44,0.8329401848151847,0,0.0,73.82,0,0.0,0,0.0,0,0.0,0,0.0,0,0.0,0,0.0,0,0.0,0,0.0,0,0.0,0,0.0,0,0.0
fair_control_seed7102_final,dual_hybrid_rrf_mw0.25_teleport10,20,75,100,26,0.6717641247641248,56,0.9115433594183594,0,0.0,73.82,0,0.0,0,0.0,0,0.0,0,0.0,0,0.0,0,0.0,0,0.0,0,0.0,0,0.0,0,0.0,0,0.0
fair_control_seed7102_final,dual_hybrid_rrf_mw0.25_teleport10,20,100,100,26,0.6717641247641248,76,0.9466146076146076,0,0.0,73.82,0,0.0,0,0.0,0,0.0,0,0.0,0,0.0,0,0.0,0,0.0,0,0.0,0,0.0,0,0.0,0,0.0
fair_control_seed7102_final,dual_hybrid_rrf_mw0.25_teleport5,20,50,100,26,0.6737085692085693,44,0.8369648545898546,0,0.0,73.82,0,0.0,0,0.0,0,0.0,0,0.0,0,0.0,0,0.0,0,0.0,0,0.0,0,0.0,0,0.0,0,0.0
fair_control_seed7102_final,dual_hybrid_rrf_mw0.25_teleport5,20,75,100,26,0.6737085692085693,59,0.9137969669219669,0,0.0,73.82,0,0.0,0,0.0,0,0.0,0,0.0,0,0.0,0,0.0,0,0.0,0,0.0,0,0.0,0,0.0,0,0.0
fair_control_seed7102_final,dual_hybrid_rrf_mw0.25_teleport5,20,100,100,26,0.6737085692085693,77,0.9555702353202353,0,0.0,73.82,0,0.0,0,0.0,0,0.0,0,0.0,0,0.0,0,0.0,0,0.0,0,0.0,0,0.0,0,0.0,0,0.0
fair_control_seed7102_final,dual_hybrid_rrf_mw0.5_teleport10,20,50,100,26,0.6670782273282273,44,0.8385954462204462,0,0.0,73.82,0,0.0,0,0.0,0,0.0,0,0.0,0,0.0,0,0.0,0,0.0,0,0.0,0,0.0,0,0.0,0,0.0
fair_control_seed7102_final,dual_hybrid_rrf_mw0.5_teleport10,20,75,100,26,0.6670782273282273,64,0.9222540376290377,0,0.0,73.82,0,0.0,0,0.0,0,0.0,0,0.0,0,0.0,0,0.0,0,0.0,0,0.0,0,0.0,0,0.0,0,0.0
fair_control_seed7102_final,dual_hybrid_rrf_mw0.5_teleport10,20,100,100,26,0.6670782273282273,83,0.9708490953490952,0,0.0,73.82,0,0.0,0,0.0,0,0.0,0,0.0,0,0.0,0,0.0,0,0.0,0,0.0,0,0.0,0,0.0,0,0.0
fair_control_seed7102_final,dual_hybrid_rrf_mw0.5_teleport5,20,50,100,26,0.6656893384393385,44,0.8386188949938951,0,0.0,73.82,0,0.0,0,0.0,0,0.0,0,0.0,0,0.0,0,0.0,0,0.0,0,0.0,0,0.0,0,0.0,0,0.0
fair_control_seed7102_final,dual_hybrid_rrf_mw0.5_teleport5,20,75,100,26,0.6656893384393385,61,0.9205949467199467,0,0.0,73.82,0,0.0,0,0.0,0,0.0,0,0.0,0,0.0,0,0.0,0,0.0,0,0.0,0,0.0,0,0.0,0,0.0
fair_control_seed7102_final,dual_hybrid_rrf_mw0.5_teleport5,20,100,100,26,0.6656893384393385,81,0.9687928182928183,0,0.0,73.82,0,0.0,0,0.0,0,0.0,0,0.0,0,0.0,0,0.0,0,0.0,0,0.0,0,0.0,0,0.0,0,0.0
fair_control_seed7102_final,dual_hybrid_rrf_mw0.75_teleport10,20,50,100,26,0.6662683427683427,42,0.8361906843156843,0,0.0,73.82,0,0.0,0,0.0,0,0.0,0,0.0,0,0.0,0,0.0,0,0.0,0,0.0,0,0.0,0,0.0,0,0.0
fair_control_seed7102_final,dual_hybrid_rrf_mw0.75_teleport10,20,75,100,26,0.6662683427683427,58,0.9104476495726496,0,0.0,73.82,0,0.0,0,0.0,0,0.0,0,0.0,0,0.0,0,0.0,0,0.0,0,0.0,0,0.0,0,0.0,0,0.0
fair_control_seed7102_final,dual_hybrid_rrf_mw0.75_teleport10,20,100,100,26,0.6662683427683427,74,0.9590097402597402,0,0.0,73.82,0,0.0,0,0.0,0,0.0,0,0.0,0,0.0,0,0.0,0,0.0,0,0.0,0,0.0,0,0.0,0,0.0
fair_control_seed7102_final,dual_hybrid_rrf_mw0.75_teleport5,20,50,100,26,0.6650183427683427,42,0.8350795732045733,0,0.0,73.82,0,0.0,0,0.0,0,0.0,0,0.0,0,0.0,0,0.0,0,0.0,0,0.0,0,0.0,0,0.0,0,0.0
fair_control_seed7102_final,dual_hybrid_rrf_mw0.75_teleport5,20,75,100,26,0.6650183427683427,57,0.9093365384615385,0,0.0,73.82,0,0.0,0,0.0,0,0.0,0,0.0,0,0.0,0,0.0,0,0.0,0,0.0,0,0.0,0,0.0,0,0.0
fair_control_seed7102_final,dual_hybrid_rrf_mw0.75_teleport5,20,100,100,26,0.6650183427683427,74,0.9598430735930736,0,0.0,73.82,0,0.0,0,0.0,0,0.0,0,0.0,0,0.0,0,0.0,0,0.0,0,0.0,0,0.0,0,0.0,0,0.0
fair_control_seed7102_final,fixed,20,20,100,24,0.654649295149295,24,0.654649295149295,0,0.0,73.82,0,0.0,0,0.0,0,0.0,0,0.0,0,0.0,0,0.0,0,0.0,0,0.0,0,0.0,0,0.0,0,0.0
fair_control_seed7102_final,fixed,50,50,100,39,0.8215590798090798,39,0.8215590798090798,0,0.0,73.82,0,0.0,0,0.0,0,0.0,0,0.0,0,0.0,0,0.0,0,0.0,0,0.0,0,0.0,0,0.0,0,0.0
fair_control_seed7102_final,fixed,100,100,100,63,0.9277333638583639,63,0.9277333638583639,0,0.0,73.82,0,0.0,0,0.0,0,0.0,0,0.0,0,0.0,0,0.0,0,0.0,0,0.0,0,0.0,0,0.0,0,0.0
fair_control_seed7102_final,fixed_dual_hybrid_rrf_mw0.25_teleport10,20,50,100,25,0.6703358030858031,41,0.8341315212565212,0,0.0,73.82,0,0.0,0,0.0,0,0.0,0,0.0,0,0.0,0,0.0,0,0.0,0,0.0,0,0.0,0,0.0,0,0.0
fair_control_seed7102_final,fixed_dual_hybrid_rrf_mw0.25_teleport10,20,75,100,25,0.6703358030858031,57,0.9134005022755022,0,0.0,73.82,0,0.0,0,0.0,0,0.0,0,0.0,0,0.0,0,0.0,0,0.0,0,0.0,0,0.0,0,0.0,0,0.0
fair_control_seed7102_final,fixed_dual_hybrid_rrf_mw0.25_teleport10,20,100,100,25,0.6703358030858031,80,0.9573011155511155,0,0.0,73.82,0,0.0,0,0.0,0,0.0,0,0.0,0,0.0,0,0.0,0,0.0,0,0.0,0,0.0,0,0.0,0,0.0
fair_control_seed7102_final,fixed_dual_hybrid_rrf_mw0.25_teleport5,20,50,100,25,0.6697802475302476,41,0.8361307997557997,0,0.0,73.82,0,0.0,0,0.0,0,0.0,0,0.0,0,0.0,0,0.0,0,0.0,0,0.0,0,0.0,0,0.0,0,0.0
fair_control_seed7102_final,fixed_dual_hybrid_rrf_mw0.25_teleport5,20,75,100,25,0.6697802475302476,60,0.9197818154068155,0,0.0,73.82,0,0.0,0,0.0,0,0.0,0,0.0,0,0.0,0,0.0,0,0.0,0,0.0,0,0.0,0,0.0,0,0.0
fair_control_seed7102_final,fixed_dual_hybrid_rrf_mw0.25_teleport5,20,100,100,25,0.6697802475302476,80,0.9619198024198025,0,0.0,73.82,0,0.0,0,0.0,0,0.0,0,0.0,0,0.0,0,0.0,0,0.0,0,0.0,0,0.0,0,0.0,0,0.0
fair_control_seed7102_final,fixed_dual_hybrid_rrf_mw0.5_teleport10,20,50,100,25,0.6668238983238983,44,0.8466831085581086,0,0.0,73.82,0,0.0,0,0.0,0,0.0,0,0.0,0,0.0,0,0.0,0,0.0,0,0.0,0,0.0,0,0.0,0,0.0
fair_control_seed7102_final,fixed_dual_hybrid_rrf_mw0.5_teleport10,20,75,100,25,0.6668238983238983,58,0.9058130896880897,0,0.0,73.82,0,0.0,0,0.0,0,0.0,0,0.0,0,0.0,0,0.0,0,0.0,0,0.0,0,0.0,0,0.0,0,0.0
fair_control_seed7102_final,fixed_dual_hybrid_rrf_mw0.5_teleport10,20,100,100,25,0.6668238983238983,79,0.9621059496059496,0,0.0,73.82,0,0.0,0,0.0,0,0.0,0,0.0,0,0.0,0,0.0,0,0.0,0,0.0,0,0.0,0,0.0,0,0.0
fair_control_seed7102_final,fixed_dual_hybrid_rrf_mw0.5_teleport5,20,50,100,25,0.6670024697524697,44,0.8399608863358863,0,0.0,73.82,0,0.0,0,0.0,0,0.0,0,0.0,0,0.0,0,0.0,0,0.0,0,0.0,0,0.0,0,0.0,0,0.0
fair_control_seed7102_final,fixed_dual_hybrid_rrf_mw0.5_teleport5,20,75,100,25,0.6670024697524697,57,0.9017492368742368,0,0.0,73.82,0,0.0,0,0.0,0,0.0,0,0.0,0,0.0,0,0.0,0,0.0,0,0.0,0,0.0,0,0.0,0,0.0
fair_control_seed7102_final,fixed_dual_hybrid_rrf_mw0.5_teleport5,20,100,100,25,0.6670024697524697,74,0.9562448384948385,0,0.0,73.82,0,0.0,0,0.0,0,0.0,0,0.0,0,0.0,0,0.0,0,0.0,0,0.0,0,0.0,0,0.0,0,0.0
fair_control_seed7102_final,fixed_dual_hybrid_rrf_mw0.75_teleport10,20,50,100,25,0.6675183427683428,42,0.8353497752247752,0,0.0,73.82,0,0.0,0,0.0,0,0.0,0,0.0,0,0.0,0,0.0,0,0.0,0,0.0,0,0.0,0,0.0,0,0.0
fair_control_seed7102_final,fixed_dual_hybrid_rrf_mw0.75_teleport10,20,75,100,25,0.6675183427683428,53,0.8929072455322455,0,0.0,73.82,0,0.0,0,0.0,0,0.0,0,0.0,0,0.0,0,0.0,0,0.0,0,0.0,0,0.0,0,0.0,0,0.0
fair_control_seed7102_final,fixed_dual_hybrid_rrf_mw0.75_teleport10,20,100,100,25,0.6675183427683428,71,0.9494980852480852,0,0.0,73.82,0,0.0,0,0.0,0,0.0,0,0.0,0,0.0,0,0.0,0,0.0,0,0.0,0,0.0,0,0.0,0,0.0
fair_control_seed7102_final,fixed_dual_hybrid_rrf_mw0.75_teleport5,20,50,100,25,0.6682127872127872,42,0.8345164418914419,0,0.0,73.82,0,0.0,0,0.0,0,0.0,0,0.0,0,0.0,0,0.0,0,0.0,0,0.0,0,0.0,0,0.0,0,0.0
fair_control_seed7102_final,fixed_dual_hybrid_rrf_mw0.75_teleport5,20,75,100,25,0.6682127872127872,53,0.8929072455322455,0,0.0,73.82,0,0.0,0,0.0,0,0.0,0,0.0,0,0.0,0,0.0,0,0.0,0,0.0,0,0.0,0,0.0,0,0.0
fair_control_seed7102_final,fixed_dual_hybrid_rrf_mw0.75_teleport5,20,100,100,25,0.6682127872127872,72,0.9509266566766567,0,0.0,73.82,0,0.0,0,0.0,0,0.0,0,0.0,0,0.0,0,0.0,0,0.0,0,0.0,0,0.0,0,0.0,0,0.0
fair_control_seed7102_final,global_fine_rrf_fixed,20,20,100,26,0.6607845765345765,26,0.6607845765345765,0,0.0,73.82,0,0.0,0,0.0,0,0.0,0,0.0,0,0.0,0,0.0,0,0.0,0,0.0,0,0.0,0,0.0,0,0.0
fair_control_seed7102_final,global_fine_rrf_fixed,50,50,100,46,0.8388337912087913,46,0.8388337912087913,0,0.0,73.82,0,0.0,0,0.0,0,0.0,0,0.0,0,0.0,0,0.0,0,0.0,0,0.0,0,0.0,0,0.0,0,0.0
fair_control_seed7102_final,global_fine_rrf_fixed,100,100,100,69,0.9471935425685426,69,0.9471935425685426,0,0.0,73.82,0,0.0,0,0.0,0,0.0,0,0.0,0,0.0,0,0.0,0,0.0,0,0.0,0,0.0,0,0.0,0,0.0
fair_control_seed7102_final,global_fine_rrf_hybrid_mw0.25_teleport10,20,50,100,26,0.6607845765345765,46,0.837753316128316,0,0.0,73.82,0,0.0,0,0.0,0,0.0,0,0.0,0,0.0,0,0.0,0,0.0,0,0.0,0,0.0,0,0.0,0,0.0
fair_control_seed7102_final,global_fine_rrf_hybrid_mw0.25_teleport10,20,75,100,26,0.6607845765345765,56,0.907939824064824,0,0.0,73.82,0,0.0,0,0.0,0,0.0,0,0.0,0,0.0,0,0.0,0,0.0,0,0.0,0,0.0,0,0.0,0,0.0
fair_control_seed7102_final,global_fine_rrf_hybrid_mw0.25_teleport10,20,100,100,26,0.6607845765345765,76,0.9475381285381286,0,0.0,73.82,0,0.0,0,0.0,0,0.0,0,0.0,0,0.0,0,0.0,0,0.0,0,0.0,0,0.0,0,0.0,0,0.0
fair_control_seed7102_final,global_fine_rrf_hybrid_mw0.25_teleport5,20,50,100,26,0.6607845765345765,44,0.8369361055611055,0,0.0,73.82,0,0.0,0,0.0,0,0.0,0,0.0,0,0.0,0,0.0,0,0.0,0,0.0,0,0.0,0,0.0,0,0.0
fair_control_seed7102_final,global_fine_rrf_hybrid_mw0.25_teleport5,20,75,100,26,0.6607845765345765,59,0.9129196220446221,0,0.0,73.82,0,0.0,0,0.0,0,0.0,0,0.0,0,0.0,0,0.0,0,0.0,0,0.0,0,0.0,0,0.0,0,0.0
fair_control_seed7102_final,global_fine_rrf_hybrid_mw0.25_teleport5,20,100,100,26,0.6607845765345765,79,0.9566813464313465,0,0.0,73.82,0,0.0,0,0.0,0,0.0,0,0.0,0,0.0,0,0.0,0,0.0,0,0.0,0,0.0,0,0.0,0,0.0
fair_control_seed7102_final,global_fine_rrf_hybrid_mw0.5_teleport10,20,50,100,26,0.6607845765345765,43,0.8339843351093351,0,0.0,73.82,0,0.0,0,0.0,0,0.0,0,0.0,0,0.0,0,0.0,0,0.0,0,0.0,0,0.0,0,0.0,0,0.0
fair_control_seed7102_final,global_fine_rrf_hybrid_mw0.5_teleport10,20,75,100,26,0.6607845765345765,66,0.9296025224775225,0,0.0,73.82,0,0.0,0,0.0,0,0.0,0,0.0,0,0.0,0,0.0,0,0.0,0,0.0,0,0.0,0,0.0,0,0.0
fair_control_seed7102_final,global_fine_rrf_hybrid_mw0.5_teleport10,20,100,100,26,0.6607845765345765,80,0.9651056998556998,0,0.0,73.82,0,0.0,0,0.0,0,0.0,0,0.0,0,0.0,0,0.0,0,0.0,0,0.0,0,0.0,0,0.0,0,0.0
fair_control_seed7102_final,global_fine_rrf_hybrid_mw0.5_teleport5,20,50,100,26,0.6607845765345765,43,0.8400752442002443,0,0.0,73.82,0,0.0,0,0.0,0,0.0,0,0.0,0,0.0,0,0.0,0,0.0,0,0.0,0,0.0,0,0.0,0,0.0
fair_control_seed7102_final,global_fine_rrf_hybrid_mw0.5_teleport5,20,75,100,26,0.6607845765345765,64,0.9251656537906539,0,0.0,73.82,0,0.0,0,0.0,0,0.0,0,0.0,0,0.0,0,0.0,0,0.0,0,0.0,0,0.0,0,0.0,0,0.0
fair_control_seed7102_final,global_fine_rrf_hybrid_mw0.5_teleport5,20,100,100,26,0.6607845765345765,81,0.9697009379509379,0,0.0,73.82,0,0.0,0,0.0,0,0.0,0,0.0,0,0.0,0,0.0,0,0.0,0,0.0,0,0.0,0,0.0,0,0.0
fair_control_seed7102_final,global_fine_rrf_hybrid_mw0.75_teleport10,20,50,100,26,0.6607845765345765,45,0.8431267205017206,0,0.0,73.82,0,0.0,0,0.0,0,0.0,0,0.0,0,0.0,0,0.0,0,0.0,0,0.0,0,0.0,0,0.0,0,0.0
fair_control_seed7102_final,global_fine_rrf_hybrid_mw0.75_teleport10,20,75,100,26,0.6607845765345765,61,0.9155704156954156,0,0.0,73.82,0,0.0,0,0.0,0,0.0,0,0.0,0,0.0,0,0.0,0,0.0,0,0.0,0,0.0,0,0.0,0,0.0
fair_control_seed7102_final,global_fine_rrf_hybrid_mw0.75_teleport10,20,100,100,26,0.6607845765345765,74,0.9583387445887446,0,0.0,73.82,0,0.0,0,0.0,0,0.0,0,0.0,0,0.0,0,0.0,0,0.0,0,0.0,0,0.0,0,0.0,0,0.0
fair_control_seed7102_final,global_fine_rrf_hybrid_mw0.75_teleport5,20,50,100,26,0.6607845765345765,46,0.8450509629259629,0,0.0,73.82,0,0.0,0,0.0,0,0.0,0,0.0,0,0.0,0,0.0,0,0.0,0,0.0,0,0.0,0,0.0,0,0.0
fair_control_seed7102_final,global_fine_rrf_hybrid_mw0.75_teleport5,20,75,100,26,0.6607845765345765,59,0.9120234071484071,0,0.0,73.82,0,0.0,0,0.0,0,0.0,0,0.0,0,0.0,0,0.0,0,0.0,0,0.0,0,0.0,0,0.0,0,0.0
fair_control_seed7102_final,global_fine_rrf_hybrid_mw0.75_teleport5,20,100,100,26,0.6607845765345765,74,0.9575054112554112,0,0.0,73.82,0,0.0,0,0.0,0,0.0,0,0.0,0,0.0,0,0.0,0,0.0,0,0.0,0,0.0,0,0.0,0,0.0
fair_cvar_seed7101_best,coarse_hybrid_mw0.25_teleport10,20,50,100,20,0.6165190226440227,40,0.803644216894217,0,0.0,72.9,0,0.0,0,0.0,0,0.0,0,0.0,0,0.0,0,0.0,0,0.0,0,0.0,0,0.0,0,0.0,0,0.0
fair_cvar_seed7101_best,coarse_hybrid_mw0.25_teleport10,20,75,100,20,0.6165190226440227,54,0.8849367576867577,0,0.0,72.9,0,0.0,0,0.0,0,0.0,0,0.0,0,0.0,0,0.0,0,0.0,0,0.0,0,0.0,0,0.0,0,0.0
fair_cvar_seed7101_best,coarse_hybrid_mw0.25_teleport10,20,100,100,20,0.6165190226440227,76,0.9409270174270175,0,0.0,72.9,0,0.0,0,0.0,0,0.0,0,0.0,0,0.0,0,0.0,0,0.0,0,0.0,0,0.0,0,0.0,0,0.0
fair_cvar_seed7101_best,coarse_hybrid_mw0.25_teleport5,20,50,100,20,0.6165190226440227,43,0.820279859029859,0,0.0,72.9,0,0.0,0,0.0,0,0.0,0,0.0,0,0.0,0,0.0,0,0.0,0,0.0,0,0.0,0,0.0,0,0.0
fair_cvar_seed7101_best,coarse_hybrid_mw0.25_teleport5,20,75,100,20,0.6165190226440227,58,0.8974513680763682,0,0.0,72.9,0,0.0,0,0.0,0,0.0,0,0.0,0,0.0,0,0.0,0,0.0,0,0.0,0,0.0,0,0.0,0,0.0
fair_cvar_seed7101_best,coarse_hybrid_mw0.25_teleport5,20,100,100,20,0.6165190226440227,74,0.9390825008325008,0,0.0,72.9,0,0.0,0,0.0,0,0.0,0,0.0,0,0.0,0,0.0,0,0.0,0,0.0,0,0.0,0,0.0,0,0.0
fair_cvar_seed7101_best,coarse_hybrid_mw0.5_teleport10,20,50,100,20,0.6165190226440227,40,0.8126763236763237,0,0.0,72.9,0,0.0,0,0.0,0,0.0,0,0.0,0,0.0,0,0.0,0,0.0,0,0.0,0,0.0,0,0.0,0,0.0
fair_cvar_seed7101_best,coarse_hybrid_mw0.5_teleport10,20,75,100,20,0.6165190226440227,58,0.9092112887112888,0,0.0,72.9,0,0.0,0,0.0,0,0.0,0,0.0,0,0.0,0,0.0,0,0.0,0,0.0,0,0.0,0,0.0,0,0.0
fair_cvar_seed7101_best,coarse_hybrid_mw0.5_teleport10,20,100,100,20,0.6165190226440227,78,0.9599634532134531,0,0.0,72.9,0,0.0,0,0.0,0,0.0,0,0.0,0,0.0,0,0.0,0,0.0,0,0.0,0,0.0,0,0.0,0,0.0
fair_cvar_seed7101_best,coarse_hybrid_mw0.5_teleport5,20,50,100,20,0.6165190226440227,42,0.8216124708624709,0,0.0,72.9,0,0.0,0,0.0,0,0.0,0,0.0,0,0.0,0,0.0,0,0.0,0,0.0,0,0.0,0,0.0,0,0.0
fair_cvar_seed7101_best,coarse_hybrid_mw0.5_teleport5,20,75,100,20,0.6165190226440227,60,0.9093670218670219,0,0.0,72.9,0,0.0,0,0.0,0,0.0,0,0.0,0,0.0,0,0.0,0,0.0,0,0.0,0,0.0,0,0.0,0,0.0
fair_cvar_seed7101_best,coarse_hybrid_mw0.5_teleport5,20,100,100,20,0.6165190226440227,80,0.961086469086469,0,0.0,72.9,0,0.0,0,0.0,0,0.0,0,0.0,0,0.0,0,0.0,0,0.0,0,0.0,0,0.0,0,0.0,0,0.0
fair_cvar_seed7101_best,coarse_hybrid_mw0.75_teleport10,20,50,100,20,0.6165190226440227,42,0.8284357031857031,0,0.0,72.9,0,0.0,0,0.0,0,0.0,0,0.0,0,0.0,0,0.0,0,0.0,0,0.0,0,0.0,0,0.0,0,0.0
fair_cvar_seed7101_best,coarse_hybrid_mw0.75_teleport10,20,75,100,20,0.6165190226440227,58,0.9123702686202687,0,0.0,72.9,0,0.0,0,0.0,0,0.0,0,0.0,0,0.0,0,0.0,0,0.0,0,0.0,0,0.0,0,0.0,0,0.0
fair_cvar_seed7101_best,coarse_hybrid_mw0.75_teleport10,20,100,100,20,0.6165190226440227,70,0.9460940448440448,0,0.0,72.9,0,0.0,0,0.0,0,0.0,0,0.0,0,0.0,0,0.0,0,0.0,0,0.0,0,0.0,0,0.0,0,0.0
fair_cvar_seed7101_best,coarse_hybrid_mw0.75_teleport5,20,50,100,20,0.6165190226440227,41,0.8225266122766122,0,0.0,72.9,0,0.0,0,0.0,0,0.0,0,0.0,0,0.0,0,0.0,0,0.0,0,0.0,0,0.0,0,0.0,0,0.0
fair_cvar_seed7101_best,coarse_hybrid_mw0.75_teleport5,20,75,100,20,0.6165190226440227,58,0.9087674547674548,0,0.0,72.9,0,0.0,0,0.0,0,0.0,0,0.0,0,0.0,0,0.0,0,0.0,0,0.0,0,0.0,0,0.0,0,0.0
fair_cvar_seed7101_best,coarse_hybrid_mw0.75_teleport5,20,100,100,20,0.6165190226440227,69,0.9427210289710289,0,0.0,72.9,0,0.0,0,0.0,0,0.0,0,0.0,0,0.0,0,0.0,0,0.0,0,0.0,0,0.0,0,0.0,0,0.0
fair_cvar_seed7101_best,dual_hybrid_rrf_mw0.25_teleport10,20,50,100,22,0.632934718059718,40,0.8077706598956599,0,0.0,72.9,0,0.0,0,0.0,0,0.0,0,0.0,0,0.0,0,0.0,0,0.0,0,0.0,0,0.0,0,0.0,0,0.0
fair_cvar_seed7101_best,dual_hybrid_rrf_mw0.25_teleport10,20,75,100,22,0.632934718059718,51,0.8760581501831501,0,0.0,72.9,0,0.0,0,0.0,0,0.0,0,0.0,0,0.0,0,0.0,0,0.0,0,0.0,0,0.0,0,0.0,0,0.0
fair_cvar_seed7101_best,dual_hybrid_rrf_mw0.25_teleport10,20,100,100,22,0.632934718059718,72,0.9376088356088356,0,0.0,72.9,0,0.0,0,0.0,0,0.0,0,0.0,0,0.0,0,0.0,0,0.0,0,0.0,0,0.0,0,0.0,0,0.0
fair_cvar_seed7101_best,dual_hybrid_rrf_mw0.25_teleport5,20,50,100,23,0.6404154872904873,41,0.8145077422577423,0,0.0,72.9,0,0.0,0,0.0,0,0.0,0,0.0,0,0.0,0,0.0,0,0.0,0,0.0,0,0.0,0,0.0,0,0.0
fair_cvar_seed7101_best,dual_hybrid_rrf_mw0.25_teleport5,20,75,100,23,0.6404154872904873,53,0.8820901459651459,0,0.0,72.9,0,0.0,0,0.0,0,0.0,0,0.0,0,0.0,0,0.0,0,0.0,0,0.0,0,0.0,0,0.0,0,0.0
fair_cvar_seed7101_best,dual_hybrid_rrf_mw0.25_teleport5,20,100,100,23,0.6404154872904873,74,0.939109557109557,0,0.0,72.9,0,0.0,0,0.0,0,0.0,0,0.0,0,0.0,0,0.0,0,0.0,0,0.0,0,0.0,0,0.0,0,0.0
fair_cvar_seed7101_best,dual_hybrid_rrf_mw0.5_teleport10,20,50,100,23,0.6406728132978132,41,0.8170374347874347,0,0.0,72.9,0,0.0,0,0.0,0,0.0,0,0.0,0,0.0,0,0.0,0,0.0,0,0.0,0,0.0,0,0.0,0,0.0
fair_cvar_seed7101_best,dual_hybrid_rrf_mw0.5_teleport10,20,75,100,23,0.6406728132978132,54,0.8897442973692974,0,0.0,72.9,0,0.0,0,0.0,0,0.0,0,0.0,0,0.0,0,0.0,0,0.0,0,0.0,0,0.0,0,0.0,0,0.0
fair_cvar_seed7101_best,dual_hybrid_rrf_mw0.5_teleport10,20,100,100,23,0.6406728132978132,77,0.9583321400821402,0,0.0,72.9,0,0.0,0,0.0,0,0.0,0,0.0,0,0.0,0,0.0,0,0.0,0,0.0,0,0.0,0,0.0,0,0.0
fair_cvar_seed7101_best,dual_hybrid_rrf_mw0.5_teleport5,20,50,100,23,0.6425339244089244,38,0.8157811216561217,0,0.0,72.9,0,0.0,0,0.0,0,0.0,0,0.0,0,0.0,0,0.0,0,0.0,0,0.0,0,0.0,0,0.0,0,0.0
fair_cvar_seed7101_best,dual_hybrid_rrf_mw0.5_teleport5,20,75,100,23,0.6425339244089244,60,0.9043554084804084,0,0.0,72.9,0,0.0,0,0.0,0,0.0,0,0.0,0,0.0,0,0.0,0,0.0,0,0.0,0,0.0,0,0.0,0,0.0
fair_cvar_seed7101_best,dual_hybrid_rrf_mw0.5_teleport5,20,100,100,23,0.6425339244089244,73,0.9536611444111445,0,0.0,72.9,0,0.0,0,0.0,0,0.0,0,0.0,0,0.0,0,0.0,0,0.0,0,0.0,0,0.0,0,0.0,0,0.0
fair_cvar_seed7101_best,dual_hybrid_rrf_mw0.75_teleport10,20,50,100,23,0.6332839244089244,40,0.8153578504828505,0,0.0,72.9,0,0.0,0,0.0,0,0.0,0,0.0,0,0.0,0,0.0,0,0.0,0,0.0,0,0.0,0,0.0,0,0.0
fair_cvar_seed7101_best,dual_hybrid_rrf_mw0.75_teleport10,20,75,100,23,0.6332839244089244,59,0.9063186813186813,0,0.0,72.9,0,0.0,0,0.0,0,0.0,0,0.0,0,0.0,0,0.0,0,0.0,0,0.0,0,0.0,0,0.0,0,0.0
fair_cvar_seed7101_best,dual_hybrid_rrf_mw0.75_teleport10,20,100,100,23,0.6332839244089244,69,0.9448674936174936,0,0.0,72.9,0,0.0,0,0.0,0,0.0,0,0.0,0,0.0,0,0.0,0,0.0,0,0.0,0,0.0,0,0.0,0,0.0
fair_cvar_seed7101_best,dual_hybrid_rrf_mw0.75_teleport5,20,50,100,23,0.6332839244089244,41,0.8173856282606283,0,0.0,72.9,0,0.0,0,0.0,0,0.0,0,0.0,0,0.0,0,0.0,0,0.0,0,0.0,0,0.0,0,0.0,0,0.0
fair_cvar_seed7101_best,dual_hybrid_rrf_mw0.75_teleport5,20,75,100,23,0.6332839244089244,59,0.902973692973693,0,0.0,72.9,0,0.0,0,0.0,0,0.0,0,0.0,0,0.0,0,0.0,0,0.0,0,0.0,0,0.0,0,0.0,0,0.0
fair_cvar_seed7101_best,dual_hybrid_rrf_mw0.75_teleport5,20,100,100,23,0.6332839244089244,69,0.9440341602841603,0,0.0,72.9,0,0.0,0,0.0,0,0.0,0,0.0,0,0.0,0,0.0,0,0.0,0,0.0,0,0.0,0,0.0,0,0.0
fair_cvar_seed7101_best,fixed,20,20,100,20,0.6165190226440227,20,0.6165190226440227,0,0.0,72.9,0,0.0,0,0.0,0,0.0,0,0.0,0,0.0,0,0.0,0,0.0,0,0.0,0,0.0,0,0.0,0,0.0
fair_cvar_seed7101_best,fixed,50,50,100,43,0.824947496947497,43,0.824947496947497,0,0.0,72.9,0,0.0,0,0.0,0,0.0,0,0.0,0,0.0,0,0.0,0,0.0,0,0.0,0,0.0,0,0.0,0,0.0
fair_cvar_seed7101_best,fixed,100,100,100,65,0.9331015096015096,65,0.9331015096015096,0,0.0,72.9,0,0.0,0,0.0,0,0.0,0,0.0,0,0.0,0,0.0,0,0.0,0,0.0,0,0.0,0,0.0,0,0.0
fair_cvar_seed7101_best,fixed_dual_hybrid_rrf_mw0.25_teleport10,20,50,100,21,0.6325765623265623,39,0.8160626873126873,0,0.0,72.9,0,0.0,0,0.0,0,0.0,0,0.0,0,0.0,0,0.0,0,0.0,0,0.0,0,0.0,0,0.0,0,0.0
fair_cvar_seed7101_best,fixed_dual_hybrid_rrf_mw0.25_teleport10,20,75,100,21,0.6325765623265623,58,0.89198112998113,0,0.0,72.9,0,0.0,0,0.0,0,0.0,0,0.0,0,0.0,0,0.0,0,0.0,0,0.0,0,0.0,0,0.0,0,0.0
fair_cvar_seed7101_best,fixed_dual_hybrid_rrf_mw0.25_teleport10,20,100,100,21,0.6325765623265623,74,0.9471813464313464,0,0.0,72.9,0,0.0,0,0.0,0,0.0,0,0.0,0,0.0,0,0.0,0,0.0,0,0.0,0,0.0,0,0.0,0,0.0
fair_cvar_seed7101_best,fixed_dual_hybrid_rrf_mw0.25_teleport5,20,50,100,21,0.6267924714174714,41,0.8244945054945054,0,0.0,72.9,0,0.0,0,0.0,0,0.0,0,0.0,0,0.0,0,0.0,0,0.0,0,0.0,0,0.0,0,0.0,0,0.0
fair_cvar_seed7101_best,fixed_dual_hybrid_rrf_mw0.25_teleport5,20,75,100,21,0.6267924714174714,56,0.8890333277833278,0,0.0,72.9,0,0.0,0,0.0,0,0.0,0,0.0,0,0.0,0,0.0,0,0.0,0,0.0,0,0.0,0,0.0,0,0.0
fair_cvar_seed7101_best,fixed_dual_hybrid_rrf_mw0.25_teleport5,20,100,100,21,0.6267924714174714,76,0.9516618659118659,0,0.0,72.9,0,0.0,0,0.0,0,0.0,0,0.0,0,0.0,0,0.0,0,0.0,0,0.0,0,0.0,0,0.0,0,0.0
fair_cvar_seed7101_best,fixed_dual_hybrid_rrf_mw0.5_teleport10,20,50,100,21,0.6215424714174714,40,0.8191743395493396,0,0.0,72.9,0,0.0,0,0.0,0,0.0,0,0.0,0,0.0,0,0.0,0,0.0,0,0.0,0,0.0,0,0.0,0,0.0
fair_cvar_seed7101_best,fixed_dual_hybrid_rrf_mw0.5_teleport10,20,75,100,21,0.6215424714174714,59,0.9052589077589077,0,0.0,72.9,0,0.0,0,0.0,0,0.0,0,0.0,0,0.0,0,0.0,0,0.0,0,0.0,0,0.0,0,0.0,0,0.0
fair_cvar_seed7101_best,fixed_dual_hybrid_rrf_mw0.5_teleport10,20,100,100,21,0.6215424714174714,73,0.9490702353202353,0,0.0,72.9,0,0.0,0,0.0,0,0.0,0,0.0,0,0.0,0,0.0,0,0.0,0,0.0,0,0.0,0,0.0,0,0.0
fair_cvar_seed7101_best,fixed_dual_hybrid_rrf_mw0.5_teleport5,20,50,100,22,0.6271333805083805,40,0.8238965617715618,0,0.0,72.9,0,0.0,0,0.0,0,0.0,0,0.0,0,0.0,0,0.0,0,0.0,0,0.0,0,0.0,0,0.0,0,0.0
fair_cvar_seed7101_best,fixed_dual_hybrid_rrf_mw0.5_teleport5,20,75,100,22,0.6271333805083805,58,0.9013583638583639,0,0.0,72.9,0,0.0,0,0.0,0,0.0,0,0.0,0,0.0,0,0.0,0,0.0,0,0.0,0,0.0,0,0.0,0,0.0
fair_cvar_seed7101_best,fixed_dual_hybrid_rrf_mw0.5_teleport5,20,100,100,22,0.6271333805083805,72,0.9474035686535686,0,0.0,72.9,0,0.0,0,0.0,0,0.0,0,0.0,0,0.0,0,0.0,0,0.0,0,0.0,0,0.0,0,0.0,0,0.0
fair_cvar_seed7101_best,fixed_dual_hybrid_rrf_mw0.75_teleport10,20,50,100,22,0.6271333805083805,41,0.8231399572649574,0,0.0,72.9,0,0.0,0,0.0,0,0.0,0,0.0,0,0.0,0,0.0,0,0.0,0,0.0,0,0.0,0,0.0,0,0.0
fair_cvar_seed7101_best,fixed_dual_hybrid_rrf_mw0.75_teleport10,20,75,100,22,0.6271333805083805,59,0.9051764346764347,0,0.0,72.9,0,0.0,0,0.0,0,0.0,0,0.0,0,0.0,0,0.0,0,0.0,0,0.0,0,0.0,0,0.0,0,0.0
fair_cvar_seed7101_best,fixed_dual_hybrid_rrf_mw0.75_teleport10,20,100,100,22,0.6271333805083805,68,0.9423674936174936,0,0.0,72.9,0,0.0,0,0.0,0,0.0,0,0.0,0,0.0,0,0.0,0,0.0,0,0.0,0,0.0,0,0.0,0,0.0
fair_cvar_seed7101_best,fixed_dual_hybrid_rrf_mw0.75_teleport5,20,50,100,22,0.6296333805083806,41,0.8186399572649573,0,0.0,72.9,0,0.0,0,0.0,0,0.0,0,0.0,0,0.0,0,0.0,0,0.0,0,0.0,0,0.0,0,0.0,0,0.0
fair_cvar_seed7101_best,fixed_dual_hybrid_rrf_mw0.75_teleport5,20,75,100,22,0.6296333805083806,59,0.9017673437673437,0,0.0,72.9,0,0.0,0,0.0,0,0.0,0,0.0,0,0.0,0,0.0,0,0.0,0,0.0,0,0.0,0,0.0,0,0.0
fair_cvar_seed7101_best,fixed_dual_hybrid_rrf_mw0.75_teleport5,20,100,100,22,0.6296333805083806,67,0.9403472915972916,0,0.0,72.9,0,0.0,0,0.0,0,0.0,0,0.0,0,0.0,0,0.0,0,0.0,0,0.0,0,0.0,0,0.0,0,0.0
fair_cvar_seed7101_best,global_fine_rrf_fixed,20,20,100,23,0.6150071178821179,23,0.6150071178821179,0,0.0,72.9,0,0.0,0,0.0,0,0.0,0,0.0,0,0.0,0,0.0,0,0.0,0,0.0,0,0.0,0,0.0,0,0.0
fair_cvar_seed7101_best,global_fine_rrf_fixed,50,50,100,40,0.8075277639027639,40,0.8075277639027639,0,0.0,72.9,0,0.0,0,0.0,0,0.0,0,0.0,0,0.0,0,0.0,0,0.0,0,0.0,0,0.0,0,0.0,0,0.0
fair_cvar_seed7101_best,global_fine_rrf_fixed,100,100,100,63,0.9340188977688978,63,0.9340188977688978,0,0.0,72.9,0,0.0,0,0.0,0,0.0,0,0.0,0,0.0,0,0.0,0,0.0,0,0.0,0,0.0,0,0.0,0,0.0
fair_cvar_seed7101_best,global_fine_rrf_hybrid_mw0.25_teleport10,20,50,100,23,0.6150071178821179,39,0.8028423382173382,0,0.0,72.9,0,0.0,0,0.0,0,0.0,0,0.0,0,0.0,0,0.0,0,0.0,0,0.0,0,0.0,0,0.0,0,0.0
fair_cvar_seed7101_best,global_fine_rrf_hybrid_mw0.25_teleport10,20,75,100,23,0.6150071178821179,51,0.8724317765567765,0,0.0,72.9,0,0.0,0,0.0,0,0.0,0,0.0,0,0.0,0,0.0,0,0.0,0,0.0,0,0.0,0,0.0,0,0.0
fair_cvar_seed7101_best,global_fine_rrf_hybrid_mw0.25_teleport10,20,100,100,23,0.6150071178821179,68,0.9277477244977246,0,0.0,72.9,0,0.0,0,0.0,0,0.0,0,0.0,0,0.0,0,0.0,0,0.0,0,0.0,0,0.0,0,0.0,0,0.0
fair_cvar_seed7101_best,global_fine_rrf_hybrid_mw0.25_teleport5,20,50,100,23,0.6150071178821179,38,0.8023297119547119,0,0.0,72.9,0,0.0,0,0.0,0,0.0,0,0.0,0,0.0,0,0.0,0,0.0,0,0.0,0,0.0,0,0.0,0,0.0
fair_cvar_seed7101_best,global_fine_rrf_hybrid_mw0.25_teleport5,20,75,100,23,0.6150071178821179,51,0.8706337967587967,0,0.0,72.9,0,0.0,0,0.0,0,0.0,0,0.0,0,0.0,0,0.0,0,0.0,0,0.0,0,0.0,0,0.0,0,0.0
fair_cvar_seed7101_best,global_fine_rrf_hybrid_mw0.25_teleport5,20,100,100,23,0.6150071178821179,68,0.9363588356088356,0,0.0,72.9,0,0.0,0,0.0,0,0.0,0,0.0,0,0.0,0,0.0,0,0.0,0,0.0,0,0.0,0,0.0,0,0.0
fair_cvar_seed7101_best,global_fine_rrf_hybrid_mw0.5_teleport10,20,50,100,23,0.6150071178821179,41,0.8095426656676656,0,0.0,72.9,0,0.0,0,0.0,0,0.0,0,0.0,0,0.0,0,0.0,0,0.0,0,0.0,0,0.0,0,0.0,0,0.0
fair_cvar_seed7101_best,global_fine_rrf_hybrid_mw0.5_teleport10,20,75,100,23,0.6150071178821179,54,0.891682387057387,0,0.0,72.9,0,0.0,0,0.0,0,0.0,0,0.0,0,0.0,0,0.0,0,0.0,0,0.0,0,0.0,0,0.0,0,0.0
fair_cvar_seed7101_best,global_fine_rrf_hybrid_mw0.5_teleport10,20,100,100,23,0.6150071178821179,71,0.9504944777444777,0,0.0,72.9,0,0.0,0,0.0,0,0.0,0,0.0,0,0.0,0,0.0,0,0.0,0,0.0,0,0.0,0,0.0,0,0.0
fair_cvar_seed7101_best,global_fine_rrf_hybrid_mw0.5_teleport5,20,50,100,23,0.6150071178821179,40,0.8139037767787768,0,0.0,72.9,0,0.0,0,0.0,0,0.0,0,0.0,0,0.0,0,0.0,0,0.0,0,0.0,0,0.0,0,0.0,0,0.0
fair_cvar_seed7101_best,global_fine_rrf_hybrid_mw0.5_teleport5,20,75,100,23,0.6150071178821179,54,0.8841181734931735,0,0.0,72.9,0,0.0,0,0.0,0,0.0,0,0.0,0,0.0,0,0.0,0,0.0,0,0.0,0,0.0,0,0.0,0,0.0
fair_cvar_seed7101_best,global_fine_rrf_hybrid_mw0.5_teleport5,20,100,100,23,0.6150071178821179,68,0.9470734820734821,0,0.0,72.9,0,0.0,0,0.0,0,0.0,0,0.0,0,0.0,0,0.0,0,0.0,0,0.0,0,0.0,0,0.0,0,0.0
fair_cvar_seed7101_best,global_fine_rrf_hybrid_mw0.75_teleport10,20,50,100,23,0.6150071178821179,39,0.8075714146964147,0,0.0,72.9,0,0.0,0,0.0,0,0.0,0,0.0,0,0.0,0,0.0,0,0.0,0,0.0,0,0.0,0,0.0,0,0.0
fair_cvar_seed7101_best,global_fine_rrf_hybrid_mw0.75_teleport10,20,75,100,23,0.6150071178821179,58,0.9008209151959151,0,0.0,72.9,0,0.0,0,0.0,0,0.0,0,0.0,0,0.0,0,0.0,0,0.0,0,0.0,0,0.0,0,0.0,0,0.0
fair_cvar_seed7101_best,global_fine_rrf_hybrid_mw0.75_teleport10,20,100,100,23,0.6150071178821179,67,0.9416019813519813,0,0.0,72.9,0,0.0,0,0.0,0,0.0,0,0.0,0,0.0,0,0.0,0,0.0,0,0.0,0,0.0,0,0.0,0,0.0
fair_cvar_seed7101_best,global_fine_rrf_hybrid_mw0.75_teleport5,20,50,100,23,0.6150071178821179,38,0.7997340021090021,0,0.0,72.9,0,0.0,0,0.0,0,0.0,0,0.0,0,0.0,0,0.0,0,0.0,0,0.0,0,0.0,0,0.0,0,0.0
fair_cvar_seed7101_best,global_fine_rrf_hybrid_mw0.75_teleport5,20,75,100,23,0.6150071178821179,56,0.8983209151959152,0,0.0,72.9,0,0.0,0,0.0,0,0.0,0,0.0,0,0.0,0,0.0,0,0.0,0,0.0,0,0.0,0,0.0,0,0.0
fair_cvar_seed7101_best,global_fine_rrf_hybrid_mw0.75_teleport5,20,100,100,23,0.6150071178821179,67,0.9406928904428905,0,0.0,72.9,0,0.0,0,0.0,0,0.0,0,0.0,0,0.0,0,0.0,0,0.0,0,0.0,0,0.0,0,0.0,0,0.0
fair_cvar_seed7101_final,coarse_hybrid_mw0.25_teleport10,20,50,100,20,0.6165190226440227,40,0.803644216894217,0,0.0,72.9,0,0.0,0,0.0,0,0.0,0,0.0,0,0.0,0,0.0,0,0.0,0,0.0,0,0.0,0,0.0,0,0.0
fair_cvar_seed7101_final,coarse_hybrid_mw0.25_teleport10,20,75,100,20,0.6165190226440227,54,0.8849367576867577,0,0.0,72.9,0,0.0,0,0.0,0,0.0,0,0.0,0,0.0,0,0.0,0,0.0,0,0.0,0,0.0,0,0.0,0,0.0
fair_cvar_seed7101_final,coarse_hybrid_mw0.25_teleport10,20,100,100,20,0.6165190226440227,76,0.9409270174270175,0,0.0,72.9,0,0.0,0,0.0,0,0.0,0,0.0,0,0.0,0,0.0,0,0.0,0,0.0,0,0.0,0,0.0,0,0.0
fair_cvar_seed7101_final,coarse_hybrid_mw0.25_teleport5,20,50,100,20,0.6165190226440227,43,0.820279859029859,0,0.0,72.9,0,0.0,0,0.0,0,0.0,0,0.0,0,0.0,0,0.0,0,0.0,0,0.0,0,0.0,0,0.0,0,0.0
fair_cvar_seed7101_final,coarse_hybrid_mw0.25_teleport5,20,75,100,20,0.6165190226440227,58,0.8974513680763682,0,0.0,72.9,0,0.0,0,0.0,0,0.0,0,0.0,0,0.0,0,0.0,0,0.0,0,0.0,0,0.0,0,0.0,0,0.0
fair_cvar_seed7101_final,coarse_hybrid_mw0.25_teleport5,20,100,100,20,0.6165190226440227,74,0.9390825008325008,0,0.0,72.9,0,0.0,0,0.0,0,0.0,0,0.0,0,0.0,0,0.0,0,0.0,0,0.0,0,0.0,0,0.0,0,0.0
fair_cvar_seed7101_final,coarse_hybrid_mw0.5_teleport10,20,50,100,20,0.6165190226440227,40,0.8126763236763237,0,0.0,72.9,0,0.0,0,0.0,0,0.0,0,0.0,0,0.0,0,0.0,0,0.0,0,0.0,0,0.0,0,0.0,0,0.0
fair_cvar_seed7101_final,coarse_hybrid_mw0.5_teleport10,20,75,100,20,0.6165190226440227,58,0.9092112887112888,0,0.0,72.9,0,0.0,0,0.0,0,0.0,0,0.0,0,0.0,0,0.0,0,0.0,0,0.0,0,0.0,0,0.0,0,0.0
fair_cvar_seed7101_final,coarse_hybrid_mw0.5_teleport10,20,100,100,20,0.6165190226440227,78,0.9599634532134531,0,0.0,72.9,0,0.0,0,0.0,0,0.0,0,0.0,0,0.0,0,0.0,0,0.0,0,0.0,0,0.0,0,0.0,0,0.0
fair_cvar_seed7101_final,coarse_hybrid_mw0.5_teleport5,20,50,100,20,0.6165190226440227,42,0.8216124708624709,0,0.0,72.9,0,0.0,0,0.0,0,0.0,0,0.0,0,0.0,0,0.0,0,0.0,0,0.0,0,0.0,0,0.0,0,0.0
fair_cvar_seed7101_final,coarse_hybrid_mw0.5_teleport5,20,75,100,20,0.6165190226440227,60,0.9093670218670219,0,0.0,72.9,0,0.0,0,0.0,0,0.0,0,0.0,0,0.0,0,0.0,0,0.0,0,0.0,0,0.0,0,0.0,0,0.0
fair_cvar_seed7101_final,coarse_hybrid_mw0.5_teleport5,20,100,100,20,0.6165190226440227,80,0.961086469086469,0,0.0,72.9,0,0.0,0,0.0,0,0.0,0,0.0,0,0.0,0,0.0,0,0.0,0,0.0,0,0.0,0,0.0,0,0.0
fair_cvar_seed7101_final,coarse_hybrid_mw0.75_teleport10,20,50,100,20,0.6165190226440227,42,0.8284357031857031,0,0.0,72.9,0,0.0,0,0.0,0,0.0,0,0.0,0,0.0,0,0.0,0,0.0,0,0.0,0,0.0,0,0.0,0,0.0
fair_cvar_seed7101_final,coarse_hybrid_mw0.75_teleport10,20,75,100,20,0.6165190226440227,58,0.9123702686202687,0,0.0,72.9,0,0.0,0,0.0,0,0.0,0,0.0,0,0.0,0,0.0,0,0.0,0,0.0,0,0.0,0,0.0,0,0.0
fair_cvar_seed7101_final,coarse_hybrid_mw0.75_teleport10,20,100,100,20,0.6165190226440227,70,0.9460940448440448,0,0.0,72.9,0,0.0,0,0.0,0,0.0,0,0.0,0,0.0,0,0.0,0,0.0,0,0.0,0,0.0,0,0.0,0,0.0
fair_cvar_seed7101_final,coarse_hybrid_mw0.75_teleport5,20,50,100,20,0.6165190226440227,41,0.8225266122766122,0,0.0,72.9,0,0.0,0,0.0,0,0.0,0,0.0,0,0.0,0,0.0,0,0.0,0,0.0,0,0.0,0,0.0,0,0.0
fair_cvar_seed7101_final,coarse_hybrid_mw0.75_teleport5,20,75,100,20,0.6165190226440227,58,0.9087674547674548,0,0.0,72.9,0,0.0,0,0.0,0,0.0,0,0.0,0,0.0,0,0.0,0,0.0,0,0.0,0,0.0,0,0.0,0,0.0
fair_cvar_seed7101_final,coarse_hybrid_mw0.75_teleport5,20,100,100,20,0.6165190226440227,69,0.9427210289710289,0,0.0,72.9,0,0.0,0,0.0,0,0.0,0,0.0,0,0.0,0,0.0,0,0.0,0,0.0,0,0.0,0,0.0,0,0.0
fair_cvar_seed7101_final,dual_hybrid_rrf_mw0.25_teleport10,20,50,100,22,0.632934718059718,40,0.8077706598956599,0,0.0,72.9,0,0.0,0,0.0,0,0.0,0,0.0,0,0.0,0,0.0,0,0.0,0,0.0,0,0.0,0,0.0,0,0.0
fair_cvar_seed7101_final,dual_hybrid_rrf_mw0.25_teleport10,20,75,100,22,0.632934718059718,51,0.8760581501831501,0,0.0,72.9,0,0.0,0,0.0,0,0.0,0,0.0,0,0.0,0,0.0,0,0.0,0,0.0,0,0.0,0,0.0,0,0.0
fair_cvar_seed7101_final,dual_hybrid_rrf_mw0.25_teleport10,20,100,100,22,0.632934718059718,72,0.9376088356088356,0,0.0,72.9,0,0.0,0,0.0,0,0.0,0,0.0,0,0.0,0,0.0,0,0.0,0,0.0,0,0.0,0,0.0,0,0.0
fair_cvar_seed7101_final,dual_hybrid_rrf_mw0.25_teleport5,20,50,100,23,0.6404154872904873,41,0.8145077422577423,0,0.0,72.9,0,0.0,0,0.0,0,0.0,0,0.0,0,0.0,0,0.0,0,0.0,0,0.0,0,0.0,0,0.0,0,0.0
fair_cvar_seed7101_final,dual_hybrid_rrf_mw0.25_teleport5,20,75,100,23,0.6404154872904873,53,0.8820901459651459,0,0.0,72.9,0,0.0,0,0.0,0,0.0,0,0.0,0,0.0,0,0.0,0,0.0,0,0.0,0,0.0,0,0.0,0,0.0
fair_cvar_seed7101_final,dual_hybrid_rrf_mw0.25_teleport5,20,100,100,23,0.6404154872904873,74,0.939109557109557,0,0.0,72.9,0,0.0,0,0.0,0,0.0,0,0.0,0,0.0,0,0.0,0,0.0,0,0.0,0,0.0,0,0.0,0,0.0
fair_cvar_seed7101_final,dual_hybrid_rrf_mw0.5_teleport10,20,50,100,23,0.6406728132978132,41,0.8170374347874347,0,0.0,72.9,0,0.0,0,0.0,0,0.0,0,0.0,0,0.0,0,0.0,0,0.0,0,0.0,0,0.0,0,0.0,0,0.0
fair_cvar_seed7101_final,dual_hybrid_rrf_mw0.5_teleport10,20,75,100,23,0.6406728132978132,54,0.8897442973692974,0,0.0,72.9,0,0.0,0,0.0,0,0.0,0,0.0,0,0.0,0,0.0,0,0.0,0,0.0,0,0.0,0,0.0,0,0.0
fair_cvar_seed7101_final,dual_hybrid_rrf_mw0.5_teleport10,20,100,100,23,0.6406728132978132,77,0.9583321400821402,0,0.0,72.9,0,0.0,0,0.0,0,0.0,0,0.0,0,0.0,0,0.0,0,0.0,0,0.0,0,0.0,0,0.0,0,0.0
fair_cvar_seed7101_final,dual_hybrid_rrf_mw0.5_teleport5,20,50,100,23,0.6425339244089244,38,0.8157811216561217,0,0.0,72.9,0,0.0,0,0.0,0,0.0,0,0.0,0,0.0,0,0.0,0,0.0,0,0.0,0,0.0,0,0.0,0,0.0
fair_cvar_seed7101_final,dual_hybrid_rrf_mw0.5_teleport5,20,75,100,23,0.6425339244089244,60,0.9043554084804084,0,0.0,72.9,0,0.0,0,0.0,0,0.0,0,0.0,0,0.0,0,0.0,0,0.0,0,0.0,0,0.0,0,0.0,0,0.0
fair_cvar_seed7101_final,dual_hybrid_rrf_mw0.5_teleport5,20,100,100,23,0.6425339244089244,73,0.9536611444111445,0,0.0,72.9,0,0.0,0,0.0,0,0.0,0,0.0,0,0.0,0,0.0,0,0.0,0,0.0,0,0.0,0,0.0,0,0.0
fair_cvar_seed7101_final,dual_hybrid_rrf_mw0.75_teleport10,20,50,100,23,0.6332839244089244,40,0.8153578504828505,0,0.0,72.9,0,0.0,0,0.0,0,0.0,0,0.0,0,0.0,0,0.0,0,0.0,0,0.0,0,0.0,0,0.0,0,0.0
fair_cvar_seed7101_final,dual_hybrid_rrf_mw0.75_teleport10,20,75,100,23,0.6332839244089244,59,0.9063186813186813,0,0.0,72.9,0,0.0,0,0.0,0,0.0,0,0.0,0,0.0,0,0.0,0,0.0,0,0.0,0,0.0,0,0.0,0,0.0
fair_cvar_seed7101_final,dual_hybrid_rrf_mw0.75_teleport10,20,100,100,23,0.6332839244089244,69,0.9448674936174936,0,0.0,72.9,0,0.0,0,0.0,0,0.0,0,0.0,0,0.0,0,0.0,0,0.0,0,0.0,0,0.0,0,0.0,0,0.0
fair_cvar_seed7101_final,dual_hybrid_rrf_mw0.75_teleport5,20,50,100,23,0.6332839244089244,41,0.8173856282606283,0,0.0,72.9,0,0.0,0,0.0,0,0.0,0,0.0,0,0.0,0,0.0,0,0.0,0,0.0,0,0.0,0,0.0,0,0.0
fair_cvar_seed7101_final,dual_hybrid_rrf_mw0.75_teleport5,20,75,100,23,0.6332839244089244,59,0.902973692973693,0,0.0,72.9,0,0.0,0,0.0,0,0.0,0,0.0,0,0.0,0,0.0,0,0.0,0,0.0,0,0.0,0,0.0,0,0.0
fair_cvar_seed7101_final,dual_hybrid_rrf_mw0.75_teleport5,20,100,100,23,0.6332839244089244,69,0.9440341602841603,0,0.0,72.9,0,0.0,0,0.0,0,0.0,0,0.0,0,0.0,0,0.0,0,0.0,0,0.0,0,0.0,0,0.0,0,0.0
fair_cvar_seed7101_final,fixed,20,20,100,20,0.6165190226440227,20,0.6165190226440227,0,0.0,72.9,0,0.0,0,0.0,0,0.0,0,0.0,0,0.0,0,0.0,0,0.0,0,0.0,0,0.0,0,0.0,0,0.0
fair_cvar_seed7101_final,fixed,50,50,100,43,0.824947496947497,43,0.824947496947497,0,0.0,72.9,0,0.0,0,0.0,0,0.0,0,0.0,0,0.0,0,0.0,0,0.0,0,0.0,0,0.0,0,0.0,0,0.0
fair_cvar_seed7101_final,fixed,100,100,100,65,0.9331015096015096,65,0.9331015096015096,0,0.0,72.9,0,0.0,0,0.0,0,0.0,0,0.0,0,0.0,0,0.0,0,0.0,0,0.0,0,0.0,0,0.0,0,0.0
fair_cvar_seed7101_final,fixed_dual_hybrid_rrf_mw0.25_teleport10,20,50,100,21,0.6325765623265623,39,0.8160626873126873,0,0.0,72.9,0,0.0,0,0.0,0,0.0,0,0.0,0,0.0,0,0.0,0,0.0,0,0.0,0,0.0,0,0.0,0,0.0
fair_cvar_seed7101_final,fixed_dual_hybrid_rrf_mw0.25_teleport10,20,75,100,21,0.6325765623265623,58,0.89198112998113,0,0.0,72.9,0,0.0,0,0.0,0,0.0,0,0.0,0,0.0,0,0.0,0,0.0,0,0.0,0,0.0,0,0.0,0,0.0
fair_cvar_seed7101_final,fixed_dual_hybrid_rrf_mw0.25_teleport10,20,100,100,21,0.6325765623265623,74,0.9471813464313464,0,0.0,72.9,0,0.0,0,0.0,0,0.0,0,0.0,0,0.0,0,0.0,0,0.0,0,0.0,0,0.0,0,0.0,0,0.0
fair_cvar_seed7101_final,fixed_dual_hybrid_rrf_mw0.25_teleport5,20,50,100,21,0.6267924714174714,41,0.8244945054945054,0,0.0,72.9,0,0.0,0,0.0,0,0.0,0,0.0,0,0.0,0,0.0,0,0.0,0,0.0,0,0.0,0,0.0,0,0.0
fair_cvar_seed7101_final,fixed_dual_hybrid_rrf_mw0.25_teleport5,20,75,100,21,0.6267924714174714,56,0.8890333277833278,0,0.0,72.9,0,0.0,0,0.0,0,0.0,0,0.0,0,0.0,0,0.0,0,0.0,0,0.0,0,0.0,0,0.0,0,0.0
fair_cvar_seed7101_final,fixed_dual_hybrid_rrf_mw0.25_teleport5,20,100,100,21,0.6267924714174714,76,0.9516618659118659,0,0.0,72.9,0,0.0,0,0.0,0,0.0,0,0.0,0,0.0,0,0.0,0,0.0,0,0.0,0,0.0,0,0.0,0,0.0
fair_cvar_seed7101_final,fixed_dual_hybrid_rrf_mw0.5_teleport10,20,50,100,21,0.6215424714174714,40,0.8191743395493396,0,0.0,72.9,0,0.0,0,0.0,0,0.0,0,0.0,0,0.0,0,0.0,0,0.0,0,0.0,0,0.0,0,0.0,0,0.0
fair_cvar_seed7101_final,fixed_dual_hybrid_rrf_mw0.5_teleport10,20,75,100,21,0.6215424714174714,59,0.9052589077589077,0,0.0,72.9,0,0.0,0,0.0,0,0.0,0,0.0,0,0.0,0,0.0,0,0.0,0,0.0,0,0.0,0,0.0,0,0.0
fair_cvar_seed7101_final,fixed_dual_hybrid_rrf_mw0.5_teleport10,20,100,100,21,0.6215424714174714,73,0.9490702353202353,0,0.0,72.9,0,0.0,0,0.0,0,0.0,0,0.0,0,0.0,0,0.0,0,0.0,0,0.0,0,0.0,0,0.0,0,0.0
fair_cvar_seed7101_final,fixed_dual_hybrid_rrf_mw0.5_teleport5,20,50,100,22,0.6271333805083805,40,0.8238965617715618,0,0.0,72.9,0,0.0,0,0.0,0,0.0,0,0.0,0,0.0,0,0.0,0,0.0,0,0.0,0,0.0,0,0.0,0,0.0
fair_cvar_seed7101_final,fixed_dual_hybrid_rrf_mw0.5_teleport5,20,75,100,22,0.6271333805083805,58,0.9013583638583639,0,0.0,72.9,0,0.0,0,0.0,0,0.0,0,0.0,0,0.0,0,0.0,0,0.0,0,0.0,0,0.0,0,0.0,0,0.0
fair_cvar_seed7101_final,fixed_dual_hybrid_rrf_mw0.5_teleport5,20,100,100,22,0.6271333805083805,72,0.9474035686535686,0,0.0,72.9,0,0.0,0,0.0,0,0.0,0,0.0,0,0.0,0,0.0,0,0.0,0,0.0,0,0.0,0,0.0,0,0.0
fair_cvar_seed7101_final,fixed_dual_hybrid_rrf_mw0.75_teleport10,20,50,100,22,0.6271333805083805,41,0.8231399572649574,0,0.0,72.9,0,0.0,0,0.0,0,0.0,0,0.0,0,0.0,0,0.0,0,0.0,0,0.0,0,0.0,0,0.0,0,0.0
fair_cvar_seed7101_final,fixed_dual_hybrid_rrf_mw0.75_teleport10,20,75,100,22,0.6271333805083805,59,0.9051764346764347,0,0.0,72.9,0,0.0,0,0.0,0,0.0,0,0.0,0,0.0,0,0.0,0,0.0,0,0.0,0,0.0,0,0.0,0,0.0
fair_cvar_seed7101_final,fixed_dual_hybrid_rrf_mw0.75_teleport10,20,100,100,22,0.6271333805083805,68,0.9423674936174936,0,0.0,72.9,0,0.0,0,0.0,0,0.0,0,0.0,0,0.0,0,0.0,0,0.0,0,0.0,0,0.0,0,0.0,0,0.0
fair_cvar_seed7101_final,fixed_dual_hybrid_rrf_mw0.75_teleport5,20,50,100,22,0.6296333805083806,41,0.8186399572649573,0,0.0,72.9,0,0.0,0,0.0,0,0.0,0,0.0,0,0.0,0,0.0,0,0.0,0,0.0,0,0.0,0,0.0,0,0.0
fair_cvar_seed7101_final,fixed_dual_hybrid_rrf_mw0.75_teleport5,20,75,100,22,0.6296333805083806,59,0.9017673437673437,0,0.0,72.9,0,0.0,0,0.0,0,0.0,0,0.0,0,0.0,0,0.0,0,0.0,0,0.0,0,0.0,0,0.0,0,0.0
fair_cvar_seed7101_final,fixed_dual_hybrid_rrf_mw0.75_teleport5,20,100,100,22,0.6296333805083806,67,0.9403472915972916,0,0.0,72.9,0,0.0,0,0.0,0,0.0,0,0.0,0,0.0,0,0.0,0,0.0,0,0.0,0,0.0,0,0.0,0,0.0
fair_cvar_seed7101_final,global_fine_rrf_fixed,20,20,100,23,0.6150071178821179,23,0.6150071178821179,0,0.0,72.9,0,0.0,0,0.0,0,0.0,0,0.0,0,0.0,0,0.0,0,0.0,0,0.0,0,0.0,0,0.0,0,0.0
fair_cvar_seed7101_final,global_fine_rrf_fixed,50,50,100,40,0.8075277639027639,40,0.8075277639027639,0,0.0,72.9,0,0.0,0,0.0,0,0.0,0,0.0,0,0.0,0,0.0,0,0.0,0,0.0,0,0.0,0,0.0,0,0.0
fair_cvar_seed7101_final,global_fine_rrf_fixed,100,100,100,63,0.9340188977688978,63,0.9340188977688978,0,0.0,72.9,0,0.0,0,0.0,0,0.0,0,0.0,0,0.0,0,0.0,0,0.0,0,0.0,0,0.0,0,0.0,0,0.0
fair_cvar_seed7101_final,global_fine_rrf_hybrid_mw0.25_teleport10,20,50,100,23,0.6150071178821179,39,0.8028423382173382,0,0.0,72.9,0,0.0,0,0.0,0,0.0,0,0.0,0,0.0,0,0.0,0,0.0,0,0.0,0,0.0,0,0.0,0,0.0
fair_cvar_seed7101_final,global_fine_rrf_hybrid_mw0.25_teleport10,20,75,100,23,0.6150071178821179,51,0.8724317765567765,0,0.0,72.9,0,0.0,0,0.0,0,0.0,0,0.0,0,0.0,0,0.0,0,0.0,0,0.0,0,0.0,0,0.0,0,0.0
fair_cvar_seed7101_final,global_fine_rrf_hybrid_mw0.25_teleport10,20,100,100,23,0.6150071178821179,68,0.9277477244977246,0,0.0,72.9,0,0.0,0,0.0,0,0.0,0,0.0,0,0.0,0,0.0,0,0.0,0,0.0,0,0.0,0,0.0,0,0.0
fair_cvar_seed7101_final,global_fine_rrf_hybrid_mw0.25_teleport5,20,50,100,23,0.6150071178821179,38,0.8023297119547119,0,0.0,72.9,0,0.0,0,0.0,0,0.0,0,0.0,0,0.0,0,0.0,0,0.0,0,0.0,0,0.0,0,0.0,0,0.0
fair_cvar_seed7101_final,global_fine_rrf_hybrid_mw0.25_teleport5,20,75,100,23,0.6150071178821179,51,0.8706337967587967,0,0.0,72.9,0,0.0,0,0.0,0,0.0,0,0.0,0,0.0,0,0.0,0,0.0,0,0.0,0,0.0,0,0.0,0,0.0
fair_cvar_seed7101_final,global_fine_rrf_hybrid_mw0.25_teleport5,20,100,100,23,0.6150071178821179,68,0.9363588356088356,0,0.0,72.9,0,0.0,0,0.0,0,0.0,0,0.0,0,0.0,0,0.0,0,0.0,0,0.0,0,0.0,0,0.0,0,0.0
fair_cvar_seed7101_final,global_fine_rrf_hybrid_mw0.5_teleport10,20,50,100,23,0.6150071178821179,41,0.8095426656676656,0,0.0,72.9,0,0.0,0,0.0,0,0.0,0,0.0,0,0.0,0,0.0,0,0.0,0,0.0,0,0.0,0,0.0,0,0.0
fair_cvar_seed7101_final,global_fine_rrf_hybrid_mw0.5_teleport10,20,75,100,23,0.6150071178821179,54,0.891682387057387,0,0.0,72.9,0,0.0,0,0.0,0,0.0,0,0.0,0,0.0,0,0.0,0,0.0,0,0.0,0,0.0,0,0.0,0,0.0
fair_cvar_seed7101_final,global_fine_rrf_hybrid_mw0.5_teleport10,20,100,100,23,0.6150071178821179,71,0.9504944777444777,0,0.0,72.9,0,0.0,0,0.0,0,0.0,0,0.0,0,0.0,0,0.0,0,0.0,0,0.0,0,0.0,0,0.0,0,0.0
fair_cvar_seed7101_final,global_fine_rrf_hybrid_mw0.5_teleport5,20,50,100,23,0.6150071178821179,40,0.8139037767787768,0,0.0,72.9,0,0.0,0,0.0,0,0.0,0,0.0,0,0.0,0,0.0,0,0.0,0,0.0,0,0.0,0,0.0,0,0.0
fair_cvar_seed7101_final,global_fine_rrf_hybrid_mw0.5_teleport5,20,75,100,23,0.6150071178821179,54,0.8841181734931735,0,0.0,72.9,0,0.0,0,0.0,0,0.0,0,0.0,0,0.0,0,0.0,0,0.0,0,0.0,0,0.0,0,0.0,0,0.0
fair_cvar_seed7101_final,global_fine_rrf_hybrid_mw0.5_teleport5,20,100,100,23,0.6150071178821179,68,0.9470734820734821,0,0.0,72.9,0,0.0,0,0.0,0,0.0,0,0.0,0,0.0,0,0.0,0,0.0,0,0.0,0,0.0,0,0.0,0,0.0
fair_cvar_seed7101_final,global_fine_rrf_hybrid_mw0.75_teleport10,20,50,100,23,0.6150071178821179,39,0.8075714146964147,0,0.0,72.9,0,0.0,0,0.0,0,0.0,0,0.0,0,0.0,0,0.0,0,0.0,0,0.0,0,0.0,0,0.0,0,0.0
fair_cvar_seed7101_final,global_fine_rrf_hybrid_mw0.75_teleport10,20,75,100,23,0.6150071178821179,58,0.9008209151959151,0,0.0,72.9,0,0.0,0,0.0,0,0.0,0,0.0,0,0.0,0,0.0,0,0.0,0,0.0,0,0.0,0,0.0,0,0.0
fair_cvar_seed7101_final,global_fine_rrf_hybrid_mw0.75_teleport10,20,100,100,23,0.6150071178821179,67,0.9416019813519813,0,0.0,72.9,0,0.0,0,0.0,0,0.0,0,0.0,0,0.0,0,0.0,0,0.0,0,0.0,0,0.0,0,0.0,0,0.0
fair_cvar_seed7101_final,global_fine_rrf_hybrid_mw0.75_teleport5,20,50,100,23,0.6150071178821179,38,0.7997340021090021,0,0.0,72.9,0,0.0,0,0.0,0,0.0,0,0.0,0,0.0,0,0.0,0,0.0,0,0.0,0,0.0,0,0.0,0,0.0
fair_cvar_seed7101_final,global_fine_rrf_hybrid_mw0.75_teleport5,20,75,100,23,0.6150071178821179,56,0.8983209151959152,0,0.0,72.9,0,0.0,0,0.0,0,0.0,0,0.0,0,0.0,0,0.0,0,0.0,0,0.0,0,0.0,0,0.0,0,0.0
fair_cvar_seed7101_final,global_fine_rrf_hybrid_mw0.75_teleport5,20,100,100,23,0.6150071178821179,67,0.9406928904428905,0,0.0,72.9,0,0.0,0,0.0,0,0.0,0,0.0,0,0.0,0,0.0,0,0.0,0,0.0,0,0.0,0,0.0,0,0.0
fair_final_seed7101_best,coarse_hybrid_mw0.25_teleport10,20,50,100,27,0.6878720584970586,43,0.8394620795870796,0,0.0,61.65,0,0.0,0,0.0,0,0.0,0,0.0,0,0.0,0,0.0,0,0.0,0,0.0,0,0.0,0,0.0,0,0.0
fair_final_seed7101_best,coarse_hybrid_mw0.25_teleport10,20,75,100,27,0.6878720584970586,56,0.8962953435453436,0,0.0,61.65,0,0.0,0,0.0,0,0.0,0,0.0,0,0.0,0,0.0,0,0.0,0,0.0,0,0.0,0,0.0,0,0.0
fair_final_seed7101_best,coarse_hybrid_mw0.25_teleport10,20,100,100,27,0.6878720584970586,75,0.9423682151182152,0,0.0,61.65,0,0.0,0,0.0,0,0.0,0,0.0,0,0.0,0,0.0,0,0.0,0,0.0,0,0.0,0,0.0,0,0.0
fair_final_seed7101_best,coarse_hybrid_mw0.25_teleport5,20,50,100,27,0.6878720584970586,42,0.8458403957153958,0,0.0,61.65,0,0.0,0,0.0,0,0.0,0,0.0,0,0.0,0,0.0,0,0.0,0,0.0,0,0.0,0,0.0,0,0.0
fair_final_seed7101_best,coarse_hybrid_mw0.25_teleport5,20,75,100,27,0.6878720584970586,60,0.9093572122322122,0,0.0,61.65,0,0.0,0,0.0,0,0.0,0,0.0,0,0.0,0,0.0,0,0.0,0,0.0,0,0.0,0,0.0,0,0.0
fair_final_seed7101_best,coarse_hybrid_mw0.25_teleport5,20,100,100,27,0.6878720584970586,76,0.944293179043179,0,0.0,61.65,0,0.0,0,0.0,0,0.0,0,0.0,0,0.0,0,0.0,0,0.0,0,0.0,0,0.0,0,0.0,0,0.0
fair_final_seed7101_best,coarse_hybrid_mw0.5_teleport10,20,50,100,27,0.6878720584970586,43,0.852006091131091,0,0.0,61.65,0,0.0,0,0.0,0,0.0,0,0.0,0,0.0,0,0.0,0,0.0,0,0.0,0,0.0,0,0.0,0,0.0
fair_final_seed7101_best,coarse_hybrid_mw0.5_teleport10,20,75,100,27,0.6878720584970586,63,0.917405192030192,0,0.0,61.65,0,0.0,0,0.0,0,0.0,0,0.0,0,0.0,0,0.0,0,0.0,0,0.0,0,0.0,0,0.0,0,0.0
fair_final_seed7101_best,coarse_hybrid_mw0.5_teleport10,20,100,100,27,0.6878720584970586,78,0.951293179043179,0,0.0,61.65,0,0.0,0,0.0,0,0.0,0,0.0,0,0.0,0,0.0,0,0.0,0,0.0,0,0.0,0,0.0,0,0.0
fair_final_seed7101_best,coarse_hybrid_mw0.5_teleport5,20,50,100,27,0.6878720584970586,46,0.8619227577977578,0,0.0,61.65,0,0.0,0,0.0,0,0.0,0,0.0,0,0.0,0,0.0,0,0.0,0,0.0,0,0.0,0,0.0,0,0.0
fair_final_seed7101_best,coarse_hybrid_mw0.5_teleport5,20,75,100,27,0.6878720584970586,64,0.9201039654789654,0,0.0,61.65,0,0.0,0,0.0,0,0.0,0,0.0,0,0.0,0,0.0,0,0.0,0,0.0,0,0.0,0,0.0,0,0.0
fair_final_seed7101_best,coarse_hybrid_mw0.5_teleport5,20,100,100,27,0.6878720584970586,78,0.9537654012654012,0,0.0,61.65,0,0.0,0,0.0,0,0.0,0,0.0,0,0.0,0,0.0,0,0.0,0,0.0,0,0.0,0,0.0,0,0.0
fair_final_seed7101_best,coarse_hybrid_mw0.75_teleport10,20,50,100,27,0.6878720584970586,46,0.8599700160950161,0,0.0,61.65,0,0.0,0,0.0,0,0.0,0,0.0,0,0.0,0,0.0,0,0.0,0,0.0,0,0.0,0,0.0,0,0.0
fair_final_seed7101_best,coarse_hybrid_mw0.75_teleport10,20,75,100,27,0.6878720584970586,63,0.9227996725496727,0,0.0,61.65,0,0.0,0,0.0,0,0.0,0,0.0,0,0.0,0,0.0,0,0.0,0,0.0,0,0.0,0,0.0,0,0.0
fair_final_seed7101_best,coarse_hybrid_mw0.75_teleport10,20,100,100,27,0.6878720584970586,79,0.9571939726939727,0,0.0,61.65,0,0.0,0,0.0,0,0.0,0,0.0,0,0.0,0,0.0,0,0.0,0,0.0,0,0.0,0,0.0,0,0.0
fair_final_seed7101_best,coarse_hybrid_mw0.75_teleport5,20,50,100,27,0.6878720584970586,47,0.8638985875235875,0,0.0,61.65,0,0.0,0,0.0,0,0.0,0,0.0,0,0.0,0,0.0,0,0.0,0,0.0,0,0.0,0,0.0,0,0.0
fair_final_seed7101_best,coarse_hybrid_mw0.75_teleport5,20,75,100,27,0.6878720584970586,65,0.9275615773115773,0,0.0,61.65,0,0.0,0,0.0,0,0.0,0,0.0,0,0.0,0,0.0,0,0.0,0,0.0,0,0.0,0,0.0,0,0.0
fair_final_seed7101_best,coarse_hybrid_mw0.75_teleport5,20,100,100,27,0.6878720584970586,79,0.9571939726939727,0,0.0,61.65,0,0.0,0,0.0,0,0.0,0,0.0,0,0.0,0,0.0,0,0.0,0,0.0,0,0.0,0,0.0,0,0.0
fair_final_seed7101_best,dual_hybrid_rrf_mw0.25_teleport10,20,50,100,28,0.6991970945720944,44,0.8435623681873682,0,0.0,61.65,0,0.0,0,0.0,0,0.0,0,0.0,0,0.0,0,0.0,0,0.0,0,0.0,0,0.0,0,0.0,0,0.0
fair_final_seed7101_best,dual_hybrid_rrf_mw0.25_teleport10,20,75,100,28,0.6991970945720944,57,0.9037547591297591,0,0.0,61.65,0,0.0,0,0.0,0,0.0,0,0.0,0,0.0,0,0.0,0,0.0,0,0.0,0,0.0,0,0.0,0,0.0
fair_final_seed7101_best,dual_hybrid_rrf_mw0.25_teleport10,20,100,100,28,0.6991970945720944,73,0.9410392107892107,0,0.0,61.65,0,0.0,0,0.0,0,0.0,0,0.0,0,0.0,0,0.0,0,0.0,0,0.0,0,0.0,0,0.0,0,0.0
fair_final_seed7101_best,dual_hybrid_rrf_mw0.25_teleport5,20,50,100,28,0.6973435592185592,47,0.8548530219780219,0,0.0,61.65,0,0.0,0,0.0,0,0.0,0,0.0,0,0.0,0,0.0,0,0.0,0,0.0,0,0.0,0,0.0,0,0.0
fair_final_seed7101_best,dual_hybrid_rrf_mw0.25_teleport5,20,75,100,28,0.6973435592185592,59,0.9153341242091243,0,0.0,61.65,0,0.0,0,0.0,0,0.0,0,0.0,0,0.0,0,0.0,0,0.0,0,0.0,0,0.0,0,0.0,0,0.0
fair_final_seed7101_best,dual_hybrid_rrf_mw0.25_teleport5,20,100,100,28,0.6973435592185592,77,0.95024555999556,0,0.0,61.65,0,0.0,0,0.0,0,0.0,0,0.0,0,0.0,0,0.0,0,0.0,0,0.0,0,0.0,0,0.0,0,0.0
fair_final_seed7101_best,dual_hybrid_rrf_mw0.5_teleport10,20,50,100,28,0.6951524725274726,46,0.8570540709290709,0,0.0,61.65,0,0.0,0,0.0,0,0.0,0,0.0,0,0.0,0,0.0,0,0.0,0,0.0,0,0.0,0,0.0,0,0.0
fair_final_seed7101_best,dual_hybrid_rrf_mw0.5_teleport10,20,75,100,28,0.6951524725274726,60,0.9140722194472194,0,0.0,61.65,0,0.0,0,0.0,0,0.0,0,0.0,0,0.0,0,0.0,0,0.0,0,0.0,0,0.0,0,0.0,0,0.0
fair_final_seed7101_best,dual_hybrid_rrf_mw0.5_teleport10,20,100,100,28,0.6951524725274726,77,0.9510392107892107,0,0.0,61.65,0,0.0,0,0.0,0,0.0,0,0.0,0,0.0,0,0.0,0,0.0,0,0.0,0,0.0,0,0.0,0,0.0
fair_final_seed7101_best,dual_hybrid_rrf_mw0.5_teleport5,20,50,100,28,0.6955810439560439,46,0.8579631618381619,0,0.0,61.65,0,0.0,0,0.0,0,0.0,0,0.0,0,0.0,0,0.0,0,0.0,0,0.0,0,0.0,0,0.0,0,0.0
fair_final_seed7101_best,dual_hybrid_rrf_mw0.5_teleport5,20,75,100,28,0.6955810439560439,62,0.919186938061938,0,0.0,61.65,0,0.0,0,0.0,0,0.0,0,0.0,0,0.0,0,0.0,0,0.0,0,0.0,0,0.0,0,0.0,0,0.0
fair_final_seed7101_best,dual_hybrid_rrf_mw0.5_teleport5,20,100,100,28,0.6955810439560439,79,0.9558011155511156,0,0.0,61.65,0,0.0,0,0.0,0,0.0,0,0.0,0,0.0,0,0.0,0,0.0,0,0.0,0,0.0,0,0.0,0,0.0
fair_final_seed7101_best,dual_hybrid_rrf_mw0.75_teleport10,20,50,100,27,0.6922754884004884,47,0.8630639915639915,0,0.0,61.65,0,0.0,0,0.0,0,0.0,0,0.0,0,0.0,0,0.0,0,0.0,0,0.0,0,0.0,0,0.0,0,0.0
fair_final_seed7101_best,dual_hybrid_rrf_mw0.75_teleport10,20,75,100,27,0.6922754884004884,65,0.9307424936174936,0,0.0,61.65,0,0.0,0,0.0,0,0.0,0,0.0,0,0.0,0,0.0,0,0.0,0,0.0,0,0.0,0,0.0,0,0.0
fair_final_seed7101_best,dual_hybrid_rrf_mw0.75_teleport10,20,100,100,27,0.6922754884004884,79,0.9576780996780997,0,0.0,61.65,0,0.0,0,0.0,0,0.0,0,0.0,0,0.0,0,0.0,0,0.0,0,0.0,0,0.0,0,0.0,0,0.0
fair_final_seed7101_best,dual_hybrid_rrf_mw0.75_teleport5,20,50,100,27,0.6922754884004884,48,0.8698536741036742,0,0.0,61.65,0,0.0,0,0.0,0,0.0,0,0.0,0,0.0,0,0.0,0,0.0,0,0.0,0,0.0,0,0.0,0,0.0
fair_final_seed7101_best,dual_hybrid_rrf_mw0.75_teleport5,20,75,100,27,0.6922754884004884,67,0.9346313825063826,0,0.0,61.65,0,0.0,0,0.0,0,0.0,0,0.0,0,0.0,0,0.0,0,0.0,0,0.0,0,0.0,0,0.0,0,0.0
fair_final_seed7101_best,dual_hybrid_rrf_mw0.75_teleport5,20,100,100,27,0.6922754884004884,80,0.9594205239205239,0,0.0,61.65,0,0.0,0,0.0,0,0.0,0,0.0,0,0.0,0,0.0,0,0.0,0,0.0,0,0.0,0,0.0,0,0.0
fair_final_seed7101_best,fixed,20,20,100,27,0.6878720584970586,27,0.6878720584970586,0,0.0,61.65,0,0.0,0,0.0,0,0.0,0,0.0,0,0.0,0,0.0,0,0.0,0,0.0,0,0.0,0,0.0,0,0.0
fair_final_seed7101_best,fixed,50,50,100,45,0.8579263653013653,45,0.8579263653013653,0,0.0,61.65,0,0.0,0,0.0,0,0.0,0,0.0,0,0.0,0,0.0,0,0.0,0,0.0,0,0.0,0,0.0,0,0.0
fair_final_seed7101_best,fixed,100,100,100,79,0.9579641747141747,79,0.9579641747141747,0,0.0,61.65,0,0.0,0,0.0,0,0.0,0,0.0,0,0.0,0,0.0,0,0.0,0,0.0,0,0.0,0,0.0,0,0.0
fair_final_seed7101_best,fixed_dual_hybrid_rrf_mw0.25_teleport10,20,50,100,27,0.6900413614163614,46,0.8595028443778443,0,0.0,61.65,0,0.0,0,0.0,0,0.0,0,0.0,0,0.0,0,0.0,0,0.0,0,0.0,0,0.0,0,0.0,0,0.0
fair_final_seed7101_best,fixed_dual_hybrid_rrf_mw0.25_teleport10,20,75,100,27,0.6900413614163614,62,0.9166317432567432,0,0.0,61.65,0,0.0,0,0.0,0,0.0,0,0.0,0,0.0,0,0.0,0,0.0,0,0.0,0,0.0,0,0.0,0,0.0
fair_final_seed7101_best,fixed_dual_hybrid_rrf_mw0.25_teleport10,20,100,100,27,0.6900413614163614,77,0.9480392107892108,0,0.0,61.65,0,0.0,0,0.0,0,0.0,0,0.0,0,0.0,0,0.0,0,0.0,0,0.0,0,0.0,0,0.0,0,0.0
fair_final_seed7101_best,fixed_dual_hybrid_rrf_mw0.25_teleport5,20,50,100,28,0.6967956904206905,45,0.8571427045177045,0,0.0,61.65,0,0.0,0,0.0,0,0.0,0,0.0,0,0.0,0,0.0,0,0.0,0,0.0,0,0.0,0,0.0,0,0.0
fair_final_seed7101_best,fixed_dual_hybrid_rrf_mw0.25_teleport5,20,75,100,28,0.6967956904206905,64,0.9212547591297592,0,0.0,61.65,0,0.0,0,0.0,0,0.0,0,0.0,0,0.0,0,0.0,0,0.0,0,0.0,0,0.0,0,0.0,0,0.0
fair_final_seed7101_best,fixed_dual_hybrid_rrf_mw0.25_teleport5,20,100,100,28,0.6967956904206905,79,0.9562816350316351,0,0.0,61.65,0,0.0,0,0.0,0,0.0,0,0.0,0,0.0,0,0.0,0,0.0,0,0.0,0,0.0,0,0.0,0,0.0
fair_final_seed7101_best,fixed_dual_hybrid_rrf_mw0.5_teleport10,20,50,100,28,0.6932837856587857,47,0.8615028443778443,0,0.0,61.65,0,0.0,0,0.0,0,0.0,0,0.0,0,0.0,0,0.0,0,0.0,0,0.0,0,0.0,0,0.0,0,0.0
fair_final_seed7101_best,fixed_dual_hybrid_rrf_mw0.5_teleport10,20,75,100,28,0.6932837856587857,63,0.9190123348873348,0,0.0,61.65,0,0.0,0,0.0,0,0.0,0,0.0,0,0.0,0,0.0,0,0.0,0,0.0,0,0.0,0,0.0,0,0.0
fair_final_seed7101_best,fixed_dual_hybrid_rrf_mw0.5_teleport10,20,100,100,28,0.6932837856587857,78,0.9561225441225442,0,0.0,61.65,0,0.0,0,0.0,0,0.0,0,0.0,0,0.0,0,0.0,0,0.0,0,0.0,0,0.0,0,0.0,0,0.0
fair_final_seed7101_best,fixed_dual_hybrid_rrf_mw0.5_teleport5,20,50,100,28,0.6967956904206905,45,0.8590028443778444,0,0.0,61.65,0,0.0,0,0.0,0,0.0,0,0.0,0,0.0,0,0.0,0,0.0,0,0.0,0,0.0,0,0.0,0,0.0
fair_final_seed7101_best,fixed_dual_hybrid_rrf_mw0.5_teleport5,20,75,100,28,0.6967956904206905,64,0.9274409063159064,0,0.0,61.65,0,0.0,0,0.0,0,0.0,0,0.0,0,0.0,0,0.0,0,0.0,0,0.0,0,0.0,0,0.0,0,0.0
fair_final_seed7101_best,fixed_dual_hybrid_rrf_mw0.5_teleport5,20,100,100,28,0.6967956904206905,80,0.9595316350316351,0,0.0,61.65,0,0.0,0,0.0,0,0.0,0,0.0,0,0.0,0,0.0,0,0.0,0,0.0,0,0.0,0,0.0,0,0.0
fair_final_seed7101_best,fixed_dual_hybrid_rrf_mw0.75_teleport10,20,50,100,28,0.695359792984793,47,0.8684945471195471,0,0.0,61.65,0,0.0,0,0.0,0,0.0,0,0.0,0,0.0,0,0.0,0,0.0,0,0.0,0,0.0,0,0.0,0,0.0
fair_final_seed7101_best,fixed_dual_hybrid_rrf_mw0.75_teleport10,20,75,100,28,0.695359792984793,67,0.9345916999667,0,0.0,61.65,0,0.0,0,0.0,0,0.0,0,0.0,0,0.0,0,0.0,0,0.0,0,0.0,0,0.0,0,0.0,0,0.0
fair_final_seed7101_best,fixed_dual_hybrid_rrf_mw0.75_teleport10,20,100,100,28,0.695359792984793,81,0.9605316350316351,0,0.0,61.65,0,0.0,0,0.0,0,0.0,0,0.0,0,0.0,0,0.0,0,0.0,0,0.0,0,0.0,0,0.0,0,0.0
fair_final_seed7101_best,fixed_dual_hybrid_rrf_mw0.75_teleport5,20,50,100,28,0.695359792984793,47,0.867383436008436,0,0.0,61.65,0,0.0,0,0.0,0,0.0,0,0.0,0,0.0,0,0.0,0,0.0,0,0.0,0,0.0,0,0.0,0,0.0
fair_final_seed7101_best,fixed_dual_hybrid_rrf_mw0.75_teleport5,20,75,100,28,0.695359792984793,68,0.9362583666333666,0,0.0,61.65,0,0.0,0,0.0,0,0.0,0,0.0,0,0.0,0,0.0,0,0.0,0,0.0,0,0.0,0,0.0,0,0.0
fair_final_seed7101_best,fixed_dual_hybrid_rrf_mw0.75_teleport5,20,100,100,28,0.695359792984793,81,0.9605316350316351,0,0.0,61.65,0,0.0,0,0.0,0,0.0,0,0.0,0,0.0,0,0.0,0,0.0,0,0.0,0,0.0,0,0.0,0,0.0
fair_final_seed7101_best,global_fine_rrf_fixed,20,20,100,27,0.6944229242979243,27,0.6944229242979243,0,0.0,61.65,0,0.0,0,0.0,0,0.0,0,0.0,0,0.0,0,0.0,0,0.0,0,0.0,0,0.0,0,0.0,0,0.0
fair_final_seed7101_best,global_fine_rrf_fixed,50,50,100,45,0.8656135947385947,45,0.8656135947385947,0,0.0,61.65,0,0.0,0,0.0,0,0.0,0,0.0,0,0.0,0,0.0,0,0.0,0,0.0,0,0.0,0,0.0,0,0.0
fair_final_seed7101_best,global_fine_rrf_fixed,100,100,100,83,0.9701149683649684,83,0.9701149683649684,0,0.0,61.65,0,0.0,0,0.0,0,0.0,0,0.0,0,0.0,0,0.0,0,0.0,0,0.0,0,0.0,0,0.0,0,0.0
fair_final_seed7101_best,global_fine_rrf_hybrid_mw0.25_teleport10,20,50,100,27,0.6944229242979243,45,0.8434000305250305,0,0.0,61.65,0,0.0,0,0.0,0,0.0,0,0.0,0,0.0,0,0.0,0,0.0,0,0.0,0,0.0,0,0.0,0,0.0
fair_final_seed7101_best,global_fine_rrf_hybrid_mw0.25_teleport10,20,75,100,27,0.6944229242979243,57,0.8991039654789655,0,0.0,61.65,0,0.0,0,0.0,0,0.0,0,0.0,0,0.0,0,0.0,0,0.0,0,0.0,0,0.0,0,0.0,0,0.0
fair_final_seed7101_best,global_fine_rrf_hybrid_mw0.25_teleport10,20,100,100,27,0.6944229242979243,72,0.9371106393606393,0,0.0,61.65,0,0.0,0,0.0,0,0.0,0,0.0,0,0.0,0,0.0,0,0.0,0,0.0,0,0.0,0,0.0,0,0.0
fair_final_seed7101_best,global_fine_rrf_hybrid_mw0.25_teleport5,20,50,100,27,0.6944229242979243,48,0.8580851648351648,0,0.0,61.65,0,0.0,0,0.0,0,0.0,0,0.0,0,0.0,0,0.0,0,0.0,0,0.0,0,0.0,0,0.0,0,0.0
fair_final_seed7101_best,global_fine_rrf_hybrid_mw0.25_teleport5,20,75,100,27,0.6944229242979243,57,0.9071396797646797,0,0.0,61.65,0,0.0,0,0.0,0,0.0,0,0.0,0,0.0,0,0.0,0,0.0,0,0.0,0,0.0,0,0.0,0,0.0
fair_final_seed7101_best,global_fine_rrf_hybrid_mw0.25_teleport5,20,100,100,27,0.6944229242979243,78,0.9493768731268731,0,0.0,61.65,0,0.0,0,0.0,0,0.0,0,0.0,0,0.0,0,0.0,0,0.0,0,0.0,0,0.0,0,0.0,0,0.0
fair_final_seed7101_best,global_fine_rrf_hybrid_mw0.5_teleport10,20,50,100,27,0.6944229242979243,43,0.8531751026751028,0,0.0,61.65,0,0.0,0,0.0,0,0.0,0,0.0,0,0.0,0,0.0,0,0.0,0,0.0,0,0.0,0,0.0,0,0.0
fair_final_seed7101_best,global_fine_rrf_hybrid_mw0.5_teleport10,20,75,100,27,0.6944229242979243,60,0.9125841242091242,0,0.0,61.65,0,0.0,0,0.0,0,0.0,0,0.0,0,0.0,0,0.0,0,0.0,0,0.0,0,0.0,0,0.0,0,0.0
fair_final_seed7101_best,global_fine_rrf_hybrid_mw0.5_teleport10,20,100,100,27,0.6944229242979243,81,0.9593011155511155,0,0.0,61.65,0,0.0,0,0.0,0,0.0,0,0.0,0,0.0,0,0.0,0,0.0,0,0.0,0,0.0,0,0.0,0,0.0
fair_final_seed7101_best,global_fine_rrf_hybrid_mw0.5_teleport5,20,50,100,27,0.6944229242979243,44,0.854167526917527,0,0.0,61.65,0,0.0,0,0.0,0,0.0,0,0.0,0,0.0,0,0.0,0,0.0,0,0.0,0,0.0,0,0.0,0,0.0
fair_final_seed7101_best,global_fine_rrf_hybrid_mw0.5_teleport5,20,75,100,27,0.6944229242979243,61,0.9197702713952713,0,0.0,61.65,0,0.0,0,0.0,0,0.0,0,0.0,0,0.0,0,0.0,0,0.0,0,0.0,0,0.0,0,0.0,0,0.0
fair_final_seed7101_best,global_fine_rrf_hybrid_mw0.5_teleport5,20,100,100,27,0.6944229242979243,83,0.9618768731268732,0,0.0,61.65,0,0.0,0,0.0,0,0.0,0,0.0,0,0.0,0,0.0,0,0.0,0,0.0,0,0.0,0,0.0,0,0.0
fair_final_seed7101_best,global_fine_rrf_hybrid_mw0.75_teleport10,20,50,100,27,0.6944229242979243,44,0.85847668997669,0,0.0,61.65,0,0.0,0,0.0,0,0.0,0,0.0,0,0.0,0,0.0,0,0.0,0,0.0,0,0.0,0,0.0,0,0.0
fair_final_seed7101_best,global_fine_rrf_hybrid_mw0.75_teleport10,20,75,100,27,0.6944229242979243,66,0.9289647158397158,0,0.0,61.65,0,0.0,0,0.0,0,0.0,0,0.0,0,0.0,0,0.0,0,0.0,0,0.0,0,0.0,0,0.0,0,0.0
fair_final_seed7101_best,global_fine_rrf_hybrid_mw0.75_teleport10,20,100,100,27,0.6944229242979243,81,0.9651983016983017,0,0.0,61.65,0,0.0,0,0.0,0,0.0,0,0.0,0,0.0,0,0.0,0,0.0,0,0.0,0,0.0,0,0.0,0,0.0
fair_final_seed7101_best,global_fine_rrf_hybrid_mw0.75_teleport5,20,50,100,27,0.6944229242979243,45,0.8660163725163725,0,0.0,61.65,0,0.0,0,0.0,0,0.0,0,0.0,0,0.0,0,0.0,0,0.0,0,0.0,0,0.0,0,0.0,0,0.0
fair_final_seed7101_best,global_fine_rrf_hybrid_mw0.75_teleport5,20,75,100,27,0.6944229242979243,66,0.9298889582639583,0,0.0,61.65,0,0.0,0,0.0,0,0.0,0,0.0,0,0.0,0,0.0,0,0.0,0,0.0,0,0.0,0,0.0,0,0.0
fair_final_seed7101_best,global_fine_rrf_hybrid_mw0.75_teleport5,20,100,100,27,0.6944229242979243,81,0.9651983016983017,0,0.0,61.65,0,0.0,0,0.0,0,0.0,0,0.0,0,0.0,0,0.0,0,0.0,0,0.0,0,0.0,0,0.0,0,0.0
fair_final_seed7101_final,coarse_hybrid_mw0.25_teleport10,20,50,100,25,0.6752558968808968,42,0.8400178848928849,0,0.0,61.54,0,0.0,0,0.0,0,0.0,0,0.0,0,0.0,0,0.0,0,0.0,0,0.0,0,0.0,0,0.0,0,0.0
fair_final_seed7101_final,coarse_hybrid_mw0.25_teleport10,20,75,100,25,0.6752558968808968,58,0.9000119741369741,0,0.0,61.54,0,0.0,0,0.0,0,0.0,0,0.0,0,0.0,0,0.0,0,0.0,0,0.0,0,0.0,0,0.0,0,0.0
fair_final_seed7101_final,coarse_hybrid_mw0.25_teleport10,20,100,100,25,0.6752558968808968,75,0.9407091242091242,0,0.0,61.54,0,0.0,0,0.0,0,0.0,0,0.0,0,0.0,0,0.0,0,0.0,0,0.0,0,0.0,0,0.0,0,0.0
fair_final_seed7101_final,coarse_hybrid_mw0.25_teleport5,20,50,100,25,0.6752558968808968,43,0.8498597652347653,0,0.0,61.54,0,0.0,0,0.0,0,0.0,0,0.0,0,0.0,0,0.0,0,0.0,0,0.0,0,0.0,0,0.0,0,0.0
fair_final_seed7101_final,coarse_hybrid_mw0.25_teleport5,20,75,100,25,0.6752558968808968,61,0.9136663752913754,0,0.0,61.54,0,0.0,0,0.0,0,0.0,0,0.0,0,0.0,0,0.0,0,0.0,0,0.0,0,0.0,0,0.0,0,0.0
fair_final_seed7101_final,coarse_hybrid_mw0.25_teleport5,20,100,100,25,0.6752558968808968,77,0.9489793262293262,0,0.0,61.54,0,0.0,0,0.0,0,0.0,0,0.0,0,0.0,0,0.0,0,0.0,0,0.0,0,0.0,0,0.0,0,0.0
fair_final_seed7101_final,coarse_hybrid_mw0.5_teleport10,20,50,100,25,0.6752558968808968,45,0.8530188561438561,0,0.0,61.54,0,0.0,0,0.0,0,0.0,0,0.0,0,0.0,0,0.0,0,0.0,0,0.0,0,0.0,0,0.0,0,0.0
fair_final_seed7101_final,coarse_hybrid_mw0.5_teleport10,20,75,100,25,0.6752558968808968,63,0.9215628399378398,0,0.0,61.54,0,0.0,0,0.0,0,0.0,0,0.0,0,0.0,0,0.0,0,0.0,0,0.0,0,0.0,0,0.0,0,0.0
fair_final_seed7101_final,coarse_hybrid_mw0.5_teleport10,20,100,100,25,0.6752558968808968,79,0.9554439726939726,0,0.0,61.54,0,0.0,0,0.0,0,0.0,0,0.0,0,0.0,0,0.0,0,0.0,0,0.0,0,0.0,0,0.0,0,0.0
fair_final_seed7101_final,coarse_hybrid_mw0.5_teleport5,20,50,100,25,0.6752558968808968,46,0.8587926656676657,0,0.0,61.54,0,0.0,0,0.0,0,0.0,0,0.0,0,0.0,0,0.0,0,0.0,0,0.0,0,0.0,0,0.0,0,0.0
fair_final_seed7101_final,coarse_hybrid_mw0.5_teleport5,20,75,100,25,0.6752558968808968,64,0.9274719308469308,0,0.0,61.54,0,0.0,0,0.0,0,0.0,0,0.0,0,0.0,0,0.0,0,0.0,0,0.0,0,0.0,0,0.0,0,0.0
fair_final_seed7101_final,coarse_hybrid_mw0.5_teleport5,20,100,100,25,0.6752558968808968,79,0.9565550838050838,0,0.0,61.54,0,0.0,0,0.0,0,0.0,0,0.0,0,0.0,0,0.0,0,0.0,0,0.0,0,0.0,0,0.0,0,0.0
fair_final_seed7101_final,coarse_hybrid_mw0.75_teleport10,20,50,100,25,0.6752558968808968,45,0.8569239787989789,0,0.0,61.54,0,0.0,0,0.0,0,0.0,0,0.0,0,0.0,0,0.0,0,0.0,0,0.0,0,0.0,0,0.0,0,0.0
fair_final_seed7101_final,coarse_hybrid_mw0.75_teleport10,20,75,100,25,0.6752558968808968,66,0.9270072843822844,0,0.0,61.54,0,0.0,0,0.0,0,0.0,0,0.0,0,0.0,0,0.0,0,0.0,0,0.0,0,0.0,0,0.0,0,0.0
fair_final_seed7101_final,coarse_hybrid_mw0.75_teleport10,20,100,100,25,0.6752558968808968,77,0.9551939726939728,0,0.0,61.54,0,0.0,0,0.0,0,0.0,0,0.0,0,0.0,0,0.0,0,0.0,0,0.0,0,0.0,0,0.0,0,0.0
fair_final_seed7101_final,coarse_hybrid_mw0.75_teleport5,20,50,100,25,0.6752558968808968,45,0.8607371101121102,0,0.0,61.54,0,0.0,0,0.0,0,0.0,0,0.0,0,0.0,0,0.0,0,0.0,0,0.0,0,0.0,0,0.0,0,0.0
fair_final_seed7101_final,coarse_hybrid_mw0.75_teleport5,20,75,100,25,0.6752558968808968,67,0.930583041958042,0,0.0,61.54,0,0.0,0,0.0,0,0.0,0,0.0,0,0.0,0,0.0,0,0.0,0,0.0,0,0.0,0,0.0,0,0.0
fair_final_seed7101_final,coarse_hybrid_mw0.75_teleport5,20,100,100,25,0.6752558968808968,78,0.9561030636030635,0,0.0,61.54,0,0.0,0,0.0,0,0.0,0,0.0,0,0.0,0,0.0,0,0.0,0,0.0,0,0.0,0,0.0,0,0.0
fair_final_seed7101_final,dual_hybrid_rrf_mw0.25_teleport10,20,50,100,26,0.6967959401709402,45,0.8478800782550782,0,0.0,61.54,0,0.0,0,0.0,0,0.0,0,0.0,0,0.0,0,0.0,0,0.0,0,0.0,0,0.0,0,0.0,0,0.0
fair_final_seed7101_final,dual_hybrid_rrf_mw0.25_teleport10,20,75,100,26,0.6967959401709402,57,0.9025761877011876,0,0.0,61.54,0,0.0,0,0.0,0,0.0,0,0.0,0,0.0,0,0.0,0,0.0,0,0.0,0,0.0,0,0.0,0,0.0
fair_final_seed7101_final,dual_hybrid_rrf_mw0.25_teleport10,20,100,100,26,0.6967959401709402,74,0.9401661949161949,0,0.0,61.54,0,0.0,0,0.0,0,0.0,0,0.0,0,0.0,0,0.0,0,0.0,0,0.0,0,0.0,0,0.0,0,0.0
fair_final_seed7101_final,dual_hybrid_rrf_mw0.25_teleport5,20,50,100,27,0.7006999805749805,46,0.8559002802752802,0,0.0,61.54,0,0.0,0,0.0,0,0.0,0,0.0,0,0.0,0,0.0,0,0.0,0,0.0,0,0.0,0,0.0,0,0.0
fair_final_seed7101_final,dual_hybrid_rrf_mw0.25_teleport5,20,75,100,27,0.7006999805749805,56,0.9065841242091243,0,0.0,61.54,0,0.0,0,0.0,0,0.0,0,0.0,0,0.0,0,0.0,0,0.0,0,0.0,0,0.0,0,0.0,0,0.0
fair_final_seed7101_final,dual_hybrid_rrf_mw0.25_teleport5,20,100,100,27,0.7006999805749805,78,0.95524555999556,0,0.0,61.54,0,0.0,0,0.0,0,0.0,0,0.0,0,0.0,0,0.0,0,0.0,0,0.0,0,0.0,0,0.0,0,0.0
fair_final_seed7101_final,dual_hybrid_rrf_mw0.5_teleport10,20,50,100,26,0.6898471667221667,47,0.860173729048729,0,0.0,61.54,0,0.0,0,0.0,0,0.0,0,0.0,0,0.0,0,0.0,0,0.0,0,0.0,0,0.0,0,0.0,0,0.0
fair_final_seed7101_final,dual_hybrid_rrf_mw0.5_teleport10,20,75,100,26,0.6898471667221667,63,0.9247861444111445,0,0.0,61.54,0,0.0,0,0.0,0,0.0,0,0.0,0,0.0,0,0.0,0,0.0,0,0.0,0,0.0,0,0.0,0,0.0
fair_final_seed7101_final,dual_hybrid_rrf_mw0.5_teleport10,20,100,100,26,0.6898471667221667,76,0.9515947663447664,0,0.0,61.54,0,0.0,0,0.0,0,0.0,0,0.0,0,0.0,0,0.0,0,0.0,0,0.0,0,0.0,0,0.0,0,0.0
fair_final_seed7101_final,dual_hybrid_rrf_mw0.5_teleport5,20,50,100,27,0.6956956515706516,46,0.8632094433344433,0,0.0,61.54,0,0.0,0,0.0,0,0.0,0,0.0,0,0.0,0,0.0,0,0.0,0,0.0,0,0.0,0,0.0,0,0.0
fair_final_seed7101_final,dual_hybrid_rrf_mw0.5_teleport5,20,75,100,27,0.6956956515706516,65,0.9288258269508269,0,0.0,61.54,0,0.0,0,0.0,0,0.0,0,0.0,0,0.0,0,0.0,0,0.0,0,0.0,0,0.0,0,0.0,0,0.0
fair_final_seed7101_final,dual_hybrid_rrf_mw0.5_teleport5,20,100,100,27,0.6956956515706516,79,0.956761433011433,0,0.0,61.54,0,0.0,0,0.0,0,0.0,0,0.0,0,0.0,0,0.0,0,0.0,0,0.0,0,0.0,0,0.0,0,0.0
fair_final_seed7101_final,dual_hybrid_rrf_mw0.75_teleport10,20,50,100,27,0.688787531912532,46,0.8694702242202242,0,0.0,61.54,0,0.0,0,0.0,0,0.0,0,0.0,0,0.0,0,0.0,0,0.0,0,0.0,0,0.0,0,0.0,0,0.0
fair_final_seed7101_final,dual_hybrid_rrf_mw0.75_teleport10,20,75,100,27,0.688787531912532,65,0.9309167360417361,0,0.0,61.54,0,0.0,0,0.0,0,0.0,0,0.0,0,0.0,0,0.0,0,0.0,0,0.0,0,0.0,0,0.0,0,0.0
fair_final_seed7101_final,dual_hybrid_rrf_mw0.75_teleport10,20,100,100,27,0.688787531912532,81,0.9626983016983017,0,0.0,61.54,0,0.0,0,0.0,0,0.0,0,0.0,0,0.0,0,0.0,0,0.0,0,0.0,0,0.0,0,0.0,0,0.0
fair_final_seed7101_final,dual_hybrid_rrf_mw0.75_teleport5,20,50,100,27,0.688787531912532,46,0.8663035575535575,0,0.0,61.54,0,0.0,0,0.0,0,0.0,0,0.0,0,0.0,0,0.0,0,0.0,0,0.0,0,0.0,0,0.0,0,0.0
fair_final_seed7101_final,dual_hybrid_rrf_mw0.75_teleport5,20,75,100,27,0.688787531912532,66,0.933416736041736,0,0.0,61.54,0,0.0,0,0.0,0,0.0,0,0.0,0,0.0,0,0.0,0,0.0,0,0.0,0,0.0,0,0.0,0,0.0
fair_final_seed7101_final,dual_hybrid_rrf_mw0.75_teleport5,20,100,100,27,0.688787531912532,81,0.9626983016983017,0,0.0,61.54,0,0.0,0,0.0,0,0.0,0,0.0,0,0.0,0,0.0,0,0.0,0,0.0,0,0.0,0,0.0,0,0.0
fair_final_seed7101_final,fixed,20,20,100,25,0.6752558968808968,25,0.6752558968808968,0,0.0,61.54,0,0.0,0,0.0,0,0.0,0,0.0,0,0.0,0,0.0,0,0.0,0,0.0,0,0.0,0,0.0,0,0.0
fair_final_seed7101_final,fixed,50,50,100,46,0.860978812853813,46,0.860978812853813,0,0.0,61.54,0,0.0,0,0.0,0,0.0,0,0.0,0,0.0,0,0.0,0,0.0,0,0.0,0,0.0,0,0.0,0,0.0
fair_final_seed7101_final,fixed,100,100,100,79,0.9575197302697304,79,0.9575197302697304,0,0.0,61.54,0,0.0,0,0.0,0,0.0,0,0.0,0,0.0,0,0.0,0,0.0,0,0.0,0,0.0,0,0.0,0,0.0
fair_final_seed7101_final,fixed_dual_hybrid_rrf_mw0.25_teleport10,20,50,100,24,0.6851483932733933,45,0.85758281995782,0,0.0,61.54,0,0.0,0,0.0,0,0.0,0,0.0,0,0.0,0,0.0,0,0.0,0,0.0,0,0.0,0,0.0,0,0.0
fair_final_seed7101_final,fixed_dual_hybrid_rrf_mw0.25_teleport10,20,75,100,24,0.6851483932733933,61,0.9155242396492396,0,0.0,61.54,0,0.0,0,0.0,0,0.0,0,0.0,0,0.0,0,0.0,0,0.0,0,0.0,0,0.0,0,0.0,0,0.0
fair_final_seed7101_final,fixed_dual_hybrid_rrf_mw0.25_teleport10,20,100,100,24,0.6851483932733933,78,0.9552058774558775,0,0.0,61.54,0,0.0,0,0.0,0,0.0,0,0.0,0,0.0,0,0.0,0,0.0,0,0.0,0,0.0,0,0.0,0,0.0
fair_final_seed7101_final,fixed_dual_hybrid_rrf_mw0.25_teleport5,20,50,100,25,0.6862317266067266,45,0.8610467449217449,0,0.0,61.54,0,0.0,0,0.0,0,0.0,0,0.0,0,0.0,0,0.0,0,0.0,0,0.0,0,0.0,0,0.0,0,0.0
fair_final_seed7101_final,fixed_dual_hybrid_rrf_mw0.25_teleport5,20,75,100,25,0.6862317266067266,65,0.9278853507603507,0,0.0,61.54,0,0.0,0,0.0,0,0.0,0,0.0,0,0.0,0,0.0,0,0.0,0,0.0,0,0.0,0,0.0,0,0.0
fair_final_seed7101_final,fixed_dual_hybrid_rrf_mw0.25_teleport5,20,100,100,25,0.6862317266067266,79,0.9579836552336551,0,0.0,61.54,0,0.0,0,0.0,0,0.0,0,0.0,0,0.0,0,0.0,0,0.0,0,0.0,0,0.0,0,0.0,0,0.0
fair_final_seed7101_final,fixed_dual_hybrid_rrf_mw0.5_teleport10,20,50,100,25,0.6854817266067266,46,0.8644280580530581,0,0.0,61.54,0,0.0,0,0.0,0,0.0,0,0.0,0,0.0,0,0.0,0,0.0,0,0.0,0,0.0,0,0.0,0,0.0
fair_final_seed7101_final,fixed_dual_hybrid_rrf_mw0.5_teleport10,20,75,100,25,0.6854817266067266,64,0.9250790737040737,0,0.0,61.54,0,0.0,0,0.0,0,0.0,0,0.0,0,0.0,0,0.0,0,0.0,0,0.0,0,0.0,0,0.0,0,0.0
fair_final_seed7101_final,fixed_dual_hybrid_rrf_mw0.5_teleport10,20,100,100,25,0.6854817266067266,77,0.9556225441225442,0,0.0,61.54,0,0.0,0,0.0,0,0.0,0,0.0,0,0.0,0,0.0,0,0.0,0,0.0,0,0.0,0,0.0,0,0.0
fair_final_seed7101_final,fixed_dual_hybrid_rrf_mw0.5_teleport5,20,50,100,25,0.6852317266067266,47,0.8687732961482962,0,0.0,61.54,0,0.0,0,0.0,0,0.0,0,0.0,0,0.0,0,0.0,0,0.0,0,0.0,0,0.0,0,0.0,0,0.0
fair_final_seed7101_final,fixed_dual_hybrid_rrf_mw0.5_teleport5,20,75,100,25,0.6852317266067266,66,0.9320235181485181,0,0.0,61.54,0,0.0,0,0.0,0,0.0,0,0.0,0,0.0,0,0.0,0,0.0,0,0.0,0,0.0,0,0.0,0,0.0
fair_final_seed7101_final,fixed_dual_hybrid_rrf_mw0.5_teleport5,20,100,100,25,0.6852317266067266,78,0.9576225441225441,0,0.0,61.54,0,0.0,0,0.0,0,0.0,0,0.0,0,0.0,0,0.0,0,0.0,0,0.0,0,0.0,0,0.0,0,0.0
fair_final_seed7101_final,fixed_dual_hybrid_rrf_mw0.75_teleport10,20,50,100,25,0.68481505994006,46,0.8667969946719947,0,0.0,61.54,0,0.0,0,0.0,0,0.0,0,0.0,0,0.0,0,0.0,0,0.0,0,0.0,0,0.0,0,0.0,0,0.0
fair_final_seed7101_final,fixed_dual_hybrid_rrf_mw0.75_teleport10,20,75,100,25,0.68481505994006,67,0.9346667360417361,0,0.0,61.54,0,0.0,0,0.0,0,0.0,0,0.0,0,0.0,0,0.0,0,0.0,0,0.0,0,0.0,0,0.0,0,0.0
fair_final_seed7101_final,fixed_dual_hybrid_rrf_mw0.75_teleport10,20,100,100,25,0.68481505994006,80,0.9601983016983017,0,0.0,61.54,0,0.0,0,0.0,0,0.0,0,0.0,0,0.0,0,0.0,0,0.0,0,0.0,0,0.0,0,0.0,0,0.0
fair_final_seed7101_final,fixed_dual_hybrid_rrf_mw0.75_teleport5,20,50,100,25,0.68581505994006,46,0.8674977522477522,0,0.0,61.54,0,0.0,0,0.0,0,0.0,0,0.0,0,0.0,0,0.0,0,0.0,0,0.0,0,0.0,0,0.0,0,0.0
fair_final_seed7101_final,fixed_dual_hybrid_rrf_mw0.75_teleport5,20,75,100,25,0.68581505994006,67,0.9346667360417361,0,0.0,61.54,0,0.0,0,0.0,0,0.0,0,0.0,0,0.0,0,0.0,0,0.0,0,0.0,0,0.0,0,0.0,0,0.0
fair_final_seed7101_final,fixed_dual_hybrid_rrf_mw0.75_teleport5,20,100,100,25,0.68581505994006,80,0.9601983016983017,0,0.0,61.54,0,0.0,0,0.0,0,0.0,0,0.0,0,0.0,0,0.0,0,0.0,0,0.0,0,0.0,0,0.0,0,0.0
fair_final_seed7101_final,global_fine_rrf_fixed,20,20,100,26,0.6886738955488956,26,0.6886738955488956,0,0.0,61.54,0,0.0,0,0.0,0,0.0,0,0.0,0,0.0,0,0.0,0,0.0,0,0.0,0,0.0,0,0.0,0,0.0
fair_final_seed7101_final,global_fine_rrf_fixed,50,50,100,47,0.8755186063936065,47,0.8755186063936065,0,0.0,61.54,0,0.0,0,0.0,0,0.0,0,0.0,0,0.0,0,0.0,0,0.0,0,0.0,0,0.0,0,0.0,0,0.0
fair_final_seed7101_final,global_fine_rrf_fixed,100,100,100,82,0.9704634532134533,82,0.9704634532134533,0,0.0,61.54,0,0.0,0,0.0,0,0.0,0,0.0,0,0.0,0,0.0,0,0.0,0,0.0,0,0.0,0,0.0,0,0.0
fair_final_seed7101_final,global_fine_rrf_hybrid_mw0.25_teleport10,20,50,100,26,0.6886738955488956,45,0.8430070623820624,0,0.0,61.54,0,0.0,0,0.0,0,0.0,0,0.0,0,0.0,0,0.0,0,0.0,0,0.0,0,0.0,0,0.0,0,0.0
fair_final_seed7101_final,global_fine_rrf_hybrid_mw0.25_teleport10,20,75,100,26,0.6886738955488956,56,0.9011992035742036,0,0.0,61.54,0,0.0,0,0.0,0,0.0,0,0.0,0,0.0,0,0.0,0,0.0,0,0.0,0,0.0,0,0.0,0,0.0
fair_final_seed7101_final,global_fine_rrf_hybrid_mw0.25_teleport10,20,100,100,26,0.6886738955488956,74,0.9390947663447663,0,0.0,61.54,0,0.0,0,0.0,0,0.0,0,0.0,0,0.0,0,0.0,0,0.0,0,0.0,0,0.0,0,0.0,0,0.0
fair_final_seed7101_final,global_fine_rrf_hybrid_mw0.25_teleport5,20,50,100,26,0.6886738955488956,46,0.8577871850371851,0,0.0,61.54,0,0.0,0,0.0,0,0.0,0,0.0,0,0.0,0,0.0,0,0.0,0,0.0,0,0.0,0,0.0,0,0.0
fair_final_seed7101_final,global_fine_rrf_hybrid_mw0.25_teleport5,20,75,100,26,0.6886738955488956,56,0.9034888861138861,0,0.0,61.54,0,0.0,0,0.0,0,0.0,0,0.0,0,0.0,0,0.0,0,0.0,0,0.0,0,0.0,0,0.0,0,0.0
fair_final_seed7101_final,global_fine_rrf_hybrid_mw0.25_teleport5,20,100,100,26,0.6886738955488956,80,0.9568011155511155,0,0.0,61.54,0,0.0,0,0.0,0,0.0,0,0.0,0,0.0,0,0.0,0,0.0,0,0.0,0,0.0,0,0.0,0,0.0
fair_final_seed7101_final,global_fine_rrf_hybrid_mw0.5_teleport10,20,50,100,26,0.6886738955488956,46,0.8618505661005661,0,0.0,61.54,0,0.0,0,0.0,0,0.0,0,0.0,0,0.0,0,0.0,0,0.0,0,0.0,0,0.0,0,0.0,0,0.0
fair_final_seed7101_final,global_fine_rrf_hybrid_mw0.5_teleport10,20,75,100,26,0.6886738955488956,61,0.9202103868353868,0,0.0,61.54,0,0.0,0,0.0,0,0.0,0,0.0,0,0.0,0,0.0,0,0.0,0,0.0,0,0.0,0,0.0,0,0.0
fair_final_seed7101_final,global_fine_rrf_hybrid_mw0.5_teleport10,20,100,100,26,0.6886738955488956,80,0.9581900044400044,0,0.0,61.54,0,0.0,0,0.0,0,0.0,0,0.0,0,0.0,0,0.0,0,0.0,0,0.0,0,0.0,0,0.0,0,0.0
fair_final_seed7101_final,global_fine_rrf_hybrid_mw0.5_teleport5,20,50,100,26,0.6886738955488956,46,0.8622791375291375,0,0.0,61.54,0,0.0,0,0.0,0,0.0,0,0.0,0,0.0,0,0.0,0,0.0,0,0.0,0,0.0,0,0.0,0,0.0
fair_final_seed7101_final,global_fine_rrf_hybrid_mw0.5_teleport5,20,75,100,26,0.6886738955488956,63,0.9260834027084027,0,0.0,61.54,0,0.0,0,0.0,0,0.0,0,0.0,0,0.0,0,0.0,0,0.0,0,0.0,0,0.0,0,0.0,0,0.0
fair_final_seed7101_final,global_fine_rrf_hybrid_mw0.5_teleport5,20,100,100,26,0.6886738955488956,82,0.9623566711066711,0,0.0,61.54,0,0.0,0,0.0,0,0.0,0,0.0,0,0.0,0,0.0,0,0.0,0,0.0,0,0.0,0,0.0,0,0.0
fair_final_seed7101_final,global_fine_rrf_hybrid_mw0.75_teleport10,20,50,100,26,0.6886738955488956,45,0.8698263958263958,0,0.0,61.54,0,0.0,0,0.0,0,0.0,0,0.0,0,0.0,0,0.0,0,0.0,0,0.0,0,0.0,0,0.0,0,0.0
fair_final_seed7101_final,global_fine_rrf_hybrid_mw0.75_teleport10,20,75,100,26,0.6886738955488956,66,0.9322500693750694,0,0.0,61.54,0,0.0,0,0.0,0,0.0,0,0.0,0,0.0,0,0.0,0,0.0,0,0.0,0,0.0,0,0.0,0,0.0
fair_final_seed7101_final,global_fine_rrf_hybrid_mw0.75_teleport10,20,100,100,26,0.6886738955488956,82,0.967761433011433,0,0.0,61.54,0,0.0,0,0.0,0,0.0,0,0.0,0,0.0,0,0.0,0,0.0,0,0.0,0,0.0,0,0.0,0,0.0
fair_final_seed7101_final,global_fine_rrf_hybrid_mw0.75_teleport5,20,50,100,26,0.6886738955488956,46,0.8712549672549673,0,0.0,61.54,0,0.0,0,0.0,0,0.0,0,0.0,0,0.0,0,0.0,0,0.0,0,0.0,0,0.0,0,0.0,0,0.0
fair_final_seed7101_final,global_fine_rrf_hybrid_mw0.75_teleport5,20,75,100,26,0.6886738955488956,66,0.9315834027084027,0,0.0,61.54,0,0.0,0,0.0,0,0.0,0,0.0,0,0.0,0,0.0,0,0.0,0,0.0,0,0.0,0,0.0,0,0.0
fair_final_seed7101_final,global_fine_rrf_hybrid_mw0.75_teleport5,20,100,100,26,0.6886738955488956,81,0.9673447663447664,0,0.0,61.54,0,0.0,0,0.0,0,0.0,0,0.0,0,0.0,0,0.0,0,0.0,0,0.0,0,0.0,0,0.0,0,0.0
fair_final_seed7102_best,coarse_hybrid_mw0.25_teleport10,20,50,100,29,0.6901093212343212,44,0.8392827866577867,0,0.0,62.42,0,0.0,0,0.0,0,0.0,0,0.0,0,0.0,0,0.0,0,0.0,0,0.0,0,0.0,0,0.0,0,0.0
fair_final_seed7102_best,coarse_hybrid_mw0.25_teleport10,20,75,100,29,0.6901093212343212,60,0.9070624791874792,0,0.0,62.42,0,0.0,0,0.0,0,0.0,0,0.0,0,0.0,0,0.0,0,0.0,0,0.0,0,0.0,0,0.0,0,0.0
fair_final_seed7102_best,coarse_hybrid_mw0.25_teleport10,20,100,100,29,0.6901093212343212,75,0.9438115773115773,0,0.0,62.42,0,0.0,0,0.0,0,0.0,0,0.0,0,0.0,0,0.0,0,0.0,0,0.0,0,0.0,0,0.0,0,0.0
fair_final_seed7102_best,coarse_hybrid_mw0.25_teleport5,20,50,100,29,0.6901093212343212,45,0.8464292513042513,0,0.0,62.42,0,0.0,0,0.0,0,0.0,0,0.0,0,0.0,0,0.0,0,0.0,0,0.0,0,0.0,0,0.0,0,0.0
fair_final_seed7102_best,coarse_hybrid_mw0.25_teleport5,20,75,100,29,0.6901093212343212,64,0.9234556970806971,0,0.0,62.42,0,0.0,0,0.0,0,0.0,0,0.0,0,0.0,0,0.0,0,0.0,0,0.0,0,0.0,0,0.0,0,0.0
fair_final_seed7102_best,coarse_hybrid_mw0.25_teleport5,20,100,100,29,0.6901093212343212,78,0.9524035686535686,0,0.0,62.42,0,0.0,0,0.0,0,0.0,0,0.0,0,0.0,0,0.0,0,0.0,0,0.0,0,0.0,0,0.0,0,0.0
fair_final_seed7102_best,coarse_hybrid_mw0.5_teleport10,20,50,100,29,0.6901093212343212,43,0.8399855283605284,0,0.0,62.42,0,0.0,0,0.0,0,0.0,0,0.0,0,0.0,0,0.0,0,0.0,0,0.0,0,0.0,0,0.0,0,0.0
fair_final_seed7102_best,coarse_hybrid_mw0.5_teleport10,20,75,100,29,0.6901093212343212,62,0.920225899100899,0,0.0,62.42,0,0.0,0,0.0,0,0.0,0,0.0,0,0.0,0,0.0,0,0.0,0,0.0,0,0.0,0,0.0,0,0.0
fair_final_seed7102_best,coarse_hybrid_mw0.5_teleport10,20,100,100,29,0.6901093212343212,77,0.95283214008214,0,0.0,62.42,0,0.0,0,0.0,0,0.0,0,0.0,0,0.0,0,0.0,0,0.0,0,0.0,0,0.0,0,0.0,0,0.0
fair_final_seed7102_best,coarse_hybrid_mw0.5_teleport5,20,50,100,29,0.6901093212343212,46,0.8500252109002109,0,0.0,62.42,0,0.0,0,0.0,0,0.0,0,0.0,0,0.0,0,0.0,0,0.0,0,0.0,0,0.0,0,0.0,0,0.0
fair_final_seed7102_best,coarse_hybrid_mw0.5_teleport5,20,75,100,29,0.6901093212343212,63,0.9241544705294706,0,0.0,62.42,0,0.0,0,0.0,0,0.0,0,0.0,0,0.0,0,0.0,0,0.0,0,0.0,0,0.0,0,0.0,0,0.0
fair_final_seed7102_best,coarse_hybrid_mw0.5_teleport5,20,100,100,29,0.6901093212343212,78,0.9546654734154734,0,0.0,62.42,0,0.0,0,0.0,0,0.0,0,0.0,0,0.0,0,0.0,0,0.0,0,0.0,0,0.0,0,0.0,0,0.0
fair_final_seed7102_best,coarse_hybrid_mw0.75_teleport10,20,50,100,29,0.6901093212343212,47,0.8622295759795761,0,0.0,62.42,0,0.0,0,0.0,0,0.0,0,0.0,0,0.0,0,0.0,0,0.0,0,0.0,0,0.0,0,0.0,0,0.0
fair_final_seed7102_best,coarse_hybrid_mw0.75_teleport10,20,75,100,29,0.6901093212343212,63,0.9221385975135975,0,0.0,62.42,0,0.0,0,0.0,0,0.0,0,0.0,0,0.0,0,0.0,0,0.0,0,0.0,0,0.0,0,0.0,0,0.0
fair_final_seed7102_best,coarse_hybrid_mw0.75_teleport10,20,100,100,29,0.6901093212343212,77,0.9616301198801199,0,0.0,62.42,0,0.0,0,0.0,0,0.0,0,0.0,0,0.0,0,0.0,0,0.0,0,0.0,0,0.0,0,0.0,0,0.0
fair_final_seed7102_best,coarse_hybrid_mw0.75_teleport5,20,50,100,29,0.6901093212343212,47,0.8620510045510045,0,0.0,62.42,0,0.0,0,0.0,0,0.0,0,0.0,0,0.0,0,0.0,0,0.0,0,0.0,0,0.0,0,0.0,0,0.0
fair_final_seed7102_best,coarse_hybrid_mw0.75_teleport5,20,75,100,29,0.6901093212343212,62,0.9221385975135975,0,0.0,62.42,0,0.0,0,0.0,0,0.0,0,0.0,0,0.0,0,0.0,0,0.0,0,0.0,0,0.0,0,0.0,0,0.0
fair_final_seed7102_best,coarse_hybrid_mw0.75_teleport5,20,100,100,29,0.6901093212343212,78,0.9626301198801198,0,0.0,62.42,0,0.0,0,0.0,0,0.0,0,0.0,0,0.0,0,0.0,0,0.0,0,0.0,0,0.0,0,0.0,0,0.0
fair_final_seed7102_best,dual_hybrid_rrf_mw0.25_teleport10,20,50,100,26,0.6831307858807858,45,0.8409772311022311,0,0.0,62.42,0,0.0,0,0.0,0,0.0,0,0.0,0,0.0,0,0.0,0,0.0,0,0.0,0,0.0,0,0.0,0,0.0
fair_final_seed7102_best,dual_hybrid_rrf_mw0.25_teleport10,20,75,100,26,0.6831307858807858,61,0.9127486263736263,0,0.0,62.42,0,0.0,0,0.0,0,0.0,0,0.0,0,0.0,0,0.0,0,0.0,0,0.0,0,0.0,0,0.0,0,0.0
fair_final_seed7102_best,dual_hybrid_rrf_mw0.25_teleport10,20,100,100,26,0.6831307858807858,75,0.9466452713952713,0,0.0,62.42,0,0.0,0,0.0,0,0.0,0,0.0,0,0.0,0,0.0,0,0.0,0,0.0,0,0.0,0,0.0,0,0.0
fair_final_seed7102_best,dual_hybrid_rrf_mw0.25_teleport5,20,50,100,25,0.6832141192141192,45,0.8435050088800089,0,0.0,62.42,0,0.0,0,0.0,0,0.0,0,0.0,0,0.0,0,0.0,0,0.0,0,0.0,0,0.0,0,0.0,0,0.0
fair_final_seed7102_best,dual_hybrid_rrf_mw0.25_teleport5,20,75,100,25,0.6832141192141192,62,0.9182572843822844,0,0.0,62.42,0,0.0,0,0.0,0,0.0,0,0.0,0,0.0,0,0.0,0,0.0,0,0.0,0,0.0,0,0.0,0,0.0
fair_final_seed7102_best,dual_hybrid_rrf_mw0.25_teleport5,20,100,100,25,0.6832141192141192,79,0.9555745643245643,0,0.0,62.42,0,0.0,0,0.0,0,0.0,0,0.0,0,0.0,0,0.0,0,0.0,0,0.0,0,0.0,0,0.0,0,0.0
fair_final_seed7102_best,dual_hybrid_rrf_mw0.5_teleport10,20,50,100,26,0.6785474525474525,49,0.8541772671772673,0,0.0,62.42,0,0.0,0,0.0,0,0.0,0,0.0,0,0.0,0,0.0,0,0.0,0,0.0,0,0.0,0,0.0,0,0.0
fair_final_seed7102_best,dual_hybrid_rrf_mw0.5_teleport10,20,75,100,26,0.6785474525474525,63,0.9279207042957043,0,0.0,62.42,0,0.0,0,0.0,0,0.0,0,0.0,0,0.0,0,0.0,0,0.0,0,0.0,0,0.0,0,0.0,0,0.0
fair_final_seed7102_best,dual_hybrid_rrf_mw0.5_teleport10,20,100,100,26,0.6785474525474525,80,0.9645031357531357,0,0.0,62.42,0,0.0,0,0.0,0,0.0,0,0.0,0,0.0,0,0.0,0,0.0,0,0.0,0,0.0,0,0.0,0,0.0
fair_final_seed7102_best,dual_hybrid_rrf_mw0.5_teleport5,20,50,100,26,0.681996225996226,50,0.8678677433677434,0,0.0,62.42,0,0.0,0,0.0,0,0.0,0,0.0,0,0.0,0,0.0,0,0.0,0,0.0,0,0.0,0,0.0,0,0.0
fair_final_seed7102_best,dual_hybrid_rrf_mw0.5_teleport5,20,75,100,26,0.681996225996226,64,0.9298651487401487,0,0.0,62.42,0,0.0,0,0.0,0,0.0,0,0.0,0,0.0,0,0.0,0,0.0,0,0.0,0,0.0,0,0.0,0,0.0
fair_final_seed7102_best,dual_hybrid_rrf_mw0.5_teleport5,20,100,100,26,0.681996225996226,79,0.9636301198801199,0,0.0,62.42,0,0.0,0,0.0,0,0.0,0,0.0,0,0.0,0,0.0,0,0.0,0,0.0,0,0.0,0,0.0,0,0.0
fair_final_seed7102_best,dual_hybrid_rrf_mw0.75_teleport10,20,50,100,25,0.6804009879009879,48,0.8663046120546121,0,0.0,62.42,0,0.0,0,0.0,0,0.0,0,0.0,0,0.0,0,0.0,0,0.0,0,0.0,0,0.0,0,0.0,0,0.0
fair_final_seed7102_best,dual_hybrid_rrf_mw0.75_teleport10,20,75,100,25,0.6804009879009879,66,0.9315639221889223,0,0.0,62.42,0,0.0,0,0.0,0,0.0,0,0.0,0,0.0,0,0.0,0,0.0,0,0.0,0,0.0,0,0.0,0,0.0
fair_final_seed7102_best,dual_hybrid_rrf_mw0.75_teleport10,20,100,100,25,0.6804009879009879,79,0.9634634532134533,0,0.0,62.42,0,0.0,0,0.0,0,0.0,0,0.0,0,0.0,0,0.0,0,0.0,0,0.0,0,0.0,0,0.0,0,0.0
fair_final_seed7102_best,dual_hybrid_rrf_mw0.75_teleport5,20,50,100,25,0.6804009879009879,48,0.8689894966144966,0,0.0,62.42,0,0.0,0,0.0,0,0.0,0,0.0,0,0.0,0,0.0,0,0.0,0,0.0,0,0.0,0,0.0,0,0.0
fair_final_seed7102_best,dual_hybrid_rrf_mw0.75_teleport5,20,75,100,25,0.6804009879009879,67,0.9332305888555887,0,0.0,62.42,0,0.0,0,0.0,0,0.0,0,0.0,0,0.0,0,0.0,0,0.0,0,0.0,0,0.0,0,0.0,0,0.0
fair_final_seed7102_best,dual_hybrid_rrf_mw0.75_teleport5,20,100,100,25,0.6804009879009879,78,0.9622134532134532,0,0.0,62.42,0,0.0,0,0.0,0,0.0,0,0.0,0,0.0,0,0.0,0,0.0,0,0.0,0,0.0,0,0.0,0,0.0
fair_final_seed7102_best,fixed,20,20,100,29,0.6901093212343212,29,0.6901093212343212,0,0.0,62.42,0,0.0,0,0.0,0,0.0,0,0.0,0,0.0,0,0.0,0,0.0,0,0.0,0,0.0,0,0.0,0,0.0
fair_final_seed7102_best,fixed,50,50,100,47,0.8627768342768343,47,0.8627768342768343,0,0.0,62.42,0,0.0,0,0.0,0,0.0,0,0.0,0,0.0,0,0.0,0,0.0,0,0.0,0,0.0,0,0.0,0,0.0
fair_final_seed7102_best,fixed,100,100,100,76,0.9602690087690088,76,0.9602690087690088,0,0.0,62.42,0,0.0,0,0.0,0,0.0,0,0.0,0,0.0,0,0.0,0,0.0,0,0.0,0,0.0,0,0.0,0,0.0
fair_final_seed7102_best,fixed_dual_hybrid_rrf_mw0.25_teleport10,20,50,100,27,0.680900987900988,49,0.849957029082029,0,0.0,62.42,0,0.0,0,0.0,0,0.0,0,0.0,0,0.0,0,0.0,0,0.0,0,0.0,0,0.0,0,0.0,0,0.0
fair_final_seed7102_best,fixed_dual_hybrid_rrf_mw0.25_teleport10,20,75,100,27,0.680900987900988,63,0.925583041958042,0,0.0,62.42,0,0.0,0,0.0,0,0.0,0,0.0,0,0.0,0,0.0,0,0.0,0,0.0,0,0.0,0,0.0,0,0.0
fair_final_seed7102_best,fixed_dual_hybrid_rrf_mw0.25_teleport10,20,100,100,27,0.680900987900988,78,0.9542607115107116,0,0.0,62.42,0,0.0,0,0.0,0,0.0,0,0.0,0,0.0,0,0.0,0,0.0,0,0.0,0,0.0,0,0.0,0,0.0
fair_final_seed7102_best,fixed_dual_hybrid_rrf_mw0.25_teleport5,20,50,100,27,0.6805600788100789,49,0.8556911560661561,0,0.0,62.42,0,0.0,0,0.0,0,0.0,0,0.0,0,0.0,0,0.0,0,0.0,0,0.0,0,0.0,0,0.0,0,0.0
fair_final_seed7102_best,fixed_dual_hybrid_rrf_mw0.25_teleport5,20,75,100,27,0.6805600788100789,64,0.9286449106449106,0,0.0,62.42,0,0.0,0,0.0,0,0.0,0,0.0,0,0.0,0,0.0,0,0.0,0,0.0,0,0.0,0,0.0,0,0.0
fair_final_seed7102_best,fixed_dual_hybrid_rrf_mw0.25_teleport5,20,100,100,27,0.6805600788100789,79,0.9570031357531357,0,0.0,62.42,0,0.0,0,0.0,0,0.0,0,0.0,0,0.0,0,0.0,0,0.0,0,0.0,0,0.0,0,0.0,0,0.0
fair_final_seed7102_best,fixed_dual_hybrid_rrf_mw0.5_teleport10,20,50,100,27,0.6819886502386503,48,0.8592295759795759,0,0.0,62.42,0,0.0,0,0.0,0,0.0,0,0.0,0,0.0,0,0.0,0,0.0,0,0.0,0,0.0,0,0.0,0,0.0
fair_final_seed7102_best,fixed_dual_hybrid_rrf_mw0.5_teleport10,20,75,100,27,0.6819886502386503,64,0.926478243978244,0,0.0,62.42,0,0.0,0,0.0,0,0.0,0,0.0,0,0.0,0,0.0,0,0.0,0,0.0,0,0.0,0,0.0,0,0.0
fair_final_seed7102_best,fixed_dual_hybrid_rrf_mw0.5_teleport10,20,100,100,27,0.6819886502386503,77,0.9599634532134531,0,0.0,62.42,0,0.0,0,0.0,0,0.0,0,0.0,0,0.0,0,0.0,0,0.0,0,0.0,0,0.0,0,0.0,0,0.0
fair_final_seed7102_best,fixed_dual_hybrid_rrf_mw0.5_teleport5,20,50,100,27,0.6799886502386502,48,0.8659990564990565,0,0.0,62.42,0,0.0,0,0.0,0,0.0,0,0.0,0,0.0,0,0.0,0,0.0,0,0.0,0,0.0,0,0.0,0,0.0
fair_final_seed7102_best,fixed_dual_hybrid_rrf_mw0.5_teleport5,20,75,100,27,0.6799886502386502,64,0.9258830058830059,0,0.0,62.42,0,0.0,0,0.0,0,0.0,0,0.0,0,0.0,0,0.0,0,0.0,0,0.0,0,0.0,0,0.0,0,0.0
fair_final_seed7102_best,fixed_dual_hybrid_rrf_mw0.5_teleport5,20,100,100,27,0.6799886502386502,78,0.9616301198801199,0,0.0,62.42,0,0.0,0,0.0,0,0.0,0,0.0,0,0.0,0,0.0,0,0.0,0,0.0,0,0.0,0,0.0,0,0.0
fair_final_seed7102_best,fixed_dual_hybrid_rrf_mw0.75_teleport10,20,50,100,27,0.6818934121434121,47,0.8615932123432124,0,0.0,62.42,0,0.0,0,0.0,0,0.0,0,0.0,0,0.0,0,0.0,0,0.0,0,0.0,0,0.0,0,0.0,0,0.0
fair_final_seed7102_best,fixed_dual_hybrid_rrf_mw0.75_teleport10,20,75,100,27,0.6818934121434121,64,0.9263853507603507,0,0.0,62.42,0,0.0,0,0.0,0,0.0,0,0.0,0,0.0,0,0.0,0,0.0,0,0.0,0,0.0,0,0.0,0,0.0
fair_final_seed7102_best,fixed_dual_hybrid_rrf_mw0.75_teleport10,20,100,100,27,0.6818934121434121,78,0.9628086913086914,0,0.0,62.42,0,0.0,0,0.0,0,0.0,0,0.0,0,0.0,0,0.0,0,0.0,0,0.0,0,0.0,0,0.0,0,0.0
fair_final_seed7102_best,fixed_dual_hybrid_rrf_mw0.75_teleport5,20,50,100,27,0.6822267454767454,47,0.8650419857919858,0,0.0,62.42,0,0.0,0,0.0,0,0.0,0,0.0,0,0.0,0,0.0,0,0.0,0,0.0,0,0.0,0,0.0,0,0.0
fair_final_seed7102_best,fixed_dual_hybrid_rrf_mw0.75_teleport5,20,75,100,27,0.6822267454767454,64,0.9272186840936841,0,0.0,62.42,0,0.0,0,0.0,0,0.0,0,0.0,0,0.0,0,0.0,0,0.0,0,0.0,0,0.0,0,0.0,0,0.0
fair_final_seed7102_best,fixed_dual_hybrid_rrf_mw0.75_teleport5,20,100,100,27,0.6822267454767454,77,0.9613801198801198,0,0.0,62.42,0,0.0,0,0.0,0,0.0,0,0.0,0,0.0,0,0.0,0,0.0,0,0.0,0,0.0,0,0.0,0,0.0
fair_final_seed7102_best,global_fine_rrf_fixed,20,20,100,25,0.6701469086469086,25,0.6701469086469086,0,0.0,62.42,0,0.0,0,0.0,0,0.0,0,0.0,0,0.0,0,0.0,0,0.0,0,0.0,0,0.0,0,0.0,0,0.0
fair_final_seed7102_best,global_fine_rrf_fixed,50,50,100,48,0.8605677794427794,48,0.8605677794427794,0,0.0,62.42,0,0.0,0,0.0,0,0.0,0,0.0,0,0.0,0,0.0,0,0.0,0,0.0,0,0.0,0,0.0,0,0.0
fair_final_seed7102_best,global_fine_rrf_fixed,100,100,100,79,0.9656215728715729,79,0.9656215728715729,0,0.0,62.42,0,0.0,0,0.0,0,0.0,0,0.0,0,0.0,0,0.0,0,0.0,0,0.0,0,0.0,0,0.0,0,0.0
fair_final_seed7102_best,global_fine_rrf_hybrid_mw0.25_teleport10,20,50,100,25,0.6701469086469086,44,0.8380605644355644,0,0.0,62.42,0,0.0,0,0.0,0,0.0,0,0.0,0,0.0,0,0.0,0,0.0,0,0.0,0,0.0,0,0.0,0,0.0
fair_final_seed7102_best,global_fine_rrf_hybrid_mw0.25_teleport10,20,75,100,25,0.6701469086469086,59,0.9085585109335109,0,0.0,62.42,0,0.0,0,0.0,0,0.0,0,0.0,0,0.0,0,0.0,0,0.0,0,0.0,0,0.0,0,0.0,0,0.0
fair_final_seed7102_best,global_fine_rrf_hybrid_mw0.25_teleport10,20,100,100,25,0.6701469086469086,76,0.9510543623043622,0,0.0,62.42,0,0.0,0,0.0,0,0.0,0,0.0,0,0.0,0,0.0,0,0.0,0,0.0,0,0.0,0,0.0,0,0.0
fair_final_seed7102_best,global_fine_rrf_hybrid_mw0.25_teleport5,20,50,100,25,0.6701469086469086,46,0.8542239843489844,0,0.0,62.42,0,0.0,0,0.0,0,0.0,0,0.0,0,0.0,0,0.0,0,0.0,0,0.0,0,0.0,0,0.0,0,0.0
fair_final_seed7102_best,global_fine_rrf_hybrid_mw0.25_teleport5,20,75,100,25,0.6701469086469086,63,0.9201025224775224,0,0.0,62.42,0,0.0,0,0.0,0,0.0,0,0.0,0,0.0,0,0.0,0,0.0,0,0.0,0,0.0,0,0.0,0,0.0
fair_final_seed7102_best,global_fine_rrf_hybrid_mw0.25_teleport5,20,100,100,25,0.6701469086469086,80,0.957241230991231,0,0.0,62.42,0,0.0,0,0.0,0,0.0,0,0.0,0,0.0,0,0.0,0,0.0,0,0.0,0,0.0,0,0.0,0,0.0
fair_final_seed7102_best,global_fine_rrf_hybrid_mw0.5_teleport10,20,50,100,25,0.6701469086469086,48,0.8613525918525918,0,0.0,62.42,0,0.0,0,0.0,0,0.0,0,0.0,0,0.0,0,0.0,0,0.0,0,0.0,0,0.0,0,0.0,0,0.0
fair_final_seed7102_best,global_fine_rrf_hybrid_mw0.5_teleport10,20,75,100,25,0.6701469086469086,64,0.9261782800532801,0,0.0,62.42,0,0.0,0,0.0,0,0.0,0,0.0,0,0.0,0,0.0,0,0.0,0,0.0,0,0.0,0,0.0,0,0.0
fair_final_seed7102_best,global_fine_rrf_hybrid_mw0.5_teleport10,20,100,100,25,0.6701469086469086,80,0.9645031357531357,0,0.0,62.42,0,0.0,0,0.0,0,0.0,0,0.0,0,0.0,0,0.0,0,0.0,0,0.0,0,0.0,0,0.0,0,0.0
fair_final_seed7102_best,global_fine_rrf_hybrid_mw0.5_teleport5,20,50,100,25,0.6701469086469086,48,0.8673942585192586,0,0.0,62.42,0,0.0,0,0.0,0,0.0,0,0.0,0,0.0,0,0.0,0,0.0,0,0.0,0,0.0,0,0.0,0,0.0
fair_final_seed7102_best,global_fine_rrf_hybrid_mw0.5_teleport5,20,75,100,25,0.6701469086469086,67,0.9354528110778111,0,0.0,62.42,0,0.0,0,0.0,0,0.0,0,0.0,0,0.0,0,0.0,0,0.0,0,0.0,0,0.0,0,0.0,0,0.0
fair_final_seed7102_best,global_fine_rrf_hybrid_mw0.5_teleport5,20,100,100,25,0.6701469086469086,79,0.9624634532134532,0,0.0,62.42,0,0.0,0,0.0,0,0.0,0,0.0,0,0.0,0,0.0,0,0.0,0,0.0,0,0.0,0,0.0,0,0.0
fair_final_seed7102_best,global_fine_rrf_hybrid_mw0.75_teleport10,20,50,100,25,0.6701469086469086,48,0.8672589771339771,0,0.0,62.42,0,0.0,0,0.0,0,0.0,0,0.0,0,0.0,0,0.0,0,0.0,0,0.0,0,0.0,0,0.0,0,0.0
fair_final_seed7102_best,global_fine_rrf_hybrid_mw0.75_teleport10,20,75,100,25,0.6701469086469086,69,0.9380202713952714,0,0.0,62.42,0,0.0,0,0.0,0,0.0,0,0.0,0,0.0,0,0.0,0,0.0,0,0.0,0,0.0,0,0.0,0,0.0
fair_final_seed7102_best,global_fine_rrf_hybrid_mw0.75_teleport10,20,100,100,25,0.6701469086469086,81,0.969093795093795,0,0.0,62.42,0,0.0,0,0.0,0,0.0,0,0.0,0,0.0,0,0.0,0,0.0,0,0.0,0,0.0,0,0.0,0,0.0
fair_final_seed7102_best,global_fine_rrf_hybrid_mw0.75_teleport5,20,50,100,25,0.6701469086469086,48,0.8681680680430681,0,0.0,62.42,0,0.0,0,0.0,0,0.0,0,0.0,0,0.0,0,0.0,0,0.0,0,0.0,0,0.0,0,0.0,0,0.0
fair_final_seed7102_best,global_fine_rrf_hybrid_mw0.75_teleport5,20,75,100,25,0.6701469086469086,68,0.9344091602841602,0,0.0,62.42,0,0.0,0,0.0,0,0.0,0,0.0,0,0.0,0,0.0,0,0.0,0,0.0,0,0.0,0,0.0,0,0.0
fair_final_seed7102_best,global_fine_rrf_hybrid_mw0.75_teleport5,20,100,100,25,0.6701469086469086,80,0.967843795093795,0,0.0,62.42,0,0.0,0,0.0,0,0.0,0,0.0,0,0.0,0,0.0,0,0.0,0,0.0,0,0.0,0,0.0,0,0.0
fair_final_seed7102_final,coarse_hybrid_mw0.25_teleport10,20,50,100,26,0.6947558968808969,44,0.8422827866577866,0,0.0,62.66,0,0.0,0,0.0,0,0.0,0,0.0,0,0.0,0,0.0,0,0.0,0,0.0,0,0.0,0,0.0,0,0.0
fair_final_seed7102_final,coarse_hybrid_mw0.25_teleport10,20,75,100,26,0.6947558968808969,61,0.9098756105006105,0,0.0,62.66,0,0.0,0,0.0,0,0.0,0,0.0,0,0.0,0,0.0,0,0.0,0,0.0,0,0.0,0,0.0,0,0.0
fair_final_seed7102_final,coarse_hybrid_mw0.25_teleport10,20,100,100,26,0.6947558968808969,75,0.9454901487401487,0,0.0,62.66,0,0.0,0,0.0,0,0.0,0,0.0,0,0.0,0,0.0,0,0.0,0,0.0,0,0.0,0,0.0,0,0.0
fair_final_seed7102_final,coarse_hybrid_mw0.25_teleport5,20,50,100,26,0.6947558968808969,45,0.8489411560661559,0,0.0,62.66,0,0.0,0,0.0,0,0.0,0,0.0,0,0.0,0,0.0,0,0.0,0,0.0,0,0.0,0,0.0,0,0.0
fair_final_seed7102_final,coarse_hybrid_mw0.25_teleport5,20,75,100,26,0.6947558968808969,63,0.9211854950604951,0,0.0,62.66,0,0.0,0,0.0,0,0.0,0,0.0,0,0.0,0,0.0,0,0.0,0,0.0,0,0.0,0,0.0,0,0.0
fair_final_seed7102_final,coarse_hybrid_mw0.25_teleport5,20,100,100,26,0.6947558968808969,78,0.9500659063159063,0,0.0,62.66,0,0.0,0,0.0,0,0.0,0,0.0,0,0.0,0,0.0,0,0.0,0,0.0,0,0.0,0,0.0,0,0.0
fair_final_seed7102_final,coarse_hybrid_mw0.5_teleport10,20,50,100,26,0.6947558968808969,45,0.854080044955045,0,0.0,62.66,0,0.0,0,0.0,0,0.0,0,0.0,0,0.0,0,0.0,0,0.0,0,0.0,0,0.0,0,0.0,0,0.0
fair_final_seed7102_final,coarse_hybrid_mw0.5_teleport10,20,75,100,26,0.6947558968808969,61,0.9214473998223999,0,0.0,62.66,0,0.0,0,0.0,0,0.0,0,0.0,0,0.0,0,0.0,0,0.0,0,0.0,0,0.0,0,0.0,0,0.0
fair_final_seed7102_final,coarse_hybrid_mw0.5_teleport10,20,100,100,26,0.6947558968808969,77,0.9549749972249972,0,0.0,62.66,0,0.0,0,0.0,0,0.0,0,0.0,0,0.0,0,0.0,0,0.0,0,0.0,0,0.0,0,0.0,0,0.0
fair_final_seed7102_final,coarse_hybrid_mw0.5_teleport5,20,50,100,26,0.6947558968808969,44,0.8525919497169496,0,0.0,62.66,0,0.0,0,0.0,0,0.0,0,0.0,0,0.0,0,0.0,0,0.0,0,0.0,0,0.0,0,0.0,0,0.0
fair_final_seed7102_final,coarse_hybrid_mw0.5_teleport5,20,75,100,26,0.6947558968808969,63,0.9268370102120101,0,0.0,62.66,0,0.0,0,0.0,0,0.0,0,0.0,0,0.0,0,0.0,0,0.0,0,0.0,0,0.0,0,0.0,0,0.0
fair_final_seed7102_final,coarse_hybrid_mw0.5_teleport5,20,100,100,26,0.6947558968808969,78,0.9588321400821401,0,0.0,62.66,0,0.0,0,0.0,0,0.0,0,0.0,0,0.0,0,0.0,0,0.0,0,0.0,0,0.0,0,0.0,0,0.0
fair_final_seed7102_final,coarse_hybrid_mw0.75_teleport10,20,50,100,26,0.6947558968808969,47,0.8647705211455211,0,0.0,62.66,0,0.0,0,0.0,0,0.0,0,0.0,0,0.0,0,0.0,0,0.0,0,0.0,0,0.0,0,0.0,0,0.0
fair_final_seed7102_final,coarse_hybrid_mw0.75_teleport10,20,75,100,26,0.6947558968808969,63,0.927583041958042,0,0.0,62.66,0,0.0,0,0.0,0,0.0,0,0.0,0,0.0,0,0.0,0,0.0,0,0.0,0,0.0,0,0.0,0,0.0
fair_final_seed7102_final,coarse_hybrid_mw0.75_teleport10,20,100,100,26,0.6947558968808969,77,0.957844044844045,0,0.0,62.66,0,0.0,0,0.0,0,0.0,0,0.0,0,0.0,0,0.0,0,0.0,0,0.0,0,0.0,0,0.0,0,0.0
fair_final_seed7102_final,coarse_hybrid_mw0.75_teleport5,20,50,100,26,0.6947558968808969,48,0.8658419497169497,0,0.0,62.66,0,0.0,0,0.0,0,0.0,0,0.0,0,0.0,0,0.0,0,0.0,0,0.0,0,0.0,0,0.0,0,0.0
fair_final_seed7102_final,coarse_hybrid_mw0.75_teleport5,20,75,100,26,0.6947558968808969,63,0.9281782800532801,0,0.0,62.66,0,0.0,0,0.0,0,0.0,0,0.0,0,0.0,0,0.0,0,0.0,0,0.0,0,0.0,0,0.0,0,0.0
fair_final_seed7102_final,coarse_hybrid_mw0.75_teleport5,20,100,100,26,0.6947558968808969,77,0.957844044844045,0,0.0,62.66,0,0.0,0,0.0,0,0.0,0,0.0,0,0.0,0,0.0,0,0.0,0,0.0,0,0.0,0,0.0,0,0.0
fair_final_seed7102_final,dual_hybrid_rrf_mw0.25_teleport10,20,50,100,25,0.6902397741147742,46,0.8453578227328228,0,0.0,62.66,0,0.0,0,0.0,0,0.0,0,0.0,0,0.0,0,0.0,0,0.0,0,0.0,0,0.0,0,0.0,0,0.0
fair_final_seed7102_final,dual_hybrid_rrf_mw0.25_teleport10,20,75,100,25,0.6902397741147742,61,0.9076930708180708,0,0.0,62.66,0,0.0,0,0.0,0,0.0,0,0.0,0,0.0,0,0.0,0,0.0,0,0.0,0,0.0,0,0.0,0,0.0
fair_final_seed7102_final,dual_hybrid_rrf_mw0.25_teleport10,20,100,100,25,0.6902397741147742,76,0.9479666999666999,0,0.0,62.66,0,0.0,0,0.0,0,0.0,0,0.0,0,0.0,0,0.0,0,0.0,0,0.0,0,0.0,0,0.0,0,0.0
fair_final_seed7102_final,dual_hybrid_rrf_mw0.25_teleport5,20,50,100,25,0.6909864163614163,46,0.8554335803085803,0,0.0,62.66,0,0.0,0,0.0,0,0.0,0,0.0,0,0.0,0,0.0,0,0.0,0,0.0,0,0.0,0,0.0,0,0.0
fair_final_seed7102_final,dual_hybrid_rrf_mw0.25_teleport5,20,75,100,25,0.6909864163614163,63,0.9227446581196581,0,0.0,62.66,0,0.0,0,0.0,0,0.0,0,0.0,0,0.0,0,0.0,0,0.0,0,0.0,0,0.0,0,0.0,0,0.0
fair_final_seed7102_final,dual_hybrid_rrf_mw0.25_teleport5,20,100,100,25,0.6909864163614163,79,0.9555745643245643,0,0.0,62.66,0,0.0,0,0.0,0,0.0,0,0.0,0,0.0,0,0.0,0,0.0,0,0.0,0,0.0,0,0.0,0,0.0
fair_final_seed7102_final,dual_hybrid_rrf_mw0.5_teleport10,20,50,100,25,0.6860719835719835,49,0.8628740564990565,0,0.0,62.66,0,0.0,0,0.0,0,0.0,0,0.0,0,0.0,0,0.0,0,0.0,0,0.0,0,0.0,0,0.0,0,0.0
fair_final_seed7102_final,dual_hybrid_rrf_mw0.5_teleport10,20,75,100,25,0.6860719835719835,64,0.9303045426795427,0,0.0,62.66,0,0.0,0,0.0,0,0.0,0,0.0,0,0.0,0,0.0,0,0.0,0,0.0,0,0.0,0,0.0,0,0.0
fair_final_seed7102_final,dual_hybrid_rrf_mw0.5_teleport10,20,100,100,25,0.6860719835719835,79,0.9620031357531357,0,0.0,62.66,0,0.0,0,0.0,0,0.0,0,0.0,0,0.0,0,0.0,0,0.0,0,0.0,0,0.0,0,0.0,0,0.0
fair_final_seed7102_final,dual_hybrid_rrf_mw0.5_teleport5,20,50,100,25,0.6904886502386502,47,0.8641240564990565,0,0.0,62.66,0,0.0,0,0.0,0,0.0,0,0.0,0,0.0,0,0.0,0,0.0,0,0.0,0,0.0,0,0.0,0,0.0
fair_final_seed7102_final,dual_hybrid_rrf_mw0.5_teleport5,20,75,100,25,0.6904886502386502,63,0.9275274864024864,0,0.0,62.66,0,0.0,0,0.0,0,0.0,0,0.0,0,0.0,0,0.0,0,0.0,0,0.0,0,0.0,0,0.0,0,0.0
fair_final_seed7102_final,dual_hybrid_rrf_mw0.5_teleport5,20,100,100,25,0.6904886502386502,80,0.9636698024198025,0,0.0,62.66,0,0.0,0,0.0,0,0.0,0,0.0,0,0.0,0,0.0,0,0.0,0,0.0,0,0.0,0,0.0,0,0.0
fair_final_seed7102_final,dual_hybrid_rrf_mw0.75_teleport10,20,50,100,25,0.6833219835719835,50,0.871179612054612,0,0.0,62.66,0,0.0,0,0.0,0,0.0,0,0.0,0,0.0,0,0.0,0,0.0,0,0.0,0,0.0,0,0.0,0,0.0
fair_final_seed7102_final,dual_hybrid_rrf_mw0.75_teleport10,20,75,100,25,0.6833219835719835,64,0.9399647158397159,0,0.0,62.66,0,0.0,0,0.0,0,0.0,0,0.0,0,0.0,0,0.0,0,0.0,0,0.0,0,0.0,0,0.0,0,0.0
fair_final_seed7102_final,dual_hybrid_rrf_mw0.75_teleport10,20,100,100,25,0.6833219835719835,78,0.9607372627372628,0,0.0,62.66,0,0.0,0,0.0,0,0.0,0,0.0,0,0.0,0,0.0,0,0.0,0,0.0,0,0.0,0,0.0,0,0.0
fair_final_seed7102_final,dual_hybrid_rrf_mw0.75_teleport5,20,50,100,25,0.6866553169053169,50,0.8702649295149295,0,0.0,62.66,0,0.0,0,0.0,0,0.0,0,0.0,0,0.0,0,0.0,0,0.0,0,0.0,0,0.0,0,0.0,0,0.0
fair_final_seed7102_final,dual_hybrid_rrf_mw0.75_teleport5,20,75,100,25,0.6866553169053169,63,0.9363536047286047,0,0.0,62.66,0,0.0,0,0.0,0,0.0,0,0.0,0,0.0,0,0.0,0,0.0,0,0.0,0,0.0,0,0.0,0,0.0
fair_final_seed7102_final,dual_hybrid_rrf_mw0.75_teleport5,20,100,100,25,0.6866553169053169,77,0.9593086913086912,0,0.0,62.66,0,0.0,0,0.0,0,0.0,0,0.0,0,0.0,0,0.0,0,0.0,0,0.0,0,0.0,0,0.0,0,0.0
fair_final_seed7102_final,fixed,20,20,100,26,0.6947558968808969,26,0.6947558968808969,0,0.0,62.66,0,0.0,0,0.0,0,0.0,0,0.0,0,0.0,0,0.0,0,0.0,0,0.0,0,0.0,0,0.0,0,0.0
fair_final_seed7102_final,fixed,50,50,100,48,0.8697225413475413,48,0.8697225413475413,0,0.0,62.66,0,0.0,0,0.0,0,0.0,0,0.0,0,0.0,0,0.0,0,0.0,0,0.0,0,0.0,0,0.0,0,0.0
fair_final_seed7102_final,fixed,100,100,100,76,0.9572884892884893,76,0.9572884892884893,0,0.0,62.66,0,0.0,0,0.0,0,0.0,0,0.0,0,0.0,0,0.0,0,0.0,0,0.0,0,0.0,0,0.0,0,0.0
fair_final_seed7102_final,fixed_dual_hybrid_rrf_mw0.25_teleport10,20,50,100,25,0.6906949994449993,46,0.8549530608280608,0,0.0,62.66,0,0.0,0,0.0,0,0.0,0,0.0,0,0.0,0,0.0,0,0.0,0,0.0,0,0.0,0,0.0,0,0.0
fair_final_seed7102_final,fixed_dual_hybrid_rrf_mw0.25_teleport10,20,75,100,25,0.6906949994449993,63,0.9252251776001776,0,0.0,62.66,0,0.0,0,0.0,0,0.0,0,0.0,0,0.0,0,0.0,0,0.0,0,0.0,0,0.0,0,0.0,0,0.0
fair_final_seed7102_final,fixed_dual_hybrid_rrf_mw0.25_teleport10,20,100,100,25,0.6906949994449993,78,0.9592607115107116,0,0.0,62.66,0,0.0,0,0.0,0,0.0,0,0.0,0,0.0,0,0.0,0,0.0,0,0.0,0,0.0,0,0.0,0,0.0
fair_final_seed7102_final,fixed_dual_hybrid_rrf_mw0.25_teleport5,20,50,100,25,0.692639443889444,49,0.8620244893994894,0,0.0,62.66,0,0.0,0,0.0,0,0.0,0,0.0,0,0.0,0,0.0,0,0.0,0,0.0,0,0.0,0,0.0,0,0.0
fair_final_seed7102_final,fixed_dual_hybrid_rrf_mw0.25_teleport5,20,75,100,25,0.692639443889444,64,0.9288759712509713,0,0.0,62.66,0,0.0,0,0.0,0,0.0,0,0.0,0,0.0,0,0.0,0,0.0,0,0.0,0,0.0,0,0.0,0,0.0
fair_final_seed7102_final,fixed_dual_hybrid_rrf_mw0.25_teleport5,20,100,100,25,0.692639443889444,79,0.9620031357531357,0,0.0,62.66,0,0.0,0,0.0,0,0.0,0,0.0,0,0.0,0,0.0,0,0.0,0,0.0,0,0.0,0,0.0,0,0.0
fair_final_seed7102_final,fixed_dual_hybrid_rrf_mw0.5_teleport10,20,50,100,25,0.6869866661116661,49,0.8719573898323898,0,0.0,62.66,0,0.0,0,0.0,0,0.0,0,0.0,0,0.0,0,0.0,0,0.0,0,0.0,0,0.0,0,0.0,0,0.0
fair_final_seed7102_final,fixed_dual_hybrid_rrf_mw0.5_teleport10,20,75,100,25,0.6869866661116661,64,0.9302893911643912,0,0.0,62.66,0,0.0,0,0.0,0,0.0,0,0.0,0,0.0,0,0.0,0,0.0,0,0.0,0,0.0,0,0.0,0,0.0
fair_final_seed7102_final,fixed_dual_hybrid_rrf_mw0.5_teleport10,20,100,100,25,0.6869866661116661,79,0.9620031357531357,0,0.0,62.66,0,0.0,0,0.0,0,0.0,0,0.0,0,0.0,0,0.0,0,0.0,0,0.0,0,0.0,0,0.0,0,0.0
fair_final_seed7102_final,fixed_dual_hybrid_rrf_mw0.5_teleport5,20,50,100,25,0.6894866661116662,47,0.866084373959374,0,0.0,62.66,0,0.0,0,0.0,0,0.0,0,0.0,0,0.0,0,0.0,0,0.0,0,0.0,0,0.0,0,0.0,0,0.0
fair_final_seed7102_final,fixed_dual_hybrid_rrf_mw0.5_teleport5,20,75,100,25,0.6894866661116662,64,0.9310929625929626,0,0.0,62.66,0,0.0,0,0.0,0,0.0,0,0.0,0,0.0,0,0.0,0,0.0,0,0.0,0,0.0,0,0.0,0,0.0
fair_final_seed7102_final,fixed_dual_hybrid_rrf_mw0.5_teleport5,20,100,100,25,0.6894866661116662,80,0.9636698024198025,0,0.0,62.66,0,0.0,0,0.0,0,0.0,0,0.0,0,0.0,0,0.0,0,0.0,0,0.0,0,0.0,0,0.0,0,0.0
fair_final_seed7102_final,fixed_dual_hybrid_rrf_mw0.75_teleport10,20,50,100,25,0.6868358724608724,48,0.8703462787212787,0,0.0,62.66,0,0.0,0,0.0,0,0.0,0,0.0,0,0.0,0,0.0,0,0.0,0,0.0,0,0.0,0,0.0,0,0.0
fair_final_seed7102_final,fixed_dual_hybrid_rrf_mw0.75_teleport10,20,75,100,25,0.6868358724608724,65,0.9381528471528472,0,0.0,62.66,0,0.0,0,0.0,0,0.0,0,0.0,0,0.0,0,0.0,0,0.0,0,0.0,0,0.0,0,0.0,0,0.0
fair_final_seed7102_final,fixed_dual_hybrid_rrf_mw0.75_teleport10,20,100,100,25,0.6868358724608724,76,0.9581975801975802,0,0.0,62.66,0,0.0,0,0.0,0,0.0,0,0.0,0,0.0,0,0.0,0,0.0,0,0.0,0,0.0,0,0.0,0,0.0
fair_final_seed7102_final,fixed_dual_hybrid_rrf_mw0.75_teleport5,20,50,100,25,0.6873358724608724,48,0.8680086163836164,0,0.0,62.66,0,0.0,0,0.0,0,0.0,0,0.0,0,0.0,0,0.0,0,0.0,0,0.0,0,0.0,0,0.0,0,0.0
fair_final_seed7102_final,fixed_dual_hybrid_rrf_mw0.75_teleport5,20,75,100,25,0.6873358724608724,64,0.9373195138195137,0,0.0,62.66,0,0.0,0,0.0,0,0.0,0,0.0,0,0.0,0,0.0,0,0.0,0,0.0,0,0.0,0,0.0,0,0.0
fair_final_seed7102_final,fixed_dual_hybrid_rrf_mw0.75_teleport5,20,100,100,25,0.6873358724608724,76,0.9581975801975802,0,0.0,62.66,0,0.0,0,0.0,0,0.0,0,0.0,0,0.0,0,0.0,0,0.0,0,0.0,0,0.0,0,0.0,0,0.0
fair_final_seed7102_final,global_fine_rrf_fixed,20,20,100,27,0.680282301032301,27,0.680282301032301,0,0.0,62.66,0,0.0,0,0.0,0,0.0,0,0.0,0,0.0,0,0.0,0,0.0,0,0.0,0,0.0,0,0.0,0,0.0
fair_final_seed7102_final,global_fine_rrf_fixed,50,50,100,48,0.866091588966589,48,0.866091588966589,0,0.0,62.66,0,0.0,0,0.0,0,0.0,0,0.0,0,0.0,0,0.0,0,0.0,0,0.0,0,0.0,0,0.0,0,0.0
fair_final_seed7102_final,global_fine_rrf_fixed,100,100,100,79,0.9660501443001444,79,0.9660501443001444,0,0.0,62.66,0,0.0,0,0.0,0,0.0,0,0.0,0,0.0,0,0.0,0,0.0,0,0.0,0,0.0,0,0.0,0,0.0
fair_final_seed7102_final,global_fine_rrf_hybrid_mw0.25_teleport10,20,50,100,27,0.680282301032301,45,0.8436280247530248,0,0.0,62.66,0,0.0,0,0.0,0,0.0,0,0.0,0,0.0,0,0.0,0,0.0,0,0.0,0,0.0,0,0.0,0,0.0
fair_final_seed7102_final,global_fine_rrf_hybrid_mw0.25_teleport10,20,75,100,27,0.680282301032301,60,0.9117049755799757,0,0.0,62.66,0,0.0,0,0.0,0,0.0,0,0.0,0,0.0,0,0.0,0,0.0,0,0.0,0,0.0,0,0.0,0,0.0
fair_final_seed7102_final,global_fine_rrf_hybrid_mw0.25_teleport10,20,100,100,27,0.680282301032301,77,0.9513757908757908,0,0.0,62.66,0,0.0,0,0.0,0,0.0,0,0.0,0,0.0,0,0.0,0,0.0,0,0.0,0,0.0,0,0.0,0,0.0
fair_final_seed7102_final,global_fine_rrf_hybrid_mw0.25_teleport5,20,50,100,27,0.680282301032301,46,0.8576954850704851,0,0.0,62.66,0,0.0,0,0.0,0,0.0,0,0.0,0,0.0,0,0.0,0,0.0,0,0.0,0,0.0,0,0.0,0,0.0
fair_final_seed7102_final,global_fine_rrf_hybrid_mw0.25_teleport5,20,75,100,27,0.680282301032301,63,0.9214517288267288,0,0.0,62.66,0,0.0,0,0.0,0,0.0,0,0.0,0,0.0,0,0.0,0,0.0,0,0.0,0,0.0,0,0.0,0,0.0
fair_final_seed7102_final,global_fine_rrf_hybrid_mw0.25_teleport5,20,100,100,27,0.680282301032301,80,0.957241230991231,0,0.0,62.66,0,0.0,0,0.0,0,0.0,0,0.0,0,0.0,0,0.0,0,0.0,0,0.0,0,0.0,0,0.0,0,0.0
fair_final_seed7102_final,global_fine_rrf_hybrid_mw0.5_teleport10,20,50,100,27,0.680282301032301,46,0.85807282994783,0,0.0,62.66,0,0.0,0,0.0,0,0.0,0,0.0,0,0.0,0,0.0,0,0.0,0,0.0,0,0.0,0,0.0,0,0.0
fair_final_seed7102_final,global_fine_rrf_hybrid_mw0.5_teleport10,20,75,100,27,0.680282301032301,63,0.9279282800532801,0,0.0,62.66,0,0.0,0,0.0,0,0.0,0,0.0,0,0.0,0,0.0,0,0.0,0,0.0,0,0.0,0,0.0,0,0.0
fair_final_seed7102_final,global_fine_rrf_hybrid_mw0.5_teleport10,20,100,100,27,0.680282301032301,81,0.9661698024198024,0,0.0,62.66,0,0.0,0,0.0,0,0.0,0,0.0,0,0.0,0,0.0,0,0.0,0,0.0,0,0.0,0,0.0,0,0.0
fair_final_seed7102_final,global_fine_rrf_hybrid_mw0.5_teleport5,20,50,100,27,0.680282301032301,47,0.8637970362970363,0,0.0,62.66,0,0.0,0,0.0,0,0.0,0,0.0,0,0.0,0,0.0,0,0.0,0,0.0,0,0.0,0,0.0,0,0.0
fair_final_seed7102_final,global_fine_rrf_hybrid_mw0.5_teleport5,20,75,100,27,0.680282301032301,65,0.9356194777444777,0,0.0,62.66,0,0.0,0,0.0,0,0.0,0,0.0,0,0.0,0,0.0,0,0.0,0,0.0,0,0.0,0,0.0,0,0.0
fair_final_seed7102_final,global_fine_rrf_hybrid_mw0.5_teleport5,20,100,100,27,0.680282301032301,81,0.9645031357531357,0,0.0,62.66,0,0.0,0,0.0,0,0.0,0,0.0,0,0.0,0,0.0,0,0.0,0,0.0,0,0.0,0,0.0,0,0.0
fair_final_seed7102_final,global_fine_rrf_hybrid_mw0.75_teleport10,20,50,100,27,0.680282301032301,50,0.8718506077256077,0,0.0,62.66,0,0.0,0,0.0,0,0.0,0,0.0,0,0.0,0,0.0,0,0.0,0,0.0,0,0.0,0,0.0,0,0.0
fair_final_seed7102_final,global_fine_rrf_hybrid_mw0.75_teleport10,20,75,100,27,0.680282301032301,67,0.9418738067488067,0,0.0,62.66,0,0.0,0,0.0,0,0.0,0,0.0,0,0.0,0,0.0,0,0.0,0,0.0,0,0.0,0,0.0,0,0.0
fair_final_seed7102_final,global_fine_rrf_hybrid_mw0.75_teleport10,20,100,100,27,0.680282301032301,80,0.9632723665223665,0,0.0,62.66,0,0.0,0,0.0,0,0.0,0,0.0,0,0.0,0,0.0,0,0.0,0,0.0,0,0.0,0,0.0,0,0.0
fair_final_seed7102_final,global_fine_rrf_hybrid_mw0.75_teleport5,20,50,100,27,0.680282301032301,50,0.8717748501498501,0,0.0,62.66,0,0.0,0,0.0,0,0.0,0,0.0,0,0.0,0,0.0,0,0.0,0,0.0,0,0.0,0,0.0,0,0.0
fair_final_seed7102_final,global_fine_rrf_hybrid_mw0.75_teleport5,20,75,100,27,0.680282301032301,68,0.9417626956376957,0,0.0,62.66,0,0.0,0,0.0,0,0.0,0,0.0,0,0.0,0,0.0,0,0.0,0,0.0,0,0.0,0,0.0,0,0.0
fair_final_seed7102_final,global_fine_rrf_hybrid_mw0.75_teleport5,20,100,100,27,0.680282301032301,80,0.9632723665223665,0,0.0,62.66,0,0.0,0,0.0,0,0.0,0,0.0,0,0.0,0,0.0,0,0.0,0,0.0,0,0.0,0,0.0,0,0.0
fair_topk_seed7101_best,coarse_hybrid_mw0.25_teleport10,20,50,100,18,0.5943677572427573,37,0.799088480963481,0,0.0,81.64,0,0.0,0,0.0,0,0.0,0,0.0,0,0.0,0,0.0,0,0.0,0,0.0,0,0.0,0,0.0,0,0.0
fair_topk_seed7101_best,coarse_hybrid_mw0.25_teleport10,20,75,100,18,0.5943677572427573,53,0.886080697080697,0,0.0,81.64,0,0.0,0,0.0,0,0.0,0,0.0,0,0.0,0,0.0,0,0.0,0,0.0,0,0.0,0,0.0,0,0.0
fair_topk_seed7101_best,coarse_hybrid_mw0.25_teleport10,20,100,100,18,0.5943677572427573,69,0.923018648018648,0,0.0,81.64,0,0.0,0,0.0,0,0.0,0,0.0,0,0.0,0,0.0,0,0.0,0,0.0,0,0.0,0,0.0,0,0.0
fair_topk_seed7101_best,coarse_hybrid_mw0.25_teleport5,20,50,100,18,0.5943677572427573,42,0.8093952991452992,0,0.0,81.64,0,0.0,0,0.0,0,0.0,0,0.0,0,0.0,0,0.0,0,0.0,0,0.0,0,0.0,0,0.0,0,0.0
fair_topk_seed7101_best,coarse_hybrid_mw0.25_teleport5,20,75,100,18,0.5943677572427573,51,0.8848501776001776,0,0.0,81.64,0,0.0,0,0.0,0,0.0,0,0.0,0,0.0,0,0.0,0,0.0,0,0.0,0,0.0,0,0.0,0,0.0
fair_topk_seed7101_best,coarse_hybrid_mw0.25_teleport5,20,100,100,18,0.5943677572427573,71,0.9367603507603508,0,0.0,81.64,0,0.0,0,0.0,0,0.0,0,0.0,0,0.0,0,0.0,0,0.0,0,0.0,0,0.0,0,0.0,0,0.0
fair_topk_seed7101_best,coarse_hybrid_mw0.5_teleport10,20,50,100,18,0.5943677572427573,39,0.8157183510933511,0,0.0,81.64,0,0.0,0,0.0,0,0.0,0,0.0,0,0.0,0,0.0,0,0.0,0,0.0,0,0.0,0,0.0,0,0.0
fair_topk_seed7101_best,coarse_hybrid_mw0.5_teleport10,20,75,100,18,0.5943677572427573,54,0.8892476134976135,0,0.0,81.64,0,0.0,0,0.0,0,0.0,0,0.0,0,0.0,0,0.0,0,0.0,0,0.0,0,0.0,0,0.0,0,0.0
fair_topk_seed7101_best,coarse_hybrid_mw0.5_teleport10,20,100,100,18,0.5943677572427573,72,0.949498556998557,0,0.0,81.64,0,0.0,0,0.0,0,0.0,0,0.0,0,0.0,0,0.0,0,0.0,0,0.0,0,0.0,0,0.0,0,0.0
fair_topk_seed7101_best,coarse_hybrid_mw0.5_teleport5,20,50,100,18,0.5943677572427573,38,0.8130433871683871,0,0.0,81.64,0,0.0,0,0.0,0,0.0,0,0.0,0,0.0,0,0.0,0,0.0,0,0.0,0,0.0,0,0.0,0,0.0
fair_topk_seed7101_best,coarse_hybrid_mw0.5_teleport5,20,75,100,18,0.5943677572427573,56,0.8985802253302253,0,0.0,81.64,0,0.0,0,0.0,0,0.0,0,0.0,0,0.0,0,0.0,0,0.0,0,0.0,0,0.0,0,0.0,0,0.0
fair_topk_seed7101_best,coarse_hybrid_mw0.5_teleport5,20,100,100,18,0.5943677572427573,72,0.950498556998557,0,0.0,81.64,0,0.0,0,0.0,0,0.0,0,0.0,0,0.0,0,0.0,0,0.0,0,0.0,0,0.0,0,0.0,0,0.0
fair_topk_seed7101_best,coarse_hybrid_mw0.75_teleport10,20,50,100,18,0.5943677572427573,41,0.8126726051726051,0,0.0,81.64,0,0.0,0,0.0,0,0.0,0,0.0,0,0.0,0,0.0,0,0.0,0,0.0,0,0.0,0,0.0,0,0.0
fair_topk_seed7101_best,coarse_hybrid_mw0.75_teleport10,20,75,100,18,0.5943677572427573,53,0.8914842657342658,0,0.0,81.64,0,0.0,0,0.0,0,0.0,0,0.0,0,0.0,0,0.0,0,0.0,0,0.0,0,0.0,0,0.0,0,0.0
fair_topk_seed7101_best,coarse_hybrid_mw0.75_teleport10,20,100,100,18,0.5943677572427573,64,0.9324464979464979,0,0.0,81.64,0,0.0,0,0.0,0,0.0,0,0.0,0,0.0,0,0.0,0,0.0,0,0.0,0,0.0,0,0.0,0,0.0
fair_topk_seed7101_best,coarse_hybrid_mw0.75_teleport5,20,50,100,18,0.5943677572427573,41,0.8107912920412921,0,0.0,81.64,0,0.0,0,0.0,0,0.0,0,0.0,0,0.0,0,0.0,0,0.0,0,0.0,0,0.0,0,0.0,0,0.0
fair_topk_seed7101_best,coarse_hybrid_mw0.75_teleport5,20,75,100,18,0.5943677572427573,53,0.8894009324009323,0,0.0,81.64,0,0.0,0,0.0,0,0.0,0,0.0,0,0.0,0,0.0,0,0.0,0,0.0,0,0.0,0,0.0,0,0.0
fair_topk_seed7101_best,coarse_hybrid_mw0.75_teleport5,20,100,100,18,0.5943677572427573,64,0.9324464979464979,0,0.0,81.64,0,0.0,0,0.0,0,0.0,0,0.0,0,0.0,0,0.0,0,0.0,0,0.0,0,0.0,0,0.0,0,0.0
fair_topk_seed7101_best,dual_hybrid_rrf_mw0.25_teleport10,20,50,100,21,0.6348125624375625,37,0.8080855255855256,0,0.0,81.64,0,0.0,0,0.0,0,0.0,0,0.0,0,0.0,0,0.0,0,0.0,0,0.0,0,0.0,0,0.0,0,0.0
fair_topk_seed7101_best,dual_hybrid_rrf_mw0.25_teleport10,20,75,100,21,0.6348125624375625,53,0.8885850260850261,0,0.0,81.64,0,0.0,0,0.0,0,0.0,0,0.0,0,0.0,0,0.0,0,0.0,0,0.0,0,0.0,0,0.0,0,0.0
fair_topk_seed7101_best,dual_hybrid_rrf_mw0.25_teleport10,20,100,100,21,0.6348125624375625,71,0.9330944055944056,0,0.0,81.64,0,0.0,0,0.0,0,0.0,0,0.0,0,0.0,0,0.0,0,0.0,0,0.0,0,0.0,0,0.0,0,0.0
fair_topk_seed7101_best,dual_hybrid_rrf_mw0.25_teleport5,20,50,100,20,0.6318244671994672,39,0.819364565989566,0,0.0,81.64,0,0.0,0,0.0,0,0.0,0,0.0,0,0.0,0,0.0,0,0.0,0,0.0,0,0.0,0,0.0,0,0.0
fair_topk_seed7101_best,dual_hybrid_rrf_mw0.25_teleport5,20,75,100,20,0.6318244671994672,52,0.8918426018426018,0,0.0,81.64,0,0.0,0,0.0,0,0.0,0,0.0,0,0.0,0,0.0,0,0.0,0,0.0,0,0.0,0,0.0,0,0.0
fair_topk_seed7101_best,dual_hybrid_rrf_mw0.25_teleport5,20,100,100,20,0.6318244671994672,75,0.9505626595626596,0,0.0,81.64,0,0.0,0,0.0,0,0.0,0,0.0,0,0.0,0,0.0,0,0.0,0,0.0,0,0.0,0,0.0,0,0.0
fair_topk_seed7101_best,dual_hybrid_rrf_mw0.5_teleport10,20,50,100,22,0.6319160977910978,43,0.8299643828393829,0,0.0,81.64,0,0.0,0,0.0,0,0.0,0,0.0,0,0.0,0,0.0,0,0.0,0,0.0,0,0.0,0,0.0,0,0.0
fair_topk_seed7101_best,dual_hybrid_rrf_mw0.5_teleport10,20,75,100,22,0.6319160977910978,57,0.900151653901654,0,0.0,81.64,0,0.0,0,0.0,0,0.0,0,0.0,0,0.0,0,0.0,0,0.0,0,0.0,0,0.0,0,0.0,0,0.0
fair_topk_seed7101_best,dual_hybrid_rrf_mw0.5_teleport10,20,100,100,22,0.6319160977910978,75,0.949391774891775,0,0.0,81.64,0,0.0,0,0.0,0,0.0,0,0.0,0,0.0,0,0.0,0,0.0,0,0.0,0,0.0,0,0.0,0,0.0
fair_topk_seed7101_best,dual_hybrid_rrf_mw0.5_teleport5,20,50,100,20,0.6268049866799867,42,0.8305080336330336,0,0.0,81.64,0,0.0,0,0.0,0,0.0,0,0.0,0,0.0,0,0.0,0,0.0,0,0.0,0,0.0,0,0.0,0,0.0
fair_topk_seed7101_best,dual_hybrid_rrf_mw0.5_teleport5,20,75,100,20,0.6268049866799867,59,0.909865578865579,0,0.0,81.64,0,0.0,0,0.0,0,0.0,0,0.0,0,0.0,0,0.0,0,0.0,0,0.0,0,0.0,0,0.0,0,0.0
fair_topk_seed7101_best,dual_hybrid_rrf_mw0.5_teleport5,20,100,100,20,0.6268049866799867,74,0.9476695526695527,0,0.0,81.64,0,0.0,0,0.0,0,0.0,0,0.0,0,0.0,0,0.0,0,0.0,0,0.0,0,0.0,0,0.0,0,0.0
fair_topk_seed7101_best,dual_hybrid_rrf_mw0.75_teleport10,20,50,100,20,0.6204395465645466,45,0.833190823065823,0,0.0,81.64,0,0.0,0,0.0,0,0.0,0,0.0,0,0.0,0,0.0,0,0.0,0,0.0,0,0.0,0,0.0,0,0.0
fair_topk_seed7101_best,dual_hybrid_rrf_mw0.75_teleport10,20,75,100,20,0.6204395465645466,55,0.9018999611499612,0,0.0,81.64,0,0.0,0,0.0,0,0.0,0,0.0,0,0.0,0,0.0,0,0.0,0,0.0,0,0.0,0,0.0,0,0.0
fair_topk_seed7101_best,dual_hybrid_rrf_mw0.75_teleport10,20,100,100,20,0.6204395465645466,70,0.943686938061938,0,0.0,81.64,0,0.0,0,0.0,0,0.0,0,0.0,0,0.0,0,0.0,0,0.0,0,0.0,0,0.0,0,0.0,0,0.0
fair_topk_seed7101_best,dual_hybrid_rrf_mw0.75_teleport5,20,50,100,20,0.6195304556554556,44,0.8351299256299256,0,0.0,81.64,0,0.0,0,0.0,0,0.0,0,0.0,0,0.0,0,0.0,0,0.0,0,0.0,0,0.0,0,0.0,0,0.0
fair_topk_seed7101_best,dual_hybrid_rrf_mw0.75_teleport5,20,75,100,20,0.6195304556554556,54,0.9006499611499612,0,0.0,81.64,0,0.0,0,0.0,0,0.0,0,0.0,0,0.0,0,0.0,0,0.0,0,0.0,0,0.0,0,0.0,0,0.0
fair_topk_seed7101_best,dual_hybrid_rrf_mw0.75_teleport5,20,100,100,20,0.6195304556554556,69,0.9388536047286047,0,0.0,81.64,0,0.0,0,0.0,0,0.0,0,0.0,0,0.0,0,0.0,0,0.0,0,0.0,0,0.0,0,0.0,0,0.0
fair_topk_seed7101_best,fixed,20,20,100,18,0.5943677572427573,18,0.5943677572427573,0,0.0,81.64,0,0.0,0,0.0,0,0.0,0,0.0,0,0.0,0,0.0,0,0.0,0,0.0,0,0.0,0,0.0,0,0.0
fair_topk_seed7101_best,fixed,50,50,100,39,0.796111999111999,39,0.796111999111999,0,0.0,81.64,0,0.0,0,0.0,0,0.0,0,0.0,0,0.0,0,0.0,0,0.0,0,0.0,0,0.0,0,0.0,0,0.0
fair_topk_seed7101_best,fixed,100,100,100,62,0.9253379120879122,62,0.9253379120879122,0,0.0,81.64,0,0.0,0,0.0,0,0.0,0,0.0,0,0.0,0,0.0,0,0.0,0,0.0,0,0.0,0,0.0,0,0.0
fair_topk_seed7101_best,fixed_dual_hybrid_rrf_mw0.25_teleport10,20,50,100,18,0.6199693084693084,41,0.8137342241092241,0,0.0,81.64,0,0.0,0,0.0,0,0.0,0,0.0,0,0.0,0,0.0,0,0.0,0,0.0,0,0.0,0,0.0,0,0.0
fair_topk_seed7101_best,fixed_dual_hybrid_rrf_mw0.25_teleport10,20,75,100,18,0.6199693084693084,54,0.8952059468309469,0,0.0,81.64,0,0.0,0,0.0,0,0.0,0,0.0,0,0.0,0,0.0,0,0.0,0,0.0,0,0.0,0,0.0,0,0.0
fair_topk_seed7101_best,fixed_dual_hybrid_rrf_mw0.25_teleport10,20,100,100,18,0.6199693084693084,71,0.9436652236652237,0,0.0,81.64,0,0.0,0,0.0,0,0.0,0,0.0,0,0.0,0,0.0,0,0.0,0,0.0,0,0.0,0,0.0,0,0.0
fair_topk_seed7101_best,fixed_dual_hybrid_rrf_mw0.25_teleport5,20,50,100,18,0.620488788988789,40,0.8134917998667999,0,0.0,81.64,0,0.0,0,0.0,0,0.0,0,0.0,0,0.0,0,0.0,0,0.0,0,0.0,0,0.0,0,0.0,0,0.0
fair_topk_seed7101_best,fixed_dual_hybrid_rrf_mw0.25_teleport5,20,75,100,18,0.620488788988789,55,0.9045095182595182,0,0.0,81.64,0,0.0,0,0.0,0,0.0,0,0.0,0,0.0,0,0.0,0,0.0,0,0.0,0,0.0,0,0.0,0,0.0
fair_topk_seed7101_best,fixed_dual_hybrid_rrf_mw0.25_teleport5,20,100,100,18,0.620488788988789,70,0.9427561327561328,0,0.0,81.64,0,0.0,0,0.0,0,0.0,0,0.0,0,0.0,0,0.0,0,0.0,0,0.0,0,0.0,0,0.0,0,0.0
fair_topk_seed7101_best,fixed_dual_hybrid_rrf_mw0.5_teleport10,20,50,100,18,0.6202867687867688,43,0.828711025086025,0,0.0,81.64,0,0.0,0,0.0,0,0.0,0,0.0,0,0.0,0,0.0,0,0.0,0,0.0,0,0.0,0,0.0,0,0.0
fair_topk_seed7101_best,fixed_dual_hybrid_rrf_mw0.5_teleport10,20,75,100,18,0.6202867687867688,56,0.9024059829059828,0,0.0,81.64,0,0.0,0,0.0,0,0.0,0,0.0,0,0.0,0,0.0,0,0.0,0,0.0,0,0.0,0,0.0,0,0.0
fair_topk_seed7101_best,fixed_dual_hybrid_rrf_mw0.5_teleport10,20,100,100,18,0.6202867687867688,70,0.9447977994227995,0,0.0,81.64,0,0.0,0,0.0,0,0.0,0,0.0,0,0.0,0,0.0,0,0.0,0,0.0,0,0.0,0,0.0,0,0.0
fair_topk_seed7101_best,fixed_dual_hybrid_rrf_mw0.5_teleport5,20,50,100,18,0.6200026778776779,42,0.8211713425463425,0,0.0,81.64,0,0.0,0,0.0,0,0.0,0,0.0,0,0.0,0,0.0,0,0.0,0,0.0,0,0.0,0,0.0,0,0.0
fair_topk_seed7101_best,fixed_dual_hybrid_rrf_mw0.5_teleport5,20,75,100,18,0.6200026778776779,56,0.8996155788655789,0,0.0,81.64,0,0.0,0,0.0,0,0.0,0,0.0,0,0.0,0,0.0,0,0.0,0,0.0,0,0.0,0,0.0,0,0.0
fair_topk_seed7101_best,fixed_dual_hybrid_rrf_mw0.5_teleport5,20,100,100,18,0.6200026778776779,68,0.9341866883116883,0,0.0,81.64,0,0.0,0,0.0,0,0.0,0,0.0,0,0.0,0,0.0,0,0.0,0,0.0,0,0.0,0,0.0,0,0.0
fair_topk_seed7101_best,fixed_dual_hybrid_rrf_mw0.75_teleport10,20,50,100,18,0.6112110112110112,42,0.826093600843601,0,0.0,81.64,0,0.0,0,0.0,0,0.0,0,0.0,0,0.0,0,0.0,0,0.0,0,0.0,0,0.0,0,0.0,0,0.0
fair_topk_seed7101_best,fixed_dual_hybrid_rrf_mw0.75_teleport10,20,75,100,18,0.6112110112110112,52,0.8932951631701631,0,0.0,81.64,0,0.0,0,0.0,0,0.0,0,0.0,0,0.0,0,0.0,0,0.0,0,0.0,0,0.0,0,0.0,0,0.0
fair_topk_seed7101_best,fixed_dual_hybrid_rrf_mw0.75_teleport10,20,100,100,18,0.6112110112110112,66,0.9376068514818514,0,0.0,81.64,0,0.0,0,0.0,0,0.0,0,0.0,0,0.0,0,0.0,0,0.0,0,0.0,0,0.0,0,0.0,0,0.0
fair_topk_seed7101_best,fixed_dual_hybrid_rrf_mw0.75_teleport5,20,50,100,18,0.6100999000999001,44,0.8262721722721723,0,0.0,81.64,0,0.0,0,0.0,0,0.0,0,0.0,0,0.0,0,0.0,0,0.0,0,0.0,0,0.0,0,0.0,0,0.0
fair_topk_seed7101_best,fixed_dual_hybrid_rrf_mw0.75_teleport5,20,75,100,18,0.6100999000999001,51,0.8932951631701631,0,0.0,81.64,0,0.0,0,0.0,0,0.0,0,0.0,0,0.0,0,0.0,0,0.0,0,0.0,0,0.0,0,0.0,0,0.0
fair_topk_seed7101_best,fixed_dual_hybrid_rrf_mw0.75_teleport5,20,100,100,18,0.6100999000999001,66,0.9369818514818514,0,0.0,81.64,0,0.0,0,0.0,0,0.0,0,0.0,0,0.0,0,0.0,0,0.0,0,0.0,0,0.0,0,0.0,0,0.0
fair_topk_seed7101_best,global_fine_rrf_fixed,20,20,100,23,0.6205463286713286,23,0.6205463286713286,0,0.0,81.64,0,0.0,0,0.0,0,0.0,0,0.0,0,0.0,0,0.0,0,0.0,0,0.0,0,0.0,0,0.0,0,0.0
fair_topk_seed7101_best,global_fine_rrf_fixed,50,50,100,41,0.8241534854034854,41,0.8241534854034854,0,0.0,81.64,0,0.0,0,0.0,0,0.0,0,0.0,0,0.0,0,0.0,0,0.0,0,0.0,0,0.0,0,0.0,0,0.0
fair_topk_seed7101_best,global_fine_rrf_fixed,100,100,100,66,0.9366977605727606,66,0.9366977605727606,0,0.0,81.64,0,0.0,0,0.0,0,0.0,0,0.0,0,0.0,0,0.0,0,0.0,0,0.0,0,0.0,0,0.0,0,0.0
fair_topk_seed7101_best,global_fine_rrf_hybrid_mw0.25_teleport10,20,50,100,23,0.6205463286713286,37,0.811939060939061,0,0.0,81.64,0,0.0,0,0.0,0,0.0,0,0.0,0,0.0,0,0.0,0,0.0,0,0.0,0,0.0,0,0.0,0,0.0
fair_topk_seed7101_best,global_fine_rrf_hybrid_mw0.25_teleport10,20,75,100,23,0.6205463286713286,54,0.8868359973359974,0,0.0,81.64,0,0.0,0,0.0,0,0.0,0,0.0,0,0.0,0,0.0,0,0.0,0,0.0,0,0.0,0,0.0,0,0.0
fair_topk_seed7101_best,global_fine_rrf_hybrid_mw0.25_teleport10,20,100,100,23,0.6205463286713286,74,0.9399793262293262,0,0.0,81.64,0,0.0,0,0.0,0,0.0,0,0.0,0,0.0,0,0.0,0,0.0,0,0.0,0,0.0,0,0.0,0,0.0
fair_topk_seed7101_best,global_fine_rrf_hybrid_mw0.25_teleport5,20,50,100,23,0.6205463286713286,38,0.8225223942723943,0,0.0,81.64,0,0.0,0,0.0,0,0.0,0,0.0,0,0.0,0,0.0,0,0.0,0,0.0,0,0.0,0,0.0,0,0.0
fair_topk_seed7101_best,global_fine_rrf_hybrid_mw0.25_teleport5,20,75,100,23,0.6205463286713286,56,0.8961451603951603,0,0.0,81.64,0,0.0,0,0.0,0,0.0,0,0.0,0,0.0,0,0.0,0,0.0,0,0.0,0,0.0,0,0.0,0,0.0
fair_topk_seed7101_best,global_fine_rrf_hybrid_mw0.25_teleport5,20,100,100,23,0.6205463286713286,76,0.950395992895993,0,0.0,81.64,0,0.0,0,0.0,0,0.0,0,0.0,0,0.0,0,0.0,0,0.0,0,0.0,0,0.0,0,0.0,0,0.0
fair_topk_seed7101_best,global_fine_rrf_hybrid_mw0.5_teleport10,20,50,100,23,0.6205463286713286,44,0.832651973026973,0,0.0,81.64,0,0.0,0,0.0,0,0.0,0,0.0,0,0.0,0,0.0,0,0.0,0,0.0,0,0.0,0,0.0,0,0.0
fair_topk_seed7101_best,global_fine_rrf_hybrid_mw0.5_teleport10,20,75,100,23,0.6205463286713286,61,0.906435273060273,0,0.0,81.64,0,0.0,0,0.0,0,0.0,0,0.0,0,0.0,0,0.0,0,0.0,0,0.0,0,0.0,0,0.0,0,0.0
fair_topk_seed7101_best,global_fine_rrf_hybrid_mw0.5_teleport10,20,100,100,23,0.6205463286713286,73,0.950982683982684,0,0.0,81.64,0,0.0,0,0.0,0,0.0,0,0.0,0,0.0,0,0.0,0,0.0,0,0.0,0,0.0,0,0.0,0,0.0
fair_topk_seed7101_best,global_fine_rrf_hybrid_mw0.5_teleport5,20,50,100,23,0.6205463286713286,44,0.8332428821178821,0,0.0,81.64,0,0.0,0,0.0,0,0.0,0,0.0,0,0.0,0,0.0,0,0.0,0,0.0,0,0.0,0,0.0,0,0.0
fair_topk_seed7101_best,global_fine_rrf_hybrid_mw0.5_teleport5,20,75,100,23,0.6205463286713286,61,0.9149928127428127,0,0.0,81.64,0,0.0,0,0.0,0,0.0,0,0.0,0,0.0,0,0.0,0,0.0,0,0.0,0,0.0,0,0.0,0,0.0
fair_topk_seed7101_best,global_fine_rrf_hybrid_mw0.5_teleport5,20,100,100,23,0.6205463286713286,72,0.9493160173160173,0,0.0,81.64,0,0.0,0,0.0,0,0.0,0,0.0,0,0.0,0,0.0,0,0.0,0,0.0,0,0.0,0,0.0,0,0.0
fair_topk_seed7101_best,global_fine_rrf_hybrid_mw0.75_teleport10,20,50,100,23,0.6205463286713286,44,0.8300959457209457,0,0.0,81.64,0,0.0,0,0.0,0,0.0,0,0.0,0,0.0,0,0.0,0,0.0,0,0.0,0,0.0,0,0.0,0,0.0
fair_topk_seed7101_best,global_fine_rrf_hybrid_mw0.75_teleport10,20,75,100,23,0.6205463286713286,60,0.9107898212898213,0,0.0,81.64,0,0.0,0,0.0,0,0.0,0,0.0,0,0.0,0,0.0,0,0.0,0,0.0,0,0.0,0,0.0,0,0.0
fair_topk_seed7101_best,global_fine_rrf_hybrid_mw0.75_teleport10,20,100,100,23,0.6205463286713286,70,0.9438463203463203,0,0.0,81.64,0,0.0,0,0.0,0,0.0,0,0.0,0,0.0,0,0.0,0,0.0,0,0.0,0,0.0,0,0.0,0,0.0
fair_topk_seed7101_best,global_fine_rrf_hybrid_mw0.75_teleport5,20,50,100,23,0.6205463286713286,44,0.83633836996337,0,0.0,81.64,0,0.0,0,0.0,0,0.0,0,0.0,0,0.0,0,0.0,0,0.0,0,0.0,0,0.0,0,0.0,0,0.0
fair_topk_seed7101_best,global_fine_rrf_hybrid_mw0.75_teleport5,20,75,100,23,0.6205463286713286,60,0.9101231546231545,0,0.0,81.64,0,0.0,0,0.0,0,0.0,0,0.0,0,0.0,0,0.0,0,0.0,0,0.0,0,0.0,0,0.0,0,0.0
fair_topk_seed7101_best,global_fine_rrf_hybrid_mw0.75_teleport5,20,100,100,23,0.6205463286713286,71,0.9448463203463203,0,0.0,81.64,0,0.0,0,0.0,0,0.0,0,0.0,0,0.0,0,0.0,0,0.0,0,0.0,0,0.0,0,0.0,0,0.0
fair_topk_seed7101_final,coarse_hybrid_mw0.25_teleport10,20,50,100,20,0.6018847125097124,36,0.8056399572649573,0,0.0,76.18,0,0.0,0,0.0,0,0.0,0,0.0,0,0.0,0,0.0,0,0.0,0,0.0,0,0.0,0,0.0,0,0.0
fair_topk_seed7101_final,coarse_hybrid_mw0.25_teleport10,20,75,100,20,0.6018847125097124,55,0.8797823149073148,0,0.0,76.18,0,0.0,0,0.0,0,0.0,0,0.0,0,0.0,0,0.0,0,0.0,0,0.0,0,0.0,0,0.0,0,0.0
fair_topk_seed7101_final,coarse_hybrid_mw0.25_teleport10,20,100,100,20,0.6018847125097124,68,0.9213400765900767,0,0.0,76.18,0,0.0,0,0.0,0,0.0,0,0.0,0,0.0,0,0.0,0,0.0,0,0.0,0,0.0,0,0.0,0,0.0
fair_topk_seed7101_final,coarse_hybrid_mw0.25_teleport5,20,50,100,20,0.6018847125097124,41,0.8218344017094017,0,0.0,76.18,0,0.0,0,0.0,0,0.0,0,0.0,0,0.0,0,0.0,0,0.0,0,0.0,0,0.0,0,0.0,0,0.0
fair_topk_seed7101_final,coarse_hybrid_mw0.25_teleport5,20,75,100,20,0.6018847125097124,56,0.8870164418914419,0,0.0,76.18,0,0.0,0,0.0,0,0.0,0,0.0,0,0.0,0,0.0,0,0.0,0,0.0,0,0.0,0,0.0,0,0.0
fair_topk_seed7101_final,coarse_hybrid_mw0.25_teleport5,20,100,100,20,0.6018847125097124,72,0.935784521034521,0,0.0,76.18,0,0.0,0,0.0,0,0.0,0,0.0,0,0.0,0,0.0,0,0.0,0,0.0,0,0.0,0,0.0,0,0.0
fair_topk_seed7101_final,coarse_hybrid_mw0.5_teleport10,20,50,100,20,0.6018847125097124,39,0.8139533383283383,0,0.0,76.18,0,0.0,0,0.0,0,0.0,0,0.0,0,0.0,0,0.0,0,0.0,0,0.0,0,0.0,0,0.0,0,0.0
fair_topk_seed7101_final,coarse_hybrid_mw0.5_teleport10,20,75,100,20,0.6018847125097124,60,0.90352553002553,0,0.0,76.18,0,0.0,0,0.0,0,0.0,0,0.0,0,0.0,0,0.0,0,0.0,0,0.0,0,0.0,0,0.0,0,0.0
fair_topk_seed7101_final,coarse_hybrid_mw0.5_teleport10,20,100,100,20,0.6018847125097124,74,0.9509994172494173,0,0.0,76.18,0,0.0,0,0.0,0,0.0,0,0.0,0,0.0,0,0.0,0,0.0,0,0.0,0,0.0,0,0.0,0,0.0
fair_topk_seed7101_final,coarse_hybrid_mw0.5_teleport5,20,50,100,20,0.6018847125097124,40,0.8155559024309024,0,0.0,76.18,0,0.0,0,0.0,0,0.0,0,0.0,0,0.0,0,0.0,0,0.0,0,0.0,0,0.0,0,0.0,0,0.0
fair_topk_seed7101_final,coarse_hybrid_mw0.5_teleport5,20,75,100,20,0.6018847125097124,60,0.9061227522477523,0,0.0,76.18,0,0.0,0,0.0,0,0.0,0,0.0,0,0.0,0,0.0,0,0.0,0,0.0,0,0.0,0,0.0,0,0.0
fair_topk_seed7101_final,coarse_hybrid_mw0.5_teleport5,20,100,100,20,0.6018847125097124,75,0.95274111999112,0,0.0,76.18,0,0.0,0,0.0,0,0.0,0,0.0,0,0.0,0,0.0,0,0.0,0,0.0,0,0.0,0,0.0,0,0.0
fair_topk_seed7101_final,coarse_hybrid_mw0.75_teleport10,20,50,100,20,0.6018847125097124,39,0.8056692474192474,0,0.0,76.18,0,0.0,0,0.0,0,0.0,0,0.0,0,0.0,0,0.0,0,0.0,0,0.0,0,0.0,0,0.0,0,0.0
fair_topk_seed7101_final,coarse_hybrid_mw0.75_teleport10,20,75,100,20,0.6018847125097124,56,0.8911157176157176,0,0.0,76.18,0,0.0,0,0.0,0,0.0,0,0.0,0,0.0,0,0.0,0,0.0,0,0.0,0,0.0,0,0.0,0,0.0
fair_topk_seed7101_final,coarse_hybrid_mw0.75_teleport10,20,100,100,20,0.6018847125097124,71,0.9495360334110334,0,0.0,76.18,0,0.0,0,0.0,0,0.0,0,0.0,0,0.0,0,0.0,0,0.0,0,0.0,0,0.0,0,0.0,0,0.0
fair_topk_seed7101_final,coarse_hybrid_mw0.75_teleport5,20,50,100,20,0.6018847125097124,39,0.8037942474192473,0,0.0,76.18,0,0.0,0,0.0,0,0.0,0,0.0,0,0.0,0,0.0,0,0.0,0,0.0,0,0.0,0,0.0,0,0.0
fair_topk_seed7101_final,coarse_hybrid_mw0.75_teleport5,20,75,100,20,0.6018847125097124,54,0.8855879398379399,0,0.0,76.18,0,0.0,0,0.0,0,0.0,0,0.0,0,0.0,0,0.0,0,0.0,0,0.0,0,0.0,0,0.0,0,0.0
fair_topk_seed7101_final,coarse_hybrid_mw0.75_teleport5,20,100,100,20,0.6018847125097124,70,0.9470360334110335,0,0.0,76.18,0,0.0,0,0.0,0,0.0,0,0.0,0,0.0,0,0.0,0,0.0,0,0.0,0,0.0,0,0.0,0,0.0
fair_topk_seed7101_final,dual_hybrid_rrf_mw0.25_teleport10,20,50,100,24,0.6274396575646576,36,0.8062498057498056,0,0.0,76.18,0,0.0,0,0.0,0,0.0,0,0.0,0,0.0,0,0.0,0,0.0,0,0.0,0,0.0,0,0.0,0,0.0
fair_topk_seed7101_final,dual_hybrid_rrf_mw0.25_teleport10,20,75,100,24,0.6274396575646576,53,0.8779092990342989,0,0.0,76.18,0,0.0,0,0.0,0,0.0,0,0.0,0,0.0,0,0.0,0,0.0,0,0.0,0,0.0,0,0.0,0,0.0
fair_topk_seed7101_final,dual_hybrid_rrf_mw0.25_teleport10,20,100,100,24,0.6274396575646576,71,0.929193611943612,0,0.0,76.18,0,0.0,0,0.0,0,0.0,0,0.0,0,0.0,0,0.0,0,0.0,0,0.0,0,0.0,0,0.0,0,0.0
fair_topk_seed7101_final,dual_hybrid_rrf_mw0.25_teleport5,20,50,100,24,0.627134102009102,38,0.80899222999223,0,0.0,76.18,0,0.0,0,0.0,0,0.0,0,0.0,0,0.0,0,0.0,0,0.0,0,0.0,0,0.0,0,0.0,0,0.0
fair_topk_seed7101_final,dual_hybrid_rrf_mw0.25_teleport5,20,75,100,24,0.627134102009102,56,0.8872906121656122,0,0.0,76.18,0,0.0,0,0.0,0,0.0,0,0.0,0,0.0,0,0.0,0,0.0,0,0.0,0,0.0,0,0.0,0,0.0
fair_topk_seed7101_final,dual_hybrid_rrf_mw0.25_teleport5,20,100,100,24,0.627134102009102,71,0.9341936119436121,0,0.0,76.18,0,0.0,0,0.0,0,0.0,0,0.0,0,0.0,0,0.0,0,0.0,0,0.0,0,0.0,0,0.0,0,0.0
fair_topk_seed7101_final,dual_hybrid_rrf_mw0.5_teleport10,20,50,100,23,0.6223668553668553,41,0.8179500915750916,0,0.0,76.18,0,0.0,0,0.0,0,0.0,0,0.0,0,0.0,0,0.0,0,0.0,0,0.0,0,0.0,0,0.0,0,0.0
fair_topk_seed7101_final,dual_hybrid_rrf_mw0.5_teleport10,20,75,100,23,0.6223668553668553,55,0.8928873626373627,0,0.0,76.18,0,0.0,0,0.0,0,0.0,0,0.0,0,0.0,0,0.0,0,0.0,0,0.0,0,0.0,0,0.0,0,0.0
fair_topk_seed7101_final,dual_hybrid_rrf_mw0.5_teleport10,20,100,100,23,0.6223668553668553,73,0.9518168775668775,0,0.0,76.18,0,0.0,0,0.0,0,0.0,0,0.0,0,0.0,0,0.0,0,0.0,0,0.0,0,0.0,0,0.0,0,0.0
fair_topk_seed7101_final,dual_hybrid_rrf_mw0.5_teleport5,20,50,100,23,0.623408522033522,40,0.8112715201465202,0,0.0,76.18,0,0.0,0,0.0,0,0.0,0,0.0,0,0.0,0,0.0,0,0.0,0,0.0,0,0.0,0,0.0,0,0.0
fair_topk_seed7101_final,dual_hybrid_rrf_mw0.5_teleport5,20,75,100,23,0.623408522033522,54,0.8917699383949385,0,0.0,76.18,0,0.0,0,0.0,0,0.0,0,0.0,0,0.0,0,0.0,0,0.0,0,0.0,0,0.0,0,0.0,0,0.0
fair_topk_seed7101_final,dual_hybrid_rrf_mw0.5_teleport5,20,100,100,23,0.623408522033522,76,0.9510030247530247,0,0.0,76.18,0,0.0,0,0.0,0,0.0,0,0.0,0,0.0,0,0.0,0,0.0,0,0.0,0,0.0,0,0.0,0,0.0
fair_topk_seed7101_final,dual_hybrid_rrf_mw0.75_teleport10,20,50,100,22,0.6165033993783994,40,0.8063909285159285,0,0.0,76.18,0,0.0,0,0.0,0,0.0,0,0.0,0,0.0,0,0.0,0,0.0,0,0.0,0,0.0,0,0.0,0,0.0
fair_topk_seed7101_final,dual_hybrid_rrf_mw0.75_teleport10,20,75,100,22,0.6165033993783994,54,0.889029748029748,0,0.0,76.18,0,0.0,0,0.0,0,0.0,0,0.0,0,0.0,0,0.0,0,0.0,0,0.0,0,0.0,0,0.0,0,0.0
fair_topk_seed7101_final,dual_hybrid_rrf_mw0.75_teleport10,20,100,100,22,0.6165033993783994,74,0.9558383422133422,0,0.0,76.18,0,0.0,0,0.0,0,0.0,0,0.0,0,0.0,0,0.0,0,0.0,0,0.0,0,0.0,0,0.0,0,0.0
fair_topk_seed7101_final,dual_hybrid_rrf_mw0.75_teleport5,20,50,100,22,0.6175033993783994,40,0.8069464840714841,0,0.0,76.18,0,0.0,0,0.0,0,0.0,0,0.0,0,0.0,0,0.0,0,0.0,0,0.0,0,0.0,0,0.0,0,0.0
fair_topk_seed7101_final,dual_hybrid_rrf_mw0.75_teleport5,20,75,100,22,0.6175033993783994,51,0.8809060106560106,0,0.0,76.18,0,0.0,0,0.0,0,0.0,0,0.0,0,0.0,0,0.0,0,0.0,0,0.0,0,0.0,0,0.0,0,0.0
fair_topk_seed7101_final,dual_hybrid_rrf_mw0.75_teleport5,20,100,100,22,0.6175033993783994,74,0.9558383422133422,0,0.0,76.18,0,0.0,0,0.0,0,0.0,0,0.0,0,0.0,0,0.0,0,0.0,0,0.0,0,0.0,0,0.0,0,0.0
fair_topk_seed7101_final,fixed,20,20,100,20,0.6018847125097124,20,0.6018847125097124,0,0.0,76.18,0,0.0,0,0.0,0,0.0,0,0.0,0,0.0,0,0.0,0,0.0,0,0.0,0,0.0,0,0.0,0,0.0
fair_topk_seed7101_final,fixed,50,50,100,38,0.7963722388722388,38,0.7963722388722388,0,0.0,76.18,0,0.0,0,0.0,0,0.0,0,0.0,0,0.0,0,0.0,0,0.0,0,0.0,0,0.0,0,0.0,0,0.0
fair_topk_seed7101_final,fixed,100,100,100,66,0.9387478632478633,66,0.9387478632478633,0,0.0,76.18,0,0.0,0,0.0,0,0.0,0,0.0,0,0.0,0,0.0,0,0.0,0,0.0,0,0.0,0,0.0,0,0.0
fair_topk_seed7101_final,fixed_dual_hybrid_rrf_mw0.25_teleport10,20,50,100,22,0.6201337412587412,37,0.808347027972028,0,0.0,76.18,0,0.0,0,0.0,0,0.0,0,0.0,0,0.0,0,0.0,0,0.0,0,0.0,0,0.0,0,0.0,0,0.0
fair_topk_seed7101_final,fixed_dual_hybrid_rrf_mw0.25_teleport10,20,75,100,22,0.6201337412587412,59,0.8941136641136641,0,0.0,76.18,0,0.0,0,0.0,0,0.0,0,0.0,0,0.0,0,0.0,0,0.0,0,0.0,0,0.0,0,0.0,0,0.0
fair_topk_seed7101_final,fixed_dual_hybrid_rrf_mw0.25_teleport10,20,100,100,22,0.6201337412587412,74,0.9441105283605283,0,0.0,76.18,0,0.0,0,0.0,0,0.0,0,0.0,0,0.0,0,0.0,0,0.0,0,0.0,0,0.0,0,0.0,0,0.0
fair_topk_seed7101_final,fixed_dual_hybrid_rrf_mw0.25_teleport5,20,50,100,22,0.6213837412587412,39,0.8153546037296038,0,0.0,76.18,0,0.0,0,0.0,0,0.0,0,0.0,0,0.0,0,0.0,0,0.0,0,0.0,0,0.0,0,0.0,0,0.0
fair_topk_seed7101_final,fixed_dual_hybrid_rrf_mw0.25_teleport5,20,75,100,22,0.6213837412587412,57,0.8945296092796093,0,0.0,76.18,0,0.0,0,0.0,0,0.0,0,0.0,0,0.0,0,0.0,0,0.0,0,0.0,0,0.0,0,0.0,0,0.0
fair_topk_seed7101_final,fixed_dual_hybrid_rrf_mw0.25_teleport5,20,100,100,22,0.6213837412587412,74,0.9446660839160839,0,0.0,76.18,0,0.0,0,0.0,0,0.0,0,0.0,0,0.0,0,0.0,0,0.0,0,0.0,0,0.0,0,0.0,0,0.0
fair_topk_seed7101_final,fixed_dual_hybrid_rrf_mw0.5_teleport10,20,50,100,22,0.6182533993783994,41,0.8117629731379732,0,0.0,76.18,0,0.0,0,0.0,0,0.0,0,0.0,0,0.0,0,0.0,0,0.0,0,0.0,0,0.0,0,0.0,0,0.0
fair_topk_seed7101_final,fixed_dual_hybrid_rrf_mw0.5_teleport10,20,75,100,22,0.6182533993783994,54,0.8901858835608836,0,0.0,76.18,0,0.0,0,0.0,0,0.0,0,0.0,0,0.0,0,0.0,0,0.0,0,0.0,0,0.0,0,0.0,0,0.0
fair_topk_seed7101_final,fixed_dual_hybrid_rrf_mw0.5_teleport10,20,100,100,22,0.6182533993783994,76,0.9560030247530247,0,0.0,76.18,0,0.0,0,0.0,0,0.0,0,0.0,0,0.0,0,0.0,0,0.0,0,0.0,0,0.0,0,0.0,0,0.0
fair_topk_seed7101_final,fixed_dual_hybrid_rrf_mw0.5_teleport5,20,50,100,22,0.6170033993783993,40,0.8072020757020756,0,0.0,76.18,0,0.0,0,0.0,0,0.0,0,0.0,0,0.0,0,0.0,0,0.0,0,0.0,0,0.0,0,0.0,0,0.0
fair_topk_seed7101_final,fixed_dual_hybrid_rrf_mw0.5_teleport5,20,75,100,22,0.6170033993783993,54,0.8886997724497725,0,0.0,76.18,0,0.0,0,0.0,0,0.0,0,0.0,0,0.0,0,0.0,0,0.0,0,0.0,0,0.0,0,0.0,0,0.0
fair_topk_seed7101_final,fixed_dual_hybrid_rrf_mw0.5_teleport5,20,100,100,22,0.6170033993783993,75,0.9531696914196914,0,0.0,76.18,0,0.0,0,0.0,0,0.0,0,0.0,0,0.0,0,0.0,0,0.0,0,0.0,0,0.0,0,0.0,0,0.0
fair_topk_seed7101_final,fixed_dual_hybrid_rrf_mw0.75_teleport10,20,50,100,21,0.6137533993783993,41,0.8112820512820512,0,0.0,76.18,0,0.0,0,0.0,0,0.0,0,0.0,0,0.0,0,0.0,0,0.0,0,0.0,0,0.0,0,0.0,0,0.0
fair_topk_seed7101_final,fixed_dual_hybrid_rrf_mw0.75_teleport10,20,75,100,21,0.6137533993783993,50,0.8782631535131535,0,0.0,76.18,0,0.0,0,0.0,0,0.0,0,0.0,0,0.0,0,0.0,0,0.0,0,0.0,0,0.0,0,0.0,0,0.0
fair_topk_seed7101_final,fixed_dual_hybrid_rrf_mw0.75_teleport10,20,100,100,21,0.6137533993783993,72,0.9506514735264736,0,0.0,76.18,0,0.0,0,0.0,0,0.0,0,0.0,0,0.0,0,0.0,0,0.0,0,0.0,0,0.0,0,0.0,0,0.0
fair_topk_seed7101_final,fixed_dual_hybrid_rrf_mw0.75_teleport5,20,50,100,21,0.6146624902874902,41,0.8094070512820513,0,0.0,76.18,0,0.0,0,0.0,0,0.0,0,0.0,0,0.0,0,0.0,0,0.0,0,0.0,0,0.0,0,0.0,0,0.0
fair_topk_seed7101_final,fixed_dual_hybrid_rrf_mw0.75_teleport5,20,75,100,21,0.6146624902874902,49,0.876207597957598,0,0.0,76.18,0,0.0,0,0.0,0,0.0,0,0.0,0,0.0,0,0.0,0,0.0,0,0.0,0,0.0,0,0.0,0,0.0
fair_topk_seed7101_final,fixed_dual_hybrid_rrf_mw0.75_teleport5,20,100,100,21,0.6146624902874902,73,0.9523181401931402,0,0.0,76.18,0,0.0,0,0.0,0,0.0,0,0.0,0,0.0,0,0.0,0,0.0,0,0.0,0,0.0,0,0.0,0,0.0
fair_topk_seed7101_final,global_fine_rrf_fixed,20,20,100,24,0.6110177183927185,24,0.6110177183927185,0,0.0,76.18,0,0.0,0,0.0,0,0.0,0,0.0,0,0.0,0,0.0,0,0.0,0,0.0,0,0.0,0,0.0,0,0.0
fair_topk_seed7101_final,global_fine_rrf_fixed,50,50,100,38,0.7950637973137974,38,0.7950637973137974,0,0.0,76.18,0,0.0,0,0.0,0,0.0,0,0.0,0,0.0,0,0.0,0,0.0,0,0.0,0,0.0,0,0.0,0,0.0
fair_topk_seed7101_final,global_fine_rrf_fixed,100,100,100,66,0.9319936452436453,66,0.9319936452436453,0,0.0,76.18,0,0.0,0,0.0,0,0.0,0,0.0,0,0.0,0,0.0,0,0.0,0,0.0,0,0.0,0,0.0,0,0.0
fair_topk_seed7101_final,global_fine_rrf_hybrid_mw0.25_teleport10,20,50,100,24,0.6110177183927185,35,0.7915222832722832,0,0.0,76.18,0,0.0,0,0.0,0,0.0,0,0.0,0,0.0,0,0.0,0,0.0,0,0.0,0,0.0,0,0.0,0,0.0
fair_topk_seed7101_final,global_fine_rrf_hybrid_mw0.25_teleport10,20,75,100,24,0.6110177183927185,51,0.8702363192363193,0,0.0,76.18,0,0.0,0,0.0,0,0.0,0,0.0,0,0.0,0,0.0,0,0.0,0,0.0,0,0.0,0,0.0,0,0.0
fair_topk_seed7101_final,global_fine_rrf_hybrid_mw0.25_teleport10,20,100,100,24,0.6110177183927185,70,0.925443611943612,0,0.0,76.18,0,0.0,0,0.0,0,0.0,0,0.0,0,0.0,0,0.0,0,0.0,0,0.0,0,0.0,0,0.0,0,0.0
fair_topk_seed7101_final,global_fine_rrf_hybrid_mw0.25_teleport5,20,50,100,24,0.6110177183927185,36,0.796463480963481,0,0.0,76.18,0,0.0,0,0.0,0,0.0,0,0.0,0,0.0,0,0.0,0,0.0,0,0.0,0,0.0,0,0.0,0,0.0
fair_topk_seed7101_final,global_fine_rrf_hybrid_mw0.25_teleport5,20,75,100,24,0.6110177183927185,55,0.8876580364080364,0,0.0,76.18,0,0.0,0,0.0,0,0.0,0,0.0,0,0.0,0,0.0,0,0.0,0,0.0,0,0.0,0,0.0,0,0.0
fair_topk_seed7101_final,global_fine_rrf_hybrid_mw0.25_teleport5,20,100,100,24,0.6110177183927185,72,0.9385269452769452,0,0.0,76.18,0,0.0,0,0.0,0,0.0,0,0.0,0,0.0,0,0.0,0,0.0,0,0.0,0,0.0,0,0.0,0,0.0
fair_topk_seed7101_final,global_fine_rrf_hybrid_mw0.5_teleport10,20,50,100,24,0.6110177183927185,40,0.8019394494394494,0,0.0,76.18,0,0.0,0,0.0,0,0.0,0,0.0,0,0.0,0,0.0,0,0.0,0,0.0,0,0.0,0,0.0,0,0.0
fair_topk_seed7101_final,global_fine_rrf_hybrid_mw0.5_teleport10,20,75,100,24,0.6110177183927185,55,0.8834489815739817,0,0.0,76.18,0,0.0,0,0.0,0,0.0,0,0.0,0,0.0,0,0.0,0,0.0,0,0.0,0,0.0,0,0.0,0,0.0
fair_topk_seed7101_final,global_fine_rrf_hybrid_mw0.5_teleport10,20,100,100,24,0.6110177183927185,73,0.9485348817848818,0,0.0,76.18,0,0.0,0,0.0,0,0.0,0,0.0,0,0.0,0,0.0,0,0.0,0,0.0,0,0.0,0,0.0,0,0.0
fair_topk_seed7101_final,global_fine_rrf_hybrid_mw0.5_teleport5,20,50,100,24,0.6110177183927185,39,0.798008893883894,0,0.0,76.18,0,0.0,0,0.0,0,0.0,0,0.0,0,0.0,0,0.0,0,0.0,0,0.0,0,0.0,0,0.0,0,0.0
fair_topk_seed7101_final,global_fine_rrf_hybrid_mw0.5_teleport5,20,75,100,24,0.6110177183927185,54,0.890623223998224,0,0.0,76.18,0,0.0,0,0.0,0,0.0,0,0.0,0,0.0,0,0.0,0,0.0,0,0.0,0,0.0,0,0.0,0,0.0
fair_topk_seed7101_final,global_fine_rrf_hybrid_mw0.5_teleport5,20,100,100,24,0.6110177183927185,75,0.9519194416694416,0,0.0,76.18,0,0.0,0,0.0,0,0.0,0,0.0,0,0.0,0,0.0,0,0.0,0,0.0,0,0.0,0,0.0,0,0.0
fair_topk_seed7101_final,global_fine_rrf_hybrid_mw0.75_teleport10,20,50,100,24,0.6110177183927185,39,0.791355463980464,0,0.0,76.18,0,0.0,0,0.0,0,0.0,0,0.0,0,0.0,0,0.0,0,0.0,0,0.0,0,0.0,0,0.0,0,0.0
fair_topk_seed7101_final,global_fine_rrf_hybrid_mw0.75_teleport10,20,75,100,24,0.6110177183927185,54,0.8945886613386613,0,0.0,76.18,0,0.0,0,0.0,0,0.0,0,0.0,0,0.0,0,0.0,0,0.0,0,0.0,0,0.0,0,0.0,0,0.0
fair_topk_seed7101_final,global_fine_rrf_hybrid_mw0.75_teleport10,20,100,100,24,0.6110177183927185,75,0.950380008880009,0,0.0,76.18,0,0.0,0,0.0,0,0.0,0,0.0,0,0.0,0,0.0,0,0.0,0,0.0,0,0.0,0,0.0,0,0.0
fair_topk_seed7101_final,global_fine_rrf_hybrid_mw0.75_teleport5,20,50,100,24,0.6110177183927185,39,0.7966973443223444,0,0.0,76.18,0,0.0,0,0.0,0,0.0,0,0.0,0,0.0,0,0.0,0,0.0,0,0.0,0,0.0,0,0.0,0,0.0
fair_topk_seed7101_final,global_fine_rrf_hybrid_mw0.75_teleport5,20,75,100,24,0.6110177183927185,53,0.8925684593184593,0,0.0,76.18,0,0.0,0,0.0,0,0.0,0,0.0,0,0.0,0,0.0,0,0.0,0,0.0,0,0.0,0,0.0,0,0.0
fair_topk_seed7101_final,global_fine_rrf_hybrid_mw0.75_teleport5,20,100,100,24,0.6110177183927185,76,0.9537133422133423,0,0.0,76.18,0,0.0,0,0.0,0,0.0,0,0.0,0,0.0,0,0.0,0,0.0,0,0.0,0,0.0,0,0.0,0,0.0
