source_file,file,dataset,dataset_guess,seed,model,query_type,target_query_size,method,method_label,signature,queries,solved,positive_queries,negative_queries,positive_solved,false_positives,correct_no_match,negative_timeouts,unknown_within_budget,contained,timeouts,avg_total_s,p50_total_s,p95_total_s,avg_candidate_nodes,p95_candidate_nodes,avg_component_solver_nodes,avg_node_reduction_factor,avg_edge_reduction_factor_diag,avg_true_parts,avg_precision_at_budget,avg_recall_at_budget,p50_max_true_rank,p95_max_true_rank,p99_max_true_rank,avg_retrieval_ms,avg_candidate_ms,avg_solver_ms,solved_at_2,solved_at_5,solved_at_10,solved_at_20,solved_at_50,solved_at_100,solved_at_200,solved_at_500,solved_at_1000,solved_at_2000,source_bundle,source_rows,solved_rate,positive_solved_rate,false_positive_rate,correct_no_match_rate,solved_total,unsolved,avg_solver_time_per_query,avg_candidate_time_per_query,avg_retrieval_time,avg_total_time_per_query,avg_pruned_nodes,avg_signature_nodes,avg_overlap_nodes,avg_candidate_node_fraction,hit_rows,avg_max_true_coarse_rank,impossible_rows,pruned_fullcov_rows,solver_timeouts,coarse_budget,fullcov,fullcov_rate,recall,avg_max_true_rank,variant,checkpoint,query_seed,budget,impossible,avg_true_coarse,max_true_coarse,wins,losses,exact_mcnemar_p,seed_k,seed_fullcov,avg_seed_recall,expanded_fullcov,avg_expanded_recall,fine_pool_fullcov,avg_fine_pool_recall,fine_fullcov_at_25,avg_fine_recall_at_25,fine_fullcov_at_50,avg_fine_recall_at_50,fine_fullcov_at_75,avg_fine_recall_at_75,fine_fullcov_at_100,avg_fine_recall_at_100,fine_fullcov_at_150,avg_fine_recall_at_150,fine_fullcov_at_200,avg_fine_recall_at_200,fine_fullcov_at_250,avg_fine_recall_at_250,fine_fullcov_at_300,avg_fine_recall_at_300,fine_fullcov_at_400,avg_fine_recall_at_400,fine_fullcov_at_625,avg_fine_recall_at_625,fine_fullcov_at_750,avg_fine_recall_at_750,impossible_at_budget,avg_true_coarse_count,max_true_coarse_count,avg_query_nodes,avg_retrieval_time_seconds,avg_fused_retrieval_time_seconds,avg_seed_precision,avg_expanded_precision,avg_prefix_precision_at_1,avg_prefix_norm_precision_at_1,avg_prefix_precision_at_2,avg_prefix_norm_precision_at_2,avg_prefix_precision_at_5,avg_prefix_norm_precision_at_5,avg_prefix_precision_at_10,avg_prefix_norm_precision_at_10,overlap1_node_fullcov,avg_overlap1_node_recall,avg_overlap1_candidate_nodes,avg_model_load_time_seconds,avg_faiss_build_time_seconds,avg_overlap1_metric_time_seconds,avg_signature_pruning_time_seconds,avg_sig_type_candidate_nodes,avg_sig_type_candidate_fraction,avg_sig_type_reduction_vs_overlap,avg_sig_type_degree_candidate_nodes,avg_sig_type_degree_candidate_fraction,avg_sig_type_degree_reduction_vs_overlap,avg_sig_type_rel_candidate_nodes,avg_sig_type_rel_candidate_fraction,avg_sig_type_rel_reduction_vs_overlap,avg_sig_type_feat8_candidate_nodes,avg_sig_type_feat8_candidate_fraction,avg_sig_type_feat8_reduction_vs_overlap,avg_sig_type_rel_feat8_candidate_nodes,avg_sig_type_rel_feat8_candidate_fraction,avg_sig_type_rel_feat8_reduction_vs_overlap,avg_sig_type_feat16_candidate_nodes,avg_sig_type_feat16_candidate_fraction,avg_sig_type_feat16_reduction_vs_overlap,avg_sig_type_rel_feat16_candidate_nodes,avg_sig_type_rel_feat16_candidate_fraction,avg_sig_type_rel_feat16_reduction_vs_overlap,avg_sig_type_feat32_candidate_nodes,avg_sig_type_feat32_candidate_fraction,avg_sig_type_feat32_reduction_vs_overlap,avg_sig_type_rel_feat32_candidate_nodes,avg_sig_type_rel_feat32_candidate_fraction,avg_sig_type_rel_feat32_reduction_vs_overlap,contained_rate,timeout_rate,first_solved_at_2,first_solved_at_5,first_solved_at_10,first_solved_at_20,first_solved_at_50,first_solved_at_100,first_solved_at_200,first_solved_at_500,first_solved_at_1000,first_solved_at_2000,solved_by_2,solved_by_5,solved_by_10,solved_by_20,solved_by_50,solved_by_100,solved_by_200,solved_by_500,solved_by_1000,solved_by_2000
runs\logs\crm_results_dir\production_benchmark_summary.csv,runs\logs\crm_results_dir\results\prod_arxiv_s20260607_q50_types_all_sizes20_50_100_neural_component_b20_50_100_200_per_query.csv,arxiv,arxiv,20260607,arxiv,k_hop,20,hybrid,neural_component,type_feat32,50,50,50,0,50,0,0,0,0,50,0,0.2945071886599985,0.2428375500000044,0.8163843982000032,56.56,150.1,19.84,8904.619416666666,63743.69714537223,5.7,0.06789215686274509,0.4917930749245628,160.0,199.0,200.0,5.259537980392272,135.9151110098031,8.45115794117655,0,0,0,20,14,10,6,0,0,0,,,,,,,,,,,,,,,,,,,,,,,,,,,,,,,,,,,,,,,,,,,,,,,,,,,,,,,,,,,,,,,,,,,,,,,,,,,,,,,,,,,,,,,,,,,,,,,,,,,,,,,,,,,,,,,,,,,,,,0,0,0,20,14,10,6,0,0,0,0,0,0,20,34,44,50,50,50,50
runs\logs\crm_results_dir\production_benchmark_summary.csv,runs\logs\crm_results_dir\results\prod_arxiv_s20260607_q50_types_all_sizes20_50_100_neural_component_b20_50_100_200_per_query.csv,arxiv,arxiv,20260607,arxiv,k_hop,50,hybrid,neural_component,type_feat32,50,50,50,0,50,0,0,0,0,50,0,0.38856846919999044,0.2570035294999684,0.8548998632499121,180.68,504.74999999999994,49.82,3438.6616503070086,22138.89662695236,11.54,0.13701754385964912,0.5347996133131379,174.5,200.0,200.0,5.245966859646208,159.02385402631282,11.400913166665449,0,0,0,21,8,7,14,0,0,0,,,,,,,,,,,,,,,,,,,,,,,,,,,,,,,,,,,,,,,,,,,,,,,,,,,,,,,,,,,,,,,,,,,,,,,,,,,,,,,,,,,,,,,,,,,,,,,,,,,,,,,,,,,,,,,,,,,,,,0,0,0,21,8,7,14,0,0,0,0,0,0,21,29,36,50,50,50,50
runs\logs\crm_results_dir\production_benchmark_summary.csv,runs\logs\crm_results_dir\results\prod_arxiv_s20260607_q50_types_all_sizes20_50_100_neural_component_b20_50_100_200_per_query.csv,arxiv,arxiv,20260607,arxiv,k_hop,100,hybrid,neural_component,type_feat32,50,50,50,0,50,0,0,0,0,50,0,0.41885350795999443,0.30857698449997883,0.9179078156000031,386.92,1011.7999999999994,100.12,1686.9250515525669,5259.413330874308,23.2,0.25594594594594594,0.5044805394987737,197.0,200.0,200.0,5.3982162882859095,169.53723264864726,19.13551868468354,0,0,0,23,6,8,13,0,0,0,,,,,,,,,,,,,,,,,,,,,,,,,,,,,,,,,,,,,,,,,,,,,,,,,,,,,,,,,,,,,,,,,,,,,,,,,,,,,,,,,,,,,,,,,,,,,,,,,,,,,,,,,,,,,,,,,,,,,,0,0,0,23,6,8,13,0,0,0,0,0,0,23,29,37,50,50,50,50
runs\logs\crm_results_dir\production_benchmark_summary.csv,runs\logs\crm_results_dir\results\prod_arxiv_s20260607_q50_types_all_sizes20_50_100_neural_component_b20_50_100_200_per_query.csv,arxiv,arxiv,20260607,arxiv,degree_k_hop,20,hybrid,neural_component,type_feat32,50,50,50,0,50,0,0,0,0,50,0,0.3949122802200014,0.25813513900003215,0.8323203192500088,56.34,134.19999999999993,20.06,9323.799263014764,98985.38186963752,5.86,0.05756198347107438,0.49485224371588005,167.0,199.55,200.0,5.37522251239476,156.1063159090918,7.080576743801374,0,0,0,16,11,9,14,0,0,0,,,,,,,,,,,,,,,,,,,,,,,,,,,,,,,,,,,,,,,,,,,,,,,,,,,,,,,,,,,,,,,,,,,,,,,,,,,,,,,,,,,,,,,,,,,,,,,,,,,,,,,,,,,,,,,,,,,,,,0,0,0,16,11,9,14,0,0,0,0,0,0,16,27,36,50,50,50,50
runs\logs\crm_results_dir\production_benchmark_summary.csv,runs\logs\crm_results_dir\results\prod_arxiv_s20260607_q50_types_all_sizes20_50_100_neural_component_b20_50_100_200_per_query.csv,arxiv,arxiv,20260607,arxiv,degree_k_hop,50,hybrid,neural_component,type_feat32,50,50,50,0,50,0,0,0,0,50,0,0.41291786473999764,0.38595316400002844,0.8646117853499959,191.46,478.49999999999994,50.04,3447.108095151768,15728.210872589652,12.3,0.13082644628099174,0.5281789902330719,172.0,200.0,200.0,5.541795867772695,159.79917119008113,10.828045644628647,0,0,0,16,9,13,12,0,0,0,,,,,,,,,,,,,,,,,,,,,,,,,,,,,,,,,,,,,,,,,,,,,,,,,,,,,,,,,,,,,,,,,,,,,,,,,,,,,,,,,,,,,,,,,,,,,,,,,,,,,,,,,,,,,,,,,,,,,,0,0,0,16,9,13,12,0,0,0,0,0,0,16,25,38,50,50,50,50
runs\logs\crm_results_dir\production_benchmark_summary.csv,runs\logs\crm_results_dir\results\prod_arxiv_s20260607_q50_types_all_sizes20_50_100_neural_component_b20_50_100_200_per_query.csv,arxiv,arxiv,20260607,arxiv,degree_k_hop,100,hybrid,neural_component,type_feat32,50,50,50,0,50,0,0,0,0,50,0,0.47299795822000534,0.3302198540000063,0.9099139804500169,352.38,752.8499999999997,100.16,1690.4042845102147,4521.381122264403,20.24,0.22664,0.5431824780971652,189.5,200.0,200.0,5.307093600014014,172.49011520800468,16.70906807999745,0,0,0,15,11,8,16,0,0,0,,,,,,,,,,,,,,,,,,,,,,,,,,,,,,,,,,,,,,,,,,,,,,,,,,,,,,,,,,,,,,,,,,,,,,,,,,,,,,,,,,,,,,,,,,,,,,,,,,,,,,,,,,,,,,,,,,,,,,0,0,0,15,11,8,16,0,0,0,0,0,0,15,26,34,50,50,50,50
runs\logs\crm_results_dir\production_benchmark_summary.csv,runs\logs\crm_results_dir\results\prod_arxiv_s20260607_q50_types_all_sizes20_50_100_neural_component_b20_50_100_200_per_query.csv,arxiv,arxiv,20260607,arxiv,random_walk,20,hybrid,neural_component,type_feat32,50,50,50,0,50,0,0,0,0,50,0,0.5936972144999987,0.6314834755000049,0.838630127949996,108.5,221.74999999999994,20.1,9111.594194444444,72031.53577057802,7.76,0.049662576687116565,0.4345232136643179,196.5,200.0,200.0,5.177741184048881,177.14685150306747,4.9688584662572985,0,0,0,2,8,15,25,0,0,0,,,,,,,,,,,,,,,,,,,,,,,,,,,,,,,,,,,,,,,,,,,,,,,,,,,,,,,,,,,,,,,,,,,,,,,,,,,,,,,,,,,,,,,,,,,,,,,,,,,,,,,,,,,,,,,,,,,,,,0,0,0,2,8,15,25,0,0,0,0,0,0,2,10,25,50,50,50,50
runs\logs\crm_results_dir\production_benchmark_summary.csv,runs\logs\crm_results_dir\results\prod_arxiv_s20260607_q50_types_all_sizes20_50_100_neural_component_b20_50_100_200_per_query.csv,arxiv,arxiv,20260607,arxiv,random_walk,50,hybrid,neural_component,type_feat32,50,50,50,0,50,0,0,0,0,50,0,0.7489523124400148,0.8320198805000132,0.8856767924500359,300.98,535.1999999999998,50.34,3362.8046756909775,15321.138667119103,17.68,0.10596774193548388,0.4780542484139891,198.5,200.0,200.0,5.291407037636799,194.31176726882023,7.019499516129954,0,0,0,0,1,12,37,0,0,0,,,,,,,,,,,,,,,,,,,,,,,,,,,,,,,,,,,,,,,,,,,,,,,,,,,,,,,,,,,,,,,,,,,,,,,,,,,,,,,,,,,,,,,,,,,,,,,,,,,,,,,,,,,,,,,,,,,,,,0,0,0,0,1,12,37,0,0,0,0,0,0,0,1,13,50,50,50,50
runs\logs\crm_results_dir\production_benchmark_summary.csv,runs\logs\crm_results_dir\results\prod_arxiv_s20260607_q50_types_all_sizes20_50_100_neural_component_b20_50_100_200_per_query.csv,arxiv,arxiv,20260607,arxiv,random_walk,100,hybrid,neural_component,type_feat32,50,50,50,0,50,0,0,0,0,50,0,0.8319509074600103,0.885191636500025,0.922226943499973,591.92,1037.6999999999998,100.4,1687.2907240426475,5986.532312865842,29.4,0.18526041666666668,0.5206871374218698,199.0,200.0,200.0,5.327896151036941,205.7474523020867,10.906429848957622,0,0,0,0,0,8,42,0,0,0,,,,,,,,,,,,,,,,,,,,,,,,,,,,,,,,,,,,,,,,,,,,,,,,,,,,,,,,,,,,,,,,,,,,,,,,,,,,,,,,,,,,,,,,,,,,,,,,,,,,,,,,,,,,,,,,,,,,,,0,0,0,0,0,8,42,0,0,0,0,0,0,0,0,8,50,50,50,50
runs\logs\crm_results_dir\production_benchmark_summary.csv,runs\logs\crm_results_dir\results\prod_arxiv_s20260607_q50_types_all_sizes20_50_100_neural_component_b20_50_100_200_per_query.csv,arxiv,arxiv,20260607,arxiv,single,20,hybrid,neural_component,type_feat32,50,50,50,0,50,0,0,0,0,50,0,0.2782146408600005,0.15324942799999874,0.8390624848999984,58.42,205.1,19.9,9471.221536845507,94824.6641359506,1.0,0.016145833333333335,0.5,19.5,178.64999999999998,193.53,8.656944031249763,135.56425052083327,9.339208260416973,0,0,0,25,10,9,6,0,0,0,,,,,,,,,,,,,,,,,,,,,,,,,,,,,,,,,,,,,,,,,,,,,,,,,,,,,,,,,,,,,,,,,,,,,,,,,,,,,,,,,,,,,,,,,,,,,,,,,,,,,,,,,,,,,,,,,,,,,,0,0,0,25,10,9,6,0,0,0,0,0,0,25,35,44,50,50,50,50
runs\logs\crm_results_dir\production_benchmark_summary.csv,runs\logs\crm_results_dir\results\prod_arxiv_s20260607_q50_types_all_sizes20_50_100_neural_component_b20_50_100_200_per_query.csv,arxiv,arxiv,20260607,arxiv,single,50,hybrid,neural_component,type_feat32,50,50,50,0,50,0,0,0,0,50,0,0.35614498122000215,0.2419393355000068,0.8775551837500004,116.08,281.95,50.14,3498.884317902885,44967.126855604656,1.0,0.01419047619047619,0.47619047619047616,25.0,171.84999999999997,193.54999999999998,5.308386485712022,156.81979333333408,12.773054866666945,0,0,0,24,9,5,12,0,0,0,,,,,,,,,,,,,,,,,,,,,,,,,,,,,,,,,,,,,,,,,,,,,,,,,,,,,,,,,,,,,,,,,,,,,,,,,,,,,,,,,,,,,,,,,,,,,,,,,,,,,,,,,,,,,,,,,,,,,,0,0,0,24,9,5,12,0,0,0,0,0,0,24,33,38,50,50,50,50
runs\logs\crm_results_dir\production_benchmark_summary.csv,runs\logs\crm_results_dir\results\prod_arxiv_s20260607_q50_types_all_sizes20_50_100_neural_component_b20_50_100_200_per_query.csv,arxiv,arxiv,20260607,arxiv,single,100,hybrid,neural_component,type_feat32,50,50,50,0,50,0,0,0,0,50,0,0.2822084840200057,0.1495853010000303,0.5607138151499867,265.96,761.2499999999999,100.16,1687.4332712746889,4965.871595892901,1.0,0.020232558139534885,0.5697674418604651,11.0,146.75,170.64999999999998,5.352775325583702,139.1449176162833,24.929782395347925,0,0,0,30,6,12,2,0,0,0,,,,,,,,,,,,,,,,,,,,,,,,,,,,,,,,,,,,,,,,,,,,,,,,,,,,,,,,,,,,,,,,,,,,,,,,,,,,,,,,,,,,,,,,,,,,,,,,,,,,,,,,,,,,,,,,,,,,,,0,0,0,30,6,12,2,0,0,0,0,0,0,30,36,48,50,50,50,50
C:\Users\Swastik\Desktop\Jigsaw\runs\lightning_completion\jigsaw-arxiv-negfill-neural-s20260607-base-gcp-cpux8-v1\mag_rgcn_production_summary.csv,/workspace/jigsaw_pkg/runs/lightning_mag_benchmark_results/results/prod_arxiv_negfill_neural_base_s20260607_q50_types_negative_sizes20_50_100_neural_component_b20_50_100_200_per_query.csv,arxiv,arxiv,20260607,arxiv,negative_label,20,hybrid,neural_component,type_feat32,50,0,0,50,0,0,50,0,0,48,0,0.9046340146000068,0.8775044440000102,1.0593969404000603,141.3,351.9999999999999,0.0,4382.133832801527,29468.38332194931,6.92,0.10234999999999993,0.8357234522013934,68.0,162.55,166.02,6.180590779998738,226.1585036500017,0.0,0,0,0,0,0,0,0,0,0,0,,,,,,,,,,,,,,,,,,,,,,,,,,,,,,,,,,,,,,,,,,,,,,,,,,,,,,,,,,,,,,,,,,,,,,,,,,,,,,,,,,,,,,,,,,,,,,,,,,,,,,,,,,,,,,,,,,,,,,0,0,0,0,0,0,0,0,0,0,0,0,0,0,0,0,0,0,0,0
C:\Users\Swastik\Desktop\Jigsaw\runs\lightning_completion\jigsaw-arxiv-negfill-neural-s20260607-base-gcp-cpux8-v1\mag_rgcn_production_summary.csv,/workspace/jigsaw_pkg/runs/lightning_mag_benchmark_results/results/prod_arxiv_negfill_neural_base_s20260607_q50_types_negative_sizes20_50_100_neural_component_b20_50_100_200_per_query.csv,arxiv,arxiv,20260607,arxiv,negative_label,50,hybrid,neural_component,type_feat32,50,0,0,50,0,0,50,0,0,36,0,1.082873950439995,1.0744609430000196,1.1798135914500023,290.64,621.2999999999997,0.0,1891.8256638343241,10707.118250614907,14.58,0.20422499999999985,0.8157424614697042,95.0,187.0,195.0,10.76248738000345,270.7184876099987,0.0,0,0,0,0,0,0,0,0,0,0,,,,,,,,,,,,,,,,,,,,,,,,,,,,,,,,,,,,,,,,,,,,,,,,,,,,,,,,,,,,,,,,,,,,,,,,,,,,,,,,,,,,,,,,,,,,,,,,,,,,,,,,,,,,,,,,,,,,,,0,0,0,0,0,0,0,0,0,0,0,0,0,0,0,0,0,0,0,0
C:\Users\Swastik\Desktop\Jigsaw\runs\lightning_completion\jigsaw-arxiv-negfill-neural-s20260607-base-gcp-cpux8-v1\mag_rgcn_production_summary.csv,/workspace/jigsaw_pkg/runs/lightning_mag_benchmark_results/results/prod_arxiv_negfill_neural_base_s20260607_q50_types_negative_sizes20_50_100_neural_component_b20_50_100_200_per_query.csv,arxiv,arxiv,20260607,arxiv,negative_label,100,hybrid,neural_component,type_feat32,50,0,0,50,0,0,50,0,0,34,0,0.9904910771799951,0.993539821000013,1.1036294496499466,551.36,1141.6999999999998,0.0,958.5233271487403,2936.509848782643,21.04,0.2779999999999998,0.8181273814030179,100.5,173.89999999999995,186.58999999999997,10.143012480004927,247.62276929499876,0.0,0,0,0,0,0,0,0,0,0,0,,,,,,,,,,,,,,,,,,,,,,,,,,,,,,,,,,,,,,,,,,,,,,,,,,,,,,,,,,,,,,,,,,,,,,,,,,,,,,,,,,,,,,,,,,,,,,,,,,,,,,,,,,,,,,,,,,,,,,0,0,0,0,0,0,0,0,0,0,0,0,0,0,0,0,0,0,0,0
C:\Users\Swastik\Desktop\Jigsaw\runs\lightning_completion\jigsaw-arxiv-negfill-neural-s20260607-base-gcp-cpux8-v1\mag_rgcn_production_summary.csv,/workspace/jigsaw_pkg/runs/lightning_mag_benchmark_results/results/prod_arxiv_negfill_neural_base_s20260607_q50_types_negative_sizes20_50_100_neural_component_b20_50_100_200_per_query.csv,arxiv,arxiv,20260607,arxiv,negative_structure,20,hybrid,neural_component,type_feat32,50,0,0,50,0,0,50,0,0,50,0,1.0050055423199888,0.9869453015000715,1.1934045280999102,22.96,45.04999999999997,19.74,8639.242074675332,41390.408727570124,6.02,0.09707499999999994,0.8913467504717503,47.5,120.1,155.60999999999996,7.6673574199992345,240.51582937499944,10.73555620499775,0,0,0,0,0,0,0,0,0,0,,,,,,,,,,,,,,,,,,,,,,,,,,,,,,,,,,,,,,,,,,,,,,,,,,,,,,,,,,,,,,,,,,,,,,,,,,,,,,,,,,,,,,,,,,,,,,,,,,,,,,,,,,,,,,,,,,,,,,0,0,0,0,0,0,0,0,0,0,0,0,0,0,0,0,0,0,0,0
C:\Users\Swastik\Desktop\Jigsaw\runs\lightning_completion\jigsaw-arxiv-negfill-neural-s20260607-base-gcp-cpux8-v1\mag_rgcn_production_summary.csv,/workspace/jigsaw_pkg/runs/lightning_mag_benchmark_results/results/prod_arxiv_negfill_neural_base_s20260607_q50_types_negative_sizes20_50_100_neural_component_b20_50_100_200_per_query.csv,arxiv,arxiv,20260607,arxiv,negative_structure,50,hybrid,neural_component,type_feat32,50,0,0,50,0,0,50,0,0,50,0,1.122282651699977,1.1274372775000074,1.2474636484000712,88.12,275.1499999999999,50.14,3373.629279939666,10125.844344476296,13.08,0.19480000000000003,0.8542304586256888,86.0,154.55,165.09999999999997,11.062633400008508,263.70402037999384,16.866642545000445,0,0,0,0,0,0,0,0,0,0,,,,,,,,,,,,,,,,,,,,,,,,,,,,,,,,,,,,,,,,,,,,,,,,,,,,,,,,,,,,,,,,,,,,,,,,,,,,,,,,,,,,,,,,,,,,,,,,,,,,,,,,,,,,,,,,,,,,,,0,0,0,0,0,0,0,0,0,0,0,0,0,0,0,0,0,0,0,0
C:\Users\Swastik\Desktop\Jigsaw\runs\lightning_completion\jigsaw-arxiv-negfill-neural-s20260607-base-gcp-cpux8-v1\mag_rgcn_production_summary.csv,/workspace/jigsaw_pkg/runs/lightning_mag_benchmark_results/results/prod_arxiv_negfill_neural_base_s20260607_q50_types_negative_sizes20_50_100_neural_component_b20_50_100_200_per_query.csv,arxiv,arxiv,20260607,arxiv,negative_structure,100,hybrid,neural_component,type_feat32,50,0,0,50,0,0,50,0,0,50,0,0.9798934306000092,0.9776196440000149,1.061325281000029,198.64,676.65,100.26,1687.6175864159607,4067.338531709918,20.14,0.2739250000000001,0.8194142219995562,117.0,157.2,176.51,7.493500619996212,219.28759953500048,25.685758115001818,0,0,0,0,0,0,0,0,0,0,,,,,,,,,,,,,,,,,,,,,,,,,,,,,,,,,,,,,,,,,,,,,,,,,,,,,,,,,,,,,,,,,,,,,,,,,,,,,,,,,,,,,,,,,,,,,,,,,,,,,,,,,,,,,,,,,,,,,,0,0,0,0,0,0,0,0,0,0,0,0,0,0,0,0,0,0,0,0
runs\logs\crm_results_dir\production_benchmark_summary.csv,runs\logs\crm_results_dir\results\prod_arxiv_s20260608_q50_types_all_sizes20_50_100_neural_component_b20_50_100_200_per_query.csv,arxiv,arxiv,20260608,arxiv,k_hop,20,hybrid,neural_component,type_feat32,50,50,50,0,50,0,0,0,0,50,0,0.49901306356000075,0.4009541370000136,1.3304272005499995,56.32,144.55,19.78,8645.405789473683,71318.82940001856,5.76,0.06403846153846154,0.46172134489442185,168.0,199.0,199.51,6.525820865389365,229.18933991346026,10.720786798078581,0,0,0,19,15,9,7,0,0,0,,,,,,,,,,,,,,,,,,,,,,,,,,,,,,,,,,,,,,,,,,,,,,,,,,,,,,,,,,,,,,,,,,,,,,,,,,,,,,,,,,,,,,,,,,,,,,,,,,,,,,,,,,,,,,,,,,,,,,0,0,0,19,15,9,7,0,0,0,0,0,0,19,34,43,50,50,50,50
runs\logs\crm_results_dir\production_benchmark_summary.csv,runs\logs\crm_results_dir\results\prod_arxiv_s20260608_q50_types_all_sizes20_50_100_neural_component_b20_50_100_200_per_query.csv,arxiv,arxiv,20260608,arxiv,k_hop,50,hybrid,neural_component,type_feat32,50,50,50,0,50,0,0,0,0,50,0,0.5976153747800049,0.4396448474999488,1.4059035023000943,197.32,577.9499999999994,50.2,3389.074775478567,13989.93063470642,15.04,0.17048245614035087,0.5255008853686363,184.0,200.0,200.0,6.6445429035128285,246.06444426316048,16.04756221929779,0,0,0,13,20,7,10,0,0,0,,,,,,,,,,,,,,,,,,,,,,,,,,,,,,,,,,,,,,,,,,,,,,,,,,,,,,,,,,,,,,,,,,,,,,,,,,,,,,,,,,,,,,,,,,,,,,,,,,,,,,,,,,,,,,,,,,,,,,0,0,0,13,20,7,10,0,0,0,0,0,0,13,33,40,50,50,50,50
runs\logs\crm_results_dir\production_benchmark_summary.csv,runs\logs\crm_results_dir\results\prod_arxiv_s20260608_q50_types_all_sizes20_50_100_neural_component_b20_50_100_200_per_query.csv,arxiv,arxiv,20260608,arxiv,k_hop,100,hybrid,neural_component,type_feat32,50,50,50,0,50,0,0,0,0,50,0,0.8499969302199861,0.858855619499991,1.4772216690497886,415.34,863.2499999999998,100.32,1685.2046096792747,4866.728692735424,24.2,0.24533333333333332,0.5407114856242294,188.5,200.0,200.0,6.622403385188557,292.07582900740414,22.73784885184998,0,0,0,11,10,12,17,0,0,0,,,,,,,,,,,,,,,,,,,,,,,,,,,,,,,,,,,,,,,,,,,,,,,,,,,,,,,,,,,,,,,,,,,,,,,,,,,,,,,,,,,,,,,,,,,,,,,,,,,,,,,,,,,,,,,,,,,,,,0,0,0,11,10,12,17,0,0,0,0,0,0,11,21,33,50,50,50,50
runs\logs\crm_results_dir\production_benchmark_summary.csv,runs\logs\crm_results_dir\results\prod_arxiv_s20260608_q50_types_all_sizes20_50_100_neural_component_b20_50_100_200_per_query.csv,arxiv,arxiv,20260608,arxiv,degree_k_hop,20,hybrid,neural_component,type_feat32,50,50,50,0,50,0,0,0,0,50,0,0.5617191420799906,0.4182511955000052,1.3801999852500018,51.36,165.5999999999999,20.3,8872.637547113018,59007.205861004426,5.84,0.0635,0.4702405170586989,161.5,199.0,199.0,6.929061809096414,244.4784661363604,10.848416627271718,0,0,0,19,11,11,9,0,0,0,,,,,,,,,,,,,,,,,,,,,,,,,,,,,,,,,,,,,,,,,,,,,,,,,,,,,,,,,,,,,,,,,,,,,,,,,,,,,,,,,,,,,,,,,,,,,,,,,,,,,,,,,,,,,,,,,,,,,,0,0,0,19,11,11,9,0,0,0,0,0,0,19,30,41,50,50,50,50
runs\logs\crm_results_dir\production_benchmark_summary.csv,runs\logs\crm_results_dir\results\prod_arxiv_s20260608_q50_types_all_sizes20_50_100_neural_component_b20_50_100_200_per_query.csv,arxiv,arxiv,20260608,arxiv,degree_k_hop,50,hybrid,neural_component,type_feat32,50,50,50,0,50,0,0,0,0,50,0,0.6924735915199836,0.7831952154999726,1.4019408055999747,210.62,506.34999999999997,50.14,3376.285640723982,13906.752159617172,14.68,0.15403999999999998,0.5236612370322627,192.0,200.0,200.0,6.682393048004997,262.56706177599244,14.422374832000969,0,0,0,13,10,16,11,0,0,0,,,,,,,,,,,,,,,,,,,,,,,,,,,,,,,,,,,,,,,,,,,,,,,,,,,,,,,,,,,,,,,,,,,,,,,,,,,,,,,,,,,,,,,,,,,,,,,,,,,,,,,,,,,,,,,,,,,,,,0,0,0,13,10,16,11,0,0,0,0,0,0,13,23,39,50,50,50,50
runs\logs\crm_results_dir\production_benchmark_summary.csv,runs\logs\crm_results_dir\results\prod_arxiv_s20260608_q50_types_all_sizes20_50_100_neural_component_b20_50_100_200_per_query.csv,arxiv,arxiv,20260608,arxiv,degree_k_hop,100,hybrid,neural_component,type_feat32,50,50,50,0,50,0,0,0,0,50,0,0.6387300732400013,0.5007344044999513,1.4742504626999446,341.12,876.9999999999999,100.16,1688.1230949106225,7092.087180189271,22.16,0.23843750000000002,0.47331380842028065,190.0,200.0,200.0,6.549484116069339,258.05724219643116,27.090111928569424,0,0,0,16,13,14,7,0,0,0,,,,,,,,,,,,,,,,,,,,,,,,,,,,,,,,,,,,,,,,,,,,,,,,,,,,,,,,,,,,,,,,,,,,,,,,,,,,,,,,,,,,,,,,,,,,,,,,,,,,,,,,,,,,,,,,,,,,,,0,0,0,16,13,14,7,0,0,0,0,0,0,16,29,43,50,50,50,50
runs\logs\crm_results_dir\production_benchmark_summary.csv,runs\logs\crm_results_dir\results\prod_arxiv_s20260608_q50_types_all_sizes20_50_100_neural_component_b20_50_100_200_per_query.csv,arxiv,arxiv,20260608,arxiv,random_walk,20,hybrid,neural_component,type_feat32,50,50,50,0,50,0,0,0,0,50,0,0.8078777376999983,0.7849872809999567,1.3547659922499804,87.42,219.14999999999998,19.98,8816.90416993464,58048.50968864475,7.48,0.06027210884353741,0.48213460764481175,190.0,200.0,200.0,6.716846945575331,266.7395360952366,8.048810061225419,0,0,0,2,14,19,15,0,0,0,,,,,,,,,,,,,,,,,,,,,,,,,,,,,,,,,,,,,,,,,,,,,,,,,,,,,,,,,,,,,,,,,,,,,,,,,,,,,,,,,,,,,,,,,,,,,,,,,,,,,,,,,,,,,,,,,,,,,,0,0,0,2,14,19,15,0,0,0,0,0,0,2,16,35,50,50,50,50
runs\logs\crm_results_dir\production_benchmark_summary.csv,runs\logs\crm_results_dir\results\prod_arxiv_s20260608_q50_types_all_sizes20_50_100_neural_component_b20_50_100_200_per_query.csv,arxiv,arxiv,20260608,arxiv,random_walk,50,hybrid,neural_component,type_feat32,50,50,50,0,50,0,0,0,0,50,0,1.1362187144800122,1.347935781999979,1.4070031390000168,247.66,441.8499999999999,50.3,3447.3365837225956,19940.174751352664,14.66,0.10171348314606742,0.5239005364338007,198.0,200.0,200.0,6.637719095509469,309.0272887471928,10.135271500001672,0,0,0,1,3,13,33,0,0,0,,,,,,,,,,,,,,,,,,,,,,,,,,,,,,,,,,,,,,,,,,,,,,,,,,,,,,,,,,,,,,,,,,,,,,,,,,,,,,,,,,,,,,,,,,,,,,,,,,,,,,,,,,,,,,,,,,,,,,0,0,0,1,3,13,33,0,0,0,0,0,0,1,4,17,50,50,50,50
runs\logs\crm_results_dir\production_benchmark_summary.csv,runs\logs\crm_results_dir\results\prod_arxiv_s20260608_q50_types_all_sizes20_50_100_neural_component_b20_50_100_200_per_query.csv,arxiv,arxiv,20260608,arxiv,random_walk,100,hybrid,neural_component,type_feat32,50,50,50,0,50,0,0,0,0,50,0,1.3493720014400015,1.44576518599996,1.5025633692000895,628.64,1074.2499999999998,100.78,1685.2264820981854,5509.929451676742,29.0,0.1875392670157068,0.5165357940734581,199.0,200.0,200.0,6.601430403148074,337.5418697958104,15.696874036650772,0,0,0,0,1,7,42,0,0,0,,,,,,,,,,,,,,,,,,,,,,,,,,,,,,,,,,,,,,,,,,,,,,,,,,,,,,,,,,,,,,,,,,,,,,,,,,,,,,,,,,,,,,,,,,,,,,,,,,,,,,,,,,,,,,,,,,,,,,0,0,0,0,1,7,42,0,0,0,0,0,0,0,1,8,50,50,50,50
runs\logs\crm_results_dir\production_benchmark_summary.csv,runs\logs\crm_results_dir\results\prod_arxiv_s20260608_q50_types_all_sizes20_50_100_neural_component_b20_50_100_200_per_query.csv,arxiv,arxiv,20260608,arxiv,single,20,hybrid,neural_component,type_feat32,50,50,50,0,50,0,0,0,0,50,0,0.4360005676599991,0.35734869450000417,1.322064774949976,52.12,138.75,19.84,9157.466765664161,103886.08963799459,1.0,0.016755319148936174,0.5212765957446809,23.0,142.39999999999998,178.51,6.656390585105408,218.02039296808468,13.894802595744634,0,0,0,25,11,9,5,0,0,0,,,,,,,,,,,,,,,,,,,,,,,,,,,,,,,,,,,,,,,,,,,,,,,,,,,,,,,,,,,,,,,,,,,,,,,,,,,,,,,,,,,,,,,,,,,,,,,,,,,,,,,,,,,,,,,,,,,,,,0,0,0,25,11,9,5,0,0,0,0,0,0,25,36,45,50,50,50,50
runs\logs\crm_results_dir\production_benchmark_summary.csv,runs\logs\crm_results_dir\results\prod_arxiv_s20260608_q50_types_all_sizes20_50_100_neural_component_b20_50_100_200_per_query.csv,arxiv,arxiv,20260608,arxiv,single,50,hybrid,neural_component,type_feat32,50,50,50,0,50,0,0,0,0,50,0,0.44852012352001114,0.19307695550000403,1.4239415090500271,116.36,346.44999999999993,50.18,3482.125555789679,31915.50993144673,1.0,0.020113636363636365,0.5681818181818182,5.5,115.1,140.9099999999999,6.847099875004274,233.3595851931853,21.48139407954827,0,0,0,31,6,7,6,0,0,0,,,,,,,,,,,,,,,,,,,,,,,,,,,,,,,,,,,,,,,,,,,,,,,,,,,,,,,,,,,,,,,,,,,,,,,,,,,,,,,,,,,,,,,,,,,,,,,,,,,,,,,,,,,,,,,,,,,,,,0,0,0,31,6,7,6,0,0,0,0,0,0,31,37,44,50,50,50,50
runs\logs\crm_results_dir\production_benchmark_summary.csv,runs\logs\crm_results_dir\results\prod_arxiv_s20260608_q50_types_all_sizes20_50_100_neural_component_b20_50_100_200_per_query.csv,arxiv,arxiv,20260608,arxiv,single,100,hybrid,neural_component,type_feat32,50,50,50,0,50,0,0,0,0,50,0,0.43020188494000877,0.22693986199993788,1.446083639350104,224.82,786.9999999999997,100.18,1732.7962247822097,26280.870839301337,1.0,0.02449367088607595,0.6329113924050633,4.0,127.1,186.1,6.591696987342563,232.9422242025367,39.337449810127104,0,0,0,35,6,4,5,0,0,0,,,,,,,,,,,,,,,,,,,,,,,,,,,,,,,,,,,,,,,,,,,,,,,,,,,,,,,,,,,,,,,,,,,,,,,,,,,,,,,,,,,,,,,,,,,,,,,,,,,,,,,,,,,,,,,,,,,,,,0,0,0,35,6,4,5,0,0,0,0,0,0,35,41,45,50,50,50,50
runs\logs\crm_results_dir\production_benchmark_summary.csv,runs\logs\crm_results_dir\results\prod_arxiv_s20260608_q50_types_negative_sizes20_50_100_neural_component_b20_50_100_200_per_query.csv,arxiv,arxiv,20260608,arxiv,negative_label,20,hybrid,neural_component,type_feat32,50,0,0,50,0,0,50,0,0,45,0,0.6738111353000003,0.6712297914999965,0.6988292238999971,129.66,247.2,0.0,12288.65358983807,163496.52988104694,6.62,0.027025,0.47215854978354976,179.5,199.55,200.0,10.520901960000444,168.45278382500004,0.0,0,0,0,0,0,0,0,0,0,0,,,,,,,,,,,,,,,,,,,,,,,,,,,,,,,,,,,,,,,,,,,,,,,,,,,,,,,,,,,,,,,,,,,,,,,,,,,,,,,,,,,,,,,,,,,,,,,,,,,,,,,,,,,,,,,,,,,,,,0,0,0,0,0,0,0,0,0,0,0,0,0,0,0,0,0,0,0,0
runs\logs\crm_results_dir\production_benchmark_summary.csv,runs\logs\crm_results_dir\results\prod_arxiv_s20260608_q50_types_negative_sizes20_50_100_neural_component_b20_50_100_200_per_query.csv,arxiv,arxiv,20260608,arxiv,negative_label,50,hybrid,neural_component,type_feat32,50,0,0,50,0,0,50,0,0,46,0,0.7123345689399977,0.7109102765000159,0.7365419361000369,299.46,595.9999999999998,0.0,5277.985549420551,63148.278015257936,12.58,0.054375,0.47058805859603076,190.0,200.0,200.0,5.022920919999194,178.08364223499942,0.0,0,0,0,0,0,0,0,0,0,0,,,,,,,,,,,,,,,,,,,,,,,,,,,,,,,,,,,,,,,,,,,,,,,,,,,,,,,,,,,,,,,,,,,,,,,,,,,,,,,,,,,,,,,,,,,,,,,,,,,,,,,,,,,,,,,,,,,,,,0,0,0,0,0,0,0,0,0,0,0,0,0,0,0,0,0,0,0,0
runs\logs\crm_results_dir\production_benchmark_summary.csv,runs\logs\crm_results_dir\results\prod_arxiv_s20260608_q50_types_negative_sizes20_50_100_neural_component_b20_50_100_200_per_query.csv,arxiv,arxiv,20260608,arxiv,negative_label,100,hybrid,neural_component,type_feat32,50,0,0,50,0,0,50,0,0,37,0,0.7558119314599958,0.7512514214999868,0.790537652650005,618.26,1030.45,0.0,2276.4290566860695,46790.61503554839,24.46,0.10337500000000001,0.4581153918062305,195.5,200.0,200.0,5.186679419999223,188.95298286499894,0.0,0,0,0,0,0,0,0,0,0,0,,,,,,,,,,,,,,,,,,,,,,,,,,,,,,,,,,,,,,,,,,,,,,,,,,,,,,,,,,,,,,,,,,,,,,,,,,,,,,,,,,,,,,,,,,,,,,,,,,,,,,,,,,,,,,,,,,,,,,0,0,0,0,0,0,0,0,0,0,0,0,0,0,0,0,0,0,0,0
runs\logs\crm_results_dir\production_benchmark_summary.csv,runs\logs\crm_results_dir\results\prod_arxiv_s20260608_q50_types_negative_sizes20_50_100_neural_component_b20_50_100_200_per_query.csv,arxiv,arxiv,20260608,arxiv,negative_structure,20,hybrid,neural_component,type_feat32,50,0,0,50,0,0,50,0,0,50,0,0.7148102652600037,0.7096357600000118,0.7441203258999998,63.66,199.39999999999998,19.84,15836.022822135552,115268.43791833996,5.92,0.024900000000000002,0.469864343989344,164.5,199.0,199.51,5.277810360001354,170.35338545000064,8.34918086500025,0,0,0,0,0,0,0,0,0,0,,,,,,,,,,,,,,,,,,,,,,,,,,,,,,,,,,,,,,,,,,,,,,,,,,,,,,,,,,,,,,,,,,,,,,,,,,,,,,,,,,,,,,,,,,,,,,,,,,,,,,,,,,,,,,,,,,,,,,0,0,0,0,0,0,0,0,0,0,0,0,0,0,0,0,0,0,0,0
runs\logs\crm_results_dir\production_benchmark_summary.csv,runs\logs\crm_results_dir\results\prod_arxiv_s20260608_q50_types_negative_sizes20_50_100_neural_component_b20_50_100_200_per_query.csv,arxiv,arxiv,20260608,arxiv,negative_structure,50,hybrid,neural_component,type_feat32,50,0,0,50,0,0,50,0,0,50,0,0.7505873999600027,0.7485124819999953,0.7991045474000031,208.28,553.4,50.0,7892.895919352842,122252.96401125097,13.36,0.04505,0.40559769228872206,193.0,200.0,200.0,5.264906039997754,178.05135934000077,9.595490649999903,0,0,0,0,0,0,0,0,0,0,,,,,,,,,,,,,,,,,,,,,,,,,,,,,,,,,,,,,,,,,,,,,,,,,,,,,,,,,,,,,,,,,,,,,,,,,,,,,,,,,,,,,,,,,,,,,,,,,,,,,,,,,,,,,,,,,,,,,,0,0,0,0,0,0,0,0,0,0,0,0,0,0,0,0,0,0,0,0
runs\logs\crm_results_dir\production_benchmark_summary.csv,runs\logs\crm_results_dir\results\prod_arxiv_s20260608_q50_types_negative_sizes20_50_100_neural_component_b20_50_100_200_per_query.csv,arxiv,arxiv,20260608,arxiv,negative_structure,100,hybrid,neural_component,type_feat32,50,0,0,50,0,0,50,0,0,50,0,0.8247895273400024,0.8097703564999961,0.8980160715500289,449.58,850.8499999999999,100.28,2370.6901798471545,25478.105973442343,23.08,0.09135,0.46406104141219806,199.0,200.0,200.0,5.321795440000301,189.74642717000023,16.45095466500038,0,0,0,0,0,0,0,0,0,0,,,,,,,,,,,,,,,,,,,,,,,,,,,,,,,,,,,,,,,,,,,,,,,,,,,,,,,,,,,,,,,,,,,,,,,,,,,,,,,,,,,,,,,,,,,,,,,,,,,,,,,,,,,,,,,,,,,,,,0,0,0,0,0,0,0,0,0,0,0,0,0,0,0,0,0,0,0,0
runs\lightning_completion\jigsaw-arxiv-random-topo-filterall-gcp-cpux8-v2-resume\summary.csv,C:\Users\Swastik\Desktop\Jigsaw\runs\lightning_completion\jigsaw-arxiv-random-topo-filterall-gcp-cpux8-v2-resume\results\prod_arxiv_fill_rtf_s20260607_q50_types_all_sizes20_50_100_random_component_b20_50_100_200_per_query.csv,arxiv,arxiv,20260607,arxiv,k_hop,20,random,random_component,type_feat32,50,50,50,0,50,0,0,0,0,50,0,0.5550075145800054,0.48366494749996036,0.8159113160000458,85.9,223.04999999999993,19.84,11176.867566030547,108971.74322341605,5.7,0.02490566037735849,0.3362623533822202,1000000000.0,1000000000.0,1000000000.0,0.0,171.69385367924477,2.836811283021065,0,0,0,0,10,21,19,0,0,0,,,,,,,,,,,,,,,,,,,,,,,,,,,,,,,,,,,,,,,,,,,,,,,,,,,,,,,,,,,,,,,,,,,,,,,,,,,,,,,,,,,,,,,,,,,,,,,,,,,,,,,,,,,,,,,,,,,,,,0,0,0,0,10,21,19,0,0,0,0,0,0,0,10,31,50,50,50,50
runs\lightning_completion\jigsaw-arxiv-random-topo-filterall-gcp-cpux8-v2-resume\summary.csv,C:\Users\Swastik\Desktop\Jigsaw\runs\lightning_completion\jigsaw-arxiv-random-topo-filterall-gcp-cpux8-v2-resume\results\prod_arxiv_fill_rtf_s20260607_q50_types_all_sizes20_50_100_random_component_b20_50_100_200_per_query.csv,arxiv,arxiv,20260607,arxiv,k_hop,50,random,random_component,type_feat32,50,50,50,0,50,0,0,0,0,50,0,0.6644237596999801,0.7934293220000654,0.840226147449988,252.54,565.0499999999998,49.84,3890.909617548543,59169.02539477281,11.54,0.05584302325581396,0.39941748647829,1000000000.0,1000000000.0,1000000000.0,0.0,188.24852100580787,4.897920767442153,0,0,0,3,4,11,32,0,0,0,,,,,,,,,,,,,,,,,,,,,,,,,,,,,,,,,,,,,,,,,,,,,,,,,,,,,,,,,,,,,,,,,,,,,,,,,,,,,,,,,,,,,,,,,,,,,,,,,,,,,,,,,,,,,,,,,,,,,,0,0,0,3,4,11,32,0,0,0,0,0,0,3,7,18,50,50,50,50
runs\lightning_completion\jigsaw-arxiv-random-topo-filterall-gcp-cpux8-v2-resume\summary.csv,C:\Users\Swastik\Desktop\Jigsaw\runs\lightning_completion\jigsaw-arxiv-random-topo-filterall-gcp-cpux8-v2-resume\results\prod_arxiv_fill_rtf_s20260607_q50_types_all_sizes20_50_100_random_component_b20_50_100_200_per_query.csv,arxiv,arxiv,20260607,arxiv,k_hop,100,random,random_component,type_feat32,50,50,50,0,50,0,0,0,0,50,0,0.8647328556200091,0.9032046689999333,1.16552126855006,527.46,909.0999999999999,100.3,1757.0757295367887,20716.51572734029,23.2,0.1246820809248555,0.4234378043156821,1000000000.0,1000000000.0,1000000000.0,0.0,239.20126672832643,10.72152391329469,0,0,0,2,6,9,33,0,0,0,,,,,,,,,,,,,,,,,,,,,,,,,,,,,,,,,,,,,,,,,,,,,,,,,,,,,,,,,,,,,,,,,,,,,,,,,,,,,,,,,,,,,,,,,,,,,,,,,,,,,,,,,,,,,,,,,,,,,,0,0,0,2,6,9,33,0,0,0,0,0,0,2,8,17,50,50,50,50
runs\lightning_completion\jigsaw-arxiv-random-topo-filterall-gcp-cpux8-v2-resume\summary.csv,C:\Users\Swastik\Desktop\Jigsaw\runs\lightning_completion\jigsaw-arxiv-random-topo-filterall-gcp-cpux8-v2-resume\results\prod_arxiv_fill_rtf_s20260607_q50_types_all_sizes20_50_100_random_component_b20_50_100_200_per_query.csv,arxiv,arxiv,20260607,arxiv,degree_k_hop,20,random,random_component,type_feat32,50,50,50,0,50,0,0,0,0,50,0,0.6332190259599793,0.7770858084999759,0.9264233253998952,78.2,150.24999999999994,20.06,10130.040458069794,166838.48398134662,5.86,0.023203592814371257,0.3336852269487,1000000000.0,1000000000.0,1000000000.0,0.0,186.7863802395163,2.800154479040386,0,0,0,2,6,15,27,0,0,0,,,,,,,,,,,,,,,,,,,,,,,,,,,,,,,,,,,,,,,,,,,,,,,,,,,,,,,,,,,,,,,,,,,,,,,,,,,,,,,,,,,,,,,,,,,,,,,,,,,,,,,,,,,,,,,,,,,,,,0,0,0,2,6,15,27,0,0,0,0,0,0,2,8,23,50,50,50,50
runs\lightning_completion\jigsaw-arxiv-random-topo-filterall-gcp-cpux8-v2-resume\summary.csv,C:\Users\Swastik\Desktop\Jigsaw\runs\lightning_completion\jigsaw-arxiv-random-topo-filterall-gcp-cpux8-v2-resume\results\prod_arxiv_fill_rtf_s20260607_q50_types_all_sizes20_50_100_random_component_b20_50_100_200_per_query.csv,arxiv,arxiv,20260607,arxiv,degree_k_hop,50,random,random_component,type_feat32,50,50,50,0,50,0,0,0,0,50,0,0.6971899461199836,0.8135206650001123,0.9524084357500613,243.2,503.6999999999996,50.04,3912.216712764903,43856.72053091469,12.3,0.06260233918128655,0.40521700077614387,1000000000.0,1000000000.0,1000000000.0,0.0,198.7269158421022,5.1297935497059,0,0,0,4,2,13,31,0,0,0,,,,,,,,,,,,,,,,,,,,,,,,,,,,,,,,,,,,,,,,,,,,,,,,,,,,,,,,,,,,,,,,,,,,,,,,,,,,,,,,,,,,,,,,,,,,,,,,,,,,,,,,,,,,,,,,,,,,,,0,0,0,4,2,13,31,0,0,0,0,0,0,4,6,19,50,50,50,50
runs\lightning_completion\jigsaw-arxiv-random-topo-filterall-gcp-cpux8-v2-resume\summary.csv,C:\Users\Swastik\Desktop\Jigsaw\runs\lightning_completion\jigsaw-arxiv-random-topo-filterall-gcp-cpux8-v2-resume\results\prod_arxiv_fill_rtf_s20260607_q50_types_all_sizes20_50_100_random_component_b20_50_100_200_per_query.csv,arxiv,arxiv,20260607,arxiv,degree_k_hop,100,random,random_component,type_feat32,50,50,50,0,50,0,0,0,0,50,0,0.7617173456000456,0.8544378339998957,0.9572910320997947,481.64,823.8499999999999,100.16,1741.5083682209183,17172.015166458816,20.24,0.10486033519553073,0.436376791092372,1000000000.0,1000000000.0,1000000000.0,0.0,203.96458095531634,8.80562731285279,0,0,0,2,2,11,35,0,0,0,,,,,,,,,,,,,,,,,,,,,,,,,,,,,,,,,,,,,,,,,,,,,,,,,,,,,,,,,,,,,,,,,,,,,,,,,,,,,,,,,,,,,,,,,,,,,,,,,,,,,,,,,,,,,,,,,,,,,,0,0,0,2,2,11,35,0,0,0,0,0,0,2,4,15,50,50,50,50
runs\lightning_completion\jigsaw-arxiv-random-topo-filterall-gcp-cpux8-v2-resume\summary.csv,C:\Users\Swastik\Desktop\Jigsaw\runs\lightning_completion\jigsaw-arxiv-random-topo-filterall-gcp-cpux8-v2-resume\results\prod_arxiv_fill_rtf_s20260607_q50_types_all_sizes20_50_100_random_component_b20_50_100_200_per_query.csv,arxiv,arxiv,20260607,arxiv,random_walk,20,random,random_component,type_feat32,50,50,50,0,50,0,0,0,0,50,0,0.6444221479199951,0.7801781564999715,0.88301650169999,115.24,226.55,20.08,12443.937928959927,120153.27420610093,7.76,0.03531976744186047,0.3904529901622925,1000000000.0,1000000000.0,1000000000.0,0.0,184.72058886046204,2.611430883722585,0,0,0,1,6,13,30,0,0,0,,,,,,,,,,,,,,,,,,,,,,,,,,,,,,,,,,,,,,,,,,,,,,,,,,,,,,,,,,,,,,,,,,,,,,,,,,,,,,,,,,,,,,,,,,,,,,,,,,,,,,,,,,,,,,,,,,,,,,0,0,0,1,6,13,30,0,0,0,0,0,0,1,7,20,50,50,50,50
runs\lightning_completion\jigsaw-arxiv-random-topo-filterall-gcp-cpux8-v2-resume\summary.csv,C:\Users\Swastik\Desktop\Jigsaw\runs\lightning_completion\jigsaw-arxiv-random-topo-filterall-gcp-cpux8-v2-resume\results\prod_arxiv_fill_rtf_s20260607_q50_types_all_sizes20_50_100_random_component_b20_50_100_200_per_query.csv,arxiv,arxiv,20260607,arxiv,random_walk,50,random,random_component,type_feat32,50,50,50,0,50,0,0,0,0,50,0,0.8078541745400003,0.814617943000087,0.9550820875000738,298.68,479.9,50.34,3467.2616568598587,31145.82138738795,17.68,0.08613402061855671,0.43925843744003074,1000000000.0,1000000000.0,1000000000.0,0.0,203.8848762216491,4.324962577320009,0,0,0,0,0,6,44,0,0,0,,,,,,,,,,,,,,,,,,,,,,,,,,,,,,,,,,,,,,,,,,,,,,,,,,,,,,,,,,,,,,,,,,,,,,,,,,,,,,,,,,,,,,,,,,,,,,,,,,,,,,,,,,,,,,,,,,,,,,0,0,0,0,0,6,44,0,0,0,0,0,0,0,0,6,50,50,50,50
runs\lightning_completion\jigsaw-arxiv-random-topo-filterall-gcp-cpux8-v2-resume\summary.csv,C:\Users\Swastik\Desktop\Jigsaw\runs\lightning_completion\jigsaw-arxiv-random-topo-filterall-gcp-cpux8-v2-resume\results\prod_arxiv_fill_rtf_s20260607_q50_types_all_sizes20_50_100_random_component_b20_50_100_200_per_query.csv,arxiv,arxiv,20260607,arxiv,random_walk,100,random,random_component,type_feat32,50,50,50,0,50,0,0,0,0,49,0,0.9629136602400103,0.9365235944998176,1.1734706638998318,588.16,1007.5,100.42,1760.538880613257,25614.224843022257,29.4,0.14700507614213199,0.4510612347199005,1000000000.0,1000000000.0,1000000000.0,0.0,235.62915648223364,8.765173527921304,0,0,0,0,0,3,47,0,0,0,,,,,,,,,,,,,,,,,,,,,,,,,,,,,,,,,,,,,,,,,,,,,,,,,,,,,,,,,,,,,,,,,,,,,,,,,,,,,,,,,,,,,,,,,,,,,,,,,,,,,,,,,,,,,,,,,,,,,,0,0,0,0,0,3,47,0,0,0,0,0,0,0,0,3,50,50,50,50
runs\lightning_completion\jigsaw-arxiv-random-topo-filterall-gcp-cpux8-v2-resume\summary.csv,C:\Users\Swastik\Desktop\Jigsaw\runs\lightning_completion\jigsaw-arxiv-random-topo-filterall-gcp-cpux8-v2-resume\results\prod_arxiv_fill_rtf_s20260607_q50_types_all_sizes20_50_100_random_component_b20_50_100_200_per_query.csv,arxiv,arxiv,20260607,arxiv,single,20,random,random_component,type_feat32,50,50,50,0,50,0,0,0,0,50,0,0.5881658374599976,0.7763634190000062,0.9059367324999499,87.0,202.64999999999998,19.9,12231.051465811965,172213.15407511537,1.0,0.00426751592356688,0.3057324840764331,1000000000.0,1000000000.0,1000000000.0,0.0,184.34924498089038,2.964715993631176,0,0,0,7,5,12,26,0,0,0,,,,,,,,,,,,,,,,,,,,,,,,,,,,,,,,,,,,,,,,,,,,,,,,,,,,,,,,,,,,,,,,,,,,,,,,,,,,,,,,,,,,,,,,,,,,,,,,,,,,,,,,,,,,,,,,,,,,,,0,0,0,7,5,12,26,0,0,0,0,0,0,7,12,24,50,50,50,50
runs\lightning_completion\jigsaw-arxiv-random-topo-filterall-gcp-cpux8-v2-resume\summary.csv,C:\Users\Swastik\Desktop\Jigsaw\runs\lightning_completion\jigsaw-arxiv-random-topo-filterall-gcp-cpux8-v2-resume\results\prod_arxiv_fill_rtf_s20260607_q50_types_all_sizes20_50_100_random_component_b20_50_100_200_per_query.csv,arxiv,arxiv,20260607,arxiv,single,50,random,random_component,type_feat32,50,50,50,0,50,0,0,0,0,50,0,0.5714440000799982,0.5250679884998704,0.9018284084500522,184.18,444.1,50.14,4328.39800763893,114833.72823718129,1.0,0.004901960784313725,0.32679738562091504,1000000000.0,1000000000.0,1000000000.0,0.0,181.13338905228372,5.613016202617657,0,0,0,8,5,13,24,0,0,0,,,,,,,,,,,,,,,,,,,,,,,,,,,,,,,,,,,,,,,,,,,,,,,,,,,,,,,,,,,,,,,,,,,,,,,,,,,,,,,,,,,,,,,,,,,,,,,,,,,,,,,,,,,,,,,,,,,,,,0,0,0,8,5,13,24,0,0,0,0,0,0,8,13,26,50,50,50,50
runs\lightning_completion\jigsaw-arxiv-random-topo-filterall-gcp-cpux8-v2-resume\summary.csv,C:\Users\Swastik\Desktop\Jigsaw\runs\lightning_completion\jigsaw-arxiv-random-topo-filterall-gcp-cpux8-v2-resume\results\prod_arxiv_fill_rtf_s20260607_q50_types_all_sizes20_50_100_random_component_b20_50_100_200_per_query.csv,arxiv,arxiv,20260607,arxiv,single,100,random,random_component,type_feat32,50,50,50,0,50,0,0,0,0,50,0,0.6859203305000073,0.8473469679999539,0.9802908264001133,424.6,853.7499999999999,100.16,1940.0799734333018,42439.75968830969,1.0,0.0031515151515151517,0.30303030303030304,1000000000.0,1000000000.0,1000000000.0,0.0,197.7051552060678,10.149490399995061,0,0,0,2,7,15,26,0,0,0,,,,,,,,,,,,,,,,,,,,,,,,,,,,,,,,,,,,,,,,,,,,,,,,,,,,,,,,,,,,,,,,,,,,,,,,,,,,,,,,,,,,,,,,,,,,,,,,,,,,,,,,,,,,,,,,,,,,,,0,0,0,2,7,15,26,0,0,0,0,0,0,2,9,24,50,50,50,50
runs\lightning_completion\jigsaw-arxiv-random-topo-filterall-gcp-cpux8-v2-resume\summary.csv,C:\Users\Swastik\Desktop\Jigsaw\runs\lightning_completion\jigsaw-arxiv-random-topo-filterall-gcp-cpux8-v2-resume\results\prod_arxiv_fill_rtf_s20260607_q50_types_all_sizes20_50_100_random_component_b20_50_100_200_per_query.csv,arxiv,arxiv,20260607,arxiv,negative_label,20,random,random_component,type_feat32,50,0,0,50,0,0,50,0,0,48,0,0.8012293037399968,0.7846360270000332,0.8881815650000646,142.6,288.29999999999995,0.0,8990.83018128481,90072.3527375234,6.12,0.0297,0.4682259337884338,1000000000.0,1000000000.0,1000000000.0,0.0,200.3073259349992,0.0,0,0,0,0,0,0,0,0,0,0,,,,,,,,,,,,,,,,,,,,,,,,,,,,,,,,,,,,,,,,,,,,,,,,,,,,,,,,,,,,,,,,,,,,,,,,,,,,,,,,,,,,,,,,,,,,,,,,,,,,,,,,,,,,,,,,,,,,,,0,0,0,0,0,0,0,0,0,0,0,0,0,0,0,0,0,0,0,0
runs\lightning_completion\jigsaw-arxiv-random-topo-filterall-gcp-cpux8-v2-resume\summary.csv,C:\Users\Swastik\Desktop\Jigsaw\runs\lightning_completion\jigsaw-arxiv-random-topo-filterall-gcp-cpux8-v2-resume\results\prod_arxiv_fill_rtf_s20260607_q50_types_all_sizes20_50_100_random_component_b20_50_100_200_per_query.csv,arxiv,arxiv,20260607,arxiv,negative_label,50,random,random_component,type_feat32,50,0,0,50,0,0,50,0,0,42,0,0.8129311284600158,0.8023460519999617,0.8980835915500393,347.56,655.5999999999999,0.0,2376.174013825747,33047.4569970582,12.8,0.06045,0.4478249296061162,1000000000.0,1000000000.0,1000000000.0,0.0,203.23278211500394,0.0,0,0,0,0,0,0,0,0,0,0,,,,,,,,,,,,,,,,,,,,,,,,,,,,,,,,,,,,,,,,,,,,,,,,,,,,,,,,,,,,,,,,,,,,,,,,,,,,,,,,,,,,,,,,,,,,,,,,,,,,,,,,,,,,,,,,,,,,,,0,0,0,0,0,0,0,0,0,0,0,0,0,0,0,0,0,0,0,0
runs\lightning_completion\jigsaw-arxiv-random-topo-filterall-gcp-cpux8-v2-resume\summary.csv,C:\Users\Swastik\Desktop\Jigsaw\runs\lightning_completion\jigsaw-arxiv-random-topo-filterall-gcp-cpux8-v2-resume\results\prod_arxiv_fill_rtf_s20260607_q50_types_all_sizes20_50_100_random_component_b20_50_100_200_per_query.csv,arxiv,arxiv,20260607,arxiv,negative_label,100,random,random_component,type_feat32,50,0,0,50,0,0,50,0,0,35,0,0.9019936040000038,0.8901680270001862,1.0096584085500353,622.58,1124.55,0.0,1504.6619625672968,30688.277154692154,18.68,0.08755,0.45162851773353496,1000000000.0,1000000000.0,1000000000.0,0.0,225.49840100000097,0.0,0,0,0,0,0,0,0,0,0,0,,,,,,,,,,,,,,,,,,,,,,,,,,,,,,,,,,,,,,,,,,,,,,,,,,,,,,,,,,,,,,,,,,,,,,,,,,,,,,,,,,,,,,,,,,,,,,,,,,,,,,,,,,,,,,,,,,,,,,0,0,0,0,0,0,0,0,0,0,0,0,0,0,0,0,0,0,0,0
runs\lightning_completion\jigsaw-arxiv-random-topo-filterall-gcp-cpux8-v2-resume\summary.csv,C:\Users\Swastik\Desktop\Jigsaw\runs\lightning_completion\jigsaw-arxiv-random-topo-filterall-gcp-cpux8-v2-resume\results\prod_arxiv_fill_rtf_s20260607_q50_types_all_sizes20_50_100_random_component_b20_50_100_200_per_query.csv,arxiv,arxiv,20260607,arxiv,negative_structure,20,random,random_component,type_feat32,50,0,0,50,0,0,50,0,0,50,0,0.8130129030799913,0.7953356650000387,0.9224844726500236,80.94,203.09999999999994,19.82,11521.922763480936,110599.77311588892,6.04,0.03345,0.4878133533133533,1000000000.0,1000000000.0,1000000000.0,0.0,198.78850140499821,4.464724364999597,0,0,0,0,0,0,0,0,0,0,,,,,,,,,,,,,,,,,,,,,,,,,,,,,,,,,,,,,,,,,,,,,,,,,,,,,,,,,,,,,,,,,,,,,,,,,,,,,,,,,,,,,,,,,,,,,,,,,,,,,,,,,,,,,,,,,,,,,,0,0,0,0,0,0,0,0,0,0,0,0,0,0,0,0,0,0,0,0
runs\lightning_completion\jigsaw-arxiv-random-topo-filterall-gcp-cpux8-v2-resume\summary.csv,C:\Users\Swastik\Desktop\Jigsaw\runs\lightning_completion\jigsaw-arxiv-random-topo-filterall-gcp-cpux8-v2-resume\results\prod_arxiv_fill_rtf_s20260607_q50_types_all_sizes20_50_100_random_component_b20_50_100_200_per_query.csv,arxiv,arxiv,20260607,arxiv,negative_structure,50,random,random_component,type_feat32,50,0,0,50,0,0,50,0,0,50,0,0.8440303090600082,0.8280571445001215,0.9449144866000494,198.44,412.55,50.2,3851.9683324114703,56493.80001712796,12.22,0.064675,0.46830517024089136,1000000000.0,1000000000.0,1000000000.0,0.0,204.2193672200017,6.788210045000369,0,0,0,0,0,0,0,0,0,0,,,,,,,,,,,,,,,,,,,,,,,,,,,,,,,,,,,,,,,,,,,,,,,,,,,,,,,,,,,,,,,,,,,,,,,,,,,,,,,,,,,,,,,,,,,,,,,,,,,,,,,,,,,,,,,,,,,,,,0,0,0,0,0,0,0,0,0,0,0,0,0,0,0,0,0,0,0,0
runs\lightning_completion\jigsaw-arxiv-random-topo-filterall-gcp-cpux8-v2-resume\summary.csv,C:\Users\Swastik\Desktop\Jigsaw\runs\lightning_completion\jigsaw-arxiv-random-topo-filterall-gcp-cpux8-v2-resume\results\prod_arxiv_fill_rtf_s20260607_q50_types_all_sizes20_50_100_random_component_b20_50_100_200_per_query.csv,arxiv,arxiv,20260607,arxiv,negative_structure,100,random,random_component,type_feat32,50,0,0,50,0,0,50,0,0,50,0,0.928150754859962,0.9144717269998637,1.0162532655497216,489.54,969.0499999999997,100.16,1753.6256831900453,13145.385884788746,23.14,0.115925,0.4661418677972447,1000000000.0,1000000000.0,1000000000.0,0.0,221.8964370599906,10.141251654999905,0,0,0,0,0,0,0,0,0,0,,,,,,,,,,,,,,,,,,,,,,,,,,,,,,,,,,,,,,,,,,,,,,,,,,,,,,,,,,,,,,,,,,,,,,,,,,,,,,,,,,,,,,,,,,,,,,,,,,,,,,,,,,,,,,,,,,,,,,0,0,0,0,0,0,0,0,0,0,0,0,0,0,0,0,0,0,0,0
runs\lightning_completion\jigsaw-arxiv-random-topo-filterall-gcp-cpux8-v2-resume\summary.csv,C:\Users\Swastik\Desktop\Jigsaw\runs\lightning_completion\jigsaw-arxiv-random-topo-filterall-gcp-cpux8-v2-resume\results\prod_arxiv_fill_rtf_s20260608_q50_types_all_sizes20_50_100_random_component_b20_50_100_200_per_query.csv,arxiv,arxiv,20260608,arxiv,k_hop,20,random,random_component,type_feat32,50,50,50,0,50,0,0,0,0,50,0,0.7455577542000128,0.6893914619999464,1.085361156950023,76.38,168.09999999999994,19.78,11729.43351076555,111964.23832098713,5.76,0.029123376623376624,0.3459563704693575,1000000000.0,1000000000.0,1000000000.0,0.0,238.39217575324972,3.672030155845372,0,0,0,4,10,14,22,0,0,0,,,,,,,,,,,,,,,,,,,,,,,,,,,,,,,,,,,,,,,,,,,,,,,,,,,,,,,,,,,,,,,,,,,,,,,,,,,,,,,,,,,,,,,,,,,,,,,,,,,,,,,,,,,,,,,,,,,,,,0,0,0,4,10,14,22,0,0,0,0,0,0,4,14,28,50,50,50,50
runs\lightning_completion\jigsaw-arxiv-random-topo-filterall-gcp-cpux8-v2-resume\summary.csv,C:\Users\Swastik\Desktop\Jigsaw\runs\lightning_completion\jigsaw-arxiv-random-topo-filterall-gcp-cpux8-v2-resume\results\prod_arxiv_fill_rtf_s20260608_q50_types_all_sizes20_50_100_random_component_b20_50_100_200_per_query.csv,arxiv,arxiv,20260608,arxiv,k_hop,50,random,random_component,type_feat32,50,50,50,0,50,0,0,0,0,50,0,0.721254583179973,0.837109038000051,1.0779236607499625,216.48,524.7499999999998,50.22,3843.418474547536,97196.99058153726,15.04,0.07163690476190476,0.3853485549819631,1000000000.0,1000000000.0,1000000000.0,0.0,209.07288126190065,5.586220874996056,0,0,0,3,5,13,29,0,0,0,,,,,,,,,,,,,,,,,,,,,,,,,,,,,,,,,,,,,,,,,,,,,,,,,,,,,,,,,,,,,,,,,,,,,,,,,,,,,,,,,,,,,,,,,,,,,,,,,,,,,,,,,,,,,,,,,,,,,,0,0,0,3,5,13,29,0,0,0,0,0,0,3,8,21,50,50,50,50
runs\lightning_completion\jigsaw-arxiv-random-topo-filterall-gcp-cpux8-v2-resume\summary.csv,C:\Users\Swastik\Desktop\Jigsaw\runs\lightning_completion\jigsaw-arxiv-random-topo-filterall-gcp-cpux8-v2-resume\results\prod_arxiv_fill_rtf_s20260608_q50_types_all_sizes20_50_100_random_component_b20_50_100_200_per_query.csv,arxiv,arxiv,20260608,arxiv,k_hop,100,random,random_component,type_feat32,50,50,50,0,50,0,0,0,0,50,0,0.757994903860008,0.8610527404999857,0.9410553189499751,494.62,863.2,100.38,1761.755376591711,11903.290175293901,24.2,0.12764044943820224,0.4362067755152523,1000000000.0,1000000000.0,1000000000.0,0.0,203.88682960112567,9.033087213483311,0,0,0,2,3,10,35,0,0,0,,,,,,,,,,,,,,,,,,,,,,,,,,,,,,,,,,,,,,,,,,,,,,,,,,,,,,,,,,,,,,,,,,,,,,,,,,,,,,,,,,,,,,,,,,,,,,,,,,,,,,,,,,,,,,,,,,,,,,0,0,0,2,3,10,35,0,0,0,0,0,0,2,5,15,50,50,50,50
runs\lightning_completion\jigsaw-arxiv-random-topo-filterall-gcp-cpux8-v2-resume\summary.csv,C:\Users\Swastik\Desktop\Jigsaw\runs\lightning_completion\jigsaw-arxiv-random-topo-filterall-gcp-cpux8-v2-resume\results\prod_arxiv_fill_rtf_s20260608_q50_types_all_sizes20_50_100_random_component_b20_50_100_200_per_query.csv,arxiv,arxiv,20260608,arxiv,degree_k_hop,20,random,random_component,type_feat32,50,50,50,0,50,0,0,0,0,50,0,0.7214723060799816,0.8300079924999295,1.0961152309499482,70.26,151.64999999999992,20.32,12985.56673054723,189952.70432944992,5.84,0.02708588957055215,0.3658789404188177,1000000000.0,1000000000.0,1000000000.0,0.0,218.12094838036364,3.189574957054009,0,0,0,3,9,10,28,0,0,0,,,,,,,,,,,,,,,,,,,,,,,,,,,,,,,,,,,,,,,,,,,,,,,,,,,,,,,,,,,,,,,,,,,,,,,,,,,,,,,,,,,,,,,,,,,,,,,,,,,,,,,,,,,,,,,,,,,,,,0,0,0,3,9,10,28,0,0,0,0,0,0,3,12,22,50,50,50,50
runs\lightning_completion\jigsaw-arxiv-random-topo-filterall-gcp-cpux8-v2-resume\summary.csv,C:\Users\Swastik\Desktop\Jigsaw\runs\lightning_completion\jigsaw-arxiv-random-topo-filterall-gcp-cpux8-v2-resume\results\prod_arxiv_fill_rtf_s20260608_q50_types_all_sizes20_50_100_random_component_b20_50_100_200_per_query.csv,arxiv,arxiv,20260608,arxiv,degree_k_hop,50,random,random_component,type_feat32,50,50,50,0,50,0,0,0,0,50,0,0.7047797021199881,0.8050936500000034,0.9347585520500559,273.16,565.3,50.14,4411.220429708784,45063.80696816561,14.68,0.07149717514124294,0.3989421124543028,1000000000.0,1000000000.0,1000000000.0,0.0,194.2886663446272,4.801644988702786,0,0,0,2,4,9,35,0,0,0,,,,,,,,,,,,,,,,,,,,,,,,,,,,,,,,,,,,,,,,,,,,,,,,,,,,,,,,,,,,,,,,,,,,,,,,,,,,,,,,,,,,,,,,,,,,,,,,,,,,,,,,,,,,,,,,,,,,,,0,0,0,2,4,9,35,0,0,0,0,0,0,2,6,15,50,50,50,50
runs\lightning_completion\jigsaw-arxiv-random-topo-filterall-gcp-cpux8-v2-resume\summary.csv,C:\Users\Swastik\Desktop\Jigsaw\runs\lightning_completion\jigsaw-arxiv-random-topo-filterall-gcp-cpux8-v2-resume\results\prod_arxiv_fill_rtf_s20260608_q50_types_all_sizes20_50_100_random_component_b20_50_100_200_per_query.csv,arxiv,arxiv,20260608,arxiv,degree_k_hop,100,random,random_component,type_feat32,50,50,50,0,50,0,0,0,0,50,0,0.7074521966800512,0.8537430594999478,0.9858428016001994,478.38,911.25,100.16,1759.36760698934,18717.73790030781,22.16,0.11074404761904762,0.3927380330935876,1000000000.0,1000000000.0,1000000000.0,0.0,201.2326935952485,9.318555416671513,0,0,0,3,6,11,30,0,0,0,,,,,,,,,,,,,,,,,,,,,,,,,,,,,,,,,,,,,,,,,,,,,,,,,,,,,,,,,,,,,,,,,,,,,,,,,,,,,,,,,,,,,,,,,,,,,,,,,,,,,,,,,,,,,,,,,,,,,,0,0,0,3,6,11,30,0,0,0,0,0,0,3,9,20,50,50,50,50
runs\lightning_completion\jigsaw-arxiv-random-topo-filterall-gcp-cpux8-v2-resume\summary.csv,C:\Users\Swastik\Desktop\Jigsaw\runs\lightning_completion\jigsaw-arxiv-random-topo-filterall-gcp-cpux8-v2-resume\results\prod_arxiv_fill_rtf_s20260608_q50_types_all_sizes20_50_100_random_component_b20_50_100_200_per_query.csv,arxiv,arxiv,20260608,arxiv,random_walk,20,random,random_component,type_feat32,50,50,50,0,50,0,0,0,0,50,0,0.8533417131000078,1.0145534454999847,1.0992135934999567,95.7,209.14999999999998,19.98,11225.594327241557,100655.66772906524,7.48,0.03985795454545455,0.4253035789967608,1000000000.0,1000000000.0,1000000000.0,0.0,239.34035580681723,3.086267232957725,0,0,0,2,3,12,33,0,0,0,,,,,,,,,,,,,,,,,,,,,,,,,,,,,,,,,,,,,,,,,,,,,,,,,,,,,,,,,,,,,,,,,,,,,,,,,,,,,,,,,,,,,,,,,,,,,,,,,,,,,,,,,,,,,,,,,,,,,,0,0,0,2,3,12,33,0,0,0,0,0,0,2,5,17,50,50,50,50
runs\lightning_completion\jigsaw-arxiv-random-topo-filterall-gcp-cpux8-v2-resume\summary.csv,C:\Users\Swastik\Desktop\Jigsaw\runs\lightning_completion\jigsaw-arxiv-random-topo-filterall-gcp-cpux8-v2-resume\results\prod_arxiv_fill_rtf_s20260608_q50_types_all_sizes20_50_100_random_component_b20_50_100_200_per_query.csv,arxiv,arxiv,20260608,arxiv,random_walk,50,random,random_component,type_feat32,50,50,50,0,50,0,0,0,0,50,0,0.9072840362400121,0.9202544930000727,1.1354096371499223,261.92,427.3499999999999,50.3,3764.643777964613,63445.298044150615,14.66,0.07595854922279793,0.44933384268671966,1000000000.0,1000000000.0,1000000000.0,0.0,230.11706245078028,4.930615331606268,0,0,0,0,2,3,45,0,0,0,,,,,,,,,,,,,,,,,,,,,,,,,,,,,,,,,,,,,,,,,,,,,,,,,,,,,,,,,,,,,,,,,,,,,,,,,,,,,,,,,,,,,,,,,,,,,,,,,,,,,,,,,,,,,,,,,,,,,,0,0,0,0,2,3,45,0,0,0,0,0,0,0,2,5,50,50,50,50
runs\lightning_completion\jigsaw-arxiv-random-topo-filterall-gcp-cpux8-v2-resume\summary.csv,C:\Users\Swastik\Desktop\Jigsaw\runs\lightning_completion\jigsaw-arxiv-random-topo-filterall-gcp-cpux8-v2-resume\results\prod_arxiv_fill_rtf_s20260608_q50_types_all_sizes20_50_100_random_component_b20_50_100_200_per_query.csv,arxiv,arxiv,20260608,arxiv,random_walk,100,random,random_component,type_feat32,50,50,50,0,50,0,0,0,0,50,0,0.8755336460200351,0.886562938499992,0.9932281574500621,624.68,987.5499999999998,100.78,1691.6188566380088,7425.852665419117,29.0,0.14607142857142857,0.45843714555649573,1000000000.0,1000000000.0,1000000000.0,0.0,215.6050785459296,7.7453413571405765,0,0,0,0,0,4,46,0,0,0,,,,,,,,,,,,,,,,,,,,,,,,,,,,,,,,,,,,,,,,,,,,,,,,,,,,,,,,,,,,,,,,,,,,,,,,,,,,,,,,,,,,,,,,,,,,,,,,,,,,,,,,,,,,,,,,,,,,,,0,0,0,0,0,4,46,0,0,0,0,0,0,0,0,4,50,50,50,50
runs\lightning_completion\jigsaw-arxiv-random-topo-filterall-gcp-cpux8-v2-resume\summary.csv,C:\Users\Swastik\Desktop\Jigsaw\runs\lightning_completion\jigsaw-arxiv-random-topo-filterall-gcp-cpux8-v2-resume\results\prod_arxiv_fill_rtf_s20260608_q50_types_all_sizes20_50_100_random_component_b20_50_100_200_per_query.csv,arxiv,arxiv,20260608,arxiv,single,20,random,random_component,type_feat32,50,50,50,0,50,0,0,0,0,50,0,0.5432950710599971,0.5039476229999877,0.8869940470999182,83.14,214.09999999999994,19.84,10405.269207473897,222687.67955343868,1.0,0.0042,0.3,1000000000.0,1000000000.0,1000000000.0,0.0,178.07549919999892,3.0228578200001266,0,0,0,7,8,13,22,0,0,0,,,,,,,,,,,,,,,,,,,,,,,,,,,,,,,,,,,,,,,,,,,,,,,,,,,,,,,,,,,,,,,,,,,,,,,,,,,,,,,,,,,,,,,,,,,,,,,,,,,,,,,,,,,,,,,,,,,,,,0,0,0,7,8,13,22,0,0,0,0,0,0,7,15,28,50,50,50,50
runs\lightning_completion\jigsaw-arxiv-random-topo-filterall-gcp-cpux8-v2-resume\summary.csv,C:\Users\Swastik\Desktop\Jigsaw\runs\lightning_completion\jigsaw-arxiv-random-topo-filterall-gcp-cpux8-v2-resume\results\prod_arxiv_fill_rtf_s20260608_q50_types_all_sizes20_50_100_random_component_b20_50_100_200_per_query.csv,arxiv,arxiv,20260608,arxiv,single,50,random,random_component,type_feat32,50,50,50,0,50,0,0,0,0,50,0,0.6880522166999594,0.7650417250000032,1.09842144750001,191.24,425.54999999999995,50.18,3902.4998666223646,102889.01387013616,1.0,0.004519230769230769,0.32051282051282054,1000000000.0,1000000000.0,1000000000.0,0.0,214.27960202563102,6.249954608971364,0,0,0,7,5,13,25,0,0,0,,,,,,,,,,,,,,,,,,,,,,,,,,,,,,,,,,,,,,,,,,,,,,,,,,,,,,,,,,,,,,,,,,,,,,,,,,,,,,,,,,,,,,,,,,,,,,,,,,,,,,,,,,,,,,,,,,,,,,0,0,0,7,5,13,25,0,0,0,0,0,0,7,12,25,50,50,50,50
runs\lightning_completion\jigsaw-arxiv-random-topo-filterall-gcp-cpux8-v2-resume\summary.csv,C:\Users\Swastik\Desktop\Jigsaw\runs\lightning_completion\jigsaw-arxiv-random-topo-filterall-gcp-cpux8-v2-resume\results\prod_arxiv_fill_rtf_s20260608_q50_types_all_sizes20_50_100_random_component_b20_50_100_200_per_query.csv,arxiv,arxiv,20260608,arxiv,single,100,random,random_component,type_feat32,50,50,50,0,50,0,0,0,0,50,0,0.6956373932200131,0.8571492175002504,0.9908863610000593,465.14,1111.5999999999995,100.18,1823.0552608870355,33515.6425590559,1.0,0.0034337349397590366,0.30120481927710846,1000000000.0,1000000000.0,1000000000.0,0.0,199.80221776506548,9.727117542167369,0,0,0,4,6,10,30,0,0,0,,,,,,,,,,,,,,,,,,,,,,,,,,,,,,,,,,,,,,,,,,,,,,,,,,,,,,,,,,,,,,,,,,,,,,,,,,,,,,,,,,,,,,,,,,,,,,,,,,,,,,,,,,,,,,,,,,,,,,0,0,0,4,6,10,30,0,0,0,0,0,0,4,10,20,50,50,50,50
runs\lightning_completion\jigsaw-arxiv-random-topo-filterall-gcp-cpux8-v2-resume\summary.csv,C:\Users\Swastik\Desktop\Jigsaw\runs\lightning_completion\jigsaw-arxiv-random-topo-filterall-gcp-cpux8-v2-resume\results\prod_arxiv_fill_rtf_s20260608_q50_types_all_sizes20_50_100_random_component_b20_50_100_200_per_query.csv,arxiv,arxiv,20260608,arxiv,negative_label,20,random,random_component,type_feat32,50,0,0,50,0,0,50,0,0,48,0,0.9164624866600071,0.8943351329999132,1.0852215979999584,139.68,281.6499999999999,0.0,8666.530690695625,99782.50454382894,6.82,0.029775,0.42013634241575415,1000000000.0,1000000000.0,1000000000.0,0.0,229.11562166500175,0.0,0,0,0,0,0,0,0,0,0,0,,,,,,,,,,,,,,,,,,,,,,,,,,,,,,,,,,,,,,,,,,,,,,,,,,,,,,,,,,,,,,,,,,,,,,,,,,,,,,,,,,,,,,,,,,,,,,,,,,,,,,,,,,,,,,,,,,,,,,0,0,0,0,0,0,0,0,0,0,0,0,0,0,0,0,0,0,0,0
runs\lightning_completion\jigsaw-arxiv-random-topo-filterall-gcp-cpux8-v2-resume\summary.csv,C:\Users\Swastik\Desktop\Jigsaw\runs\lightning_completion\jigsaw-arxiv-random-topo-filterall-gcp-cpux8-v2-resume\results\prod_arxiv_fill_rtf_s20260608_q50_types_all_sizes20_50_100_random_component_b20_50_100_200_per_query.csv,arxiv,arxiv,20260608,arxiv,negative_label,50,random,random_component,type_feat32,50,0,0,50,0,0,50,0,0,43,0,0.8263673797200091,0.8132433889999788,0.9232528413500802,338.08,603.15,0.0,2714.48918728237,54637.72492307947,12.48,0.05985,0.44411658465622655,1000000000.0,1000000000.0,1000000000.0,0.0,206.59184493000225,0.0,0,0,0,0,0,0,0,0,0,0,,,,,,,,,,,,,,,,,,,,,,,,,,,,,,,,,,,,,,,,,,,,,,,,,,,,,,,,,,,,,,,,,,,,,,,,,,,,,,,,,,,,,,,,,,,,,,,,,,,,,,,,,,,,,,,,,,,,,,0,0,0,0,0,0,0,0,0,0,0,0,0,0,0,0,0,0,0,0
runs\lightning_completion\jigsaw-arxiv-random-topo-filterall-gcp-cpux8-v2-resume\summary.csv,C:\Users\Swastik\Desktop\Jigsaw\runs\lightning_completion\jigsaw-arxiv-random-topo-filterall-gcp-cpux8-v2-resume\results\prod_arxiv_fill_rtf_s20260608_q50_types_all_sizes20_50_100_random_component_b20_50_100_200_per_query.csv,arxiv,arxiv,20260608,arxiv,negative_label,100,random,random_component,type_feat32,50,0,0,50,0,0,50,0,0,35,0,0.8560865375200001,0.8493128420000176,0.9356471095001211,642.3,1134.4999999999998,0.0,1215.637230397899,12157.623507616949,24.94,0.12842499999999998,0.4658977690249298,1000000000.0,1000000000.0,1000000000.0,0.0,214.02163438000002,0.0,0,0,0,0,0,0,0,0,0,0,,,,,,,,,,,,,,,,,,,,,,,,,,,,,,,,,,,,,,,,,,,,,,,,,,,,,,,,,,,,,,,,,,,,,,,,,,,,,,,,,,,,,,,,,,,,,,,,,,,,,,,,,,,,,,,,,,,,,,0,0,0,0,0,0,0,0,0,0,0,0,0,0,0,0,0,0,0,0
runs\lightning_completion\jigsaw-arxiv-random-topo-filterall-gcp-cpux8-v2-resume\summary.csv,C:\Users\Swastik\Desktop\Jigsaw\runs\lightning_completion\jigsaw-arxiv-random-topo-filterall-gcp-cpux8-v2-resume\results\prod_arxiv_fill_rtf_s20260608_q50_types_all_sizes20_50_100_random_component_b20_50_100_200_per_query.csv,arxiv,arxiv,20260608,arxiv,negative_structure,20,random,random_component,type_feat32,50,0,0,50,0,0,50,0,0,50,0,0.9469718187600256,0.9452476624999804,1.0931655282500288,89.36,221.89999999999986,19.5,12698.159196969696,111266.5274303622,5.48,0.025249999999999998,0.4572092352092352,1000000000.0,1000000000.0,1000000000.0,0.0,231.94990127000267,4.79305342000373,0,0,0,0,0,0,0,0,0,0,,,,,,,,,,,,,,,,,,,,,,,,,,,,,,,,,,,,,,,,,,,,,,,,,,,,,,,,,,,,,,,,,,,,,,,,,,,,,,,,,,,,,,,,,,,,,,,,,,,,,,,,,,,,,,,,,,,,,,0,0,0,0,0,0,0,0,0,0,0,0,0,0,0,0,0,0,0,0
runs\lightning_completion\jigsaw-arxiv-random-topo-filterall-gcp-cpux8-v2-resume\summary.csv,C:\Users\Swastik\Desktop\Jigsaw\runs\lightning_completion\jigsaw-arxiv-random-topo-filterall-gcp-cpux8-v2-resume\results\prod_arxiv_fill_rtf_s20260608_q50_types_all_sizes20_50_100_random_component_b20_50_100_200_per_query.csv,arxiv,arxiv,20260608,arxiv,negative_structure,50,random,random_component,type_feat32,50,0,0,50,0,0,50,0,0,50,0,0.8703155866399856,0.8509610604997988,0.9816569539998682,214.0,480.69999999999993,50.1,3628.0847371229193,52861.98842592483,13.04,0.06785000000000001,0.47210410510971657,1000000000.0,1000000000.0,1000000000.0,0.0,209.96223420499632,7.616662455000096,0,0,0,0,0,0,0,0,0,0,,,,,,,,,,,,,,,,,,,,,,,,,,,,,,,,,,,,,,,,,,,,,,,,,,,,,,,,,,,,,,,,,,,,,,,,,,,,,,,,,,,,,,,,,,,,,,,,,,,,,,,,,,,,,,,,,,,,,,0,0,0,0,0,0,0,0,0,0,0,0,0,0,0,0,0,0,0,0
runs\lightning_completion\jigsaw-arxiv-random-topo-filterall-gcp-cpux8-v2-resume\summary.csv,C:\Users\Swastik\Desktop\Jigsaw\runs\lightning_completion\jigsaw-arxiv-random-topo-filterall-gcp-cpux8-v2-resume\results\prod_arxiv_fill_rtf_s20260608_q50_types_all_sizes20_50_100_random_component_b20_50_100_200_per_query.csv,arxiv,arxiv,20260608,arxiv,negative_structure,100,random,random_component,type_feat32,50,0,0,50,0,0,50,0,0,50,0,0.9097892177800168,0.8849212070000476,1.0108175989502115,456.0,998.3499999999997,100.5,1880.777398625072,24611.870229969994,23.94,0.11842499999999999,0.4567352932566171,1000000000.0,1000000000.0,1000000000.0,0.0,216.46349143499265,10.983813010011545,0,0,0,0,0,0,0,0,0,0,,,,,,,,,,,,,,,,,,,,,,,,,,,,,,,,,,,,,,,,,,,,,,,,,,,,,,,,,,,,,,,,,,,,,,,,,,,,,,,,,,,,,,,,,,,,,,,,,,,,,,,,,,,,,,,,,,,,,,0,0,0,0,0,0,0,0,0,0,0,0,0,0,0,0,0,0,0,0
runs\logs\crm_results_dir\production_benchmark_summary.csv,runs\logs\crm_results_dir\results\prod_arxiv_s20260607_q50_types_all_sizes20_50_100_mean_feature_component_b20_50_100_200_per_query.csv,arxiv,arxiv,20260607,arxiv,k_hop,20,mean_feature,mean_feature_component,type_feat32,50,50,50,0,50,0,0,0,0,50,0,0.1147291772199975,0.0846676564999882,0.33007938359999067,23.98,36.19999999999999,19.84,8549.805511904762,55193.5020832375,5.7,0.15675,0.6819982958218253,48.5,164.95,182.54999999999998,5.307336316666067,80.30624393333314,15.301403749998125,0,0,0,44,3,2,1,0,0,0,,,,,,,,,,,,,,,,,,,,,,,,,,,,,,,,,,,,,,,,,,,,,,,,,,,,,,,,,,,,,,,,,,,,,,,,,,,,,,,,,,,,,,,,,,,,,,,,,,,,,,,,,,,,,,,,,,,,,,0,0,0,44,3,2,1,0,0,0,0,0,0,44,47,49,50,50,50,50
runs\logs\crm_results_dir\production_benchmark_summary.csv,runs\logs\crm_results_dir\results\prod_arxiv_s20260607_q50_types_all_sizes20_50_100_mean_feature_component_b20_50_100_200_per_query.csv,arxiv,arxiv,20260607,arxiv,k_hop,50,mean_feature,mean_feature_component,type_feat32,50,50,50,0,50,0,0,0,0,50,0,0.16468766990000291,0.10711527700000545,0.45016937975001237,103.24,305.84999999999985,49.72,3399.6999769753975,10551.124699570597,11.54,0.2669014084507042,0.6476654159273093,86.0,165.0,175.09999999999997,5.262680690145451,95.81445347887485,20.162778845070843,0,0,0,36,8,5,1,0,0,0,,,,,,,,,,,,,,,,,,,,,,,,,,,,,,,,,,,,,,,,,,,,,,,,,,,,,,,,,,,,,,,,,,,,,,,,,,,,,,,,,,,,,,,,,,,,,,,,,,,,,,,,,,,,,,,,,,,,,,0,0,0,36,8,5,1,0,0,0,0,0,0,36,44,49,50,50,50,50
runs\logs\crm_results_dir\production_benchmark_summary.csv,runs\logs\crm_results_dir\results\prod_arxiv_s20260607_q50_types_all_sizes20_50_100_mean_feature_component_b20_50_100_200_per_query.csv,arxiv,arxiv,20260607,arxiv,k_hop,100,mean_feature,mean_feature_component,type_feat32,50,50,50,0,50,0,0,0,0,50,0,0.21158083309999826,0.1350481090000244,0.5141281898999466,199.02,678.4499999999998,100.22,1684.5046342858054,4361.3831650680995,23.2,0.41695945945945945,0.5648999891650845,112.5,188.75,196.57,5.36755740539916,111.93887301351272,31.021149351350974,0,0,0,35,7,7,1,0,0,0,,,,,,,,,,,,,,,,,,,,,,,,,,,,,,,,,,,,,,,,,,,,,,,,,,,,,,,,,,,,,,,,,,,,,,,,,,,,,,,,,,,,,,,,,,,,,,,,,,,,,,,,,,,,,,,,,,,,,,0,0,0,35,7,7,1,0,0,0,0,0,0,35,42,49,50,50,50,50
runs\logs\crm_results_dir\production_benchmark_summary.csv,runs\logs\crm_results_dir\results\prod_arxiv_s20260607_q50_types_all_sizes20_50_100_mean_feature_component_b20_50_100_200_per_query.csv,arxiv,arxiv,20260607,arxiv,degree_k_hop,20,mean_feature,mean_feature_component,type_feat32,50,50,50,0,50,0,0,0,0,50,0,0.11459879659999729,0.08127485599997897,0.3933721484499798,27.68,49.04999999999991,20.06,8451.755181818182,36738.00139122929,5.86,0.1665,0.7095907564657564,60.5,143.1,168.0,5.077102916665884,81.06086103333136,14.438136133333046,0,0,0,45,1,3,1,0,0,0,,,,,,,,,,,,,,,,,,,,,,,,,,,,,,,,,,,,,,,,,,,,,,,,,,,,,,,,,,,,,,,,,,,,,,,,,,,,,,,,,,,,,,,,,,,,,,,,,,,,,,,,,,,,,,,,,,,,,,0,0,0,45,1,3,1,0,0,0,0,0,0,45,46,49,50,50,50,50
runs\logs\crm_results_dir\production_benchmark_summary.csv,runs\logs\crm_results_dir\results\prod_arxiv_s20260607_q50_types_all_sizes20_50_100_mean_feature_component_b20_50_100_200_per_query.csv,arxiv,arxiv,20260607,arxiv,degree_k_hop,50,mean_feature,mean_feature_component,type_feat32,50,50,50,0,50,0,0,0,0,50,0,0.14896478000000116,0.10587919399998214,0.4225474817000332,75.22,241.59999999999985,50.04,3381.547278431373,10410.444299515522,12.3,0.2986923076923077,0.6705599018827841,98.0,174.29999999999998,182.51,5.33608606154023,92.10609500000042,22.482197307692786,0,0,0,41,4,4,1,0,0,0,,,,,,,,,,,,,,,,,,,,,,,,,,,,,,,,,,,,,,,,,,,,,,,,,,,,,,,,,,,,,,,,,,,,,,,,,,,,,,,,,,,,,,,,,,,,,,,,,,,,,,,,,,,,,,,,,,,,,,0,0,0,41,4,4,1,0,0,0,0,0,0,41,45,49,50,50,50,50
runs\logs\crm_results_dir\production_benchmark_summary.csv,runs\logs\crm_results_dir\results\prod_arxiv_s20260607_q50_types_all_sizes20_50_100_mean_feature_component_b20_50_100_200_per_query.csv,arxiv,arxiv,20260607,arxiv,degree_k_hop,100,mean_feature,mean_feature_component,type_feat32,50,50,50,0,50,0,0,0,0,50,0,0.2220260449599948,0.13294189799998435,0.5199686005999808,208.46,696.6499999999996,100.14,1691.3238514301238,4366.794599539793,20.24,0.41759740259740263,0.6160692489712479,122.5,178.64999999999998,186.05999999999997,5.4419049220788205,114.20084638960925,29.971910077919844,0,0,0,33,9,6,2,0,0,0,,,,,,,,,,,,,,,,,,,,,,,,,,,,,,,,,,,,,,,,,,,,,,,,,,,,,,,,,,,,,,,,,,,,,,,,,,,,,,,,,,,,,,,,,,,,,,,,,,,,,,,,,,,,,,,,,,,,,,0,0,0,33,9,6,2,0,0,0,0,0,0,33,42,48,50,50,50,50
runs\logs\crm_results_dir\production_benchmark_summary.csv,runs\logs\crm_results_dir\results\prod_arxiv_s20260607_q50_types_all_sizes20_50_100_mean_feature_component_b20_50_100_200_per_query.csv,arxiv,arxiv,20260607,arxiv,random_walk,20,mean_feature,mean_feature_component,type_feat32,50,50,50,0,50,0,0,0,0,50,0,0.24924067632000402,0.1963034489999842,0.7270523663999995,64.92,186.8999999999999,20.1,8446.379213564212,47501.18373435776,7.76,0.14239795918367348,0.6536698845372314,82.0,158.1,182.17999999999998,5.239641051023587,117.97365969387937,9.189950673469621,0,0,0,21,16,7,6,0,0,0,,,,,,,,,,,,,,,,,,,,,,,,,,,,,,,,,,,,,,,,,,,,,,,,,,,,,,,,,,,,,,,,,,,,,,,,,,,,,,,,,,,,,,,,,,,,,,,,,,,,,,,,,,,,,,,,,,,,,,0,0,0,21,16,7,6,0,0,0,0,0,0,21,37,44,50,50,50,50
runs\logs\crm_results_dir\production_benchmark_summary.csv,runs\logs\crm_results_dir\results\prod_arxiv_s20260607_q50_types_all_sizes20_50_100_mean_feature_component_b20_50_100_200_per_query.csv,arxiv,arxiv,20260607,arxiv,random_walk,50,mean_feature,mean_feature_component,type_feat32,50,50,50,0,50,0,0,0,0,50,0,0.4789178686800005,0.44916839550000986,0.7886456891999643,254.84,475.79999999999984,50.34,3373.7285561228264,12402.317364912615,17.68,0.2123310810810811,0.6169772574551987,119.0,189.14999999999998,198.02,5.237339966218866,152.2208498513518,9.575727405405132,0,0,0,3,11,21,15,0,0,0,,,,,,,,,,,,,,,,,,,,,,,,,,,,,,,,,,,,,,,,,,,,,,,,,,,,,,,,,,,,,,,,,,,,,,,,,,,,,,,,,,,,,,,,,,,,,,,,,,,,,,,,,,,,,,,,,,,,,,0,0,0,3,11,21,15,0,0,0,0,0,0,3,14,35,50,50,50,50
runs\logs\crm_results_dir\production_benchmark_summary.csv,runs\logs\crm_results_dir\results\prod_arxiv_s20260607_q50_types_all_sizes20_50_100_mean_feature_component_b20_50_100_200_per_query.csv,arxiv,arxiv,20260607,arxiv,random_walk,100,mean_feature,mean_feature_component,type_feat32,50,50,50,0,50,0,0,0,0,50,0,0.6435848026200119,0.7534520444999941,0.8403425607999424,549.16,951.4,100.44,1684.7956857613008,5029.445380010819,29.4,0.2805232558139535,0.6093397443097462,146.0,195.1,197.51,5.317584691865612,173.90795858139836,13.180646831395789,0,0,0,1,3,19,27,0,0,0,,,,,,,,,,,,,,,,,,,,,,,,,,,,,,,,,,,,,,,,,,,,,,,,,,,,,,,,,,,,,,,,,,,,,,,,,,,,,,,,,,,,,,,,,,,,,,,,,,,,,,,,,,,,,,,,,,,,,,0,0,0,1,3,19,27,0,0,0,0,0,0,1,4,23,50,50,50,50
runs\logs\crm_results_dir\production_benchmark_summary.csv,runs\logs\crm_results_dir\results\prod_arxiv_s20260607_q50_types_all_sizes20_50_100_mean_feature_component_b20_50_100_200_per_query.csv,arxiv,arxiv,20260607,arxiv,single,20,mean_feature,mean_feature_component,type_feat32,50,50,50,0,50,0,0,0,0,50,0,0.09737917925999938,0.08558122499999143,0.15095787630000274,22.74,26.49999999999997,19.9,8516.2668008658,37439.892428151514,1.0,0.044444444444444446,0.9259259259259259,1.0,23.149999999999963,41.19999999999996,5.33663240740728,72.85194972222192,17.313956999999725,0,0,0,47,2,1,0,0,0,0,,,,,,,,,,,,,,,,,,,,,,,,,,,,,,,,,,,,,,,,,,,,,,,,,,,,,,,,,,,,,,,,,,,,,,,,,,,,,,,,,,,,,,,,,,,,,,,,,,,,,,,,,,,,,,,,,,,,,,0,0,0,47,2,1,0,0,0,0,0,0,0,47,49,50,50,50,50,50
runs\logs\crm_results_dir\production_benchmark_summary.csv,runs\logs\crm_results_dir\results\prod_arxiv_s20260607_q50_types_all_sizes20_50_100_mean_feature_component_b20_50_100_200_per_query.csv,arxiv,arxiv,20260607,arxiv,single,50,mean_feature,mean_feature_component,type_feat32,50,50,50,0,50,0,0,0,0,50,0,0.11278576214000281,0.09949795250001614,0.23979208465000848,59.68,123.74999999999993,50.14,3360.7422936574894,11677.958793912841,1.0,0.04309090909090909,0.9090909090909091,1.0,24.749999999999986,51.729999999999954,5.188449109089726,77.06060092727398,25.471910109092217,0,0,0,46,3,1,0,0,0,0,,,,,,,,,,,,,,,,,,,,,,,,,,,,,,,,,,,,,,,,,,,,,,,,,,,,,,,,,,,,,,,,,,,,,,,,,,,,,,,,,,,,,,,,,,,,,,,,,,,,,,,,,,,,,,,,,,,,,,0,0,0,46,3,1,0,0,0,0,0,0,0,46,49,50,50,50,50,50
runs\logs\crm_results_dir\production_benchmark_summary.csv,runs\logs\crm_results_dir\results\prod_arxiv_s20260607_q50_types_all_sizes20_50_100_mean_feature_component_b20_50_100_200_per_query.csv,arxiv,arxiv,20260607,arxiv,single,100,mean_feature,mean_feature_component,type_feat32,50,50,50,0,50,0,0,0,0,50,0,0.13025906513999302,0.1319748324999921,0.157624013850031,102.06,102.0,100.16,1688.0973614707673,3800.0943289190513,1.0,0.048431372549019615,0.9803921568627451,1.0,7.199999999999989,20.19999999999996,5.377164509805059,83.2639647451009,44.44100107842168,0,0,0,49,1,0,0,0,0,0,,,,,,,,,,,,,,,,,,,,,,,,,,,,,,,,,,,,,,,,,,,,,,,,,,,,,,,,,,,,,,,,,,,,,,,,,,,,,,,,,,,,,,,,,,,,,,,,,,,,,,,,,,,,,,,,,,,,,,0,0,0,49,1,0,0,0,0,0,0,0,0,49,50,50,50,50,50,50
runs\logs\crm_results_dir\production_benchmark_summary.csv,runs\logs\crm_results_dir\results\prod_arxiv_s20260607_q50_types_negative_sizes20_50_100_mean_feature_component_b20_50_100_200_per_query.csv,arxiv,arxiv,20260607,arxiv,negative_label,20,mean_feature,mean_feature_component,type_feat32,50,0,0,50,0,0,50,0,0,48,0,0.6600892384800003,0.659079100500005,0.6837316147500004,143.06,351.9999999999999,0.0,22840.53081398698,125742.4966075335,6.92,0.02765,0.4431336841263312,184.5,199.0,200.0,11.936516459998643,165.0223096200001,0.0,0,0,0,0,0,0,0,0,0,0,,,,,,,,,,,,,,,,,,,,,,,,,,,,,,,,,,,,,,,,,,,,,,,,,,,,,,,,,,,,,,,,,,,,,,,,,,,,,,,,,,,,,,,,,,,,,,,,,,,,,,,,,,,,,,,,,,,,,,0,0,0,0,0,0,0,0,0,0,0,0,0,0,0,0,0,0,0,0
runs\logs\crm_results_dir\production_benchmark_summary.csv,runs\logs\crm_results_dir\results\prod_arxiv_s20260607_q50_types_negative_sizes20_50_100_mean_feature_component_b20_50_100_200_per_query.csv,arxiv,arxiv,20260607,arxiv,negative_label,50,mean_feature,mean_feature_component,type_feat32,50,0,0,50,0,0,50,0,0,36,0,0.6804260941199973,0.6784290545000005,0.7009558142000052,330.24,621.2999999999997,0.0,7098.65145628471,86841.11222210525,14.58,0.051375000000000004,0.42416292838577396,195.0,200.0,200.0,5.045943019999015,170.10652352999932,0.0,0,0,0,0,0,0,0,0,0,0,,,,,,,,,,,,,,,,,,,,,,,,,,,,,,,,,,,,,,,,,,,,,,,,,,,,,,,,,,,,,,,,,,,,,,,,,,,,,,,,,,,,,,,,,,,,,,,,,,,,,,,,,,,,,,,,,,,,,,0,0,0,0,0,0,0,0,0,0,0,0,0,0,0,0,0,0,0,0
runs\logs\crm_results_dir\production_benchmark_summary.csv,runs\logs\crm_results_dir\results\prod_arxiv_s20260607_q50_types_negative_sizes20_50_100_mean_feature_component_b20_50_100_200_per_query.csv,arxiv,arxiv,20260607,arxiv,negative_label,100,mean_feature,mean_feature_component,type_feat32,50,0,0,50,0,0,50,0,0,33,0,0.7339259124600056,0.7335690239999906,0.759800498349982,658.76,1141.6999999999998,0.0,3647.4082977569064,72246.34165077828,21.04,0.0722,0.42982766427910724,195.0,200.0,200.0,5.134097859997269,183.4814781150014,0.0,0,0,0,0,0,0,0,0,0,0,,,,,,,,,,,,,,,,,,,,,,,,,,,,,,,,,,,,,,,,,,,,,,,,,,,,,,,,,,,,,,,,,,,,,,,,,,,,,,,,,,,,,,,,,,,,,,,,,,,,,,,,,,,,,,,,,,,,,,0,0,0,0,0,0,0,0,0,0,0,0,0,0,0,0,0,0,0,0
runs\logs\crm_results_dir\production_benchmark_summary.csv,runs\logs\crm_results_dir\results\prod_arxiv_s20260607_q50_types_negative_sizes20_50_100_mean_feature_component_b20_50_100_200_per_query.csv,arxiv,arxiv,20260607,arxiv,negative_structure,20,mean_feature,mean_feature_component,type_feat32,50,0,0,50,0,0,50,0,0,50,0,0.7210530319600003,0.723079329000015,0.7519814502499813,32.26,55.39999999999998,19.74,8918.914604978354,42814.484220804836,6.02,0.086425,0.8474008075258075,65.0,150.39999999999998,173.80999999999995,5.292759059999526,163.5746234400004,16.688634549999648,0,0,0,0,0,0,0,0,0,0,,,,,,,,,,,,,,,,,,,,,,,,,,,,,,,,,,,,,,,,,,,,,,,,,,,,,,,,,,,,,,,,,,,,,,,,,,,,,,,,,,,,,,,,,,,,,,,,,,,,,,,,,,,,,,,,,,,,,,0,0,0,0,0,0,0,0,0,0,0,0,0,0,0,0,0,0,0,0
runs\logs\crm_results_dir\production_benchmark_summary.csv,runs\logs\crm_results_dir\results\prod_arxiv_s20260607_q50_types_negative_sizes20_50_100_mean_feature_component_b20_50_100_200_per_query.csv,arxiv,arxiv,20260607,arxiv,negative_structure,50,mean_feature,mean_feature_component,type_feat32,50,0,0,50,0,0,50,0,0,50,0,0.7844323436000025,0.7852958285000256,0.8221094407499834,119.72,448.94999999999976,50.14,3376.285640723982,9984.022752600671,13.08,0.1824,0.8212683760397878,102.0,192.95,199.51,5.3604549199963,171.6615912250002,24.446494675000423,0,0,0,0,0,0,0,0,0,0,,,,,,,,,,,,,,,,,,,,,,,,,,,,,,,,,,,,,,,,,,,,,,,,,,,,,,,,,,,,,,,,,,,,,,,,,,,,,,,,,,,,,,,,,,,,,,,,,,,,,,,,,,,,,,,,,,,,,,0,0,0,0,0,0,0,0,0,0,0,0,0,0,0,0,0,0,0,0
runs\logs\crm_results_dir\production_benchmark_summary.csv,runs\logs\crm_results_dir\results\prod_arxiv_s20260607_q50_types_negative_sizes20_50_100_mean_feature_component_b20_50_100_200_per_query.csv,arxiv,arxiv,20260607,arxiv,negative_structure,100,mean_feature,mean_feature_component,type_feat32,50,0,0,50,0,0,50,0,0,50,0,0.8736326933400045,0.8883955244999839,0.9201750177000363,187.72,555.8499999999999,100.26,1687.8851954551533,4100.841250495511,20.14,0.261525,0.8022443804070213,116.5,187.69999999999996,197.04,5.304249399993637,180.36389101000086,38.044282325000296,0,0,0,0,0,0,0,0,0,0,,,,,,,,,,,,,,,,,,,,,,,,,,,,,,,,,,,,,,,,,,,,,,,,,,,,,,,,,,,,,,,,,,,,,,,,,,,,,,,,,,,,,,,,,,,,,,,,,,,,,,,,,,,,,,,,,,,,,,0,0,0,0,0,0,0,0,0,0,0,0,0,0,0,0,0,0,0,0
runs\logs\crm_results_dir\production_benchmark_summary.csv,runs\logs\crm_results_dir\results\prod_arxiv_s20260608_q50_types_all_sizes20_50_100_mean_feature_component_b20_50_100_200_per_query.csv,arxiv,arxiv,20260608,arxiv,k_hop,20,mean_feature,mean_feature_component,type_feat32,50,50,50,0,50,0,0,0,0,50,0,0.13583824409999978,0.09639224300002525,0.43027100240002186,27.08,71.74999999999999,19.78,8630.010971291866,49766.41855400841,5.76,0.15161290322580645,0.6855327468230693,55.5,127.49999999999997,150.57,5.516213451612419,93.36715849999857,16.179812548388337,0,0,0,44,2,2,2,0,0,0,,,,,,,,,,,,,,,,,,,,,,,,,,,,,,,,,,,,,,,,,,,,,,,,,,,,,,,,,,,,,,,,,,,,,,,,,,,,,,,,,,,,,,,,,,,,,,,,,,,,,,,,,,,,,,,,,,,,,,0,0,0,44,2,2,2,0,0,0,0,0,0,44,46,48,50,50,50,50
runs\logs\crm_results_dir\production_benchmark_summary.csv,runs\logs\crm_results_dir\results\prod_arxiv_s20260608_q50_types_all_sizes20_50_100_mean_feature_component_b20_50_100_200_per_query.csv,arxiv,arxiv,20260608,arxiv,k_hop,50,mean_feature,mean_feature_component,type_feat32,50,50,50,0,50,0,0,0,0,50,0,0.19279983800000308,0.11860830099999475,0.4788098558499939,118.74,351.3499999999998,50.22,3359.7539302018245,11449.25554827378,15.04,0.2996103896103896,0.6427950926311563,101.5,165.84999999999997,179.11999999999998,5.250166493504088,107.39786902597452,17.796830974027493,0,0,0,32,11,5,2,0,0,0,,,,,,,,,,,,,,,,,,,,,,,,,,,,,,,,,,,,,,,,,,,,,,,,,,,,,,,,,,,,,,,,,,,,,,,,,,,,,,,,,,,,,,,,,,,,,,,,,,,,,,,,,,,,,,,,,,,,,,0,0,0,32,11,5,2,0,0,0,0,0,0,32,43,48,50,50,50,50
runs\logs\crm_results_dir\production_benchmark_summary.csv,runs\logs\crm_results_dir\results\prod_arxiv_s20260608_q50_types_all_sizes20_50_100_mean_feature_component_b20_50_100_200_per_query.csv,arxiv,arxiv,20260608,arxiv,k_hop,100,mean_feature,mean_feature_component,type_feat32,50,50,50,0,50,0,0,0,0,50,0,0.28770187430000194,0.15067464050000012,0.8322172848999911,248.96,646.8999999999999,100.34,1683.797917552804,4651.9494608644845,24.2,0.4023333333333333,0.6060962293522679,137.5,188.0,191.52999999999997,5.49878499999876,134.70867620000223,25.125698411109926,0,0,0,29,8,7,6,0,0,0,,,,,,,,,,,,,,,,,,,,,,,,,,,,,,,,,,,,,,,,,,,,,,,,,,,,,,,,,,,,,,,,,,,,,,,,,,,,,,,,,,,,,,,,,,,,,,,,,,,,,,,,,,,,,,,,,,,,,,0,0,0,29,8,7,6,0,0,0,0,0,0,29,37,44,50,50,50,50
runs\logs\crm_results_dir\production_benchmark_summary.csv,runs\logs\crm_results_dir\results\prod_arxiv_s20260608_q50_types_all_sizes20_50_100_mean_feature_component_b20_50_100_200_per_query.csv,arxiv,arxiv,20260608,arxiv,degree_k_hop,20,mean_feature,mean_feature_component,type_feat32,50,50,50,0,50,0,0,0,0,50,0,0.13461870632,0.08698726200000806,0.4208536240500008,29.18,72.49999999999997,20.32,8357.821033813034,53954.3725513213,5.84,0.1459230769230769,0.670525969756739,53.0,164.75,172.07999999999998,5.394392723078367,88.71199344615485,14.840857569229753,0,0,0,40,6,3,1,0,0,0,,,,,,,,,,,,,,,,,,,,,,,,,,,,,,,,,,,,,,,,,,,,,,,,,,,,,,,,,,,,,,,,,,,,,,,,,,,,,,,,,,,,,,,,,,,,,,,,,,,,,,,,,,,,,,,,,,,,,,0,0,0,40,6,3,1,0,0,0,0,0,0,40,46,49,50,50,50,50
runs\logs\crm_results_dir\production_benchmark_summary.csv,runs\logs\crm_results_dir\results\prod_arxiv_s20260608_q50_types_all_sizes20_50_100_mean_feature_component_b20_50_100_200_per_query.csv,arxiv,arxiv,20260608,arxiv,degree_k_hop,50,mean_feature,mean_feature_component,type_feat32,50,50,50,0,50,0,0,0,0,50,0,0.23462252183999566,0.11838086550000071,0.6514522555999369,136.84,405.1,50.14,3373.7796399840636,11177.505154614135,14.68,0.2904651162790698,0.652540015170475,98.5,197.0,199.0,5.472130279072243,119.52037184883514,16.88807108139491,0,0,0,30,7,10,3,0,0,0,,,,,,,,,,,,,,,,,,,,,,,,,,,,,,,,,,,,,,,,,,,,,,,,,,,,,,,,,,,,,,,,,,,,,,,,,,,,,,,,,,,,,,,,,,,,,,,,,,,,,,,,,,,,,,,,,,,,,,0,0,0,30,7,10,3,0,0,0,0,0,0,30,37,47,50,50,50,50
runs\logs\crm_results_dir\production_benchmark_summary.csv,runs\logs\crm_results_dir\results\prod_arxiv_s20260608_q50_types_all_sizes20_50_100_mean_feature_component_b20_50_100_200_per_query.csv,arxiv,arxiv,20260608,arxiv,degree_k_hop,100,mean_feature,mean_feature_component,type_feat32,50,50,50,0,50,0,0,0,0,50,0,0.2383551052400037,0.15714749899998992,0.5288975462500445,225.38,678.9499999999998,100.16,1689.4321170133803,4567.18069894874,22.16,0.39737179487179486,0.5774303155952688,134.0,187.0,192.55,5.747278974345486,121.7163118717938,31.075422256413695,0,0,0,29,16,3,2,0,0,0,,,,,,,,,,,,,,,,,,,,,,,,,,,,,,,,,,,,,,,,,,,,,,,,,,,,,,,,,,,,,,,,,,,,,,,,,,,,,,,,,,,,,,,,,,,,,,,,,,,,,,,,,,,,,,,,,,,,,,0,0,0,29,16,3,2,0,0,0,0,0,0,29,45,48,50,50,50,50
runs\logs\crm_results_dir\production_benchmark_summary.csv,runs\logs\crm_results_dir\results\prod_arxiv_s20260608_q50_types_all_sizes20_50_100_mean_feature_component_b20_50_100_200_per_query.csv,arxiv,arxiv,20260608,arxiv,random_walk,20,mean_feature,mean_feature_component,type_feat32,50,50,50,0,50,0,0,0,0,50,0,0.21988161003999948,0.180610777499993,0.448151643100006,59.12,177.0,19.98,8488.970106442577,42850.33829230645,7.48,0.15711111111111112,0.6795671612338279,81.0,154.64999999999998,164.64999999999998,5.511741022218391,110.93948117777663,11.216968844445319,0,0,0,24,14,10,2,0,0,0,,,,,,,,,,,,,,,,,,,,,,,,,,,,,,,,,,,,,,,,,,,,,,,,,,,,,,,,,,,,,,,,,,,,,,,,,,,,,,,,,,,,,,,,,,,,,,,,,,,,,,,,,,,,,,,,,,,,,,0,0,0,24,14,10,2,0,0,0,0,0,0,24,38,48,50,50,50,50
runs\logs\crm_results_dir\production_benchmark_summary.csv,runs\logs\crm_results_dir\results\prod_arxiv_s20260608_q50_types_all_sizes20_50_100_mean_feature_component_b20_50_100_200_per_query.csv,arxiv,arxiv,20260608,arxiv,random_walk,50,mean_feature,mean_feature_component,type_feat32,50,50,50,0,50,0,0,0,0,50,0,0.4439833281799997,0.45661352550001766,0.7995712101499975,220.38,413.1,50.3,3394.7415100193925,12940.929067785597,14.66,0.20184782608695653,0.6510494245376127,115.5,185.1,195.04,5.427286137680898,150.53830902898474,10.325215673913712,0,0,0,7,8,25,10,0,0,0,,,,,,,,,,,,,,,,,,,,,,,,,,,,,,,,,,,,,,,,,,,,,,,,,,,,,,,,,,,,,,,,,,,,,,,,,,,,,,,,,,,,,,,,,,,,,,,,,,,,,,,,,,,,,,,,,,,,,,0,0,0,7,8,25,10,0,0,0,0,0,0,7,15,40,50,50,50,50
runs\logs\crm_results_dir\production_benchmark_summary.csv,runs\logs\crm_results_dir\results\prod_arxiv_s20260608_q50_types_all_sizes20_50_100_mean_feature_component_b20_50_100_200_per_query.csv,arxiv,arxiv,20260608,arxiv,random_walk,100,mean_feature,mean_feature_component,type_feat32,50,50,50,0,50,0,0,0,0,50,0,0.6937422155199954,0.7978850119999947,0.9929748473499755,580.1,918.65,100.78,1681.3810265416823,4658.496287295703,29.0,0.29848214285714286,0.6291577862618788,136.0,192.1,197.53,5.951641107145295,191.49570481547633,14.975192660712773,0,0,0,1,7,15,27,0,0,0,,,,,,,,,,,,,,,,,,,,,,,,,,,,,,,,,,,,,,,,,,,,,,,,,,,,,,,,,,,,,,,,,,,,,,,,,,,,,,,,,,,,,,,,,,,,,,,,,,,,,,,,,,,,,,,,,,,,,,0,0,0,1,7,15,27,0,0,0,0,0,0,1,8,23,50,50,50,50
runs\logs\crm_results_dir\production_benchmark_summary.csv,runs\logs\crm_results_dir\results\prod_arxiv_s20260608_q50_types_all_sizes20_50_100_mean_feature_component_b20_50_100_200_per_query.csv,arxiv,arxiv,20260608,arxiv,single,20,mean_feature,mean_feature_component,type_feat32,50,50,50,0,50,0,0,0,0,50,0,0.11992159420000036,0.09645869399999185,0.22826358829998616,25.98,79.04999999999991,19.84,8967.115047619047,81804.16829898213,1.0,0.03775,0.8333333333333334,1.0,36.19999999999999,81.55999999999989,5.3568378833344825,83.33511831666674,16.599543516666888,0,0,0,43,5,1,1,0,0,0,,,,,,,,,,,,,,,,,,,,,,,,,,,,,,,,,,,,,,,,,,,,,,,,,,,,,,,,,,,,,,,,,,,,,,,,,,,,,,,,,,,,,,,,,,,,,,,,,,,,,,,,,,,,,,,,,,,,,,0,0,0,43,5,1,1,0,0,0,0,0,0,43,48,49,50,50,50,50
runs\logs\crm_results_dir\production_benchmark_summary.csv,runs\logs\crm_results_dir\results\prod_arxiv_s20260608_q50_types_all_sizes20_50_100_mean_feature_component_b20_50_100_200_per_query.csv,arxiv,arxiv,20260608,arxiv,single,50,mean_feature,mean_feature_component,type_feat32,50,50,50,0,50,0,0,0,0,50,0,0.10893157284000039,0.09923561649998192,0.13048343664997758,51.92,58.14999999999996,50.18,3365.4015855392154,9663.325380000957,1.0,0.045849056603773586,0.9433962264150944,1.0,10.649999999999991,53.63999999999987,5.3353874151014224,76.56914826415144,26.19648649056592,0,0,0,48,1,1,0,0,0,0,,,,,,,,,,,,,,,,,,,,,,,,,,,,,,,,,,,,,,,,,,,,,,,,,,,,,,,,,,,,,,,,,,,,,,,,,,,,,,,,,,,,,,,,,,,,,,,,,,,,,,,,,,,,,,,,,,,,,,0,0,0,48,1,1,0,0,0,0,0,0,0,48,49,50,50,50,50,50
runs\logs\crm_results_dir\production_benchmark_summary.csv,runs\logs\crm_results_dir\results\prod_arxiv_s20260608_q50_types_all_sizes20_50_100_mean_feature_component_b20_50_100_200_per_query.csv,arxiv,arxiv,20260608,arxiv,single,100,mean_feature,mean_feature_component,type_feat32,50,50,50,0,50,0,0,0,0,50,0,0.1486027156199941,0.13310058400000457,0.21565173164996423,111.22,179.09999999999965,100.18,1682.8591806384345,4323.50650063629,1.0,0.043454545454545454,0.9090909090909091,1.0,20.749999999999986,76.27999999999994,5.577592963633875,93.35497119999239,41.7384066363659,0,0,0,47,1,2,0,0,0,0,,,,,,,,,,,,,,,,,,,,,,,,,,,,,,,,,,,,,,,,,,,,,,,,,,,,,,,,,,,,,,,,,,,,,,,,,,,,,,,,,,,,,,,,,,,,,,,,,,,,,,,,,,,,,,,,,,,,,,0,0,0,47,1,2,0,0,0,0,0,0,0,47,48,50,50,50,50,50
runs\lightning_completion\jigsaw-arxiv-v7-negfill-mean-meanrrf-gcp-cpux8-v1\summary.csv,C:\Users\Swastik\Desktop\Jigsaw\runs\lightning_completion\jigsaw-arxiv-v7-negfill-mean-meanrrf-gcp-cpux8-v1\results\prod_arxiv_v7_negfill_s20260608_q50_types_negative_sizes20_50_100_mean_feature_component_b20_50_100_200_per_query.csv,arxiv,arxiv,20260608,arxiv,negative_label,20,mean_feature,mean_feature_component,type_feat32,50,0,0,50,0,0,50,0,0,45,0,0.7596163686400018,0.7463516729999924,0.8319845495999771,131.18,247.2,0.0,19256.699930357776,141481.90232799452,6.62,0.026475,0.4345450036075036,174.0,197.0,200.0,0.22951161999799297,189.90409216000046,0.0,0,0,0,0,0,0,0,0,0,0,,,,,,,,,,,,,,,,,,,,,,,,,,,,,,,,,,,,,,,,,,,,,,,,,,,,,,,,,,,,,,,,,,,,,,,,,,,,,,,,,,,,,,,,,,,,,,,,,,,,,,,,,,,,,,,,,,,,,,0,0,0,0,0,0,0,0,0,0,0,0,0,0,0,0,0,0,0,0
runs\lightning_completion\jigsaw-arxiv-v7-negfill-mean-meanrrf-gcp-cpux8-v1\summary.csv,C:\Users\Swastik\Desktop\Jigsaw\runs\lightning_completion\jigsaw-arxiv-v7-negfill-mean-meanrrf-gcp-cpux8-v1\results\prod_arxiv_v7_negfill_s20260608_q50_types_negative_sizes20_50_100_mean_feature_component_b20_50_100_200_per_query.csv,arxiv,arxiv,20260608,arxiv,negative_label,50,mean_feature,mean_feature_component,type_feat32,50,0,0,50,0,0,50,0,0,47,0,0.7594805828800065,0.7530982620000088,0.8262052745500114,299.36,595.9999999999998,0.0,8908.612181207363,72532.25062164648,12.58,0.049175,0.4459134551508004,189.0,200.0,200.0,0.21884265999688068,189.87014572000163,0.0,0,0,0,0,0,0,0,0,0,0,,,,,,,,,,,,,,,,,,,,,,,,,,,,,,,,,,,,,,,,,,,,,,,,,,,,,,,,,,,,,,,,,,,,,,,,,,,,,,,,,,,,,,,,,,,,,,,,,,,,,,,,,,,,,,,,,,,,,,0,0,0,0,0,0,0,0,0,0,0,0,0,0,0,0,0,0,0,0
runs\lightning_completion\jigsaw-arxiv-v7-negfill-mean-meanrrf-gcp-cpux8-v1\summary.csv,C:\Users\Swastik\Desktop\Jigsaw\runs\lightning_completion\jigsaw-arxiv-v7-negfill-mean-meanrrf-gcp-cpux8-v1\results\prod_arxiv_v7_negfill_s20260608_q50_types_negative_sizes20_50_100_mean_feature_component_b20_50_100_200_per_query.csv,arxiv,arxiv,20260608,arxiv,negative_label,100,mean_feature,mean_feature_component,type_feat32,50,0,0,50,0,0,50,0,0,35,0,0.7873623864400042,0.7758904355000027,0.877453956950012,619.6,984.4499999999997,0.0,3520.046216967196,44097.66496239912,24.46,0.089425,0.43106017312106787,196.5,200.0,200.0,0.21674199999779376,196.84059661000106,0.0,0,0,0,0,0,0,0,0,0,0,,,,,,,,,,,,,,,,,,,,,,,,,,,,,,,,,,,,,,,,,,,,,,,,,,,,,,,,,,,,,,,,,,,,,,,,,,,,,,,,,,,,,,,,,,,,,,,,,,,,,,,,,,,,,,,,,,,,,,0,0,0,0,0,0,0,0,0,0,0,0,0,0,0,0,0,0,0,0
runs\lightning_completion\jigsaw-arxiv-v7-negfill-mean-meanrrf-gcp-cpux8-v1\summary.csv,C:\Users\Swastik\Desktop\Jigsaw\runs\lightning_completion\jigsaw-arxiv-v7-negfill-mean-meanrrf-gcp-cpux8-v1\results\prod_arxiv_v7_negfill_s20260608_q50_types_negative_sizes20_50_100_mean_feature_component_b20_50_100_200_per_query.csv,arxiv,arxiv,20260608,arxiv,negative_structure,20,mean_feature,mean_feature_component,type_feat32,50,0,0,50,0,0,50,0,0,50,0,0.801445651699995,0.7892973630000313,0.8913700844999596,32.88,97.1,19.84,8590.42429596719,34389.494596591976,5.92,0.0861,0.8490906038406039,84.0,167.24999999999994,183.15999999999997,0.2617380999981833,192.19834862999846,8.16306429500031,0,0,0,0,0,0,0,0,0,0,,,,,,,,,,,,,,,,,,,,,,,,,,,,,,,,,,,,,,,,,,,,,,,,,,,,,,,,,,,,,,,,,,,,,,,,,,,,,,,,,,,,,,,,,,,,,,,,,,,,,,,,,,,,,,,,,,,,,,0,0,0,0,0,0,0,0,0,0,0,0,0,0,0,0,0,0,0,0
runs\lightning_completion\jigsaw-arxiv-v7-negfill-mean-meanrrf-gcp-cpux8-v1\summary.csv,C:\Users\Swastik\Desktop\Jigsaw\runs\lightning_completion\jigsaw-arxiv-v7-negfill-mean-meanrrf-gcp-cpux8-v1\results\prod_arxiv_v7_negfill_s20260608_q50_types_negative_sizes20_50_100_mean_feature_component_b20_50_100_200_per_query.csv,arxiv,arxiv,20260608,arxiv,negative_structure,50,mean_feature,mean_feature_component,type_feat32,50,0,0,50,0,0,50,0,0,50,0,0.8273244821600053,0.8038266979999662,0.9280171919500447,102.7,349.5499999999999,50.0,3408.1066292860737,11507.607939378751,13.36,0.18460000000000001,0.8297891969158135,85.0,173.64999999999998,193.06,0.24225119999869094,193.0146555950003,13.81646494500103,0,0,0,0,0,0,0,0,0,0,,,,,,,,,,,,,,,,,,,,,,,,,,,,,,,,,,,,,,,,,,,,,,,,,,,,,,,,,,,,,,,,,,,,,,,,,,,,,,,,,,,,,,,,,,,,,,,,,,,,,,,,,,,,,,,,,,,,,,0,0,0,0,0,0,0,0,0,0,0,0,0,0,0,0,0,0,0,0
runs\lightning_completion\jigsaw-arxiv-v7-negfill-mean-meanrrf-gcp-cpux8-v1\summary.csv,C:\Users\Swastik\Desktop\Jigsaw\runs\lightning_completion\jigsaw-arxiv-v7-negfill-mean-meanrrf-gcp-cpux8-v1\results\prod_arxiv_v7_negfill_s20260608_q50_types_negative_sizes20_50_100_mean_feature_component_b20_50_100_200_per_query.csv,arxiv,arxiv,20260608,arxiv,negative_structure,100,mean_feature,mean_feature_component,type_feat32,50,0,0,50,0,0,50,0,0,50,0,0.888262501580025,0.8695566689999055,1.0054380378501548,261.66,751.0,100.28,1686.035555101445,3922.809678628006,23.08,0.27795000000000003,0.783292502292771,114.5,157.75,178.62999999999997,0.27493498000239924,198.41295106500354,23.652674330002696,0,0,0,0,0,0,0,0,0,0,,,,,,,,,,,,,,,,,,,,,,,,,,,,,,,,,,,,,,,,,,,,,,,,,,,,,,,,,,,,,,,,,,,,,,,,,,,,,,,,,,,,,,,,,,,,,,,,,,,,,,,,,,,,,,,,,,,,,,0,0,0,0,0,0,0,0,0,0,0,0,0,0,0,0,0,0,0,0
runs\logs\crm_results_dir\production_benchmark_summary.csv,runs\logs\crm_results_dir\results\prod_arxiv_s20260607_q50_types_all_sizes20_50_100_mean_rrf_component_b20_50_100_200_per_query.csv,arxiv,arxiv,20260607,arxiv,k_hop,20,coarse_mean_rrf,mean_rrf_component,type_feat32,50,50,50,0,50,0,0,0,0,50,0,0.1337677191599977,0.0899280994999998,0.3440830379500151,27.08,59.24999999999996,19.84,8557.869464285714,54556.267373263974,5.7,0.13407692307692307,0.6184374449080332,57.0,182.0,190.53,5.794970999998511,88.52884415384604,14.369401353844488,0,0,0,39,8,2,1,0,0,0,,,,,,,,,,,,,,,,,,,,,,,,,,,,,,,,,,,,,,,,,,,,,,,,,,,,,,,,,,,,,,,,,,,,,,,,,,,,,,,,,,,,,,,,,,,,,,,,,,,,,,,,,,,,,,,,,,,,,,0,0,0,39,8,2,1,0,0,0,0,0,0,39,47,49,50,50,50,50
runs\logs\crm_results_dir\production_benchmark_summary.csv,runs\logs\crm_results_dir\results\prod_arxiv_s20260607_q50_types_all_sizes20_50_100_mean_rrf_component_b20_50_100_200_per_query.csv,arxiv,arxiv,20260607,arxiv,k_hop,50,coarse_mean_rrf,mean_rrf_component,type_feat32,50,50,50,0,50,0,0,0,0,50,0,0.18343799022000667,0.11127137400001175,0.47539199674999966,100.94,311.39999999999986,49.82,3401.991047609121,11210.51642876332,11.54,0.22972972972972974,0.5834779643796671,100.5,177.2,186.05999999999997,5.819757635135614,104.74081243243415,19.20377555405683,0,0,0,34,9,6,1,0,0,0,,,,,,,,,,,,,,,,,,,,,,,,,,,,,,,,,,,,,,,,,,,,,,,,,,,,,,,,,,,,,,,,,,,,,,,,,,,,,,,,,,,,,,,,,,,,,,,,,,,,,,,,,,,,,,,,,,,,,,0,0,0,34,9,6,1,0,0,0,0,0,0,34,43,49,50,50,50,50
runs\logs\crm_results_dir\production_benchmark_summary.csv,runs\logs\crm_results_dir\results\prod_arxiv_s20260607_q50_types_all_sizes20_50_100_mean_rrf_component_b20_50_100_200_per_query.csv,arxiv,arxiv,20260607,arxiv,k_hop,100,coarse_mean_rrf,mean_rrf_component,type_feat32,50,50,50,0,50,0,0,0,0,50,0,0.21819623773999638,0.13695723749998479,0.5284318402999701,198.72,689.8499999999999,100.16,1684.8514272866148,4298.382112316613,23.2,0.3818493150684932,0.5246459089013462,142.5,191.0,195.04,5.751637904110065,118.7844881232894,30.66498978081769,0,0,0,37,5,6,2,0,0,0,,,,,,,,,,,,,,,,,,,,,,,,,,,,,,,,,,,,,,,,,,,,,,,,,,,,,,,,,,,,,,,,,,,,,,,,,,,,,,,,,,,,,,,,,,,,,,,,,,,,,,,,,,,,,,,,,,,,,,0,0,0,37,5,6,2,0,0,0,0,0,0,37,42,48,50,50,50,50
runs\logs\crm_results_dir\production_benchmark_summary.csv,runs\logs\crm_results_dir\results\prod_arxiv_s20260607_q50_types_all_sizes20_50_100_mean_rrf_component_b20_50_100_200_per_query.csv,arxiv,arxiv,20260607,arxiv,degree_k_hop,20,coarse_mean_rrf,mean_rrf_component,type_feat32,50,50,50,0,50,0,0,0,0,50,0,0.13460846934000018,0.0916995934999818,0.3280786321500254,33.88,92.1,20.06,8435.627277056277,38148.71943610253,5.86,0.13121212121212122,0.635163826072917,72.5,167.29999999999998,174.51,5.691325015152157,88.01535584848438,13.96075728787938,0,0,0,38,9,2,1,0,0,0,,,,,,,,,,,,,,,,,,,,,,,,,,,,,,,,,,,,,,,,,,,,,,,,,,,,,,,,,,,,,,,,,,,,,,,,,,,,,,,,,,,,,,,,,,,,,,,,,,,,,,,,,,,,,,,,,,,,,,0,0,0,38,9,2,1,0,0,0,0,0,0,38,47,49,50,50,50,50
runs\logs\crm_results_dir\production_benchmark_summary.csv,runs\logs\crm_results_dir\results\prod_arxiv_s20260607_q50_types_all_sizes20_50_100_mean_rrf_component_b20_50_100_200_per_query.csv,arxiv,arxiv,20260607,arxiv,degree_k_hop,50,coarse_mean_rrf,mean_rrf_component,type_feat32,50,50,50,0,50,0,0,0,0,50,0,0.1717838851200054,0.11306934400002433,0.47046041709997144,88.42,271.29999999999995,50.04,3390.784169340464,10995.890219665212,12.3,0.24345070422535212,0.6121333155399548,122.5,180.1,186.51,5.741652014093311,100.67363187323988,20.300935112679397,0,0,0,36,9,3,2,0,0,0,,,,,,,,,,,,,,,,,,,,,,,,,,,,,,,,,,,,,,,,,,,,,,,,,,,,,,,,,,,,,,,,,,,,,,,,,,,,,,,,,,,,,,,,,,,,,,,,,,,,,,,,,,,,,,,,,,,,,,0,0,0,36,9,3,2,0,0,0,0,0,0,36,45,48,50,50,50,50
runs\logs\crm_results_dir\production_benchmark_summary.csv,runs\logs\crm_results_dir\results\prod_arxiv_s20260607_q50_types_all_sizes20_50_100_mean_rrf_component_b20_50_100_200_per_query.csv,arxiv,arxiv,20260607,arxiv,degree_k_hop,100,coarse_mean_rrf,mean_rrf_component,type_feat32,50,50,50,0,50,0,0,0,0,50,0,0.2501212238200037,0.15822401200000513,0.5197288907498944,247.44,680.4999999999995,100.16,1689.411436791325,4437.204437053095,20.24,0.3527976190476191,0.5602601389012839,136.0,178.55,195.04,5.761461559529158,122.61906255952496,26.26261828571533,0,0,0,28,12,8,2,0,0,0,,,,,,,,,,,,,,,,,,,,,,,,,,,,,,,,,,,,,,,,,,,,,,,,,,,,,,,,,,,,,,,,,,,,,,,,,,,,,,,,,,,,,,,,,,,,,,,,,,,,,,,,,,,,,,,,,,,,,,0,0,0,28,12,8,2,0,0,0,0,0,0,28,40,48,50,50,50,50
runs\logs\crm_results_dir\production_benchmark_summary.csv,runs\logs\crm_results_dir\results\prod_arxiv_s20260607_q50_types_all_sizes20_50_100_mean_rrf_component_b20_50_100_200_per_query.csv,arxiv,arxiv,20260607,arxiv,random_walk,20,coarse_mean_rrf,mean_rrf_component,type_feat32,50,50,50,0,50,0,0,0,0,50,0,0.3153962731599915,0.24045143449998818,0.7476749196499965,86.1,202.84999999999997,20.1,8477.963027056276,44409.65438416211,7.76,0.10760869565217392,0.5745845700193527,112.5,181.69999999999996,191.51,5.717227208691611,129.2146842608677,7.9141301565199305,0,0,0,10,21,13,6,0,0,0,,,,,,,,,,,,,,,,,,,,,,,,,,,,,,,,,,,,,,,,,,,,,,,,,,,,,,,,,,,,,,,,,,,,,,,,,,,,,,,,,,,,,,,,,,,,,,,,,,,,,,,,,,,,,,,,,,,,,,0,0,0,10,21,13,6,0,0,0,0,0,0,10,31,44,50,50,50,50
runs\logs\crm_results_dir\production_benchmark_summary.csv,runs\logs\crm_results_dir\results\prod_arxiv_s20260607_q50_types_all_sizes20_50_100_mean_rrf_component_b20_50_100_200_per_query.csv,arxiv,arxiv,20260607,arxiv,random_walk,50,coarse_mean_rrf,mean_rrf_component,type_feat32,50,50,50,0,50,0,0,0,0,50,0,0.5889291905200105,0.6087491530000193,0.8095164423000198,281.96,462.79999999999995,50.34,3368.466918415436,12288.03671895187,17.68,0.15963855421686746,0.5538485085978465,153.5,195.2,197.51,5.780889487953981,168.86344100602713,8.524869391566376,0,0,0,1,7,17,25,0,0,0,,,,,,,,,,,,,,,,,,,,,,,,,,,,,,,,,,,,,,,,,,,,,,,,,,,,,,,,,,,,,,,,,,,,,,,,,,,,,,,,,,,,,,,,,,,,,,,,,,,,,,,,,,,,,,,,,,,,,,0,0,0,1,7,17,25,0,0,0,0,0,0,1,8,25,50,50,50,50
runs\logs\crm_results_dir\production_benchmark_summary.csv,runs\logs\crm_results_dir\results\prod_arxiv_s20260607_q50_types_all_sizes20_50_100_mean_rrf_component_b20_50_100_200_per_query.csv,arxiv,arxiv,20260607,arxiv,random_walk,100,coarse_mean_rrf,mean_rrf_component,type_feat32,50,50,50,0,50,0,0,0,0,50,0,0.7355770460199881,0.8257987859999503,0.8603894045999454,582.82,988.1499999999999,100.44,1681.5973061539664,5110.432428159174,29.4,0.2295108695652174,0.5700969150579761,168.0,199.55,200.0,5.80105033695928,187.77148003804055,12.113586815217086,0,0,0,1,2,9,38,0,0,0,,,,,,,,,,,,,,,,,,,,,,,,,,,,,,,,,,,,,,,,,,,,,,,,,,,,,,,,,,,,,,,,,,,,,,,,,,,,,,,,,,,,,,,,,,,,,,,,,,,,,,,,,,,,,,,,,,,,,,0,0,0,1,2,9,38,0,0,0,0,0,0,1,3,12,50,50,50,50
runs\logs\crm_results_dir\production_benchmark_summary.csv,runs\logs\crm_results_dir\results\prod_arxiv_s20260607_q50_types_all_sizes20_50_100_mean_rrf_component_b20_50_100_200_per_query.csv,arxiv,arxiv,20260607,arxiv,single,20,coarse_mean_rrf,mean_rrf_component,type_feat32,50,50,50,0,50,0,0,0,0,50,0,0.09675507241999753,0.08831747449999483,0.19581318644999535,21.66,22.099999999999994,19.9,8516.2668008658,39094.89771570508,1.0,0.04547169811320755,0.9433962264150944,3.0,23.149999999999963,41.64999999999997,5.7230835283026,71.3479531698096,19.930417037735243,0,0,0,47,3,0,0,0,0,0,,,,,,,,,,,,,,,,,,,,,,,,,,,,,,,,,,,,,,,,,,,,,,,,,,,,,,,,,,,,,,,,,,,,,,,,,,,,,,,,,,,,,,,,,,,,,,,,,,,,,,,,,,,,,,,,,,,,,,0,0,0,47,3,0,0,0,0,0,0,0,0,47,50,50,50,50,50,50
runs\logs\crm_results_dir\production_benchmark_summary.csv,runs\logs\crm_results_dir\results\prod_arxiv_s20260607_q50_types_all_sizes20_50_100_mean_rrf_component_b20_50_100_200_per_query.csv,arxiv,arxiv,20260607,arxiv,single,50,coarse_mean_rrf,mean_rrf_component,type_feat32,50,50,50,0,50,0,0,0,0,50,0,0.12260090969999908,0.10189245450001749,0.22225807684999516,57.44,59.04999999999997,50.14,3369.897811632244,12375.801834459618,1.0,0.042232142857142864,0.8928571428571429,5.0,27.549999999999997,80.50999999999979,5.601812392858412,84.54746598214108,24.917631964286663,0,0,0,46,3,0,1,0,0,0,,,,,,,,,,,,,,,,,,,,,,,,,,,,,,,,,,,,,,,,,,,,,,,,,,,,,,,,,,,,,,,,,,,,,,,,,,,,,,,,,,,,,,,,,,,,,,,,,,,,,,,,,,,,,,,,,,,,,,0,0,0,46,3,0,1,0,0,0,0,0,0,46,49,49,50,50,50,50
runs\logs\crm_results_dir\production_benchmark_summary.csv,runs\logs\crm_results_dir\results\prod_arxiv_s20260607_q50_types_all_sizes20_50_100_mean_rrf_component_b20_50_100_200_per_query.csv,arxiv,arxiv,20260607,arxiv,single,100,coarse_mean_rrf,mean_rrf_component,type_feat32,50,50,50,0,50,0,0,0,0,50,0,0.12950978787999248,0.13217026449999025,0.1526773292000257,100.36,102.0,100.16,1687.4332712746889,3439.1909324785643,1.0,0.05,1.0,3.0,14.0,15.509999999999998,5.693311339995262,85.70290663999685,43.80688123999562,0,0,0,50,0,0,0,0,0,0,,,,,,,,,,,,,,,,,,,,,,,,,,,,,,,,,,,,,,,,,,,,,,,,,,,,,,,,,,,,,,,,,,,,,,,,,,,,,,,,,,,,,,,,,,,,,,,,,,,,,,,,,,,,,,,,,,,,,,0,0,0,50,0,0,0,0,0,0,0,0,0,50,50,50,50,50,50,50
runs\logs\crm_results_dir\production_benchmark_summary.csv,runs\logs\crm_results_dir\results\prod_arxiv_s20260607_q50_types_negative_sizes20_50_100_mean_rrf_component_b20_50_100_200_per_query.csv,arxiv,arxiv,20260607,arxiv,negative_label,20,coarse_mean_rrf,mean_rrf_component,type_feat32,50,0,0,50,0,0,50,0,0,48,0,0.739486146919999,0.7273862419999944,0.7910618009499799,143.42,351.9999999999999,0.0,12612.246720187783,103014.65077657416,6.92,0.03205,0.4677535267020561,185.5,199.0,200.0,10.507069639999997,184.87153672999975,0.0,0,0,0,0,0,0,0,0,0,0,,,,,,,,,,,,,,,,,,,,,,,,,,,,,,,,,,,,,,,,,,,,,,,,,,,,,,,,,,,,,,,,,,,,,,,,,,,,,,,,,,,,,,,,,,,,,,,,,,,,,,,,,,,,,,,,,,,,,,0,0,0,0,0,0,0,0,0,0,0,0,0,0,0,0,0,0,0,0
runs\logs\crm_results_dir\production_benchmark_summary.csv,runs\logs\crm_results_dir\results\prod_arxiv_s20260607_q50_types_negative_sizes20_50_100_mean_rrf_component_b20_50_100_200_per_query.csv,arxiv,arxiv,20260607,arxiv,negative_label,50,coarse_mean_rrf,mean_rrf_component,type_feat32,50,0,0,50,0,0,50,0,0,36,0,0.7412193366400044,0.7372429815000032,0.802228283600023,327.16,621.2999999999997,0.0,3473.248885297206,53740.83052419001,14.58,0.062575,0.46078977071730925,190.5,199.55,200.0,5.356855879994669,185.3048341600011,0.0,0,0,0,0,0,0,0,0,0,0,,,,,,,,,,,,,,,,,,,,,,,,,,,,,,,,,,,,,,,,,,,,,,,,,,,,,,,,,,,,,,,,,,,,,,,,,,,,,,,,,,,,,,,,,,,,,,,,,,,,,,,,,,,,,,,,,,,,,,0,0,0,0,0,0,0,0,0,0,0,0,0,0,0,0,0,0,0,0
runs\logs\crm_results_dir\production_benchmark_summary.csv,runs\logs\crm_results_dir\results\prod_arxiv_s20260607_q50_types_negative_sizes20_50_100_mean_rrf_component_b20_50_100_200_per_query.csv,arxiv,arxiv,20260607,arxiv,negative_label,100,coarse_mean_rrf,mean_rrf_component,type_feat32,50,0,0,50,0,0,50,0,0,32,0,0.8095694151000004,0.807988749499998,0.8719564007000059,665.12,1141.6999999999998,0.0,1647.6907191198013,23477.5755383194,21.04,0.0909,0.47577137138557263,197.5,200.0,200.0,5.754575440002441,202.3923537750001,0.0,0,0,0,0,0,0,0,0,0,0,,,,,,,,,,,,,,,,,,,,,,,,,,,,,,,,,,,,,,,,,,,,,,,,,,,,,,,,,,,,,,,,,,,,,,,,,,,,,,,,,,,,,,,,,,,,,,,,,,,,,,,,,,,,,,,,,,,,,,0,0,0,0,0,0,0,0,0,0,0,0,0,0,0,0,0,0,0,0
runs\logs\crm_results_dir\production_benchmark_summary.csv,runs\logs\crm_results_dir\results\prod_arxiv_s20260607_q50_types_negative_sizes20_50_100_mean_rrf_component_b20_50_100_200_per_query.csv,arxiv,arxiv,20260607,arxiv,negative_structure,20,coarse_mean_rrf,mean_rrf_component,type_feat32,50,0,0,50,0,0,50,0,0,50,0,0.7902193662600016,0.7933234690000006,0.8280521862499896,38.52,86.79999999999995,19.74,8997.442520703933,52615.86283479509,6.02,0.077575,0.7916414141414141,79.5,172.79999999999995,186.1,5.692765379998832,181.97942457999986,15.57541698500053,0,0,0,0,0,0,0,0,0,0,,,,,,,,,,,,,,,,,,,,,,,,,,,,,,,,,,,,,,,,,,,,,,,,,,,,,,,,,,,,,,,,,,,,,,,,,,,,,,,,,,,,,,,,,,,,,,,,,,,,,,,,,,,,,,,,,,,,,,0,0,0,0,0,0,0,0,0,0,0,0,0,0,0,0,0,0,0,0
runs\logs\crm_results_dir\production_benchmark_summary.csv,runs\logs\crm_results_dir\results\prod_arxiv_s20260607_q50_types_negative_sizes20_50_100_mean_rrf_component_b20_50_100_200_per_query.csv,arxiv,arxiv,20260607,arxiv,negative_structure,50,coarse_mean_rrf,mean_rrf_component,type_feat32,50,0,0,50,0,0,50,0,0,50,0,0.8608419829599978,0.8640095359999691,0.9375171662500164,118.58,390.5999999999999,50.14,3376.285640723982,9906.019640119346,13.08,0.15695,0.7643202148402587,120.5,185.1,194.1,5.744398219997606,190.3919090700009,24.818586669998552,0,0,0,0,0,0,0,0,0,0,,,,,,,,,,,,,,,,,,,,,,,,,,,,,,,,,,,,,,,,,,,,,,,,,,,,,,,,,,,,,,,,,,,,,,,,,,,,,,,,,,,,,,,,,,,,,,,,,,,,,,,,,,,,,,,,,,,,,,0,0,0,0,0,0,0,0,0,0,0,0,0,0,0,0,0,0,0,0
runs\logs\crm_results_dir\production_benchmark_summary.csv,runs\logs\crm_results_dir\results\prod_arxiv_s20260607_q50_types_negative_sizes20_50_100_mean_rrf_component_b20_50_100_200_per_query.csv,arxiv,arxiv,20260607,arxiv,negative_structure,100,coarse_mean_rrf,mean_rrf_component,type_feat32,50,0,0,50,0,0,50,0,0,50,0,0.9705939980200003,0.9702736544999766,1.0853915331500588,236.16,725.2499999999999,100.26,1686.5928953941032,4087.7908950213227,20.14,0.219375,0.7344645909889512,137.0,191.75,194.51,5.921353299993939,204.59396163500017,38.054537869999905,0,0,0,0,0,0,0,0,0,0,,,,,,,,,,,,,,,,,,,,,,,,,,,,,,,,,,,,,,,,,,,,,,,,,,,,,,,,,,,,,,,,,,,,,,,,,,,,,,,,,,,,,,,,,,,,,,,,,,,,,,,,,,,,,,,,,,,,,,0,0,0,0,0,0,0,0,0,0,0,0,0,0,0,0,0,0,0,0
runs\logs\crm_results_dir\production_benchmark_summary.csv,runs\logs\crm_results_dir\results\prod_arxiv_s20260608_q50_types_all_sizes20_50_100_mean_rrf_component_b20_50_100_200_per_query.csv,arxiv,arxiv,20260608,arxiv,k_hop,20,coarse_mean_rrf,mean_rrf_component,type_feat32,50,50,50,0,50,0,0,0,0,50,0,0.13162569809999752,0.09588690349998785,0.3401940241999933,30.86,73.55,19.78,8630.010971291866,65214.93717280468,5.76,0.12578125,0.6006003545066045,61.5,153.64999999999998,178.70999999999995,5.624384703128982,88.89070139062439,13.94187524999868,0,0,0,40,7,2,1,0,0,0,,,,,,,,,,,,,,,,,,,,,,,,,,,,,,,,,,,,,,,,,,,,,,,,,,,,,,,,,,,,,,,,,,,,,,,,,,,,,,,,,,,,,,,,,,,,,,,,,,,,,,,,,,,,,,,,,,,,,,0,0,0,40,7,2,1,0,0,0,0,0,0,40,47,49,50,50,50,50
runs\logs\crm_results_dir\production_benchmark_summary.csv,runs\logs\crm_results_dir\results\prod_arxiv_s20260608_q50_types_all_sizes20_50_100_mean_rrf_component_b20_50_100_200_per_query.csv,arxiv,arxiv,20260608,arxiv,k_hop,50,coarse_mean_rrf,mean_rrf_component,type_feat32,50,50,50,0,50,0,0,0,0,50,0,0.22086029710000615,0.11479371049998122,0.7002922922999517,122.84,315.79999999999995,50.12,3362.5411905119668,11225.458434180813,15.04,0.2465697674418605,0.6042225121731182,133.5,181.2,186.57,5.5521848953457384,112.44073582558424,15.966413651163526,0,0,0,29,10,7,4,0,0,0,,,,,,,,,,,,,,,,,,,,,,,,,,,,,,,,,,,,,,,,,,,,,,,,,,,,,,,,,,,,,,,,,,,,,,,,,,,,,,,,,,,,,,,,,,,,,,,,,,,,,,,,,,,,,,,,,,,,,,0,0,0,29,10,7,4,0,0,0,0,0,0,29,39,46,50,50,50,50
runs\logs\crm_results_dir\production_benchmark_summary.csv,runs\logs\crm_results_dir\results\prod_arxiv_s20260608_q50_types_all_sizes20_50_100_mean_rrf_component_b20_50_100_200_per_query.csv,arxiv,arxiv,20260608,arxiv,k_hop,100,coarse_mean_rrf,mean_rrf_component,type_feat32,50,50,50,0,50,0,0,0,0,50,0,0.30984429055998364,0.22301536999998461,0.7803559093999667,281.82,722.75,100.32,1684.1943987096915,4703.930226325599,24.2,0.3438888888888889,0.5698394722338266,147.5,196.0,197.53,5.523972292938064,134.04697815150888,22.440037282826275,0,0,0,24,10,9,7,0,0,0,,,,,,,,,,,,,,,,,,,,,,,,,,,,,,,,,,,,,,,,,,,,,,,,,,,,,,,,,,,,,,,,,,,,,,,,,,,,,,,,,,,,,,,,,,,,,,,,,,,,,,,,,,,,,,,,,,,,,,0,0,0,24,10,9,7,0,0,0,0,0,0,24,34,43,50,50,50,50
runs\logs\crm_results_dir\production_benchmark_summary.csv,runs\logs\crm_results_dir\results\prod_arxiv_s20260608_q50_types_all_sizes20_50_100_mean_rrf_component_b20_50_100_200_per_query.csv,arxiv,arxiv,20260608,arxiv,degree_k_hop,20,coarse_mean_rrf,mean_rrf_component,type_feat32,50,50,50,0,50,0,0,0,0,50,0,0.13804402104000246,0.08554212799998595,0.43422536504998843,29.0,69.49999999999997,20.32,8357.821033813034,48009.999430310425,5.84,0.12088235294117648,0.6007987110928288,69.5,181.54999999999995,195.52999999999997,5.45579325000034,88.10782002941157,13.395136617649056,0,0,0,38,7,4,1,0,0,0,,,,,,,,,,,,,,,,,,,,,,,,,,,,,,,,,,,,,,,,,,,,,,,,,,,,,,,,,,,,,,,,,,,,,,,,,,,,,,,,,,,,,,,,,,,,,,,,,,,,,,,,,,,,,,,,,,,,,,0,0,0,38,7,4,1,0,0,0,0,0,0,38,45,49,50,50,50,50
runs\logs\crm_results_dir\production_benchmark_summary.csv,runs\logs\crm_results_dir\results\prod_arxiv_s20260608_q50_types_all_sizes20_50_100_mean_rrf_component_b20_50_100_200_per_query.csv,arxiv,arxiv,20260608,arxiv,degree_k_hop,50,coarse_mean_rrf,mean_rrf_component,type_feat32,50,50,50,0,50,0,0,0,0,50,0,0.24604159935999748,0.11483098849998896,0.7450089098999881,138.12,452.89999999999975,50.14,3376.3849169071405,11268.772321650318,14.68,0.24323863636363638,0.6016765273241448,117.0,193.29999999999998,197.0,5.542310397727719,123.6687730340917,16.12759023863413,0,0,0,31,6,7,6,0,0,0,,,,,,,,,,,,,,,,,,,,,,,,,,,,,,,,,,,,,,,,,,,,,,,,,,,,,,,,,,,,,,,,,,,,,,,,,,,,,,,,,,,,,,,,,,,,,,,,,,,,,,,,,,,,,,,,,,,,,,0,0,0,31,6,7,6,0,0,0,0,0,0,31,37,44,50,50,50,50
runs\logs\crm_results_dir\production_benchmark_summary.csv,runs\logs\crm_results_dir\results\prod_arxiv_s20260608_q50_types_all_sizes20_50_100_mean_rrf_component_b20_50_100_200_per_query.csv,arxiv,arxiv,20260608,arxiv,degree_k_hop,100,coarse_mean_rrf,mean_rrf_component,type_feat32,50,50,50,0,50,0,0,0,0,50,0,0.24677355886000896,0.16077203099999338,0.5076173501500676,256.64,735.9,100.16,1688.426310502815,4633.525235233894,22.16,0.3443452380952381,0.5293564105738657,144.0,187.64999999999998,199.0,5.680331821425609,120.04513559523862,26.84388753571909,0,0,0,27,14,7,2,0,0,0,,,,,,,,,,,,,,,,,,,,,,,,,,,,,,,,,,,,,,,,,,,,,,,,,,,,,,,,,,,,,,,,,,,,,,,,,,,,,,,,,,,,,,,,,,,,,,,,,,,,,,,,,,,,,,,,,,,,,,0,0,0,27,14,7,2,0,0,0,0,0,0,27,41,48,50,50,50,50
runs\logs\crm_results_dir\production_benchmark_summary.csv,runs\logs\crm_results_dir\results\prod_arxiv_s20260608_q50_types_all_sizes20_50_100_mean_rrf_component_b20_50_100_200_per_query.csv,arxiv,arxiv,20260608,arxiv,random_walk,20,coarse_mean_rrf,mean_rrf_component,type_feat32,50,50,50,0,50,0,0,0,0,50,0,0.26253742425999915,0.22460430450001923,0.6500415557999881,67.78,204.29999999999987,19.98,8480.906154061624,42919.27040574572,7.48,0.11616161616161616,0.582258398167489,110.5,174.1,181.06,6.2323346060622375,122.92910324242368,9.665555474747626,0,0,0,19,16,12,3,0,0,0,,,,,,,,,,,,,,,,,,,,,,,,,,,,,,,,,,,,,,,,,,,,,,,,,,,,,,,,,,,,,,,,,,,,,,,,,,,,,,,,,,,,,,,,,,,,,,,,,,,,,,,,,,,,,,,,,,,,,,0,0,0,19,16,12,3,0,0,0,0,0,0,19,35,47,50,50,50,50
runs\logs\crm_results_dir\production_benchmark_summary.csv,runs\logs\crm_results_dir\results\prod_arxiv_s20260608_q50_types_all_sizes20_50_100_mean_rrf_component_b20_50_100_200_per_query.csv,arxiv,arxiv,20260608,arxiv,random_walk,50,coarse_mean_rrf,mean_rrf_component,type_feat32,50,50,50,0,50,0,0,0,0,50,0,0.46440953716001104,0.4503271629999688,0.7693289870999735,221.74,441.34999999999997,50.3,3404.108607646221,13548.214538969212,14.66,0.1543581081081081,0.5790445614071775,136.5,197.29999999999998,200.0,5.619456506765745,147.2969123108149,9.598201594594238,0,0,0,5,6,25,14,0,0,0,,,,,,,,,,,,,,,,,,,,,,,,,,,,,,,,,,,,,,,,,,,,,,,,,,,,,,,,,,,,,,,,,,,,,,,,,,,,,,,,,,,,,,,,,,,,,,,,,,,,,,,,,,,,,,,,,,,,,,0,0,0,5,6,25,14,0,0,0,0,0,0,5,11,36,50,50,50,50
runs\logs\crm_results_dir\production_benchmark_summary.csv,runs\logs\crm_results_dir\results\prod_arxiv_s20260608_q50_types_all_sizes20_50_100_mean_rrf_component_b20_50_100_200_per_query.csv,arxiv,arxiv,20260608,arxiv,random_walk,100,coarse_mean_rrf,mean_rrf_component,type_feat32,50,50,50,0,50,0,0,0,0,50,0,0.6586733902400022,0.7632795460000068,0.8354267633000404,605.46,1000.0499999999997,100.78,1681.9383470943424,4744.8665680461845,29.0,0.2421875,0.5595048179875707,168.0,198.64999999999998,200.0,5.61649999430681,174.7614340625005,12.361688164772808,0,0,0,0,3,18,29,0,0,0,,,,,,,,,,,,,,,,,,,,,,,,,,,,,,,,,,,,,,,,,,,,,,,,,,,,,,,,,,,,,,,,,,,,,,,,,,,,,,,,,,,,,,,,,,,,,,,,,,,,,,,,,,,,,,,,,,,,,,0,0,0,0,3,18,29,0,0,0,0,0,0,0,3,21,50,50,50,50
runs\logs\crm_results_dir\production_benchmark_summary.csv,runs\logs\crm_results_dir\results\prod_arxiv_s20260608_q50_types_all_sizes20_50_100_mean_rrf_component_b20_50_100_200_per_query.csv,arxiv,arxiv,20260608,arxiv,single,20,coarse_mean_rrf,mean_rrf_component,type_feat32,50,50,50,0,50,0,0,0,0,50,0,0.10841426075999863,0.09209382250000431,0.21987015974999904,23.88,63.39999999999998,19.84,8604.23719047619,116461.28999345268,1.0,0.040877192982456144,0.8771929824561403,4.5,36.099999999999994,68.0,5.592910526315003,77.41969864912234,17.68053008771855,0,0,0,45,3,2,0,0,0,0,,,,,,,,,,,,,,,,,,,,,,,,,,,,,,,,,,,,,,,,,,,,,,,,,,,,,,,,,,,,,,,,,,,,,,,,,,,,,,,,,,,,,,,,,,,,,,,,,,,,,,,,,,,,,,,,,,,,,,0,0,0,45,3,2,0,0,0,0,0,0,0,45,48,50,50,50,50,50
runs\logs\crm_results_dir\production_benchmark_summary.csv,runs\logs\crm_results_dir\results\prod_arxiv_s20260608_q50_types_all_sizes20_50_100_mean_rrf_component_b20_50_100_200_per_query.csv,arxiv,arxiv,20260608,arxiv,single,50,coarse_mean_rrf,mean_rrf_component,type_feat32,50,50,50,0,50,0,0,0,0,50,0,0.11059870065999633,0.10236229449999712,0.1574492718499938,53.1,73.59999999999997,50.18,3364.360227685104,9915.382238993103,1.0,0.044444444444444446,0.9259259259259259,2.5,20.19999999999999,54.06999999999989,5.434721444443211,76.83918648148038,25.56701783333103,0,0,0,47,2,1,0,0,0,0,,,,,,,,,,,,,,,,,,,,,,,,,,,,,,,,,,,,,,,,,,,,,,,,,,,,,,,,,,,,,,,,,,,,,,,,,,,,,,,,,,,,,,,,,,,,,,,,,,,,,,,,,,,,,,,,,,,,,,0,0,0,47,2,1,0,0,0,0,0,0,0,47,49,50,50,50,50,50
runs\logs\crm_results_dir\production_benchmark_summary.csv,runs\logs\crm_results_dir\results\prod_arxiv_s20260608_q50_types_all_sizes20_50_100_mean_rrf_component_b20_50_100_200_per_query.csv,arxiv,arxiv,20260608,arxiv,single,100,coarse_mean_rrf,mean_rrf_component,type_feat32,50,50,50,0,50,0,0,0,0,50,0,0.15260237207999922,0.1319114184999819,0.22954068994998203,114.34,184.4999999999996,100.18,1682.5915715992437,4462.97131223582,1.0,0.04258928571428572,0.8928571428571429,1.0,30.949999999999918,102.05999999999999,5.712157857135684,95.54901994642708,40.70309798214363,0,0,0,47,1,1,1,0,0,0,,,,,,,,,,,,,,,,,,,,,,,,,,,,,,,,,,,,,,,,,,,,,,,,,,,,,,,,,,,,,,,,,,,,,,,,,,,,,,,,,,,,,,,,,,,,,,,,,,,,,,,,,,,,,,,,,,,,,,0,0,0,47,1,1,1,0,0,0,0,0,0,47,48,49,50,50,50,50
C:\Users\Swastik\Desktop\Jigsaw\runs\lightning_completion\jigsaw-arxiv-negfill-meanrrf-s20260608-base-gcp-cpux8-v1\mag_rgcn_production_summary.csv,/workspace/jigsaw_pkg/runs/lightning_mag_benchmark_results/results/prod_arxiv_negfill_meanrrf_base_s20260608_q50_types_negative_sizes20_50_100_mean_rrf_component_b20_50_100_200_per_query.csv,arxiv,arxiv,20260608,arxiv,negative_label,20,coarse_mean_rrf,mean_rrf_component,type_feat32,50,0,0,50,0,0,50,0,0,45,0,0.7625834065399977,0.7591099750000012,0.8530819247999744,129.02,247.2,0.0,4359.2862106097045,33380.38690211431,6.62,0.07847499999999993,0.7430082972582974,123.0,185.1,192.55,5.0189556399971025,190.64585163499942,0.0,0,0,0,0,0,0,0,0,0,0,,,,,,,,,,,,,,,,,,,,,,,,,,,,,,,,,,,,,,,,,,,,,,,,,,,,,,,,,,,,,,,,,,,,,,,,,,,,,,,,,,,,,,,,,,,,,,,,,,,,,,,,,,,,,,,,,,,,,,0,0,0,0,0,0,0,0,0,0,0,0,0,0,0,0,0,0,0,0
C:\Users\Swastik\Desktop\Jigsaw\runs\lightning_completion\jigsaw-arxiv-negfill-meanrrf-s20260608-base-gcp-cpux8-v1\mag_rgcn_production_summary.csv,/workspace/jigsaw_pkg/runs/lightning_mag_benchmark_results/results/prod_arxiv_negfill_meanrrf_base_s20260608_q50_types_negative_sizes20_50_100_mean_rrf_component_b20_50_100_200_per_query.csv,arxiv,arxiv,20260608,arxiv,negative_label,50,coarse_mean_rrf,mean_rrf_component,type_feat32,50,0,0,50,0,0,50,0,0,48,0,0.7770900040399931,0.7739236104999634,0.8535196099499616,289.18,595.9999999999998,0.0,1729.5851885147943,8903.719239965065,12.58,0.14382499999999998,0.7560243121644435,146.0,184.0,191.04,5.575534059991014,194.27250100999828,0.0,0,0,0,0,0,0,0,0,0,0,,,,,,,,,,,,,,,,,,,,,,,,,,,,,,,,,,,,,,,,,,,,,,,,,,,,,,,,,,,,,,,,,,,,,,,,,,,,,,,,,,,,,,,,,,,,,,,,,,,,,,,,,,,,,,,,,,,,,,0,0,0,0,0,0,0,0,0,0,0,0,0,0,0,0,0,0,0,0
C:\Users\Swastik\Desktop\Jigsaw\runs\lightning_completion\jigsaw-arxiv-negfill-meanrrf-s20260608-base-gcp-cpux8-v1\mag_rgcn_production_summary.csv,/workspace/jigsaw_pkg/runs/lightning_mag_benchmark_results/results/prod_arxiv_negfill_meanrrf_base_s20260608_q50_types_negative_sizes20_50_100_mean_rrf_component_b20_50_100_200_per_query.csv,arxiv,arxiv,20260608,arxiv,negative_label,100,coarse_mean_rrf,mean_rrf_component,type_feat32,50,0,0,50,0,0,50,0,0,37,0,0.8164281582199839,0.815641629000055,0.8927294777499581,557.28,984.4499999999997,0.0,980.7703313982669,3743.3846449555986,24.46,0.236125,0.6821990351182968,173.0,193.64999999999998,197.01999999999998,6.978092259997766,204.10703955499602,0.0,0,0,0,0,0,0,0,0,0,0,,,,,,,,,,,,,,,,,,,,,,,,,,,,,,,,,,,,,,,,,,,,,,,,,,,,,,,,,,,,,,,,,,,,,,,,,,,,,,,,,,,,,,,,,,,,,,,,,,,,,,,,,,,,,,,,,,,,,,0,0,0,0,0,0,0,0,0,0,0,0,0,0,0,0,0,0,0,0
C:\Users\Swastik\Desktop\Jigsaw\runs\lightning_completion\jigsaw-arxiv-negfill-meanrrf-s20260608-base-gcp-cpux8-v1\mag_rgcn_production_summary.csv,/workspace/jigsaw_pkg/runs/lightning_mag_benchmark_results/results/prod_arxiv_negfill_meanrrf_base_s20260608_q50_types_negative_sizes20_50_100_mean_rrf_component_b20_50_100_200_per_query.csv,arxiv,arxiv,20260608,arxiv,negative_structure,20,coarse_mean_rrf,mean_rrf_component,type_feat32,50,0,0,50,0,0,50,0,0,50,0,0.7919267934799927,0.7783519815000091,0.9028917488500241,27.9,87.84999999999998,19.84,8590.424295967197,34191.74420607441,5.92,0.09379999999999993,0.888023199023199,46.0,150.95,177.09999999999997,5.250694040004191,189.3662959750003,8.615402394997886,0,0,0,0,0,0,0,0,0,0,,,,,,,,,,,,,,,,,,,,,,,,,,,,,,,,,,,,,,,,,,,,,,,,,,,,,,,,,,,,,,,,,,,,,,,,,,,,,,,,,,,,,,,,,,,,,,,,,,,,,,,,,,,,,,,,,,,,,,0,0,0,0,0,0,0,0,0,0,0,0,0,0,0,0,0,0,0,0
C:\Users\Swastik\Desktop\Jigsaw\runs\lightning_completion\jigsaw-arxiv-negfill-meanrrf-s20260608-base-gcp-cpux8-v1\mag_rgcn_production_summary.csv,/workspace/jigsaw_pkg/runs/lightning_mag_benchmark_results/results/prod_arxiv_negfill_meanrrf_base_s20260608_q50_types_negative_sizes20_50_100_mean_rrf_component_b20_50_100_200_per_query.csv,arxiv,arxiv,20260608,arxiv,negative_structure,50,coarse_mean_rrf,mean_rrf_component,type_feat32,50,0,0,50,0,0,50,0,0,50,0,0.8458606289000034,0.8313761760000205,0.9370668854000115,91.98,301.2499999999996,50.0,3405.5639415983833,11135.560058779307,13.36,0.19640000000000002,0.8514508661292999,86.5,157.75,178.80999999999995,6.055494300002238,196.89379120500178,14.571366019999061,0,0,0,0,0,0,0,0,0,0,,,,,,,,,,,,,,,,,,,,,,,,,,,,,,,,,,,,,,,,,,,,,,,,,,,,,,,,,,,,,,,,,,,,,,,,,,,,,,,,,,,,,,,,,,,,,,,,,,,,,,,,,,,,,,,,,,,,,,0,0,0,0,0,0,0,0,0,0,0,0,0,0,0,0,0,0,0,0
C:\Users\Swastik\Desktop\Jigsaw\runs\lightning_completion\jigsaw-arxiv-negfill-meanrrf-s20260608-base-gcp-cpux8-v1\mag_rgcn_production_summary.csv,/workspace/jigsaw_pkg/runs/lightning_mag_benchmark_results/results/prod_arxiv_negfill_meanrrf_base_s20260608_q50_types_negative_sizes20_50_100_mean_rrf_component_b20_50_100_200_per_query.csv,arxiv,arxiv,20260608,arxiv,negative_structure,100,coarse_mean_rrf,mean_rrf_component,type_feat32,50,0,0,50,0,0,50,0,0,50,0,0.8967304730000114,0.8938152540000601,0.9757398364498386,229.0,595.5,100.28,1684.502941297788,3965.1115755950887,23.08,0.29889999999999994,0.8168173199889498,92.0,152.55,168.60999999999996,7.210667300016667,199.09098267000104,25.09163558000182,0,0,0,0,0,0,0,0,0,0,,,,,,,,,,,,,,,,,,,,,,,,,,,,,,,,,,,,,,,,,,,,,,,,,,,,,,,,,,,,,,,,,,,,,,,,,,,,,,,,,,,,,,,,,,,,,,,,,,,,,,,,,,,,,,,,,,,,,,0,0,0,0,0,0,0,0,0,0,0,0,0,0,0,0,0,0,0,0
runs\lightning_completion\jigsaw-arxiv-random-topo-filterall-gcp-cpux8-v2-resume\summary.csv,C:\Users\Swastik\Desktop\Jigsaw\runs\lightning_completion\jigsaw-arxiv-random-topo-filterall-gcp-cpux8-v2-resume\results\prod_arxiv_fill_rtf_s20260607_q50_types_all_sizes20_50_100_topo_feature_component_b20_50_100_200_per_query.csv,arxiv,arxiv,20260607,arxiv,k_hop,20,topo_feature,topo_feature_component,type_feat32,50,50,50,0,50,0,0,0,0,50,0,0.6924096487600354,0.7695347355002014,1.0683959475501523,87.38,200.84999999999997,19.84,14199.236621615311,134724.24879307428,5.7,0.02432098765432099,0.32796560939262465,175.5,199.55,200.0,0.3140967962820098,210.5283859321103,3.17829578395004,0,0,0,3,7,15,25,0,0,0,,,,,,,,,,,,,,,,,,,,,,,,,,,,,,,,,,,,,,,,,,,,,,,,,,,,,,,,,,,,,,,,,,,,,,,,,,,,,,,,,,,,,,,,,,,,,,,,,,,,,,,,,,,,,,,,,,,,,,0,0,0,3,7,15,25,0,0,0,0,0,0,3,10,25,50,50,50,50
runs\lightning_completion\jigsaw-arxiv-random-topo-filterall-gcp-cpux8-v2-resume\summary.csv,C:\Users\Swastik\Desktop\Jigsaw\runs\lightning_completion\jigsaw-arxiv-random-topo-filterall-gcp-cpux8-v2-resume\results\prod_arxiv_fill_rtf_s20260607_q50_types_all_sizes20_50_100_topo_feature_component_b20_50_100_200_per_query.csv,arxiv,arxiv,20260607,arxiv,k_hop,50,topo_feature,topo_feature_component,type_feat32,50,50,50,0,50,0,0,0,0,50,0,0.7093098392599723,0.7870689244996356,0.9060798944499311,259.98,658.4,49.84,4111.6466256876,50718.41065814942,11.54,0.06438202247191012,0.43405108777212825,182.0,199.0,200.0,0.2471483146104567,194.43922061235767,4.805116258421038,0,0,0,3,4,5,38,0,0,0,,,,,,,,,,,,,,,,,,,,,,,,,,,,,,,,,,,,,,,,,,,,,,,,,,,,,,,,,,,,,,,,,,,,,,,,,,,,,,,,,,,,,,,,,,,,,,,,,,,,,,,,,,,,,,,,,,,,,,0,0,0,3,4,5,38,0,0,0,0,0,0,3,7,12,50,50,50,50
runs\lightning_completion\jigsaw-arxiv-random-topo-filterall-gcp-cpux8-v2-resume\summary.csv,C:\Users\Swastik\Desktop\Jigsaw\runs\lightning_completion\jigsaw-arxiv-random-topo-filterall-gcp-cpux8-v2-resume\results\prod_arxiv_fill_rtf_s20260607_q50_types_all_sizes20_50_100_topo_feature_component_b20_50_100_200_per_query.csv,arxiv,arxiv,20260607,arxiv,k_hop,100,topo_feature,topo_feature_component,type_feat32,50,50,50,0,50,0,0,0,0,50,0,0.7072903579399462,0.8085525924998365,0.9026187158999391,539.62,1165.05,100.24,1865.5685015431332,34397.26113497739,23.2,0.13148876404494383,0.4292486651499508,194.0,200.0,200.0,0.26077485391356325,190.1536192415636,8.52344759549994,0,0,0,2,4,8,36,0,0,0,,,,,,,,,,,,,,,,,,,,,,,,,,,,,,,,,,,,,,,,,,,,,,,,,,,,,,,,,,,,,,,,,,,,,,,,,,,,,,,,,,,,,,,,,,,,,,,,,,,,,,,,,,,,,,,,,,,,,,0,0,0,2,4,8,36,0,0,0,0,0,0,2,6,14,50,50,50,50
runs\lightning_completion\jigsaw-arxiv-random-topo-filterall-gcp-cpux8-v2-resume\summary.csv,C:\Users\Swastik\Desktop\Jigsaw\runs\lightning_completion\jigsaw-arxiv-random-topo-filterall-gcp-cpux8-v2-resume\results\prod_arxiv_fill_rtf_s20260607_q50_types_all_sizes20_50_100_topo_feature_component_b20_50_100_200_per_query.csv,arxiv,arxiv,20260607,arxiv,degree_k_hop,20,topo_feature,topo_feature_component,type_feat32,50,50,50,0,50,0,0,0,0,50,0,0.6614700920599899,0.7841352949999418,0.9921270849499478,65.34,153.84999999999997,20.06,11968.310415945165,149824.5814075714,5.86,0.027685185185185188,0.35504122078196154,171.0,197.55,198.51,0.31338682099234527,201.04316243826636,3.1142733827181597,0,0,0,4,7,12,27,0,0,0,,,,,,,,,,,,,,,,,,,,,,,,,,,,,,,,,,,,,,,,,,,,,,,,,,,,,,,,,,,,,,,,,,,,,,,,,,,,,,,,,,,,,,,,,,,,,,,,,,,,,,,,,,,,,,,,,,,,,,0,0,0,4,7,12,27,0,0,0,0,0,0,4,11,23,50,50,50,50
runs\lightning_completion\jigsaw-arxiv-random-topo-filterall-gcp-cpux8-v2-resume\summary.csv,C:\Users\Swastik\Desktop\Jigsaw\runs\lightning_completion\jigsaw-arxiv-random-topo-filterall-gcp-cpux8-v2-resume\results\prod_arxiv_fill_rtf_s20260607_q50_types_all_sizes20_50_100_topo_feature_component_b20_50_100_200_per_query.csv,arxiv,arxiv,20260607,arxiv,degree_k_hop,50,topo_feature,topo_feature_component,type_feat32,50,50,50,0,50,0,0,0,0,50,0,0.6710189378799805,0.7700223234999157,0.8883263176997843,245.16,567.55,50.04,4839.057394710028,74870.57477468443,12.3,0.06411428571428572,0.42900139587415514,190.0,199.55,200.0,0.23407975999881664,186.79206005142598,4.927636485711316,0,0,0,4,4,5,37,0,0,0,,,,,,,,,,,,,,,,,,,,,,,,,,,,,,,,,,,,,,,,,,,,,,,,,,,,,,,,,,,,,,,,,,,,,,,,,,,,,,,,,,,,,,,,,,,,,,,,,,,,,,,,,,,,,,,,,,,,,,0,0,0,4,4,5,37,0,0,0,0,0,0,4,8,13,50,50,50,50
runs\lightning_completion\jigsaw-arxiv-random-topo-filterall-gcp-cpux8-v2-resume\summary.csv,C:\Users\Swastik\Desktop\Jigsaw\runs\lightning_completion\jigsaw-arxiv-random-topo-filterall-gcp-cpux8-v2-resume\results\prod_arxiv_fill_rtf_s20260607_q50_types_all_sizes20_50_100_topo_feature_component_b20_50_100_200_per_query.csv,arxiv,arxiv,20260607,arxiv,degree_k_hop,100,topo_feature,topo_feature_component,type_feat32,50,50,50,0,50,0,0,0,0,50,0,0.7703726897799151,0.811109501999681,0.9212616505999222,491.7,881.6499999999999,100.16,1956.2037471727206,47158.10869772084,20.24,0.11177248677248677,0.45003271511648807,192.5,200.0,200.0,0.24051114815900473,195.85398417457904,7.948314708996395,0,0,0,1,1,6,42,0,0,0,,,,,,,,,,,,,,,,,,,,,,,,,,,,,,,,,,,,,,,,,,,,,,,,,,,,,,,,,,,,,,,,,,,,,,,,,,,,,,,,,,,,,,,,,,,,,,,,,,,,,,,,,,,,,,,,,,,,,,0,0,0,1,1,6,42,0,0,0,0,0,0,1,2,8,50,50,50,50
runs\lightning_completion\jigsaw-arxiv-random-topo-filterall-gcp-cpux8-v2-resume\summary.csv,C:\Users\Swastik\Desktop\Jigsaw\runs\lightning_completion\jigsaw-arxiv-random-topo-filterall-gcp-cpux8-v2-resume\results\prod_arxiv_fill_rtf_s20260607_q50_types_all_sizes20_50_100_topo_feature_component_b20_50_100_200_per_query.csv,arxiv,arxiv,20260607,arxiv,random_walk,20,topo_feature,topo_feature_component,type_feat32,50,50,50,0,50,0,0,0,0,50,0,0.8174200640599701,0.8639705994996802,1.092643557899669,111.96,211.95,20.1,10748.16299175824,112710.17342827497,7.76,0.03825966850828729,0.4010353673337099,179.0,198.0,199.51,0.37560986741040153,222.75535260220465,3.05129492817387,0,0,0,0,4,11,35,0,0,0,,,,,,,,,,,,,,,,,,,,,,,,,,,,,,,,,,,,,,,,,,,,,,,,,,,,,,,,,,,,,,,,,,,,,,,,,,,,,,,,,,,,,,,,,,,,,,,,,,,,,,,,,,,,,,,,,,,,,,0,0,0,0,4,11,35,0,0,0,0,0,0,0,4,15,50,50,50,50
runs\lightning_completion\jigsaw-arxiv-random-topo-filterall-gcp-cpux8-v2-resume\summary.csv,C:\Users\Swastik\Desktop\Jigsaw\runs\lightning_completion\jigsaw-arxiv-random-topo-filterall-gcp-cpux8-v2-resume\results\prod_arxiv_fill_rtf_s20260607_q50_types_all_sizes20_50_100_topo_feature_component_b20_50_100_200_per_query.csv,arxiv,arxiv,20260607,arxiv,random_walk,50,topo_feature,topo_feature_component,type_feat32,50,50,50,0,50,0,0,0,0,50,0,0.7822979384799783,0.7807853014998045,0.897695833499847,303.7,517.55,50.34,3577.968280655531,35658.66936976749,17.68,0.08382653061224489,0.4255955456301384,186.5,200.0,200.0,0.237480316326007,195.36979466836468,4.196005964282839,0,0,0,0,0,4,46,0,0,0,,,,,,,,,,,,,,,,,,,,,,,,,,,,,,,,,,,,,,,,,,,,,,,,,,,,,,,,,,,,,,,,,,,,,,,,,,,,,,,,,,,,,,,,,,,,,,,,,,,,,,,,,,,,,,,,,,,,,,0,0,0,0,0,4,46,0,0,0,0,0,0,0,0,4,50,50,50,50
runs\lightning_completion\jigsaw-arxiv-random-topo-filterall-gcp-cpux8-v2-resume\summary.csv,C:\Users\Swastik\Desktop\Jigsaw\runs\lightning_completion\jigsaw-arxiv-random-topo-filterall-gcp-cpux8-v2-resume\results\prod_arxiv_fill_rtf_s20260607_q50_types_all_sizes20_50_100_topo_feature_component_b20_50_100_200_per_query.csv,arxiv,arxiv,20260607,arxiv,random_walk,100,topo_feature,topo_feature_component,type_feat32,50,50,50,0,50,0,0,0,0,50,0,0.8563264508800421,0.8496656735001125,0.9301676248995363,587.64,985.8,100.44,1905.716064752822,21374.61423307713,29.4,0.15435000000000001,0.45355503153178117,195.0,200.0,200.0,0.27631664002001344,206.68655742001192,7.395055299998603,0,0,0,0,0,0,50,0,0,0,,,,,,,,,,,,,,,,,,,,,,,,,,,,,,,,,,,,,,,,,,,,,,,,,,,,,,,,,,,,,,,,,,,,,,,,,,,,,,,,,,,,,,,,,,,,,,,,,,,,,,,,,,,,,,,,,,,,,,0,0,0,0,0,0,50,0,0,0,0,0,0,0,0,0,50,50,50,50
runs\lightning_completion\jigsaw-arxiv-random-topo-filterall-gcp-cpux8-v2-resume\summary.csv,C:\Users\Swastik\Desktop\Jigsaw\runs\lightning_completion\jigsaw-arxiv-random-topo-filterall-gcp-cpux8-v2-resume\results\prod_arxiv_fill_rtf_s20260607_q50_types_all_sizes20_50_100_topo_feature_component_b20_50_100_200_per_query.csv,arxiv,arxiv,20260607,arxiv,single,20,topo_feature,topo_feature_component,type_feat32,50,50,50,0,50,0,0,0,0,50,0,0.6398584593600026,0.6185217075001219,1.0091430884998316,75.24,187.2,19.9,18762.8260808848,167861.41949442908,1.0,0.004129032258064516,0.3096774193548387,99.5,175.2,186.53,0.30816219355220975,203.058264238708,3.3476903935508977,0,0,0,5,7,16,22,0,0,0,,,,,,,,,,,,,,,,,,,,,,,,,,,,,,,,,,,,,,,,,,,,,,,,,,,,,,,,,,,,,,,,,,,,,,,,,,,,,,,,,,,,,,,,,,,,,,,,,,,,,,,,,,,,,,,,,,,,,,0,0,0,5,7,16,22,0,0,0,0,0,0,5,12,28,50,50,50,50
runs\lightning_completion\jigsaw-arxiv-random-topo-filterall-gcp-cpux8-v2-resume\summary.csv,C:\Users\Swastik\Desktop\Jigsaw\runs\lightning_completion\jigsaw-arxiv-random-topo-filterall-gcp-cpux8-v2-resume\results\prod_arxiv_fill_rtf_s20260607_q50_types_all_sizes20_50_100_topo_feature_component_b20_50_100_200_per_query.csv,arxiv,arxiv,20260607,arxiv,single,50,topo_feature,topo_feature_component,type_feat32,50,50,50,0,50,0,0,0,0,50,0,0.60779828766003,0.6552414845000385,1.0550946014498777,136.38,362.79999999999995,50.14,5152.883079013343,126967.63907572377,1.0,0.005868055555555556,0.3472222222222222,74.0,174.69999999999996,190.15999999999997,0.3323958402792944,204.11234749306257,6.92872461111449,0,0,0,9,9,11,21,0,0,0,,,,,,,,,,,,,,,,,,,,,,,,,,,,,,,,,,,,,,,,,,,,,,,,,,,,,,,,,,,,,,,,,,,,,,,,,,,,,,,,,,,,,,,,,,,,,,,,,,,,,,,,,,,,,,,,,,,,,,0,0,0,9,9,11,21,0,0,0,0,0,0,9,18,29,50,50,50,50
runs\lightning_completion\jigsaw-arxiv-random-topo-filterall-gcp-cpux8-v2-resume\summary.csv,C:\Users\Swastik\Desktop\Jigsaw\runs\lightning_completion\jigsaw-arxiv-random-topo-filterall-gcp-cpux8-v2-resume\results\prod_arxiv_fill_rtf_s20260607_q50_types_all_sizes20_50_100_topo_feature_component_b20_50_100_200_per_query.csv,arxiv,arxiv,20260607,arxiv,single,100,topo_feature,topo_feature_component,type_feat32,50,50,50,0,50,0,0,0,0,50,0,0.5674709158800397,0.5235792550001861,0.8765664770001762,370.0,930.2499999999999,100.16,2170.8507809476414,62796.10318323683,1.0,0.004506578947368421,0.32894736842105265,85.5,185.99999999999994,200.0,0.25201692759268507,176.38971034869212,10.278354085531454,0,0,0,5,9,15,21,0,0,0,,,,,,,,,,,,,,,,,,,,,,,,,,,,,,,,,,,,,,,,,,,,,,,,,,,,,,,,,,,,,,,,,,,,,,,,,,,,,,,,,,,,,,,,,,,,,,,,,,,,,,,,,,,,,,,,,,,,,,0,0,0,5,9,15,21,0,0,0,0,0,0,5,14,29,50,50,50,50
runs\lightning_completion\jigsaw-arxiv-random-topo-filterall-gcp-cpux8-v2-resume\summary.csv,C:\Users\Swastik\Desktop\Jigsaw\runs\lightning_completion\jigsaw-arxiv-random-topo-filterall-gcp-cpux8-v2-resume\results\prod_arxiv_fill_rtf_s20260607_q50_types_all_sizes20_50_100_topo_feature_component_b20_50_100_200_per_query.csv,arxiv,arxiv,20260607,arxiv,negative_label,20,topo_feature,topo_feature_component,type_feat32,50,0,0,50,0,0,50,0,0,48,0,0.9274832433000575,0.9195474710002145,1.066149066499895,144.0,288.29999999999995,0.0,11262.72895725424,83841.52597265774,6.12,0.0311,0.4643177308802309,162.5,199.0,200.0,0.2730615999962538,231.87081082501433,0.0,0,0,0,0,0,0,0,0,0,0,,,,,,,,,,,,,,,,,,,,,,,,,,,,,,,,,,,,,,,,,,,,,,,,,,,,,,,,,,,,,,,,,,,,,,,,,,,,,,,,,,,,,,,,,,,,,,,,,,,,,,,,,,,,,,,,,,,,,,0,0,0,0,0,0,0,0,0,0,0,0,0,0,0,0,0,0,0,0
runs\lightning_completion\jigsaw-arxiv-random-topo-filterall-gcp-cpux8-v2-resume\summary.csv,C:\Users\Swastik\Desktop\Jigsaw\runs\lightning_completion\jigsaw-arxiv-random-topo-filterall-gcp-cpux8-v2-resume\results\prod_arxiv_fill_rtf_s20260607_q50_types_all_sizes20_50_100_topo_feature_component_b20_50_100_200_per_query.csv,arxiv,arxiv,20260607,arxiv,negative_label,50,topo_feature,topo_feature_component,type_feat32,50,0,0,50,0,0,50,0,0,42,0,0.7892037214200127,0.7651901835000672,0.8845752355501417,341.26,655.5999999999999,0.0,2846.7712735659343,26381.47845477311,12.8,0.06695000000000001,0.47289081146178885,184.0,199.55,200.0,0.2205120000144234,197.30093035500317,0.0,0,0,0,0,0,0,0,0,0,0,,,,,,,,,,,,,,,,,,,,,,,,,,,,,,,,,,,,,,,,,,,,,,,,,,,,,,,,,,,,,,,,,,,,,,,,,,,,,,,,,,,,,,,,,,,,,,,,,,,,,,,,,,,,,,,,,,,,,,0,0,0,0,0,0,0,0,0,0,0,0,0,0,0,0,0,0,0,0
runs\lightning_completion\jigsaw-arxiv-random-topo-filterall-gcp-cpux8-v2-resume\summary.csv,C:\Users\Swastik\Desktop\Jigsaw\runs\lightning_completion\jigsaw-arxiv-random-topo-filterall-gcp-cpux8-v2-resume\results\prod_arxiv_fill_rtf_s20260607_q50_types_all_sizes20_50_100_topo_feature_component_b20_50_100_200_per_query.csv,arxiv,arxiv,20260607,arxiv,negative_label,100,topo_feature,topo_feature_component,type_feat32,50,0,0,50,0,0,50,0,0,36,0,0.7582995935800955,0.7494003294998492,0.8387114515000803,610.5,1124.55,0.0,1696.7571818475024,45208.071415076614,18.68,0.09570000000000001,0.44857077267578377,187.0,200.0,200.0,0.2055835800456407,189.57489839502384,0.0,0,0,0,0,0,0,0,0,0,0,,,,,,,,,,,,,,,,,,,,,,,,,,,,,,,,,,,,,,,,,,,,,,,,,,,,,,,,,,,,,,,,,,,,,,,,,,,,,,,,,,,,,,,,,,,,,,,,,,,,,,,,,,,,,,,,,,,,,,0,0,0,0,0,0,0,0,0,0,0,0,0,0,0,0,0,0,0,0
runs\lightning_completion\jigsaw-arxiv-random-topo-filterall-gcp-cpux8-v2-resume\summary.csv,C:\Users\Swastik\Desktop\Jigsaw\runs\lightning_completion\jigsaw-arxiv-random-topo-filterall-gcp-cpux8-v2-resume\results\prod_arxiv_fill_rtf_s20260607_q50_types_all_sizes20_50_100_topo_feature_component_b20_50_100_200_per_query.csv,arxiv,arxiv,20260607,arxiv,negative_structure,20,topo_feature,topo_feature_component,type_feat32,50,0,0,50,0,0,50,0,0,50,0,0.8981237166399887,0.890507756500142,1.045093180450158,93.92,220.75,19.82,16854.59196520155,108586.24040723764,6.04,0.029750000000000002,0.45429056360306364,169.0,192.0,195.0,0.3364815399800136,220.48159676500177,4.049332394995417,0,0,0,0,0,0,0,0,0,0,,,,,,,,,,,,,,,,,,,,,,,,,,,,,,,,,,,,,,,,,,,,,,,,,,,,,,,,,,,,,,,,,,,,,,,,,,,,,,,,,,,,,,,,,,,,,,,,,,,,,,,,,,,,,,,,,,,,,,0,0,0,0,0,0,0,0,0,0,0,0,0,0,0,0,0,0,0,0
runs\lightning_completion\jigsaw-arxiv-random-topo-filterall-gcp-cpux8-v2-resume\summary.csv,C:\Users\Swastik\Desktop\Jigsaw\runs\lightning_completion\jigsaw-arxiv-random-topo-filterall-gcp-cpux8-v2-resume\results\prod_arxiv_fill_rtf_s20260607_q50_types_all_sizes20_50_100_topo_feature_component_b20_50_100_200_per_query.csv,arxiv,arxiv,20260607,arxiv,negative_structure,50,topo_feature,topo_feature_component,type_feat32,50,0,0,50,0,0,50,0,0,50,0,0.8752232065400222,0.8640757100000656,0.9936168305001274,216.7,419.7999999999999,50.2,5576.181708241206,68302.85239658708,12.22,0.063125,0.46456251369071583,185.0,199.0,199.0,0.4088640599957216,212.7195101350071,6.086291499998424,0,0,0,0,0,0,0,0,0,0,,,,,,,,,,,,,,,,,,,,,,,,,,,,,,,,,,,,,,,,,,,,,,,,,,,,,,,,,,,,,,,,,,,,,,,,,,,,,,,,,,,,,,,,,,,,,,,,,,,,,,,,,,,,,,,,,,,,,,0,0,0,0,0,0,0,0,0,0,0,0,0,0,0,0,0,0,0,0
runs\lightning_completion\jigsaw-arxiv-random-topo-filterall-gcp-cpux8-v2-resume\summary.csv,C:\Users\Swastik\Desktop\Jigsaw\runs\lightning_completion\jigsaw-arxiv-random-topo-filterall-gcp-cpux8-v2-resume\results\prod_arxiv_fill_rtf_s20260607_q50_types_all_sizes20_50_100_topo_feature_component_b20_50_100_200_per_query.csv,arxiv,arxiv,20260607,arxiv,negative_structure,100,topo_feature,topo_feature_component,type_feat32,50,0,0,50,0,0,50,0,0,50,0,0.8127524028000335,0.7911734319998232,0.9119750777000264,483.48,966.2999999999998,100.16,1899.1463914380352,37097.299796204665,23.14,0.127975,0.4711387613802936,193.5,200.0,200.0,0.23905986004137958,194.20732073000866,8.98077996999973,0,0,0,0,0,0,0,0,0,0,,,,,,,,,,,,,,,,,,,,,,,,,,,,,,,,,,,,,,,,,,,,,,,,,,,,,,,,,,,,,,,,,,,,,,,,,,,,,,,,,,,,,,,,,,,,,,,,,,,,,,,,,,,,,,,,,,,,,,0,0,0,0,0,0,0,0,0,0,0,0,0,0,0,0,0,0,0,0
runs\lightning_completion\jigsaw-arxiv-random-topo-filterall-gcp-cpux8-v2-resume\summary.csv,C:\Users\Swastik\Desktop\Jigsaw\runs\lightning_completion\jigsaw-arxiv-random-topo-filterall-gcp-cpux8-v2-resume\results\prod_arxiv_fill_rtf_s20260608_q50_types_all_sizes20_50_100_topo_feature_component_b20_50_100_200_per_query.csv,arxiv,arxiv,20260608,arxiv,k_hop,20,topo_feature,topo_feature_component,type_feat32,50,50,50,0,50,0,0,0,0,50,0,0.6065399721399944,0.7672296760000563,0.912728998499756,75.32,173.79999999999995,19.78,17003.194309398204,132219.795848922,5.76,0.02603658536585366,0.3368799730080218,173.0,199.0,200.0,0.2872596219692529,182.0363112073163,2.8844120060966816,0,0,0,4,6,12,28,0,0,0,,,,,,,,,,,,,,,,,,,,,,,,,,,,,,,,,,,,,,,,,,,,,,,,,,,,,,,,,,,,,,,,,,,,,,,,,,,,,,,,,,,,,,,,,,,,,,,,,,,,,,,,,,,,,,,,,,,,,,0,0,0,4,6,12,28,0,0,0,0,0,0,4,10,22,50,50,50,50
runs\lightning_completion\jigsaw-arxiv-random-topo-filterall-gcp-cpux8-v2-resume\summary.csv,C:\Users\Swastik\Desktop\Jigsaw\runs\lightning_completion\jigsaw-arxiv-random-topo-filterall-gcp-cpux8-v2-resume\results\prod_arxiv_fill_rtf_s20260608_q50_types_all_sizes20_50_100_topo_feature_component_b20_50_100_200_per_query.csv,arxiv,arxiv,20260608,arxiv,k_hop,50,topo_feature,topo_feature_component,type_feat32,50,50,50,0,50,0,0,0,0,50,0,0.6861767456200141,0.7939604714998723,0.872775136500104,252.24,649.3999999999997,50.22,4638.963731671678,79418.05640340578,15.04,0.07977272727272727,0.402609020983529,194.5,200.0,200.0,0.2748014204624641,190.02934656250727,4.907228897724022,0,0,0,2,4,10,34,0,0,0,,,,,,,,,,,,,,,,,,,,,,,,,,,,,,,,,,,,,,,,,,,,,,,,,,,,,,,,,,,,,,,,,,,,,,,,,,,,,,,,,,,,,,,,,,,,,,,,,,,,,,,,,,,,,,,,,,,,,,0,0,0,2,4,10,34,0,0,0,0,0,0,2,6,16,50,50,50,50
runs\lightning_completion\jigsaw-arxiv-random-topo-filterall-gcp-cpux8-v2-resume\summary.csv,C:\Users\Swastik\Desktop\Jigsaw\runs\lightning_completion\jigsaw-arxiv-random-topo-filterall-gcp-cpux8-v2-resume\results\prod_arxiv_fill_rtf_s20260608_q50_types_all_sizes20_50_100_topo_feature_component_b20_50_100_200_per_query.csv,arxiv,arxiv,20260608,arxiv,k_hop,100,topo_feature,topo_feature_component,type_feat32,50,50,50,0,50,0,0,0,0,50,0,0.745626793879892,0.8362876610003696,0.937749290500551,491.22,909.2,100.34,2005.6224056908804,34309.732917978305,24.2,0.13171348314606743,0.4308590176068076,194.0,200.0,200.0,0.2630953370912772,200.50287148874662,8.942857129200553,0,0,0,4,2,6,38,0,0,0,,,,,,,,,,,,,,,,,,,,,,,,,,,,,,,,,,,,,,,,,,,,,,,,,,,,,,,,,,,,,,,,,,,,,,,,,,,,,,,,,,,,,,,,,,,,,,,,,,,,,,,,,,,,,,,,,,,,,,0,0,0,4,2,6,38,0,0,0,0,0,0,4,6,12,50,50,50,50
runs\lightning_completion\jigsaw-arxiv-random-topo-filterall-gcp-cpux8-v2-resume\summary.csv,C:\Users\Swastik\Desktop\Jigsaw\runs\lightning_completion\jigsaw-arxiv-random-topo-filterall-gcp-cpux8-v2-resume\results\prod_arxiv_fill_rtf_s20260608_q50_types_all_sizes20_50_100_topo_feature_component_b20_50_100_200_per_query.csv,arxiv,arxiv,20260608,arxiv,degree_k_hop,20,topo_feature,topo_feature_component,type_feat32,50,50,50,0,50,0,0,0,0,50,0,0.6242975096799773,0.776733984499856,0.8892371529999763,74.84,175.79999999999995,20.32,15519.840607322501,129212.90151554313,5.84,0.03103550295857988,0.37506976915260937,167.0,198.0,199.0,0.2903354142002565,181.89267495265796,2.810730278104572,0,0,0,3,3,16,28,0,0,0,,,,,,,,,,,,,,,,,,,,,,,,,,,,,,,,,,,,,,,,,,,,,,,,,,,,,,,,,,,,,,,,,,,,,,,,,,,,,,,,,,,,,,,,,,,,,,,,,,,,,,,,,,,,,,,,,,,,,,0,0,0,3,3,16,28,0,0,0,0,0,0,3,6,22,50,50,50,50
runs\lightning_completion\jigsaw-arxiv-random-topo-filterall-gcp-cpux8-v2-resume\summary.csv,C:\Users\Swastik\Desktop\Jigsaw\runs\lightning_completion\jigsaw-arxiv-random-topo-filterall-gcp-cpux8-v2-resume\results\prod_arxiv_fill_rtf_s20260608_q50_types_all_sizes20_50_100_topo_feature_component_b20_50_100_200_per_query.csv,arxiv,arxiv,20260608,arxiv,degree_k_hop,50,topo_feature,topo_feature_component,type_feat32,50,50,50,0,50,0,0,0,0,50,0,0.6665947176200007,0.7714562799998248,0.904666827899939,258.26,517.6999999999997,50.14,4448.292373858801,40450.752232270745,14.68,0.07585227272727273,0.40451374593618133,189.5,199.55,200.0,0.25420544317646754,184.59765091477658,4.77584840908724,0,0,0,0,6,12,32,0,0,0,,,,,,,,,,,,,,,,,,,,,,,,,,,,,,,,,,,,,,,,,,,,,,,,,,,,,,,,,,,,,,,,,,,,,,,,,,,,,,,,,,,,,,,,,,,,,,,,,,,,,,,,,,,,,,,,,,,,,,0,0,0,0,6,12,32,0,0,0,0,0,0,0,6,18,50,50,50,50
runs\lightning_completion\jigsaw-arxiv-random-topo-filterall-gcp-cpux8-v2-resume\summary.csv,C:\Users\Swastik\Desktop\Jigsaw\runs\lightning_completion\jigsaw-arxiv-random-topo-filterall-gcp-cpux8-v2-resume\results\prod_arxiv_fill_rtf_s20260608_q50_types_all_sizes20_50_100_topo_feature_component_b20_50_100_200_per_query.csv,arxiv,arxiv,20260608,arxiv,degree_k_hop,100,topo_feature,topo_feature_component,type_feat32,50,50,50,0,50,0,0,0,0,50,0,0.784689205939967,0.8219145190000745,0.930904293449953,541.1,997.6499999999996,100.16,1998.286718952111,22364.67812685693,22.16,0.11931216931216931,0.45347613951662896,193.0,200.0,200.0,0.23977041269424104,199.59966662961855,7.990070391536744,0,0,0,2,1,3,44,0,0,0,,,,,,,,,,,,,,,,,,,,,,,,,,,,,,,,,,,,,,,,,,,,,,,,,,,,,,,,,,,,,,,,,,,,,,,,,,,,,,,,,,,,,,,,,,,,,,,,,,,,,,,,,,,,,,,,,,,,,,0,0,0,2,1,3,44,0,0,0,0,0,0,2,3,6,50,50,50,50
runs\lightning_completion\jigsaw-arxiv-random-topo-filterall-gcp-cpux8-v2-resume\summary.csv,C:\Users\Swastik\Desktop\Jigsaw\runs\lightning_completion\jigsaw-arxiv-random-topo-filterall-gcp-cpux8-v2-resume\results\prod_arxiv_fill_rtf_s20260608_q50_types_all_sizes20_50_100_topo_feature_component_b20_50_100_200_per_query.csv,arxiv,arxiv,20260608,arxiv,random_walk,20,topo_feature,topo_feature_component,type_feat32,50,50,50,0,50,0,0,0,0,50,0,0.7199297721999938,0.7832180559997823,0.9100457534001294,95.82,198.1,19.98,13796.858058199969,114834.3805065797,7.48,0.03666666666666667,0.4032919589371202,183.0,199.0,200.0,0.27367813979659544,191.05378040321912,2.4757282526931985,0,0,0,0,3,8,39,0,0,0,,,,,,,,,,,,,,,,,,,,,,,,,,,,,,,,,,,,,,,,,,,,,,,,,,,,,,,,,,,,,,,,,,,,,,,,,,,,,,,,,,,,,,,,,,,,,,,,,,,,,,,,,,,,,,,,,,,,,,0,0,0,0,3,8,39,0,0,0,0,0,0,0,3,11,50,50,50,50
runs\lightning_completion\jigsaw-arxiv-random-topo-filterall-gcp-cpux8-v2-resume\summary.csv,C:\Users\Swastik\Desktop\Jigsaw\runs\lightning_completion\jigsaw-arxiv-random-topo-filterall-gcp-cpux8-v2-resume\results\prod_arxiv_fill_rtf_s20260608_q50_types_all_sizes20_50_100_topo_feature_component_b20_50_100_200_per_query.csv,arxiv,arxiv,20260608,arxiv,random_walk,50,topo_feature,topo_feature_component,type_feat32,50,50,50,0,50,0,0,0,0,50,0,0.7923024228399754,0.790222326500043,0.9089335995000396,260.08,425.6499999999999,50.3,4429.574262198238,66522.24664640645,14.66,0.0668781725888325,0.41778014251572737,192.5,200.0,200.0,0.261228263955991,196.78601657867802,4.305968913701556,0,0,0,0,0,3,47,0,0,0,,,,,,,,,,,,,,,,,,,,,,,,,,,,,,,,,,,,,,,,,,,,,,,,,,,,,,,,,,,,,,,,,,,,,,,,,,,,,,,,,,,,,,,,,,,,,,,,,,,,,,,,,,,,,,,,,,,,,,0,0,0,0,0,3,47,0,0,0,0,0,0,0,0,3,50,50,50,50
runs\lightning_completion\jigsaw-arxiv-random-topo-filterall-gcp-cpux8-v2-resume\summary.csv,C:\Users\Swastik\Desktop\Jigsaw\runs\lightning_completion\jigsaw-arxiv-random-topo-filterall-gcp-cpux8-v2-resume\results\prod_arxiv_fill_rtf_s20260608_q50_types_all_sizes20_50_100_topo_feature_component_b20_50_100_200_per_query.csv,arxiv,arxiv,20260608,arxiv,random_walk,100,topo_feature,topo_feature_component,type_feat32,50,50,50,0,50,0,0,0,0,50,0,0.8480654529199819,0.8353696995002338,0.9463758409499405,616.52,1029.8999999999996,100.78,1720.025515886246,9754.568572937513,29.0,0.14873737373737372,0.4532432966474635,196.0,200.0,200.0,0.2513080807942731,206.4458436211979,7.712099035363207,0,0,0,0,0,2,48,0,0,0,,,,,,,,,,,,,,,,,,,,,,,,,,,,,,,,,,,,,,,,,,,,,,,,,,,,,,,,,,,,,,,,,,,,,,,,,,,,,,,,,,,,,,,,,,,,,,,,,,,,,,,,,,,,,,,,,,,,,,0,0,0,0,0,2,48,0,0,0,0,0,0,0,0,2,50,50,50,50
runs\lightning_completion\jigsaw-arxiv-random-topo-filterall-gcp-cpux8-v2-resume\summary.csv,C:\Users\Swastik\Desktop\Jigsaw\runs\lightning_completion\jigsaw-arxiv-random-topo-filterall-gcp-cpux8-v2-resume\results\prod_arxiv_fill_rtf_s20260608_q50_types_all_sizes20_50_100_topo_feature_component_b20_50_100_200_per_query.csv,arxiv,arxiv,20260608,arxiv,single,20,topo_feature,topo_feature_component,type_feat32,50,50,50,0,50,0,0,0,0,50,0,0.4894743459600159,0.45905763600012506,0.8186555637000877,70.16,177.19999999999993,19.84,13689.184169968921,166290.2170373011,1.0,0.0048630136986301375,0.3219178082191781,92.5,181.0,194.11999999999998,0.2502955616433012,164.4681681027344,3.160032568503894,0,0,0,6,8,20,16,0,0,0,,,,,,,,,,,,,,,,,,,,,,,,,,,,,,,,,,,,,,,,,,,,,,,,,,,,,,,,,,,,,,,,,,,,,,,,,,,,,,,,,,,,,,,,,,,,,,,,,,,,,,,,,,,,,,,,,,,,,,0,0,0,6,8,20,16,0,0,0,0,0,0,6,14,34,50,50,50,50
runs\lightning_completion\jigsaw-arxiv-random-topo-filterall-gcp-cpux8-v2-resume\summary.csv,C:\Users\Swastik\Desktop\Jigsaw\runs\lightning_completion\jigsaw-arxiv-random-topo-filterall-gcp-cpux8-v2-resume\results\prod_arxiv_fill_rtf_s20260608_q50_types_all_sizes20_50_100_topo_feature_component_b20_50_100_200_per_query.csv,arxiv,arxiv,20260608,arxiv,single,50,topo_feature,topo_feature_component,type_feat32,50,50,50,0,50,0,0,0,0,50,0,0.6055887876600172,0.7816403229999196,0.9104524376000881,200.86,510.1499999999998,50.18,4800.733726938536,65578.31801777097,1.0,0.0038819875776397515,0.3105590062111801,104.5,178.49999999999997,193.54999999999998,0.28117532301000003,182.67639964596756,5.394652422360789,0,0,0,5,6,12,27,0,0,0,,,,,,,,,,,,,,,,,,,,,,,,,,,,,,,,,,,,,,,,,,,,,,,,,,,,,,,,,,,,,,,,,,,,,,,,,,,,,,,,,,,,,,,,,,,,,,,,,,,,,,,,,,,,,,,,,,,,,,0,0,0,5,6,12,27,0,0,0,0,0,0,5,11,23,50,50,50,50
runs\lightning_completion\jigsaw-arxiv-random-topo-filterall-gcp-cpux8-v2-resume\summary.csv,C:\Users\Swastik\Desktop\Jigsaw\runs\lightning_completion\jigsaw-arxiv-random-topo-filterall-gcp-cpux8-v2-resume\results\prod_arxiv_fill_rtf_s20260608_q50_types_all_sizes20_50_100_topo_feature_component_b20_50_100_200_per_query.csv,arxiv,arxiv,20260608,arxiv,single,100,topo_feature,topo_feature_component,type_feat32,50,50,50,0,50,0,0,0,0,50,0,0.5605391998200594,0.4967852805000348,0.9200706840500856,385.1,776.6999999999995,100.18,1908.8282218130491,32566.628615180733,1.0,0.0047986577181208055,0.33557046979865773,78.0,179.49999999999997,192.55,0.23706459729516347,177.71895865773436,10.381443966446648,0,0,0,5,12,12,21,0,0,0,,,,,,,,,,,,,,,,,,,,,,,,,,,,,,,,,,,,,,,,,,,,,,,,,,,,,,,,,,,,,,,,,,,,,,,,,,,,,,,,,,,,,,,,,,,,,,,,,,,,,,,,,,,,,,,,,,,,,,0,0,0,5,12,12,21,0,0,0,0,0,0,5,17,29,50,50,50,50
runs\lightning_completion\jigsaw-arxiv-random-topo-filterall-gcp-cpux8-v2-resume\summary.csv,C:\Users\Swastik\Desktop\Jigsaw\runs\lightning_completion\jigsaw-arxiv-random-topo-filterall-gcp-cpux8-v2-resume\results\prod_arxiv_fill_rtf_s20260608_q50_types_all_sizes20_50_100_topo_feature_component_b20_50_100_200_per_query.csv,arxiv,arxiv,20260608,arxiv,negative_label,20,topo_feature,topo_feature_component,type_feat32,50,0,0,50,0,0,50,0,0,48,0,0.7757809253800224,0.7682005140000001,0.8578644135499984,141.04,281.6499999999999,0.0,10322.741940303353,114118.6938606265,6.82,0.036825000000000004,0.4562601712013477,177.0,198.55,199.51,0.2481725000188817,193.9452313450056,0.0,0,0,0,0,0,0,0,0,0,0,,,,,,,,,,,,,,,,,,,,,,,,,,,,,,,,,,,,,,,,,,,,,,,,,,,,,,,,,,,,,,,,,,,,,,,,,,,,,,,,,,,,,,,,,,,,,,,,,,,,,,,,,,,,,,,,,,,,,,0,0,0,0,0,0,0,0,0,0,0,0,0,0,0,0,0,0,0,0
runs\lightning_completion\jigsaw-arxiv-random-topo-filterall-gcp-cpux8-v2-resume\summary.csv,C:\Users\Swastik\Desktop\Jigsaw\runs\lightning_completion\jigsaw-arxiv-random-topo-filterall-gcp-cpux8-v2-resume\results\prod_arxiv_fill_rtf_s20260608_q50_types_all_sizes20_50_100_topo_feature_component_b20_50_100_200_per_query.csv,arxiv,arxiv,20260608,arxiv,negative_label,50,topo_feature,topo_feature_component,type_feat32,50,0,0,50,0,0,50,0,0,44,0,0.7754022359999726,0.7651575730000104,0.8538656199999877,345.98,603.15,0.0,3230.630571146736,65245.249211861184,12.48,0.06485,0.4443302525670139,193.0,199.0,199.51,0.22406631998819648,193.85055899999315,0.0,0,0,0,0,0,0,0,0,0,0,,,,,,,,,,,,,,,,,,,,,,,,,,,,,,,,,,,,,,,,,,,,,,,,,,,,,,,,,,,,,,,,,,,,,,,,,,,,,,,,,,,,,,,,,,,,,,,,,,,,,,,,,,,,,,,,,,,,,,0,0,0,0,0,0,0,0,0,0,0,0,0,0,0,0,0,0,0,0
runs\lightning_completion\jigsaw-arxiv-random-topo-filterall-gcp-cpux8-v2-resume\summary.csv,C:\Users\Swastik\Desktop\Jigsaw\runs\lightning_completion\jigsaw-arxiv-random-topo-filterall-gcp-cpux8-v2-resume\results\prod_arxiv_fill_rtf_s20260608_q50_types_all_sizes20_50_100_topo_feature_component_b20_50_100_200_per_query.csv,arxiv,arxiv,20260608,arxiv,negative_label,100,topo_feature,topo_feature_component,type_feat32,50,0,0,50,0,0,50,0,0,34,0,0.7994684587200118,0.7886268745000962,0.8783934054497876,650.98,1078.25,0.0,1437.1497709781004,28809.591387986533,24.94,0.135025,0.474083714559575,195.5,200.0,200.0,0.2188228200247977,199.8671146800029,0.0,0,0,0,0,0,0,0,0,0,0,,,,,,,,,,,,,,,,,,,,,,,,,,,,,,,,,,,,,,,,,,,,,,,,,,,,,,,,,,,,,,,,,,,,,,,,,,,,,,,,,,,,,,,,,,,,,,,,,,,,,,,,,,,,,,,,,,,,,,0,0,0,0,0,0,0,0,0,0,0,0,0,0,0,0,0,0,0,0
runs\lightning_completion\jigsaw-arxiv-random-topo-filterall-gcp-cpux8-v2-resume\summary.csv,C:\Users\Swastik\Desktop\Jigsaw\runs\lightning_completion\jigsaw-arxiv-random-topo-filterall-gcp-cpux8-v2-resume\results\prod_arxiv_fill_rtf_s20260608_q50_types_all_sizes20_50_100_topo_feature_component_b20_50_100_200_per_query.csv,arxiv,arxiv,20260608,arxiv,negative_structure,20,topo_feature,topo_feature_component,type_feat32,50,0,0,50,0,0,50,0,0,50,0,0.7914468916800479,0.7790295789999391,0.8922580449003135,89.76,240.2,19.5,12286.524651667045,86778.23623763009,5.48,0.029450000000000004,0.4779938672438672,161.5,199.55,200.0,0.2955076399985046,193.6185592850086,4.243163635003384,0,0,0,0,0,0,0,0,0,0,,,,,,,,,,,,,,,,,,,,,,,,,,,,,,,,,,,,,,,,,,,,,,,,,,,,,,,,,,,,,,,,,,,,,,,,,,,,,,,,,,,,,,,,,,,,,,,,,,,,,,,,,,,,,,,,,,,,,,0,0,0,0,0,0,0,0,0,0,0,0,0,0,0,0,0,0,0,0
runs\lightning_completion\jigsaw-arxiv-random-topo-filterall-gcp-cpux8-v2-resume\summary.csv,C:\Users\Swastik\Desktop\Jigsaw\runs\lightning_completion\jigsaw-arxiv-random-topo-filterall-gcp-cpux8-v2-resume\results\prod_arxiv_fill_rtf_s20260608_q50_types_all_sizes20_50_100_topo_feature_component_b20_50_100_200_per_query.csv,arxiv,arxiv,20260608,arxiv,negative_structure,50,topo_feature,topo_feature_component,type_feat32,50,0,0,50,0,0,50,0,0,50,0,0.8162753090200249,0.801591282500226,0.8940720105496212,221.22,450.79999999999995,50.1,4309.287896151157,58296.628532694034,13.04,0.0683,0.4637553197791201,186.0,200.0,200.0,0.24269821999041596,198.0619084950024,6.006918760003828,0,0,0,0,0,0,0,0,0,0,,,,,,,,,,,,,,,,,,,,,,,,,,,,,,,,,,,,,,,,,,,,,,,,,,,,,,,,,,,,,,,,,,,,,,,,,,,,,,,,,,,,,,,,,,,,,,,,,,,,,,,,,,,,,,,,,,,,,,0,0,0,0,0,0,0,0,0,0,0,0,0,0,0,0,0,0,0,0
runs\lightning_completion\jigsaw-arxiv-random-topo-filterall-gcp-cpux8-v2-resume\summary.csv,C:\Users\Swastik\Desktop\Jigsaw\runs\lightning_completion\jigsaw-arxiv-random-topo-filterall-gcp-cpux8-v2-resume\results\prod_arxiv_fill_rtf_s20260608_q50_types_all_sizes20_50_100_topo_feature_component_b20_50_100_200_per_query.csv,arxiv,arxiv,20260608,arxiv,negative_structure,100,topo_feature,topo_feature_component,type_feat32,50,0,0,50,0,0,50,0,0,50,0,0.8680274272799943,0.8571341619997384,0.9444183590002466,474.2,996.8499999999999,100.5,1927.9666645025736,37237.54809533393,23.94,0.125225,0.47050321263291717,194.5,200.0,200.0,0.24793296001917042,208.1397522150087,8.86710460498989,0,0,0,0,0,0,0,0,0,0,,,,,,,,,,,,,,,,,,,,,,,,,,,,,,,,,,,,,,,,,,,,,,,,,,,,,,,,,,,,,,,,,,,,,,,,,,,,,,,,,,,,,,,,,,,,,,,,,,,,,,,,,,,,,,,,,,,,,,0,0,0,0,0,0,0,0,0,0,0,0,0,0,0,0,0,0,0,0
runs\lightning_completion\jigsaw-arxiv-random-topo-filterall-gcp-cpux8-v2-resume\summary.csv,C:\Users\Swastik\Desktop\Jigsaw\runs\lightning_completion\jigsaw-arxiv-random-topo-filterall-gcp-cpux8-v2-resume\results\prod_arxiv_fill_rtf_s20260607_q50_types_all_sizes20_50_100_filterall_component_b200_per_query.csv,arxiv,arxiv,20260607,arxiv,k_hop,20,all,filterall_component,type_feat32,50,50,50,0,50,0,0,0,0,50,0,0.3254491682799835,0.32334725049986446,0.3354891879502929,19.9,21.0,19.84,8541.741559523809,34477.87350983568,5.7,0.0285,1.0,1000000000.0,1000000000.0,1000000000.0,0.0,316.48300399996515,8.966164280018347,0,0,0,0,0,0,50,0,0,0,,,,,,,,,,,,,,,,,,,,,,,,,,,,,,,,,,,,,,,,,,,,,,,,,,,,,,,,,,,,,,,,,,,,,,,,,,,,,,,,,,,,,,,,,,,,,,,,,,,,,,,,,,,,,,,,,,,,,,0,0,0,0,0,0,50,0,0,0,0,0,0,0,0,0,50,50,50,50
runs\lightning_completion\jigsaw-arxiv-random-topo-filterall-gcp-cpux8-v2-resume\summary.csv,C:\Users\Swastik\Desktop\Jigsaw\runs\lightning_completion\jigsaw-arxiv-random-topo-filterall-gcp-cpux8-v2-resume\results\prod_arxiv_fill_rtf_s20260607_q50_types_all_sizes20_50_100_filterall_component_b200_per_query.csv,arxiv,arxiv,20260607,arxiv,k_hop,50,all,filterall_component,type_feat32,50,50,50,0,50,0,0,0,0,50,0,0.33382346674002294,0.3325678334999793,0.34728273054995495,50.26,52.099999999999994,49.84,3382.002543227897,10518.997819447508,11.54,0.0577,1.0,1000000000.0,1000000000.0,1000000000.0,0.0,317.1374761400057,16.68599060001725,0,0,0,0,0,0,50,0,0,0,,,,,,,,,,,,,,,,,,,,,,,,,,,,,,,,,,,,,,,,,,,,,,,,,,,,,,,,,,,,,,,,,,,,,,,,,,,,,,,,,,,,,,,,,,,,,,,,,,,,,,,,,,,,,,,,,,,,,,0,0,0,0,0,0,50,0,0,0,0,0,0,0,0,0,50,50,50,50
runs\lightning_completion\jigsaw-arxiv-random-topo-filterall-gcp-cpux8-v2-resume\summary.csv,C:\Users\Swastik\Desktop\Jigsaw\runs\lightning_completion\jigsaw-arxiv-random-topo-filterall-gcp-cpux8-v2-resume\results\prod_arxiv_fill_rtf_s20260607_q50_types_all_sizes20_50_100_filterall_component_b200_per_query.csv,arxiv,arxiv,20260607,arxiv,k_hop,100,all,filterall_component,type_feat32,50,50,50,0,50,0,0,0,0,50,0,0.37894062450000093,0.3712711035000211,0.4365322957501348,101.08,105.1,100.3,1678.0180877618563,4457.923454253337,23.2,0.11599999999999999,1.0,1000000000.0,1000000000.0,1000000000.0,0.0,347.2632664200046,31.67735807999634,0,0,0,0,0,0,50,0,0,0,,,,,,,,,,,,,,,,,,,,,,,,,,,,,,,,,,,,,,,,,,,,,,,,,,,,,,,,,,,,,,,,,,,,,,,,,,,,,,,,,,,,,,,,,,,,,,,,,,,,,,,,,,,,,,,,,,,,,,0,0,0,0,0,0,50,0,0,0,0,0,0,0,0,0,50,50,50,50
runs\lightning_completion\jigsaw-arxiv-random-topo-filterall-gcp-cpux8-v2-resume\summary.csv,C:\Users\Swastik\Desktop\Jigsaw\runs\lightning_completion\jigsaw-arxiv-random-topo-filterall-gcp-cpux8-v2-resume\results\prod_arxiv_fill_rtf_s20260607_q50_types_all_sizes20_50_100_filterall_component_b200_per_query.csv,arxiv,arxiv,20260607,arxiv,degree_k_hop,20,all,filterall_component,type_feat32,50,50,50,0,50,0,0,0,0,50,0,0.32768285401996766,0.32494629599978,0.33785203510017253,20.12,21.099999999999994,20.06,8420.965545454546,33034.89908519323,5.86,0.029300000000000003,1.0,1000000000.0,1000000000.0,1000000000.0,0.0,318.42049093998867,9.262363079978968,0,0,0,0,0,0,50,0,0,0,,,,,,,,,,,,,,,,,,,,,,,,,,,,,,,,,,,,,,,,,,,,,,,,,,,,,,,,,,,,,,,,,,,,,,,,,,,,,,,,,,,,,,,,,,,,,,,,,,,,,,,,,,,,,,,,,,,,,,0,0,0,0,0,0,50,0,0,0,0,0,0,0,0,0,50,50,50,50
runs\lightning_completion\jigsaw-arxiv-random-topo-filterall-gcp-cpux8-v2-resume\summary.csv,C:\Users\Swastik\Desktop\Jigsaw\runs\lightning_completion\jigsaw-arxiv-random-topo-filterall-gcp-cpux8-v2-resume\results\prod_arxiv_fill_rtf_s20260607_q50_types_all_sizes20_50_100_filterall_component_b200_per_query.csv,arxiv,arxiv,20260607,arxiv,degree_k_hop,50,all,filterall_component,type_feat32,50,50,50,0,50,0,0,0,0,50,0,0.34152981220001494,0.33792592849977154,0.36799043854996394,50.08,51.0,50.04,3381.547278431373,10121.64582969412,12.3,0.061500000000000006,1.0,1000000000.0,1000000000.0,1000000000.0,0.0,324.83678468001017,16.69302752000476,0,0,0,0,0,0,50,0,0,0,,,,,,,,,,,,,,,,,,,,,,,,,,,,,,,,,,,,,,,,,,,,,,,,,,,,,,,,,,,,,,,,,,,,,,,,,,,,,,,,,,,,,,,,,,,,,,,,,,,,,,,,,,,,,,,,,,,,,,0,0,0,0,0,0,50,0,0,0,0,0,0,0,0,0,50,50,50,50
runs\lightning_completion\jigsaw-arxiv-random-topo-filterall-gcp-cpux8-v2-resume\summary.csv,C:\Users\Swastik\Desktop\Jigsaw\runs\lightning_completion\jigsaw-arxiv-random-topo-filterall-gcp-cpux8-v2-resume\results\prod_arxiv_fill_rtf_s20260607_q50_types_all_sizes20_50_100_filterall_component_b200_per_query.csv,arxiv,arxiv,20260607,arxiv,degree_k_hop,100,all,filterall_component,type_feat32,50,50,50,0,50,0,0,0,0,50,0,0.36746409324002344,0.3591329050000809,0.4275178344502564,100.34,102.55,100.16,1688.0095925817147,4470.3290002813665,20.24,0.1012,1.0,1000000000.0,1000000000.0,1000000000.0,0.0,336.69327876002853,30.770814479994897,0,0,0,0,0,0,50,0,0,0,,,,,,,,,,,,,,,,,,,,,,,,,,,,,,,,,,,,,,,,,,,,,,,,,,,,,,,,,,,,,,,,,,,,,,,,,,,,,,,,,,,,,,,,,,,,,,,,,,,,,,,,,,,,,,,,,,,,,,0,0,0,0,0,0,50,0,0,0,0,0,0,0,0,0,50,50,50,50
runs\lightning_completion\jigsaw-arxiv-random-topo-filterall-gcp-cpux8-v2-resume\summary.csv,C:\Users\Swastik\Desktop\Jigsaw\runs\lightning_completion\jigsaw-arxiv-random-topo-filterall-gcp-cpux8-v2-resume\results\prod_arxiv_fill_rtf_s20260607_q50_types_all_sizes20_50_100_filterall_component_b200_per_query.csv,arxiv,arxiv,20260607,arxiv,random_walk,20,all,filterall_component,type_feat32,50,50,50,0,50,0,0,0,0,50,0,0.3250320344999727,0.3257823154997368,0.3306665065001425,20.1,21.0,20.1,8427.563324675324,44601.63111696401,7.76,0.0388,1.0,1000000000.0,1000000000.0,1000000000.0,0.0,315.9102725399862,9.121761959986543,0,0,0,0,0,0,50,0,0,0,,,,,,,,,,,,,,,,,,,,,,,,,,,,,,,,,,,,,,,,,,,,,,,,,,,,,,,,,,,,,,,,,,,,,,,,,,,,,,,,,,,,,,,,,,,,,,,,,,,,,,,,,,,,,,,,,,,,,,0,0,0,0,0,0,50,0,0,0,0,0,0,0,0,0,50,50,50,50
runs\lightning_completion\jigsaw-arxiv-random-topo-filterall-gcp-cpux8-v2-resume\summary.csv,C:\Users\Swastik\Desktop\Jigsaw\runs\lightning_completion\jigsaw-arxiv-random-topo-filterall-gcp-cpux8-v2-resume\results\prod_arxiv_fill_rtf_s20260607_q50_types_all_sizes20_50_100_filterall_component_b200_per_query.csv,arxiv,arxiv,20260607,arxiv,random_walk,50,all,filterall_component,type_feat32,50,50,50,0,50,0,0,0,0,50,0,0.34560067924000576,0.33801756300022134,0.4008254850999037,50.72,52.55,50.34,3346.6074319612317,14873.624625236753,17.68,0.08839999999999999,1.0,1000000000.0,1000000000.0,1000000000.0,0.0,328.88952204000816,16.711157199997615,0,0,0,0,0,0,50,0,0,0,,,,,,,,,,,,,,,,,,,,,,,,,,,,,,,,,,,,,,,,,,,,,,,,,,,,,,,,,,,,,,,,,,,,,,,,,,,,,,,,,,,,,,,,,,,,,,,,,,,,,,,,,,,,,,,,,,,,,,0,0,0,0,0,0,50,0,0,0,0,0,0,0,0,0,50,50,50,50
runs\lightning_completion\jigsaw-arxiv-random-topo-filterall-gcp-cpux8-v2-resume\summary.csv,C:\Users\Swastik\Desktop\Jigsaw\runs\lightning_completion\jigsaw-arxiv-random-topo-filterall-gcp-cpux8-v2-resume\results\prod_arxiv_fill_rtf_s20260607_q50_types_all_sizes20_50_100_filterall_component_b200_per_query.csv,arxiv,arxiv,20260607,arxiv,random_walk,100,all,filterall_component,type_feat32,50,50,50,0,50,0,0,0,0,50,0,0.37206301074003933,0.36809568350008703,0.40668783380010604,101.24,106.64999999999999,100.44,1674.1604830222627,5892.479753352778,29.4,0.147,1.0,1000000000.0,1000000000.0,1000000000.0,0.0,341.55877670001246,30.50423404002686,0,0,0,0,0,0,50,0,0,0,,,,,,,,,,,,,,,,,,,,,,,,,,,,,,,,,,,,,,,,,,,,,,,,,,,,,,,,,,,,,,,,,,,,,,,,,,,,,,,,,,,,,,,,,,,,,,,,,,,,,,,,,,,,,,,,,,,,,,0,0,0,0,0,0,50,0,0,0,0,0,0,0,0,0,50,50,50,50
runs\lightning_completion\jigsaw-arxiv-random-topo-filterall-gcp-cpux8-v2-resume\summary.csv,C:\Users\Swastik\Desktop\Jigsaw\runs\lightning_completion\jigsaw-arxiv-random-topo-filterall-gcp-cpux8-v2-resume\results\prod_arxiv_fill_rtf_s20260607_q50_types_all_sizes20_50_100_filterall_component_b200_per_query.csv,arxiv,arxiv,20260607,arxiv,single,20,all,filterall_component,type_feat32,50,50,50,0,50,0,0,0,0,50,0,0.32332923226001187,0.31460075550012334,0.39772037250015724,19.94,20.0,19.9,8516.2668008658,32251.213929998743,1.0,0.005,1.0,1000000000.0,1000000000.0,1000000000.0,0.0,314.37400722002167,8.955225039990182,0,0,0,0,0,0,50,0,0,0,,,,,,,,,,,,,,,,,,,,,,,,,,,,,,,,,,,,,,,,,,,,,,,,,,,,,,,,,,,,,,,,,,,,,,,,,,,,,,,,,,,,,,,,,,,,,,,,,,,,,,,,,,,,,,,,,,,,,,0,0,0,0,0,0,50,0,0,0,0,0,0,0,0,0,50,50,50,50
runs\lightning_completion\jigsaw-arxiv-random-topo-filterall-gcp-cpux8-v2-resume\summary.csv,C:\Users\Swastik\Desktop\Jigsaw\runs\lightning_completion\jigsaw-arxiv-random-topo-filterall-gcp-cpux8-v2-resume\results\prod_arxiv_fill_rtf_s20260607_q50_types_all_sizes20_50_100_filterall_component_b200_per_query.csv,arxiv,arxiv,20260607,arxiv,single,50,all,filterall_component,type_feat32,50,50,50,0,50,0,0,0,0,50,0,0.3380310659599218,0.3327845540002272,0.37376373600004625,50.72,52.55,50.14,3346.6074319612317,9522.64096574405,1.0,0.005,1.0,1000000000.0,1000000000.0,1000000000.0,0.0,321.0824335799134,16.94863238000835,0,0,0,0,0,0,50,0,0,0,,,,,,,,,,,,,,,,,,,,,,,,,,,,,,,,,,,,,,,,,,,,,,,,,,,,,,,,,,,,,,,,,,,,,,,,,,,,,,,,,,,,,,,,,,,,,,,,,,,,,,,,,,,,,,,,,,,,,,0,0,0,0,0,0,50,0,0,0,0,0,0,0,0,0,50,50,50,50
runs\lightning_completion\jigsaw-arxiv-random-topo-filterall-gcp-cpux8-v2-resume\summary.csv,C:\Users\Swastik\Desktop\Jigsaw\runs\lightning_completion\jigsaw-arxiv-random-topo-filterall-gcp-cpux8-v2-resume\results\prod_arxiv_fill_rtf_s20260607_q50_types_all_sizes20_50_100_filterall_component_b200_per_query.csv,arxiv,arxiv,20260607,arxiv,single,100,all,filterall_component,type_feat32,50,50,50,0,50,0,0,0,0,50,0,0.36101131581996926,0.35637420950001797,0.40552753850008677,100.4,102.0,100.16,1686.7691810786105,3439.1909324785643,1.0,0.005,1.0,1000000000.0,1000000000.0,1000000000.0,0.0,330.42126975999963,30.59004605996961,0,0,0,0,0,0,50,0,0,0,,,,,,,,,,,,,,,,,,,,,,,,,,,,,,,,,,,,,,,,,,,,,,,,,,,,,,,,,,,,,,,,,,,,,,,,,,,,,,,,,,,,,,,,,,,,,,,,,,,,,,,,,,,,,,,,,,,,,,0,0,0,0,0,0,50,0,0,0,0,0,0,0,0,0,50,50,50,50
runs\lightning_completion\jigsaw-arxiv-random-topo-filterall-gcp-cpux8-v2-resume\summary.csv,C:\Users\Swastik\Desktop\Jigsaw\runs\lightning_completion\jigsaw-arxiv-random-topo-filterall-gcp-cpux8-v2-resume\results\prod_arxiv_fill_rtf_s20260607_q50_types_all_sizes20_50_100_filterall_component_b200_per_query.csv,arxiv,arxiv,20260607,arxiv,negative_label,20,all,filterall_component,type_feat32,50,0,0,50,0,0,50,0,0,48,0,0.31593735590002325,0.3119764195000698,0.31958999154981027,142.12,288.29999999999995,0.0,1909.7058721269339,24266.778247171882,6.12,0.030600000000000002,1.0,1000000000.0,1000000000.0,1000000000.0,0.0,315.93735590002325,0.0,0,0,0,0,0,0,0,0,0,0,,,,,,,,,,,,,,,,,,,,,,,,,,,,,,,,,,,,,,,,,,,,,,,,,,,,,,,,,,,,,,,,,,,,,,,,,,,,,,,,,,,,,,,,,,,,,,,,,,,,,,,,,,,,,,,,,,,,,,0,0,0,0,0,0,0,0,0,0,0,0,0,0,0,0,0,0,0,0
runs\lightning_completion\jigsaw-arxiv-random-topo-filterall-gcp-cpux8-v2-resume\summary.csv,C:\Users\Swastik\Desktop\Jigsaw\runs\lightning_completion\jigsaw-arxiv-random-topo-filterall-gcp-cpux8-v2-resume\results\prod_arxiv_fill_rtf_s20260607_q50_types_all_sizes20_50_100_filterall_component_b200_per_query.csv,arxiv,arxiv,20260607,arxiv,negative_label,50,all,filterall_component,type_feat32,50,0,0,50,0,0,50,0,0,41,0,0.31696205017995455,0.31576017899988074,0.324323159000096,314.06,655.5999999999999,0.0,1076.1074768220858,7549.374924643087,12.8,0.064,1.0,1000000000.0,1000000000.0,1000000000.0,0.0,316.96205017995453,0.0,0,0,0,0,0,0,0,0,0,0,,,,,,,,,,,,,,,,,,,,,,,,,,,,,,,,,,,,,,,,,,,,,,,,,,,,,,,,,,,,,,,,,,,,,,,,,,,,,,,,,,,,,,,,,,,,,,,,,,,,,,,,,,,,,,,,,,,,,,0,0,0,0,0,0,0,0,0,0,0,0,0,0,0,0,0,0,0,0
runs\lightning_completion\jigsaw-arxiv-random-topo-filterall-gcp-cpux8-v2-resume\summary.csv,C:\Users\Swastik\Desktop\Jigsaw\runs\lightning_completion\jigsaw-arxiv-random-topo-filterall-gcp-cpux8-v2-resume\results\prod_arxiv_fill_rtf_s20260607_q50_types_all_sizes20_50_100_filterall_component_b200_per_query.csv,arxiv,arxiv,20260607,arxiv,negative_label,100,all,filterall_component,type_feat32,50,0,0,50,0,0,50,0,0,35,0,0.3398075032600002,0.3355591999999774,0.3540859660000052,503.0,1092.2999999999997,0.0,705.5786911502688,3129.305042139499,18.68,0.0934,1.0,1000000000.0,1000000000.0,1000000000.0,0.0,339.8075032600002,0.0,0,0,0,0,0,0,0,0,0,0,,,,,,,,,,,,,,,,,,,,,,,,,,,,,,,,,,,,,,,,,,,,,,,,,,,,,,,,,,,,,,,,,,,,,,,,,,,,,,,,,,,,,,,,,,,,,,,,,,,,,,,,,,,,,,,,,,,,,,0,0,0,0,0,0,0,0,0,0,0,0,0,0,0,0,0,0,0,0
runs\lightning_completion\jigsaw-arxiv-random-topo-filterall-gcp-cpux8-v2-resume\summary.csv,C:\Users\Swastik\Desktop\Jigsaw\runs\lightning_completion\jigsaw-arxiv-random-topo-filterall-gcp-cpux8-v2-resume\results\prod_arxiv_fill_rtf_s20260607_q50_types_all_sizes20_50_100_filterall_component_b200_per_query.csv,arxiv,arxiv,20260607,arxiv,negative_structure,20,all,filterall_component,type_feat32,50,0,0,50,0,0,50,0,0,50,0,0.32506408185997315,0.32406626299984964,0.34664913959995824,20.04,21.0,19.82,8525.613654761904,33451.98483812585,6.04,0.0302,1.0,1000000000.0,1000000000.0,1000000000.0,0.0,316.2278614600291,8.836220399944068,0,0,0,0,0,0,0,0,0,0,,,,,,,,,,,,,,,,,,,,,,,,,,,,,,,,,,,,,,,,,,,,,,,,,,,,,,,,,,,,,,,,,,,,,,,,,,,,,,,,,,,,,,,,,,,,,,,,,,,,,,,,,,,,,,,,,,,,,,0,0,0,0,0,0,0,0,0,0,0,0,0,0,0,0,0,0,0,0
runs\lightning_completion\jigsaw-arxiv-random-topo-filterall-gcp-cpux8-v2-resume\summary.csv,C:\Users\Swastik\Desktop\Jigsaw\runs\lightning_completion\jigsaw-arxiv-random-topo-filterall-gcp-cpux8-v2-resume\results\prod_arxiv_fill_rtf_s20260607_q50_types_all_sizes20_50_100_filterall_component_b200_per_query.csv,arxiv,arxiv,20260607,arxiv,negative_structure,50,all,filterall_component,type_feat32,50,0,0,50,0,0,50,0,0,50,0,0.33363440849988363,0.3297326339998108,0.3412508884496447,50.54,53.55,50.2,3353.360356455158,10650.457577609457,12.22,0.0611,1.0,1000000000.0,1000000000.0,1000000000.0,0.0,317.89091515996006,15.743493339923589,0,0,0,0,0,0,0,0,0,0,,,,,,,,,,,,,,,,,,,,,,,,,,,,,,,,,,,,,,,,,,,,,,,,,,,,,,,,,,,,,,,,,,,,,,,,,,,,,,,,,,,,,,,,,,,,,,,,,,,,,,,,,,,,,,,,,,,,,,0,0,0,0,0,0,0,0,0,0,0,0,0,0,0,0,0,0,0,0
runs\lightning_completion\jigsaw-arxiv-random-topo-filterall-gcp-cpux8-v2-resume\summary.csv,C:\Users\Swastik\Desktop\Jigsaw\runs\lightning_completion\jigsaw-arxiv-random-topo-filterall-gcp-cpux8-v2-resume\results\prod_arxiv_fill_rtf_s20260607_q50_types_all_sizes20_50_100_filterall_component_b200_per_query.csv,arxiv,arxiv,20260607,arxiv,negative_structure,100,all,filterall_component,type_feat32,50,0,0,50,0,0,50,0,0,50,0,0.3638145847000033,0.36014017400000853,0.3776607225500044,100.84,102.55,100.16,1681.9773359782537,4988.674727172981,23.14,0.1157,1.0,1000000000.0,1000000000.0,1000000000.0,0.0,336.26197631999736,27.55260838000595,0,0,0,0,0,0,0,0,0,0,,,,,,,,,,,,,,,,,,,,,,,,,,,,,,,,,,,,,,,,,,,,,,,,,,,,,,,,,,,,,,,,,,,,,,,,,,,,,,,,,,,,,,,,,,,,,,,,,,,,,,,,,,,,,,,,,,,,,,0,0,0,0,0,0,0,0,0,0,0,0,0,0,0,0,0,0,0,0
runs\lightning_completion\jigsaw-arxiv-random-topo-filterall-gcp-cpux8-v2-resume\summary.csv,C:\Users\Swastik\Desktop\Jigsaw\runs\lightning_completion\jigsaw-arxiv-random-topo-filterall-gcp-cpux8-v2-resume\results\prod_arxiv_fill_rtf_s20260608_q50_types_all_sizes20_50_100_filterall_component_b200_per_query.csv,arxiv,arxiv,20260608,arxiv,k_hop,20,all,filterall_component,type_feat32,50,50,50,0,50,0,0,0,0,50,0,0.3263344131199756,0.3180797164998239,0.4123234739501413,19.82,20.0,19.78,8630.010971291866,32973.62004726472,5.76,0.0288,1.0,1000000000.0,1000000000.0,1000000000.0,0.0,317.4737813000047,8.860631819970877,0,0,0,0,0,0,50,0,0,0,,,,,,,,,,,,,,,,,,,,,,,,,,,,,,,,,,,,,,,,,,,,,,,,,,,,,,,,,,,,,,,,,,,,,,,,,,,,,,,,,,,,,,,,,,,,,,,,,,,,,,,,,,,,,,,,,,,,,,0,0,0,0,0,0,50,0,0,0,0,0,0,0,0,0,50,50,50,50
runs\lightning_completion\jigsaw-arxiv-random-topo-filterall-gcp-cpux8-v2-resume\summary.csv,C:\Users\Swastik\Desktop\Jigsaw\runs\lightning_completion\jigsaw-arxiv-random-topo-filterall-gcp-cpux8-v2-resume\results\prod_arxiv_fill_rtf_s20260608_q50_types_all_sizes20_50_100_filterall_component_b200_per_query.csv,arxiv,arxiv,20260608,arxiv,k_hop,50,all,filterall_component,type_feat32,50,50,50,0,50,0,0,0,0,50,0,0.339303250000039,0.3329945739994855,0.3916756329497957,50.68,52.55,50.22,3348.8327006190048,11177.586881223071,15.04,0.0752,1.0,1000000000.0,1000000000.0,1000000000.0,0.0,322.73149128001023,16.57175872002881,0,0,0,0,0,0,50,0,0,0,,,,,,,,,,,,,,,,,,,,,,,,,,,,,,,,,,,,,,,,,,,,,,,,,,,,,,,,,,,,,,,,,,,,,,,,,,,,,,,,,,,,,,,,,,,,,,,,,,,,,,,,,,,,,,,,,,,,,,0,0,0,0,0,0,50,0,0,0,0,0,0,0,0,0,50,50,50,50
runs\lightning_completion\jigsaw-arxiv-random-topo-filterall-gcp-cpux8-v2-resume\summary.csv,C:\Users\Swastik\Desktop\Jigsaw\runs\lightning_completion\jigsaw-arxiv-random-topo-filterall-gcp-cpux8-v2-resume\results\prod_arxiv_fill_rtf_s20260608_q50_types_all_sizes20_50_100_filterall_component_b200_per_query.csv,arxiv,arxiv,20260608,arxiv,k_hop,100,all,filterall_component,type_feat32,50,50,50,0,50,0,0,0,0,50,0,0.3600621539599797,0.3567206925001756,0.3740837109498898,100.86,103.0,100.38,1680.065334661653,4673.059033562593,24.2,0.121,1.0,1000000000.0,1000000000.0,1000000000.0,0.0,329.8713784999745,30.19077546000517,0,0,0,0,0,0,50,0,0,0,,,,,,,,,,,,,,,,,,,,,,,,,,,,,,,,,,,,,,,,,,,,,,,,,,,,,,,,,,,,,,,,,,,,,,,,,,,,,,,,,,,,,,,,,,,,,,,,,,,,,,,,,,,,,,,,,,,,,,0,0,0,0,0,0,50,0,0,0,0,0,0,0,0,0,50,50,50,50
runs\lightning_completion\jigsaw-arxiv-random-topo-filterall-gcp-cpux8-v2-resume\summary.csv,C:\Users\Swastik\Desktop\Jigsaw\runs\lightning_completion\jigsaw-arxiv-random-topo-filterall-gcp-cpux8-v2-resume\results\prod_arxiv_fill_rtf_s20260608_q50_types_all_sizes20_50_100_filterall_component_b200_per_query.csv,arxiv,arxiv,20260608,arxiv,degree_k_hop,20,all,filterall_component,type_feat32,50,50,50,0,50,0,0,0,0,50,0,0.32570111901999554,0.3211043084997982,0.3629908580496248,20.56,21.0,20.32,8343.258367965369,31595.996453995944,5.84,0.0292,1.0,1000000000.0,1000000000.0,1000000000.0,0.0,316.62594667999656,9.075172339998971,0,0,0,0,0,0,50,0,0,0,,,,,,,,,,,,,,,,,,,,,,,,,,,,,,,,,,,,,,,,,,,,,,,,,,,,,,,,,,,,,,,,,,,,,,,,,,,,,,,,,,,,,,,,,,,,,,,,,,,,,,,,,,,,,,,,,,,,,,0,0,0,0,0,0,50,0,0,0,0,0,0,0,0,0,50,50,50,50
runs\lightning_completion\jigsaw-arxiv-random-topo-filterall-gcp-cpux8-v2-resume\summary.csv,C:\Users\Swastik\Desktop\Jigsaw\runs\lightning_completion\jigsaw-arxiv-random-topo-filterall-gcp-cpux8-v2-resume\results\prod_arxiv_fill_rtf_s20260608_q50_types_all_sizes20_50_100_filterall_component_b200_per_query.csv,arxiv,arxiv,20260608,arxiv,degree_k_hop,50,all,filterall_component,type_feat32,50,50,50,0,50,0,0,0,0,50,0,0.34166126105996225,0.3359625570001299,0.38257156799966185,50.24,51.0,50.14,3371.12327919975,11057.081007243849,14.68,0.07339999999999999,1.0,1000000000.0,1000000000.0,1000000000.0,0.0,324.8923491399819,16.768911919980383,0,0,0,0,0,0,50,0,0,0,,,,,,,,,,,,,,,,,,,,,,,,,,,,,,,,,,,,,,,,,,,,,,,,,,,,,,,,,,,,,,,,,,,,,,,,,,,,,,,,,,,,,,,,,,,,,,,,,,,,,,,,,,,,,,,,,,,,,,0,0,0,0,0,0,50,0,0,0,0,0,0,0,0,0,50,50,50,50
runs\lightning_completion\jigsaw-arxiv-random-topo-filterall-gcp-cpux8-v2-resume\summary.csv,C:\Users\Swastik\Desktop\Jigsaw\runs\lightning_completion\jigsaw-arxiv-random-topo-filterall-gcp-cpux8-v2-resume\results\prod_arxiv_fill_rtf_s20260608_q50_types_all_sizes20_50_100_filterall_component_b200_per_query.csv,arxiv,arxiv,20260608,arxiv,degree_k_hop,100,all,filterall_component,type_feat32,50,50,50,0,50,0,0,0,0,50,0,0.3635904558400216,0.35599533250001514,0.418335979450012,100.4,102.0,100.16,1686.801298159685,4765.642275177999,22.16,0.1108,1.0,1000000000.0,1000000000.0,1000000000.0,0.0,333.48194106000847,30.108514780013138,0,0,0,0,0,0,50,0,0,0,,,,,,,,,,,,,,,,,,,,,,,,,,,,,,,,,,,,,,,,,,,,,,,,,,,,,,,,,,,,,,,,,,,,,,,,,,,,,,,,,,,,,,,,,,,,,,,,,,,,,,,,,,,,,,,,,,,,,,0,0,0,0,0,0,50,0,0,0,0,0,0,0,0,0,50,50,50,50
runs\lightning_completion\jigsaw-arxiv-random-topo-filterall-gcp-cpux8-v2-resume\summary.csv,C:\Users\Swastik\Desktop\Jigsaw\runs\lightning_completion\jigsaw-arxiv-random-topo-filterall-gcp-cpux8-v2-resume\results\prod_arxiv_fill_rtf_s20260608_q50_types_all_sizes20_50_100_filterall_component_b200_per_query.csv,arxiv,arxiv,20260608,arxiv,random_walk,20,all,filterall_component,type_feat32,50,50,50,0,50,0,0,0,0,50,0,0.32817444165991216,0.32025784349980313,0.41630666379985537,19.98,20.0,19.98,8480.906154061624,43265.50242032278,7.48,0.0374,1.0,1000000000.0,1000000000.0,1000000000.0,0.0,319.08922507996976,9.085216579942426,0,0,0,0,0,0,50,0,0,0,,,,,,,,,,,,,,,,,,,,,,,,,,,,,,,,,,,,,,,,,,,,,,,,,,,,,,,,,,,,,,,,,,,,,,,,,,,,,,,,,,,,,,,,,,,,,,,,,,,,,,,,,,,,,,,,,,,,,,0,0,0,0,0,0,50,0,0,0,0,0,0,0,0,0,50,50,50,50
runs\lightning_completion\jigsaw-arxiv-random-topo-filterall-gcp-cpux8-v2-resume\summary.csv,C:\Users\Swastik\Desktop\Jigsaw\runs\lightning_completion\jigsaw-arxiv-random-topo-filterall-gcp-cpux8-v2-resume\results\prod_arxiv_fill_rtf_s20260608_q50_types_all_sizes20_50_100_filterall_component_b200_per_query.csv,arxiv,arxiv,20260608,arxiv,random_walk,50,all,filterall_component,type_feat32,50,50,50,0,50,0,0,0,0,50,0,0.3420456612199541,0.33553476800011595,0.3882756400000516,50.58,51.55,50.3,3350.6812742751804,14401.242003761457,14.66,0.0733,1.0,1000000000.0,1000000000.0,1000000000.0,0.0,325.5030636199717,16.5425975999824,0,0,0,0,0,0,50,0,0,0,,,,,,,,,,,,,,,,,,,,,,,,,,,,,,,,,,,,,,,,,,,,,,,,,,,,,,,,,,,,,,,,,,,,,,,,,,,,,,,,,,,,,,,,,,,,,,,,,,,,,,,,,,,,,,,,,,,,,,0,0,0,0,0,0,50,0,0,0,0,0,0,0,0,0,50,50,50,50
runs\lightning_completion\jigsaw-arxiv-random-topo-filterall-gcp-cpux8-v2-resume\summary.csv,C:\Users\Swastik\Desktop\Jigsaw\runs\lightning_completion\jigsaw-arxiv-random-topo-filterall-gcp-cpux8-v2-resume\results\prod_arxiv_fill_rtf_s20260608_q50_types_all_sizes20_50_100_filterall_component_b200_per_query.csv,arxiv,arxiv,20260608,arxiv,random_walk,100,all,filterall_component,type_feat32,50,50,50,0,50,0,0,0,0,50,0,0.36291338695999914,0.3547282179999911,0.4323686610499635,101.38,103.55,100.78,1672.4410646891902,5991.82214120322,29.0,0.145,1.0,1000000000.0,1000000000.0,1000000000.0,0.0,333.52468842001144,29.388698539987672,0,0,0,0,0,0,50,0,0,0,,,,,,,,,,,,,,,,,,,,,,,,,,,,,,,,,,,,,,,,,,,,,,,,,,,,,,,,,,,,,,,,,,,,,,,,,,,,,,,,,,,,,,,,,,,,,,,,,,,,,,,,,,,,,,,,,,,,,,0,0,0,0,0,0,50,0,0,0,0,0,0,0,0,0,50,50,50,50
runs\lightning_completion\jigsaw-arxiv-random-topo-filterall-gcp-cpux8-v2-resume\summary.csv,C:\Users\Swastik\Desktop\Jigsaw\runs\lightning_completion\jigsaw-arxiv-random-topo-filterall-gcp-cpux8-v2-resume\results\prod_arxiv_fill_rtf_s20260608_q50_types_all_sizes20_50_100_filterall_component_b200_per_query.csv,arxiv,arxiv,20260608,arxiv,single,20,all,filterall_component,type_feat32,50,50,50,0,50,0,0,0,0,50,0,0.32883604493998064,0.3221959865002191,0.3921333664497979,19.88,21.0,19.84,8563.917428571429,33956.99835876982,1.0,0.005,1.0,1000000000.0,1000000000.0,1000000000.0,0.0,319.74950436000654,9.086540579974098,0,0,0,0,0,0,50,0,0,0,,,,,,,,,,,,,,,,,,,,,,,,,,,,,,,,,,,,,,,,,,,,,,,,,,,,,,,,,,,,,,,,,,,,,,,,,,,,,,,,,,,,,,,,,,,,,,,,,,,,,,,,,,,,,,,,,,,,,,0,0,0,0,0,0,50,0,0,0,0,0,0,0,0,0,50,50,50,50
runs\lightning_completion\jigsaw-arxiv-random-topo-filterall-gcp-cpux8-v2-resume\summary.csv,C:\Users\Swastik\Desktop\Jigsaw\runs\lightning_completion\jigsaw-arxiv-random-topo-filterall-gcp-cpux8-v2-resume\results\prod_arxiv_fill_rtf_s20260608_q50_types_all_sizes20_50_100_filterall_component_b200_per_query.csv,arxiv,arxiv,20260608,arxiv,single,50,all,filterall_component,type_feat32,50,50,50,0,50,0,0,0,0,50,0,0.34066465174001676,0.335982864000016,0.380223508500262,50.54,51.0,50.18,3358.855971168186,8925.757450877936,1.0,0.005,1.0,1000000000.0,1000000000.0,1000000000.0,0.0,324.0270325200254,16.637619219991393,0,0,0,0,0,0,50,0,0,0,,,,,,,,,,,,,,,,,,,,,,,,,,,,,,,,,,,,,,,,,,,,,,,,,,,,,,,,,,,,,,,,,,,,,,,,,,,,,,,,,,,,,,,,,,,,,,,,,,,,,,,,,,,,,,,,,,,,,,0,0,0,0,0,0,50,0,0,0,0,0,0,0,0,0,50,50,50,50
runs\lightning_completion\jigsaw-arxiv-random-topo-filterall-gcp-cpux8-v2-resume\summary.csv,C:\Users\Swastik\Desktop\Jigsaw\runs\lightning_completion\jigsaw-arxiv-random-topo-filterall-gcp-cpux8-v2-resume\results\prod_arxiv_fill_rtf_s20260608_q50_types_all_sizes20_50_100_filterall_component_b200_per_query.csv,arxiv,arxiv,20260608,arxiv,single,100,all,filterall_component,type_feat32,50,50,50,0,50,0,0,0,0,50,0,0.3620179251599893,0.3561137980004787,0.41558665649977217,101.04,102.1,100.18,1677.9763069681403,3753.1480865677195,1.0,0.005,1.0,1000000000.0,1000000000.0,1000000000.0,0.0,331.26452075998714,30.753404400002182,0,0,0,0,0,0,50,0,0,0,,,,,,,,,,,,,,,,,,,,,,,,,,,,,,,,,,,,,,,,,,,,,,,,,,,,,,,,,,,,,,,,,,,,,,,,,,,,,,,,,,,,,,,,,,,,,,,,,,,,,,,,,,,,,,,,,,,,,,0,0,0,0,0,0,50,0,0,0,0,0,0,0,0,0,50,50,50,50
runs\lightning_completion\jigsaw-arxiv-random-topo-filterall-gcp-cpux8-v2-resume\summary.csv,C:\Users\Swastik\Desktop\Jigsaw\runs\lightning_completion\jigsaw-arxiv-random-topo-filterall-gcp-cpux8-v2-resume\results\prod_arxiv_fill_rtf_s20260608_q50_types_all_sizes20_50_100_filterall_component_b200_per_query.csv,arxiv,arxiv,20260608,arxiv,negative_label,20,all,filterall_component,type_feat32,50,0,0,50,0,0,50,0,0,47,0,0.31107690872002425,0.3096353185001135,0.31721559400004934,135.36,281.6499999999999,0.0,2030.2381292048203,31116.881824948243,6.82,0.0341,1.0,1000000000.0,1000000000.0,1000000000.0,0.0,311.0769087200242,0.0,0,0,0,0,0,0,0,0,0,0,,,,,,,,,,,,,,,,,,,,,,,,,,,,,,,,,,,,,,,,,,,,,,,,,,,,,,,,,,,,,,,,,,,,,,,,,,,,,,,,,,,,,,,,,,,,,,,,,,,,,,,,,,,,,,,,,,,,,,0,0,0,0,0,0,0,0,0,0,0,0,0,0,0,0,0,0,0,0
runs\lightning_completion\jigsaw-arxiv-random-topo-filterall-gcp-cpux8-v2-resume\summary.csv,C:\Users\Swastik\Desktop\Jigsaw\runs\lightning_completion\jigsaw-arxiv-random-topo-filterall-gcp-cpux8-v2-resume\results\prod_arxiv_fill_rtf_s20260608_q50_types_all_sizes20_50_100_filterall_component_b200_per_query.csv,arxiv,arxiv,20260608,arxiv,negative_label,50,all,filterall_component,type_feat32,50,0,0,50,0,0,50,0,0,43,0,0.31963187450001895,0.31986134749990924,0.32701731154993463,300.8,586.5999999999999,0.0,964.3483684531133,7962.15393564413,12.48,0.062400000000000004,1.0,1000000000.0,1000000000.0,1000000000.0,0.0,319.63187450001897,0.0,0,0,0,0,0,0,0,0,0,0,,,,,,,,,,,,,,,,,,,,,,,,,,,,,,,,,,,,,,,,,,,,,,,,,,,,,,,,,,,,,,,,,,,,,,,,,,,,,,,,,,,,,,,,,,,,,,,,,,,,,,,,,,,,,,,,,,,,,,0,0,0,0,0,0,0,0,0,0,0,0,0,0,0,0,0,0,0,0
runs\lightning_completion\jigsaw-arxiv-random-topo-filterall-gcp-cpux8-v2-resume\summary.csv,C:\Users\Swastik\Desktop\Jigsaw\runs\lightning_completion\jigsaw-arxiv-random-topo-filterall-gcp-cpux8-v2-resume\results\prod_arxiv_fill_rtf_s20260608_q50_types_all_sizes20_50_100_filterall_component_b200_per_query.csv,arxiv,arxiv,20260608,arxiv,negative_label,100,all,filterall_component,type_feat32,50,0,0,50,0,0,50,0,0,33,0,0.32345494348000103,0.3210267219999423,0.333759521999923,515.6,1078.25,0.0,742.3286825877065,3417.4450619105296,24.94,0.1247,1.0,1000000000.0,1000000000.0,1000000000.0,0.0,323.454943480001,0.0,0,0,0,0,0,0,0,0,0,0,,,,,,,,,,,,,,,,,,,,,,,,,,,,,,,,,,,,,,,,,,,,,,,,,,,,,,,,,,,,,,,,,,,,,,,,,,,,,,,,,,,,,,,,,,,,,,,,,,,,,,,,,,,,,,,,,,,,,,0,0,0,0,0,0,0,0,0,0,0,0,0,0,0,0,0,0,0,0
runs\lightning_completion\jigsaw-arxiv-random-topo-filterall-gcp-cpux8-v2-resume\summary.csv,C:\Users\Swastik\Desktop\Jigsaw\runs\lightning_completion\jigsaw-arxiv-random-topo-filterall-gcp-cpux8-v2-resume\results\prod_arxiv_fill_rtf_s20260608_q50_types_all_sizes20_50_100_filterall_component_b200_per_query.csv,arxiv,arxiv,20260608,arxiv,negative_structure,20,all,filterall_component,type_feat32,50,0,0,50,0,0,50,0,0,50,0,0.3216504296399853,0.31786856899998384,0.3299595935000752,19.5,20.0,19.5,8849.088108225107,35093.42209707778,5.48,0.0274,1.0,1000000000.0,1000000000.0,1000000000.0,0.0,313.11782415999915,8.53260547998616,0,0,0,0,0,0,0,0,0,0,,,,,,,,,,,,,,,,,,,,,,,,,,,,,,,,,,,,,,,,,,,,,,,,,,,,,,,,,,,,,,,,,,,,,,,,,,,,,,,,,,,,,,,,,,,,,,,,,,,,,,,,,,,,,,,,,,,,,,0,0,0,0,0,0,0,0,0,0,0,0,0,0,0,0,0,0,0,0
runs\lightning_completion\jigsaw-arxiv-random-topo-filterall-gcp-cpux8-v2-resume\summary.csv,C:\Users\Swastik\Desktop\Jigsaw\runs\lightning_completion\jigsaw-arxiv-random-topo-filterall-gcp-cpux8-v2-resume\results\prod_arxiv_fill_rtf_s20260608_q50_types_all_sizes20_50_100_filterall_component_b200_per_query.csv,arxiv,arxiv,20260608,arxiv,negative_structure,50,all,filterall_component,type_feat32,50,0,0,50,0,0,50,0,0,50,0,0.3397850635400482,0.3336195264998878,0.39223716999999847,50.2,51.0,50.1,3373.8733472766885,10508.192008053113,13.04,0.06520000000000001,1.0,1000000000.0,1000000000.0,1000000000.0,0.0,324.0555449600106,15.72951858003762,0,0,0,0,0,0,0,0,0,0,,,,,,,,,,,,,,,,,,,,,,,,,,,,,,,,,,,,,,,,,,,,,,,,,,,,,,,,,,,,,,,,,,,,,,,,,,,,,,,,,,,,,,,,,,,,,,,,,,,,,,,,,,,,,,,,,,,,,,0,0,0,0,0,0,0,0,0,0,0,0,0,0,0,0,0,0,0,0
runs\lightning_completion\jigsaw-arxiv-random-topo-filterall-gcp-cpux8-v2-resume\summary.csv,C:\Users\Swastik\Desktop\Jigsaw\runs\lightning_completion\jigsaw-arxiv-random-topo-filterall-gcp-cpux8-v2-resume\results\prod_arxiv_fill_rtf_s20260608_q50_types_all_sizes20_50_100_filterall_component_b200_per_query.csv,arxiv,arxiv,20260608,arxiv,negative_structure,100,all,filterall_component,type_feat32,50,0,0,50,0,0,50,0,0,50,0,0.35647852722000606,0.35039705300005153,0.4156550000504011,101.18,103.55,100.5,1675.6573574435968,4944.162153705372,23.94,0.1197,1.0,1000000000.0,1000000000.0,1000000000.0,0.0,329.10550803999286,27.373019180013216,0,0,0,0,0,0,0,0,0,0,,,,,,,,,,,,,,,,,,,,,,,,,,,,,,,,,,,,,,,,,,,,,,,,,,,,,,,,,,,,,,,,,,,,,,,,,,,,,,,,,,,,,,,,,,,,,,,,,,,,,,,,,,,,,,,,,,,,,,0,0,0,0,0,0,0,0,0,0,0,0,0,0,0,0,0,0,0,0
corrected_connected_rerun::prod_arxiv_connected_mf_mc_s20260607_q50_types_multi_fine_multi_coarse_sizes20_50_100_filterall_component_b200_per_query.csv,runs/lcr_arxiv_v3/results/prod_arxiv_connected_mf_mc_s20260607_q50_types_multi_fine_multi_coarse_sizes20_50_100_filterall_component_b200_per_query.csv,arxiv,arxiv,20260607,arxiv,multi_coarse,100,all,filterall_component,type_feat32,50,50,50,0,50,0,0,0,0,50,0,0.41088037383999565,0.4040942315000393,0.4600219639499755,100.54,102.0,100.2,1684.4988755567977,4613.52446393037,4.14,0.0207,1.0,1000000000.0,1000000000.0,1000000000.0,0.0,376.1329535200184,34.74742031997721,0,0,0,0,0,0,50,0,0,0,,,,,,,,,,,,,,,,,,,,,,,,,,,,,,,,,,,,,,,,,,,,,,,,,,,,,,,,,,,,,,,,,,,,,,,,,,,,,,,,,,,,,,,,,,,,,,,,,,,,,,,,,,,,,,,,,,,,,,0,0,0,0,0,0,50,0,0,0,0,0,0,0,0,0,50,50,50,50
corrected_connected_rerun::prod_arxiv_connected_mf_mc_s20260607_q50_types_multi_fine_multi_coarse_sizes20_50_100_filterall_component_b200_per_query.csv,runs/lcr_arxiv_v3/results/prod_arxiv_connected_mf_mc_s20260607_q50_types_multi_fine_multi_coarse_sizes20_50_100_filterall_component_b200_per_query.csv,arxiv,arxiv,20260607,arxiv,multi_coarse,20,all,filterall_component,type_feat32,50,50,50,0,50,0,0,0,0,50,0,0.39547068813999886,0.38964958649989967,0.44119310749994156,20.12,21.0,20.06,8423.557909592822,42751.530036308264,4.06,0.020300000000000002,1.0,1000000000.0,1000000000.0,1000000000.0,0.0,384.13620915997853,11.334478980020322,0,0,0,0,0,0,50,0,0,0,,,,,,,,,,,,,,,,,,,,,,,,,,,,,,,,,,,,,,,,,,,,,,,,,,,,,,,,,,,,,,,,,,,,,,,,,,,,,,,,,,,,,,,,,,,,,,,,,,,,,,,,,,,,,,,,,,,,,,0,0,0,0,0,0,50,0,0,0,0,0,0,0,0,0,50,50,50,50
corrected_connected_rerun::prod_arxiv_connected_mf_mc_s20260607_q50_types_multi_fine_multi_coarse_sizes20_50_100_filterall_component_b200_per_query.csv,runs/lcr_arxiv_v3/results/prod_arxiv_connected_mf_mc_s20260607_q50_types_multi_fine_multi_coarse_sizes20_50_100_filterall_component_b200_per_query.csv,arxiv,arxiv,20260607,arxiv,multi_coarse,50,all,filterall_component,type_feat32,50,50,50,0,50,0,0,0,0,50,0,0.40491844306001895,0.4158440560000827,0.4474606379999727,50.48,52.55,50.2,3356.6178556065515,11877.48499983771,4.28,0.021400000000000002,1.0,1000000000.0,1000000000.0,1000000000.0,0.0,384.50492578000194,20.413517280017004,0,0,0,0,0,0,50,0,0,0,,,,,,,,,,,,,,,,,,,,,,,,,,,,,,,,,,,,,,,,,,,,,,,,,,,,,,,,,,,,,,,,,,,,,,,,,,,,,,,,,,,,,,,,,,,,,,,,,,,,,,,,,,,,,,,,,,,,,,0,0,0,0,0,0,50,0,0,0,0,0,0,0,0,0,50,50,50,50
corrected_connected_rerun::prod_arxiv_connected_mf_mc_s20260607_q50_types_multi_fine_multi_coarse_sizes20_50_100_filterall_component_b200_per_query.csv,runs/lcr_arxiv_v3/results/prod_arxiv_connected_mf_mc_s20260607_q50_types_multi_fine_multi_coarse_sizes20_50_100_filterall_component_b200_per_query.csv,arxiv,arxiv,20260607,arxiv,multi_fine,100,all,filterall_component,type_feat32,50,50,50,0,50,0,0,0,0,50,0,0.42542071943998055,0.4293383059999769,0.4727254779998702,100.78,102.0,100.26,1681.6553413907554,4406.80683292891,1.0,0.005,1.0,1000000000.0,1000000000.0,1000000000.0,0.0,388.7820470600036,36.638672379976924,0,0,0,0,0,0,50,0,0,0,,,,,,,,,,,,,,,,,,,,,,,,,,,,,,,,,,,,,,,,,,,,,,,,,,,,,,,,,,,,,,,,,,,,,,,,,,,,,,,,,,,,,,,,,,,,,,,,,,,,,,,,,,,,,,,,,,,,,,0,0,0,0,0,0,50,0,0,0,0,0,0,0,0,0,50,50,50,50
corrected_connected_rerun::prod_arxiv_connected_mf_mc_s20260607_q50_types_multi_fine_multi_coarse_sizes20_50_100_filterall_component_b200_per_query.csv,runs/lcr_arxiv_v3/results/prod_arxiv_connected_mf_mc_s20260607_q50_types_multi_fine_multi_coarse_sizes20_50_100_filterall_component_b200_per_query.csv,arxiv,arxiv,20260607,arxiv,multi_fine,20,all,filterall_component,type_feat32,50,50,50,0,50,0,0,0,0,50,0,0.3785836778599969,0.3658015194997688,0.429863669049962,20.04,20.549999999999997,20.04,8451.870932330827,37382.4983266864,1.0,0.005,1.0,1000000000.0,1000000000.0,1000000000.0,0.0,368.00945447999766,10.57422337999924,0,0,0,0,0,0,50,0,0,0,,,,,,,,,,,,,,,,,,,,,,,,,,,,,,,,,,,,,,,,,,,,,,,,,,,,,,,,,,,,,,,,,,,,,,,,,,,,,,,,,,,,,,,,,,,,,,,,,,,,,,,,,,,,,,,,,,,,,,0,0,0,0,0,0,50,0,0,0,0,0,0,0,0,0,50,50,50,50
corrected_connected_rerun::prod_arxiv_connected_mf_mc_s20260607_q50_types_multi_fine_multi_coarse_sizes20_50_100_filterall_component_b200_per_query.csv,runs/lcr_arxiv_v3/results/prod_arxiv_connected_mf_mc_s20260607_q50_types_multi_fine_multi_coarse_sizes20_50_100_filterall_component_b200_per_query.csv,arxiv,arxiv,20260607,arxiv,multi_fine,50,all,filterall_component,type_feat32,50,50,50,0,50,0,0,0,0,50,0,0.40230010166001196,0.41426238750011635,0.45032619355015413,50.62,51.55,50.08,3351.864663513475,9814.7591414608,1.0,0.005,1.0,1000000000.0,1000000000.0,1000000000.0,0.0,381.5073465200067,20.792755140005283,0,0,0,0,0,0,50,0,0,0,,,,,,,,,,,,,,,,,,,,,,,,,,,,,,,,,,,,,,,,,,,,,,,,,,,,,,,,,,,,,,,,,,,,,,,,,,,,,,,,,,,,,,,,,,,,,,,,,,,,,,,,,,,,,,,,,,,,,,0,0,0,0,0,0,50,0,0,0,0,0,0,0,0,0,50,50,50,50
corrected_connected_rerun::prod_arxiv_connected_mf_mc_s20260607_q50_types_multi_fine_multi_coarse_sizes20_50_100_mean_feature_component_b20_50_100_200_per_query.csv,runs/lcr_arxiv_v3/results/prod_arxiv_connected_mf_mc_s20260607_q50_types_multi_fine_multi_coarse_sizes20_50_100_mean_feature_component_b20_50_100_200_per_query.csv,arxiv,arxiv,20260607,arxiv,multi_coarse,100,mean_feature,mean_feature_component,type_feat32,50,50,50,0,50,0,0,0,0,50,0,0.5092539055399903,0.49657724500013956,0.8967589416500172,524.6,1008.2,100.2,1684.8276330796089,4184.123212968036,4.14,0.06692857142857143,0.7214285714285714,70.0,145.55,161.06,0.2588469142990237,170.72994436428368,11.146450471427118,0,0,0,7,10,19,14,0,0,0,,,,,,,,,,,,,,,,,,,,,,,,,,,,,,,,,,,,,,,,,,,,,,,,,,,,,,,,,,,,,,,,,,,,,,,,,,,,,,,,,,,,,,,,,,,,,,,,,,,,,,,,,,,,,,,,,,,,,,0,0,0,7,10,19,14,0,0,0,0,0,0,7,17,36,50,50,50,50
corrected_connected_rerun::prod_arxiv_connected_mf_mc_s20260607_q50_types_multi_fine_multi_coarse_sizes20_50_100_mean_feature_component_b20_50_100_200_per_query.csv,runs/lcr_arxiv_v3/results/prod_arxiv_connected_mf_mc_s20260607_q50_types_multi_fine_multi_coarse_sizes20_50_100_mean_feature_component_b20_50_100_200_per_query.csv,arxiv,arxiv,20260607,arxiv,multi_coarse,20,mean_feature,mean_feature_component,type_feat32,50,50,50,0,50,0,0,0,0,50,0,0.41539439919999493,0.37058156999989933,0.7983054799000001,118.64,241.49999999999997,20.06,8453.710079365079,38672.313588169935,4.06,0.0583969465648855,0.6329516539440204,66.0,157.75,180.78999999999996,0.2392948702528106,154.8895777099224,3.657902900762676,0,0,0,4,22,13,11,0,0,0,,,,,,,,,,,,,,,,,,,,,,,,,,,,,,,,,,,,,,,,,,,,,,,,,,,,,,,,,,,,,,,,,,,,,,,,,,,,,,,,,,,,,,,,,,,,,,,,,,,,,,,,,,,,,,,,,,,,,,0,0,0,4,22,13,11,0,0,0,0,0,0,4,26,39,50,50,50,50
corrected_connected_rerun::prod_arxiv_connected_mf_mc_s20260607_q50_types_multi_fine_multi_coarse_sizes20_50_100_mean_feature_component_b20_50_100_200_per_query.csv,runs/lcr_arxiv_v3/results/prod_arxiv_connected_mf_mc_s20260607_q50_types_multi_fine_multi_coarse_sizes20_50_100_mean_feature_component_b20_50_100_200_per_query.csv,arxiv,arxiv,20260607,arxiv,multi_coarse,50,mean_feature,mean_feature_component,type_feat32,50,50,50,0,50,0,0,0,0,50,0,0.487674764840001,0.4518546959999412,0.883061215699928,269.9,562.6499999999997,50.2,3372.4003757306696,11494.01245391573,4.28,0.0642361111111111,0.6953703703703704,75.5,169.29999999999998,178.11999999999998,0.2231318611068092,163.46074827083612,5.870767298608667,0,0,0,6,10,18,16,0,0,0,,,,,,,,,,,,,,,,,,,,,,,,,,,,,,,,,,,,,,,,,,,,,,,,,,,,,,,,,,,,,,,,,,,,,,,,,,,,,,,,,,,,,,,,,,,,,,,,,,,,,,,,,,,,,,,,,,,,,,0,0,0,6,10,18,16,0,0,0,0,0,0,6,16,34,50,50,50,50
corrected_connected_rerun::prod_arxiv_connected_mf_mc_s20260607_q50_types_multi_fine_multi_coarse_sizes20_50_100_mean_feature_component_b20_50_100_200_per_query.csv,runs/lcr_arxiv_v3/results/prod_arxiv_connected_mf_mc_s20260607_q50_types_multi_fine_multi_coarse_sizes20_50_100_mean_feature_component_b20_50_100_200_per_query.csv,arxiv,arxiv,20260607,arxiv,multi_fine,100,mean_feature,mean_feature_component,type_feat32,50,50,50,0,50,0,0,0,0,50,0,0.11780311930003108,0.1132004010000287,0.18804986195006562,100.5,101.0,100.26,1685.5125439636822,4406.80683292891,1.0,0.05,1.0,1.0,1.0,1.509999999999998,0.24314201999459328,85.09276900001623,32.71035030001485,0,0,0,50,0,0,0,0,0,0,,,,,,,,,,,,,,,,,,,,,,,,,,,,,,,,,,,,,,,,,,,,,,,,,,,,,,,,,,,,,,,,,,,,,,,,,,,,,,,,,,,,,,,,,,,,,,,,,,,,,,,,,,,,,,,,,,,,,,0,0,0,50,0,0,0,0,0,0,0,0,0,50,50,50,50,50,50,50
corrected_connected_rerun::prod_arxiv_connected_mf_mc_s20260607_q50_types_multi_fine_multi_coarse_sizes20_50_100_mean_feature_component_b20_50_100_200_per_query.csv,runs/lcr_arxiv_v3/results/prod_arxiv_connected_mf_mc_s20260607_q50_types_multi_fine_multi_coarse_sizes20_50_100_mean_feature_component_b20_50_100_200_per_query.csv,arxiv,arxiv,20260607,arxiv,multi_fine,20,mean_feature,mean_feature_component,type_feat32,50,50,50,0,50,0,0,0,0,50,0,0.09067724365999538,0.08812733050001498,0.1528262872000082,20.58,21.0,20.04,8451.870932330827,38068.37948694745,1.0,0.048431372549019615,0.9803921568627451,1.0,5.0,22.74999999999995,0.27803266667371074,79.13970352940709,9.759554960784472,0,0,0,49,1,0,0,0,0,0,,,,,,,,,,,,,,,,,,,,,,,,,,,,,,,,,,,,,,,,,,,,,,,,,,,,,,,,,,,,,,,,,,,,,,,,,,,,,,,,,,,,,,,,,,,,,,,,,,,,,,,,,,,,,,,,,,,,,,0,0,0,49,1,0,0,0,0,0,0,0,0,49,50,50,50,50,50,50
corrected_connected_rerun::prod_arxiv_connected_mf_mc_s20260607_q50_types_multi_fine_multi_coarse_sizes20_50_100_mean_feature_component_b20_50_100_200_per_query.csv,runs/lcr_arxiv_v3/results/prod_arxiv_connected_mf_mc_s20260607_q50_types_multi_fine_multi_coarse_sizes20_50_100_mean_feature_component_b20_50_100_200_per_query.csv,arxiv,arxiv,20260607,arxiv,multi_fine,50,mean_feature,mean_feature_component,type_feat32,50,50,50,0,50,0,0,0,0,50,0,0.1071017335400029,0.09431262999999035,0.1780961889500474,53.14,51.55,50.08,3363.296486719329,10355.903914369534,1.0,0.04730769230769231,0.9615384615384616,1.0,2.0,35.579999999999885,0.22700005768919815,85.24646142307819,17.735974673078438,0,0,0,49,0,1,0,0,0,0,,,,,,,,,,,,,,,,,,,,,,,,,,,,,,,,,,,,,,,,,,,,,,,,,,,,,,,,,,,,,,,,,,,,,,,,,,,,,,,,,,,,,,,,,,,,,,,,,,,,,,,,,,,,,,,,,,,,,,0,0,0,49,0,1,0,0,0,0,0,0,0,49,49,50,50,50,50,50
corrected_connected_rerun::prod_arxiv_connected_mf_mc_s20260607_q50_types_multi_fine_multi_coarse_sizes20_50_100_mean_rrf_component_b20_50_100_200_per_query.csv,runs/lcr_arxiv_v3/results/prod_arxiv_connected_mf_mc_s20260607_q50_types_multi_fine_multi_coarse_sizes20_50_100_mean_rrf_component_b20_50_100_200_per_query.csv,arxiv,arxiv,20260607,arxiv,multi_coarse,100,coarse_mean_rrf,mean_rrf_component,type_feat32,50,50,50,0,50,0,0,0,0,50,0,0.4819135822199587,0.49056562200019016,0.8738918913998872,485.1,908.7999999999995,100.2,1686.459581845198,4080.512806574572,4.14,0.08119230769230769,0.7728205128205128,70.5,132.1,153.11999999999998,7.5035516846110815,172.45894355383265,12.892434223074535,0,0,0,8,15,16,11,0,0,0,,,,,,,,,,,,,,,,,,,,,,,,,,,,,,,,,,,,,,,,,,,,,,,,,,,,,,,,,,,,,,,,,,,,,,,,,,,,,,,,,,,,,,,,,,,,,,,,,,,,,,,,,,,,,,,,,,,,,,0,0,0,8,15,16,11,0,0,0,0,0,0,8,23,39,50,50,50,50
corrected_connected_rerun::prod_arxiv_connected_mf_mc_s20260607_q50_types_multi_fine_multi_coarse_sizes20_50_100_mean_rrf_component_b20_50_100_200_per_query.csv,runs/lcr_arxiv_v3/results/prod_arxiv_connected_mf_mc_s20260607_q50_types_multi_fine_multi_coarse_sizes20_50_100_mean_rrf_component_b20_50_100_200_per_query.csv,arxiv,arxiv,20260607,arxiv,multi_coarse,20,coarse_mean_rrf,mean_rrf_component,type_feat32,50,50,50,0,50,0,0,0,0,50,0,0.4084007989800057,0.26704223249998904,0.8363259076499843,116.8,253.55,20.06,8438.315261183261,37429.93454265427,4.06,0.0678515625,0.6869791666666667,61.5,140.1,161.31999999999994,5.399592648420715,155.7160433984377,3.815518703127019,0,0,0,6,22,10,12,0,0,0,,,,,,,,,,,,,,,,,,,,,,,,,,,,,,,,,,,,,,,,,,,,,,,,,,,,,,,,,,,,,,,,,,,,,,,,,,,,,,,,,,,,,,,,,,,,,,,,,,,,,,,,,,,,,,,,,,,,,,0,0,0,6,22,10,12,0,0,0,0,0,0,6,28,38,50,50,50,50
corrected_connected_rerun::prod_arxiv_connected_mf_mc_s20260607_q50_types_multi_fine_multi_coarse_sizes20_50_100_mean_rrf_component_b20_50_100_200_per_query.csv,runs/lcr_arxiv_v3/results/prod_arxiv_connected_mf_mc_s20260607_q50_types_multi_fine_multi_coarse_sizes20_50_100_mean_rrf_component_b20_50_100_200_per_query.csv,arxiv,arxiv,20260607,arxiv,multi_coarse,50,coarse_mean_rrf,mean_rrf_component,type_feat32,50,50,50,0,50,0,0,0,0,50,0,0.4892250743199702,0.4553578134999725,0.9103096415499976,264.62,528.55,50.2,3373.6292799396683,11163.099111687223,4.28,0.07582733812949641,0.7480815347721823,64.0,144.04999999999995,169.80999999999995,5.9241278777270105,169.69902189926663,6.281220661873717,0,0,0,7,12,16,15,0,0,0,,,,,,,,,,,,,,,,,,,,,,,,,,,,,,,,,,,,,,,,,,,,,,,,,,,,,,,,,,,,,,,,,,,,,,,,,,,,,,,,,,,,,,,,,,,,,,,,,,,,,,,,,,,,,,,,,,,,,,0,0,0,7,12,16,15,0,0,0,0,0,0,7,19,35,50,50,50,50
corrected_connected_rerun::prod_arxiv_connected_mf_mc_s20260607_q50_types_multi_fine_multi_coarse_sizes20_50_100_mean_rrf_component_b20_50_100_200_per_query.csv,runs/lcr_arxiv_v3/results/prod_arxiv_connected_mf_mc_s20260607_q50_types_multi_fine_multi_coarse_sizes20_50_100_mean_rrf_component_b20_50_100_200_per_query.csv,arxiv,arxiv,20260607,arxiv,multi_fine,100,coarse_mean_rrf,mean_rrf_component,type_feat32,50,50,50,0,50,0,0,0,0,50,0,0.12196059361999233,0.11547929200003182,0.19560040850000177,100.48,101.0,100.26,1685.7849747873631,4406.80683292891,1.0,0.05,1.0,1.0,1.0,1.0,7.2625976599874775,88.74413543999253,33.21645817999979,0,0,0,50,0,0,0,0,0,0,,,,,,,,,,,,,,,,,,,,,,,,,,,,,,,,,,,,,,,,,,,,,,,,,,,,,,,,,,,,,,,,,,,,,,,,,,,,,,,,,,,,,,,,,,,,,,,,,,,,,,,,,,,,,,,,,,,,,,0,0,0,50,0,0,0,0,0,0,0,0,0,50,50,50,50,50,50,50
corrected_connected_rerun::prod_arxiv_connected_mf_mc_s20260607_q50_types_multi_fine_multi_coarse_sizes20_50_100_mean_rrf_component_b20_50_100_200_per_query.csv,runs/lcr_arxiv_v3/results/prod_arxiv_connected_mf_mc_s20260607_q50_types_multi_fine_multi_coarse_sizes20_50_100_mean_rrf_component_b20_50_100_200_per_query.csv,arxiv,arxiv,20260607,arxiv,multi_fine,20,coarse_mean_rrf,mean_rrf_component,type_feat32,50,50,50,0,50,0,0,0,0,50,0,0.08591983054000138,0.08289266099995984,0.14641535399995287,20.04,20.549999999999997,20.04,8451.870932330827,37382.4983266864,1.0,0.05,1.0,1.0,4.549999999999997,9.509999999999998,5.434987060000367,76.24517183999615,9.674658700005239,0,0,0,50,0,0,0,0,0,0,,,,,,,,,,,,,,,,,,,,,,,,,,,,,,,,,,,,,,,,,,,,,,,,,,,,,,,,,,,,,,,,,,,,,,,,,,,,,,,,,,,,,,,,,,,,,,,,,,,,,,,,,,,,,,,,,,,,,,0,0,0,50,0,0,0,0,0,0,0,0,0,50,50,50,50,50,50,50
corrected_connected_rerun::prod_arxiv_connected_mf_mc_s20260607_q50_types_multi_fine_multi_coarse_sizes20_50_100_mean_rrf_component_b20_50_100_200_per_query.csv,runs/lcr_arxiv_v3/results/prod_arxiv_connected_mf_mc_s20260607_q50_types_multi_fine_multi_coarse_sizes20_50_100_mean_rrf_component_b20_50_100_200_per_query.csv,arxiv,arxiv,20260607,arxiv,multi_fine,50,coarse_mean_rrf,mean_rrf_component,type_feat32,50,50,50,0,50,0,0,0,0,50,0,0.1010025760800113,0.09900044350001735,0.1397959029999413,50.38,51.0,50.08,3363.296486719329,9818.657454592112,1.0,0.05,1.0,1.0,2.0,9.139999999999972,6.871332239986714,81.99692300000379,19.005653080007505,0,0,0,50,0,0,0,0,0,0,,,,,,,,,,,,,,,,,,,,,,,,,,,,,,,,,,,,,,,,,,,,,,,,,,,,,,,,,,,,,,,,,,,,,,,,,,,,,,,,,,,,,,,,,,,,,,,,,,,,,,,,,,,,,,,,,,,,,,0,0,0,50,0,0,0,0,0,0,0,0,0,50,50,50,50,50,50,50
corrected_connected_rerun::prod_arxiv_connected_mf_mc_s20260607_q50_types_multi_fine_multi_coarse_sizes20_50_100_neural_component_b20_50_100_200_per_query.csv,runs/lcr_arxiv_v3/results/prod_arxiv_connected_mf_mc_s20260607_q50_types_multi_fine_multi_coarse_sizes20_50_100_neural_component_b20_50_100_200_per_query.csv,arxiv,arxiv,20260607,arxiv,multi_coarse,100,hybrid,neural_component,type_feat32,50,50,50,0,50,0,0,0,0,50,0,0.5598222264999981,0.5469730795001055,1.0239053165500251,493.6,897.6999999999994,100.2,1686.1372079636067,3986.118322247552,4.14,0.07900735294117647,0.7691176470588235,71.5,131.1,150.60999999999999,8.034318941189909,193.5853909264722,12.231604110291816,0,0,0,8,13,14,15,0,0,0,,,,,,,,,,,,,,,,,,,,,,,,,,,,,,,,,,,,,,,,,,,,,,,,,,,,,,,,,,,,,,,,,,,,,,,,,,,,,,,,,,,,,,,,,,,,,,,,,,,,,,,,,,,,,,,,,,,,,,0,0,0,8,13,14,15,0,0,0,0,0,0,8,21,35,50,50,50,50
corrected_connected_rerun::prod_arxiv_connected_mf_mc_s20260607_q50_types_multi_fine_multi_coarse_sizes20_50_100_neural_component_b20_50_100_200_per_query.csv,runs/lcr_arxiv_v3/results/prod_arxiv_connected_mf_mc_s20260607_q50_types_multi_fine_multi_coarse_sizes20_50_100_neural_component_b20_50_100_200_per_query.csv,arxiv,arxiv,20260607,arxiv,multi_coarse,20,hybrid,neural_component,type_feat32,50,50,50,0,50,0,0,0,0,50,0,0.4476568299799692,0.3155695419999347,0.9142825575999722,103.2,251.2,20.06,8446.379213564212,38229.700867287596,4.06,0.06909448818897639,0.6985564304461942,68.5,142.84999999999997,169.58999999999997,5.45775243307792,172.23907040156914,4.0037760472376425,0,0,0,10,18,7,15,0,0,0,,,,,,,,,,,,,,,,,,,,,,,,,,,,,,,,,,,,,,,,,,,,,,,,,,,,,,,,,,,,,,,,,,,,,,,,,,,,,,,,,,,,,,,,,,,,,,,,,,,,,,,,,,,,,,,,,,,,,,0,0,0,10,18,7,15,0,0,0,0,0,0,10,28,35,50,50,50,50
corrected_connected_rerun::prod_arxiv_connected_mf_mc_s20260607_q50_types_multi_fine_multi_coarse_sizes20_50_100_neural_component_b20_50_100_200_per_query.csv,runs/lcr_arxiv_v3/results/prod_arxiv_connected_mf_mc_s20260607_q50_types_multi_fine_multi_coarse_sizes20_50_100_neural_component_b20_50_100_200_per_query.csv,arxiv,arxiv,20260607,arxiv,multi_coarse,50,hybrid,neural_component,type_feat32,50,50,50,0,50,0,0,0,0,50,0,0.5435957037000003,0.5118229780000547,0.9731807341000547,275.86,531.6499999999999,50.2,3364.683821144597,10941.133617499387,4.28,0.07346153846153847,0.7340326340326341,69.5,140.55,180.60999999999996,6.62123632866474,183.64743340559434,6.420994461538638,0,0,0,7,10,16,17,0,0,0,,,,,,,,,,,,,,,,,,,,,,,,,,,,,,,,,,,,,,,,,,,,,,,,,,,,,,,,,,,,,,,,,,,,,,,,,,,,,,,,,,,,,,,,,,,,,,,,,,,,,,,,,,,,,,,,,,,,,,0,0,0,7,10,16,17,0,0,0,0,0,0,7,17,33,50,50,50,50
corrected_connected_rerun::prod_arxiv_connected_mf_mc_s20260607_q50_types_multi_fine_multi_coarse_sizes20_50_100_neural_component_b20_50_100_200_per_query.csv,runs/lcr_arxiv_v3/results/prod_arxiv_connected_mf_mc_s20260607_q50_types_multi_fine_multi_coarse_sizes20_50_100_neural_component_b20_50_100_200_per_query.csv,arxiv,arxiv,20260607,arxiv,multi_fine,100,hybrid,neural_component,type_feat32,50,50,50,0,50,0,0,0,0,50,0,0.12516962137999144,0.12175710899998649,0.17293760354996263,100.52,101.0,100.26,1685.208243873835,4406.80683292891,1.0,0.05,1.0,1.0,1.5499999999999972,2.0,8.147690119992603,90.78600569998798,34.38361568000346,0,0,0,50,0,0,0,0,0,0,,,,,,,,,,,,,,,,,,,,,,,,,,,,,,,,,,,,,,,,,,,,,,,,,,,,,,,,,,,,,,,,,,,,,,,,,,,,,,,,,,,,,,,,,,,,,,,,,,,,,,,,,,,,,,,,,,,,,,0,0,0,50,0,0,0,0,0,0,0,0,0,50,50,50,50,50,50,50
corrected_connected_rerun::prod_arxiv_connected_mf_mc_s20260607_q50_types_multi_fine_multi_coarse_sizes20_50_100_neural_component_b20_50_100_200_per_query.csv,runs/lcr_arxiv_v3/results/prod_arxiv_connected_mf_mc_s20260607_q50_types_multi_fine_multi_coarse_sizes20_50_100_neural_component_b20_50_100_200_per_query.csv,arxiv,arxiv,20260607,arxiv,multi_fine,20,hybrid,neural_component,type_feat32,50,50,50,0,50,0,0,0,0,50,0,0.0854529483800161,0.08220387599999412,0.1290346545499801,20.04,20.549999999999997,20.04,8451.870932330827,37382.4983266864,1.0,0.05,1.0,1.0,5.0,7.0,5.571913900000709,75.1545077800074,10.29844060000869,0,0,0,50,0,0,0,0,0,0,,,,,,,,,,,,,,,,,,,,,,,,,,,,,,,,,,,,,,,,,,,,,,,,,,,,,,,,,,,,,,,,,,,,,,,,,,,,,,,,,,,,,,,,,,,,,,,,,,,,,,,,,,,,,,,,,,,,,,0,0,0,50,0,0,0,0,0,0,0,0,0,50,50,50,50,50,50,50
corrected_connected_rerun::prod_arxiv_connected_mf_mc_s20260607_q50_types_multi_fine_multi_coarse_sizes20_50_100_neural_component_b20_50_100_200_per_query.csv,runs/lcr_arxiv_v3/results/prod_arxiv_connected_mf_mc_s20260607_q50_types_multi_fine_multi_coarse_sizes20_50_100_neural_component_b20_50_100_200_per_query.csv,arxiv,arxiv,20260607,arxiv,multi_fine,50,hybrid,neural_component,type_feat32,50,50,50,0,50,0,0,0,0,50,0,0.09968697668000004,0.09408920200002058,0.15665159559997616,50.4,51.55,50.08,3362.019390188409,9818.657454592112,1.0,0.05,1.0,1.0,3.549999999999997,5.529999999999994,6.474850239994794,80.29351714000313,19.39345953999691,0,0,0,50,0,0,0,0,0,0,,,,,,,,,,,,,,,,,,,,,,,,,,,,,,,,,,,,,,,,,,,,,,,,,,,,,,,,,,,,,,,,,,,,,,,,,,,,,,,,,,,,,,,,,,,,,,,,,,,,,,,,,,,,,,,,,,,,,,0,0,0,50,0,0,0,0,0,0,0,0,0,50,50,50,50,50,50,50
corrected_connected_rerun::prod_arxiv_connected_mf_mc_s20260607_q50_types_multi_fine_multi_coarse_sizes20_50_100_random_component_b20_50_100_200_per_query.csv,runs/lcr_arxiv_v3/results/prod_arxiv_connected_mf_mc_s20260607_q50_types_multi_fine_multi_coarse_sizes20_50_100_random_component_b20_50_100_200_per_query.csv,arxiv,arxiv,20260607,arxiv,multi_coarse,100,random,random_component,type_feat32,50,50,50,0,50,0,0,0,0,50,0,0.8795989246399813,0.8921725970000693,1.007732543149808,643.12,1151.3000000000002,100.2,1710.7101090101794,9992.233968499939,4.14,0.017731958762886597,0.4190721649484536,1000000000.0,1000000000.0,1000000000.0,0.0,218.93328065463555,7.767473118555521,0,0,0,0,0,6,44,0,0,0,,,,,,,,,,,,,,,,,,,,,,,,,,,,,,,,,,,,,,,,,,,,,,,,,,,,,,,,,,,,,,,,,,,,,,,,,,,,,,,,,,,,,,,,,,,,,,,,,,,,,,,,,,,,,,,,,,,,,,0,0,0,0,0,6,44,0,0,0,0,0,0,0,0,6,50,50,50,50
corrected_connected_rerun::prod_arxiv_connected_mf_mc_s20260607_q50_types_multi_fine_multi_coarse_sizes20_50_100_random_component_b20_50_100_200_per_query.csv,runs/lcr_arxiv_v3/results/prod_arxiv_connected_mf_mc_s20260607_q50_types_multi_fine_multi_coarse_sizes20_50_100_random_component_b20_50_100_200_per_query.csv,arxiv,arxiv,20260607,arxiv,multi_coarse,20,random,random_component,type_feat32,50,50,50,0,50,0,0,0,0,50,0,0.7469511434999913,0.8203067279999914,0.9625789050999174,133.36,261.79999999999995,20.06,8801.712753921782,72262.9046807853,4.06,0.02164804469273743,0.4079143389199255,1000000000.0,1000000000.0,1000000000.0,0.0,205.83319482681372,2.81237598323969,0,0,0,0,3,15,32,0,0,0,,,,,,,,,,,,,,,,,,,,,,,,,,,,,,,,,,,,,,,,,,,,,,,,,,,,,,,,,,,,,,,,,,,,,,,,,,,,,,,,,,,,,,,,,,,,,,,,,,,,,,,,,,,,,,,,,,,,,,0,0,0,0,3,15,32,0,0,0,0,0,0,0,3,18,50,50,50,50
corrected_connected_rerun::prod_arxiv_connected_mf_mc_s20260607_q50_types_multi_fine_multi_coarse_sizes20_50_100_random_component_b20_50_100_200_per_query.csv,runs/lcr_arxiv_v3/results/prod_arxiv_connected_mf_mc_s20260607_q50_types_multi_fine_multi_coarse_sizes20_50_100_random_component_b20_50_100_200_per_query.csv,arxiv,arxiv,20260607,arxiv,multi_coarse,50,random,random_component,type_feat32,50,50,50,0,50,0,0,0,0,50,0,0.7908247421400165,0.8413667585001008,0.9325098945001116,331.98,520.2,50.18,3544.1268302805593,29913.159633909218,4.28,0.021084656084656084,0.43289241622574953,1000000000.0,1000000000.0,1000000000.0,0.0,204.78454809523896,4.42834665079712,0,0,0,0,3,5,42,0,0,0,,,,,,,,,,,,,,,,,,,,,,,,,,,,,,,,,,,,,,,,,,,,,,,,,,,,,,,,,,,,,,,,,,,,,,,,,,,,,,,,,,,,,,,,,,,,,,,,,,,,,,,,,,,,,,,,,,,,,,0,0,0,0,3,5,42,0,0,0,0,0,0,0,3,8,50,50,50,50
corrected_connected_rerun::prod_arxiv_connected_mf_mc_s20260607_q50_types_multi_fine_multi_coarse_sizes20_50_100_random_component_b20_50_100_200_per_query.csv,runs/lcr_arxiv_v3/results/prod_arxiv_connected_mf_mc_s20260607_q50_types_multi_fine_multi_coarse_sizes20_50_100_random_component_b20_50_100_200_per_query.csv,arxiv,arxiv,20260607,arxiv,multi_fine,100,random,random_component,type_feat32,50,50,50,0,50,0,0,0,0,50,0,0.6952289034000045,0.8795248854999045,0.9914003535499774,384.1,789.9999999999998,100.26,1904.8354587561303,58206.175763108375,1.0,0.0034662576687116567,0.3067484662576687,1000000000.0,1000000000.0,1000000000.0,0.0,203.91492721472244,9.34547260122987,0,0,0,3,8,12,27,0,0,0,,,,,,,,,,,,,,,,,,,,,,,,,,,,,,,,,,,,,,,,,,,,,,,,,,,,,,,,,,,,,,,,,,,,,,,,,,,,,,,,,,,,,,,,,,,,,,,,,,,,,,,,,,,,,,,,,,,,,,0,0,0,3,8,12,27,0,0,0,0,0,0,3,11,23,50,50,50,50
corrected_connected_rerun::prod_arxiv_connected_mf_mc_s20260607_q50_types_multi_fine_multi_coarse_sizes20_50_100_random_component_b20_50_100_200_per_query.csv,runs/lcr_arxiv_v3/results/prod_arxiv_connected_mf_mc_s20260607_q50_types_multi_fine_multi_coarse_sizes20_50_100_random_component_b20_50_100_200_per_query.csv,arxiv,arxiv,20260607,arxiv,multi_fine,20,random,random_component,type_feat32,50,50,50,0,50,0,0,0,0,50,0,0.583898451460002,0.5281889604999606,0.9453979307000621,94.14,281.9499999999997,20.04,12184.741513035984,131650.64216860698,1.0,0.004111842105263158,0.29605263157894735,1000000000.0,1000000000.0,1000000000.0,0.0,188.8193606644752,3.252498368420214,0,0,0,5,7,19,19,0,0,0,,,,,,,,,,,,,,,,,,,,,,,,,,,,,,,,,,,,,,,,,,,,,,,,,,,,,,,,,,,,,,,,,,,,,,,,,,,,,,,,,,,,,,,,,,,,,,,,,,,,,,,,,,,,,,,,,,,,,,0,0,0,5,7,19,19,0,0,0,0,0,0,5,12,31,50,50,50,50
corrected_connected_rerun::prod_arxiv_connected_mf_mc_s20260607_q50_types_multi_fine_multi_coarse_sizes20_50_100_random_component_b20_50_100_200_per_query.csv,runs/lcr_arxiv_v3/results/prod_arxiv_connected_mf_mc_s20260607_q50_types_multi_fine_multi_coarse_sizes20_50_100_random_component_b20_50_100_200_per_query.csv,arxiv,arxiv,20260607,arxiv,multi_fine,50,random,random_component,type_feat32,50,50,50,0,50,0,0,0,0,50,0,0.5866824481200024,0.5502246275000857,0.9467880251000962,185.08,489.74999999999994,50.08,3763.7356192134666,90661.41622283701,1.0,0.005,0.33557046979865773,1000000000.0,1000000000.0,1000000000.0,0.0,190.975505704698,5.897799033557827,0,0,0,7,6,18,19,0,0,0,,,,,,,,,,,,,,,,,,,,,,,,,,,,,,,,,,,,,,,,,,,,,,,,,,,,,,,,,,,,,,,,,,,,,,,,,,,,,,,,,,,,,,,,,,,,,,,,,,,,,,,,,,,,,,,,,,,,,,0,0,0,7,6,18,19,0,0,0,0,0,0,7,13,31,50,50,50,50
corrected_connected_rerun::prod_arxiv_connected_mf_mc_s20260607_q50_types_multi_fine_multi_coarse_sizes20_50_100_topo_feature_component_b20_50_100_200_per_query.csv,runs/lcr_arxiv_v3/results/prod_arxiv_connected_mf_mc_s20260607_q50_types_multi_fine_multi_coarse_sizes20_50_100_topo_feature_component_b20_50_100_200_per_query.csv,arxiv,arxiv,20260607,arxiv,multi_coarse,100,topo_feature,topo_feature_component,type_feat32,50,50,50,0,50,0,0,0,0,50,0,1.0059329465000064,0.9965581249997513,1.1793828850499266,637.4,1058.8999999999994,100.2,1820.2316619936714,11678.352820575838,4.14,0.02090909090909091,0.4535353535353535,167.0,199.0,199.0,0.32232663132351325,245.16648968181408,8.856981656571397,0,0,0,0,0,2,48,0,0,0,,,,,,,,,,,,,,,,,,,,,,,,,,,,,,,,,,,,,,,,,,,,,,,,,,,,,,,,,,,,,,,,,,,,,,,,,,,,,,,,,,,,,,,,,,,,,,,,,,,,,,,,,,,,,,,,,,,,,,0,0,0,0,0,2,48,0,0,0,0,0,0,0,0,2,50,50,50,50
corrected_connected_rerun::prod_arxiv_connected_mf_mc_s20260607_q50_types_multi_fine_multi_coarse_sizes20_50_100_topo_feature_component_b20_50_100_200_per_query.csv,runs/lcr_arxiv_v3/results/prod_arxiv_connected_mf_mc_s20260607_q50_types_multi_fine_multi_coarse_sizes20_50_100_topo_feature_component_b20_50_100_200_per_query.csv,arxiv,arxiv,20260607,arxiv,multi_coarse,20,topo_feature,topo_feature_component,type_feat32,50,50,50,0,50,0,0,0,0,50,0,0.8248619373800284,0.7863646640003026,1.0432036700001617,138.34,260.55,20.06,9223.2331873706,102700.92404047355,4.06,0.018118279569892475,0.40170250896057347,173.0,200.0,200.0,0.2689116612874455,218.88756829570465,2.8495116451631963,0,0,0,0,1,12,37,0,0,0,,,,,,,,,,,,,,,,,,,,,,,,,,,,,,,,,,,,,,,,,,,,,,,,,,,,,,,,,,,,,,,,,,,,,,,,,,,,,,,,,,,,,,,,,,,,,,,,,,,,,,,,,,,,,,,,,,,,,,0,0,0,0,1,12,37,0,0,0,0,0,0,0,1,13,50,50,50,50
corrected_connected_rerun::prod_arxiv_connected_mf_mc_s20260607_q50_types_multi_fine_multi_coarse_sizes20_50_100_topo_feature_component_b20_50_100_200_per_query.csv,runs/lcr_arxiv_v3/results/prod_arxiv_connected_mf_mc_s20260607_q50_types_multi_fine_multi_coarse_sizes20_50_100_topo_feature_component_b20_50_100_200_per_query.csv,arxiv,arxiv,20260607,arxiv,multi_coarse,50,topo_feature,topo_feature_component,type_feat32,50,50,50,0,50,0,0,0,0,50,0,0.9466892761800091,0.9745453090002911,1.1407000944002221,332.6,565.8,50.2,4021.982755217849,18032.34822981947,4.28,0.02074358974358974,0.4331623931623932,163.5,197.1,199.51,0.3205648307544041,237.60650113333375,5.134338912822409,0,0,0,0,0,5,45,0,0,0,,,,,,,,,,,,,,,,,,,,,,,,,,,,,,,,,,,,,,,,,,,,,,,,,,,,,,,,,,,,,,,,,,,,,,,,,,,,,,,,,,,,,,,,,,,,,,,,,,,,,,,,,,,,,,,,,,,,,,0,0,0,0,0,5,45,0,0,0,0,0,0,0,0,5,50,50,50,50
corrected_connected_rerun::prod_arxiv_connected_mf_mc_s20260607_q50_types_multi_fine_multi_coarse_sizes20_50_100_topo_feature_component_b20_50_100_200_per_query.csv,runs/lcr_arxiv_v3/results/prod_arxiv_connected_mf_mc_s20260607_q50_types_multi_fine_multi_coarse_sizes20_50_100_topo_feature_component_b20_50_100_200_per_query.csv,arxiv,arxiv,20260607,arxiv,multi_fine,100,topo_feature,topo_feature_component,type_feat32,50,50,50,0,50,0,0,0,0,50,0,0.758248491620011,0.8813546479998422,1.1709424950498033,364.96,725.0999999999999,100.26,2239.057890864311,86047.3604236223,1.0,0.0037267080745341614,0.3105590062111801,102.0,186.55,192.04,0.34265547825265263,224.58727418012606,10.893623838510901,0,0,0,4,7,13,26,0,0,0,,,,,,,,,,,,,,,,,,,,,,,,,,,,,,,,,,,,,,,,,,,,,,,,,,,,,,,,,,,,,,,,,,,,,,,,,,,,,,,,,,,,,,,,,,,,,,,,,,,,,,,,,,,,,,,,,,,,,,0,0,0,4,7,13,26,0,0,0,0,0,0,4,11,24,50,50,50,50
corrected_connected_rerun::prod_arxiv_connected_mf_mc_s20260607_q50_types_multi_fine_multi_coarse_sizes20_50_100_topo_feature_component_b20_50_100_200_per_query.csv,runs/lcr_arxiv_v3/results/prod_arxiv_connected_mf_mc_s20260607_q50_types_multi_fine_multi_coarse_sizes20_50_100_topo_feature_component_b20_50_100_200_per_query.csv,arxiv,arxiv,20260607,arxiv,multi_fine,20,topo_feature,topo_feature_component,type_feat32,50,50,50,0,50,0,0,0,0,50,0,0.6932531522799854,0.6572826000000305,1.044844088599757,77.3,207.14999999999998,20.04,11840.184389811253,121198.7658488215,1.0,0.004900662251655629,0.32450331125827814,101.0,193.0,196.51,0.2671140463604051,225.81408213906667,3.7399417947033617,0,0,0,7,9,10,24,0,0,0,,,,,,,,,,,,,,,,,,,,,,,,,,,,,,,,,,,,,,,,,,,,,,,,,,,,,,,,,,,,,,,,,,,,,,,,,,,,,,,,,,,,,,,,,,,,,,,,,,,,,,,,,,,,,,,,,,,,,,0,0,0,7,9,10,24,0,0,0,0,0,0,7,16,26,50,50,50,50
corrected_connected_rerun::prod_arxiv_connected_mf_mc_s20260607_q50_types_multi_fine_multi_coarse_sizes20_50_100_topo_feature_component_b20_50_100_200_per_query.csv,runs/lcr_arxiv_v3/results/prod_arxiv_connected_mf_mc_s20260607_q50_types_multi_fine_multi_coarse_sizes20_50_100_topo_feature_component_b20_50_100_200_per_query.csv,arxiv,arxiv,20260607,arxiv,multi_fine,50,topo_feature,topo_feature_component,type_feat32,50,50,50,0,50,0,0,0,0,50,0,0.6116201455000418,0.6009513980000065,0.9732787427496872,183.4,474.6499999999998,50.08,5182.941216010197,98067.7070696793,1.0,0.004058441558441558,0.3246753246753247,82.5,188.29999999999998,194.51,0.27570077920345637,192.49031546104555,6.087653857149861,0,0,0,4,5,24,17,0,0,0,,,,,,,,,,,,,,,,,,,,,,,,,,,,,,,,,,,,,,,,,,,,,,,,,,,,,,,,,,,,,,,,,,,,,,,,,,,,,,,,,,,,,,,,,,,,,,,,,,,,,,,,,,,,,,,,,,,,,,0,0,0,4,5,24,17,0,0,0,0,0,0,4,9,33,50,50,50,50
corrected_connected_rerun::prod_arxiv_connected_mf_mc_s20260608_q50_types_multi_fine_multi_coarse_sizes20_50_100_filterall_component_b200_per_query.csv,runs/lcr_arxiv_v3/results/prod_arxiv_connected_mf_mc_s20260608_q50_types_multi_fine_multi_coarse_sizes20_50_100_filterall_component_b200_per_query.csv,arxiv,arxiv,20260608,arxiv,multi_coarse,100,all,filterall_component,type_feat32,50,50,50,0,50,0,0,0,0,50,0,0.39883563352002055,0.39510129950008377,0.4189109430000599,102.3,119.55,100.7,1660.2426339957226,4825.80175559173,4.46,0.0223,1.0,1000000000.0,1000000000.0,1000000000.0,0.0,366.74375898001927,32.0918745400013,0,0,0,0,0,0,50,0,0,0,,,,,,,,,,,,,,,,,,,,,,,,,,,,,,,,,,,,,,,,,,,,,,,,,,,,,,,,,,,,,,,,,,,,,,,,,,,,,,,,,,,,,,,,,,,,,,,,,,,,,,,,,,,,,,,,,,,,,,0,0,0,0,0,0,50,0,0,0,0,0,0,0,0,0,50,50,50,50
corrected_connected_rerun::prod_arxiv_connected_mf_mc_s20260608_q50_types_multi_fine_multi_coarse_sizes20_50_100_filterall_component_b200_per_query.csv,runs/lcr_arxiv_v3/results/prod_arxiv_connected_mf_mc_s20260608_q50_types_multi_fine_multi_coarse_sizes20_50_100_filterall_component_b200_per_query.csv,arxiv,arxiv,20260608,arxiv,multi_coarse,20,all,filterall_component,type_feat32,50,50,50,0,50,0,0,0,0,50,0,0.3699807838800371,0.363856237499931,0.4088015441999914,20.04,20.549999999999997,20.0,8454.443165945166,42787.135984455635,3.44,0.0172,1.0,1000000000.0,1000000000.0,1000000000.0,0.0,359.90191206003146,10.078871820005588,0,0,0,0,0,0,50,0,0,0,,,,,,,,,,,,,,,,,,,,,,,,,,,,,,,,,,,,,,,,,,,,,,,,,,,,,,,,,,,,,,,,,,,,,,,,,,,,,,,,,,,,,,,,,,,,,,,,,,,,,,,,,,,,,,,,,,,,,,0,0,0,0,0,0,50,0,0,0,0,0,0,0,0,0,50,50,50,50
corrected_connected_rerun::prod_arxiv_connected_mf_mc_s20260608_q50_types_multi_fine_multi_coarse_sizes20_50_100_filterall_component_b200_per_query.csv,runs/lcr_arxiv_v3/results/prod_arxiv_connected_mf_mc_s20260608_q50_types_multi_fine_multi_coarse_sizes20_50_100_filterall_component_b200_per_query.csv,arxiv,arxiv,20260608,arxiv,multi_coarse,50,all,filterall_component,type_feat32,50,50,50,0,50,0,0,0,0,50,0,0.3856207241199809,0.379211803500084,0.4529746894498885,50.46,53.19999999999999,50.04,3359.0631773849977,12277.38302290192,4.22,0.021099999999999997,1.0,1000000000.0,1000000000.0,1000000000.0,0.0,367.5067485999625,18.113975520018357,0,0,0,0,0,0,50,0,0,0,,,,,,,,,,,,,,,,,,,,,,,,,,,,,,,,,,,,,,,,,,,,,,,,,,,,,,,,,,,,,,,,,,,,,,,,,,,,,,,,,,,,,,,,,,,,,,,,,,,,,,,,,,,,,,,,,,,,,,0,0,0,0,0,0,50,0,0,0,0,0,0,0,0,0,50,50,50,50
corrected_connected_rerun::prod_arxiv_connected_mf_mc_s20260608_q50_types_multi_fine_multi_coarse_sizes20_50_100_filterall_component_b200_per_query.csv,runs/lcr_arxiv_v3/results/prod_arxiv_connected_mf_mc_s20260608_q50_types_multi_fine_multi_coarse_sizes20_50_100_filterall_component_b200_per_query.csv,arxiv,arxiv,20260608,arxiv,multi_fine,100,all,filterall_component,type_feat32,50,50,50,0,50,0,0,0,0,50,0,0.40187791892000857,0.3929957664997801,0.45952187200002753,100.08,101.0,99.98,1692.1225494266596,3896.7436561266554,1.0,0.005,1.0,1000000000.0,1000000000.0,1000000000.0,0.0,368.7223401999745,33.1555787200341,0,0,0,0,0,0,50,0,0,0,,,,,,,,,,,,,,,,,,,,,,,,,,,,,,,,,,,,,,,,,,,,,,,,,,,,,,,,,,,,,,,,,,,,,,,,,,,,,,,,,,,,,,,,,,,,,,,,,,,,,,,,,,,,,,,,,,,,,,0,0,0,0,0,0,50,0,0,0,0,0,0,0,0,0,50,50,50,50
corrected_connected_rerun::prod_arxiv_connected_mf_mc_s20260608_q50_types_multi_fine_multi_coarse_sizes20_50_100_filterall_component_b200_per_query.csv,runs/lcr_arxiv_v3/results/prod_arxiv_connected_mf_mc_s20260608_q50_types_multi_fine_multi_coarse_sizes20_50_100_filterall_component_b200_per_query.csv,arxiv,arxiv,20260608,arxiv,multi_fine,20,all,filterall_component,type_feat32,50,50,50,0,50,0,0,0,0,50,0,0.37743628750001335,0.3744751464998899,0.4053943705000392,20.06,20.549999999999997,20.06,8442.958142857144,31202.475251314914,1.0,0.005,1.0,1000000000.0,1000000000.0,1000000000.0,0.0,366.95497032000276,10.481317180010592,0,0,0,0,0,0,50,0,0,0,,,,,,,,,,,,,,,,,,,,,,,,,,,,,,,,,,,,,,,,,,,,,,,,,,,,,,,,,,,,,,,,,,,,,,,,,,,,,,,,,,,,,,,,,,,,,,,,,,,,,,,,,,,,,,,,,,,,,,0,0,0,0,0,0,50,0,0,0,0,0,0,0,0,0,50,50,50,50
corrected_connected_rerun::prod_arxiv_connected_mf_mc_s20260608_q50_types_multi_fine_multi_coarse_sizes20_50_100_filterall_component_b200_per_query.csv,runs/lcr_arxiv_v3/results/prod_arxiv_connected_mf_mc_s20260608_q50_types_multi_fine_multi_coarse_sizes20_50_100_filterall_component_b200_per_query.csv,arxiv,arxiv,20260608,arxiv,multi_fine,50,all,filterall_component,type_feat32,50,50,50,0,50,0,0,0,0,50,0,0.37951857756000207,0.3758364539996819,0.4198090914500199,50.68,51.0,50.14,3350.0737578270655,10342.225252452277,1.0,0.005,1.0,1000000000.0,1000000000.0,1000000000.0,0.0,361.1587600000257,18.359817559976364,0,0,0,0,0,0,50,0,0,0,,,,,,,,,,,,,,,,,,,,,,,,,,,,,,,,,,,,,,,,,,,,,,,,,,,,,,,,,,,,,,,,,,,,,,,,,,,,,,,,,,,,,,,,,,,,,,,,,,,,,,,,,,,,,,,,,,,,,,0,0,0,0,0,0,50,0,0,0,0,0,0,0,0,0,50,50,50,50
corrected_connected_rerun::prod_arxiv_connected_mf_mc_s20260608_q50_types_multi_fine_multi_coarse_sizes20_50_100_mean_feature_component_b20_50_100_200_per_query.csv,runs/lcr_arxiv_v3/results/prod_arxiv_connected_mf_mc_s20260608_q50_types_multi_fine_multi_coarse_sizes20_50_100_mean_feature_component_b20_50_100_200_per_query.csv,arxiv,arxiv,20260608,arxiv,multi_coarse,100,mean_feature,mean_feature_component,type_feat32,50,50,50,0,50,0,0,0,0,50,0,0.6488642825600346,0.6042416200000389,1.0250819344500655,520.9,980.4499999999994,100.7,1670.1542662455229,4619.54870883022,4.46,0.062099999999999995,0.6851111111111111,94.5,184.1,194.1,0.3122282533134542,204.77175068000784,11.516343506670333,0,0,0,5,11,13,21,0,0,0,,,,,,,,,,,,,,,,,,,,,,,,,,,,,,,,,,,,,,,,,,,,,,,,,,,,,,,,,,,,,,,,,,,,,,,,,,,,,,,,,,,,,,,,,,,,,,,,,,,,,,,,,,,,,,,,,,,,,,0,0,0,5,11,13,21,0,0,0,0,0,0,5,16,29,50,50,50,50
corrected_connected_rerun::prod_arxiv_connected_mf_mc_s20260608_q50_types_multi_fine_multi_coarse_sizes20_50_100_mean_feature_component_b20_50_100_200_per_query.csv,runs/lcr_arxiv_v3/results/prod_arxiv_connected_mf_mc_s20260608_q50_types_multi_fine_multi_coarse_sizes20_50_100_mean_feature_component_b20_50_100_200_per_query.csv,arxiv,arxiv,20260608,arxiv,multi_coarse,20,mean_feature,mean_feature_component,type_feat32,50,50,50,0,50,0,0,0,0,50,0,0.45501187399998344,0.4714763989996982,0.894960458499952,90.28,213.64999999999998,20.0,8469.837984126983,46009.10981056219,3.44,0.05108527131782946,0.6458656330749354,68.5,176.99999999999994,191.58999999999997,0.28398467442591285,172.3966003178195,3.9645911550423074,0,0,0,11,13,12,14,0,0,0,,,,,,,,,,,,,,,,,,,,,,,,,,,,,,,,,,,,,,,,,,,,,,,,,,,,,,,,,,,,,,,,,,,,,,,,,,,,,,,,,,,,,,,,,,,,,,,,,,,,,,,,,,,,,,,,,,,,,,0,0,0,11,13,12,14,0,0,0,0,0,0,11,24,36,50,50,50,50
corrected_connected_rerun::prod_arxiv_connected_mf_mc_s20260608_q50_types_multi_fine_multi_coarse_sizes20_50_100_mean_feature_component_b20_50_100_200_per_query.csv,runs/lcr_arxiv_v3/results/prod_arxiv_connected_mf_mc_s20260608_q50_types_multi_fine_multi_coarse_sizes20_50_100_mean_feature_component_b20_50_100_200_per_query.csv,arxiv,arxiv,20260608,arxiv,multi_coarse,50,mean_feature,mean_feature_component,type_feat32,50,50,50,0,50,0,0,0,0,50,0,0.5041855383199936,0.5034317590000228,0.9359886897998877,252.48,480.9499999999999,50.04,3375.5270569682575,11299.75619491746,4.22,0.07007462686567165,0.7083333333333334,64.5,160.29999999999998,173.68999999999997,0.2962790372972694,180.96543053730554,7.163501671647309,0,0,0,8,12,18,12,0,0,0,,,,,,,,,,,,,,,,,,,,,,,,,,,,,,,,,,,,,,,,,,,,,,,,,,,,,,,,,,,,,,,,,,,,,,,,,,,,,,,,,,,,,,,,,,,,,,,,,,,,,,,,,,,,,,,,,,,,,,0,0,0,8,12,18,12,0,0,0,0,0,0,8,20,38,50,50,50,50
corrected_connected_rerun::prod_arxiv_connected_mf_mc_s20260608_q50_types_multi_fine_multi_coarse_sizes20_50_100_mean_feature_component_b20_50_100_200_per_query.csv,runs/lcr_arxiv_v3/results/prod_arxiv_connected_mf_mc_s20260608_q50_types_multi_fine_multi_coarse_sizes20_50_100_mean_feature_component_b20_50_100_200_per_query.csv,arxiv,arxiv,20260608,arxiv,multi_fine,100,mean_feature,mean_feature_component,type_feat32,50,50,50,0,50,0,0,0,0,50,0,0.12886249081999723,0.12390147450003042,0.17652625930004429,100.04,101.0,99.98,1692.7866396227378,3896.7436561266554,1.0,0.05,1.0,1.0,2.0,6.569999999999986,0.31599680002727837,92.30216480000308,36.560326019994136,0,0,0,50,0,0,0,0,0,0,,,,,,,,,,,,,,,,,,,,,,,,,,,,,,,,,,,,,,,,,,,,,,,,,,,,,,,,,,,,,,,,,,,,,,,,,,,,,,,,,,,,,,,,,,,,,,,,,,,,,,,,,,,,,,,,,,,,,,0,0,0,50,0,0,0,0,0,0,0,0,0,50,50,50,50,50,50,50
corrected_connected_rerun::prod_arxiv_connected_mf_mc_s20260608_q50_types_multi_fine_multi_coarse_sizes20_50_100_mean_feature_component_b20_50_100_200_per_query.csv,runs/lcr_arxiv_v3/results/prod_arxiv_connected_mf_mc_s20260608_q50_types_multi_fine_multi_coarse_sizes20_50_100_mean_feature_component_b20_50_100_200_per_query.csv,arxiv,arxiv,20260608,arxiv,multi_fine,20,mean_feature,mean_feature_component,type_feat32,50,50,50,0,50,0,0,0,0,50,0,0.09295043339997391,0.08742668050001612,0.15261683145002958,20.06,20.549999999999997,20.06,8442.958142857144,31202.475251314914,1.0,0.05,1.0,1.0,4.549999999999997,11.589999999999982,0.29347538000365603,81.83875533999526,11.111678059978658,0,0,0,50,0,0,0,0,0,0,,,,,,,,,,,,,,,,,,,,,,,,,,,,,,,,,,,,,,,,,,,,,,,,,,,,,,,,,,,,,,,,,,,,,,,,,,,,,,,,,,,,,,,,,,,,,,,,,,,,,,,,,,,,,,,,,,,,,,0,0,0,50,0,0,0,0,0,0,0,0,0,50,50,50,50,50,50,50
corrected_connected_rerun::prod_arxiv_connected_mf_mc_s20260608_q50_types_multi_fine_multi_coarse_sizes20_50_100_mean_feature_component_b20_50_100_200_per_query.csv,runs/lcr_arxiv_v3/results/prod_arxiv_connected_mf_mc_s20260608_q50_types_multi_fine_multi_coarse_sizes20_50_100_mean_feature_component_b20_50_100_200_per_query.csv,arxiv,arxiv,20260608,arxiv,multi_fine,50,mean_feature,mean_feature_component,type_feat32,50,50,50,0,50,0,0,0,0,50,0,0.10986758111998825,0.09748784399982924,0.18188009984983178,50.44,51.0,50.14,3360.914683029074,10350.615100278364,1.0,0.05,1.0,1.0,3.0999999999999943,8.569999999999986,0.30876152000928414,89.28966467999544,20.577916439992805,0,0,0,50,0,0,0,0,0,0,,,,,,,,,,,,,,,,,,,,,,,,,,,,,,,,,,,,,,,,,,,,,,,,,,,,,,,,,,,,,,,,,,,,,,,,,,,,,,,,,,,,,,,,,,,,,,,,,,,,,,,,,,,,,,,,,,,,,,0,0,0,50,0,0,0,0,0,0,0,0,0,50,50,50,50,50,50,50
corrected_connected_rerun::prod_arxiv_connected_mf_mc_s20260608_q50_types_multi_fine_multi_coarse_sizes20_50_100_mean_rrf_component_b20_50_100_200_per_query.csv,runs/lcr_arxiv_v3/results/prod_arxiv_connected_mf_mc_s20260608_q50_types_multi_fine_multi_coarse_sizes20_50_100_mean_rrf_component_b20_50_100_200_per_query.csv,arxiv,arxiv,20260608,arxiv,multi_coarse,100,coarse_mean_rrf,mean_rrf_component,type_feat32,50,50,50,0,50,0,0,0,0,50,0,0.6392554273999985,0.6238489845001141,1.01329926605016,485.04,922.7499999999999,100.7,1672.0591788567551,4470.41206363317,4.46,0.07482993197278912,0.7470521541950114,92.5,158.55,170.07999999999998,8.644985646290225,205.44890925852346,11.984909585013453,0,0,0,6,13,9,22,0,0,0,,,,,,,,,,,,,,,,,,,,,,,,,,,,,,,,,,,,,,,,,,,,,,,,,,,,,,,,,,,,,,,,,,,,,,,,,,,,,,,,,,,,,,,,,,,,,,,,,,,,,,,,,,,,,,,,,,,,,,0,0,0,6,13,9,22,0,0,0,0,0,0,6,19,28,50,50,50,50
corrected_connected_rerun::prod_arxiv_connected_mf_mc_s20260608_q50_types_multi_fine_multi_coarse_sizes20_50_100_mean_rrf_component_b20_50_100_200_per_query.csv,runs/lcr_arxiv_v3/results/prod_arxiv_connected_mf_mc_s20260608_q50_types_multi_fine_multi_coarse_sizes20_50_100_mean_rrf_component_b20_50_100_200_per_query.csv,arxiv,arxiv,20260608,arxiv,multi_coarse,20,coarse_mean_rrf,mean_rrf_component,type_feat32,50,50,50,0,50,0,0,0,0,50,0,0.39055023527997945,0.27810890399996424,0.8809664339999812,79.84,205.74999999999994,20.0,8469.837984126983,44957.2567454417,3.44,0.06158119658119658,0.6881766381766382,60.5,152.04999999999995,177.60999999999999,6.28974356411754,162.42580882050834,4.4760011282008225,0,0,0,15,12,14,9,0,0,0,,,,,,,,,,,,,,,,,,,,,,,,,,,,,,,,,,,,,,,,,,,,,,,,,,,,,,,,,,,,,,,,,,,,,,,,,,,,,,,,,,,,,,,,,,,,,,,,,,,,,,,,,,,,,,,,,,,,,,0,0,0,15,12,14,9,0,0,0,0,0,0,15,27,41,50,50,50,50
corrected_connected_rerun::prod_arxiv_connected_mf_mc_s20260608_q50_types_multi_fine_multi_coarse_sizes20_50_100_mean_rrf_component_b20_50_100_200_per_query.csv,runs/lcr_arxiv_v3/results/prod_arxiv_connected_mf_mc_s20260608_q50_types_multi_fine_multi_coarse_sizes20_50_100_mean_rrf_component_b20_50_100_200_per_query.csv,arxiv,arxiv,20260608,arxiv,multi_coarse,50,coarse_mean_rrf,mean_rrf_component,type_feat32,50,50,50,0,50,0,0,0,0,50,0,0.47642963777995645,0.39247489000013047,1.0145100436999426,229.64,464.1499999999999,50.04,3375.5270569682575,11010.395069697555,4.22,0.07996031746031745,0.7470899470899471,57.0,135.14999999999998,151.58999999999997,7.439015134942955,181.2542172539531,7.805162817458185,0,0,0,10,16,12,12,0,0,0,,,,,,,,,,,,,,,,,,,,,,,,,,,,,,,,,,,,,,,,,,,,,,,,,,,,,,,,,,,,,,,,,,,,,,,,,,,,,,,,,,,,,,,,,,,,,,,,,,,,,,,,,,,,,,,,,,,,,,0,0,0,10,16,12,12,0,0,0,0,0,0,10,26,38,50,50,50,50
corrected_connected_rerun::prod_arxiv_connected_mf_mc_s20260608_q50_types_multi_fine_multi_coarse_sizes20_50_100_mean_rrf_component_b20_50_100_200_per_query.csv,runs/lcr_arxiv_v3/results/prod_arxiv_connected_mf_mc_s20260608_q50_types_multi_fine_multi_coarse_sizes20_50_100_mean_rrf_component_b20_50_100_200_per_query.csv,arxiv,arxiv,20260608,arxiv,multi_fine,100,coarse_mean_rrf,mean_rrf_component,type_feat32,50,50,50,0,50,0,0,0,0,50,0,0.12521597932001896,0.12350246749997495,0.16924998999991203,100.04,101.0,99.98,1692.7866396227378,3896.7436561266554,1.0,0.05,1.0,1.0,2.0,3.0,8.838214720008182,89.82745290000821,35.38852642001075,0,0,0,50,0,0,0,0,0,0,,,,,,,,,,,,,,,,,,,,,,,,,,,,,,,,,,,,,,,,,,,,,,,,,,,,,,,,,,,,,,,,,,,,,,,,,,,,,,,,,,,,,,,,,,,,,,,,,,,,,,,,,,,,,,,,,,,,,,0,0,0,50,0,0,0,0,0,0,0,0,0,50,50,50,50,50,50,50
corrected_connected_rerun::prod_arxiv_connected_mf_mc_s20260608_q50_types_multi_fine_multi_coarse_sizes20_50_100_mean_rrf_component_b20_50_100_200_per_query.csv,runs/lcr_arxiv_v3/results/prod_arxiv_connected_mf_mc_s20260608_q50_types_multi_fine_multi_coarse_sizes20_50_100_mean_rrf_component_b20_50_100_200_per_query.csv,arxiv,arxiv,20260608,arxiv,multi_fine,20,coarse_mean_rrf,mean_rrf_component,type_feat32,50,50,50,0,50,0,0,0,0,50,0,0.08733566970002357,0.08223928899985822,0.12816495420003088,20.06,20.549999999999997,20.06,8442.958142857144,31202.475251314914,1.0,0.05,1.0,1.0,6.0,6.509999999999998,6.366031859997747,76.417667980013,10.91800172001058,0,0,0,50,0,0,0,0,0,0,,,,,,,,,,,,,,,,,,,,,,,,,,,,,,,,,,,,,,,,,,,,,,,,,,,,,,,,,,,,,,,,,,,,,,,,,,,,,,,,,,,,,,,,,,,,,,,,,,,,,,,,,,,,,,,,,,,,,,0,0,0,50,0,0,0,0,0,0,0,0,0,50,50,50,50,50,50,50
corrected_connected_rerun::prod_arxiv_connected_mf_mc_s20260608_q50_types_multi_fine_multi_coarse_sizes20_50_100_mean_rrf_component_b20_50_100_200_per_query.csv,runs/lcr_arxiv_v3/results/prod_arxiv_connected_mf_mc_s20260608_q50_types_multi_fine_multi_coarse_sizes20_50_100_mean_rrf_component_b20_50_100_200_per_query.csv,arxiv,arxiv,20260608,arxiv,multi_fine,50,coarse_mean_rrf,mean_rrf_component,type_feat32,50,50,50,0,50,0,0,0,0,50,0,0.10915319194000858,0.10102115650011001,0.17619880805003726,50.42,51.0,50.14,3361.9391415892674,10347.173111426637,1.0,0.05,1.0,1.0,2.549999999999997,3.509999999999998,7.516292860009344,88.59570552000605,20.557486420002533,0,0,0,50,0,0,0,0,0,0,,,,,,,,,,,,,,,,,,,,,,,,,,,,,,,,,,,,,,,,,,,,,,,,,,,,,,,,,,,,,,,,,,,,,,,,,,,,,,,,,,,,,,,,,,,,,,,,,,,,,,,,,,,,,,,,,,,,,,0,0,0,50,0,0,0,0,0,0,0,0,0,50,50,50,50,50,50,50
corrected_connected_rerun::prod_arxiv_connected_mf_mc_s20260608_q50_types_multi_fine_multi_coarse_sizes20_50_100_neural_component_b20_50_100_200_per_query.csv,runs/lcr_arxiv_v3/results/prod_arxiv_connected_mf_mc_s20260608_q50_types_multi_fine_multi_coarse_sizes20_50_100_neural_component_b20_50_100_200_per_query.csv,arxiv,arxiv,20260608,arxiv,multi_coarse,100,hybrid,neural_component,type_feat32,50,50,50,0,50,0,0,0,0,50,0,0.7138317886599908,0.9399888159999819,1.045010596549787,500.42,884.8499999999999,100.7,1670.6166045325526,4445.293679404418,4.46,0.07067307692307692,0.7393162393162392,101.0,164.1,171.52999999999997,7.804728121790014,218.08483014102328,10.707409814101947,0,0,0,8,7,6,29,0,0,0,,,,,,,,,,,,,,,,,,,,,,,,,,,,,,,,,,,,,,,,,,,,,,,,,,,,,,,,,,,,,,,,,,,,,,,,,,,,,,,,,,,,,,,,,,,,,,,,,,,,,,,,,,,,,,,,,,,,,,0,0,0,8,7,6,29,0,0,0,0,0,0,8,15,21,50,50,50,50
corrected_connected_rerun::prod_arxiv_connected_mf_mc_s20260608_q50_types_multi_fine_multi_coarse_sizes20_50_100_neural_component_b20_50_100_200_per_query.csv,runs/lcr_arxiv_v3/results/prod_arxiv_connected_mf_mc_s20260608_q50_types_multi_fine_multi_coarse_sizes20_50_100_neural_component_b20_50_100_200_per_query.csv,arxiv,arxiv,20260608,arxiv,multi_coarse,20,hybrid,neural_component,type_feat32,50,50,50,0,50,0,0,0,0,50,0,0.4664331986399793,0.3901462999999694,1.0120883439997894,78.56,186.0,20.0,8469.837984126983,45828.0606988306,3.44,0.06216666666666667,0.6918055555555556,56.0,163.55,176.07999999999998,5.710939749999018,189.89350249999194,4.4536635999994205,0,0,0,16,11,10,13,0,0,0,,,,,,,,,,,,,,,,,,,,,,,,,,,,,,,,,,,,,,,,,,,,,,,,,,,,,,,,,,,,,,,,,,,,,,,,,,,,,,,,,,,,,,,,,,,,,,,,,,,,,,,,,,,,,,,,,,,,,,0,0,0,16,11,10,13,0,0,0,0,0,0,16,27,37,50,50,50,50
corrected_connected_rerun::prod_arxiv_connected_mf_mc_s20260608_q50_types_multi_fine_multi_coarse_sizes20_50_100_neural_component_b20_50_100_200_per_query.csv,runs/lcr_arxiv_v3/results/prod_arxiv_connected_mf_mc_s20260608_q50_types_multi_fine_multi_coarse_sizes20_50_100_neural_component_b20_50_100_200_per_query.csv,arxiv,arxiv,20260608,arxiv,multi_coarse,50,hybrid,neural_component,type_feat32,50,50,50,0,50,0,0,0,0,50,0,0.5465995674199757,0.5374059039997974,1.052823882550183,235.38,486.3,50.04,3364.945399997777,11223.377181394557,4.22,0.07537593984962407,0.7384711779448622,61.0,132.49999999999997,154.54999999999998,6.618976082720958,197.97527678946764,7.513282390974362,0,0,0,9,11,18,12,0,0,0,,,,,,,,,,,,,,,,,,,,,,,,,,,,,,,,,,,,,,,,,,,,,,,,,,,,,,,,,,,,,,,,,,,,,,,,,,,,,,,,,,,,,,,,,,,,,,,,,,,,,,,,,,,,,,,,,,,,,,0,0,0,9,11,18,12,0,0,0,0,0,0,9,20,38,50,50,50,50
corrected_connected_rerun::prod_arxiv_connected_mf_mc_s20260608_q50_types_multi_fine_multi_coarse_sizes20_50_100_neural_component_b20_50_100_200_per_query.csv,runs/lcr_arxiv_v3/results/prod_arxiv_connected_mf_mc_s20260608_q50_types_multi_fine_multi_coarse_sizes20_50_100_neural_component_b20_50_100_200_per_query.csv,arxiv,arxiv,20260608,arxiv,multi_fine,100,hybrid,neural_component,type_feat32,50,50,50,0,50,0,0,0,0,50,0,0.13681249245998062,0.13184173699983148,0.22505726394995235,100.04,101.0,99.98,1692.7866396227378,3896.7436561266554,1.0,0.05,1.0,1.0,2.0,3.019999999999996,7.846500579989879,100.20084075999421,36.611651699986396,0,0,0,50,0,0,0,0,0,0,,,,,,,,,,,,,,,,,,,,,,,,,,,,,,,,,,,,,,,,,,,,,,,,,,,,,,,,,,,,,,,,,,,,,,,,,,,,,,,,,,,,,,,,,,,,,,,,,,,,,,,,,,,,,,,,,,,,,,0,0,0,50,0,0,0,0,0,0,0,0,0,50,50,50,50,50,50,50
corrected_connected_rerun::prod_arxiv_connected_mf_mc_s20260608_q50_types_multi_fine_multi_coarse_sizes20_50_100_neural_component_b20_50_100_200_per_query.csv,runs/lcr_arxiv_v3/results/prod_arxiv_connected_mf_mc_s20260608_q50_types_multi_fine_multi_coarse_sizes20_50_100_neural_component_b20_50_100_200_per_query.csv,arxiv,arxiv,20260608,arxiv,multi_fine,20,hybrid,neural_component,type_feat32,50,50,50,0,50,0,0,0,0,50,0,0.09869178147999719,0.09452342949998638,0.15169502044997216,20.06,20.549999999999997,20.06,8442.958142857144,31202.475251314914,1.0,0.05,1.0,1.0,7.0,7.509999999999998,5.563001240016092,87.35749085999032,11.334290620006868,0,0,0,50,0,0,0,0,0,0,,,,,,,,,,,,,,,,,,,,,,,,,,,,,,,,,,,,,,,,,,,,,,,,,,,,,,,,,,,,,,,,,,,,,,,,,,,,,,,,,,,,,,,,,,,,,,,,,,,,,,,,,,,,,,,,,,,,,,0,0,0,50,0,0,0,0,0,0,0,0,0,50,50,50,50,50,50,50
corrected_connected_rerun::prod_arxiv_connected_mf_mc_s20260608_q50_types_multi_fine_multi_coarse_sizes20_50_100_neural_component_b20_50_100_200_per_query.csv,runs/lcr_arxiv_v3/results/prod_arxiv_connected_mf_mc_s20260608_q50_types_multi_fine_multi_coarse_sizes20_50_100_neural_component_b20_50_100_200_per_query.csv,arxiv,arxiv,20260608,arxiv,multi_fine,50,hybrid,neural_component,type_feat32,50,50,50,0,50,0,0,0,0,50,0,0.10416269688000739,0.10119446600003812,0.15972381454990905,50.42,51.0,50.14,3361.871423142068,10347.173111426637,1.0,0.05,1.0,1.0,3.0,3.509999999999998,6.403987640019295,84.8737656600133,19.288931219994083,0,0,0,50,0,0,0,0,0,0,,,,,,,,,,,,,,,,,,,,,,,,,,,,,,,,,,,,,,,,,,,,,,,,,,,,,,,,,,,,,,,,,,,,,,,,,,,,,,,,,,,,,,,,,,,,,,,,,,,,,,,,,,,,,,,,,,,,,,0,0,0,50,0,0,0,0,0,0,0,0,0,50,50,50,50,50,50,50
corrected_connected_rerun::prod_arxiv_connected_mf_mc_s20260608_q50_types_multi_fine_multi_coarse_sizes20_50_100_random_component_b20_50_100_200_per_query.csv,runs/lcr_arxiv_v3/results/prod_arxiv_connected_mf_mc_s20260608_q50_types_multi_fine_multi_coarse_sizes20_50_100_random_component_b20_50_100_200_per_query.csv,arxiv,arxiv,20260608,arxiv,multi_coarse,100,random,random_component,type_feat32,50,50,50,0,50,0,0,0,0,50,0,1.0270609552200085,1.036385337499837,1.1635751744499316,621.68,1144.3,100.7,1686.2735500983042,8526.283655912253,4.46,0.023494897959183674,0.4704931972789116,1000000000.0,1000000000.0,1000000000.0,0.0,253.1345338061224,8.870811913267545,0,0,0,0,0,4,46,0,0,0,,,,,,,,,,,,,,,,,,,,,,,,,,,,,,,,,,,,,,,,,,,,,,,,,,,,,,,,,,,,,,,,,,,,,,,,,,,,,,,,,,,,,,,,,,,,,,,,,,,,,,,,,,,,,,,,,,,,,,0,0,0,0,0,4,46,0,0,0,0,0,0,0,0,4,50,50,50,50
corrected_connected_rerun::prod_arxiv_connected_mf_mc_s20260608_q50_types_multi_fine_multi_coarse_sizes20_50_100_random_component_b20_50_100_200_per_query.csv,runs/lcr_arxiv_v3/results/prod_arxiv_connected_mf_mc_s20260608_q50_types_multi_fine_multi_coarse_sizes20_50_100_random_component_b20_50_100_200_per_query.csv,arxiv,arxiv,20260608,arxiv,multi_coarse,20,random,random_component,type_feat32,50,50,50,0,50,0,0,0,0,50,0,0.8301921284200126,0.9470053515000245,1.0582288319998496,113.78,219.39999999999998,20.0,9629.09222943723,83466.81637767958,3.44,0.017361111111111112,0.4131481481481481,1000000000.0,1000000000.0,1000000000.0,0.0,227.60460926666988,3.0043152944446976,0,0,0,0,4,12,34,0,0,0,,,,,,,,,,,,,,,,,,,,,,,,,,,,,,,,,,,,,,,,,,,,,,,,,,,,,,,,,,,,,,,,,,,,,,,,,,,,,,,,,,,,,,,,,,,,,,,,,,,,,,,,,,,,,,,,,,,,,,0,0,0,0,4,12,34,0,0,0,0,0,0,0,4,16,50,50,50,50
corrected_connected_rerun::prod_arxiv_connected_mf_mc_s20260608_q50_types_multi_fine_multi_coarse_sizes20_50_100_random_component_b20_50_100_200_per_query.csv,runs/lcr_arxiv_v3/results/prod_arxiv_connected_mf_mc_s20260608_q50_types_multi_fine_multi_coarse_sizes20_50_100_random_component_b20_50_100_200_per_query.csv,arxiv,arxiv,20260608,arxiv,multi_coarse,50,random,random_component,type_feat32,50,50,50,0,50,0,0,0,0,50,0,0.9294354768000403,0.9519513535000215,1.0761447542000382,312.1,558.65,50.04,3532.0543834750824,32264.18629706057,4.22,0.017757731958762887,0.41254295532646046,1000000000.0,1000000000.0,1000000000.0,0.0,234.5543331031066,4.990892876285263,0,0,0,0,0,6,44,0,0,0,,,,,,,,,,,,,,,,,,,,,,,,,,,,,,,,,,,,,,,,,,,,,,,,,,,,,,,,,,,,,,,,,,,,,,,,,,,,,,,,,,,,,,,,,,,,,,,,,,,,,,,,,,,,,,,,,,,,,,0,0,0,0,0,6,44,0,0,0,0,0,0,0,0,6,50,50,50,50
corrected_connected_rerun::prod_arxiv_connected_mf_mc_s20260608_q50_types_multi_fine_multi_coarse_sizes20_50_100_random_component_b20_50_100_200_per_query.csv,runs/lcr_arxiv_v3/results/prod_arxiv_connected_mf_mc_s20260608_q50_types_multi_fine_multi_coarse_sizes20_50_100_random_component_b20_50_100_200_per_query.csv,arxiv,arxiv,20260608,arxiv,multi_fine,100,random,random_component,type_feat32,50,50,50,0,50,0,0,0,0,50,0,0.6869536891399912,0.6519645014999469,1.122497567849905,370.44,856.25,99.98,1897.6006943874975,59261.145596743976,1.0,0.005306122448979592,0.3401360544217687,1000000000.0,1000000000.0,1000000000.0,0.0,221.66547985714368,11.992237537411143,0,0,0,8,5,19,18,0,0,0,,,,,,,,,,,,,,,,,,,,,,,,,,,,,,,,,,,,,,,,,,,,,,,,,,,,,,,,,,,,,,,,,,,,,,,,,,,,,,,,,,,,,,,,,,,,,,,,,,,,,,,,,,,,,,,,,,,,,,0,0,0,8,5,19,18,0,0,0,0,0,0,8,13,32,50,50,50,50
corrected_connected_rerun::prod_arxiv_connected_mf_mc_s20260608_q50_types_multi_fine_multi_coarse_sizes20_50_100_random_component_b20_50_100_200_per_query.csv,runs/lcr_arxiv_v3/results/prod_arxiv_connected_mf_mc_s20260608_q50_types_multi_fine_multi_coarse_sizes20_50_100_random_component_b20_50_100_200_per_query.csv,arxiv,arxiv,20260608,arxiv,multi_fine,20,random,random_component,type_feat32,50,50,50,0,50,0,0,0,0,50,0,0.5736491589800243,0.5511592430000292,1.0100009724998926,66.1,198.29999999999987,20.06,15030.749677308071,137986.0230147817,1.0,0.005709219858156029,0.3262411347517731,1000000000.0,1000000000.0,1000000000.0,0.0,199.63874201419534,3.7829455673735737,0,0,0,9,10,12,19,0,0,0,,,,,,,,,,,,,,,,,,,,,,,,,,,,,,,,,,,,,,,,,,,,,,,,,,,,,,,,,,,,,,,,,,,,,,,,,,,,,,,,,,,,,,,,,,,,,,,,,,,,,,,,,,,,,,,,,,,,,,0,0,0,9,10,12,19,0,0,0,0,0,0,9,19,31,50,50,50,50
corrected_connected_rerun::prod_arxiv_connected_mf_mc_s20260608_q50_types_multi_fine_multi_coarse_sizes20_50_100_random_component_b20_50_100_200_per_query.csv,runs/lcr_arxiv_v3/results/prod_arxiv_connected_mf_mc_s20260608_q50_types_multi_fine_multi_coarse_sizes20_50_100_random_component_b20_50_100_200_per_query.csv,arxiv,arxiv,20260608,arxiv,multi_fine,50,random,random_component,type_feat32,50,50,50,0,50,0,0,0,0,50,0,0.6883299520599576,0.6747598384999947,1.048154488099908,189.06,475.59999999999997,50.14,3740.8871577516193,77991.94015979656,1.0,0.004607843137254902,0.32679738562091504,1000000000.0,1000000000.0,1000000000.0,0.0,218.39619465358322,6.548234124180703,0,0,0,6,8,13,23,0,0,0,,,,,,,,,,,,,,,,,,,,,,,,,,,,,,,,,,,,,,,,,,,,,,,,,,,,,,,,,,,,,,,,,,,,,,,,,,,,,,,,,,,,,,,,,,,,,,,,,,,,,,,,,,,,,,,,,,,,,,0,0,0,6,8,13,23,0,0,0,0,0,0,6,14,27,50,50,50,50
corrected_connected_rerun::prod_arxiv_connected_mf_mc_s20260608_q50_types_multi_fine_multi_coarse_sizes20_50_100_topo_feature_component_b20_50_100_200_per_query.csv,runs/lcr_arxiv_v3/results/prod_arxiv_connected_mf_mc_s20260608_q50_types_multi_fine_multi_coarse_sizes20_50_100_topo_feature_component_b20_50_100_200_per_query.csv,arxiv,arxiv,20260608,arxiv,multi_coarse,100,topo_feature,topo_feature_component,type_feat32,50,50,50,0,50,0,0,0,0,50,0,0.9542159766399163,0.9612167024997689,1.0688451080003232,622.74,1102.25,100.7,1692.9534426339735,6224.618815392099,4.46,0.021085858585858586,0.4372895622895623,170.0,198.0,199.51,0.3371973332814194,232.28493483331172,8.678695631313603,0,0,0,0,0,2,48,0,0,0,,,,,,,,,,,,,,,,,,,,,,,,,,,,,,,,,,,,,,,,,,,,,,,,,,,,,,,,,,,,,,,,,,,,,,,,,,,,,,,,,,,,,,,,,,,,,,,,,,,,,,,,,,,,,,,,,,,,,,0,0,0,0,0,2,48,0,0,0,0,0,0,0,0,2,50,50,50,50
corrected_connected_rerun::prod_arxiv_connected_mf_mc_s20260608_q50_types_multi_fine_multi_coarse_sizes20_50_100_topo_feature_component_b20_50_100_200_per_query.csv,runs/lcr_arxiv_v3/results/prod_arxiv_connected_mf_mc_s20260608_q50_types_multi_fine_multi_coarse_sizes20_50_100_topo_feature_component_b20_50_100_200_per_query.csv,arxiv,arxiv,20260608,arxiv,multi_coarse,20,topo_feature,topo_feature_component,type_feat32,50,50,50,0,50,0,0,0,0,50,0,0.8019321271000445,0.8842338960002962,0.9671623468997723,110.52,205.1,20.0,10313.299940267334,91930.35800133774,3.44,0.01808108108108108,0.4158558558558559,158.5,196.1,198.53,0.31530270273071587,213.8357253783938,2.9026873513479634,0,0,0,0,1,13,36,0,0,0,,,,,,,,,,,,,,,,,,,,,,,,,,,,,,,,,,,,,,,,,,,,,,,,,,,,,,,,,,,,,,,,,,,,,,,,,,,,,,,,,,,,,,,,,,,,,,,,,,,,,,,,,,,,,,,,,,,,,,0,0,0,0,1,13,36,0,0,0,0,0,0,0,1,14,50,50,50,50
corrected_connected_rerun::prod_arxiv_connected_mf_mc_s20260608_q50_types_multi_fine_multi_coarse_sizes20_50_100_topo_feature_component_b20_50_100_200_per_query.csv,runs/lcr_arxiv_v3/results/prod_arxiv_connected_mf_mc_s20260608_q50_types_multi_fine_multi_coarse_sizes20_50_100_topo_feature_component_b20_50_100_200_per_query.csv,arxiv,arxiv,20260608,arxiv,multi_coarse,50,topo_feature,topo_feature_component,type_feat32,50,50,50,0,50,0,0,0,0,50,0,0.9355493871000181,0.9732002440000542,1.0781012299505845,301.54,547.1,50.04,3702.848952940935,26417.050246619216,4.22,0.01950777202072539,0.4253886010362694,162.0,199.0,200.0,0.3386348963912039,237.08792273575,5.282384803114762,0,0,0,0,2,3,45,0,0,0,,,,,,,,,,,,,,,,,,,,,,,,,,,,,,,,,,,,,,,,,,,,,,,,,,,,,,,,,,,,,,,,,,,,,,,,,,,,,,,,,,,,,,,,,,,,,,,,,,,,,,,,,,,,,,,,,,,,,,0,0,0,0,2,3,45,0,0,0,0,0,0,0,2,5,50,50,50,50
corrected_connected_rerun::prod_arxiv_connected_mf_mc_s20260608_q50_types_multi_fine_multi_coarse_sizes20_50_100_topo_feature_component_b20_50_100_200_per_query.csv,runs/lcr_arxiv_v3/results/prod_arxiv_connected_mf_mc_s20260608_q50_types_multi_fine_multi_coarse_sizes20_50_100_topo_feature_component_b20_50_100_200_per_query.csv,arxiv,arxiv,20260608,arxiv,multi_fine,100,topo_feature,topo_feature_component,type_feat32,50,50,50,0,50,0,0,0,0,50,0,0.7280722627799605,0.8251698825001768,1.0640766505494867,363.56,667.3,99.98,1985.4846527333023,51050.37861008874,1.0,0.003892405063291139,0.310126582278481,103.0,194.64999999999998,199.01999999999998,0.3365959177348417,219.26289242404707,11.139722379737899,0,0,0,4,9,12,25,0,0,0,,,,,,,,,,,,,,,,,,,,,,,,,,,,,,,,,,,,,,,,,,,,,,,,,,,,,,,,,,,,,,,,,,,,,,,,,,,,,,,,,,,,,,,,,,,,,,,,,,,,,,,,,,,,,,,,,,,,,,0,0,0,4,9,12,25,0,0,0,0,0,0,4,13,25,50,50,50,50
corrected_connected_rerun::prod_arxiv_connected_mf_mc_s20260608_q50_types_multi_fine_multi_coarse_sizes20_50_100_topo_feature_component_b20_50_100_200_per_query.csv,runs/lcr_arxiv_v3/results/prod_arxiv_connected_mf_mc_s20260608_q50_types_multi_fine_multi_coarse_sizes20_50_100_topo_feature_component_b20_50_100_200_per_query.csv,arxiv,arxiv,20260608,arxiv,multi_fine,20,topo_feature,topo_feature_component,type_feat32,50,50,50,0,50,0,0,0,0,50,0,0.6314253111200288,0.5776749819999623,0.945803519149922,67.28,170.79999999999995,20.06,13546.765923485184,149285.98040317532,1.0,0.003949044585987261,0.31210191082802546,100.0,193.55,197.51,0.3196343057216564,197.69279885988206,3.3980645541398107,0,0,0,4,9,13,24,0,0,0,,,,,,,,,,,,,,,,,,,,,,,,,,,,,,,,,,,,,,,,,,,,,,,,,,,,,,,,,,,,,,,,,,,,,,,,,,,,,,,,,,,,,,,,,,,,,,,,,,,,,,,,,,,,,,,,,,,,,,0,0,0,4,9,13,24,0,0,0,0,0,0,4,13,26,50,50,50,50
corrected_connected_rerun::prod_arxiv_connected_mf_mc_s20260608_q50_types_multi_fine_multi_coarse_sizes20_50_100_topo_feature_component_b20_50_100_200_per_query.csv,runs/lcr_arxiv_v3/results/prod_arxiv_connected_mf_mc_s20260608_q50_types_multi_fine_multi_coarse_sizes20_50_100_topo_feature_component_b20_50_100_200_per_query.csv,arxiv,arxiv,20260608,arxiv,multi_fine,50,topo_feature,topo_feature_component,type_feat32,50,50,50,0,50,0,0,0,0,50,0,0.6522823738400166,0.782523427499882,1.0261350177500617,175.08,470.9999999999999,50.14,4765.277658527824,93075.86056012209,1.0,0.005132450331125828,0.33112582781456956,100.0,183.0,195.52999999999997,0.32763280796342653,209.4964529933741,6.49108801325389,0,0,0,8,8,9,25,0,0,0,,,,,,,,,,,,,,,,,,,,,,,,,,,,,,,,,,,,,,,,,,,,,,,,,,,,,,,,,,,,,,,,,,,,,,,,,,,,,,,,,,,,,,,,,,,,,,,,,,,,,,,,,,,,,,,,,,,,,,0,0,0,8,8,9,25,0,0,0,0,0,0,8,16,25,50,50,50,50
