source_file,file,dataset,dataset_guess,seed,model,query_type,target_query_size,method,method_label,signature,queries,solved,positive_queries,negative_queries,positive_solved,false_positives,correct_no_match,negative_timeouts,unknown_within_budget,contained,timeouts,avg_total_s,p50_total_s,p95_total_s,avg_candidate_nodes,p95_candidate_nodes,avg_component_solver_nodes,avg_node_reduction_factor,avg_edge_reduction_factor_diag,avg_true_parts,avg_precision_at_budget,avg_recall_at_budget,p50_max_true_rank,p95_max_true_rank,p99_max_true_rank,avg_retrieval_ms,avg_candidate_ms,avg_solver_ms,solved_at_2,solved_at_5,solved_at_10,solved_at_20,solved_at_50,solved_at_100,solved_at_200,solved_at_500,solved_at_1000,solved_at_2000,source_bundle,source_rows,solved_rate,positive_solved_rate,false_positive_rate,correct_no_match_rate,solved_total,unsolved,avg_solver_time_per_query,avg_candidate_time_per_query,avg_retrieval_time,avg_total_time_per_query,avg_pruned_nodes,avg_signature_nodes,avg_overlap_nodes,avg_candidate_node_fraction,hit_rows,avg_max_true_coarse_rank,impossible_rows,pruned_fullcov_rows,solver_timeouts,coarse_budget,fullcov,fullcov_rate,recall,avg_max_true_rank,variant,checkpoint,query_seed,budget,impossible,avg_true_coarse,max_true_coarse,wins,losses,exact_mcnemar_p,seed_k,seed_fullcov,avg_seed_recall,expanded_fullcov,avg_expanded_recall,fine_pool_fullcov,avg_fine_pool_recall,fine_fullcov_at_25,avg_fine_recall_at_25,fine_fullcov_at_50,avg_fine_recall_at_50,fine_fullcov_at_75,avg_fine_recall_at_75,fine_fullcov_at_100,avg_fine_recall_at_100,fine_fullcov_at_150,avg_fine_recall_at_150,fine_fullcov_at_200,avg_fine_recall_at_200,fine_fullcov_at_250,avg_fine_recall_at_250,fine_fullcov_at_300,avg_fine_recall_at_300,fine_fullcov_at_400,avg_fine_recall_at_400,fine_fullcov_at_625,avg_fine_recall_at_625,fine_fullcov_at_750,avg_fine_recall_at_750,impossible_at_budget,avg_true_coarse_count,max_true_coarse_count,avg_query_nodes,avg_retrieval_time_seconds,avg_fused_retrieval_time_seconds,avg_seed_precision,avg_expanded_precision,avg_prefix_precision_at_1,avg_prefix_norm_precision_at_1,avg_prefix_precision_at_2,avg_prefix_norm_precision_at_2,avg_prefix_precision_at_5,avg_prefix_norm_precision_at_5,avg_prefix_precision_at_10,avg_prefix_norm_precision_at_10,overlap1_node_fullcov,avg_overlap1_node_recall,avg_overlap1_candidate_nodes,avg_model_load_time_seconds,avg_faiss_build_time_seconds,avg_overlap1_metric_time_seconds,avg_signature_pruning_time_seconds,avg_sig_type_candidate_nodes,avg_sig_type_candidate_fraction,avg_sig_type_reduction_vs_overlap,avg_sig_type_degree_candidate_nodes,avg_sig_type_degree_candidate_fraction,avg_sig_type_degree_reduction_vs_overlap,avg_sig_type_rel_candidate_nodes,avg_sig_type_rel_candidate_fraction,avg_sig_type_rel_reduction_vs_overlap,avg_sig_type_feat8_candidate_nodes,avg_sig_type_feat8_candidate_fraction,avg_sig_type_feat8_reduction_vs_overlap,avg_sig_type_rel_feat8_candidate_nodes,avg_sig_type_rel_feat8_candidate_fraction,avg_sig_type_rel_feat8_reduction_vs_overlap,avg_sig_type_feat16_candidate_nodes,avg_sig_type_feat16_candidate_fraction,avg_sig_type_feat16_reduction_vs_overlap,avg_sig_type_rel_feat16_candidate_nodes,avg_sig_type_rel_feat16_candidate_fraction,avg_sig_type_rel_feat16_reduction_vs_overlap,avg_sig_type_feat32_candidate_nodes,avg_sig_type_feat32_candidate_fraction,avg_sig_type_feat32_reduction_vs_overlap,avg_sig_type_rel_feat32_candidate_nodes,avg_sig_type_rel_feat32_candidate_fraction,avg_sig_type_rel_feat32_reduction_vs_overlap,contained_rate,timeout_rate,first_solved_at_2,solved_by_2,first_solved_at_5,solved_by_5,first_solved_at_10,solved_by_10,first_solved_at_20,solved_by_20,first_solved_at_50,solved_by_50,first_solved_at_100,solved_by_100,first_solved_at_200,solved_by_200,first_solved_at_500,solved_by_500,first_solved_at_1000,solved_by_1000,first_solved_at_2000,solved_by_2000
runs\lightning_completion\jigsaw-arxiv-v7-negfill-mean-meanrrf-gcp-cpux8-v1\summary.csv,C:\Users\Swastik\Desktop\Jigsaw\runs\lightning_completion\jigsaw-arxiv-v7-negfill-mean-meanrrf-gcp-cpux8-v1\results\prod_arxiv_v7_negfill_s20260608_q50_types_negative_sizes20_50_100_mean_rrf_component_b20_50_100_200_per_query.csv,arxiv,arxiv,20260608,arxiv_v7_continue_best,negative_label,20,coarse_mean_rrf,mean_rrf_component,type_feat32,50,0,0,50,0,0,50,0,0,46,0,0.7552191079199975,0.7538107825000111,0.8236673766499678,130.14,247.2,0.0,4163.197982152979,30240.52131338928,6.62,0.080375,0.7636801948051948,107.5,180.0,189.06,4.753534660001151,188.80477697999936,0.0,0,0,0,0,0,0,0,0,0,0,,,,,,,,,,,,,,,,,,,,,,,,,,,,,,,,,,,,,,,,,,,,,,,,,,,,,,,,,,,,,,,,,,,,,,,,,,,,,,,,,,,,,,,,,,,,,,,,,,,,,,,,,,,,,,,,,,,,,,0,0,0,0,0,0,0,0,0,0,0,0,0,0,0,0,0,0,0,0
runs\lightning_completion\jigsaw-arxiv-v7-negfill-mean-meanrrf-gcp-cpux8-v1\summary.csv,C:\Users\Swastik\Desktop\Jigsaw\runs\lightning_completion\jigsaw-arxiv-v7-negfill-mean-meanrrf-gcp-cpux8-v1\results\prod_arxiv_v7_negfill_s20260608_q50_types_negative_sizes20_50_100_mean_rrf_component_b20_50_100_200_per_query.csv,arxiv,arxiv,20260608,arxiv_v7_continue_best,negative_label,50,coarse_mean_rrf,mean_rrf_component,type_feat32,50,0,0,50,0,0,50,0,0,47,0,0.7917685336000022,0.7865393904999678,0.9163831798499756,284.92,595.9999999999998,0.0,1650.6764661660368,9000.521506924384,12.58,0.144375,0.7579430618444164,123.0,190.2,195.06,5.397242399988045,197.94213340000056,0.0,0,0,0,0,0,0,0,0,0,0,,,,,,,,,,,,,,,,,,,,,,,,,,,,,,,,,,,,,,,,,,,,,,,,,,,,,,,,,,,,,,,,,,,,,,,,,,,,,,,,,,,,,,,,,,,,,,,,,,,,,,,,,,,,,,,,,,,,,,0,0,0,0,0,0,0,0,0,0,0,0,0,0,0,0,0,0,0,0
runs\lightning_completion\jigsaw-arxiv-v7-negfill-mean-meanrrf-gcp-cpux8-v1\summary.csv,C:\Users\Swastik\Desktop\Jigsaw\runs\lightning_completion\jigsaw-arxiv-v7-negfill-mean-meanrrf-gcp-cpux8-v1\results\prod_arxiv_v7_negfill_s20260608_q50_types_negative_sizes20_50_100_mean_rrf_component_b20_50_100_200_per_query.csv,arxiv,arxiv,20260608,arxiv_v7_continue_best,negative_label,100,coarse_mean_rrf,mean_rrf_component,type_feat32,50,0,0,50,0,0,50,0,0,35,0,0.8188216162600065,0.825024770999903,0.9061731813501184,544.52,984.4499999999997,0.0,969.8720922015261,3634.5606733275404,24.46,0.241725,0.6921933317414204,167.0,195.55,198.04,6.524354340006084,204.70540406500163,0.0,0,0,0,0,0,0,0,0,0,0,,,,,,,,,,,,,,,,,,,,,,,,,,,,,,,,,,,,,,,,,,,,,,,,,,,,,,,,,,,,,,,,,,,,,,,,,,,,,,,,,,,,,,,,,,,,,,,,,,,,,,,,,,,,,,,,,,,,,,0,0,0,0,0,0,0,0,0,0,0,0,0,0,0,0,0,0,0,0
runs\lightning_completion\jigsaw-arxiv-v7-negfill-mean-meanrrf-gcp-cpux8-v1\summary.csv,C:\Users\Swastik\Desktop\Jigsaw\runs\lightning_completion\jigsaw-arxiv-v7-negfill-mean-meanrrf-gcp-cpux8-v1\results\prod_arxiv_v7_negfill_s20260608_q50_types_negative_sizes20_50_100_mean_rrf_component_b20_50_100_200_per_query.csv,arxiv,arxiv,20260608,arxiv_v7_continue_best,negative_structure,20,coarse_mean_rrf,mean_rrf_component,type_feat32,50,0,0,50,0,0,50,0,0,50,0,0.7850736452999786,0.7663976220000563,0.8897681455998963,27.18,91.49999999999997,19.84,8590.42429596719,33565.041848789064,5.92,0.09365,0.8916512099012099,45.0,166.69999999999996,177.57,4.937466899980336,187.58117705499728,8.687234269997361,0,0,0,0,0,0,0,0,0,0,,,,,,,,,,,,,,,,,,,,,,,,,,,,,,,,,,,,,,,,,,,,,,,,,,,,,,,,,,,,,,,,,,,,,,,,,,,,,,,,,,,,,,,,,,,,,,,,,,,,,,,,,,,,,,,,,,,,,,0,0,0,0,0,0,0,0,0,0,0,0,0,0,0,0,0,0,0,0
runs\lightning_completion\jigsaw-arxiv-v7-negfill-mean-meanrrf-gcp-cpux8-v1\summary.csv,C:\Users\Swastik\Desktop\Jigsaw\runs\lightning_completion\jigsaw-arxiv-v7-negfill-mean-meanrrf-gcp-cpux8-v1\results\prod_arxiv_v7_negfill_s20260608_q50_types_negative_sizes20_50_100_mean_rrf_component_b20_50_100_200_per_query.csv,arxiv,arxiv,20260608,arxiv_v7_continue_best,negative_structure,50,coarse_mean_rrf,mean_rrf_component,type_feat32,50,0,0,50,0,0,50,0,0,50,0,0.832201411119986,0.8208990459999654,0.9151057041501247,86.3,229.1,50.0,3414.968894645551,11349.26642545504,13.36,0.19580000000000003,0.8516107024320441,92.5,167.84999999999997,180.60999999999996,5.510771360004583,193.5532327950017,14.49711998499481,0,0,0,0,0,0,0,0,0,0,,,,,,,,,,,,,,,,,,,,,,,,,,,,,,,,,,,,,,,,,,,,,,,,,,,,,,,,,,,,,,,,,,,,,,,,,,,,,,,,,,,,,,,,,,,,,,,,,,,,,,,,,,,,,,,,,,,,,,0,0,0,0,0,0,0,0,0,0,0,0,0,0,0,0,0,0,0,0
runs\lightning_completion\jigsaw-arxiv-v7-negfill-mean-meanrrf-gcp-cpux8-v1\summary.csv,C:\Users\Swastik\Desktop\Jigsaw\runs\lightning_completion\jigsaw-arxiv-v7-negfill-mean-meanrrf-gcp-cpux8-v1\results\prod_arxiv_v7_negfill_s20260608_q50_types_negative_sizes20_50_100_mean_rrf_component_b20_50_100_200_per_query.csv,arxiv,arxiv,20260608,arxiv_v7_continue_best,negative_structure,100,coarse_mean_rrf,mean_rrf_component,type_feat32,50,0,0,50,0,0,50,0,0,50,0,0.9246637735199806,0.9028081599999496,1.098047714549966,198.94,691.2499999999998,100.28,1687.3251367303542,4046.2313583593095,23.08,0.29964999999999997,0.8166743683851009,102.0,162.0,171.64999999999998,7.128680880002776,204.19891291999878,26.96703045999641,0,0,0,0,0,0,0,0,0,0,,,,,,,,,,,,,,,,,,,,,,,,,,,,,,,,,,,,,,,,,,,,,,,,,,,,,,,,,,,,,,,,,,,,,,,,,,,,,,,,,,,,,,,,,,,,,,,,,,,,,,,,,,,,,,,,,,,,,,0,0,0,0,0,0,0,0,0,0,0,0,0,0,0,0,0,0,0,0
runs\logs\crm_results_dir\production_benchmark_summary.csv,runs\logs\crm_results_dir\results\prod_arxiv_s20260607_q50_types_all_sizes20_50_100_neural_no_component_b20_50_100_200_per_query.csv,arxiv,arxiv,20260607,arxiv,k_hop,20,hybrid,neural_no_component,type_feat32,50,50,50,0,50,0,0,0,0,50,0,0.2988859670000002,0.24508026700000585,0.8381458244999862,56.56,150.1,0.0,8904.619416666666,63743.69714537223,5.7,0.06789215686274509,0.4917930749245628,160.0,199.0,200.0,4.952684352942796,128.2714295784314,18.241299343137335,0,0,0,20,14,10,6,0,0,0,,,,,,,,,,,,,,,,,,,,,,,,,,,,,,,,,,,,,,,,,,,,,,,,,,,,,,,,,,,,,,,,,,,,,,,,,,,,,,,,,,,,,,,,,,,,,,,,,,,,,,,,,,,,,,,,,,,,,,0,0,0,0,0,0,20,20,14,34,10,44,6,50,0,50,0,50,0,50
runs\logs\crm_results_dir\production_benchmark_summary.csv,runs\logs\crm_results_dir\results\prod_arxiv_s20260607_q50_types_all_sizes20_50_100_neural_no_overlap_b20_50_100_200_per_query.csv,arxiv,arxiv,20260607,arxiv,k_hop,20,hybrid,neural_no_overlap,type_feat32,50,50,50,0,50,0,0,0,0,50,0,0.42528509726000097,0.5678352675000156,0.590065589450002,70.38,176.95,19.84,11907.000383915105,125826.97617517244,5.7,0.057760736196319024,0.6094700029109988,160.0,199.0,200.0,5.218116055212381,124.81214697546012,5.64340433128863,0,0,0,7,6,4,33,0,0,0,,,,,,,,,,,,,,,,,,,,,,,,,,,,,,,,,,,,,,,,,,,,,,,,,,,,,,,,,,,,,,,,,,,,,,,,,,,,,,,,,,,,,,,,,,,,,,,,,,,,,,,,,,,,,,,,,,,,,,0,0,0,0,0,0,7,7,6,13,4,17,33,50,0,50,0,50,0,50
runs\logs\crm_results_dir\production_benchmark_summary.csv,runs\logs\crm_results_dir\results\prod_arxiv_s20260607_q50_types_all_sizes20_50_100_neural_no_signature_b20_50_100_200_per_query.csv,arxiv,arxiv,20260607,arxiv,k_hop,20,hybrid,neural_no_signature,none,50,50,50,0,50,0,0,0,0,50,0,0.3736506331599958,0.4516710614999795,0.7479880185000496,33981.08,103287.1999999999,19.94,8022.294945731918,23011.435577356944,5.7,0.06789215686274509,0.4917930749245628,160.0,199.0,200.0,5.395138166668559,173.0621494313718,10.099925647057484,0,0,0,20,14,10,6,0,0,0,,,,,,,,,,,,,,,,,,,,,,,,,,,,,,,,,,,,,,,,,,,,,,,,,,,,,,,,,,,,,,,,,,,,,,,,,,,,,,,,,,,,,,,,,,,,,,,,,,,,,,,,,,,,,,,,,,,,,,0,0,0,0,0,0,20,20,14,34,10,44,6,50,0,50,0,50,0,50
runs\logs\crm_results_dir\production_benchmark_summary.csv,runs\logs\crm_results_dir\results\prod_arxiv_s20260607_q50_types_all_sizes20_50_100_neural_no_component_b20_50_100_200_per_query.csv,arxiv,arxiv,20260607,arxiv,k_hop,50,hybrid,neural_no_component,type_feat32,50,50,50,0,50,0,0,0,0,50,0,0.435550090159993,0.2809720785000138,0.9842288797500061,180.68,504.74999999999994,0.0,3438.6616503070086,22138.89662695236,11.54,0.13701754385964912,0.5347996133131379,174.5,200.0,200.0,5.0311911491227175,154.48055257017356,36.55018872806898,0,0,0,21,8,7,14,0,0,0,,,,,,,,,,,,,,,,,,,,,,,,,,,,,,,,,,,,,,,,,,,,,,,,,,,,,,,,,,,,,,,,,,,,,,,,,,,,,,,,,,,,,,,,,,,,,,,,,,,,,,,,,,,,,,,,,,,,,,0,0,0,0,0,0,21,21,8,29,7,36,14,50,0,50,0,50,0,50
runs\logs\crm_results_dir\production_benchmark_summary.csv,runs\logs\crm_results_dir\results\prod_arxiv_s20260607_q50_types_all_sizes20_50_100_neural_no_overlap_b20_50_100_200_per_query.csv,arxiv,arxiv,20260607,arxiv,k_hop,50,hybrid,neural_no_overlap,type_feat32,50,50,50,0,50,0,0,0,0,50,0,0.5183984230200087,0.6215941199999975,0.6492541880500141,209.84,457.9499999999998,49.84,4160.536080266857,91064.38817612281,11.54,0.11934285714285715,0.6406194489082592,174.5,200.0,200.0,5.440170657144075,138.97916735428876,9.134667794285178,0,0,0,5,2,6,37,0,0,0,,,,,,,,,,,,,,,,,,,,,,,,,,,,,,,,,,,,,,,,,,,,,,,,,,,,,,,,,,,,,,,,,,,,,,,,,,,,,,,,,,,,,,,,,,,,,,,,,,,,,,,,,,,,,,,,,,,,,,0,0,0,0,0,0,5,5,2,7,6,13,37,50,0,50,0,50,0,50
runs\logs\crm_results_dir\production_benchmark_summary.csv,runs\logs\crm_results_dir\results\prod_arxiv_s20260607_q50_types_all_sizes20_50_100_neural_no_signature_b20_50_100_200_per_query.csv,arxiv,arxiv,20260607,arxiv,k_hop,50,hybrid,neural_no_signature,none,50,50,50,0,50,0,0,0,0,50,0,0.43400266349999356,0.2622845844999233,1.0332324108500357,37636.66,120273.9,50.1,3208.6201338475307,8005.39945863294,11.54,0.13701754385964912,0.5347996133131379,174.5,200.0,200.0,5.640998631582063,176.96396182456036,13.388083570173661,0,0,0,21,8,7,14,0,0,0,,,,,,,,,,,,,,,,,,,,,,,,,,,,,,,,,,,,,,,,,,,,,,,,,,,,,,,,,,,,,,,,,,,,,,,,,,,,,,,,,,,,,,,,,,,,,,,,,,,,,,,,,,,,,,,,,,,,,,0,0,0,0,0,0,21,21,8,29,7,36,14,50,0,50,0,50,0,50
runs\logs\crm_results_dir\production_benchmark_summary.csv,runs\logs\crm_results_dir\results\prod_arxiv_s20260607_q50_types_all_sizes20_50_100_neural_no_component_b20_50_100_200_per_query.csv,arxiv,arxiv,20260607,arxiv,k_hop,100,hybrid,neural_no_component,type_feat32,50,50,50,0,50,0,0,0,0,50,0,0.5205896608800038,0.36595735450001143,1.2492780989500432,386.92,1011.7999999999994,0.0,1686.9250515525669,5259.413330874308,23.2,0.25594594594594594,0.5044805394987737,197.0,200.0,200.0,5.05716001801729,162.51495950450538,71.98488773873954,0,0,0,23,6,8,13,0,0,0,,,,,,,,,,,,,,,,,,,,,,,,,,,,,,,,,,,,,,,,,,,,,,,,,,,,,,,,,,,,,,,,,,,,,,,,,,,,,,,,,,,,,,,,,,,,,,,,,,,,,,,,,,,,,,,,,,,,,,0,0,0,0,0,0,23,23,6,29,8,37,13,50,0,50,0,50,0,50
runs\logs\crm_results_dir\production_benchmark_summary.csv,runs\logs\crm_results_dir\results\prod_arxiv_s20260607_q50_types_all_sizes20_50_100_neural_no_overlap_b20_50_100_200_per_query.csv,arxiv,arxiv,20260607,arxiv,k_hop,100,hybrid,neural_no_overlap,type_feat32,50,50,50,0,50,0,0,0,0,50,0,0.6238788089000059,0.6781927425000731,0.7118419712499673,488.64,921.65,100.3,1757.0974449880666,16635.763006204852,23.2,0.20609042553191487,0.6386266700709206,197.0,200.0,200.0,5.523521207444349,153.1261048882986,12.799110244681676,0,0,0,1,3,3,43,0,0,0,,,,,,,,,,,,,,,,,,,,,,,,,,,,,,,,,,,,,,,,,,,,,,,,,,,,,,,,,,,,,,,,,,,,,,,,,,,,,,,,,,,,,,,,,,,,,,,,,,,,,,,,,,,,,,,,,,,,,,0,0,0,0,0,0,1,1,3,4,3,7,43,50,0,50,0,50,0,50
runs\logs\crm_results_dir\production_benchmark_summary.csv,runs\logs\crm_results_dir\results\prod_arxiv_s20260607_q50_types_all_sizes20_50_100_neural_no_signature_b20_50_100_200_per_query.csv,arxiv,arxiv,20260607,arxiv,k_hop,100,hybrid,neural_no_signature,none,50,50,50,0,50,0,0,0,0,50,0,0.4056572148999976,0.20375541500004601,1.0154913045999818,30245.94,101663.6999999999,100.54,1602.320217882255,3591.0429973075875,23.2,0.25594594594594594,0.5044805394987737,197.0,200.0,200.0,5.229416504496774,162.28423925224328,20.44423592793579,0,0,0,23,6,8,13,0,0,0,,,,,,,,,,,,,,,,,,,,,,,,,,,,,,,,,,,,,,,,,,,,,,,,,,,,,,,,,,,,,,,,,,,,,,,,,,,,,,,,,,,,,,,,,,,,,,,,,,,,,,,,,,,,,,,,,,,,,,0,0,0,0,0,0,23,23,6,29,8,37,13,50,0,50,0,50,0,50
runs\logs\crm_results_dir\production_benchmark_summary.csv,runs\logs\crm_results_dir\results\prod_arxiv_s20260607_q50_types_all_sizes20_50_100_neural_no_component_b20_50_100_200_per_query.csv,arxiv,arxiv,20260607,arxiv,degree_k_hop,20,hybrid,neural_no_component,type_feat32,50,50,50,0,50,0,0,0,0,50,0,0.39993530589999865,0.2676163160000016,0.849802384550037,56.34,134.19999999999993,0.0,9323.799263014764,98985.38186963752,5.86,0.05756198347107438,0.49485224371588005,167.0,199.55,200.0,4.9604591157017595,147.33011399173552,17.93240910743747,0,0,0,16,11,9,14,0,0,0,,,,,,,,,,,,,,,,,,,,,,,,,,,,,,,,,,,,,,,,,,,,,,,,,,,,,,,,,,,,,,,,,,,,,,,,,,,,,,,,,,,,,,,,,,,,,,,,,,,,,,,,,,,,,,,,,,,,,,0,0,0,0,0,0,16,16,11,27,9,36,14,50,0,50,0,50,0,50
runs\logs\crm_results_dir\production_benchmark_summary.csv,runs\logs\crm_results_dir\results\prod_arxiv_s20260607_q50_types_all_sizes20_50_100_neural_no_overlap_b20_50_100_200_per_query.csv,arxiv,arxiv,20260607,arxiv,degree_k_hop,20,hybrid,neural_no_overlap,type_feat32,50,50,50,0,50,0,0,0,0,50,0,0.4531518983799981,0.5805635325000225,0.6215426459000098,63.48,130.39999999999998,20.06,18326.76174682997,178340.3413725934,5.86,0.05520710059171598,0.5878800275989625,167.0,199.55,200.0,5.436931639050596,127.86220634319585,6.206402644969275,0,0,0,4,6,7,33,0,0,0,,,,,,,,,,,,,,,,,,,,,,,,,,,,,,,,,,,,,,,,,,,,,,,,,,,,,,,,,,,,,,,,,,,,,,,,,,,,,,,,,,,,,,,,,,,,,,,,,,,,,,,,,,,,,,,,,,,,,,0,0,0,0,0,0,4,4,6,10,7,17,33,50,0,50,0,50,0,50
runs\logs\crm_results_dir\production_benchmark_summary.csv,runs\logs\crm_results_dir\results\prod_arxiv_s20260607_q50_types_all_sizes20_50_100_neural_no_signature_b20_50_100_200_per_query.csv,arxiv,arxiv,20260607,arxiv,degree_k_hop,20,hybrid,neural_no_signature,none,50,50,50,0,50,0,0,0,0,50,0,0.4120089381600007,0.47203404349997413,0.8896085352999903,43457.78,123049.09999999999,20.08,7947.990833314511,23725.724061964585,5.86,0.05756198347107438,0.49485224371588005,167.0,199.55,200.0,5.316066363644864,162.42294633884214,7.8286810000011515,0,0,0,16,11,9,14,0,0,0,,,,,,,,,,,,,,,,,,,,,,,,,,,,,,,,,,,,,,,,,,,,,,,,,,,,,,,,,,,,,,,,,,,,,,,,,,,,,,,,,,,,,,,,,,,,,,,,,,,,,,,,,,,,,,,,,,,,,,0,0,0,0,0,0,16,16,11,27,9,36,14,50,0,50,0,50,0,50
runs\logs\crm_results_dir\production_benchmark_summary.csv,runs\logs\crm_results_dir\results\prod_arxiv_s20260607_q50_types_all_sizes20_50_100_neural_no_component_b20_50_100_200_per_query.csv,arxiv,arxiv,20260607,arxiv,degree_k_hop,50,hybrid,neural_no_component,type_feat32,50,50,50,0,50,0,0,0,0,50,0,0.45957828740001333,0.4342422510000006,0.9697829029000842,191.46,478.49999999999994,0.0,3447.108095151768,15728.210872589652,12.3,0.13082644628099174,0.5281789902330719,172.0,200.0,200.0,5.029130297523615,153.76776043801792,36.14062278512807,0,0,0,16,9,13,12,0,0,0,,,,,,,,,,,,,,,,,,,,,,,,,,,,,,,,,,,,,,,,,,,,,,,,,,,,,,,,,,,,,,,,,,,,,,,,,,,,,,,,,,,,,,,,,,,,,,,,,,,,,,,,,,,,,,,,,,,,,,0,0,0,0,0,0,16,16,9,25,13,38,12,50,0,50,0,50,0,50
runs\logs\crm_results_dir\production_benchmark_summary.csv,runs\logs\crm_results_dir\results\prod_arxiv_s20260607_q50_types_all_sizes20_50_100_neural_no_overlap_b20_50_100_200_per_query.csv,arxiv,arxiv,20260607,arxiv,degree_k_hop,50,hybrid,neural_no_overlap,type_feat32,50,50,50,0,50,0,0,0,0,50,0,0.5225897102399916,0.6077709654999808,0.6236380956500398,222.58,501.2499999999998,50.04,4528.191511630094,73401.1955000707,12.3,0.1212087912087912,0.6424168319362697,172.0,200.0,200.0,5.330011395600947,135.42189732966781,8.146704384615559,0,0,0,0,6,6,38,0,0,0,,,,,,,,,,,,,,,,,,,,,,,,,,,,,,,,,,,,,,,,,,,,,,,,,,,,,,,,,,,,,,,,,,,,,,,,,,,,,,,,,,,,,,,,,,,,,,,,,,,,,,,,,,,,,,,,,,,,,,0,0,0,0,0,0,0,0,6,6,6,12,38,50,0,50,0,50,0,50
runs\logs\crm_results_dir\production_benchmark_summary.csv,runs\logs\crm_results_dir\results\prod_arxiv_s20260607_q50_types_all_sizes20_50_100_neural_no_signature_b20_50_100_200_per_query.csv,arxiv,arxiv,20260607,arxiv,degree_k_hop,50,hybrid,neural_no_signature,none,50,50,50,0,50,0,0,0,0,50,0,0.42722147431999474,0.46923248650006144,0.9248879996500818,39620.0,119873.84999999999,50.2,3152.4849135512527,7243.4504985329,12.3,0.13082644628099174,0.5281789902330719,172.0,200.0,200.0,5.4701501735517315,164.02128623140618,12.516513074376784,0,0,0,16,9,13,12,0,0,0,,,,,,,,,,,,,,,,,,,,,,,,,,,,,,,,,,,,,,,,,,,,,,,,,,,,,,,,,,,,,,,,,,,,,,,,,,,,,,,,,,,,,,,,,,,,,,,,,,,,,,,,,,,,,,,,,,,,,,0,0,0,0,0,0,16,16,9,25,13,38,12,50,0,50,0,50,0,50
runs\logs\crm_results_dir\production_benchmark_summary.csv,runs\logs\crm_results_dir\results\prod_arxiv_s20260607_q50_types_all_sizes20_50_100_neural_no_component_b20_50_100_200_per_query.csv,arxiv,arxiv,20260607,arxiv,degree_k_hop,100,hybrid,neural_no_component,type_feat32,50,50,50,0,50,0,0,0,0,50,0,0.5758847314200011,0.4098729944999775,1.1362959378000739,352.38,752.8499999999997,0.0,1690.4042845102147,4521.381122264403,20.24,0.22664,0.5431824780971652,189.5,200.0,200.0,5.142531408004288,167.734789015999,62.619103552001434,0,0,0,15,11,8,16,0,0,0,,,,,,,,,,,,,,,,,,,,,,,,,,,,,,,,,,,,,,,,,,,,,,,,,,,,,,,,,,,,,,,,,,,,,,,,,,,,,,,,,,,,,,,,,,,,,,,,,,,,,,,,,,,,,,,,,,,,,,0,0,0,0,0,0,15,15,11,26,8,34,16,50,0,50,0,50,0,50
runs\logs\crm_results_dir\production_benchmark_summary.csv,runs\logs\crm_results_dir\results\prod_arxiv_s20260607_q50_types_all_sizes20_50_100_neural_no_overlap_b20_50_100_200_per_query.csv,arxiv,arxiv,20260607,arxiv,degree_k_hop,100,hybrid,neural_no_overlap,type_feat32,50,50,50,0,50,0,0,0,0,50,0,0.6211156607400039,0.6636601000000724,0.686281520600005,423.34,744.1999999999999,100.16,1723.007182273987,26131.199377728728,20.24,0.19499999999999998,0.6578569077466012,189.5,200.0,200.0,5.310842715787682,151.23734156315706,12.214148105265036,0,0,0,1,2,3,44,0,0,0,,,,,,,,,,,,,,,,,,,,,,,,,,,,,,,,,,,,,,,,,,,,,,,,,,,,,,,,,,,,,,,,,,,,,,,,,,,,,,,,,,,,,,,,,,,,,,,,,,,,,,,,,,,,,,,,,,,,,,0,0,0,0,0,0,1,1,2,3,3,6,44,50,0,50,0,50,0,50
runs\logs\crm_results_dir\production_benchmark_summary.csv,runs\logs\crm_results_dir\results\prod_arxiv_s20260607_q50_types_all_sizes20_50_100_neural_no_signature_b20_50_100_200_per_query.csv,arxiv,arxiv,20260607,arxiv,degree_k_hop,100,hybrid,neural_no_signature,none,50,50,50,0,50,0,0,0,0,50,0,0.5081072708600095,0.4335521890000109,1.0387553238500913,35626.24,83419.25,101.1,1602.3510346949593,3381.2854707217625,20.24,0.22664,0.5431824780971652,189.5,200.0,200.0,5.529854911987059,183.77998279200435,19.462925551999433,0,0,0,15,11,8,16,0,0,0,,,,,,,,,,,,,,,,,,,,,,,,,,,,,,,,,,,,,,,,,,,,,,,,,,,,,,,,,,,,,,,,,,,,,,,,,,,,,,,,,,,,,,,,,,,,,,,,,,,,,,,,,,,,,,,,,,,,,,0,0,0,0,0,0,15,15,11,26,8,34,16,50,0,50,0,50,0,50
runs\logs\crm_results_dir\production_benchmark_summary.csv,runs\logs\crm_results_dir\results\prod_arxiv_s20260607_q50_types_all_sizes20_50_100_neural_no_component_b20_50_100_200_per_query.csv,arxiv,arxiv,20260607,arxiv,random_walk,20,hybrid,neural_no_component,type_feat32,50,50,50,0,50,0,0,0,0,50,0,0.6238826797400006,0.6974548490000245,0.8859802350999431,108.5,221.74999999999994,0.0,9111.594194444444,72031.53577057802,7.76,0.049662576687116565,0.4345232136643179,196.5,200.0,200.0,5.097322975459474,170.03927986503106,21.33577526993846,0,0,0,2,8,15,25,0,0,0,,,,,,,,,,,,,,,,,,,,,,,,,,,,,,,,,,,,,,,,,,,,,,,,,,,,,,,,,,,,,,,,,,,,,,,,,,,,,,,,,,,,,,,,,,,,,,,,,,,,,,,,,,,,,,,,,,,,,,0,0,0,0,0,0,2,2,8,10,15,25,25,50,0,50,0,50,0,50
runs\logs\crm_results_dir\production_benchmark_summary.csv,runs\logs\crm_results_dir\results\prod_arxiv_s20260607_q50_types_all_sizes20_50_100_neural_no_overlap_b20_50_100_200_per_query.csv,arxiv,arxiv,20260607,arxiv,random_walk,20,hybrid,neural_no_overlap,type_feat32,50,50,50,0,50,0,0,0,0,50,0,0.5525460150799989,0.5850840224999985,0.6477658477500186,84.86,148.75,20.1,14435.977830904561,221766.67858087085,7.76,0.0491578947368421,0.5011690794585532,196.5,200.0,200.0,5.491342836843896,139.88628681052634,5.520559263157572,0,0,0,1,2,3,44,0,0,0,,,,,,,,,,,,,,,,,,,,,,,,,,,,,,,,,,,,,,,,,,,,,,,,,,,,,,,,,,,,,,,,,,,,,,,,,,,,,,,,,,,,,,,,,,,,,,,,,,,,,,,,,,,,,,,,,,,,,,0,0,0,0,0,0,1,1,2,3,3,6,44,50,0,50,0,50,0,50
runs\logs\crm_results_dir\production_benchmark_summary.csv,runs\logs\crm_results_dir\results\prod_arxiv_s20260607_q50_types_all_sizes20_50_100_neural_no_signature_b20_50_100_200_per_query.csv,arxiv,arxiv,20260607,arxiv,random_walk,20,hybrid,neural_no_signature,none,50,50,50,0,50,0,0,0,0,50,0,0.6873696936200065,0.7435321065000551,0.8720314270000074,65472.88,121849.25,20.26,7811.043677884362,30490.82185276763,7.76,0.049662576687116565,0.4345232136643179,196.5,200.0,200.0,5.303538711657048,204.74146799386693,6.108131276073715,0,0,0,2,8,15,25,0,0,0,,,,,,,,,,,,,,,,,,,,,,,,,,,,,,,,,,,,,,,,,,,,,,,,,,,,,,,,,,,,,,,,,,,,,,,,,,,,,,,,,,,,,,,,,,,,,,,,,,,,,,,,,,,,,,,,,,,,,,0,0,0,0,0,0,2,2,8,10,15,25,25,50,0,50,0,50,0,50
runs\logs\crm_results_dir\production_benchmark_summary.csv,runs\logs\crm_results_dir\results\prod_arxiv_s20260607_q50_types_all_sizes20_50_100_neural_no_component_b20_50_100_200_per_query.csv,arxiv,arxiv,20260607,arxiv,random_walk,50,hybrid,neural_no_component,type_feat32,50,50,50,0,50,0,0,0,0,50,0,0.8604593788800082,0.942252633999999,1.0660240558000396,300.98,535.1999999999998,0.0,3362.8046756909775,15321.138667119103,17.68,0.10596774193548388,0.4780542484139891,198.5,200.0,200.0,5.181581252687558,190.21277118817164,41.093513456991836,0,0,0,0,1,12,37,0,0,0,,,,,,,,,,,,,,,,,,,,,,,,,,,,,,,,,,,,,,,,,,,,,,,,,,,,,,,,,,,,,,,,,,,,,,,,,,,,,,,,,,,,,,,,,,,,,,,,,,,,,,,,,,,,,,,,,,,,,,0,0,0,0,0,0,0,0,1,1,12,13,37,50,0,50,0,50,0,50
runs\logs\crm_results_dir\production_benchmark_summary.csv,runs\logs\crm_results_dir\results\prod_arxiv_s20260607_q50_types_all_sizes20_50_100_neural_no_overlap_b20_50_100_200_per_query.csv,arxiv,arxiv,20260607,arxiv,random_walk,50,hybrid,neural_no_overlap,type_feat32,50,50,50,0,50,0,0,0,0,50,0,0.6080214206599931,0.6105777979999516,0.6306440050500015,213.96,365.04999999999995,50.34,4585.365305574337,96300.85033771211,17.68,0.10452261306532663,0.5115230663567938,198.5,200.0,200.0,5.274021251255845,145.56541408040002,7.203787090452523,0,0,0,0,0,1,49,0,0,0,,,,,,,,,,,,,,,,,,,,,,,,,,,,,,,,,,,,,,,,,,,,,,,,,,,,,,,,,,,,,,,,,,,,,,,,,,,,,,,,,,,,,,,,,,,,,,,,,,,,,,,,,,,,,,,,,,,,,,0,0,0,0,0,0,0,0,0,0,1,1,49,50,0,50,0,50,0,50
runs\logs\crm_results_dir\production_benchmark_summary.csv,runs\logs\crm_results_dir\results\prod_arxiv_s20260607_q50_types_all_sizes20_50_100_neural_no_signature_b20_50_100_200_per_query.csv,arxiv,arxiv,20260607,arxiv,random_walk,50,hybrid,neural_no_signature,none,50,50,50,0,50,0,0,0,0,50,0,0.7727177180799981,0.8060475330000259,0.911081535299894,78303.1,121691.05,50.86,3126.9855855278506,9598.431750119582,17.68,0.10596774193548388,0.4780542484139891,198.5,200.0,200.0,5.355209747313717,199.83120847849665,7.888608209674858,0,0,0,0,1,12,37,0,0,0,,,,,,,,,,,,,,,,,,,,,,,,,,,,,,,,,,,,,,,,,,,,,,,,,,,,,,,,,,,,,,,,,,,,,,,,,,,,,,,,,,,,,,,,,,,,,,,,,,,,,,,,,,,,,,,,,,,,,,0,0,0,0,0,0,0,0,1,1,12,13,37,50,0,50,0,50,0,50
runs\logs\crm_results_dir\production_benchmark_summary.csv,runs\logs\crm_results_dir\results\prod_arxiv_s20260607_q50_types_all_sizes20_50_100_neural_no_component_b20_50_100_200_per_query.csv,arxiv,arxiv,20260607,arxiv,random_walk,100,hybrid,neural_no_component,type_feat32,50,50,50,0,50,0,0,0,0,50,0,1.0469322723199992,1.0817706959999782,1.3193988564000108,591.92,1037.6999999999998,0.0,1687.2907240426475,5986.532312865842,29.4,0.18526041666666668,0.5206871374218698,199.0,200.0,200.0,5.354551203128111,200.45408888020748,72.18452370312563,0,0,0,0,0,8,42,0,0,0,,,,,,,,,,,,,,,,,,,,,,,,,,,,,,,,,,,,,,,,,,,,,,,,,,,,,,,,,,,,,,,,,,,,,,,,,,,,,,,,,,,,,,,,,,,,,,,,,,,,,,,,,,,,,,,,,,,,,,0,0,0,0,0,0,0,0,0,0,8,8,42,50,0,50,0,50,0,50
runs\logs\crm_results_dir\production_benchmark_summary.csv,runs\logs\crm_results_dir\results\prod_arxiv_s20260607_q50_types_all_sizes20_50_100_neural_no_overlap_b20_50_100_200_per_query.csv,arxiv,arxiv,20260607,arxiv,random_walk,100,hybrid,neural_no_overlap,type_feat32,50,50,50,0,50,0,0,0,0,50,0,0.6729519552199941,0.6697817800000507,0.7015291898499726,424.2,715.3499999999999,100.44,2143.411519346264,42145.46105815516,29.4,0.18445,0.539859651924995,199.0,200.0,200.0,5.356281500000932,156.67266086500035,11.565327939998156,0,0,0,0,0,0,50,0,0,0,,,,,,,,,,,,,,,,,,,,,,,,,,,,,,,,,,,,,,,,,,,,,,,,,,,,,,,,,,,,,,,,,,,,,,,,,,,,,,,,,,,,,,,,,,,,,,,,,,,,,,,,,,,,,,,,,,,,,,0,0,0,0,0,0,0,0,0,0,0,0,50,50,0,50,0,50,0,50
runs\logs\crm_results_dir\production_benchmark_summary.csv,runs\logs\crm_results_dir\results\prod_arxiv_s20260607_q50_types_all_sizes20_50_100_neural_no_signature_b20_50_100_200_per_query.csv,arxiv,arxiv,20260607,arxiv,random_walk,100,hybrid,neural_no_signature,none,50,50,50,0,50,0,0,0,0,50,0,0.8078592027999821,0.8465994105001755,0.9846162374998699,80516.8,121167.0,101.84,1557.4731055373436,3796.7749727922333,29.4,0.18526041666666668,0.5206871374218698,199.0,200.0,200.0,5.404373156281395,198.37742533853725,12.00257539062477,0,0,0,0,0,8,42,0,0,0,,,,,,,,,,,,,,,,,,,,,,,,,,,,,,,,,,,,,,,,,,,,,,,,,,,,,,,,,,,,,,,,,,,,,,,,,,,,,,,,,,,,,,,,,,,,,,,,,,,,,,,,,,,,,,,,,,,,,,0,0,0,0,0,0,0,0,0,0,8,8,42,50,0,50,0,50,0,50
runs\logs\crm_results_dir\production_benchmark_summary.csv,runs\logs\crm_results_dir\results\prod_arxiv_s20260607_q50_types_all_sizes20_50_100_neural_no_component_b20_50_100_200_per_query.csv,arxiv,arxiv,20260607,arxiv,single,20,hybrid,neural_no_component,type_feat32,50,50,50,0,50,0,0,0,0,50,0,0.28583264713999995,0.1744577804999956,0.8609952470500062,58.42,205.1,0.0,9471.221536845507,94824.6641359506,1.0,0.016145833333333335,0.5,19.5,178.64999999999998,193.53,8.059706083334728,129.4134504166667,19.457719968749934,0,0,0,25,10,9,6,0,0,0,,,,,,,,,,,,,,,,,,,,,,,,,,,,,,,,,,,,,,,,,,,,,,,,,,,,,,,,,,,,,,,,,,,,,,,,,,,,,,,,,,,,,,,,,,,,,,,,,,,,,,,,,,,,,,,,,,,,,,0,0,0,0,0,0,25,25,10,35,9,44,6,50,0,50,0,50,0,50
runs\logs\crm_results_dir\production_benchmark_summary.csv,runs\logs\crm_results_dir\results\prod_arxiv_s20260607_q50_types_all_sizes20_50_100_neural_no_overlap_b20_50_100_200_per_query.csv,arxiv,arxiv,20260607,arxiv,single,20,hybrid,neural_no_overlap,type_feat32,50,50,50,0,50,0,0,0,0,50,0,0.19448340316000012,0.12880876100000194,0.58553032914999,36.84,113.04999999999986,19.9,13840.43026984127,166743.10622027644,1.0,0.015918367346938776,0.5102040816326531,19.5,178.64999999999998,193.53,5.28664930612282,86.06665074489726,13.159575357143618,0,0,0,25,10,7,8,0,0,0,,,,,,,,,,,,,,,,,,,,,,,,,,,,,,,,,,,,,,,,,,,,,,,,,,,,,,,,,,,,,,,,,,,,,,,,,,,,,,,,,,,,,,,,,,,,,,,,,,,,,,,,,,,,,,,,,,,,,,0,0,0,0,0,0,25,25,10,35,7,42,8,50,0,50,0,50,0,50
runs\logs\crm_results_dir\production_benchmark_summary.csv,runs\logs\crm_results_dir\results\prod_arxiv_s20260607_q50_types_all_sizes20_50_100_neural_no_signature_b20_50_100_200_per_query.csv,arxiv,arxiv,20260607,arxiv,single,20,hybrid,neural_no_signature,none,50,50,50,0,50,0,0,0,0,50,0,0.32376368545999923,0.09931739700000008,0.8782656402000051,31131.58,101824.6499999999,19.94,8052.55766563147,23096.914859026252,1.0,0.016145833333333335,0.5,19.5,178.64999999999998,193.53,5.311703270833264,157.11254212499912,11.514377385417163,0,0,0,25,10,9,6,0,0,0,,,,,,,,,,,,,,,,,,,,,,,,,,,,,,,,,,,,,,,,,,,,,,,,,,,,,,,,,,,,,,,,,,,,,,,,,,,,,,,,,,,,,,,,,,,,,,,,,,,,,,,,,,,,,,,,,,,,,,0,0,0,0,0,0,25,25,10,35,9,44,6,50,0,50,0,50,0,50
runs\logs\crm_results_dir\production_benchmark_summary.csv,runs\logs\crm_results_dir\results\prod_arxiv_s20260607_q50_types_all_sizes20_50_100_neural_no_component_b20_50_100_200_per_query.csv,arxiv,arxiv,20260607,arxiv,single,50,hybrid,neural_no_component,type_feat32,50,50,50,0,50,0,0,0,0,50,0,0.3664536440000052,0.2559076134999998,0.9134960592000283,116.08,281.95,0.0,3498.884317902885,44967.126855604656,1.0,0.01419047619047619,0.47619047619047616,25.0,171.84999999999997,193.54999999999998,4.968956609521802,146.26102987619095,28.24070536190675,0,0,0,24,9,5,12,0,0,0,,,,,,,,,,,,,,,,,,,,,,,,,,,,,,,,,,,,,,,,,,,,,,,,,,,,,,,,,,,,,,,,,,,,,,,,,,,,,,,,,,,,,,,,,,,,,,,,,,,,,,,,,,,,,,,,,,,,,,0,0,0,0,0,0,24,24,9,33,5,38,12,50,0,50,0,50,0,50
runs\logs\crm_results_dir\production_benchmark_summary.csv,runs\logs\crm_results_dir\results\prod_arxiv_s20260607_q50_types_all_sizes20_50_100_neural_no_overlap_b20_50_100_200_per_query.csv,arxiv,arxiv,20260607,arxiv,single,50,hybrid,neural_no_overlap,type_feat32,50,50,50,0,50,0,0,0,0,50,0,0.24147720398000103,0.15121313550002924,0.6173545603500046,69.18,159.19999999999993,50.14,5856.763671010156,230158.68511680083,1.0,0.01419047619047619,0.47619047619047616,25.0,171.84999999999997,193.54999999999998,5.277546285716588,100.44514300952464,14.544001742856814,0,0,0,24,9,5,12,0,0,0,,,,,,,,,,,,,,,,,,,,,,,,,,,,,,,,,,,,,,,,,,,,,,,,,,,,,,,,,,,,,,,,,,,,,,,,,,,,,,,,,,,,,,,,,,,,,,,,,,,,,,,,,,,,,,,,,,,,,,0,0,0,0,0,0,24,24,9,33,5,38,12,50,0,50,0,50,0,50
runs\logs\crm_results_dir\production_benchmark_summary.csv,runs\logs\crm_results_dir\results\prod_arxiv_s20260607_q50_types_all_sizes20_50_100_neural_no_signature_b20_50_100_200_per_query.csv,arxiv,arxiv,20260607,arxiv,single,50,hybrid,neural_no_signature,none,50,50,50,0,50,0,0,0,0,50,0,0.355327063540002,0.15695928399998138,0.8692664246999925,41129.96,118679.75,50.18,3123.9450707380483,6797.564342431782,1.0,0.01419047619047619,0.47619047619047616,25.0,171.84999999999997,193.54999999999998,5.184312485716548,155.72657075238112,13.476792838096008,0,0,0,24,9,5,12,0,0,0,,,,,,,,,,,,,,,,,,,,,,,,,,,,,,,,,,,,,,,,,,,,,,,,,,,,,,,,,,,,,,,,,,,,,,,,,,,,,,,,,,,,,,,,,,,,,,,,,,,,,,,,,,,,,,,,,,,,,,0,0,0,0,0,0,24,24,9,33,5,38,12,50,0,50,0,50,0,50
runs\logs\crm_results_dir\production_benchmark_summary.csv,runs\logs\crm_results_dir\results\prod_arxiv_s20260607_q50_types_all_sizes20_50_100_neural_no_component_b20_50_100_200_per_query.csv,arxiv,arxiv,20260607,arxiv,single,100,hybrid,neural_no_component,type_feat32,50,50,50,0,50,0,0,0,0,50,0,0.3347820174000083,0.14555292150004107,0.8011425807000248,265.96,761.2499999999999,0.0,1687.4332712746889,4965.871595892901,1.0,0.020232558139534885,0.5697674418604651,11.0,146.75,170.64999999999998,5.168226779068428,135.59938908139995,59.04131870930254,0,0,0,30,6,12,2,0,0,0,,,,,,,,,,,,,,,,,,,,,,,,,,,,,,,,,,,,,,,,,,,,,,,,,,,,,,,,,,,,,,,,,,,,,,,,,,,,,,,,,,,,,,,,,,,,,,,,,,,,,,,,,,,,,,,,,,,,,,0,0,0,0,0,0,30,30,6,36,12,48,2,50,0,50,0,50,0,50
runs\logs\crm_results_dir\production_benchmark_summary.csv,runs\logs\crm_results_dir\results\prod_arxiv_s20260607_q50_types_all_sizes20_50_100_neural_no_overlap_b20_50_100_200_per_query.csv,arxiv,arxiv,20260607,arxiv,single,100,hybrid,neural_no_overlap,type_feat32,50,50,50,0,50,0,0,0,0,50,0,0.2020512464599892,0.10448567599999592,0.5347979703000155,163.36,417.3999999999998,100.12,1970.8876809756562,109500.80870667688,1.0,0.020057471264367816,0.5747126436781609,11.0,146.75,170.64999999999998,5.270653977009224,88.72782187356002,27.393584137928038,0,0,0,30,6,11,3,0,0,0,,,,,,,,,,,,,,,,,,,,,,,,,,,,,,,,,,,,,,,,,,,,,,,,,,,,,,,,,,,,,,,,,,,,,,,,,,,,,,,,,,,,,,,,,,,,,,,,,,,,,,,,,,,,,,,,,,,,,,0,0,0,0,0,0,30,30,6,36,11,47,3,50,0,50,0,50,0,50
runs\logs\crm_results_dir\production_benchmark_summary.csv,runs\logs\crm_results_dir\results\prod_arxiv_s20260607_q50_types_all_sizes20_50_100_neural_no_signature_b20_50_100_200_per_query.csv,arxiv,arxiv,20260607,arxiv,single,100,hybrid,neural_no_signature,none,50,50,50,0,50,0,0,0,0,50,0,0.3504718129600019,0.09832948700000088,1.0280376215000273,24723.34,84792.54999999999,100.26,1606.259173628466,2657.7282136994404,1.0,0.020232558139534885,0.5697674418604651,11.0,146.75,170.64999999999998,5.973500081396185,175.11020230232705,28.652479651162423,0,0,0,30,6,12,2,0,0,0,,,,,,,,,,,,,,,,,,,,,,,,,,,,,,,,,,,,,,,,,,,,,,,,,,,,,,,,,,,,,,,,,,,,,,,,,,,,,,,,,,,,,,,,,,,,,,,,,,,,,,,,,,,,,,,,,,,,,,0,0,0,0,0,0,30,30,6,36,12,48,2,50,0,50,0,50,0,50
runs\logs\crm_results_dir\production_benchmark_summary.csv,runs\logs\crm_results_dir\results\prod_arxiv_s20260607_q50_types_all_sizes20_50_100_neural_no_component_b20_50_100_200_per_query.csv,arxiv,arxiv,20260607,arxiv,multi_coarse,20,hybrid,neural_no_component,type_feat32,50,50,50,0,50,0,0,0,0,50,0,0.6623227252200036,0.8116704819999825,0.870214314850007,100.08,199.34999999999997,0.0,8773.207216602112,99941.50351419637,4.28,0.032485549132947975,0.5013487475915221,163.5,197.55,199.0,5.0740213699424395,171.48470054913352,19.938052404624727,0,0,0,0,5,17,28,0,0,0,,,,,,,,,,,,,,,,,,,,,,,,,,,,,,,,,,,,,,,,,,,,,,,,,,,,,,,,,,,,,,,,,,,,,,,,,,,,,,,,,,,,,,,,,,,,,,,,,,,,,,,,,,,,,,,,,,,,,,0,0,0,0,0,0,0,0,5,5,17,22,28,50,0,50,0,50,0,50
runs\logs\crm_results_dir\production_benchmark_summary.csv,runs\logs\crm_results_dir\results\prod_arxiv_s20260607_q50_types_all_sizes20_50_100_neural_no_overlap_b20_50_100_200_per_query.csv,arxiv,arxiv,20260607,arxiv,multi_coarse,20,hybrid,neural_no_overlap,type_feat32,50,0,50,0,0,0,0,0,0,50,0,0.5543347730799979,0.5530012139999911,0.5642304788499828,76.3,163.49999999999997,0.0,16686.906222729882,147453.31092981677,4.28,0.030950000000000002,0.561,163.5,197.55,199.0,4.983779559998993,138.5836932699995,0.0,0,0,0,0,0,0,0,0,0,0,,,,,,,,,,,,,,,,,,,,,,,,,,,,,,,,,,,,,,,,,,,,,,,,,,,,,,,,,,,,,,,,,,,,,,,,,,,,,,,,,,,,,,,,,,,,,,,,,,,,,,,,,,,,,,,,,,,,,,0,0,0,0,0,0,0,0,0,0,0,0,0,0,0,0,0,0,0,0
runs\logs\crm_results_dir\production_benchmark_summary.csv,runs\logs\crm_results_dir\results\prod_arxiv_s20260607_q50_types_all_sizes20_50_100_neural_no_signature_b20_50_100_200_per_query.csv,arxiv,arxiv,20260607,arxiv,multi_coarse,20,hybrid,neural_no_signature,none,50,0,50,0,0,0,0,0,0,50,0,0.8084021177999944,0.8387362805000009,0.9273360337999705,81268.22,120722.15,0.0,7778.878792364158,36404.98693306639,4.28,0.030950000000000002,0.561,163.5,197.55,199.0,5.085279599998671,202.1005294499986,0.0,0,0,0,0,0,0,0,0,0,0,,,,,,,,,,,,,,,,,,,,,,,,,,,,,,,,,,,,,,,,,,,,,,,,,,,,,,,,,,,,,,,,,,,,,,,,,,,,,,,,,,,,,,,,,,,,,,,,,,,,,,,,,,,,,,,,,,,,,,0,0,0,0,0,0,0,0,0,0,0,0,0,0,0,0,0,0,0,0
runs\logs\crm_results_dir\production_benchmark_summary.csv,runs\logs\crm_results_dir\results\prod_arxiv_s20260607_q50_types_all_sizes20_50_100_neural_no_component_b20_50_100_200_per_query.csv,arxiv,arxiv,20260607,arxiv,multi_coarse,50,hybrid,neural_no_component,type_feat32,50,50,50,0,50,0,0,0,0,50,0,0.6917934775000077,0.7438436360000367,0.983563445449984,271.8,511.7499999999999,0.0,3392.3356145361076,17697.585727274385,3.88,0.03950920245398773,0.5890593047034764,152.5,197.0,199.01999999999998,5.053802834357783,173.83324923312878,38.37333895705762,0,0,0,4,4,17,25,0,0,0,,,,,,,,,,,,,,,,,,,,,,,,,,,,,,,,,,,,,,,,,,,,,,,,,,,,,,,,,,,,,,,,,,,,,,,,,,,,,,,,,,,,,,,,,,,,,,,,,,,,,,,,,,,,,,,,,,,,,,0,0,0,0,0,0,4,4,4,8,17,25,25,50,0,50,0,50,0,50
runs\logs\crm_results_dir\production_benchmark_summary.csv,runs\logs\crm_results_dir\results\prod_arxiv_s20260607_q50_types_all_sizes20_50_100_neural_no_overlap_b20_50_100_200_per_query.csv,arxiv,arxiv,20260607,arxiv,multi_coarse,50,hybrid,neural_no_overlap,type_feat32,50,1,50,0,1,0,0,0,0,50,0,0.5879235061400004,0.581297649000021,0.6157111882999657,194.5,395.9,1.0,4195.950336484078,41560.863709980884,3.88,0.0361,0.6625833333333334,152.5,197.0,199.01999999999998,5.163893100000223,146.81537113500013,0.16550539999997227,0,0,0,0,0,0,1,0,0,0,,,,,,,,,,,,,,,,,,,,,,,,,,,,,,,,,,,,,,,,,,,,,,,,,,,,,,,,,,,,,,,,,,,,,,,,,,,,,,,,,,,,,,,,,,,,,,,,,,,,,,,,,,,,,,,,,,,,,,0,0,0,0,0,0,0,0,0,0,0,0,1,1,0,1,0,1,0,1
runs\logs\crm_results_dir\production_benchmark_summary.csv,runs\logs\crm_results_dir\results\prod_arxiv_s20260607_q50_types_all_sizes20_50_100_neural_no_signature_b20_50_100_200_per_query.csv,arxiv,arxiv,20260607,arxiv,multi_coarse,50,hybrid,neural_no_signature,none,50,1,50,0,1,0,0,0,0,50,0,0.715478738700001,0.7391620275000719,1.0113709482500268,72645.32,121954.04999999999,1.0,3107.4418135991664,8478.573784148739,3.88,0.03623115577889447,0.660887772194305,152.5,197.0,199.01999999999998,5.262777427132753,179.63641755276416,0.1321097587938837,0,0,0,0,0,1,0,0,0,0,,,,,,,,,,,,,,,,,,,,,,,,,,,,,,,,,,,,,,,,,,,,,,,,,,,,,,,,,,,,,,,,,,,,,,,,,,,,,,,,,,,,,,,,,,,,,,,,,,,,,,,,,,,,,,,,,,,,,,0,0,0,0,0,0,0,0,0,0,1,1,0,1,0,1,0,1,0,1
runs\logs\crm_results_dir\production_benchmark_summary.csv,runs\logs\crm_results_dir\results\prod_arxiv_s20260607_q50_types_all_sizes20_50_100_neural_no_component_b20_50_100_200_per_query.csv,arxiv,arxiv,20260607,arxiv,multi_coarse,100,hybrid,neural_no_component,type_feat32,50,50,50,0,50,0,0,0,0,50,0,0.9433191050599874,1.0258691629999248,1.2362395954499985,551.4,967.2999999999997,0.0,1686.8967305481178,8157.452230798288,4.02,0.034613259668508284,0.5759668508287292,147.0,198.55,200.0,5.170031292820532,192.56660120441896,68.01878693369912,0,0,0,0,3,13,34,0,0,0,,,,,,,,,,,,,,,,,,,,,,,,,,,,,,,,,,,,,,,,,,,,,,,,,,,,,,,,,,,,,,,,,,,,,,,,,,,,,,,,,,,,,,,,,,,,,,,,,,,,,,,,,,,,,,,,,,,,,,0,0,0,0,0,0,0,0,3,3,13,16,34,50,0,50,0,50,0,50
runs\logs\crm_results_dir\production_benchmark_summary.csv,runs\logs\crm_results_dir\results\prod_arxiv_s20260607_q50_types_all_sizes20_50_100_neural_no_overlap_b20_50_100_200_per_query.csv,arxiv,arxiv,20260607,arxiv,multi_coarse,100,hybrid,neural_no_overlap,type_feat32,50,4,50,0,4,0,0,0,0,50,0,0.6139977360400133,0.6170788830000333,0.6561630246499702,392.22,631.3499999999999,8.0,2066.7557183210215,56283.18909832317,4.02,0.03340909090909091,0.6123737373737373,147.0,198.55,200.0,5.055466959594288,154.11147836363946,0.938454979798234,0,0,0,0,0,2,2,0,0,0,,,,,,,,,,,,,,,,,,,,,,,,,,,,,,,,,,,,,,,,,,,,,,,,,,,,,,,,,,,,,,,,,,,,,,,,,,,,,,,,,,,,,,,,,,,,,,,,,,,,,,,,,,,,,,,,,,,,,,0,0,0,0,0,0,0,0,0,0,2,2,2,4,0,4,0,4,0,4
runs\logs\crm_results_dir\production_benchmark_summary.csv,runs\logs\crm_results_dir\results\prod_arxiv_s20260607_q50_types_all_sizes20_50_100_neural_no_signature_b20_50_100_200_per_query.csv,arxiv,arxiv,20260607,arxiv,multi_coarse,100,hybrid,neural_no_signature,none,50,4,50,0,4,0,0,0,0,50,0,0.8195870869999748,0.8500451075000228,1.0093876522998244,79629.16,120268.15,8.06,1551.0751009786225,3198.5153181399073,4.02,0.03347715736040609,0.6104060913705583,147.0,198.55,200.0,5.26775671575272,207.08663486293761,0.9303922944164341,0,0,0,0,0,3,1,0,0,0,,,,,,,,,,,,,,,,,,,,,,,,,,,,,,,,,,,,,,,,,,,,,,,,,,,,,,,,,,,,,,,,,,,,,,,,,,,,,,,,,,,,,,,,,,,,,,,,,,,,,,,,,,,,,,,,,,,,,,0,0,0,0,0,0,0,0,0,0,3,3,1,4,0,4,0,4,0,4
runs\logs\crm_results_dir\production_benchmark_summary.csv,runs\logs\crm_results_dir\results\prod_arxiv_s20260607_q50_types_all_sizes20_50_100_neural_no_component_b20_50_100_200_per_query.csv,arxiv,arxiv,20260607,arxiv,multi_fine,20,hybrid,neural_no_component,type_feat32,50,50,50,0,50,0,0,0,0,50,0,0.30254385586000054,0.2419036019999936,0.8343800295000139,58.9,156.64999999999998,0.0,8515.533714285713,99905.03146573584,1.0,0.014117647058823532,0.4803921568627451,26.5,181.04999999999995,196.55,4.885490362745004,130.0126527745102,18.293158921568505,0,0,0,22,12,8,8,0,0,0,,,,,,,,,,,,,,,,,,,,,,,,,,,,,,,,,,,,,,,,,,,,,,,,,,,,,,,,,,,,,,,,,,,,,,,,,,,,,,,,,,,,,,,,,,,,,,,,,,,,,,,,,,,,,,,,,,,,,,0,0,0,0,0,0,22,22,12,34,8,42,8,50,0,50,0,50,0,50
runs\logs\crm_results_dir\production_benchmark_summary.csv,runs\logs\crm_results_dir\results\prod_arxiv_s20260607_q50_types_all_sizes20_50_100_neural_no_overlap_b20_50_100_200_per_query.csv,arxiv,arxiv,20260607,arxiv,multi_fine,20,hybrid,neural_no_overlap,type_feat32,50,9,50,0,9,0,0,0,0,50,0,0.5071862700200004,0.5522784805000072,0.5723748866000008,34.26,91.55,3.62,10298.720860583946,164260.0173161427,1.0,0.012299465240641712,0.7165775401069518,26.5,181.04999999999995,196.55,4.958860502674019,134.6962970053478,0.9150051390373303,0,0,0,3,1,2,3,0,0,0,,,,,,,,,,,,,,,,,,,,,,,,,,,,,,,,,,,,,,,,,,,,,,,,,,,,,,,,,,,,,,,,,,,,,,,,,,,,,,,,,,,,,,,,,,,,,,,,,,,,,,,,,,,,,,,,,,,,,,0,0,0,0,0,0,3,3,1,4,2,6,3,9,0,9,0,9,0,9
runs\logs\crm_results_dir\production_benchmark_summary.csv,runs\logs\crm_results_dir\results\prod_arxiv_s20260607_q50_types_all_sizes20_50_100_neural_no_signature_b20_50_100_200_per_query.csv,arxiv,arxiv,20260607,arxiv,multi_fine,20,hybrid,neural_no_signature,none,50,9,50,0,9,0,0,0,0,50,0,0.4895032403999988,0.5286065970000067,0.8832782538000103,37346.64,122024.35,3.64,7936.577729534233,32733.39742681571,1.0,0.012311827956989247,0.7150537634408602,26.5,181.04999999999995,196.55,5.050667381719758,130.64758990860204,0.9393026720428046,0,0,0,3,2,1,3,0,0,0,,,,,,,,,,,,,,,,,,,,,,,,,,,,,,,,,,,,,,,,,,,,,,,,,,,,,,,,,,,,,,,,,,,,,,,,,,,,,,,,,,,,,,,,,,,,,,,,,,,,,,,,,,,,,,,,,,,,,,0,0,0,0,0,0,3,3,2,5,1,6,3,9,0,9,0,9,0,9
runs\logs\crm_results_dir\production_benchmark_summary.csv,runs\logs\crm_results_dir\results\prod_arxiv_s20260607_q50_types_all_sizes20_50_100_neural_no_component_b20_50_100_200_per_query.csv,arxiv,arxiv,20260607,arxiv,multi_fine,50,hybrid,neural_no_component,type_feat32,50,50,50,0,50,0,0,0,0,50,0,0.2654185589799982,0.1185682865000075,0.9465918639999797,131.92,457.94999999999993,0.0,3378.4594811233524,15884.908603061025,1.0,0.019593023255813954,0.5697674418604651,19.5,161.95,183.51,4.851661837207644,121.45504565116227,32.85807003488323,0,0,0,27,15,3,5,0,0,0,,,,,,,,,,,,,,,,,,,,,,,,,,,,,,,,,,,,,,,,,,,,,,,,,,,,,,,,,,,,,,,,,,,,,,,,,,,,,,,,,,,,,,,,,,,,,,,,,,,,,,,,,,,,,,,,,,,,,,0,0,0,0,0,0,27,27,15,42,3,45,5,50,0,50,0,50,0,50
runs\logs\crm_results_dir\production_benchmark_summary.csv,runs\logs\crm_results_dir\results\prod_arxiv_s20260607_q50_types_all_sizes20_50_100_neural_no_overlap_b20_50_100_200_per_query.csv,arxiv,arxiv,20260607,arxiv,multi_fine,50,hybrid,neural_no_overlap,type_feat32,50,16,50,0,16,0,0,0,0,50,0,0.4669919179799928,0.5792883980000028,0.6053792231000075,81.28,247.2999999999999,16.06,3858.715174603607,90194.2170560514,1.0,0.015089285714285715,0.7797619047619048,19.5,161.95,183.51,5.21559008928495,135.94079673214023,3.0448931428576236,0,0,0,8,3,2,3,0,0,0,,,,,,,,,,,,,,,,,,,,,,,,,,,,,,,,,,,,,,,,,,,,,,,,,,,,,,,,,,,,,,,,,,,,,,,,,,,,,,,,,,,,,,,,,,,,,,,,,,,,,,,,,,,,,,,,,,,,,,0,0,0,0,0,0,8,8,3,11,2,13,3,16,0,16,0,16,0,16
runs\logs\crm_results_dir\production_benchmark_summary.csv,runs\logs\crm_results_dir\results\prod_arxiv_s20260607_q50_types_all_sizes20_50_100_neural_no_signature_b20_50_100_200_per_query.csv,arxiv,arxiv,20260607,arxiv,multi_fine,50,hybrid,neural_no_signature,none,50,16,50,0,16,0,0,0,0,50,0,0.4381339605199923,0.2701774065000109,0.9075080118000585,24673.4,82347.44999999998,16.12,3192.7673993634166,9866.707417383483,1.0,0.015119760479041915,0.7784431137724551,19.5,161.95,183.51,5.2116070538958725,128.2611986826329,2.916633808382755,0,0,0,8,4,1,3,0,0,0,,,,,,,,,,,,,,,,,,,,,,,,,,,,,,,,,,,,,,,,,,,,,,,,,,,,,,,,,,,,,,,,,,,,,,,,,,,,,,,,,,,,,,,,,,,,,,,,,,,,,,,,,,,,,,,,,,,,,,0,0,0,0,0,0,8,8,4,12,1,13,3,16,0,16,0,16,0,16
runs\logs\crm_results_dir\production_benchmark_summary.csv,runs\logs\crm_results_dir\results\prod_arxiv_s20260607_q50_types_all_sizes20_50_100_neural_no_component_b20_50_100_200_per_query.csv,arxiv,arxiv,20260607,arxiv,multi_fine,100,hybrid,neural_no_component,type_feat32,50,50,50,0,50,0,0,0,0,50,0,0.20199987387999385,0.12289743849996171,0.6400637935000418,148.38,390.0999999999998,0.0,1687.612935520899,6587.201391069195,1.0,0.032196969696969696,0.7575757575757576,1.5,83.49999999999997,149.31999999999994,4.952581015155119,107.8411519242376,45.18905556060624,0,0,0,39,7,3,1,0,0,0,,,,,,,,,,,,,,,,,,,,,,,,,,,,,,,,,,,,,,,,,,,,,,,,,,,,,,,,,,,,,,,,,,,,,,,,,,,,,,,,,,,,,,,,,,,,,,,,,,,,,,,,,,,,,,,,,,,,,,0,0,0,0,0,0,39,39,7,46,3,49,1,50,0,50,0,50,0,50
runs\logs\crm_results_dir\production_benchmark_summary.csv,runs\logs\crm_results_dir\results\prod_arxiv_s20260607_q50_types_all_sizes20_50_100_neural_no_overlap_b20_50_100_200_per_query.csv,arxiv,arxiv,20260607,arxiv,multi_fine,100,hybrid,neural_no_overlap,type_feat32,50,26,50,0,26,0,0,0,0,50,0,0.3730594599000085,0.48435087199999316,0.6363379083000296,108.66,163.39999999999998,51.94,1871.0849258255726,60085.2510042391,1.0,0.02162878787878788,0.8787878787878788,1.5,83.49999999999997,149.31999999999994,5.190091416669891,132.08587543939797,9.224526037877984,0,0,0,20,3,2,1,0,0,0,,,,,,,,,,,,,,,,,,,,,,,,,,,,,,,,,,,,,,,,,,,,,,,,,,,,,,,,,,,,,,,,,,,,,,,,,,,,,,,,,,,,,,,,,,,,,,,,,,,,,,,,,,,,,,,,,,,,,,0,0,0,0,0,0,20,20,3,23,2,25,1,26,0,26,0,26,0,26
runs\logs\crm_results_dir\production_benchmark_summary.csv,runs\logs\crm_results_dir\results\prod_arxiv_s20260607_q50_types_all_sizes20_50_100_neural_no_signature_b20_50_100_200_per_query.csv,arxiv,arxiv,20260607,arxiv,multi_fine,100,hybrid,neural_no_signature,none,50,26,50,0,26,0,0,0,0,50,0,0.32141611383998453,0.29917216050006346,0.9218846155999982,13018.12,79510.0,51.98,1604.1174307082497,4523.1496576246645,1.0,0.02162878787878788,0.8787878787878788,1.5,83.49999999999997,149.31999999999994,5.33205970453113,112.70430216666142,9.044225803029693,0,0,0,20,3,2,1,0,0,0,,,,,,,,,,,,,,,,,,,,,,,,,,,,,,,,,,,,,,,,,,,,,,,,,,,,,,,,,,,,,,,,,,,,,,,,,,,,,,,,,,,,,,,,,,,,,,,,,,,,,,,,,,,,,,,,,,,,,,0,0,0,0,0,0,20,20,3,23,2,25,1,26,0,26,0,26,0,26
runs\logs\crm_results_dir\production_benchmark_summary.csv,runs\logs\crm_results_dir\results\prod_arxiv_s20260607_q50_types_negative_sizes20_50_100_neural_no_exact_label_b20_50_100_200_per_query.csv,arxiv,arxiv,20260607,arxiv,negative_label,20,hybrid,neural_no_exact_label,type_feat32,50,0,0,50,0,0,50,0,0,50,0,0.9084866911800017,0.904133200000004,1.0332629353999916,145.46,351.9999999999999,0.0,7345.63952324785,86767.71486548278,6.92,0.03755,0.47836576413782295,178.0,200.0,200.0,13.685722160000111,197.9613513800003,29.160321415000148,0,0,0,0,0,0,0,0,0,0,,,,,,,,,,,,,,,,,,,,,,,,,,,,,,,,,,,,,,,,,,,,,,,,,,,,,,,,,,,,,,,,,,,,,,,,,,,,,,,,,,,,,,,,,,,,,,,,,,,,,,,,,,,,,,,,,,,,,,0,0,0,0,0,0,0,0,0,0,0,0,0,0,0,0,0,0,0,0
runs\logs\crm_results_dir\production_benchmark_summary.csv,runs\logs\crm_results_dir\results\prod_arxiv_s20260607_q50_types_negative_sizes20_50_100_neural_no_overlap_b20_50_100_200_per_query.csv,arxiv,arxiv,20260607,arxiv,negative_label,20,hybrid,neural_no_overlap,type_feat32,50,0,0,50,0,0,50,0,0,48,0,0.5568698356799997,0.5561006104999962,0.5738866444999996,143.04,351.9999999999999,0.0,32583.623251760855,178214.82363113482,6.92,0.03755,0.47836576413782295,178.0,200.0,200.0,11.398708780000177,139.21745891999993,0.0,0,0,0,0,0,0,0,0,0,0,,,,,,,,,,,,,,,,,,,,,,,,,,,,,,,,,,,,,,,,,,,,,,,,,,,,,,,,,,,,,,,,,,,,,,,,,,,,,,,,,,,,,,,,,,,,,,,,,,,,,,,,,,,,,,,,,,,,,,0,0,0,0,0,0,0,0,0,0,0,0,0,0,0,0,0,0,0,0
runs\logs\crm_results_dir\production_benchmark_summary.csv,runs\logs\crm_results_dir\results\prod_arxiv_s20260607_q50_types_negative_sizes20_50_100_neural_no_exact_label_b20_50_100_200_per_query.csv,arxiv,arxiv,20260607,arxiv,negative_label,50,hybrid,neural_no_exact_label,type_feat32,50,0,0,50,0,0,50,0,0,50,0,1.0175722734400012,1.0231558935000038,1.1662256129500477,381.32,625.7999999999998,0.0,2384.683525512827,45467.37098267224,14.58,0.079425,0.4987435977824004,191.0,198.0,200.0,5.360842860000616,198.7823521000007,55.61071625999958,0,0,0,0,0,0,0,0,0,0,,,,,,,,,,,,,,,,,,,,,,,,,,,,,,,,,,,,,,,,,,,,,,,,,,,,,,,,,,,,,,,,,,,,,,,,,,,,,,,,,,,,,,,,,,,,,,,,,,,,,,,,,,,,,,,,,,,,,,0,0,0,0,0,0,0,0,0,0,0,0,0,0,0,0,0,0,0,0
runs\logs\crm_results_dir\production_benchmark_summary.csv,runs\logs\crm_results_dir\results\prod_arxiv_s20260607_q50_types_negative_sizes20_50_100_neural_no_overlap_b20_50_100_200_per_query.csv,arxiv,arxiv,20260607,arxiv,negative_label,50,hybrid,neural_no_overlap,type_feat32,50,0,0,50,0,0,50,0,0,35,0,0.5823011980199985,0.5821786994999982,0.6016209058999905,325.32,621.2999999999997,0.0,8136.6840395214385,181868.0057744522,14.58,0.079425,0.4987435977824004,191.0,198.0,200.0,5.241136560000257,145.57529950499963,0.0,0,0,0,0,0,0,0,0,0,0,,,,,,,,,,,,,,,,,,,,,,,,,,,,,,,,,,,,,,,,,,,,,,,,,,,,,,,,,,,,,,,,,,,,,,,,,,,,,,,,,,,,,,,,,,,,,,,,,,,,,,,,,,,,,,,,,,,,,,0,0,0,0,0,0,0,0,0,0,0,0,0,0,0,0,0,0,0,0
runs\logs\crm_results_dir\production_benchmark_summary.csv,runs\logs\crm_results_dir\results\prod_arxiv_s20260607_q50_types_negative_sizes20_50_100_neural_no_exact_label_b20_50_100_200_per_query.csv,arxiv,arxiv,20260607,arxiv,negative_label,100,hybrid,neural_no_exact_label,type_feat32,50,0,0,50,0,0,50,0,0,50,0,1.167648258300011,1.1328854760000269,1.4174809618499893,774.7,1195.6499999999999,0.0,873.7597508713069,24046.648852212147,21.04,0.1155,0.5124959166964083,193.0,199.55,200.0,5.7121422999995275,191.95182985500225,99.96023472000049,0,0,0,0,0,0,0,0,0,0,,,,,,,,,,,,,,,,,,,,,,,,,,,,,,,,,,,,,,,,,,,,,,,,,,,,,,,,,,,,,,,,,,,,,,,,,,,,,,,,,,,,,,,,,,,,,,,,,,,,,,,,,,,,,,,,,,,,,,0,0,0,0,0,0,0,0,0,0,0,0,0,0,0,0,0,0,0,0
runs\logs\crm_results_dir\production_benchmark_summary.csv,runs\logs\crm_results_dir\results\prod_arxiv_s20260607_q50_types_negative_sizes20_50_100_neural_no_overlap_b20_50_100_200_per_query.csv,arxiv,arxiv,20260607,arxiv,negative_label,100,hybrid,neural_no_overlap,type_feat32,50,0,0,50,0,0,50,0,0,31,0,0.6179160947600019,0.6145736740000274,0.6385895302499918,632.96,1141.6999999999998,0.0,2970.4748445169416,107973.61004271328,21.04,0.1155,0.5124959166964083,193.0,199.55,200.0,5.1069173599995565,154.47902369000047,0.0,0,0,0,0,0,0,0,0,0,0,,,,,,,,,,,,,,,,,,,,,,,,,,,,,,,,,,,,,,,,,,,,,,,,,,,,,,,,,,,,,,,,,,,,,,,,,,,,,,,,,,,,,,,,,,,,,,,,,,,,,,,,,,,,,,,,,,,,,,0,0,0,0,0,0,0,0,0,0,0,0,0,0,0,0,0,0,0,0
runs\logs\crm_results_dir\production_benchmark_summary.csv,runs\logs\crm_results_dir\results\prod_arxiv_s20260607_q50_types_negative_sizes20_50_100_neural_no_exact_label_b20_50_100_200_per_query.csv,arxiv,arxiv,20260607,arxiv,negative_structure,20,hybrid,neural_no_exact_label,type_feat32,50,0,0,50,0,0,50,0,0,50,0,0.9110686685399998,0.9069402854999851,1.0564502563000286,156.02,436.6999999999995,0.0,10973.130262665138,153370.9826390715,6.02,0.035625,0.46521704684204684,163.0,198.0,199.51,5.600364679999643,198.04980059000007,29.717366544999848,0,0,0,0,0,0,0,0,0,0,,,,,,,,,,,,,,,,,,,,,,,,,,,,,,,,,,,,,,,,,,,,,,,,,,,,,,,,,,,,,,,,,,,,,,,,,,,,,,,,,,,,,,,,,,,,,,,,,,,,,,,,,,,,,,,,,,,,,,0,0,0,0,0,0,0,0,0,0,0,0,0,0,0,0,0,0,0,0
runs\logs\crm_results_dir\production_benchmark_summary.csv,runs\logs\crm_results_dir\results\prod_arxiv_s20260607_q50_types_negative_sizes20_50_100_neural_no_overlap_b20_50_100_200_per_query.csv,arxiv,arxiv,20260607,arxiv,negative_structure,20,hybrid,neural_no_overlap,type_feat32,50,0,0,50,0,0,50,0,0,50,0,0.5793890511599987,0.575611693500008,0.6116521467000076,81.92,289.8499999999996,19.74,32195.15427654217,204730.41185476186,6.02,0.035625,0.46521704684204684,163.0,198.0,199.51,5.313097799999298,139.7660716849997,5.081191104999974,0,0,0,0,0,0,0,0,0,0,,,,,,,,,,,,,,,,,,,,,,,,,,,,,,,,,,,,,,,,,,,,,,,,,,,,,,,,,,,,,,,,,,,,,,,,,,,,,,,,,,,,,,,,,,,,,,,,,,,,,,,,,,,,,,,,,,,,,,0,0,0,0,0,0,0,0,0,0,0,0,0,0,0,0,0,0,0,0
runs\logs\crm_results_dir\production_benchmark_summary.csv,runs\logs\crm_results_dir\results\prod_arxiv_s20260607_q50_types_negative_sizes20_50_100_neural_no_exact_label_b20_50_100_200_per_query.csv,arxiv,arxiv,20260607,arxiv,negative_structure,50,hybrid,neural_no_exact_label,type_feat32,50,0,0,50,0,0,50,0,0,50,0,1.0004742328999925,0.9918500885000014,1.2206101330500116,419.08,834.1999999999999,0.0,2502.07867464685,44213.70551749782,13.08,0.07705000000000001,0.5111009488736415,186.0,199.1,200.0,5.239436479997153,191.77418992999918,58.34436829499893,0,0,0,0,0,0,0,0,0,0,,,,,,,,,,,,,,,,,,,,,,,,,,,,,,,,,,,,,,,,,,,,,,,,,,,,,,,,,,,,,,,,,,,,,,,,,,,,,,,,,,,,,,,,,,,,,,,,,,,,,,,,,,,,,,,,,,,,,,0,0,0,0,0,0,0,0,0,0,0,0,0,0,0,0,0,0,0,0
runs\logs\crm_results_dir\production_benchmark_summary.csv,runs\logs\crm_results_dir\results\prod_arxiv_s20260607_q50_types_negative_sizes20_50_100_neural_no_overlap_b20_50_100_200_per_query.csv,arxiv,arxiv,20260607,arxiv,negative_structure,50,hybrid,neural_no_overlap,type_feat32,50,0,0,50,0,0,50,0,0,50,0,0.6208098943000016,0.6167181929999899,0.6476820692500169,238.72,501.34999999999985,50.14,7811.550580162606,133667.303788008,13.08,0.07705000000000001,0.5111009488736415,186.0,199.1,200.0,5.365112120000504,147.7419724950001,7.460501080000269,0,0,0,0,0,0,0,0,0,0,,,,,,,,,,,,,,,,,,,,,,,,,,,,,,,,,,,,,,,,,,,,,,,,,,,,,,,,,,,,,,,,,,,,,,,,,,,,,,,,,,,,,,,,,,,,,,,,,,,,,,,,,,,,,,,,,,,,,,0,0,0,0,0,0,0,0,0,0,0,0,0,0,0,0,0,0,0,0
runs\logs\crm_results_dir\production_benchmark_summary.csv,runs\logs\crm_results_dir\results\prod_arxiv_s20260607_q50_types_negative_sizes20_50_100_neural_no_exact_label_b20_50_100_200_per_query.csv,arxiv,arxiv,20260607,arxiv,negative_structure,100,hybrid,neural_no_exact_label,type_feat32,50,0,0,50,0,0,50,0,0,50,0,1.1196765309000103,1.0891044034999595,1.3356056001500207,732.52,1168.7999999999997,0.0,1168.1657204038213,33536.55507018371,20.14,0.10092499999999999,0.46167890285941127,192.5,200.0,200.0,5.171379300002172,189.37271283500053,90.54641989000203,0,0,0,0,0,0,0,0,0,0,,,,,,,,,,,,,,,,,,,,,,,,,,,,,,,,,,,,,,,,,,,,,,,,,,,,,,,,,,,,,,,,,,,,,,,,,,,,,,,,,,,,,,,,,,,,,,,,,,,,,,,,,,,,,,,,,,,,,,0,0,0,0,0,0,0,0,0,0,0,0,0,0,0,0,0,0,0,0
runs\logs\crm_results_dir\production_benchmark_summary.csv,runs\logs\crm_results_dir\results\prod_arxiv_s20260607_q50_types_negative_sizes20_50_100_neural_no_overlap_b20_50_100_200_per_query.csv,arxiv,arxiv,20260607,arxiv,negative_structure,100,hybrid,neural_no_overlap,type_feat32,50,0,0,50,0,0,50,0,0,50,0,0.6587670443400038,0.6580815205000334,0.6795939260500191,392.16,727.6999999999999,100.26,3793.141174626044,145467.24189682247,20.14,0.10092499999999999,0.46167890285941127,192.5,200.0,200.0,5.281153480000853,154.19343597500102,10.498325109999909,0,0,0,0,0,0,0,0,0,0,,,,,,,,,,,,,,,,,,,,,,,,,,,,,,,,,,,,,,,,,,,,,,,,,,,,,,,,,,,,,,,,,,,,,,,,,,,,,,,,,,,,,,,,,,,,,,,,,,,,,,,,,,,,,,,,,,,,,,0,0,0,0,0,0,0,0,0,0,0,0,0,0,0,0,0,0,0,0
runs\logs\crm_results_dir\production_benchmark_summary.csv,runs\logs\crm_results_dir\results\prod_arxiv_s20260608_q50_types_all_sizes20_50_100_neural_no_component_b20_50_100_200_per_query.csv,arxiv,arxiv,20260608,arxiv,k_hop,20,hybrid,neural_no_component,type_feat32,50,50,50,0,50,0,0,0,0,50,0,1.04605493234,1.381749259000003,1.5182444241999788,68.18,149.55,0.0,12828.189112443197,157149.73334120453,5.76,0.027075471698113206,0.35637964411549317,178.5,198.55,199.0,6.602045037732617,306.03852055345914,22.90957137735845,0,0,0,4,9,11,26,0,0,0,,,,,,,,,,,,,,,,,,,,,,,,,,,,,,,,,,,,,,,,,,,,,,,,,,,,,,,,,,,,,,,,,,,,,,,,,,,,,,,,,,,,,,,,,,,,,,,,,,,,,,,,,,,,,,,,,,,,,,0,0,0,0,0,0,4,4,9,13,11,24,26,50,0,50,0,50,0,50
runs\logs\crm_results_dir\production_benchmark_summary.csv,runs\logs\crm_results_dir\results\prod_arxiv_s20260608_q50_types_all_sizes20_50_100_neural_no_overlap_b20_50_100_200_per_query.csv,arxiv,arxiv,20260608,arxiv,k_hop,20,hybrid,neural_no_overlap,type_feat32,50,50,50,0,50,0,0,0,0,50,0,0.9716036928000006,0.9814257135000304,0.9929109212000171,67.96,158.95,19.78,33830.93947372889,266184.6121062612,5.76,0.03077889447236181,0.4483964527934377,178.5,198.55,199.0,6.3102913718594,238.71843206030167,5.403098793969826,0,0,0,0,0,1,49,0,0,0,,,,,,,,,,,,,,,,,,,,,,,,,,,,,,,,,,,,,,,,,,,,,,,,,,,,,,,,,,,,,,,,,,,,,,,,,,,,,,,,,,,,,,,,,,,,,,,,,,,,,,,,,,,,,,,,,,,,,,0,0,0,0,0,0,0,0,0,0,1,1,49,50,0,50,0,50,0,50
runs\logs\crm_results_dir\production_benchmark_summary.csv,runs\logs\crm_results_dir\results\prod_arxiv_s20260608_q50_types_all_sizes20_50_100_neural_no_signature_b20_50_100_200_per_query.csv,arxiv,arxiv,20260608,arxiv,k_hop,20,hybrid,neural_no_signature,none,50,50,50,0,50,0,0,0,0,50,0,0.46980223298000284,0.6079175810000095,0.9832357817000258,38050.06,117232.44999999998,19.78,8176.736157632222,22779.013870672534,5.76,0.06403846153846154,0.46172134489442185,168.0,199.0,199.51,5.476559942307036,215.82878604807723,10.037672115385677,0,0,0,19,15,9,7,0,0,0,,,,,,,,,,,,,,,,,,,,,,,,,,,,,,,,,,,,,,,,,,,,,,,,,,,,,,,,,,,,,,,,,,,,,,,,,,,,,,,,,,,,,,,,,,,,,,,,,,,,,,,,,,,,,,,,,,,,,,0,0,0,0,0,0,19,19,15,34,9,43,7,50,0,50,0,50,0,50
runs\logs\crm_results_dir\production_benchmark_summary.csv,runs\logs\crm_results_dir\results\prod_arxiv_s20260608_q50_types_all_sizes20_50_100_neural_no_component_b20_50_100_200_per_query.csv,arxiv,arxiv,20260608,arxiv,k_hop,50,hybrid,neural_no_component,type_feat32,50,50,50,0,50,0,0,0,0,50,0,1.2767591416400024,1.5135352839999996,1.8153320299999618,224.56,674.9499999999997,0.0,4144.363359951992,98364.90931656133,15.04,0.08280701754385965,0.4089401219909863,192.5,199.55,200.0,6.621545175446114,324.5966248830421,48.72476156140304,0,0,0,1,8,10,31,0,0,0,,,,,,,,,,,,,,,,,,,,,,,,,,,,,,,,,,,,,,,,,,,,,,,,,,,,,,,,,,,,,,,,,,,,,,,,,,,,,,,,,,,,,,,,,,,,,,,,,,,,,,,,,,,,,,,,,,,,,,0,0,0,0,0,0,1,1,8,9,10,19,31,50,0,50,0,50,0,50
runs\logs\crm_results_dir\production_benchmark_summary.csv,runs\logs\crm_results_dir\results\prod_arxiv_s20260608_q50_types_all_sizes20_50_100_neural_no_overlap_b20_50_100_200_per_query.csv,arxiv,arxiv,20260608,arxiv,k_hop,50,hybrid,neural_no_overlap,type_feat32,50,50,50,0,50,0,0,0,0,50,0,1.0457566236199967,1.035853025500046,1.1037448350000063,209.18,517.6999999999999,50.22,8276.734531246966,196851.00808080917,15.04,0.0895,0.4783932781448062,192.5,199.55,200.0,6.494210600004635,252.31236113999984,9.126794764999318,0,0,0,0,0,0,50,0,0,0,,,,,,,,,,,,,,,,,,,,,,,,,,,,,,,,,,,,,,,,,,,,,,,,,,,,,,,,,,,,,,,,,,,,,,,,,,,,,,,,,,,,,,,,,,,,,,,,,,,,,,,,,,,,,,,,,,,,,,0,0,0,0,0,0,0,0,0,0,0,0,50,50,0,50,0,50,0,50
runs\logs\crm_results_dir\production_benchmark_summary.csv,runs\logs\crm_results_dir\results\prod_arxiv_s20260608_q50_types_all_sizes20_50_100_neural_no_signature_b20_50_100_200_per_query.csv,arxiv,arxiv,20260608,arxiv,k_hop,50,hybrid,neural_no_signature,none,50,50,50,0,50,0,0,0,0,50,0,0.5275594373999798,0.5811078290000751,1.07526790379992,34490.22,81461.85,50.58,3187.3859763713767,7691.131258379125,15.04,0.17048245614035087,0.5255008853686363,184.0,200.0,200.0,5.444560438576716,217.55078589472788,13.834932263157976,0,0,0,13,20,7,10,0,0,0,,,,,,,,,,,,,,,,,,,,,,,,,,,,,,,,,,,,,,,,,,,,,,,,,,,,,,,,,,,,,,,,,,,,,,,,,,,,,,,,,,,,,,,,,,,,,,,,,,,,,,,,,,,,,,,,,,,,,,0,0,0,0,0,0,13,13,20,33,7,40,10,50,0,50,0,50,0,50
runs\logs\crm_results_dir\production_benchmark_summary.csv,runs\logs\crm_results_dir\results\prod_arxiv_s20260608_q50_types_all_sizes20_50_100_neural_no_component_b20_50_100_200_per_query.csv,arxiv,arxiv,20260608,arxiv,k_hop,100,hybrid,neural_no_component,type_feat32,50,50,50,0,50,0,0,0,0,50,0,1.6670198120199848,1.7525781435001022,2.123571954899899,500.62,931.65,0.0,1999.5964198559464,67867.76572630186,24.2,0.13598930481283422,0.42869672969979283,196.0,199.55,200.0,6.595002048121061,352.9864644224631,92.74075804277356,0,0,0,0,1,11,38,0,0,0,,,,,,,,,,,,,,,,,,,,,,,,,,,,,,,,,,,,,,,,,,,,,,,,,,,,,,,,,,,,,,,,,,,,,,,,,,,,,,,,,,,,,,,,,,,,,,,,,,,,,,,,,,,,,,,,,,,,,,0,0,0,0,0,0,0,0,1,1,11,12,38,50,0,50,0,50,0,50
runs\logs\crm_results_dir\production_benchmark_summary.csv,runs\logs\crm_results_dir\results\prod_arxiv_s20260608_q50_types_all_sizes20_50_100_neural_no_overlap_b20_50_100_200_per_query.csv,arxiv,arxiv,20260608,arxiv,k_hop,100,hybrid,neural_no_overlap,type_feat32,50,50,50,0,50,0,0,0,0,50,0,1.1071945730400194,1.1070812705000321,1.1193304662499997,379.66,712.6499999999999,100.38,3422.8753848590804,168206.24032065083,24.2,0.13815,0.4641268968147609,196.0,199.55,200.0,6.393666799997391,261.62379269500263,15.174850565002203,0,0,0,0,0,0,50,0,0,0,,,,,,,,,,,,,,,,,,,,,,,,,,,,,,,,,,,,,,,,,,,,,,,,,,,,,,,,,,,,,,,,,,,,,,,,,,,,,,,,,,,,,,,,,,,,,,,,,,,,,,,,,,,,,,,,,,,,,,0,0,0,0,0,0,0,0,0,0,0,0,50,50,0,50,0,50,0,50
runs\logs\crm_results_dir\production_benchmark_summary.csv,runs\logs\crm_results_dir\results\prod_arxiv_s20260608_q50_types_all_sizes20_50_100_neural_no_signature_b20_50_100_200_per_query.csv,arxiv,arxiv,20260608,arxiv,k_hop,100,hybrid,neural_no_signature,none,50,50,50,0,50,0,0,0,0,50,0,0.6557046617400237,0.7274494334999417,1.1417840202498724,39655.24,119378.54999999999,101.12,1595.4504719716965,3796.6468878284363,24.2,0.24533333333333332,0.5407114856242294,188.5,200.0,200.0,5.5843608370263675,224.51244090370892,18.341137518522103,0,0,0,11,10,12,17,0,0,0,,,,,,,,,,,,,,,,,,,,,,,,,,,,,,,,,,,,,,,,,,,,,,,,,,,,,,,,,,,,,,,,,,,,,,,,,,,,,,,,,,,,,,,,,,,,,,,,,,,,,,,,,,,,,,,,,,,,,,0,0,0,0,0,0,11,11,10,21,12,33,17,50,0,50,0,50,0,50
runs\logs\crm_results_dir\production_benchmark_summary.csv,runs\logs\crm_results_dir\results\prod_arxiv_s20260608_q50_types_all_sizes20_50_100_neural_no_component_b20_50_100_200_per_query.csv,arxiv,arxiv,20260608,arxiv,degree_k_hop,20,hybrid,neural_no_component,type_feat32,50,50,50,0,50,0,0,0,0,50,0,1.1018880882799977,1.3943801970000038,1.5864740576500083,59.08,162.29999999999993,0.0,17712.08571520808,230270.1060103866,5.84,0.02625,0.34158304432694675,176.0,197.55,199.0,6.739662664636526,314.6983299146335,21.24316041463407,0,0,0,4,6,12,28,0,0,0,,,,,,,,,,,,,,,,,,,,,,,,,,,,,,,,,,,,,,,,,,,,,,,,,,,,,,,,,,,,,,,,,,,,,,,,,,,,,,,,,,,,,,,,,,,,,,,,,,,,,,,,,,,,,,,,,,,,,,0,0,0,0,0,0,4,4,6,10,12,22,28,50,0,50,0,50,0,50
runs\logs\crm_results_dir\production_benchmark_summary.csv,runs\logs\crm_results_dir\results\prod_arxiv_s20260608_q50_types_all_sizes20_50_100_neural_no_overlap_b20_50_100_200_per_query.csv,arxiv,arxiv,20260608,arxiv,degree_k_hop,20,hybrid,neural_no_overlap,type_feat32,50,50,50,0,50,0,0,0,0,50,0,0.9392039914800057,0.9791828624999539,0.9908169624999772,62.86,167.0,20.32,38329.09332728772,223917.14500496112,5.84,0.031556122448979596,0.4283766828409685,176.0,197.55,199.0,6.350726515302549,234.14291809183715,5.449936877552056,0,0,0,0,0,4,46,0,0,0,,,,,,,,,,,,,,,,,,,,,,,,,,,,,,,,,,,,,,,,,,,,,,,,,,,,,,,,,,,,,,,,,,,,,,,,,,,,,,,,,,,,,,,,,,,,,,,,,,,,,,,,,,,,,,,,,,,,,,0,0,0,0,0,0,0,0,0,0,4,4,46,50,0,50,0,50,0,50
runs\logs\crm_results_dir\production_benchmark_summary.csv,runs\logs\crm_results_dir\results\prod_arxiv_s20260608_q50_types_all_sizes20_50_100_neural_no_signature_b20_50_100_200_per_query.csv,arxiv,arxiv,20260608,arxiv,degree_k_hop,20,hybrid,neural_no_signature,none,50,50,50,0,50,0,0,0,0,50,0,0.4299787189399922,0.45669877749986654,0.8883926307000592,40962.38,122409.85,20.3,7950.163913337065,21329.29921185863,5.84,0.0635,0.4702405170586989,161.5,199.0,199.0,5.1354468181877815,186.35740126363459,9.087470981816379,0,0,0,19,11,11,9,0,0,0,,,,,,,,,,,,,,,,,,,,,,,,,,,,,,,,,,,,,,,,,,,,,,,,,,,,,,,,,,,,,,,,,,,,,,,,,,,,,,,,,,,,,,,,,,,,,,,,,,,,,,,,,,,,,,,,,,,,,,0,0,0,0,0,0,19,19,11,30,11,41,9,50,0,50,0,50,0,50
runs\logs\crm_results_dir\production_benchmark_summary.csv,runs\logs\crm_results_dir\results\prod_arxiv_s20260608_q50_types_all_sizes20_50_100_neural_no_component_b20_50_100_200_per_query.csv,arxiv,arxiv,20260608,arxiv,degree_k_hop,50,hybrid,neural_no_component,type_feat32,50,50,50,0,50,0,0,0,0,50,0,1.228495347379992,1.4817363784999884,1.8005518229000528,232.72,590.55,0.0,4889.6374499056565,83999.3696330615,14.68,0.08319277108433736,0.39906645340616553,192.5,199.0,199.51,6.700629078311358,320.2222045421715,49.80651454818749,0,0,0,1,10,11,28,0,0,0,,,,,,,,,,,,,,,,,,,,,,,,,,,,,,,,,,,,,,,,,,,,,,,,,,,,,,,,,,,,,,,,,,,,,,,,,,,,,,,,,,,,,,,,,,,,,,,,,,,,,,,,,,,,,,,,,,,,,,0,0,0,0,0,0,1,1,10,11,11,22,28,50,0,50,0,50,0,50
runs\logs\crm_results_dir\production_benchmark_summary.csv,runs\logs\crm_results_dir\results\prod_arxiv_s20260608_q50_types_all_sizes20_50_100_neural_no_overlap_b20_50_100_200_per_query.csv,arxiv,arxiv,20260608,arxiv,degree_k_hop,50,hybrid,neural_no_overlap,type_feat32,50,50,50,0,50,0,0,0,0,50,0,1.0353735124000172,1.0457091965000131,1.0563010149500713,211.84,441.15,50.14,9629.004913483574,150046.585875697,14.68,0.08517587939698493,0.4721685398947357,192.5,199.0,199.51,6.618333462315901,250.9054914773912,9.238607115577938,0,0,0,0,0,1,49,0,0,0,,,,,,,,,,,,,,,,,,,,,,,,,,,,,,,,,,,,,,,,,,,,,,,,,,,,,,,,,,,,,,,,,,,,,,,,,,,,,,,,,,,,,,,,,,,,,,,,,,,,,,,,,,,,,,,,,,,,,,0,0,0,0,0,0,0,0,0,0,1,1,49,50,0,50,0,50,0,50
runs\logs\crm_results_dir\production_benchmark_summary.csv,runs\logs\crm_results_dir\results\prod_arxiv_s20260608_q50_types_all_sizes20_50_100_neural_no_signature_b20_50_100_200_per_query.csv,arxiv,arxiv,20260608,arxiv,degree_k_hop,50,hybrid,neural_no_signature,none,50,50,50,0,50,0,0,0,0,50,0,0.5705778658399732,0.6334884044999853,1.1087832924999133,40140.4,118388.49999999999,50.36,3195.8299323251795,7983.917641901986,14.68,0.15403999999999998,0.5236612370322627,192.0,200.0,200.0,5.614583239997955,214.78604087999065,13.4451054559986,0,0,0,13,10,16,11,0,0,0,,,,,,,,,,,,,,,,,,,,,,,,,,,,,,,,,,,,,,,,,,,,,,,,,,,,,,,,,,,,,,,,,,,,,,,,,,,,,,,,,,,,,,,,,,,,,,,,,,,,,,,,,,,,,,,,,,,,,,0,0,0,0,0,0,13,13,10,23,16,39,11,50,0,50,0,50,0,50
runs\logs\crm_results_dir\production_benchmark_summary.csv,runs\logs\crm_results_dir\results\prod_arxiv_s20260608_q50_types_all_sizes20_50_100_neural_no_component_b20_50_100_200_per_query.csv,arxiv,arxiv,20260608,arxiv,degree_k_hop,100,hybrid,neural_no_component,type_feat32,50,50,50,0,50,0,0,0,0,50,0,1.5500254041200379,1.6547199075000663,2.086709259649865,505.28,975.2499999999995,0.0,2073.0202938589005,36141.63643299159,22.16,0.13632022471910113,0.4458186767097145,194.0,199.0,199.51,6.51616170222716,340.9550208033709,94.44537361237002,0,0,0,1,1,17,31,0,0,0,,,,,,,,,,,,,,,,,,,,,,,,,,,,,,,,,,,,,,,,,,,,,,,,,,,,,,,,,,,,,,,,,,,,,,,,,,,,,,,,,,,,,,,,,,,,,,,,,,,,,,,,,,,,,,,,,,,,,,0,0,0,0,0,0,1,1,1,2,17,19,31,50,0,50,0,50,0,50
runs\logs\crm_results_dir\production_benchmark_summary.csv,runs\logs\crm_results_dir\results\prod_arxiv_s20260608_q50_types_all_sizes20_50_100_neural_no_overlap_b20_50_100_200_per_query.csv,arxiv,arxiv,20260608,arxiv,degree_k_hop,100,hybrid,neural_no_overlap,type_feat32,50,50,50,0,50,0,0,0,0,50,0,1.1068618109199952,1.1071829439999306,1.1183005209999806,415.6,754.3499999999999,100.16,3555.924034550151,129519.84437813918,22.16,0.13785,0.5013524268454504,194.0,199.0,199.51,6.446225359993605,261.7150099449998,15.000442784998995,0,0,0,0,0,0,50,0,0,0,,,,,,,,,,,,,,,,,,,,,,,,,,,,,,,,,,,,,,,,,,,,,,,,,,,,,,,,,,,,,,,,,,,,,,,,,,,,,,,,,,,,,,,,,,,,,,,,,,,,,,,,,,,,,,,,,,,,,,0,0,0,0,0,0,0,0,0,0,0,0,50,50,0,50,0,50,0,50
runs\logs\crm_results_dir\production_benchmark_summary.csv,runs\logs\crm_results_dir\results\prod_arxiv_s20260608_q50_types_all_sizes20_50_100_neural_no_signature_b20_50_100_200_per_query.csv,arxiv,arxiv,20260608,arxiv,degree_k_hop,100,hybrid,neural_no_signature,none,50,50,50,0,50,0,0,0,0,50,0,0.4755861702199809,0.29734701149982357,1.070874779399901,27110.76,81346.69999999998,100.76,1617.2337040400346,3754.481065947805,22.16,0.23843750000000002,0.47331380842028065,190.0,200.0,200.0,5.427027294643949,190.27861208928496,22.036642473206516,0,0,0,16,13,14,7,0,0,0,,,,,,,,,,,,,,,,,,,,,,,,,,,,,,,,,,,,,,,,,,,,,,,,,,,,,,,,,,,,,,,,,,,,,,,,,,,,,,,,,,,,,,,,,,,,,,,,,,,,,,,,,,,,,,,,,,,,,,0,0,0,0,0,0,16,16,13,29,14,43,7,50,0,50,0,50,0,50
runs\logs\crm_results_dir\production_benchmark_summary.csv,runs\logs\crm_results_dir\results\prod_arxiv_s20260608_q50_types_all_sizes20_50_100_neural_no_component_b20_50_100_200_per_query.csv,arxiv,arxiv,20260608,arxiv,random_walk,20,hybrid,neural_no_component,type_feat32,50,50,50,0,50,0,0,0,0,50,0,1.1731945390200018,1.4046695194999756,1.533359307199973,90.5,212.24999999999994,0.0,11059.59720958144,114762.66305861995,7.48,0.0421551724137931,0.4242614665028458,181.5,199.0,199.0,6.48270849999812,311.7302712586206,25.394596275862703,0,0,0,0,5,16,29,0,0,0,,,,,,,,,,,,,,,,,,,,,,,,,,,,,,,,,,,,,,,,,,,,,,,,,,,,,,,,,,,,,,,,,,,,,,,,,,,,,,,,,,,,,,,,,,,,,,,,,,,,,,,,,,,,,,,,,,,,,,0,0,0,0,0,0,0,0,5,5,16,21,29,50,0,50,0,50,0,50
runs\logs\crm_results_dir\production_benchmark_summary.csv,runs\logs\crm_results_dir\results\prod_arxiv_s20260608_q50_types_all_sizes20_50_100_neural_no_overlap_b20_50_100_200_per_query.csv,arxiv,arxiv,20260608,arxiv,random_walk,20,hybrid,neural_no_overlap,type_feat32,50,50,50,0,50,0,0,0,0,50,0,0.960024616580003,0.9795785335000176,0.992102313000008,80.1,190.24999999999994,19.98,20540.6221281431,214453.69114302204,7.48,0.04335858585858586,0.4866622294652598,181.5,199.0,199.0,6.2926881262660626,237.06422523737385,5.366233494950131,0,0,0,0,0,2,48,0,0,0,,,,,,,,,,,,,,,,,,,,,,,,,,,,,,,,,,,,,,,,,,,,,,,,,,,,,,,,,,,,,,,,,,,,,,,,,,,,,,,,,,,,,,,,,,,,,,,,,,,,,,,,,,,,,,,,,,,,,,0,0,0,0,0,0,0,0,0,0,2,2,48,50,0,50,0,50,0,50
runs\logs\crm_results_dir\production_benchmark_summary.csv,runs\logs\crm_results_dir\results\prod_arxiv_s20260608_q50_types_all_sizes20_50_100_neural_no_signature_b20_50_100_200_per_query.csv,arxiv,arxiv,20260608,arxiv,random_walk,20,hybrid,neural_no_signature,none,50,50,50,0,50,0,0,0,0,50,0,0.684817583240008,0.7913906015000123,0.9666557428499942,56239.7,122142.9,20.08,7966.682416218082,27265.30102018099,7.48,0.06027210884353741,0.48213460764481175,190.0,200.0,200.0,5.15984872108373,225.9082993061239,7.022851455783562,0,0,0,2,14,19,15,0,0,0,,,,,,,,,,,,,,,,,,,,,,,,,,,,,,,,,,,,,,,,,,,,,,,,,,,,,,,,,,,,,,,,,,,,,,,,,,,,,,,,,,,,,,,,,,,,,,,,,,,,,,,,,,,,,,,,,,,,,,0,0,0,0,0,0,2,2,14,16,19,35,15,50,0,50,0,50,0,50
runs\logs\crm_results_dir\production_benchmark_summary.csv,runs\logs\crm_results_dir\results\prod_arxiv_s20260608_q50_types_all_sizes20_50_100_neural_no_component_b20_50_100_200_per_query.csv,arxiv,arxiv,20260608,arxiv,random_walk,50,hybrid,neural_no_component,type_feat32,50,50,50,0,50,0,0,0,0,50,0,1.6332758954600264,1.6616660310000952,2.0119974591999665,242.68,409.85,0.0,4412.395932654164,82592.69316338286,14.66,0.07703125000000001,0.4395852522448885,195.0,199.0,199.0,6.9219295937354985,362.4992705312522,62.832993911462985,0,0,0,0,0,8,42,0,0,0,,,,,,,,,,,,,,,,,,,,,,,,,,,,,,,,,,,,,,,,,,,,,,,,,,,,,,,,,,,,,,,,,,,,,,,,,,,,,,,,,,,,,,,,,,,,,,,,,,,,,,,,,,,,,,,,,,,,,,0,0,0,0,0,0,0,0,0,0,8,8,42,50,0,50,0,50,0,50
runs\logs\crm_results_dir\production_benchmark_summary.csv,runs\logs\crm_results_dir\results\prod_arxiv_s20260608_q50_types_all_sizes20_50_100_neural_no_overlap_b20_50_100_200_per_query.csv,arxiv,arxiv,20260608,arxiv,random_walk,50,hybrid,neural_no_overlap,type_feat32,50,50,50,0,50,0,0,0,0,50,0,1.023384481379976,1.0328965864999873,1.0457867921500508,185.14,346.94999999999993,50.3,9468.896455791006,160024.68569917677,14.66,0.07743718592964824,0.45929833382421403,195.0,199.0,199.0,6.446311658297948,248.19214681909116,8.939632422108852,0,0,0,0,0,1,49,0,0,0,,,,,,,,,,,,,,,,,,,,,,,,,,,,,,,,,,,,,,,,,,,,,,,,,,,,,,,,,,,,,,,,,,,,,,,,,,,,,,,,,,,,,,,,,,,,,,,,,,,,,,,,,,,,,,,,,,,,,,0,0,0,0,0,0,0,0,0,0,1,1,49,50,0,50,0,50,0,50
runs\logs\crm_results_dir\production_benchmark_summary.csv,runs\logs\crm_results_dir\results\prod_arxiv_s20260608_q50_types_all_sizes20_50_100_neural_no_signature_b20_50_100_200_per_query.csv,arxiv,arxiv,20260608,arxiv,random_walk,50,hybrid,neural_no_signature,none,50,50,50,0,50,0,0,0,0,50,0,0.8214531931800048,0.9105955779999704,1.1448004718499931,71840.64,122980.5,50.72,3103.613127950608,9371.584074773678,14.66,0.10171348314606742,0.5239005364338007,198.0,200.0,200.0,5.676125309004588,221.65792935393537,9.087349629212031,0,0,0,1,3,13,33,0,0,0,,,,,,,,,,,,,,,,,,,,,,,,,,,,,,,,,,,,,,,,,,,,,,,,,,,,,,,,,,,,,,,,,,,,,,,,,,,,,,,,,,,,,,,,,,,,,,,,,,,,,,,,,,,,,,,,,,,,,,0,0,0,0,0,0,1,1,3,4,13,17,33,50,0,50,0,50,0,50
runs\logs\crm_results_dir\production_benchmark_summary.csv,runs\logs\crm_results_dir\results\prod_arxiv_s20260608_q50_types_all_sizes20_50_100_neural_no_component_b20_50_100_200_per_query.csv,arxiv,arxiv,20260608,arxiv,random_walk,100,hybrid,neural_no_component,type_feat32,50,50,50,0,50,0,0,0,0,50,0,1.8896648295399745,1.91543655449982,2.2250993316497896,597.76,1054.85,0.0,1747.5037988368485,17202.08094436576,29.0,0.16525380710659898,0.4743564682998721,197.0,199.0,199.0,6.753649649746027,367.4054469289137,112.20491589849102,0,0,0,0,0,3,47,0,0,0,,,,,,,,,,,,,,,,,,,,,,,,,,,,,,,,,,,,,,,,,,,,,,,,,,,,,,,,,,,,,,,,,,,,,,,,,,,,,,,,,,,,,,,,,,,,,,,,,,,,,,,,,,,,,,,,,,,,,,0,0,0,0,0,0,0,0,0,0,3,3,47,50,0,50,0,50,0,50
runs\logs\crm_results_dir\production_benchmark_summary.csv,runs\logs\crm_results_dir\results\prod_arxiv_s20260608_q50_types_all_sizes20_50_100_neural_no_overlap_b20_50_100_200_per_query.csv,arxiv,arxiv,20260608,arxiv,random_walk,100,hybrid,neural_no_overlap,type_feat32,50,50,50,0,50,0,0,0,0,50,0,1.1107479502999853,1.1107580020000114,1.1242280797500088,434.22,722.7,100.78,2503.782391895387,66714.94541386858,29.0,0.1654,0.48224112127537405,197.0,199.0,199.0,6.463065219998043,262.9364063199972,14.750581254999133,0,0,0,0,0,0,50,0,0,0,,,,,,,,,,,,,,,,,,,,,,,,,,,,,,,,,,,,,,,,,,,,,,,,,,,,,,,,,,,,,,,,,,,,,,,,,,,,,,,,,,,,,,,,,,,,,,,,,,,,,,,,,,,,,,,,,,,,,,0,0,0,0,0,0,0,0,0,0,0,0,50,50,0,50,0,50,0,50
runs\logs\crm_results_dir\production_benchmark_summary.csv,runs\logs\crm_results_dir\results\prod_arxiv_s20260608_q50_types_all_sizes20_50_100_neural_no_signature_b20_50_100_200_per_query.csv,arxiv,arxiv,20260608,arxiv,random_walk,100,hybrid,neural_no_signature,none,50,50,50,0,50,0,0,0,0,50,0,0.9310438289800231,0.9925882830001456,1.2317097765002472,81028.54,125757.75,102.16,1558.7463080571117,3944.935040959485,29.0,0.1875392670157068,0.5165357940734581,199.0,200.0,200.0,5.462806507834512,230.56408614136467,13.164664900526205,0,0,0,0,1,7,42,0,0,0,,,,,,,,,,,,,,,,,,,,,,,,,,,,,,,,,,,,,,,,,,,,,,,,,,,,,,,,,,,,,,,,,,,,,,,,,,,,,,,,,,,,,,,,,,,,,,,,,,,,,,,,,,,,,,,,,,,,,,0,0,0,0,0,0,0,0,1,1,7,8,42,50,0,50,0,50,0,50
runs\logs\crm_results_dir\production_benchmark_summary.csv,runs\logs\crm_results_dir\results\prod_arxiv_s20260608_q50_types_all_sizes20_50_100_neural_no_component_b20_50_100_200_per_query.csv,arxiv,arxiv,20260608,arxiv,single,20,hybrid,neural_no_component,type_feat32,50,50,50,0,50,0,0,0,0,50,0,0.9403757778800022,0.8836546739999953,1.5505002226000073,71.8,160.1,0.0,15657.98354838952,195374.5297819489,1.0,0.004189189189189189,0.3108108108108108,94.5,186.14999999999998,197.51,9.548039574323521,291.09814505405456,26.596374500000262,0,0,0,4,12,16,18,0,0,0,,,,,,,,,,,,,,,,,,,,,,,,,,,,,,,,,,,,,,,,,,,,,,,,,,,,,,,,,,,,,,,,,,,,,,,,,,,,,,,,,,,,,,,,,,,,,,,,,,,,,,,,,,,,,,,,,,,,,,0,0,0,0,0,0,4,4,12,16,16,32,18,50,0,50,0,50,0,50
runs\logs\crm_results_dir\production_benchmark_summary.csv,runs\logs\crm_results_dir\results\prod_arxiv_s20260608_q50_types_all_sizes20_50_100_neural_no_overlap_b20_50_100_200_per_query.csv,arxiv,arxiv,20260608,arxiv,single,20,hybrid,neural_no_overlap,type_feat32,50,50,50,0,50,0,0,0,0,50,0,0.6073675336999992,0.47557894849999727,0.9865361031499994,44.28,100.1,19.84,31924.988375415516,291552.6907573699,1.0,0.004188311688311688,0.3246753246753247,94.5,186.14999999999998,197.51,9.073913467532186,190.13405724675306,7.063193954545378,0,0,0,4,9,16,21,0,0,0,,,,,,,,,,,,,,,,,,,,,,,,,,,,,,,,,,,,,,,,,,,,,,,,,,,,,,,,,,,,,,,,,,,,,,,,,,,,,,,,,,,,,,,,,,,,,,,,,,,,,,,,,,,,,,,,,,,,,,0,0,0,0,0,0,4,4,9,13,16,29,21,50,0,50,0,50,0,50
runs\logs\crm_results_dir\production_benchmark_summary.csv,runs\logs\crm_results_dir\results\prod_arxiv_s20260608_q50_types_all_sizes20_50_100_neural_no_signature_b20_50_100_200_per_query.csv,arxiv,arxiv,20260608,arxiv,single,20,hybrid,neural_no_signature,none,50,50,50,0,50,0,0,0,0,50,0,0.3970646330399984,0.27406776099999064,0.9528993677999914,33631.92,117988.54999999999,19.86,8024.144185987201,22966.85951437292,1.0,0.016755319148936174,0.5212765957446809,23.0,142.39999999999998,178.51,5.064336329786768,200.87791282978642,10.326679212765917,0,0,0,25,11,9,5,0,0,0,,,,,,,,,,,,,,,,,,,,,,,,,,,,,,,,,,,,,,,,,,,,,,,,,,,,,,,,,,,,,,,,,,,,,,,,,,,,,,,,,,,,,,,,,,,,,,,,,,,,,,,,,,,,,,,,,,,,,,0,0,0,0,0,0,25,25,11,36,9,45,5,50,0,50,0,50,0,50
runs\logs\crm_results_dir\production_benchmark_summary.csv,runs\logs\crm_results_dir\results\prod_arxiv_s20260608_q50_types_all_sizes20_50_100_neural_no_component_b20_50_100_200_per_query.csv,arxiv,arxiv,20260608,arxiv,single,50,hybrid,neural_no_component,type_feat32,50,50,50,0,50,0,0,0,0,50,0,1.1852377151199982,1.4738315210000508,1.6954361959499833,191.1,420.15,0.0,5136.030936232178,138603.804577286,1.0,0.003384146341463415,0.3048780487804878,109.5,178.2,189.09999999999997,6.601245396342669,318.0206249939037,43.33233693292501,0,0,0,3,7,13,27,0,0,0,,,,,,,,,,,,,,,,,,,,,,,,,,,,,,,,,,,,,,,,,,,,,,,,,,,,,,,,,,,,,,,,,,,,,,,,,,,,,,,,,,,,,,,,,,,,,,,,,,,,,,,,,,,,,,,,,,,,,,0,0,0,0,0,0,3,3,7,10,13,23,27,50,0,50,0,50,0,50
runs\logs\crm_results_dir\production_benchmark_summary.csv,runs\logs\crm_results_dir\results\prod_arxiv_s20260608_q50_types_all_sizes20_50_100_neural_no_overlap_b20_50_100_200_per_query.csv,arxiv,arxiv,20260608,arxiv,single,50,hybrid,neural_no_overlap,type_feat32,50,50,50,0,50,0,0,0,0,50,0,0.7212508433599953,1.0146821840000655,1.0272737984999736,103.16,205.39999999999998,50.18,12232.483138629437,238792.71108416875,1.0,0.003384146341463415,0.3048780487804878,109.5,178.2,189.09999999999997,6.268775780485872,209.12031787194758,10.773231932929077,0,0,0,3,7,13,27,0,0,0,,,,,,,,,,,,,,,,,,,,,,,,,,,,,,,,,,,,,,,,,,,,,,,,,,,,,,,,,,,,,,,,,,,,,,,,,,,,,,,,,,,,,,,,,,,,,,,,,,,,,,,,,,,,,,,,,,,,,,0,0,0,0,0,0,3,3,7,10,13,23,27,50,0,50,0,50,0,50
runs\logs\crm_results_dir\production_benchmark_summary.csv,runs\logs\crm_results_dir\results\prod_arxiv_s20260608_q50_types_all_sizes20_50_100_neural_no_signature_b20_50_100_200_per_query.csv,arxiv,arxiv,20260608,arxiv,single,50,hybrid,neural_no_signature,none,50,50,50,0,50,0,0,0,0,50,0,0.29614716122000345,0.07747677800006159,0.9229518920499116,27776.74,117542.54999999999,50.26,3160.5003910101846,6823.645135585766,1.0,0.020113636363636365,0.5681818181818182,5.5,115.1,140.9099999999999,5.410901659082222,150.71309942045602,17.552333090909595,0,0,0,31,6,7,6,0,0,0,,,,,,,,,,,,,,,,,,,,,,,,,,,,,,,,,,,,,,,,,,,,,,,,,,,,,,,,,,,,,,,,,,,,,,,,,,,,,,,,,,,,,,,,,,,,,,,,,,,,,,,,,,,,,,,,,,,,,,0,0,0,0,0,0,31,31,6,37,7,44,6,50,0,50,0,50,0,50
runs\logs\crm_results_dir\production_benchmark_summary.csv,runs\logs\crm_results_dir\results\prod_arxiv_s20260608_q50_types_all_sizes20_50_100_neural_no_component_b20_50_100_200_per_query.csv,arxiv,arxiv,20260608,arxiv,single,100,hybrid,neural_no_component,type_feat32,50,50,50,0,50,0,0,0,0,50,0,1.423990978419988,1.5992427430001044,2.118372235449982,426.78,1116.6999999999996,0.0,2384.554073029806,81787.97322103484,1.0,0.0034337349397590366,0.30120481927710846,144.5,191.55,196.55,6.928865686762788,341.5130528795162,87.39989242770918,0,0,0,4,6,10,30,0,0,0,,,,,,,,,,,,,,,,,,,,,,,,,,,,,,,,,,,,,,,,,,,,,,,,,,,,,,,,,,,,,,,,,,,,,,,,,,,,,,,,,,,,,,,,,,,,,,,,,,,,,,,,,,,,,,,,,,,,,,0,0,0,0,0,0,4,4,6,10,10,20,30,50,0,50,0,50,0,50
runs\logs\crm_results_dir\production_benchmark_summary.csv,runs\logs\crm_results_dir\results\prod_arxiv_s20260608_q50_types_all_sizes20_50_100_neural_no_overlap_b20_50_100_200_per_query.csv,arxiv,arxiv,20260608,arxiv,single,100,hybrid,neural_no_overlap,type_feat32,50,50,50,0,50,0,0,0,0,50,0,0.828156445979996,1.1049218420000102,1.1213907719000928,243.22,589.2999999999997,100.18,4356.82944507404,217688.60290718518,1.0,0.0034337349397590366,0.30120481927710846,144.5,191.55,196.55,6.522526180721075,230.84609662048106,18.598616024096042,0,0,0,4,6,10,30,0,0,0,,,,,,,,,,,,,,,,,,,,,,,,,,,,,,,,,,,,,,,,,,,,,,,,,,,,,,,,,,,,,,,,,,,,,,,,,,,,,,,,,,,,,,,,,,,,,,,,,,,,,,,,,,,,,,,,,,,,,,0,0,0,0,0,0,4,4,6,10,10,20,30,50,0,50,0,50,0,50
runs\logs\crm_results_dir\production_benchmark_summary.csv,runs\logs\crm_results_dir\results\prod_arxiv_s20260608_q50_types_all_sizes20_50_100_neural_no_signature_b20_50_100_200_per_query.csv,arxiv,arxiv,20260608,arxiv,single,100,hybrid,neural_no_signature,none,50,50,50,0,50,0,0,0,0,50,0,0.27063727189999554,0.10558611300007215,1.0236849201499238,19808.5,100460.5999999999,100.32,1602.8577506325362,3166.8323425975955,1.0,0.02449367088607595,0.6329113924050633,4.0,127.1,186.1,5.724173810134272,139.25358888607522,32.03582370885865,0,0,0,35,6,4,5,0,0,0,,,,,,,,,,,,,,,,,,,,,,,,,,,,,,,,,,,,,,,,,,,,,,,,,,,,,,,,,,,,,,,,,,,,,,,,,,,,,,,,,,,,,,,,,,,,,,,,,,,,,,,,,,,,,,,,,,,,,,0,0,0,0,0,0,35,35,6,41,4,45,5,50,0,50,0,50,0,50
runs\logs\crm_results_dir\production_benchmark_summary.csv,runs\logs\crm_results_dir\results\prod_arxiv_s20260608_q50_types_all_sizes20_50_100_neural_no_component_b20_50_100_200_per_query.csv,arxiv,arxiv,20260608,arxiv,multi_coarse,20,hybrid,neural_no_component,type_feat32,50,50,50,0,50,0,0,0,0,50,0,1.288993663739994,1.4756925275000015,1.5707975364999895,106.04,240.29999999999993,0.0,8615.165968045112,127526.48288332169,4.38,0.02247252747252747,0.4392857142857143,163.0,196.55,199.0,6.522427379121016,323.94819764835125,30.170940741756937,0,0,0,0,2,14,34,0,0,0,,,,,,,,,,,,,,,,,,,,,,,,,,,,,,,,,,,,,,,,,,,,,,,,,,,,,,,,,,,,,,,,,,,,,,,,,,,,,,,,,,,,,,,,,,,,,,,,,,,,,,,,,,,,,,,,,,,,,,0,0,0,0,0,0,0,0,2,2,14,16,34,50,0,50,0,50,0,50
runs\logs\crm_results_dir\production_benchmark_summary.csv,runs\logs\crm_results_dir\results\prod_arxiv_s20260608_q50_types_all_sizes20_50_100_neural_no_overlap_b20_50_100_200_per_query.csv,arxiv,arxiv,20260608,arxiv,multi_coarse,20,hybrid,neural_no_overlap,type_feat32,50,0,50,0,0,0,0,0,0,50,0,0.9596925246600025,0.9587034509999626,0.9673661103999975,78.6,192.5499999999999,0.0,18435.69682971784,163483.11140215234,4.38,0.022324999999999998,0.4880833333333333,163.0,196.55,199.0,6.224353400002087,239.92313116500063,0.0,0,0,0,0,0,0,0,0,0,0,,,,,,,,,,,,,,,,,,,,,,,,,,,,,,,,,,,,,,,,,,,,,,,,,,,,,,,,,,,,,,,,,,,,,,,,,,,,,,,,,,,,,,,,,,,,,,,,,,,,,,,,,,,,,,,,,,,,,,0,0,0,0,0,0,0,0,0,0,0,0,0,0,0,0,0,0,0,0
runs\logs\crm_results_dir\production_benchmark_summary.csv,runs\logs\crm_results_dir\results\prod_arxiv_s20260608_q50_types_all_sizes20_50_100_neural_no_signature_b20_50_100_200_per_query.csv,arxiv,arxiv,20260608,arxiv,multi_coarse,20,hybrid,neural_no_signature,none,50,0,50,0,0,0,0,0,0,50,0,0.9181009640199994,0.944985048000035,1.0631993962000137,85944.16,122616.95000000001,0.0,7773.824717496675,37766.7204564482,4.38,0.026924999999999998,0.5326666666666666,178.0,198.0,198.51,5.2513321600019935,229.52524100499986,0.0,0,0,0,0,0,0,0,0,0,0,,,,,,,,,,,,,,,,,,,,,,,,,,,,,,,,,,,,,,,,,,,,,,,,,,,,,,,,,,,,,,,,,,,,,,,,,,,,,,,,,,,,,,,,,,,,,,,,,,,,,,,,,,,,,,,,,,,,,,0,0,0,0,0,0,0,0,0,0,0,0,0,0,0,0,0,0,0,0
runs\logs\crm_results_dir\production_benchmark_summary.csv,runs\logs\crm_results_dir\results\prod_arxiv_s20260608_q50_types_all_sizes20_50_100_neural_no_component_b20_50_100_200_per_query.csv,arxiv,arxiv,20260608,arxiv,multi_coarse,50,hybrid,neural_no_component,type_feat32,50,50,50,0,50,0,0,0,0,50,0,1.4102166533999934,1.58404531299999,1.709055460799914,270.44,511.9999999999997,0.0,3627.2560244154597,44878.46587604825,4.4,0.027802197802197805,0.48827838827838826,160.5,195.55,197.51,6.585458576930043,331.95007730219726,55.472080225273444,0,0,0,0,3,12,35,0,0,0,,,,,,,,,,,,,,,,,,,,,,,,,,,,,,,,,,,,,,,,,,,,,,,,,,,,,,,,,,,,,,,,,,,,,,,,,,,,,,,,,,,,,,,,,,,,,,,,,,,,,,,,,,,,,,,,,,,,,,0,0,0,0,0,0,0,0,3,3,12,15,35,50,0,50,0,50,0,50
runs\logs\crm_results_dir\production_benchmark_summary.csv,runs\logs\crm_results_dir\results\prod_arxiv_s20260608_q50_types_all_sizes20_50_100_neural_no_overlap_b20_50_100_200_per_query.csv,arxiv,arxiv,20260608,arxiv,multi_coarse,50,hybrid,neural_no_overlap,type_feat32,50,1,50,0,1,0,0,0,0,50,0,0.9912494545800052,0.9856607520000011,1.0176876575499079,191.14,355.19999999999993,1.0,5302.296183242181,93618.0137989307,4.4,0.02735,0.5343333333333333,160.5,195.55,197.51,6.344428119992926,247.63839083000138,0.17397281499995643,0,0,0,0,0,0,1,0,0,0,,,,,,,,,,,,,,,,,,,,,,,,,,,,,,,,,,,,,,,,,,,,,,,,,,,,,,,,,,,,,,,,,,,,,,,,,,,,,,,,,,,,,,,,,,,,,,,,,,,,,,,,,,,,,,,,,,,,,,0,0,0,0,0,0,0,0,0,0,0,0,1,1,0,1,0,1,0,1
runs\logs\crm_results_dir\production_benchmark_summary.csv,runs\logs\crm_results_dir\results\prod_arxiv_s20260608_q50_types_all_sizes20_50_100_neural_no_signature_b20_50_100_200_per_query.csv,arxiv,arxiv,20260608,arxiv,multi_coarse,50,hybrid,neural_no_signature,none,50,1,50,0,1,0,0,0,0,50,0,0.8996119486399743,0.9813126579999789,1.2015776554499609,77658.04,121748.54999999999,1.0,3116.4489436595745,9245.42800641181,4.4,0.0357035175879397,0.6056951423785595,171.5,199.0,200.0,5.754636964820519,225.8480600803957,0.18509284422095365,0,0,0,0,0,1,0,0,0,0,,,,,,,,,,,,,,,,,,,,,,,,,,,,,,,,,,,,,,,,,,,,,,,,,,,,,,,,,,,,,,,,,,,,,,,,,,,,,,,,,,,,,,,,,,,,,,,,,,,,,,,,,,,,,,,,,,,,,,0,0,0,0,0,0,0,0,0,0,1,1,0,1,0,1,0,1,0,1
runs\logs\crm_results_dir\production_benchmark_summary.csv,runs\logs\crm_results_dir\results\prod_arxiv_s20260608_q50_types_all_sizes20_50_100_neural_no_component_b20_50_100_200_per_query.csv,arxiv,arxiv,20260608,arxiv,multi_coarse,100,hybrid,neural_no_component,type_feat32,50,50,50,0,50,0,0,0,0,50,0,1.756890310539991,1.83089838699982,2.133012788149955,532.44,878.0,0.0,1773.9678009980673,23628.271050596166,4.1,0.02531413612565445,0.47408376963350785,176.0,197.0,198.51,6.727214602094841,360.3939817801008,99.52494768062981,0,0,0,0,0,9,41,0,0,0,,,,,,,,,,,,,,,,,,,,,,,,,,,,,,,,,,,,,,,,,,,,,,,,,,,,,,,,,,,,,,,,,,,,,,,,,,,,,,,,,,,,,,,,,,,,,,,,,,,,,,,,,,,,,,,,,,,,,,0,0,0,0,0,0,0,0,0,0,9,9,41,50,0,50,0,50,0,50
runs\logs\crm_results_dir\production_benchmark_summary.csv,runs\logs\crm_results_dir\results\prod_arxiv_s20260608_q50_types_all_sizes20_50_100_neural_no_overlap_b20_50_100_200_per_query.csv,arxiv,arxiv,20260608,arxiv,multi_coarse,100,hybrid,neural_no_overlap,type_feat32,50,0,50,0,0,0,0,0,0,50,0,1.0483006904999865,1.0488818300000844,1.0584206104500198,386.26,690.1999999999997,0.0,2640.9580506180046,73320.58472907926,4.1,0.025175,0.49774999999999997,176.0,197.0,198.51,6.381763599988517,262.07517262499664,0.0,0,0,0,0,0,0,0,0,0,0,,,,,,,,,,,,,,,,,,,,,,,,,,,,,,,,,,,,,,,,,,,,,,,,,,,,,,,,,,,,,,,,,,,,,,,,,,,,,,,,,,,,,,,,,,,,,,,,,,,,,,,,,,,,,,,,,,,,,,0,0,0,0,0,0,0,0,0,0,0,0,0,0,0,0,0,0,0,0
runs\logs\crm_results_dir\production_benchmark_summary.csv,runs\logs\crm_results_dir\results\prod_arxiv_s20260608_q50_types_all_sizes20_50_100_neural_no_signature_b20_50_100_200_per_query.csv,arxiv,arxiv,20260608,arxiv,multi_coarse,100,hybrid,neural_no_signature,none,50,0,50,0,0,0,0,0,0,50,0,0.9776911340399829,1.0027329269997836,1.3604257921497833,75107.78,121407.85,0.0,1555.9810452724664,3401.8135604235904,4.1,0.037425,0.642,167.0,198.0,198.0,5.774396459983109,244.42278350999572,0.0,0,0,0,0,0,0,0,0,0,0,,,,,,,,,,,,,,,,,,,,,,,,,,,,,,,,,,,,,,,,,,,,,,,,,,,,,,,,,,,,,,,,,,,,,,,,,,,,,,,,,,,,,,,,,,,,,,,,,,,,,,,,,,,,,,,,,,,,,,0,0,0,0,0,0,0,0,0,0,0,0,0,0,0,0,0,0,0,0
runs\logs\crm_results_dir\production_benchmark_summary.csv,runs\logs\crm_results_dir\results\prod_arxiv_s20260608_q50_types_all_sizes20_50_100_neural_no_component_b20_50_100_200_per_query.csv,arxiv,arxiv,20260608,arxiv,multi_fine,20,hybrid,neural_no_component,type_feat32,50,50,50,0,50,0,0,0,0,50,0,1.041477312779998,0.9680002834999897,1.5536444068499797,97.26,217.1,0.0,15152.03929426791,160774.77281947449,1.0,0.004012738853503185,0.3184713375796178,107.0,187.64999999999998,190.0,6.756800044587461,304.164492254777,27.51618060509502,0,0,0,4,9,13,24,0,0,0,,,,,,,,,,,,,,,,,,,,,,,,,,,,,,,,,,,,,,,,,,,,,,,,,,,,,,,,,,,,,,,,,,,,,,,,,,,,,,,,,,,,,,,,,,,,,,,,,,,,,,,,,,,,,,,,,,,,,,0,0,0,0,0,0,4,4,9,13,13,26,24,50,0,50,0,50,0,50
runs\logs\crm_results_dir\production_benchmark_summary.csv,runs\logs\crm_results_dir\results\prod_arxiv_s20260608_q50_types_all_sizes20_50_100_neural_no_overlap_b20_50_100_200_per_query.csv,arxiv,arxiv,20260608,arxiv,multi_fine,20,hybrid,neural_no_overlap,type_feat32,50,12,50,0,12,0,0,0,0,50,0,0.9026830009399995,0.9594570124999962,0.9810803751500102,56.06,159.84999999999997,4.84,32919.460883448424,214123.86711509325,1.0,0.004792746113989638,0.44559585492227977,107.0,187.64999999999998,190.0,6.295604435233234,232.5091210259065,1.3465786994819642,0,0,0,0,2,3,7,0,0,0,,,,,,,,,,,,,,,,,,,,,,,,,,,,,,,,,,,,,,,,,,,,,,,,,,,,,,,,,,,,,,,,,,,,,,,,,,,,,,,,,,,,,,,,,,,,,,,,,,,,,,,,,,,,,,,,,,,,,,0,0,0,0,0,0,0,0,2,2,3,5,7,12,0,12,0,12,0,12
runs\logs\crm_results_dir\production_benchmark_summary.csv,runs\logs\crm_results_dir\results\prod_arxiv_s20260608_q50_types_all_sizes20_50_100_neural_no_signature_b20_50_100_200_per_query.csv,arxiv,arxiv,20260608,arxiv,multi_fine,20,hybrid,neural_no_signature,none,50,12,50,0,12,0,0,0,0,50,0,0.5874545134400031,0.7313746329999873,0.9791724609000113,49303.98,119851.4,4.86,7841.330929771068,34476.49582514374,1.0,0.009752747252747253,0.6153846153846154,62.5,183.2,190.60999999999999,5.017922291210481,160.14635012637459,1.2422524670328812,0,0,0,3,3,3,3,0,0,0,,,,,,,,,,,,,,,,,,,,,,,,,,,,,,,,,,,,,,,,,,,,,,,,,,,,,,,,,,,,,,,,,,,,,,,,,,,,,,,,,,,,,,,,,,,,,,,,,,,,,,,,,,,,,,,,,,,,,,0,0,0,0,0,0,3,3,3,6,3,9,3,12,0,12,0,12,0,12
runs\logs\crm_results_dir\production_benchmark_summary.csv,runs\logs\crm_results_dir\results\prod_arxiv_s20260608_q50_types_all_sizes20_50_100_neural_no_component_b20_50_100_200_per_query.csv,arxiv,arxiv,20260608,arxiv,multi_fine,50,hybrid,neural_no_component,type_feat32,50,50,50,0,50,0,0,0,0,50,0,1.1433266322600093,1.4741789554999798,1.6546980324999936,184.6,468.14999999999986,0.0,4524.555569103889,166739.79634088554,1.0,0.004025157232704402,0.31446540880503143,114.0,191.55,196.51,6.542871169813225,315.70932089937037,43.82735591195332,0,0,0,5,7,12,26,0,0,0,,,,,,,,,,,,,,,,,,,,,,,,,,,,,,,,,,,,,,,,,,,,,,,,,,,,,,,,,,,,,,,,,,,,,,,,,,,,,,,,,,,,,,,,,,,,,,,,,,,,,,,,,,,,,,,,,,,,,,0,0,0,0,0,0,5,5,7,12,12,24,26,50,0,50,0,50,0,50
runs\logs\crm_results_dir\production_benchmark_summary.csv,runs\logs\crm_results_dir\results\prod_arxiv_s20260608_q50_types_all_sizes20_50_100_neural_no_overlap_b20_50_100_200_per_query.csv,arxiv,arxiv,20260608,arxiv,multi_fine,50,hybrid,neural_no_overlap,type_feat32,50,20,50,0,20,0,0,0,0,50,0,0.9164851535399964,0.9856401920000337,1.0296490216000223,102.4,235.04999999999995,20.14,9073.856090037973,225772.26565701465,1.0,0.004842931937172775,0.4293193717277487,114.0,191.55,196.51,6.305957685861177,236.1790181623032,3.7385612984288406,0,0,0,0,2,5,13,0,0,0,,,,,,,,,,,,,,,,,,,,,,,,,,,,,,,,,,,,,,,,,,,,,,,,,,,,,,,,,,,,,,,,,,,,,,,,,,,,,,,,,,,,,,,,,,,,,,,,,,,,,,,,,,,,,,,,,,,,,,0,0,0,0,0,0,0,0,2,2,5,7,13,20,0,20,0,20,0,20
runs\logs\crm_results_dir\production_benchmark_summary.csv,runs\logs\crm_results_dir\results\prod_arxiv_s20260608_q50_types_all_sizes20_50_100_neural_no_signature_b20_50_100_200_per_query.csv,arxiv,arxiv,20260608,arxiv,multi_fine,50,hybrid,neural_no_signature,none,50,20,50,0,20,0,0,0,0,50,0,0.3901581991200214,0.3082555520000483,0.9557352506500079,16854.9,77780.7,20.14,3234.164458199789,9850.065349514725,1.0,0.018459119496855345,0.8490566037735849,4.5,135.54999999999995,162.02,5.446541647803406,118.75637022642094,3.9348873584914665,0,0,0,9,6,2,3,0,0,0,,,,,,,,,,,,,,,,,,,,,,,,,,,,,,,,,,,,,,,,,,,,,,,,,,,,,,,,,,,,,,,,,,,,,,,,,,,,,,,,,,,,,,,,,,,,,,,,,,,,,,,,,,,,,,,,,,,,,,0,0,0,0,0,0,9,9,6,15,2,17,3,20,0,20,0,20,0,20
runs\logs\crm_results_dir\production_benchmark_summary.csv,runs\logs\crm_results_dir\results\prod_arxiv_s20260608_q50_types_all_sizes20_50_100_neural_no_component_b20_50_100_200_per_query.csv,arxiv,arxiv,20260608,arxiv,multi_fine,100,hybrid,neural_no_component,type_feat32,50,50,50,0,50,0,0,0,0,50,0,1.3910638212999675,1.583477930000015,1.9860682351499916,367.58,861.8999999999996,0.0,2361.5041326556734,72499.57207310546,1.0,0.003154761904761905,0.2976190476190476,125.5,192.55,193.51,6.649452404763186,337.25820613690126,76.74888353570809,0,0,0,3,6,11,30,0,0,0,,,,,,,,,,,,,,,,,,,,,,,,,,,,,,,,,,,,,,,,,,,,,,,,,,,,,,,,,,,,,,,,,,,,,,,,,,,,,,,,,,,,,,,,,,,,,,,,,,,,,,,,,,,,,,,,,,,,,,0,0,0,0,0,0,3,3,6,9,11,20,30,50,0,50,0,50,0,50
runs\logs\crm_results_dir\production_benchmark_summary.csv,runs\logs\crm_results_dir\results\prod_arxiv_s20260608_q50_types_all_sizes20_50_100_neural_no_overlap_b20_50_100_200_per_query.csv,arxiv,arxiv,20260608,arxiv,multi_fine,100,hybrid,neural_no_overlap,type_feat32,50,34,50,0,34,0,0,0,0,50,0,0.9751822913799947,1.07967887500007,1.120357907600038,211.12,494.75,68.24,4550.27291227005,255063.9200514238,1.0,0.0036631016042780753,0.3689839572192513,125.5,192.55,193.51,6.513897534775428,249.59583546523936,11.148092711229818,0,0,0,1,2,6,25,0,0,0,,,,,,,,,,,,,,,,,,,,,,,,,,,,,,,,,,,,,,,,,,,,,,,,,,,,,,,,,,,,,,,,,,,,,,,,,,,,,,,,,,,,,,,,,,,,,,,,,,,,,,,,,,,,,,,,,,,,,,0,0,0,0,0,0,1,1,2,3,6,9,25,34,0,34,0,34,0,34
runs\logs\crm_results_dir\production_benchmark_summary.csv,runs\logs\crm_results_dir\results\prod_arxiv_s20260608_q50_types_all_sizes20_50_100_neural_no_signature_b20_50_100_200_per_query.csv,arxiv,arxiv,20260608,arxiv,multi_fine,100,hybrid,neural_no_signature,none,50,34,50,0,34,0,0,0,0,50,0,0.380175241399993,0.3535143914999139,1.0709382270502033,21204.72,84337.29999999999,68.26,1607.020779907276,3769.4002936226902,1.0,0.0193801652892562,0.7603305785123967,3.0,161.1,188.68999999999994,5.561793958680607,142.62340044627794,14.473806743801806,0,0,0,21,6,4,3,0,0,0,,,,,,,,,,,,,,,,,,,,,,,,,,,,,,,,,,,,,,,,,,,,,,,,,,,,,,,,,,,,,,,,,,,,,,,,,,,,,,,,,,,,,,,,,,,,,,,,,,,,,,,,,,,,,,,,,,,,,,0,0,0,0,0,0,21,21,6,27,4,31,3,34,0,34,0,34,0,34
runs\lightning_mag_full\gcp_cpux8_w1_v3_neural_seed1_verify_final\summary.csv,runs\lightning_mag_full\gcp_cpux8_w1_v3_neural_seed1_verify_final\results\prod_mag_rgcn_seed7202_s20260607_q50_types_all_sizes20_50_100_neural_component_b20_50_100_200_500_1000_per_query.csv,mag,mag,20260607,mag_rgcn_final,k_hop,20,hybrid,neural_component,type_rel_feat32,50,49,50,0,49,0,0,0,0,47,0,3.55654108810013,1.5155790335002166,13.3294470572011,59803.44,330178.85,223.06,5541.257530231965,1471214.2048198553,10.02,0.06911475409836065,0.3346416929529273,1174.0,1931.6,1974.2399999999998,17.80312755736155,1443.7507103689536,13.848096229460188,0,0,0,25,6,5,3,8,2,0,,,,,,,,,,,,,,,,,,,,,,,,,,,,,,,,,,,,,,,,,,,,,,,,,,,,,,,,,,,,,,,,,,,,,,,,,,,,,,,,,,,,,,,,,,,,,,,,,,,,,,,,,,,,,,,,,,,,,,0,0,0,0,0,0,25,25,6,31,5,36,3,39,8,47,2,49,0,49
runs\lightning_mag_full\gcp_cpux8_w1_v3_neural_seed1_verify_final\summary.csv,runs\lightning_mag_full\gcp_cpux8_w1_v3_neural_seed1_verify_final\results\prod_mag_rgcn_seed7202_s20260607_q50_types_all_sizes20_50_100_neural_component_b20_50_100_200_500_1000_per_query.csv,mag,mag,20260607,mag_rgcn_final,k_hop,50,hybrid,neural_component,type_rel_feat32,50,46,50,0,46,0,0,0,1,43,1,6.076628400100454,2.5342384160030633,16.537934899001446,144514.12,501407.84999999986,883.94,2640.603200542389,439753.09023608046,28.64,0.08901282051282051,0.2301109806695385,1804.0,1991.1000000000001,1995.5700000000002,20.745666474445336,1789.3918173398654,158.24549038463888,0,0,0,15,11,3,1,12,4,0,,,,,,,,,,,,,,,,,,,,,,,,,,,,,,,,,,,,,,,,,,,,,,,,,,,,,,,,,,,,,,,,,,,,,,,,,,,,,,,,,,,,,,,,,,,,,,,,,,,,,,,,,,,,,,,,,,,,,,0,0,0,0,0,0,15,15,11,26,3,29,1,30,12,42,4,46,0,46
runs\lightning_mag_full\gcp_cpux8_w1_v3_neural_seed1_verify_final\summary.csv,runs\lightning_mag_full\gcp_cpux8_w1_v3_neural_seed1_verify_final\results\prod_mag_rgcn_seed7202_s20260607_q50_types_all_sizes20_50_100_neural_component_b20_50_100_200_500_1000_per_query.csv,mag,mag,20260607,mag_rgcn_final,k_hop,100,hybrid,neural_component,type_rel_feat32,50,47,50,0,47,0,0,0,1,47,1,8.014826570119768,6.254912668999168,21.37204445855386,105039.0,414027.79999999976,700.36,1070.1405210548678,167549.91293094412,51.64,0.168472049689441,0.24342208835182153,1854.5,1992.75,1997.02,36.23758104349803,2321.841413360145,167.2351612112111,0,0,0,14,5,6,9,11,2,0,,,,,,,,,,,,,,,,,,,,,,,,,,,,,,,,,,,,,,,,,,,,,,,,,,,,,,,,,,,,,,,,,,,,,,,,,,,,,,,,,,,,,,,,,,,,,,,,,,,,,,,,,,,,,,,,,,,,,,0,0,0,0,0,0,14,14,5,19,6,25,9,34,11,45,2,47,0,47
runs\lightning_mag_full\gcp_cpux8_w1_v3_neural_seed1_verify_final\summary.csv,runs\lightning_mag_full\gcp_cpux8_w1_v3_neural_seed1_verify_final\results\prod_mag_rgcn_seed7202_s20260607_q50_types_all_sizes20_50_100_neural_component_b20_50_100_200_500_1000_per_query.csv,mag,mag,20260607,mag_rgcn_final,degree_k_hop,20,hybrid,neural_component,type_rel_feat32,50,47,50,0,47,0,0,0,1,48,1,3.9439209561598547,0.40348773849927966,21.083092333500645,47418.84,338681.74999999977,403.24,11485.042637047089,1107570.5537569625,10.44,0.07252884615384615,0.2938641015846898,1235.5,1883.9,1936.6999999999998,26.978922499945558,1738.5160891922346,157.59975511538798,0,0,0,30,6,4,3,2,2,0,,,,,,,,,,,,,,,,,,,,,,,,,,,,,,,,,,,,,,,,,,,,,,,,,,,,,,,,,,,,,,,,,,,,,,,,,,,,,,,,,,,,,,,,,,,,,,,,,,,,,,,,,,,,,,,,,,,,,,0,0,0,0,0,0,30,30,6,36,4,40,3,43,2,45,2,47,0,47
runs\lightning_mag_full\gcp_cpux8_w1_v3_neural_seed1_verify_final\summary.csv,runs\lightning_mag_full\gcp_cpux8_w1_v3_neural_seed1_verify_final\results\prod_mag_rgcn_seed7202_s20260607_q50_types_all_sizes20_50_100_neural_component_b20_50_100_200_500_1000_per_query.csv,mag,mag,20260607,mag_rgcn_final,degree_k_hop,50,hybrid,neural_component,type_rel_feat32,50,45,50,0,45,0,0,0,3,46,3,7.664773112059847,6.960740774002261,20.576779460454055,100375.56,450652.8,1084.54,2524.3058858398813,287674.07572131697,26.46,0.11825490196078431,0.2898064083025008,1744.5,1980.65,1987.1,28.94686443166803,2232.2457016732596,272.5821127253832,0,0,0,17,4,3,9,10,2,0,,,,,,,,,,,,,,,,,,,,,,,,,,,,,,,,,,,,,,,,,,,,,,,,,,,,,,,,,,,,,,,,,,,,,,,,,,,,,,,,,,,,,,,,,,,,,,,,,,,,,,,,,,,,,,,,,,,,,,0,0,0,0,0,0,17,17,4,21,3,24,9,33,10,43,2,45,0,45
runs\lightning_mag_full\gcp_cpux8_w1_v3_neural_seed1_verify_final\summary.csv,runs\lightning_mag_full\gcp_cpux8_w1_v3_neural_seed1_verify_final\results\prod_mag_rgcn_seed7202_s20260607_q50_types_all_sizes20_50_100_neural_component_b20_50_100_200_500_1000_per_query.csv,mag,mag,20260607,mag_rgcn_final,degree_k_hop,100,hybrid,neural_component,type_rel_feat32,50,44,50,0,44,0,0,0,4,47,4,10.115524442360329,7.3427301199990325,24.987129362099402,170455.86,611333.45,2188.8,1233.0294117894261,116283.20228603884,54.74,0.16915254237288135,0.2625809184112154,1849.5,1992.5500000000002,1996.02,30.255775530478097,2344.7415775989493,512.7512027288273,0,0,0,9,11,3,3,8,10,0,,,,,,,,,,,,,,,,,,,,,,,,,,,,,,,,,,,,,,,,,,,,,,,,,,,,,,,,,,,,,,,,,,,,,,,,,,,,,,,,,,,,,,,,,,,,,,,,,,,,,,,,,,,,,,,,,,,,,,0,0,0,0,0,0,9,9,11,20,3,23,3,26,8,34,10,44,0,44
runs\lightning_mag_full\gcp_cpux8_w1_v3_neural_seed1_verify_final\summary.csv,runs\lightning_mag_full\gcp_cpux8_w1_v3_neural_seed1_verify_final\results\prod_mag_rgcn_seed7202_s20260607_q50_types_all_sizes20_50_100_neural_component_b20_50_100_200_500_1000_per_query.csv,mag,mag,20260607,mag_rgcn_final,random_walk,20,hybrid,neural_component,type_rel_feat32,50,47,50,0,47,0,0,0,0,41,0,8.15551235436018,7.949110839502282,16.143386100850147,96322.62,383474.54999999993,236.96,7284.205333875949,832157.2781429964,12.32,0.06502475247524753,0.41618038385847905,1377.0,1904.1999999999998,1935.26,17.63504324285485,2007.907089272332,10.784087549494654,0,0,0,5,6,9,5,12,10,0,,,,,,,,,,,,,,,,,,,,,,,,,,,,,,,,,,,,,,,,,,,,,,,,,,,,,,,,,,,,,,,,,,,,,,,,,,,,,,,,,,,,,,,,,,,,,,,,,,,,,,,,,,,,,,,,,,,,,,0,0,0,0,0,0,5,5,6,11,9,20,5,25,12,37,10,47,0,47
runs\lightning_mag_full\gcp_cpux8_w1_v3_neural_seed1_verify_final\summary.csv,runs\lightning_mag_full\gcp_cpux8_w1_v3_neural_seed1_verify_final\results\prod_mag_rgcn_seed7202_s20260607_q50_types_all_sizes20_50_100_neural_component_b20_50_100_200_500_1000_per_query.csv,mag,mag,20260607,mag_rgcn_final,random_walk,50,hybrid,neural_component,type_rel_feat32,50,35,50,0,35,0,0,0,1,32,1,17.03581679267998,16.63219269900037,25.216781549548976,232382.78,530360.7999999999,1415.94,1015.00155271135,199975.03835816038,29.14,0.07814179104477612,0.365119167408311,1778.5,1995.55,1997.51,26.486705511133685,3070.893913283509,107.43011520156217,0,0,0,0,2,1,2,17,13,0,,,,,,,,,,,,,,,,,,,,,,,,,,,,,,,,,,,,,,,,,,,,,,,,,,,,,,,,,,,,,,,,,,,,,,,,,,,,,,,,,,,,,,,,,,,,,,,,,,,,,,,,,,,,,,,,,,,,,,0,0,0,0,0,0,0,0,2,2,1,3,2,5,17,22,13,35,0,35
runs\lightning_mag_full\gcp_cpux8_w1_v3_neural_seed1_verify_final\summary.csv,runs\lightning_mag_full\gcp_cpux8_w1_v3_neural_seed1_verify_final\results\prod_mag_rgcn_seed7202_s20260607_q50_types_all_sizes20_50_100_neural_component_b20_50_100_200_500_1000_per_query.csv,mag,mag,20260607,mag_rgcn_final,random_walk,100,hybrid,neural_component,type_rel_feat32,50,16,50,0,16,0,0,0,6,14,6,23.701372717099513,22.69281204049912,36.21163987525523,356703.78,534358.0499999999,3011.7,435.124572627142,79104.8820534321,58.56,0.10474744027303755,0.3224677326071012,1927.5,1993.1,1998.02,35.5175495836413,3702.1964724777727,342.4063802695846,0,0,0,0,0,0,1,4,11,0,,,,,,,,,,,,,,,,,,,,,,,,,,,,,,,,,,,,,,,,,,,,,,,,,,,,,,,,,,,,,,,,,,,,,,,,,,,,,,,,,,,,,,,,,,,,,,,,,,,,,,,,,,,,,,,,,,,,,,0,0,0,0,0,0,0,0,0,0,0,0,1,1,4,5,11,16,0,16
runs\lightning_mag_full\gcp_cpux8_w1_v3_neural_seed1_verify_final\summary.csv,runs\lightning_mag_full\gcp_cpux8_w1_v3_neural_seed1_verify_final\results\prod_mag_rgcn_seed7202_s20260607_q50_types_all_sizes20_50_100_neural_component_b20_50_100_200_500_1000_per_query.csv,mag,mag,20260607,mag_rgcn_final,single,20,hybrid,neural_component,type_rel_feat32,50,49,50,0,49,0,0,0,0,46,0,1.4063314988596902,0.2110751704994982,7.882146089549758,33855.8,205001.34999999957,75.3,2650.936647232555,1034951.5471681829,1.0,0.02505,0.575,8.5,187.5999999999998,922.2799999999982,16.879081987735844,870.6116481873778,8.345538599928659,0,0,0,39,2,3,3,2,0,0,,,,,,,,,,,,,,,,,,,,,,,,,,,,,,,,,,,,,,,,,,,,,,,,,,,,,,,,,,,,,,,,,,,,,,,,,,,,,,,,,,,,,,,,,,,,,,,,,,,,,,,,,,,,,,,,,,,,,,0,0,0,0,0,0,39,39,2,41,3,44,3,47,2,49,0,49,0,49
runs\lightning_mag_full\gcp_cpux8_w1_v3_neural_seed1_verify_final\summary.csv,runs\lightning_mag_full\gcp_cpux8_w1_v3_neural_seed1_verify_final\results\prod_mag_rgcn_seed7202_s20260607_q50_types_all_sizes20_50_100_neural_component_b20_50_100_200_500_1000_per_query.csv,mag,mag,20260607,mag_rgcn_final,single,50,hybrid,neural_component,type_rel_feat32,50,50,50,0,50,0,0,0,0,48,0,0.9904441844599206,0.25951283250014967,6.116852133598785,21186.04,41678.09999999999,150.82,2072.964815540429,138459.02210050938,1.0,0.031161764705882358,0.6911764705882353,6.5,116.34999999999972,834.3199999999975,18.965703661706357,708.5204085294529,19.7473741616651,0,0,0,42,4,0,2,2,0,0,,,,,,,,,,,,,,,,,,,,,,,,,,,,,,,,,,,,,,,,,,,,,,,,,,,,,,,,,,,,,,,,,,,,,,,,,,,,,,,,,,,,,,,,,,,,,,,,,,,,,,,,,,,,,,,,,,,,,,0,0,0,0,0,0,42,42,4,46,0,46,2,48,2,50,0,50,0,50
runs\lightning_mag_full\gcp_cpux8_w1_v3_neural_seed1_verify_final\summary.csv,runs\lightning_mag_full\gcp_cpux8_w1_v3_neural_seed1_verify_final\results\prod_mag_rgcn_seed7202_s20260607_q50_types_all_sizes20_50_100_neural_component_b20_50_100_200_500_1000_per_query.csv,mag,mag,20260607,mag_rgcn_final,single,100,hybrid,neural_component,type_rel_feat32,50,50,50,0,50,0,0,0,0,50,0,1.9658010182404542,0.4045152140006394,10.887234045100543,42705.8,253482.59999999963,203.3,681.2879126255918,407513.300828562,1.0,0.029000000000000005,0.6666666666666666,4.5,119.54999999999994,404.1899999999999,35.57986253338944,1278.0355846669893,32.49842749331341,0,0,0,43,0,0,4,2,1,0,,,,,,,,,,,,,,,,,,,,,,,,,,,,,,,,,,,,,,,,,,,,,,,,,,,,,,,,,,,,,,,,,,,,,,,,,,,,,,,,,,,,,,,,,,,,,,,,,,,,,,,,,,,,,,,,,,,,,,0,0,0,0,0,0,43,43,0,43,0,43,4,47,2,49,1,50,0,50
runs\lightning_mag_full\gcp_cpux8_w1_v3_neural_seed1_verify_final\summary.csv,runs\lightning_mag_full\gcp_cpux8_w1_v3_neural_seed1_verify_final\results\prod_mag_rgcn_seed7202_s20260607_q50_types_all_sizes20_50_100_neural_component_b20_50_100_200_500_1000_per_query.csv,mag,mag,20260607,mag_rgcn_final,multi_coarse,20,hybrid,neural_component,type_rel_feat32,50,0,50,0,0,0,0,0,0,41,0,15.710625077840524,15.611277820001305,17.15159893175214,358869.68,561598.75,0.0,1336.8045567645727,1294572.6812355751,4.18,0.014256666666666667,0.5057222222222222,723.5,1544.6499999999999,1859.3399999999997,17.343998760006798,2618.4375129734203,0.0,0,0,0,0,0,0,0,0,0,0,,,,,,,,,,,,,,,,,,,,,,,,,,,,,,,,,,,,,,,,,,,,,,,,,,,,,,,,,,,,,,,,,,,,,,,,,,,,,,,,,,,,,,,,,,,,,,,,,,,,,,,,,,,,,,,,,,,,,,0,0,0,0,0,0,0,0,0,0,0,0,0,0,0,0,0,0,0,0
runs\lightning_mag_full\gcp_cpux8_w1_v3_neural_seed1_verify_final\summary.csv,runs\lightning_mag_full\gcp_cpux8_w1_v3_neural_seed1_verify_final\results\prod_mag_rgcn_seed7202_s20260607_q50_types_all_sizes20_50_100_neural_component_b20_50_100_200_500_1000_per_query.csv,mag,mag,20260607,mag_rgcn_final,multi_coarse,50,hybrid,neural_component,type_rel_feat32,50,0,50,0,0,0,0,0,0,41,0,15.668299057020013,15.556527202500547,17.32929432139963,496684.3,620873.75,0.0,184.63896930973897,989909.0346778961,4.4,0.013850000000000001,0.5097222222222222,621.5,1395.75,1795.3,20.32108406012412,2611.383176170002,0.0,0,0,0,0,0,0,0,0,0,0,,,,,,,,,,,,,,,,,,,,,,,,,,,,,,,,,,,,,,,,,,,,,,,,,,,,,,,,,,,,,,,,,,,,,,,,,,,,,,,,,,,,,,,,,,,,,,,,,,,,,,,,,,,,,,,,,,,,,,0,0,0,0,0,0,0,0,0,0,0,0,0,0,0,0,0,0,0,0
runs\lightning_mag_full\gcp_cpux8_w1_v3_neural_seed1_verify_final\summary.csv,runs\lightning_mag_full\gcp_cpux8_w1_v3_neural_seed1_verify_final\results\prod_mag_rgcn_seed7202_s20260607_q50_types_all_sizes20_50_100_neural_component_b20_50_100_200_500_1000_per_query.csv,mag,mag,20260607,mag_rgcn_final,multi_coarse,100,hybrid,neural_component,type_rel_feat32,50,2,50,0,2,0,0,0,0,38,0,21.33756332626028,21.25714519450412,24.49790673124462,540955.6,672019.05,6.82,177.87414501094818,302638.56429651805,4.66,0.020067340067340067,0.5494388327721661,567.0,1552.2999999999997,1646.29,37.01734744440927,3591.6385697912933,0.5438083670026997,0,0,0,0,0,0,1,1,0,0,,,,,,,,,,,,,,,,,,,,,,,,,,,,,,,,,,,,,,,,,,,,,,,,,,,,,,,,,,,,,,,,,,,,,,,,,,,,,,,,,,,,,,,,,,,,,,,,,,,,,,,,,,,,,,,,,,,,,,0,0,0,0,0,0,0,0,0,0,0,0,1,1,1,2,0,2,0,2
runs\lightning_mag_full\gcp_cpux8_w1_v3_neural_seed1_verify_final\summary.csv,runs\lightning_mag_full\gcp_cpux8_w1_v3_neural_seed1_verify_final\results\prod_mag_rgcn_seed7202_s20260607_q50_types_all_sizes20_50_100_neural_component_b20_50_100_200_500_1000_per_query.csv,mag,mag,20260607,mag_rgcn_final,multi_fine,20,hybrid,neural_component,type_rel_feat32,50,6,50,0,6,0,0,0,0,50,0,13.453882291100417,14.99813952850036,16.03833829905052,308118.04,562724.9999999999,12.04,1036.7535988405773,1151536.1570290183,1.0,0.011868613138686132,0.8759124087591241,6.0,162.8499999999999,396.3999999999993,17.28058754010452,2454.7796760329165,0.30833329197696374,0,0,0,5,0,0,0,1,0,0,,,,,,,,,,,,,,,,,,,,,,,,,,,,,,,,,,,,,,,,,,,,,,,,,,,,,,,,,,,,,,,,,,,,,,,,,,,,,,,,,,,,,,,,,,,,,,,,,,,,,,,,,,,,,,,,,,,,,,0,0,0,0,0,0,5,5,0,5,0,5,0,5,1,6,0,6,0,6
runs\lightning_mag_full\gcp_cpux8_w1_v3_neural_seed1_verify_final\summary.csv,runs\lightning_mag_full\gcp_cpux8_w1_v3_neural_seed1_verify_final\results\prod_mag_rgcn_seed7202_s20260607_q50_types_all_sizes20_50_100_neural_component_b20_50_100_200_500_1000_per_query.csv,mag,mag,20260607,mag_rgcn_final,multi_fine,50,hybrid,neural_component,type_rel_feat32,50,17,50,0,17,0,0,0,0,50,0,10.258463902980257,15.160960333501862,16.232086897900537,311713.48,596288.5,123.8,412.3344223274035,225474.68051929274,1.0,0.016134883720930235,0.9534883720930233,2.0,46.499999999999915,77.29999999999994,19.731744228133614,2381.9989317023674,3.690348060483175,0,0,0,17,0,0,0,0,0,0,,,,,,,,,,,,,,,,,,,,,,,,,,,,,,,,,,,,,,,,,,,,,,,,,,,,,,,,,,,,,,,,,,,,,,,,,,,,,,,,,,,,,,,,,,,,,,,,,,,,,,,,,,,,,,,,,,,,,,0,0,0,0,0,0,17,17,0,17,0,17,0,17,0,17,0,17,0,17
runs\lightning_mag_full\gcp_cpux8_w1_v3_neural_seed1_verify_final\summary.csv,runs\lightning_mag_full\gcp_cpux8_w1_v3_neural_seed1_verify_final\results\prod_mag_rgcn_seed7202_s20260607_q50_types_all_sizes20_50_100_neural_component_b20_50_100_200_500_1000_per_query.csv,mag,mag,20260607,mag_rgcn_final,multi_fine,100,hybrid,neural_component,type_rel_feat32,50,30,50,0,30,0,0,0,0,50,0,8.865018831640628,0.5204081450010563,22.47644879225099,244125.58,650753.8999999999,190.36,494.8428001140646,98142.19947351998,1.0,0.021266666666666666,0.9866666666666667,1.0,13.099999999999994,23.079999999999984,37.5477343662836,2942.533311233444,12.47296598009901,0,0,0,30,0,0,0,0,0,0,,,,,,,,,,,,,,,,,,,,,,,,,,,,,,,,,,,,,,,,,,,,,,,,,,,,,,,,,,,,,,,,,,,,,,,,,,,,,,,,,,,,,,,,,,,,,,,,,,,,,,,,,,,,,,,,,,,,,,0,0,0,0,0,0,30,30,0,30,0,30,0,30,0,30,0,30,0,30
runs\lightning_mag_full\gcp_cpux8_w1_v3_neural_seed1_verify_final\summary.csv,runs\lightning_mag_full\gcp_cpux8_w1_v3_neural_seed1_verify_final\results\prod_mag_rgcn_seed7202_s20260607_q50_types_all_sizes20_50_100_neural_component_b20_50_100_200_500_1000_per_query.csv,mag,mag,20260607,mag_rgcn_final,negative_label,20,hybrid,neural_component,type_rel_feat32,50,0,0,50,0,0,50,0,0,7,0,19.839236005219682,20.913912116002393,23.233677078499568,175977.12,462729.84999999986,0.0,9937.737890575178,689554.0351002137,10.82,0.04705333333333333,0.5554689430939431,1351.0,1957.95,1988.55,24.30948293993424,3306.5393342032803,0.0,0,0,0,0,0,0,0,0,0,0,,,,,,,,,,,,,,,,,,,,,,,,,,,,,,,,,,,,,,,,,,,,,,,,,,,,,,,,,,,,,,,,,,,,,,,,,,,,,,,,,,,,,,,,,,,,,,,,,,,,,,,,,,,,,,,,,,,,,,0,0,0,0,0,0,0,0,0,0,0,0,0,0,0,0,0,0,0,0
runs\lightning_mag_full\gcp_cpux8_w1_v3_neural_seed1_verify_final\summary.csv,runs\lightning_mag_full\gcp_cpux8_w1_v3_neural_seed1_verify_final\results\prod_mag_rgcn_seed7202_s20260607_q50_types_all_sizes20_50_100_neural_component_b20_50_100_200_500_1000_per_query.csv,mag,mag,20260607,mag_rgcn_final,negative_label,50,hybrid,neural_component,type_rel_feat32,50,0,0,50,0,0,50,0,0,4,0,21.290848502838852,21.053912690002107,23.871115452645242,261733.72,564797.7999999999,1.44,3962.9059013673855,183290.9323235671,26.28,0.09842666666666666,0.5280790070089032,1640.0,1965.0499999999997,1982.57,28.198364120107726,3548.109563173166,0.3651872999762418,0,0,0,0,0,0,0,0,0,0,,,,,,,,,,,,,,,,,,,,,,,,,,,,,,,,,,,,,,,,,,,,,,,,,,,,,,,,,,,,,,,,,,,,,,,,,,,,,,,,,,,,,,,,,,,,,,,,,,,,,,,,,,,,,,,,,,,,,,0,0,0,0,0,0,0,0,0,0,0,0,0,0,0,0,0,0,0,0
runs\lightning_mag_full\gcp_cpux8_w1_v3_neural_seed1_verify_final\summary.csv,runs\lightning_mag_full\gcp_cpux8_w1_v3_neural_seed1_verify_final\results\prod_mag_rgcn_seed7202_s20260607_q50_types_all_sizes20_50_100_neural_component_b20_50_100_200_500_1000_per_query.csv,mag,mag,20260607,mag_rgcn_final,negative_label,100,hybrid,neural_component,type_rel_feat32,50,0,0,50,0,0,50,0,0,12,0,16.882069080420187,16.81418575600037,18.716878941899996,378348.9,624749.6499999999,26.44,636.821121701412,98152.33530504705,51.82,0.11118666666666667,0.40926769861072176,1918.0,1997.1000000000001,1999.51,26.935751119599445,2812.808574646697,0.8696054233344815,0,0,0,0,0,0,0,0,0,0,,,,,,,,,,,,,,,,,,,,,,,,,,,,,,,,,,,,,,,,,,,,,,,,,,,,,,,,,,,,,,,,,,,,,,,,,,,,,,,,,,,,,,,,,,,,,,,,,,,,,,,,,,,,,,,,,,,,,,0,0,0,0,0,0,0,0,0,0,0,0,0,0,0,0,0,0,0,0
runs\lightning_mag_full\gcp_cpux8_w1_v3_neural_seed1_verify_final\summary.csv,runs\lightning_mag_full\gcp_cpux8_w1_v3_neural_seed1_verify_final\results\prod_mag_rgcn_seed7202_s20260607_q50_types_all_sizes20_50_100_neural_component_b20_50_100_200_500_1000_per_query.csv,mag,mag,20260607,mag_rgcn_final,negative_structure,20,hybrid,neural_component,type_rel_feat32,50,0,0,50,0,0,50,0,0,48,0,15.469763472159611,15.294642813499195,16.93659013959541,205959.48,510593.94999999995,494.72,11080.909764748481,665894.2844595676,10.82,0.05187666666666667,0.5953538329861859,1399.5,1958.0,1985.1799999999998,17.168385820041294,2555.802211596632,22.491700429970177,0,0,0,0,0,0,0,0,0,0,,,,,,,,,,,,,,,,,,,,,,,,,,,,,,,,,,,,,,,,,,,,,,,,,,,,,,,,,,,,,,,,,,,,,,,,,,,,,,,,,,,,,,,,,,,,,,,,,,,,,,,,,,,,,,,,,,,,,,0,0,0,0,0,0,0,0,0,0,0,0,0,0,0,0,0,0,0,0
runs\lightning_mag_full\gcp_cpux8_w1_v3_neural_seed1_verify_final\summary.csv,runs\lightning_mag_full\gcp_cpux8_w1_v3_neural_seed1_verify_final\results\prod_mag_rgcn_seed7202_s20260607_q50_types_all_sizes20_50_100_neural_component_b20_50_100_200_500_1000_per_query.csv,mag,mag,20260607,mag_rgcn_final,negative_structure,50,hybrid,neural_component,type_rel_feat32,50,0,0,50,0,0,50,0,0,44,0,21.626636356060626,21.432085195503532,23.798667432906036,296536.82,592029.95,1237.3,3330.806808254889,596274.354939785,26.4,0.08923666666666667,0.49416489769704297,1719.5,1975.35,1994.53,30.265723000120488,3522.2850189400924,82.15437373667858,0,0,0,0,0,0,0,0,0,0,,,,,,,,,,,,,,,,,,,,,,,,,,,,,,,,,,,,,,,,,,,,,,,,,,,,,,,,,,,,,,,,,,,,,,,,,,,,,,,,,,,,,,,,,,,,,,,,,,,,,,,,,,,,,,,,,,,,,,0,0,0,0,0,0,0,0,0,0,0,0,0,0,0,0,0,0,0,0
runs\lightning_mag_full\gcp_cpux8_w1_v3_neural_seed1_verify_final\summary.csv,runs\lightning_mag_full\gcp_cpux8_w1_v3_neural_seed1_verify_final\results\prod_mag_rgcn_seed7202_s20260607_q50_types_all_sizes20_50_100_neural_component_b20_50_100_200_500_1000_per_query.csv,mag,mag,20260607,mag_rgcn_final,negative_structure,100,hybrid,neural_component,type_rel_feat32,50,0,0,50,0,0,50,0,0,47,0,17.514954155758897,17.160113661499054,19.613180769502648,336553.98,618419.2999999999,581.4,1706.3014593434868,141344.25357659368,50.14,0.14501,0.4537249215343066,1859.5,1988.55,1993.51,28.845544920040993,2871.603660066612,47.555365893204,0,0,0,0,0,0,0,0,0,0,,,,,,,,,,,,,,,,,,,,,,,,,,,,,,,,,,,,,,,,,,,,,,,,,,,,,,,,,,,,,,,,,,,,,,,,,,,,,,,,,,,,,,,,,,,,,,,,,,,,,,,,,,,,,,,,,,,,,,0,0,0,0,0,0,0,0,0,0,0,0,0,0,0,0,0,0,0,0
runs\lightning_mag_full\jigsaw-mag-gcp-cpux8-neural-s20260608-v5-resume\summary.csv,runs\lightning_mag_full\jigsaw-mag-gcp-cpux8-neural-s20260608-v5-resume\results\prod_mag_rgcn_seed7202_s20260608_q50_types_all_sizes20_50_100_neural_component_b20_50_100_200_500_1000_per_query.csv,mag,mag,20260608,mag_rgcn_final,k_hop,20,hybrid,neural_component,type_rel_feat32,50,48,50,0,48,0,0,0,0,47,0,3.239496240899971,1.0351923410000836,14.35912684809989,71465.46,431254.44999999995,137.54,7661.402669032055,758368.6941687826,10.02,0.07036974789915967,0.32026575198844104,1369.5,1922.7499999999998,1960.2199999999998,15.166117848721802,1352.1463954621559,8.986478865562804,0,0,0,24,11,3,3,2,5,0,,,,,,,,,,,,,,,,,,,,,,,,,,,,,,,,,,,,,,,,,,,,,,,,,,,,,,,,,,,,,,,,,,,,,,,,,,,,,,,,,,,,,,,,,,,,,,,,,,,,,,,,,,,,,,,,,,,,,,0,0,0,0,0,0,24,24,11,35,3,38,3,41,2,43,5,48,0,48
runs\lightning_mag_full\jigsaw-mag-gcp-cpux8-neural-s20260608-v5-resume\summary.csv,runs\lightning_mag_full\jigsaw-mag-gcp-cpux8-neural-s20260608-v5-resume\results\prod_mag_rgcn_seed7202_s20260608_q50_types_all_sizes20_50_100_neural_component_b20_50_100_200_500_1000_per_query.csv,mag,mag,20260608,mag_rgcn_final,k_hop,50,hybrid,neural_component,type_rel_feat32,50,47,50,0,47,0,0,0,1,48,1,5.26477009600002,2.1963461660001258,16.71309268410007,124218.32,501219.29999999993,639.54,1265.9361519815607,284230.3136354741,27.2,0.11551048951048952,0.2619007188044405,1776.5,1992.1,1997.51,24.206405713300285,1758.39898646154,82.42971843357189,0,0,0,20,7,2,7,8,3,0,,,,,,,,,,,,,,,,,,,,,,,,,,,,,,,,,,,,,,,,,,,,,,,,,,,,,,,,,,,,,,,,,,,,,,,,,,,,,,,,,,,,,,,,,,,,,,,,,,,,,,,,,,,,,,,,,,,,,,0,0,0,0,0,0,20,20,7,27,2,29,7,36,8,44,3,47,0,47
runs\lightning_mag_full\jigsaw-mag-gcp-cpux8-neural-s20260608-v5-resume\summary.csv,runs\lightning_mag_full\jigsaw-mag-gcp-cpux8-neural-s20260608-v5-resume\results\prod_mag_rgcn_seed7202_s20260608_q50_types_all_sizes20_50_100_neural_component_b20_50_100_200_500_1000_per_query.csv,mag,mag,20260608,mag_rgcn_final,k_hop,100,hybrid,neural_component,type_rel_feat32,50,47,50,0,47,0,0,0,1,48,1,5.8260599201400325,2.861381517000609,17.19056681590005,119755.2,558094.3499999999,927.02,870.9715318497541,209569.83927429977,53.88,0.16840845070422536,0.23779510388138408,1826.0,1994.0,1996.51,26.228380725224014,1914.7302188802646,136.69933046481725,0,0,0,21,5,6,2,9,4,0,,,,,,,,,,,,,,,,,,,,,,,,,,,,,,,,,,,,,,,,,,,,,,,,,,,,,,,,,,,,,,,,,,,,,,,,,,,,,,,,,,,,,,,,,,,,,,,,,,,,,,,,,,,,,,,,,,,,,,0,0,0,0,0,0,21,21,5,26,6,32,2,34,9,43,4,47,0,47
runs\lightning_mag_full\jigsaw-mag-gcp-cpux8-neural-s20260608-v5-resume\summary.csv,runs\lightning_mag_full\jigsaw-mag-gcp-cpux8-neural-s20260608-v5-resume\results\prod_mag_rgcn_seed7202_s20260608_q50_types_all_sizes20_50_100_neural_component_b20_50_100_200_500_1000_per_query.csv,mag,mag,20260608,mag_rgcn_final,degree_k_hop,20,hybrid,neural_component,type_rel_feat32,50,48,50,0,48,0,0,0,0,47,0,3.3859916078199968,1.3766251369997917,14.960305800450758,60835.0,335963.2999999996,150.6,9138.36999303811,944528.8445110669,10.68,0.07385833333333333,0.3663550488182841,1359.0,1911.9499999999998,1974.9899999999998,16.668185049957174,1400.3860543833448,10.443782208320348,0,0,0,24,8,8,0,4,4,0,,,,,,,,,,,,,,,,,,,,,,,,,,,,,,,,,,,,,,,,,,,,,,,,,,,,,,,,,,,,,,,,,,,,,,,,,,,,,,,,,,,,,,,,,,,,,,,,,,,,,,,,,,,,,,,,,,,,,,0,0,0,0,0,0,24,24,8,32,8,40,0,40,4,44,4,48,0,48
runs\lightning_mag_full\jigsaw-mag-gcp-cpux8-neural-s20260608-v5-resume\summary.csv,runs\lightning_mag_full\jigsaw-mag-gcp-cpux8-neural-s20260608-v5-resume\results\prod_mag_rgcn_seed7202_s20260608_q50_types_all_sizes20_50_100_neural_component_b20_50_100_200_500_1000_per_query.csv,mag,mag,20260608,mag_rgcn_final,degree_k_hop,50,hybrid,neural_component,type_rel_feat32,50,48,50,0,48,0,0,0,0,46,0,5.0266529754601015,3.4028131570000824,16.47313357295086,100376.7,505729.8499999995,363.04,2843.650103253451,235813.1966552057,27.1,0.13238194444444443,0.3104565981404433,1649.5,1947.6,1973.1399999999999,21.41835845137684,1721.220060979192,24.145555500009802,0,0,0,14,12,7,5,7,3,0,,,,,,,,,,,,,,,,,,,,,,,,,,,,,,,,,,,,,,,,,,,,,,,,,,,,,,,,,,,,,,,,,,,,,,,,,,,,,,,,,,,,,,,,,,,,,,,,,,,,,,,,,,,,,,,,,,,,,,0,0,0,0,0,0,14,14,12,26,7,33,5,38,7,45,3,48,0,48
runs\lightning_mag_full\jigsaw-mag-gcp-cpux8-neural-s20260608-v5-resume\summary.csv,runs\lightning_mag_full\jigsaw-mag-gcp-cpux8-neural-s20260608-v5-resume\results\prod_mag_rgcn_seed7202_s20260608_q50_types_all_sizes20_50_100_neural_component_b20_50_100_200_500_1000_per_query.csv,mag,mag,20260608,mag_rgcn_final,degree_k_hop,100,hybrid,neural_component,type_rel_feat32,50,48,50,0,48,0,0,0,1,49,1,7.112648286359945,5.344443551501172,17.83917109485283,163393.64,579926.7999999999,1007.08,880.7622702764169,134255.13885701654,52.28,0.16653614457831326,0.26479525981025753,1830.5,1990.65,1997.06,27.262461283082455,1983.5238808493862,158.84006082529618,0,0,0,17,1,6,5,13,6,0,,,,,,,,,,,,,,,,,,,,,,,,,,,,,,,,,,,,,,,,,,,,,,,,,,,,,,,,,,,,,,,,,,,,,,,,,,,,,,,,,,,,,,,,,,,,,,,,,,,,,,,,,,,,,,,,,,,,,,0,0,0,0,0,0,17,17,1,18,6,24,5,29,13,42,6,48,0,48
runs\lightning_mag_full\jigsaw-mag-gcp-cpux8-neural-s20260608-v5-resume\summary.csv,runs\lightning_mag_full\jigsaw-mag-gcp-cpux8-neural-s20260608-v5-resume\results\prod_mag_rgcn_seed7202_s20260608_q50_types_all_sizes20_50_100_neural_component_b20_50_100_200_500_1000_per_query.csv,mag,mag,20260608,mag_rgcn_final,random_walk,20,hybrid,neural_component,type_rel_feat32,50,47,50,0,47,0,0,0,0,40,0,8.18662065808,6.629424166999797,16.342855996000935,130754.62,418921.0499999997,491.34,5060.227730718382,766200.822652362,12.12,0.05659024390243903,0.4006113386852268,1346.5,1841.2999999999997,1923.1,16.261430668323666,1971.6763778292727,25.06036804389823,0,0,0,3,7,7,10,11,9,0,,,,,,,,,,,,,,,,,,,,,,,,,,,,,,,,,,,,,,,,,,,,,,,,,,,,,,,,,,,,,,,,,,,,,,,,,,,,,,,,,,,,,,,,,,,,,,,,,,,,,,,,,,,,,,,,,,,,,,0,0,0,0,0,0,3,3,7,10,7,17,10,27,11,38,9,47,0,47
runs\lightning_mag_full\jigsaw-mag-gcp-cpux8-neural-s20260608-v5-resume\summary.csv,runs\lightning_mag_full\jigsaw-mag-gcp-cpux8-neural-s20260608-v5-resume\results\prod_mag_rgcn_seed7202_s20260608_q50_types_all_sizes20_50_100_neural_component_b20_50_100_200_500_1000_per_query.csv,mag,mag,20260608,mag_rgcn_final,random_walk,50,hybrid,neural_component,type_rel_feat32,50,40,50,0,40,0,0,0,0,35,0,14.380991301460035,17.135671113499484,19.065850135199913,219012.94,517638.25,498.42,1637.3117984915348,224736.27660983757,28.56,0.07513857677902622,0.36393612005977316,1773.5,1992.2,1997.04,21.269839891391463,2677.1879877003726,15.881544408248477,0,0,0,1,1,3,2,11,22,0,,,,,,,,,,,,,,,,,,,,,,,,,,,,,,,,,,,,,,,,,,,,,,,,,,,,,,,,,,,,,,,,,,,,,,,,,,,,,,,,,,,,,,,,,,,,,,,,,,,,,,,,,,,,,,,,,,,,,,0,0,0,0,0,0,1,1,1,2,3,5,2,7,11,18,22,40,0,40
runs\lightning_mag_full\jigsaw-mag-gcp-cpux8-neural-s20260608-v5-resume\summary.csv,runs\lightning_mag_full\jigsaw-mag-gcp-cpux8-neural-s20260608-v5-resume\results\prod_mag_rgcn_seed7202_s20260608_q50_types_all_sizes20_50_100_neural_component_b20_50_100_200_500_1000_per_query.csv,mag,mag,20260608,mag_rgcn_final,random_walk,100,hybrid,neural_component,type_rel_feat32,50,21,50,0,21,0,0,0,3,20,3,19.45858686495967,18.714046675000645,31.755898711099917,411222.84,583914.3,2843.26,258.0447103309349,71852.19042166142,56.66,0.10627645051194538,0.33415870874463216,1949.0,1993.5500000000002,1998.0,27.629152959135034,3034.672592126212,285.90537117748624,0,0,0,0,0,0,2,3,16,0,,,,,,,,,,,,,,,,,,,,,,,,,,,,,,,,,,,,,,,,,,,,,,,,,,,,,,,,,,,,,,,,,,,,,,,,,,,,,,,,,,,,,,,,,,,,,,,,,,,,,,,,,,,,,,,,,,,,,,0,0,0,0,0,0,0,0,0,0,0,0,2,2,3,5,16,21,0,21
runs\lightning_mag_full\jigsaw-mag-gcp-cpux8-neural-s20260608-v5-resume\summary.csv,runs\lightning_mag_full\jigsaw-mag-gcp-cpux8-neural-s20260608-v5-resume\results\prod_mag_rgcn_seed7202_s20260608_q50_types_all_sizes20_50_100_neural_component_b20_50_100_200_500_1000_per_query.csv,mag,mag,20260608,mag_rgcn_final,single,20,hybrid,neural_component,type_rel_feat32,50,47,50,0,47,0,0,0,0,45,0,3.5453961712399997,0.25351366099994266,14.051337526650263,82916.32,420749.59999999974,100.04,4170.851652796072,1405646.0912114824,1.0,0.012557377049180328,0.36885245901639346,11.5,971.7499999999998,1255.9999999999995,16.238256836043576,1446.8524969508273,6.1787207704840315,0,0,0,28,4,2,5,6,2,0,,,,,,,,,,,,,,,,,,,,,,,,,,,,,,,,,,,,,,,,,,,,,,,,,,,,,,,,,,,,,,,,,,,,,,,,,,,,,,,,,,,,,,,,,,,,,,,,,,,,,,,,,,,,,,,,,,,,,,0,0,0,0,0,0,28,28,4,32,2,34,5,39,6,45,2,47,0,47
runs\lightning_mag_full\jigsaw-mag-gcp-cpux8-neural-s20260608-v5-resume\summary.csv,runs\lightning_mag_full\jigsaw-mag-gcp-cpux8-neural-s20260608-v5-resume\results\prod_mag_rgcn_seed7202_s20260608_q50_types_all_sizes20_50_100_neural_component_b20_50_100_200_500_1000_per_query.csv,mag,mag,20260608,mag_rgcn_final,single,50,hybrid,neural_component,type_rel_feat32,50,50,50,0,50,0,0,0,0,50,0,1.5103252356198937,0.22904936199938675,8.353931590548745,53327.78,353026.1,142.36,858.0970272910497,586791.8971325703,1.0,0.02562962962962963,0.6172839506172839,2.0,157.79999999999973,435.07999999999936,17.564939000013837,918.2564668147807,14.043061345647503,0,0,0,40,3,0,1,5,1,0,,,,,,,,,,,,,,,,,,,,,,,,,,,,,,,,,,,,,,,,,,,,,,,,,,,,,,,,,,,,,,,,,,,,,,,,,,,,,,,,,,,,,,,,,,,,,,,,,,,,,,,,,,,,,,,,,,,,,,0,0,0,0,0,0,40,40,3,43,0,43,1,44,5,49,1,50,0,50
runs\lightning_mag_full\jigsaw-mag-gcp-cpux8-neural-s20260608-v5-resume\summary.csv,runs\lightning_mag_full\jigsaw-mag-gcp-cpux8-neural-s20260608-v5-resume\results\prod_mag_rgcn_seed7202_s20260608_q50_types_all_sizes20_50_100_neural_component_b20_50_100_200_500_1000_per_query.csv,mag,mag,20260608,mag_rgcn_final,single,100,hybrid,neural_component,type_rel_feat32,50,50,50,0,50,0,0,0,0,50,0,1.7510825877800016,0.33285051099937846,9.611739157299827,49068.44,354897.1499999999,231.94,468.5953107428577,263653.5044701413,1.0,0.0237710843373494,0.6024096385542169,5.0,218.99999999999966,326.50999999999976,27.63635055423465,1028.6202003373699,26.248828445763554,0,0,0,37,4,2,3,4,0,0,,,,,,,,,,,,,,,,,,,,,,,,,,,,,,,,,,,,,,,,,,,,,,,,,,,,,,,,,,,,,,,,,,,,,,,,,,,,,,,,,,,,,,,,,,,,,,,,,,,,,,,,,,,,,,,,,,,,,,0,0,0,0,0,0,37,37,4,41,2,43,3,46,4,50,0,50,0,50
runs\lightning_mag_full\jigsaw-mag-gcp-cpux8-neural-s20260608-v5-resume\summary.csv,runs\lightning_mag_full\jigsaw-mag-gcp-cpux8-neural-s20260608-v5-resume\results\prod_mag_rgcn_seed7202_s20260608_q50_types_all_sizes20_50_100_neural_component_b20_50_100_200_500_1000_per_query.csv,mag,mag,20260608,mag_rgcn_final,multi_coarse,20,hybrid,neural_component,type_rel_feat32,50,0,50,0,0,0,0,0,0,44,0,14.969559712779974,14.879535350999959,16.36511658054951,364593.9,545302.45,0.0,443.7460570335027,2154551.1538757486,4.36,0.017953333333333335,0.5522777777777778,577.5,1374.5500000000002,1470.8599999999997,16.102683679982874,2494.9266187966623,0.0,0,0,0,0,0,0,0,0,0,0,,,,,,,,,,,,,,,,,,,,,,,,,,,,,,,,,,,,,,,,,,,,,,,,,,,,,,,,,,,,,,,,,,,,,,,,,,,,,,,,,,,,,,,,,,,,,,,,,,,,,,,,,,,,,,,,,,,,,,0,0,0,0,0,0,0,0,0,0,0,0,0,0,0,0,0,0,0,0
runs\lightning_mag_full\jigsaw-mag-gcp-cpux8-neural-s20260608-v5-resume\summary.csv,runs\lightning_mag_full\jigsaw-mag-gcp-cpux8-neural-s20260608-v5-resume\results\prod_mag_rgcn_seed7202_s20260608_q50_types_all_sizes20_50_100_neural_component_b20_50_100_200_500_1000_per_query.csv,mag,mag,20260608,mag_rgcn_final,multi_coarse,50,hybrid,neural_component,type_rel_feat32,50,1,50,0,1,0,0,0,0,40,0,15.938885723500007,16.288622614500355,18.501526204600125,450864.2,617501.7,1.16,233.21153349356163,449580.7538433655,4.28,0.018050167224080267,0.5696767001114827,625.0,1742.6499999999992,1934.28,19.827573809325077,2665.3098293210714,0.055676280936437665,0,0,0,0,0,0,0,1,0,0,,,,,,,,,,,,,,,,,,,,,,,,,,,,,,,,,,,,,,,,,,,,,,,,,,,,,,,,,,,,,,,,,,,,,,,,,,,,,,,,,,,,,,,,,,,,,,,,,,,,,,,,,,,,,,,,,,,,,,0,0,0,0,0,0,0,0,0,0,0,0,0,0,1,1,0,1,0,1
runs\lightning_mag_full\jigsaw-mag-gcp-cpux8-neural-s20260608-v5-resume\summary.csv,runs\lightning_mag_full\jigsaw-mag-gcp-cpux8-neural-s20260608-v5-resume\results\prod_mag_rgcn_seed7202_s20260608_q50_types_all_sizes20_50_100_neural_component_b20_50_100_200_500_1000_per_query.csv,mag,mag,20260608,mag_rgcn_final,multi_coarse,100,hybrid,neural_component,type_rel_feat32,50,4,50,0,4,0,0,0,0,47,0,15.659673831060008,16.679087894000986,17.783197748450718,498421.7,665577.8,17.36,205.1333559778542,168569.62900568068,4.0,0.021549295774647887,0.6188967136150235,434.0,1330.0499999999997,1659.3399999999997,26.438315961250982,2756.4660231831012,0.5188062288723326,0,0,0,2,0,2,0,0,0,0,,,,,,,,,,,,,,,,,,,,,,,,,,,,,,,,,,,,,,,,,,,,,,,,,,,,,,,,,,,,,,,,,,,,,,,,,,,,,,,,,,,,,,,,,,,,,,,,,,,,,,,,,,,,,,,,,,,,,,0,0,0,0,0,0,2,2,0,2,2,4,0,4,0,4,0,4,0,4
runs\lightning_mag_full\jigsaw-mag-gcp-cpux8-neural-s20260608-v5-resume\summary.csv,runs\lightning_mag_full\jigsaw-mag-gcp-cpux8-neural-s20260608-v5-resume\results\prod_mag_rgcn_seed7202_s20260608_q50_types_all_sizes20_50_100_neural_component_b20_50_100_200_500_1000_per_query.csv,mag,mag,20260608,mag_rgcn_final,multi_fine,20,hybrid,neural_component,type_rel_feat32,50,12,50,0,12,0,0,0,0,50,0,13.21829066169993,16.45124623249967,18.97909039570036,283200.48,531831.6,20.42,1688.6821634898754,1077379.1129583693,1.0,0.011398373983739838,0.8373983739837398,6.0,90.1,306.83999999999963,20.2159448577321,2685.9281266260027,0.7163168089424822,0,0,0,9,2,0,0,1,0,0,,,,,,,,,,,,,,,,,,,,,,,,,,,,,,,,,,,,,,,,,,,,,,,,,,,,,,,,,,,,,,,,,,,,,,,,,,,,,,,,,,,,,,,,,,,,,,,,,,,,,,,,,,,,,,,,,,,,,,0,0,0,0,0,0,9,9,2,11,0,11,0,11,1,12,0,12,0,12
runs\lightning_mag_full\jigsaw-mag-gcp-cpux8-neural-s20260608-v5-resume\summary.csv,runs\lightning_mag_full\jigsaw-mag-gcp-cpux8-neural-s20260608-v5-resume\results\prod_mag_rgcn_seed7202_s20260608_q50_types_all_sizes20_50_100_neural_component_b20_50_100_200_500_1000_per_query.csv,mag,mag,20260608,mag_rgcn_final,multi_fine,50,hybrid,neural_component,type_rel_feat32,50,27,50,0,27,0,0,0,0,50,0,7.210692240699936,0.3748055994992683,16.322994499399964,217489.92,571796.25,97.52,282.7782648935583,369734.01608769107,1.0,0.019421686746987955,0.9759036144578314,1.5,20.099999999999994,26.039999999999992,18.539931861448483,2167.733505512048,4.161747710824499,0,0,0,26,1,0,0,0,0,0,,,,,,,,,,,,,,,,,,,,,,,,,,,,,,,,,,,,,,,,,,,,,,,,,,,,,,,,,,,,,,,,,,,,,,,,,,,,,,,,,,,,,,,,,,,,,,,,,,,,,,,,,,,,,,,,,,,,,,0,0,0,0,0,0,26,26,1,27,0,27,0,27,0,27,0,27,0,27
runs\lightning_mag_full\jigsaw-mag-gcp-cpux8-neural-s20260608-v5-resume\summary.csv,runs\lightning_mag_full\jigsaw-mag-gcp-cpux8-neural-s20260608-v5-resume\results\prod_mag_rgcn_seed7202_s20260608_q50_types_all_sizes20_50_100_neural_component_b20_50_100_200_500_1000_per_query.csv,mag,mag,20260608,mag_rgcn_final,multi_fine,100,hybrid,neural_component,type_rel_feat32,50,30,50,0,30,0,0,0,0,50,0,7.00567054848003,0.5671022654992157,17.374589752249676,247123.64,683457.0,219.56,258.0791018221265,75301.45376259925,1.0,0.02012987012987013,0.9545454545454546,2.0,38.2499999999999,73.02,25.87489857142981,2263.911535103885,10.656824792228939,0,0,0,28,0,2,0,0,0,0,,,,,,,,,,,,,,,,,,,,,,,,,,,,,,,,,,,,,,,,,,,,,,,,,,,,,,,,,,,,,,,,,,,,,,,,,,,,,,,,,,,,,,,,,,,,,,,,,,,,,,,,,,,,,,,,,,,,,,0,0,0,0,0,0,28,28,0,28,2,30,0,30,0,30,0,30,0,30
runs\lightning_mag_full\jigsaw-mag-gcp-cpux8-neural-s20260608-v5-resume\summary.csv,runs\lightning_mag_full\jigsaw-mag-gcp-cpux8-neural-s20260608-v5-resume\results\prod_mag_rgcn_seed7202_s20260608_q50_types_all_sizes20_50_100_neural_component_b20_50_100_200_500_1000_per_query.csv,mag,mag,20260608,mag_rgcn_final,negative_label,20,hybrid,neural_component,type_rel_feat32,50,0,0,50,0,0,50,0,0,3,0,15.479533692900077,15.533502738001062,16.593414828100457,182389.4,478495.1,0.0,8138.118286613189,1215734.8834809598,10.6,0.042423333333333334,0.559140059015059,1418.0,1921.4499999999998,1981.3,16.527319040105795,2579.922282150013,0.0,0,0,0,0,0,0,0,0,0,0,,,,,,,,,,,,,,,,,,,,,,,,,,,,,,,,,,,,,,,,,,,,,,,,,,,,,,,,,,,,,,,,,,,,,,,,,,,,,,,,,,,,,,,,,,,,,,,,,,,,,,,,,,,,,,,,,,,,,,0,0,0,0,0,0,0,0,0,0,0,0,0,0,0,0,0,0,0,0
runs\lightning_mag_full\jigsaw-mag-gcp-cpux8-neural-s20260608-v5-resume\summary.csv,runs\lightning_mag_full\jigsaw-mag-gcp-cpux8-neural-s20260608-v5-resume\results\prod_mag_rgcn_seed7202_s20260608_q50_types_all_sizes20_50_100_neural_component_b20_50_100_200_500_1000_per_query.csv,mag,mag,20260608,mag_rgcn_final,negative_label,50,hybrid,neural_component,type_rel_feat32,50,0,0,50,0,0,50,0,0,9,0,17.060534948439862,16.86812862949887,18.578893461200188,268918.6,591051.25,0.0,1939.2763742095995,191401.0143137243,25.74,0.09155666666666666,0.5019476450277527,1666.0,1954.5500000000002,1989.55,22.398132579955927,2843.422491406644,0.0,0,0,0,0,0,0,0,0,0,0,,,,,,,,,,,,,,,,,,,,,,,,,,,,,,,,,,,,,,,,,,,,,,,,,,,,,,,,,,,,,,,,,,,,,,,,,,,,,,,,,,,,,,,,,,,,,,,,,,,,,,,,,,,,,,,,,,,,,,0,0,0,0,0,0,0,0,0,0,0,0,0,0,0,0,0,0,0,0
runs\lightning_mag_full\jigsaw-mag-gcp-cpux8-neural-s20260608-v5-resume\summary.csv,runs\lightning_mag_full\jigsaw-mag-gcp-cpux8-neural-s20260608-v5-resume\results\prod_mag_rgcn_seed7202_s20260608_q50_types_all_sizes20_50_100_neural_component_b20_50_100_200_500_1000_per_query.csv,mag,mag,20260608,mag_rgcn_final,negative_label,100,hybrid,neural_component,type_rel_feat32,50,0,0,50,0,0,50,0,0,9,0,17.25675532348025,17.26950290500099,18.738305947298883,386784.12,664512.3999999999,0.0,917.9560783939182,100769.70747097705,48.32,0.12610333333333335,0.43021242248375113,1823.0,1992.75,1998.0,27.15602542000852,2876.125887246708,0.0,0,0,0,0,0,0,0,0,0,0,,,,,,,,,,,,,,,,,,,,,,,,,,,,,,,,,,,,,,,,,,,,,,,,,,,,,,,,,,,,,,,,,,,,,,,,,,,,,,,,,,,,,,,,,,,,,,,,,,,,,,,,,,,,,,,,,,,,,,0,0,0,0,0,0,0,0,0,0,0,0,0,0,0,0,0,0,0,0
runs\lightning_mag_full\jigsaw-mag-gcp-cpux8-neural-s20260608-v5-resume\summary.csv,runs\lightning_mag_full\jigsaw-mag-gcp-cpux8-neural-s20260608-v5-resume\results\prod_mag_rgcn_seed7202_s20260608_q50_types_all_sizes20_50_100_neural_component_b20_50_100_200_500_1000_per_query.csv,mag,mag,20260608,mag_rgcn_final,negative_structure,20,hybrid,neural_component,type_rel_feat32,50,0,0,50,0,0,50,0,0,49,0,14.931557601020122,14.93593570450048,16.21602778199931,220305.18,540836.6,370.1,6591.831798352555,669840.2482254963,10.72,0.04377666666666667,0.5560936935584768,1190.5,1948.9,1966.08,15.991956560010294,2468.5367348233403,20.05619868001304,0,0,0,0,0,0,0,0,0,0,,,,,,,,,,,,,,,,,,,,,,,,,,,,,,,,,,,,,,,,,,,,,,,,,,,,,,,,,,,,,,,,,,,,,,,,,,,,,,,,,,,,,,,,,,,,,,,,,,,,,,,,,,,,,,,,,,,,,,0,0,0,0,0,0,0,0,0,0,0,0,0,0,0,0,0,0,0,0
runs\lightning_mag_full\jigsaw-mag-gcp-cpux8-neural-s20260608-v5-resume\summary.csv,runs\lightning_mag_full\jigsaw-mag-gcp-cpux8-neural-s20260608-v5-resume\results\prod_mag_rgcn_seed7202_s20260608_q50_types_all_sizes20_50_100_neural_component_b20_50_100_200_500_1000_per_query.csv,mag,mag,20260608,mag_rgcn_final,negative_structure,50,hybrid,neural_component,type_rel_feat32,50,1,0,50,0,1,49,0,0,50,0,17.006141416059982,16.718647893499565,18.372736098897985,302504.22,583196.2,895.86,825.2279394791268,222933.41358307176,29.22,0.095561872909699,0.4861210082748868,1644.0,1973.15,1991.6100000000001,21.199425364546453,2758.993032722414,84.84332447825184,0,0,0,0,0,0,0,1,0,0,,,,,,,,,,,,,,,,,,,,,,,,,,,,,,,,,,,,,,,,,,,,,,,,,,,,,,,,,,,,,,,,,,,,,,,,,,,,,,,,,,,,,,,,,,,,,,,,,,,,,,,,,,,,,,,,,,,,,,0,0,0,0,0,0,0,0,0,0,0,0,0,0,1,1,0,1,0,1
runs\lightning_mag_full\jigsaw-mag-gcp-cpux8-neural-s20260608-v5-resume\summary.csv,runs\lightning_mag_full\jigsaw-mag-gcp-cpux8-neural-s20260608-v5-resume\results\prod_mag_rgcn_seed7202_s20260608_q50_types_all_sizes20_50_100_neural_component_b20_50_100_200_500_1000_per_query.csv,mag,mag,20260608,mag_rgcn_final,negative_structure,100,hybrid,neural_component,type_rel_feat32,50,0,0,50,0,0,50,0,0,46,0,17.616533562680853,17.40092061950054,21.36090606760299,388760.52,681920.1499999999,1029.62,771.5621310666643,199662.64149160942,51.14,0.13765666666666668,0.4429041589174484,1876.5,1987.65,1993.5700000000002,25.5337589800547,2873.4264665800583,62.66246053341698,0,0,0,0,0,0,0,0,0,0,,,,,,,,,,,,,,,,,,,,,,,,,,,,,,,,,,,,,,,,,,,,,,,,,,,,,,,,,,,,,,,,,,,,,,,,,,,,,,,,,,,,,,,,,,,,,,,,,,,,,,,,,,,,,,,,,,,,,,0,0,0,0,0,0,0,0,0,0,0,0,0,0,0,0,0,0,0,0
runs\lightning_mag_full\jigsaw-mag-gcp-cpux8-meanrrf-s20260607-dark-v5-rescue-v16\summary.csv,runs/lightning_mag_full/jigsaw-mag-gcp-cpux8-meanrrf-s20260607-dark-v5-rescue-v16/results\prod_mag_rgcn_seed7202_s20260607_q50_types_all_sizes20_50_100_mean_rrf_component_b20_50_100_200_500_1000_per_query.csv,mag,mag,20260607,mag_rgcn_final,k_hop,20,coarse_mean_rrf,mean_rrf_component,type_rel_feat32,50,49,50,0,49,0,0,0,0,48,0,2.614998086159685,1.4122847630005708,9.558557308800298,66179.66,311607.9499999998,192.5,5583.010936230509,776200.2143022855,10.02,0.05475735294117647,0.2990145523450022,1142.5,1882.35,1986.67,24.146341191092635,951.6550146469239,9.74134055884272,0,0,0,19,9,5,7,4,5,0,,,,,,,,,,,,,,,,,,,,,,,,,,,,,,,,,,,,,,,,,,,,,,,,,,,,,,,,,,,,,,,,,,,,,,,,,,,,,,,,,,,,,,,,,,,,,,,,,,,,,,,,,,,,,,,,,,,,,,0,0,0,0,0,0,19,19,9,28,5,33,7,40,4,44,5,49,0,49
runs\lightning_mag_full\jigsaw-mag-gcp-cpux8-meanrrf-s20260607-dark-v5-rescue-v16\summary.csv,runs/lightning_mag_full/jigsaw-mag-gcp-cpux8-meanrrf-s20260607-dark-v5-rescue-v16/results\prod_mag_rgcn_seed7202_s20260607_q50_types_all_sizes20_50_100_mean_rrf_component_b20_50_100_200_500_1000_per_query.csv,mag,mag,20260607,mag_rgcn_final,k_hop,50,coarse_mean_rrf,mean_rrf_component,type_rel_feat32,50,46,50,0,46,0,0,0,0,43,0,4.834247323119999,3.0825213205025648,12.37545341190198,195017.2,609784.65,542.9,2608.307196120673,573551.9494599628,28.64,0.07137142857142857,0.20063923412424875,1839.5,1986.5500000000002,1994.6100000000001,26.22546101113715,1346.0873081885802,35.12621270284789,0,0,0,13,6,4,9,6,8,0,,,,,,,,,,,,,,,,,,,,,,,,,,,,,,,,,,,,,,,,,,,,,,,,,,,,,,,,,,,,,,,,,,,,,,,,,,,,,,,,,,,,,,,,,,,,,,,,,,,,,,,,,,,,,,,,,,,,,,0,0,0,0,0,0,13,13,6,19,4,23,9,32,6,38,8,46,0,46
runs\lightning_mag_full\jigsaw-mag-gcp-cpux8-meanrrf-s20260607-dark-v5-rescue-v16\summary.csv,runs/lightning_mag_full/jigsaw-mag-gcp-cpux8-meanrrf-s20260607-dark-v5-rescue-v16/results\prod_mag_rgcn_seed7202_s20260607_q50_types_all_sizes20_50_100_mean_rrf_component_b20_50_100_200_500_1000_per_query.csv,mag,mag,20260607,mag_rgcn_final,k_hop,100,coarse_mean_rrf,mean_rrf_component,type_rel_feat32,50,47,50,0,47,0,0,0,1,47,1,5.6114104459199,4.82600035699943,13.249824515902583,139903.04,546622.5499999999,716.3,1003.4129301037453,385457.114372916,51.64,0.14580337078651684,0.2366830426826265,1832.5,1958.55,1988.67,31.65785756763388,1440.3203440842537,135.9185452190891,0,0,0,12,5,4,9,10,7,0,,,,,,,,,,,,,,,,,,,,,,,,,,,,,,,,,,,,,,,,,,,,,,,,,,,,,,,,,,,,,,,,,,,,,,,,,,,,,,,,,,,,,,,,,,,,,,,,,,,,,,,,,,,,,,,,,,,,,,0,0,0,0,0,0,12,12,5,17,4,21,9,30,10,40,7,47,0,47
runs\lightning_mag_full\jigsaw-mag-gcp-cpux8-meanrrf-s20260607-dark-v5-rescue-v16\summary.csv,runs/lightning_mag_full/jigsaw-mag-gcp-cpux8-meanrrf-s20260607-dark-v5-rescue-v16/results\prod_mag_rgcn_seed7202_s20260607_q50_types_all_sizes20_50_100_mean_rrf_component_b20_50_100_200_500_1000_per_query.csv,mag,mag,20260607,mag_rgcn_final,degree_k_hop,20,coarse_mean_rrf,mean_rrf_component,type_rel_feat32,50,48,50,0,48,0,0,0,1,48,1,2.042568193839943,0.4638933954993263,8.059535062149369,60711.48,376788.8999999999,440.1,11787.095824014621,1239269.6243721347,10.44,0.07016822429906543,0.2616607866814024,1271.0,1906.2,1924.71,23.22186104667759,829.285569177547,125.18554943924875,0,0,0,28,8,2,3,6,1,0,,,,,,,,,,,,,,,,,,,,,,,,,,,,,,,,,,,,,,,,,,,,,,,,,,,,,,,,,,,,,,,,,,,,,,,,,,,,,,,,,,,,,,,,,,,,,,,,,,,,,,,,,,,,,,,,,,,,,,0,0,0,0,0,0,28,28,8,36,2,38,3,41,6,47,1,48,0,48
runs\lightning_mag_full\jigsaw-mag-gcp-cpux8-meanrrf-s20260607-dark-v5-rescue-v16\summary.csv,runs/lightning_mag_full/jigsaw-mag-gcp-cpux8-meanrrf-s20260607-dark-v5-rescue-v16/results\prod_mag_rgcn_seed7202_s20260607_q50_types_all_sizes20_50_100_mean_rrf_component_b20_50_100_200_500_1000_per_query.csv,mag,mag,20260607,mag_rgcn_final,degree_k_hop,50,coarse_mean_rrf,mean_rrf_component,type_rel_feat32,50,43,50,0,43,0,0,0,2,41,2,4.716150061319931,2.9970730834957067,12.144193768103467,113583.0,509180.6,595.18,2422.444029267115,249164.80637261964,26.46,0.10130864197530863,0.28382738337938684,1738.5,1982.0,1986.0,26.760705752863426,1354.34145049999,101.26042027776647,0,0,0,14,6,6,5,7,5,0,,,,,,,,,,,,,,,,,,,,,,,,,,,,,,,,,,,,,,,,,,,,,,,,,,,,,,,,,,,,,,,,,,,,,,,,,,,,,,,,,,,,,,,,,,,,,,,,,,,,,,,,,,,,,,,,,,,,,,0,0,0,0,0,0,14,14,6,20,6,26,5,31,7,38,5,43,0,43
runs\lightning_mag_full\jigsaw-mag-gcp-cpux8-meanrrf-s20260607-dark-v5-rescue-v16\summary.csv,runs/lightning_mag_full/jigsaw-mag-gcp-cpux8-meanrrf-s20260607-dark-v5-rescue-v16/results\prod_mag_rgcn_seed7202_s20260607_q50_types_all_sizes20_50_100_mean_rrf_component_b20_50_100_200_500_1000_per_query.csv,mag,mag,20260607,mag_rgcn_final,degree_k_hop,100,coarse_mean_rrf,mean_rrf_component,type_rel_feat32,50,42,50,0,42,0,0,0,4,44,4,7.231465752820002,5.524303012503879,25.47304042395001,196440.52,646747.6499999999,2178.48,1215.409074393131,174887.74358511367,54.74,0.1429035532994924,0.2385170531991471,1827.0,1987.3,1996.02,28.655409451583733,1381.1774444923662,454.2199547005276,0,0,0,5,7,7,7,10,6,0,,,,,,,,,,,,,,,,,,,,,,,,,,,,,,,,,,,,,,,,,,,,,,,,,,,,,,,,,,,,,,,,,,,,,,,,,,,,,,,,,,,,,,,,,,,,,,,,,,,,,,,,,,,,,,,,,,,,,,0,0,0,0,0,0,5,5,7,12,7,19,7,26,10,36,6,42,0,42
runs\lightning_mag_full\jigsaw-mag-gcp-cpux8-meanrrf-s20260607-dark-v5-rescue-v16\summary.csv,runs/lightning_mag_full/jigsaw-mag-gcp-cpux8-meanrrf-s20260607-dark-v5-rescue-v16/results\prod_mag_rgcn_seed7202_s20260607_q50_types_all_sizes20_50_100_mean_rrf_component_b20_50_100_200_500_1000_per_query.csv,mag,mag,20260607,mag_rgcn_final,random_walk,20,coarse_mean_rrf,mean_rrf_component,type_rel_feat32,50,45,50,0,45,0,0,0,0,38,0,6.611942918780296,6.7882968860012625,12.708865601203524,88951.34,312165.14999999997,221.5,7217.279749592314,807536.6026414783,12.32,0.05802739726027397,0.40658482788556155,1463.5,1936.7999999999997,1967.87,23.926386305893963,1499.716648543442,9.859360310506979,0,0,0,5,3,6,5,16,10,0,,,,,,,,,,,,,,,,,,,,,,,,,,,,,,,,,,,,,,,,,,,,,,,,,,,,,,,,,,,,,,,,,,,,,,,,,,,,,,,,,,,,,,,,,,,,,,,,,,,,,,,,,,,,,,,,,,,,,,0,0,0,0,0,0,5,5,3,8,6,14,5,19,16,35,10,45,0,45
runs\lightning_mag_full\jigsaw-mag-gcp-cpux8-meanrrf-s20260607-dark-v5-rescue-v16\summary.csv,runs/lightning_mag_full/jigsaw-mag-gcp-cpux8-meanrrf-s20260607-dark-v5-rescue-v16/results\prod_mag_rgcn_seed7202_s20260607_q50_types_all_sizes20_50_100_mean_rrf_component_b20_50_100_200_500_1000_per_query.csv,mag,mag,20260607,mag_rgcn_final,random_walk,50,coarse_mean_rrf,mean_rrf_component,type_rel_feat32,50,33,50,0,33,0,0,0,0,27,0,10.984345667620728,12.380671720002283,15.901340741703095,210329.22,469215.2,1140.7,1070.6662505750046,202510.41884126552,29.14,0.07238686131386861,0.35746792322372317,1759.5,1990.6999999999998,2000.0,27.561407813471597,1949.381191737309,55.06144833946624,0,0,0,0,0,4,3,8,18,0,,,,,,,,,,,,,,,,,,,,,,,,,,,,,,,,,,,,,,,,,,,,,,,,,,,,,,,,,,,,,,,,,,,,,,,,,,,,,,,,,,,,,,,,,,,,,,,,,,,,,,,,,,,,,,,,,,,,,,0,0,0,0,0,0,0,0,0,0,4,4,3,7,8,15,18,33,0,33
runs\lightning_mag_full\jigsaw-mag-gcp-cpux8-meanrrf-s20260607-dark-v5-rescue-v16\summary.csv,runs/lightning_mag_full/jigsaw-mag-gcp-cpux8-meanrrf-s20260607-dark-v5-rescue-v16/results\prod_mag_rgcn_seed7202_s20260607_q50_types_all_sizes20_50_100_mean_rrf_component_b20_50_100_200_500_1000_per_query.csv,mag,mag,20260607,mag_rgcn_final,random_walk,100,coarse_mean_rrf,mean_rrf_component,type_rel_feat32,50,10,50,0,10,0,0,0,0,9,0,13.780352514759288,13.338578766995852,17.228685881950515,316370.14,481991.04999999993,2155.1,489.25535593158804,78697.84791240943,58.56,0.09647666666666667,0.3147879871281336,1921.0,1993.5500000000002,1997.53,31.400321580149466,2186.907451219886,109.81796790666219,0,0,0,0,0,0,0,0,10,0,,,,,,,,,,,,,,,,,,,,,,,,,,,,,,,,,,,,,,,,,,,,,,,,,,,,,,,,,,,,,,,,,,,,,,,,,,,,,,,,,,,,,,,,,,,,,,,,,,,,,,,,,,,,,,,,,,,,,,0,0,0,0,0,0,0,0,0,0,0,0,0,0,0,0,10,10,0,10
runs\lightning_mag_full\jigsaw-mag-gcp-cpux8-meanrrf-s20260607-dark-v5-rescue-v16\summary.csv,runs/lightning_mag_full/jigsaw-mag-gcp-cpux8-meanrrf-s20260607-dark-v5-rescue-v16/results\prod_mag_rgcn_seed7202_s20260607_q50_types_all_sizes20_50_100_mean_rrf_component_b20_50_100_200_500_1000_per_query.csv,mag,mag,20260607,mag_rgcn_final,single,20,coarse_mean_rrf,mean_rrf_component,type_rel_feat32,50,49,50,0,49,0,0,0,0,46,0,1.0376760789597028,0.5112924969998858,3.0018618668999806,31235.84,134567.24999999988,74.5,2647.940069597164,1176765.2543920213,1.0,0.018793103448275863,0.5172413793103449,19.5,248.14999999999998,956.5899999999981,22.887570724242845,588.1390612757132,8.226501344805671,0,0,0,27,15,4,3,0,0,0,,,,,,,,,,,,,,,,,,,,,,,,,,,,,,,,,,,,,,,,,,,,,,,,,,,,,,,,,,,,,,,,,,,,,,,,,,,,,,,,,,,,,,,,,,,,,,,,,,,,,,,,,,,,,,,,,,,,,,0,0,0,0,0,0,27,27,15,42,4,46,3,49,0,49,0,49,0,49
runs\lightning_mag_full\jigsaw-mag-gcp-cpux8-meanrrf-s20260607-dark-v5-rescue-v16\summary.csv,runs/lightning_mag_full/jigsaw-mag-gcp-cpux8-meanrrf-s20260607-dark-v5-rescue-v16/results\prod_mag_rgcn_seed7202_s20260607_q50_types_all_sizes20_50_100_mean_rrf_component_b20_50_100_200_500_1000_per_query.csv,mag,mag,20260607,mag_rgcn_final,single,50,coarse_mean_rrf,mean_rrf_component,type_rel_feat32,50,50,50,0,50,0,0,0,0,48,0,1.0442395448202297,0.4018124925005395,3.456499017349051,22997.64,96590.19999999998,152.38,2043.7366473677478,211049.7672839877,1.0,0.0221125,0.5875,13.5,226.84999999999937,578.0999999999992,26.9927479501348,633.9798948875341,18.669820625109423,0,0,0,32,12,2,2,2,0,0,,,,,,,,,,,,,,,,,,,,,,,,,,,,,,,,,,,,,,,,,,,,,,,,,,,,,,,,,,,,,,,,,,,,,,,,,,,,,,,,,,,,,,,,,,,,,,,,,,,,,,,,,,,,,,,,,,,,,,0,0,0,0,0,0,32,32,12,44,2,46,2,48,2,50,0,50,0,50
runs\lightning_mag_full\jigsaw-mag-gcp-cpux8-meanrrf-s20260607-dark-v5-rescue-v16\summary.csv,runs/lightning_mag_full/jigsaw-mag-gcp-cpux8-meanrrf-s20260607-dark-v5-rescue-v16/results\prod_mag_rgcn_seed7202_s20260607_q50_types_all_sizes20_50_100_mean_rrf_component_b20_50_100_200_500_1000_per_query.csv,mag,mag,20260607,mag_rgcn_final,single,100,coarse_mean_rrf,mean_rrf_component,type_rel_feat32,50,50,50,0,50,0,0,0,0,50,0,1.159809449180102,0.4162927100005618,5.150236690850216,46333.44,381824.24999999965,203.44,703.6641715852218,568153.4312953978,1.0,0.025782051282051282,0.6410256410256411,11.5,208.4999999999998,421.7599999999999,29.720101089016026,718.8602769102802,24.60731871799045,0,0,0,37,7,0,3,3,0,0,,,,,,,,,,,,,,,,,,,,,,,,,,,,,,,,,,,,,,,,,,,,,,,,,,,,,,,,,,,,,,,,,,,,,,,,,,,,,,,,,,,,,,,,,,,,,,,,,,,,,,,,,,,,,,,,,,,,,,0,0,0,0,0,0,37,37,7,44,0,44,3,47,3,50,0,50,0,50
runs\lightning_mag_full\jigsaw-mag-gcp-cpux8-meanrrf-s20260607-dark-v5-rescue-v16\summary.csv,runs/lightning_mag_full/jigsaw-mag-gcp-cpux8-meanrrf-s20260607-dark-v5-rescue-v16/results\prod_mag_rgcn_seed7202_s20260607_q50_types_all_sizes20_50_100_mean_rrf_component_b20_50_100_200_500_1000_per_query.csv,mag,mag,20260607,mag_rgcn_final,multi_coarse,20,coarse_mean_rrf,mean_rrf_component,type_rel_feat32,50,0,50,0,0,0,0,0,0,35,0,10.116702527560482,10.067760486000225,12.552673090551343,316436.34,497984.65,0.0,1301.7006747261482,1826595.915996733,4.18,0.014086666666666666,0.49077777777777776,749.0,1708.4499999999998,1930.02,24.581907719766605,1686.117087926747,0.0,0,0,0,0,0,0,0,0,0,0,,,,,,,,,,,,,,,,,,,,,,,,,,,,,,,,,,,,,,,,,,,,,,,,,,,,,,,,,,,,,,,,,,,,,,,,,,,,,,,,,,,,,,,,,,,,,,,,,,,,,,,,,,,,,,,,,,,,,,0,0,0,0,0,0,0,0,0,0,0,0,0,0,0,0,0,0,0,0
runs\lightning_mag_full\jigsaw-mag-gcp-cpux8-meanrrf-s20260607-dark-v5-rescue-v16\summary.csv,runs/lightning_mag_full/jigsaw-mag-gcp-cpux8-meanrrf-s20260607-dark-v5-rescue-v16/results\prod_mag_rgcn_seed7202_s20260607_q50_types_all_sizes20_50_100_mean_rrf_component_b20_50_100_200_500_1000_per_query.csv,mag,mag,20260607,mag_rgcn_final,multi_coarse,50,coarse_mean_rrf,mean_rrf_component,type_rel_feat32,50,0,50,0,0,0,0,0,0,35,0,9.562207857900722,9.296539640001356,11.973940466649584,446768.48,574605.1,0.0,216.09900170032142,1483654.185405816,4.4,0.01532,0.4990555555555556,794.0,1798.6999999999998,1914.4899999999998,25.011183820170118,1593.70130965012,0.0,0,0,0,0,0,0,0,0,0,0,,,,,,,,,,,,,,,,,,,,,,,,,,,,,,,,,,,,,,,,,,,,,,,,,,,,,,,,,,,,,,,,,,,,,,,,,,,,,,,,,,,,,,,,,,,,,,,,,,,,,,,,,,,,,,,,,,,,,,0,0,0,0,0,0,0,0,0,0,0,0,0,0,0,0,0,0,0,0
runs\lightning_mag_full\jigsaw-mag-gcp-cpux8-meanrrf-s20260607-dark-v5-rescue-v16\summary.csv,runs/lightning_mag_full/jigsaw-mag-gcp-cpux8-meanrrf-s20260607-dark-v5-rescue-v16/results\prod_mag_rgcn_seed7202_s20260607_q50_types_all_sizes20_50_100_mean_rrf_component_b20_50_100_200_500_1000_per_query.csv,mag,mag,20260607,mag_rgcn_final,multi_coarse,100,coarse_mean_rrf,mean_rrf_component,type_rel_feat32,50,2,50,0,2,0,0,0,0,32,0,10.112869610559791,9.948019187504542,12.43147830175203,489565.08,649798.1499999998,6.82,200.71261907539224,373948.8509907927,4.66,0.017996644295302015,0.5190156599552572,740.0,1730.3999999999996,1936.01,30.34335717462613,1696.2766332550057,0.5135698590535849,0,0,0,0,0,0,0,2,0,0,,,,,,,,,,,,,,,,,,,,,,,,,,,,,,,,,,,,,,,,,,,,,,,,,,,,,,,,,,,,,,,,,,,,,,,,,,,,,,,,,,,,,,,,,,,,,,,,,,,,,,,,,,,,,,,,,,,,,,0,0,0,0,0,0,0,0,0,0,0,0,0,0,2,2,0,2,0,2
runs\lightning_mag_full\jigsaw-mag-gcp-cpux8-meanrrf-s20260607-dark-v5-rescue-v16\summary.csv,runs/lightning_mag_full/jigsaw-mag-gcp-cpux8-meanrrf-s20260607-dark-v5-rescue-v16/results\prod_mag_rgcn_seed7202_s20260607_q50_types_all_sizes20_50_100_mean_rrf_component_b20_50_100_200_500_1000_per_query.csv,mag,mag,20260607,mag_rgcn_final,multi_fine,20,coarse_mean_rrf,mean_rrf_component,type_rel_feat32,50,6,50,0,6,0,0,0,0,50,0,8.08186705610009,8.665569896500529,10.926159163050396,289533.72,561363.6499999999,12.04,1007.3827404866425,792413.5260858893,1.0,0.012683823529411765,0.9044117647058824,4.5,135.29999999999987,548.8999999999988,24.276130382592033,1485.303243220615,0.3340832683721494,0,0,0,4,2,0,0,0,0,0,,,,,,,,,,,,,,,,,,,,,,,,,,,,,,,,,,,,,,,,,,,,,,,,,,,,,,,,,,,,,,,,,,,,,,,,,,,,,,,,,,,,,,,,,,,,,,,,,,,,,,,,,,,,,,,,,,,,,,0,0,0,0,0,0,4,4,2,6,0,6,0,6,0,6,0,6,0,6
runs\lightning_mag_full\jigsaw-mag-gcp-cpux8-meanrrf-s20260607-dark-v5-rescue-v16\summary.csv,runs/lightning_mag_full/jigsaw-mag-gcp-cpux8-meanrrf-s20260607-dark-v5-rescue-v16/results\prod_mag_rgcn_seed7202_s20260607_q50_types_all_sizes20_50_100_mean_rrf_component_b20_50_100_200_500_1000_per_query.csv,mag,mag,20260607,mag_rgcn_final,multi_fine,50,coarse_mean_rrf,mean_rrf_component,type_rel_feat32,50,17,50,0,17,0,0,0,0,50,0,6.284717972060462,8.408924823501366,10.97040851614729,289795.2,577806.25,123.88,426.45919280162263,260567.24320560362,1.0,0.015832558139534884,0.958139534883721,5.0,41.749999999999986,131.4299999999998,26.367242051289164,1457.6881377675522,3.874181316276135,0,0,0,17,0,0,0,0,0,0,,,,,,,,,,,,,,,,,,,,,,,,,,,,,,,,,,,,,,,,,,,,,,,,,,,,,,,,,,,,,,,,,,,,,,,,,,,,,,,,,,,,,,,,,,,,,,,,,,,,,,,,,,,,,,,,,,,,,,0,0,0,0,0,0,17,17,0,17,0,17,0,17,0,17,0,17,0,17
runs\lightning_mag_full\jigsaw-mag-gcp-cpux8-meanrrf-s20260607-dark-v5-rescue-v16\summary.csv,runs/lightning_mag_full/jigsaw-mag-gcp-cpux8-meanrrf-s20260607-dark-v5-rescue-v16/results\prod_mag_rgcn_seed7202_s20260607_q50_types_all_sizes20_50_100_mean_rrf_component_b20_50_100_200_500_1000_per_query.csv,mag,mag,20260607,mag_rgcn_final,multi_fine,100,coarse_mean_rrf,mean_rrf_component,type_rel_feat32,50,30,50,0,30,0,0,0,0,50,0,4.085651949460371,0.6818767339991609,9.93997284840352,231315.0,640568.15,190.36,507.4795180103185,114758.51091455395,1.0,0.019271523178807946,0.9470198675496688,4.0,34.04999999999997,50.60999999999998,28.978775364280498,1343.3268213974595,9.538062529815539,0,0,0,29,1,0,0,0,0,0,,,,,,,,,,,,,,,,,,,,,,,,,,,,,,,,,,,,,,,,,,,,,,,,,,,,,,,,,,,,,,,,,,,,,,,,,,,,,,,,,,,,,,,,,,,,,,,,,,,,,,,,,,,,,,,,,,,,,,0,0,0,0,0,0,29,29,1,30,0,30,0,30,0,30,0,30,0,30
runs\lightning_mag_full\jigsaw-mag-gcp-cpux8-meanrrf-s20260607-dark-v5-rescue-v16\summary.csv,runs/lightning_mag_full/jigsaw-mag-gcp-cpux8-meanrrf-s20260607-dark-v5-rescue-v16/results\prod_mag_rgcn_seed7202_s20260607_q50_types_all_sizes20_50_100_mean_rrf_component_b20_50_100_200_500_1000_per_query.csv,mag,mag,20260607,mag_rgcn_final,negative_label,20,coarse_mean_rrf,mean_rrf_component,type_rel_feat32,50,0,0,50,0,0,50,0,0,6,0,10.733929963120172,10.701751491000323,12.594620485699032,180448.38,478366.09999999986,0.0,9471.701947237047,1277326.2605819185,10.82,0.02969666666666667,0.4263205128205128,1549.0,1982.15,1994.6100000000001,23.556848359803553,1788.9883271866952,0.0,0,0,0,0,0,0,0,0,0,0,,,,,,,,,,,,,,,,,,,,,,,,,,,,,,,,,,,,,,,,,,,,,,,,,,,,,,,,,,,,,,,,,,,,,,,,,,,,,,,,,,,,,,,,,,,,,,,,,,,,,,,,,,,,,,,,,,,,,,0,0,0,0,0,0,0,0,0,0,0,0,0,0,0,0,0,0,0,0
runs\lightning_mag_full\jigsaw-mag-gcp-cpux8-meanrrf-s20260607-dark-v5-rescue-v16\summary.csv,runs/lightning_mag_full/jigsaw-mag-gcp-cpux8-meanrrf-s20260607-dark-v5-rescue-v16/results\prod_mag_rgcn_seed7202_s20260607_q50_types_all_sizes20_50_100_mean_rrf_component_b20_50_100_200_500_1000_per_query.csv,mag,mag,20260607,mag_rgcn_final,negative_label,50,coarse_mean_rrf,mean_rrf_component,type_rel_feat32,50,0,0,50,0,0,50,0,0,2,0,11.536176242399888,11.378921819497918,13.376023578095737,267342.36,590822.25,1.44,3877.9141506351257,190696.16807482878,26.28,0.06520999999999999,0.4075577131513224,1788.0,1982.3999999999999,1994.5900000000001,25.722036519800895,1922.4888820333097,0.20715836667174395,0,0,0,0,0,0,0,0,0,0,,,,,,,,,,,,,,,,,,,,,,,,,,,,,,,,,,,,,,,,,,,,,,,,,,,,,,,,,,,,,,,,,,,,,,,,,,,,,,,,,,,,,,,,,,,,,,,,,,,,,,,,,,,,,,,,,,,,,,0,0,0,0,0,0,0,0,0,0,0,0,0,0,0,0,0,0,0,0
runs\lightning_mag_full\jigsaw-mag-gcp-cpux8-meanrrf-s20260607-dark-v5-rescue-v16\summary.csv,runs/lightning_mag_full/jigsaw-mag-gcp-cpux8-meanrrf-s20260607-dark-v5-rescue-v16/results\prod_mag_rgcn_seed7202_s20260607_q50_types_all_sizes20_50_100_mean_rrf_component_b20_50_100_200_500_1000_per_query.csv,mag,mag,20260607,mag_rgcn_final,negative_label,100,coarse_mean_rrf,mean_rrf_component,type_rel_feat32,50,0,0,50,0,0,50,0,0,11,0,11.747463989579972,11.550347882500091,13.587376468449724,385890.64,612747.3500000001,40.04,649.0339581269236,494119.0413883428,51.82,0.07759,0.3236215473234087,1919.5,1993.1,1997.04,27.13955320000423,1956.985750653328,0.9249142766672472,0,0,0,0,0,0,0,0,0,0,,,,,,,,,,,,,,,,,,,,,,,,,,,,,,,,,,,,,,,,,,,,,,,,,,,,,,,,,,,,,,,,,,,,,,,,,,,,,,,,,,,,,,,,,,,,,,,,,,,,,,,,,,,,,,,,,,,,,,0,0,0,0,0,0,0,0,0,0,0,0,0,0,0,0,0,0,0,0
runs\lightning_mag_full\jigsaw-mag-gcp-cpux8-meanrrf-s20260607-dark-v5-rescue-v16\summary.csv,runs/lightning_mag_full/jigsaw-mag-gcp-cpux8-meanrrf-s20260607-dark-v5-rescue-v16/results\prod_mag_rgcn_seed7202_s20260607_q50_types_all_sizes20_50_100_mean_rrf_component_b20_50_100_200_500_1000_per_query.csv,mag,mag,20260607,mag_rgcn_final,negative_structure,20,coarse_mean_rrf,mean_rrf_component,type_rel_feat32,50,0,0,50,0,0,50,0,0,48,0,9.922613178800239,9.807968703500592,12.046240263949219,206201.68,569095.1499999999,496.62,10889.345326757264,810851.6393232181,10.82,0.04487,0.5254702356467061,1244.0,1877.1999999999998,1935.1699999999998,24.0190786805033,1630.0891417134214,23.679721419951722,0,0,0,0,0,0,0,0,0,0,,,,,,,,,,,,,,,,,,,,,,,,,,,,,,,,,,,,,,,,,,,,,,,,,,,,,,,,,,,,,,,,,,,,,,,,,,,,,,,,,,,,,,,,,,,,,,,,,,,,,,,,,,,,,,,,,,,,,,0,0,0,0,0,0,0,0,0,0,0,0,0,0,0,0,0,0,0,0
runs\lightning_mag_full\jigsaw-mag-gcp-cpux8-meanrrf-s20260607-dark-v5-rescue-v16\summary.csv,runs/lightning_mag_full/jigsaw-mag-gcp-cpux8-meanrrf-s20260607-dark-v5-rescue-v16/results\prod_mag_rgcn_seed7202_s20260607_q50_types_all_sizes20_50_100_mean_rrf_component_b20_50_100_200_500_1000_per_query.csv,mag,mag,20260607,mag_rgcn_final,negative_structure,50,coarse_mean_rrf,mean_rrf_component,type_rel_feat32,50,0,0,50,0,0,50,0,0,44,0,11.058814924561156,10.968246922997423,13.131233871202674,299555.3,625136.3500000001,1163.62,3282.149398812843,432340.94035780284,26.4,0.07559,0.4390998022785996,1787.5,1979.05,1992.12,25.619142499635927,1788.237549556773,54.89827120341943,0,0,0,0,0,0,0,0,0,0,,,,,,,,,,,,,,,,,,,,,,,,,,,,,,,,,,,,,,,,,,,,,,,,,,,,,,,,,,,,,,,,,,,,,,,,,,,,,,,,,,,,,,,,,,,,,,,,,,,,,,,,,,,,,,,,,,,,,,0,0,0,0,0,0,0,0,0,0,0,0,0,0,0,0,0,0,0,0
runs\lightning_mag_full\jigsaw-mag-gcp-cpux8-meanrrf-s20260607-dark-v5-rescue-v16\summary.csv,runs/lightning_mag_full/jigsaw-mag-gcp-cpux8-meanrrf-s20260607-dark-v5-rescue-v16/results\prod_mag_rgcn_seed7202_s20260607_q50_types_all_sizes20_50_100_mean_rrf_component_b20_50_100_200_500_1000_per_query.csv,mag,mag,20260607,mag_rgcn_final,negative_structure,100,coarse_mean_rrf,mean_rrf_component,type_rel_feat32,50,0,0,50,0,0,50,0,0,46,0,11.597383033900055,11.461564114499652,14.690148267099698,334282.44,676186.35,530.86,1579.0723901944446,102339.52097584237,50.14,0.13249666666666668,0.4160921983188974,1807.0,1990.65,1995.06,26.857208860005812,1904.0949107133438,28.802261603332227,0,0,0,0,0,0,0,0,0,0,,,,,,,,,,,,,,,,,,,,,,,,,,,,,,,,,,,,,,,,,,,,,,,,,,,,,,,,,,,,,,,,,,,,,,,,,,,,,,,,,,,,,,,,,,,,,,,,,,,,,,,,,,,,,,,,,,,,,,0,0,0,0,0,0,0,0,0,0,0,0,0,0,0,0,0,0,0,0
runs\lightning_mag_full\jigsaw-mag-gcp-cpux8-meanrrf-s20260608-dark-v2-resume\summary.csv,runs\lightning_mag_full\jigsaw-mag-gcp-cpux8-meanrrf-s20260608-dark-v2-resume\results\prod_mag_rgcn_seed7202_s20260608_q50_types_all_sizes20_50_100_mean_rrf_component_b20_50_100_200_500_1000_per_query.csv,mag,mag,20260608,mag_rgcn_final,k_hop,20,coarse_mean_rrf,mean_rrf_component,type_rel_feat32,50,49,50,0,49,0,0,0,0,47,0,2.354351618279761,0.9835785284985832,9.04777440249936,69735.46,468030.05,163.74,7514.399394180454,701099.7132942762,10.02,0.06355645161290323,0.2889922353632031,1528.0,1954.6499999999999,1985.77,23.724559136890974,938.2999653789739,11.035364572542735,0,0,0,23,8,7,0,8,3,0,,,,,,,,,,,,,,,,,,,,,,,,,,,,,,,,,,,,,,,,,,,,,,,,,,,,,,,,,,,,,,,,,,,,,,,,,,,,,,,,,,,,,,,,,,,,,,,,,,,,,,,,,,,,,,,,,,,,,,0,0,0,0,0,0,23,23,8,31,7,38,0,38,8,46,3,49,0,49
runs\lightning_mag_full\jigsaw-mag-gcp-cpux8-meanrrf-s20260608-dark-v2-resume\summary.csv,runs\lightning_mag_full\jigsaw-mag-gcp-cpux8-meanrrf-s20260608-dark-v2-resume\results\prod_mag_rgcn_seed7202_s20260608_q50_types_all_sizes20_50_100_mean_rrf_component_b20_50_100_200_500_1000_per_query.csv,mag,mag,20260608,mag_rgcn_final,k_hop,50,coarse_mean_rrf,mean_rrf_component,type_rel_feat32,50,47,50,0,47,0,0,0,1,47,1,4.3299361781600965,2.642249242499929,10.626623313851905,153551.56,620476.35,609.06,1229.2536853443792,205889.0613406069,27.2,0.10702597402597402,0.2410252205308849,1708.5,1981.15,1995.1,27.97863279880261,1321.2193422857729,84.60409218179092,0,0,0,17,5,7,6,8,4,0,,,,,,,,,,,,,,,,,,,,,,,,,,,,,,,,,,,,,,,,,,,,,,,,,,,,,,,,,,,,,,,,,,,,,,,,,,,,,,,,,,,,,,,,,,,,,,,,,,,,,,,,,,,,,,,,,,,,,,0,0,0,0,0,0,17,17,5,22,7,29,6,35,8,43,4,47,0,47
runs\lightning_mag_full\jigsaw-mag-gcp-cpux8-meanrrf-s20260608-dark-v2-resume\summary.csv,runs\lightning_mag_full\jigsaw-mag-gcp-cpux8-meanrrf-s20260608-dark-v2-resume\results\prod_mag_rgcn_seed7202_s20260608_q50_types_all_sizes20_50_100_mean_rrf_component_b20_50_100_200_500_1000_per_query.csv,mag,mag,20260608,mag_rgcn_final,k_hop,100,coarse_mean_rrf,mean_rrf_component,type_rel_feat32,50,48,50,0,48,0,0,0,1,49,1,6.132692583980388,4.070369027502238,16.400465887001335,134979.18,590771.8999999998,898.56,822.436292487763,200160.23302490855,53.88,0.15256291390728477,0.2210760551889974,1874.0,1994.65,1997.53,50.33816379445913,1876.8039577551353,153.88895084764206,0,0,0,14,10,7,3,8,6,0,,,,,,,,,,,,,,,,,,,,,,,,,,,,,,,,,,,,,,,,,,,,,,,,,,,,,,,,,,,,,,,,,,,,,,,,,,,,,,,,,,,,,,,,,,,,,,,,,,,,,,,,,,,,,,,,,,,,,,0,0,0,0,0,0,14,14,10,24,7,31,3,34,8,42,6,48,0,48
runs\lightning_mag_full\jigsaw-mag-gcp-cpux8-meanrrf-s20260608-dark-v2-resume\summary.csv,runs\lightning_mag_full\jigsaw-mag-gcp-cpux8-meanrrf-s20260608-dark-v2-resume\results\prod_mag_rgcn_seed7202_s20260608_q50_types_all_sizes20_50_100_mean_rrf_component_b20_50_100_200_500_1000_per_query.csv,mag,mag,20260608,mag_rgcn_final,degree_k_hop,20,coarse_mean_rrf,mean_rrf_component,type_rel_feat32,50,46,50,0,46,0,0,0,0,44,0,2.748588745779853,1.0680419380005333,10.050108910749078,80783.72,504389.0,144.86,8916.069114364374,664681.1653247924,10.68,0.060184615384615385,0.31681139687361404,1293.0,1921.25,1981.87,25.2848682385285,1047.440573869188,9.708943738447628,0,0,0,22,8,7,2,3,4,0,,,,,,,,,,,,,,,,,,,,,,,,,,,,,,,,,,,,,,,,,,,,,,,,,,,,,,,,,,,,,,,,,,,,,,,,,,,,,,,,,,,,,,,,,,,,,,,,,,,,,,,,,,,,,,,,,,,,,,0,0,0,0,0,0,22,22,8,30,7,37,2,39,3,42,4,46,0,46
runs\lightning_mag_full\jigsaw-mag-gcp-cpux8-meanrrf-s20260608-dark-v2-resume\summary.csv,runs\lightning_mag_full\jigsaw-mag-gcp-cpux8-meanrrf-s20260608-dark-v2-resume\results\prod_mag_rgcn_seed7202_s20260608_q50_types_all_sizes20_50_100_mean_rrf_component_b20_50_100_200_500_1000_per_query.csv,mag,mag,20260608,mag_rgcn_final,degree_k_hop,50,coarse_mean_rrf,mean_rrf_component,type_rel_feat32,50,49,50,0,49,0,0,0,0,47,0,3.8201573488400027,2.7279342339988943,11.176979934653081,107427.88,556643.3999999998,387.6,2826.8066275897595,176645.349043964,27.1,0.11711258278145696,0.2709082677624374,1638.5,1960.5,1970.1,27.03649696695419,1238.9920078675405,25.960756649016687,0,0,0,15,7,7,10,5,5,0,,,,,,,,,,,,,,,,,,,,,,,,,,,,,,,,,,,,,,,,,,,,,,,,,,,,,,,,,,,,,,,,,,,,,,,,,,,,,,,,,,,,,,,,,,,,,,,,,,,,,,,,,,,,,,,,,,,,,,0,0,0,0,0,0,15,15,7,22,7,29,10,39,5,44,5,49,0,49
runs\lightning_mag_full\jigsaw-mag-gcp-cpux8-meanrrf-s20260608-dark-v2-resume\summary.csv,runs\lightning_mag_full\jigsaw-mag-gcp-cpux8-meanrrf-s20260608-dark-v2-resume\results\prod_mag_rgcn_seed7202_s20260608_q50_types_all_sizes20_50_100_mean_rrf_component_b20_50_100_200_500_1000_per_query.csv,mag,mag,20260608,mag_rgcn_final,degree_k_hop,100,coarse_mean_rrf,mean_rrf_component,type_rel_feat32,50,46,50,0,46,0,0,0,1,46,1,5.651383192439971,4.658096444498369,13.095537859245269,181524.48,644542.2999999998,931.92,896.1071333893383,133600.09256568304,52.28,0.1447758620689655,0.2425014916831134,1828.5,1996.65,2000.0,31.822432270405706,1474.500877936773,149.45980954597735,0,0,0,13,6,5,6,9,7,0,,,,,,,,,,,,,,,,,,,,,,,,,,,,,,,,,,,,,,,,,,,,,,,,,,,,,,,,,,,,,,,,,,,,,,,,,,,,,,,,,,,,,,,,,,,,,,,,,,,,,,,,,,,,,,,,,,,,,,0,0,0,0,0,0,13,13,6,19,5,24,6,30,9,39,7,46,0,46
runs\lightning_mag_full\jigsaw-mag-gcp-cpux8-meanrrf-s20260608-dark-v2-resume\summary.csv,runs\lightning_mag_full\jigsaw-mag-gcp-cpux8-meanrrf-s20260608-dark-v2-resume\results\prod_mag_rgcn_seed7202_s20260608_q50_types_all_sizes20_50_100_mean_rrf_component_b20_50_100_200_500_1000_per_query.csv,mag,mag,20260608,mag_rgcn_final,random_walk,20,coarse_mean_rrf,mean_rrf_component,type_rel_feat32,50,44,50,0,44,0,0,0,0,37,0,6.681955343020054,6.325792861501213,13.199800309401233,126295.36,384043.54999999993,509.46,5023.281471569689,783001.7898246391,12.12,0.050555555555555555,0.3663829898919768,1223.5,1928.5,1957.75,23.440892847188646,1519.3669933704248,27.38192862495823,0,0,0,3,4,7,11,10,9,0,,,,,,,,,,,,,,,,,,,,,,,,,,,,,,,,,,,,,,,,,,,,,,,,,,,,,,,,,,,,,,,,,,,,,,,,,,,,,,,,,,,,,,,,,,,,,,,,,,,,,,,,,,,,,,,,,,,,,,0,0,0,0,0,0,3,3,4,7,7,14,11,25,10,35,9,44,0,44
runs\lightning_mag_full\jigsaw-mag-gcp-cpux8-meanrrf-s20260608-dark-v2-resume\summary.csv,runs\lightning_mag_full\jigsaw-mag-gcp-cpux8-meanrrf-s20260608-dark-v2-resume\results\prod_mag_rgcn_seed7202_s20260608_q50_types_all_sizes20_50_100_mean_rrf_component_b20_50_100_200_500_1000_per_query.csv,mag,mag,20260608,mag_rgcn_final,random_walk,50,coarse_mean_rrf,mean_rrf_component,type_rel_feat32,50,33,50,0,33,0,0,0,0,25,0,11.380604747080033,13.267690337497697,14.66540580965129,197693.32,444307.2,414.4,1587.9105525438142,213918.63181787246,28.56,0.07251272727272727,0.35896151071974103,1740.5,1977.3,1989.53,28.916219240120633,2054.7993947054388,14.401468400021919,0,0,0,1,1,2,2,6,21,0,,,,,,,,,,,,,,,,,,,,,,,,,,,,,,,,,,,,,,,,,,,,,,,,,,,,,,,,,,,,,,,,,,,,,,,,,,,,,,,,,,,,,,,,,,,,,,,,,,,,,,,,,,,,,,,,,,,,,,0,0,0,0,0,0,1,1,1,2,2,4,2,6,6,12,21,33,0,33
runs\lightning_mag_full\jigsaw-mag-gcp-cpux8-meanrrf-s20260608-dark-v2-resume\summary.csv,runs\lightning_mag_full\jigsaw-mag-gcp-cpux8-meanrrf-s20260608-dark-v2-resume\results\prod_mag_rgcn_seed7202_s20260608_q50_types_all_sizes20_50_100_mean_rrf_component_b20_50_100_200_500_1000_per_query.csv,mag,mag,20260608,mag_rgcn_final,random_walk,100,coarse_mean_rrf,mean_rrf_component,type_rel_feat32,50,14,50,0,14,0,0,0,1,12,1,15.388374574760528,14.891681170503944,20.76003349690363,353951.6,497156.64999999997,1740.54,301.915148641486,71741.27509655776,56.66,0.0947804054054054,0.3066290285052672,1898.5,1992.75,2000.0,38.40589174666781,2495.503149760176,103.88444732775129,0,0,0,0,0,0,0,4,10,0,,,,,,,,,,,,,,,,,,,,,,,,,,,,,,,,,,,,,,,,,,,,,,,,,,,,,,,,,,,,,,,,,,,,,,,,,,,,,,,,,,,,,,,,,,,,,,,,,,,,,,,,,,,,,,,,,,,,,,0,0,0,0,0,0,0,0,0,0,0,0,0,0,4,4,10,14,0,14
runs\lightning_mag_full\jigsaw-mag-gcp-cpux8-meanrrf-s20260608-dark-v2-resume\summary.csv,runs\lightning_mag_full\jigsaw-mag-gcp-cpux8-meanrrf-s20260608-dark-v2-resume\results\prod_mag_rgcn_seed7202_s20260608_q50_types_all_sizes20_50_100_mean_rrf_component_b20_50_100_200_500_1000_per_query.csv,mag,mag,20260608,mag_rgcn_final,single,20,coarse_mean_rrf,mean_rrf_component,type_rel_feat32,50,49,50,0,49,0,0,0,0,47,0,2.0996614687600776,0.5235628440004803,8.624289446950069,80401.28,401700.25,113.96,4020.766215898778,1184239.7857181067,1.0,0.012294117647058823,0.3949579831932773,19.0,633.0999999999992,1050.2299999999998,22.96408034455163,875.1211136218711,7.089587537825346,0,0,0,27,4,4,6,6,2,0,,,,,,,,,,,,,,,,,,,,,,,,,,,,,,,,,,,,,,,,,,,,,,,,,,,,,,,,,,,,,,,,,,,,,,,,,,,,,,,,,,,,,,,,,,,,,,,,,,,,,,,,,,,,,,,,,,,,,,0,0,0,0,0,0,27,27,4,31,4,35,6,41,6,47,2,49,0,49
runs\lightning_mag_full\jigsaw-mag-gcp-cpux8-meanrrf-s20260608-dark-v2-resume\summary.csv,runs\lightning_mag_full\jigsaw-mag-gcp-cpux8-meanrrf-s20260608-dark-v2-resume\results\prod_mag_rgcn_seed7202_s20260608_q50_types_all_sizes20_50_100_mean_rrf_component_b20_50_100_200_500_1000_per_query.csv,mag,mag,20260608,mag_rgcn_final,single,50,coarse_mean_rrf,mean_rrf_component,type_rel_feat32,50,50,50,0,50,0,0,0,0,50,0,1.2100530148998951,0.3512206069990498,4.899724261899242,50034.78,352392.3499999995,142.24,813.757532143632,353248.8010622439,1.0,0.025,0.625,5.5,230.99999999999966,459.77999999999963,25.277721000179554,740.9412846500572,15.341849662377172,0,0,0,37,6,1,3,2,1,0,,,,,,,,,,,,,,,,,,,,,,,,,,,,,,,,,,,,,,,,,,,,,,,,,,,,,,,,,,,,,,,,,,,,,,,,,,,,,,,,,,,,,,,,,,,,,,,,,,,,,,,,,,,,,,,,,,,,,,0,0,0,0,0,0,37,37,6,43,1,44,3,47,2,49,1,50,0,50
runs\lightning_mag_full\jigsaw-mag-gcp-cpux8-meanrrf-s20260608-dark-v2-resume\summary.csv,runs\lightning_mag_full\jigsaw-mag-gcp-cpux8-meanrrf-s20260608-dark-v2-resume\results\prod_mag_rgcn_seed7202_s20260608_q50_types_all_sizes20_50_100_mean_rrf_component_b20_50_100_200_500_1000_per_query.csv,mag,mag,20260608,mag_rgcn_final,single,100,coarse_mean_rrf,mean_rrf_component,type_rel_feat32,50,50,50,0,50,0,0,0,0,50,0,1.4494026652601315,0.4817629160006618,6.090160959899276,67432.3,512354.15,231.94,467.0360525786535,106078.05041354679,1.0,0.01943956043956044,0.5494505494505495,13.0,269.55,533.6199999999993,31.175246988953273,772.572854637354,23.802236164916035,0,0,0,30,12,1,2,4,1,0,,,,,,,,,,,,,,,,,,,,,,,,,,,,,,,,,,,,,,,,,,,,,,,,,,,,,,,,,,,,,,,,,,,,,,,,,,,,,,,,,,,,,,,,,,,,,,,,,,,,,,,,,,,,,,,,,,,,,,0,0,0,0,0,0,30,30,12,42,1,43,2,45,4,49,1,50,0,50
runs\lightning_mag_full\jigsaw-mag-gcp-cpux8-meanrrf-s20260608-dark-v2-resume\summary.csv,runs\lightning_mag_full\jigsaw-mag-gcp-cpux8-meanrrf-s20260608-dark-v2-resume\results\prod_mag_rgcn_seed7202_s20260608_q50_types_all_sizes20_50_100_mean_rrf_component_b20_50_100_200_500_1000_per_query.csv,mag,mag,20260608,mag_rgcn_final,multi_coarse,20,coarse_mean_rrf,mean_rrf_component,type_rel_feat32,50,0,50,0,0,0,0,0,0,40,0,9.957460620499951,9.67354317850004,12.321131030598828,329136.88,541712.7,0.0,510.01909924441236,1737134.585776026,4.36,0.018713333333333332,0.5453333333333333,644.5,1685.0999999999997,1861.6699999999996,27.936686880057096,1659.576770083325,0.0,0,0,0,0,0,0,0,0,0,0,,,,,,,,,,,,,,,,,,,,,,,,,,,,,,,,,,,,,,,,,,,,,,,,,,,,,,,,,,,,,,,,,,,,,,,,,,,,,,,,,,,,,,,,,,,,,,,,,,,,,,,,,,,,,,,,,,,,,,0,0,0,0,0,0,0,0,0,0,0,0,0,0,0,0,0,0,0,0
runs\lightning_mag_full\jigsaw-mag-gcp-cpux8-meanrrf-s20260608-dark-v2-resume\summary.csv,runs\lightning_mag_full\jigsaw-mag-gcp-cpux8-meanrrf-s20260608-dark-v2-resume\results\prod_mag_rgcn_seed7202_s20260608_q50_types_all_sizes20_50_100_mean_rrf_component_b20_50_100_200_500_1000_per_query.csv,mag,mag,20260608,mag_rgcn_final,multi_coarse,50,coarse_mean_rrf,mean_rrf_component,type_rel_feat32,50,1,50,0,1,0,0,0,0,35,0,10.66503185136029,10.443256420499893,13.385540618900995,399390.3,556379.0,1.18,263.8145752062155,385033.15447004384,4.28,0.020040000000000002,0.5573888888888889,739.0,1734.1999999999998,1915.6799999999998,33.811290340090636,1777.4430999933793,0.062208566669141874,0,0,0,0,0,0,0,0,1,0,,,,,,,,,,,,,,,,,,,,,,,,,,,,,,,,,,,,,,,,,,,,,,,,,,,,,,,,,,,,,,,,,,,,,,,,,,,,,,,,,,,,,,,,,,,,,,,,,,,,,,,,,,,,,,,,,,,,,,0,0,0,0,0,0,0,0,0,0,0,0,0,0,0,0,1,1,0,1
runs\lightning_mag_full\jigsaw-mag-gcp-cpux8-meanrrf-s20260608-dark-v2-resume\summary.csv,runs\lightning_mag_full\jigsaw-mag-gcp-cpux8-meanrrf-s20260608-dark-v2-resume\results\prod_mag_rgcn_seed7202_s20260608_q50_types_all_sizes20_50_100_mean_rrf_component_b20_50_100_200_500_1000_per_query.csv,mag,mag,20260608,mag_rgcn_final,multi_coarse,100,coarse_mean_rrf,mean_rrf_component,type_rel_feat32,50,4,50,0,4,0,0,0,0,42,0,11.848709088819742,12.195090961495225,19.13875208384834,439396.54,600673.8,17.36,225.14510350777428,142738.5420285942,4.0,0.02030035335689046,0.6025912838633687,489.5,1336.75,1540.3599999999997,50.064646982609574,2092.7402990883006,0.6712007031730967,0,0,0,2,1,1,0,0,0,0,,,,,,,,,,,,,,,,,,,,,,,,,,,,,,,,,,,,,,,,,,,,,,,,,,,,,,,,,,,,,,,,,,,,,,,,,,,,,,,,,,,,,,,,,,,,,,,,,,,,,,,,,,,,,,,,,,,,,,0,0,0,0,0,0,2,2,1,3,1,4,0,4,0,4,0,4,0,4
runs\lightning_mag_full\jigsaw-mag-gcp-cpux8-meanrrf-s20260608-dark-v2-resume\summary.csv,runs\lightning_mag_full\jigsaw-mag-gcp-cpux8-meanrrf-s20260608-dark-v2-resume\results\prod_mag_rgcn_seed7202_s20260608_q50_types_all_sizes20_50_100_mean_rrf_component_b20_50_100_200_500_1000_per_query.csv,mag,mag,20260608,mag_rgcn_final,multi_fine,20,coarse_mean_rrf,mean_rrf_component,type_rel_feat32,50,12,50,0,12,0,0,0,0,50,0,7.206355022180105,8.67978694949943,11.895623843049083,260929.36,486380.25,20.38,1787.132631863268,1447184.3328445933,1.0,0.011409836065573772,0.8442622950819673,11.5,135.59999999999997,288.6599999999995,26.138185594525147,1476.0097279877298,0.7023667213079385,0,0,0,10,1,0,1,0,0,0,,,,,,,,,,,,,,,,,,,,,,,,,,,,,,,,,,,,,,,,,,,,,,,,,,,,,,,,,,,,,,,,,,,,,,,,,,,,,,,,,,,,,,,,,,,,,,,,,,,,,,,,,,,,,,,,,,,,,,0,0,0,0,0,0,10,10,1,11,0,11,1,12,0,12,0,12,0,12
runs\lightning_mag_full\jigsaw-mag-gcp-cpux8-meanrrf-s20260608-dark-v2-resume\summary.csv,runs\lightning_mag_full\jigsaw-mag-gcp-cpux8-meanrrf-s20260608-dark-v2-resume\results\prod_mag_rgcn_seed7202_s20260608_q50_types_all_sizes20_50_100_mean_rrf_component_b20_50_100_200_500_1000_per_query.csv,mag,mag,20260608,mag_rgcn_final,multi_fine,50,coarse_mean_rrf,mean_rrf_component,type_rel_feat32,50,27,50,0,27,0,0,0,0,50,0,4.87742684631994,0.7922718684985739,11.675053747098715,194935.02,531753.7,97.52,315.6797492005126,159988.10936623797,1.0,0.017905882352941178,0.9470588235294117,5.0,43.55,52.669999999999966,29.494592765042718,1430.2304754294014,4.306832311757556,0,0,0,23,3,1,0,0,0,0,,,,,,,,,,,,,,,,,,,,,,,,,,,,,,,,,,,,,,,,,,,,,,,,,,,,,,,,,,,,,,,,,,,,,,,,,,,,,,,,,,,,,,,,,,,,,,,,,,,,,,,,,,,,,,,,,,,,,,0,0,0,0,0,0,23,23,3,26,1,27,0,27,0,27,0,27,0,27
runs\lightning_mag_full\jigsaw-mag-gcp-cpux8-meanrrf-s20260608-dark-v2-resume\summary.csv,runs\lightning_mag_full\jigsaw-mag-gcp-cpux8-meanrrf-s20260608-dark-v2-resume\results\prod_mag_rgcn_seed7202_s20260608_q50_types_all_sizes20_50_100_mean_rrf_component_b20_50_100_200_500_1000_per_query.csv,mag,mag,20260608,mag_rgcn_final,multi_fine,100,coarse_mean_rrf,mean_rrf_component,type_rel_feat32,50,30,50,0,30,0,0,0,0,50,0,4.207744077280295,0.5037371805001385,10.516341816904331,233245.26,671523.25,219.56,273.76498959582125,87680.25666332812,1.0,0.01934640522875817,0.9411764705882353,5.0,37.69999999999996,114.30999999999983,33.8477189346128,1364.151356268064,10.928407549025685,0,0,0,28,1,1,0,0,0,0,,,,,,,,,,,,,,,,,,,,,,,,,,,,,,,,,,,,,,,,,,,,,,,,,,,,,,,,,,,,,,,,,,,,,,,,,,,,,,,,,,,,,,,,,,,,,,,,,,,,,,,,,,,,,,,,,,,,,,0,0,0,0,0,0,28,28,1,29,1,30,0,30,0,30,0,30,0,30
runs\lightning_mag_full\jigsaw-mag-gcp-cpux8-meanrrf-s20260608-dark-v2-resume\summary.csv,runs\lightning_mag_full\jigsaw-mag-gcp-cpux8-meanrrf-s20260608-dark-v2-resume\results\prod_mag_rgcn_seed7202_s20260608_q50_types_all_sizes20_50_100_mean_rrf_component_b20_50_100_200_500_1000_per_query.csv,mag,mag,20260608,mag_rgcn_final,negative_label,20,coarse_mean_rrf,mean_rrf_component,type_rel_feat32,50,0,0,50,0,0,50,0,0,3,0,10.98491460262023,10.793071421002423,12.40057025529977,183212.34,482783.5,0.0,7117.6304448807,1372984.8250238022,10.6,0.02280666666666667,0.38218800643800643,1646.0,1983.1,1990.5700000000002,27.346034899856022,1830.819100436705,0.0,0,0,0,0,0,0,0,0,0,0,,,,,,,,,,,,,,,,,,,,,,,,,,,,,,,,,,,,,,,,,,,,,,,,,,,,,,,,,,,,,,,,,,,,,,,,,,,,,,,,,,,,,,,,,,,,,,,,,,,,,,,,,,,,,,,,,,,,,,0,0,0,0,0,0,0,0,0,0,0,0,0,0,0,0,0,0,0,0
runs\lightning_mag_full\jigsaw-mag-gcp-cpux8-meanrrf-s20260608-dark-v2-resume\summary.csv,runs\lightning_mag_full\jigsaw-mag-gcp-cpux8-meanrrf-s20260608-dark-v2-resume\results\prod_mag_rgcn_seed7202_s20260608_q50_types_all_sizes20_50_100_mean_rrf_component_b20_50_100_200_500_1000_per_query.csv,mag,mag,20260608,mag_rgcn_final,negative_label,50,coarse_mean_rrf,mean_rrf_component,type_rel_feat32,50,0,0,50,0,0,50,0,0,9,0,11.944800942139992,11.75526017050015,13.841695971598892,272408.4,584562.6,0.0,1900.7931979148232,228092.84644277277,25.74,0.06322,0.41192240667499447,1788.0,1979.4,1991.5300000000002,32.11225845996523,1990.8001570233318,0.0,0,0,0,0,0,0,0,0,0,0,,,,,,,,,,,,,,,,,,,,,,,,,,,,,,,,,,,,,,,,,,,,,,,,,,,,,,,,,,,,,,,,,,,,,,,,,,,,,,,,,,,,,,,,,,,,,,,,,,,,,,,,,,,,,,,,,,,,,,0,0,0,0,0,0,0,0,0,0,0,0,0,0,0,0,0,0,0,0
runs\lightning_mag_full\jigsaw-mag-gcp-cpux8-meanrrf-s20260608-dark-v2-resume\summary.csv,runs\lightning_mag_full\jigsaw-mag-gcp-cpux8-meanrrf-s20260608-dark-v2-resume\results\prod_mag_rgcn_seed7202_s20260608_q50_types_all_sizes20_50_100_mean_rrf_component_b20_50_100_200_500_1000_per_query.csv,mag,mag,20260608,mag_rgcn_final,negative_label,100,coarse_mean_rrf,mean_rrf_component,type_rel_feat32,50,0,0,50,0,0,50,0,0,7,0,12.515551520920125,12.263934748501924,14.777102037548683,392775.32,647967.6499999999,0.0,928.7797622455914,180887.87961660957,48.32,0.08363666666666666,0.33367291322989195,1913.5,1995.1999999999998,1998.53,37.8982075600652,2085.925253486688,0.0,0,0,0,0,0,0,0,0,0,0,,,,,,,,,,,,,,,,,,,,,,,,,,,,,,,,,,,,,,,,,,,,,,,,,,,,,,,,,,,,,,,,,,,,,,,,,,,,,,,,,,,,,,,,,,,,,,,,,,,,,,,,,,,,,,,,,,,,,,0,0,0,0,0,0,0,0,0,0,0,0,0,0,0,0,0,0,0,0
runs\lightning_mag_full\jigsaw-mag-gcp-cpux8-meanrrf-s20260608-dark-v2-resume\summary.csv,runs\lightning_mag_full\jigsaw-mag-gcp-cpux8-meanrrf-s20260608-dark-v2-resume\results\prod_mag_rgcn_seed7202_s20260608_q50_types_all_sizes20_50_100_mean_rrf_component_b20_50_100_200_500_1000_per_query.csv,mag,mag,20260608,mag_rgcn_final,negative_structure,20,coarse_mean_rrf,mean_rrf_component,type_rel_feat32,50,0,0,50,0,0,50,0,0,49,0,10.366431512420313,10.231878370998857,12.25898710959973,225986.06,558631.0,366.5,6340.112921525561,601252.1374774834,10.72,0.03992333333333333,0.513348913685214,1046.5,1973.6499999999999,1985.04,26.13756340007967,1705.5374983966735,22.20108700671214,0,0,0,0,0,0,0,0,0,0,,,,,,,,,,,,,,,,,,,,,,,,,,,,,,,,,,,,,,,,,,,,,,,,,,,,,,,,,,,,,,,,,,,,,,,,,,,,,,,,,,,,,,,,,,,,,,,,,,,,,,,,,,,,,,,,,,,,,,0,0,0,0,0,0,0,0,0,0,0,0,0,0,0,0,0,0,0,0
runs\lightning_mag_full\jigsaw-mag-gcp-cpux8-meanrrf-s20260608-dark-v2-resume\summary.csv,runs\lightning_mag_full\jigsaw-mag-gcp-cpux8-meanrrf-s20260608-dark-v2-resume\results\prod_mag_rgcn_seed7202_s20260608_q50_types_all_sizes20_50_100_mean_rrf_component_b20_50_100_200_500_1000_per_query.csv,mag,mag,20260608,mag_rgcn_final,negative_structure,50,coarse_mean_rrf,mean_rrf_component,type_rel_feat32,50,1,0,50,0,1,48,1,1,48,1,11.611802960380155,11.453151195997634,14.572718672402152,300396.94,613657.75,863.0,878.4705228144987,229087.88140301473,29.22,0.07881879194630872,0.4205835952041975,1708.5,1949.7,1967.53,26.755087100574755,1872.5451490235228,75.74393828858378,0,0,0,0,0,0,0,1,0,0,,,,,,,,,,,,,,,,,,,,,,,,,,,,,,,,,,,,,,,,,,,,,,,,,,,,,,,,,,,,,,,,,,,,,,,,,,,,,,,,,,,,,,,,,,,,,,,,,,,,,,,,,,,,,,,,,,,,,,0,0,0,0,0,0,0,0,0,0,0,0,0,0,1,1,0,1,0,1
runs\lightning_mag_full\jigsaw-mag-gcp-cpux8-meanrrf-s20260608-dark-v2-resume\summary.csv,runs\lightning_mag_full\jigsaw-mag-gcp-cpux8-meanrrf-s20260608-dark-v2-resume\results\prod_mag_rgcn_seed7202_s20260608_q50_types_all_sizes20_50_100_mean_rrf_component_b20_50_100_200_500_1000_per_query.csv,mag,mag,20260608,mag_rgcn_final,negative_structure,100,coarse_mean_rrf,mean_rrf_component,type_rel_feat32,50,0,0,50,0,0,50,0,0,46,0,11.864031146379057,11.895856713497778,14.286054549450274,389123.0,743245.1499999999,1006.94,742.2898567021001,109023.43387109597,51.14,0.11596000000000001,0.38813546287149925,1842.0,1989.55,1994.08,32.51878909977677,1909.9150232766017,67.4235011199077,0,0,0,0,0,0,0,0,0,0,,,,,,,,,,,,,,,,,,,,,,,,,,,,,,,,,,,,,,,,,,,,,,,,,,,,,,,,,,,,,,,,,,,,,,,,,,,,,,,,,,,,,,,,,,,,,,,,,,,,,,,,,,,,,,,,,,,,,,0,0,0,0,0,0,0,0,0,0,0,0,0,0,0,0,0,0,0,0
