source_file,file,dataset,dataset_guess,seed,model,query_type,target_query_size,method,method_label,signature,queries,solved,positive_queries,negative_queries,positive_solved,false_positives,correct_no_match,negative_timeouts,unknown_within_budget,contained,timeouts,avg_total_s,p50_total_s,p95_total_s,avg_candidate_nodes,p95_candidate_nodes,avg_component_solver_nodes,avg_node_reduction_factor,avg_edge_reduction_factor_diag,avg_true_parts,avg_precision_at_budget,avg_recall_at_budget,p50_max_true_rank,p95_max_true_rank,p99_max_true_rank,avg_retrieval_ms,avg_candidate_ms,avg_solver_ms,solved_at_2,solved_at_5,solved_at_10,solved_at_20,solved_at_50,solved_at_100,solved_at_200,solved_at_500,solved_at_1000,solved_at_2000,source_bundle,source_rows,solved_rate,positive_solved_rate,false_positive_rate,correct_no_match_rate,solved_total,unsolved,avg_solver_time_per_query,avg_candidate_time_per_query,avg_retrieval_time,avg_total_time_per_query,avg_pruned_nodes,avg_signature_nodes,avg_overlap_nodes,avg_candidate_node_fraction,hit_rows,avg_max_true_coarse_rank,impossible_rows,pruned_fullcov_rows,solver_timeouts,coarse_budget,fullcov,fullcov_rate,recall,avg_max_true_rank,variant,checkpoint,query_seed,budget,impossible,avg_true_coarse,max_true_coarse,wins,losses,exact_mcnemar_p,seed_k,seed_fullcov,avg_seed_recall,expanded_fullcov,avg_expanded_recall,fine_pool_fullcov,avg_fine_pool_recall,fine_fullcov_at_25,avg_fine_recall_at_25,fine_fullcov_at_50,avg_fine_recall_at_50,fine_fullcov_at_75,avg_fine_recall_at_75,fine_fullcov_at_100,avg_fine_recall_at_100,fine_fullcov_at_150,avg_fine_recall_at_150,fine_fullcov_at_200,avg_fine_recall_at_200,fine_fullcov_at_250,avg_fine_recall_at_250,fine_fullcov_at_300,avg_fine_recall_at_300,fine_fullcov_at_400,avg_fine_recall_at_400,fine_fullcov_at_625,avg_fine_recall_at_625,fine_fullcov_at_750,avg_fine_recall_at_750,impossible_at_budget,avg_true_coarse_count,max_true_coarse_count,avg_query_nodes,avg_retrieval_time_seconds,avg_fused_retrieval_time_seconds,avg_seed_precision,avg_expanded_precision,avg_prefix_precision_at_1,avg_prefix_norm_precision_at_1,avg_prefix_precision_at_2,avg_prefix_norm_precision_at_2,avg_prefix_precision_at_5,avg_prefix_norm_precision_at_5,avg_prefix_precision_at_10,avg_prefix_norm_precision_at_10,overlap1_node_fullcov,avg_overlap1_node_recall,avg_overlap1_candidate_nodes,avg_model_load_time_seconds,avg_faiss_build_time_seconds,avg_overlap1_metric_time_seconds,avg_signature_pruning_time_seconds,avg_sig_type_candidate_nodes,avg_sig_type_candidate_fraction,avg_sig_type_reduction_vs_overlap,avg_sig_type_degree_candidate_nodes,avg_sig_type_degree_candidate_fraction,avg_sig_type_degree_reduction_vs_overlap,avg_sig_type_rel_candidate_nodes,avg_sig_type_rel_candidate_fraction,avg_sig_type_rel_reduction_vs_overlap,avg_sig_type_feat8_candidate_nodes,avg_sig_type_feat8_candidate_fraction,avg_sig_type_feat8_reduction_vs_overlap,avg_sig_type_rel_feat8_candidate_nodes,avg_sig_type_rel_feat8_candidate_fraction,avg_sig_type_rel_feat8_reduction_vs_overlap,avg_sig_type_feat16_candidate_nodes,avg_sig_type_feat16_candidate_fraction,avg_sig_type_feat16_reduction_vs_overlap,avg_sig_type_rel_feat16_candidate_nodes,avg_sig_type_rel_feat16_candidate_fraction,avg_sig_type_rel_feat16_reduction_vs_overlap,avg_sig_type_feat32_candidate_nodes,avg_sig_type_feat32_candidate_fraction,avg_sig_type_feat32_reduction_vs_overlap,avg_sig_type_rel_feat32_candidate_nodes,avg_sig_type_rel_feat32_candidate_fraction,avg_sig_type_rel_feat32_reduction_vs_overlap,contained_rate,timeout_rate,first_solved_at_2,solved_by_2,first_solved_at_5,solved_by_5,first_solved_at_10,solved_by_10,first_solved_at_20,solved_by_20,first_solved_at_50,solved_by_50,first_solved_at_100,solved_by_100,first_solved_at_200,solved_by_200,first_solved_at_500,solved_by_500,first_solved_at_1000,solved_by_1000,first_solved_at_2000,solved_by_2000,query_pruning_source
runs\lightning_completion\jigsaw-cora-clean-full-gcp-cpux8-v3\summary.csv,C:\Users\Swastik\Desktop\Jigsaw\runs\lightning_completion\jigsaw-cora-clean-full-gcp-cpux8-v3\results\prod_cora_clean_s20260607_q50_types_all_sizes20_50_100_neural_component_b2_5_10_20_per_query.csv,cora,cora,20260607,cora_jigsaw,single,20,hybrid,neural_component,type_feat32,50,50,50,0,50,0,0,0,0,50,0,0.016880924679994677,0.015493796000015436,0.025313280550011537,20.22,21.0,20.2,980.4554495504495,1818.6527817141455,1.0,0.5,1.0,1.0,1.0,1.0,6.302884100002757,9.368651320004346,7.512273359990331,50,0,0,0,0,0,0,0,0,0,,,,,,,,,,,,,,,,,,,,,,,,,,,,,,,,,,,,,,,,,,,,,,,,,,,,,,,,,,,,,,,,,,,,,,,,,,,,,,,,,,,,,,,,,,,,,,,,,,,,,,,,,,,,,,,,,,,,,,50,50,0,50,0,50,0,50,0,50,0,50,0,50,0,50,0,50,0,50,legacy_planted_id_v0_audited_equivalent_to_query_payload_v1
runs\lightning_completion\jigsaw-cora-clean-full-gcp-cpux8-v3\summary.csv,C:\Users\Swastik\Desktop\Jigsaw\runs\lightning_completion\jigsaw-cora-clean-full-gcp-cpux8-v3\results\prod_cora_clean_s20260607_q50_types_all_sizes20_50_100_neural_component_b2_5_10_20_per_query.csv,cora,cora,20260607,cora_jigsaw,single,50,hybrid,neural_component,type_feat32,50,50,50,0,50,0,0,0,0,50,0,0.0233675833399991,0.021110146000012264,0.036430268049997494,50.42,53.55,50.2,393.248086386438,597.1284314097937,1.0,0.5,1.0,1.0,1.0,1.0,7.3495638200017765,11.262781780002342,12.104801559996758,50,0,0,0,0,0,0,0,0,0,,,,,,,,,,,,,,,,,,,,,,,,,,,,,,,,,,,,,,,,,,,,,,,,,,,,,,,,,,,,,,,,,,,,,,,,,,,,,,,,,,,,,,,,,,,,,,,,,,,,,,,,,,,,,,,,,,,,,,50,50,0,50,0,50,0,50,0,50,0,50,0,50,0,50,0,50,0,50,legacy_planted_id_v0_audited_equivalent_to_query_payload_v1
runs\lightning_completion\jigsaw-cora-clean-full-gcp-cpux8-v3\summary.csv,C:\Users\Swastik\Desktop\Jigsaw\runs\lightning_completion\jigsaw-cora-clean-full-gcp-cpux8-v3\results\prod_cora_clean_s20260607_q50_types_all_sizes20_50_100_neural_component_b2_5_10_20_per_query.csv,cora,cora,20260607,cora_jigsaw,single,100,hybrid,neural_component,type_feat32,50,50,50,0,50,0,0,0,0,50,0,0.036442481600004156,0.03200667650000355,0.05747459449997905,100.6,103.0,100.4,196.77079873312778,240.49349510813653,1.0,0.5,1.0,1.0,1.0,1.0,9.672241700006907,15.347879120001835,21.094602480002322,50,0,0,0,0,0,0,0,0,0,,,,,,,,,,,,,,,,,,,,,,,,,,,,,,,,,,,,,,,,,,,,,,,,,,,,,,,,,,,,,,,,,,,,,,,,,,,,,,,,,,,,,,,,,,,,,,,,,,,,,,,,,,,,,,,,,,,,,,50,50,0,50,0,50,0,50,0,50,0,50,0,50,0,50,0,50,0,50,legacy_planted_id_v0_audited_equivalent_to_query_payload_v1
corrected_connected_rerun::prod_cora_connected_mf_mc_s20260607_q50_types_multi_fine_multi_coarse_sizes20_50_100_neural_component_b2_5_10_20_per_query.csv,runs/lightning_connected_reruns/jigsaw-cora-mf-mc-connected-gcp-cpux8-v3/results/prod_cora_connected_mf_mc_s20260607_q50_types_multi_fine_multi_coarse_sizes20_50_100_neural_component_b2_5_10_20_per_query.csv,cora,cora,20260607,cora_jigsaw,multi_fine,20,hybrid,neural_component,type_feat32,50,50,50,0,50,0,0,0,0,50,0,0.015567564999990964,0.014515754999990804,0.02080233444998214,20.5,23.0,20.34,968.0376368985704,1978.9689821644781,1.0,0.5,1.0,1.0,1.0,1.0,5.719229739999037,8.755975519998174,6.81158947999279,50,0,0,0,0,0,0,0,0,0,,,,,,,,,,,,,,,,,,,,,,,,,,,,,,,,,,,,,,,,,,,,,,,,,,,,,,,,,,,,,,,,,,,,,,,,,,,,,,,,,,,,,,,,,,,,,,,,,,,,,,,,,,,,,,,,,,,,,,50,50,0,50,0,50,0,50,0,50,0,50,0,50,0,50,0,50,0,50,legacy_planted_id_v0_audited_equivalent_to_query_payload_v1
corrected_connected_rerun::prod_cora_connected_mf_mc_s20260607_q50_types_multi_fine_multi_coarse_sizes20_50_100_neural_component_b2_5_10_20_per_query.csv,runs/lightning_connected_reruns/jigsaw-cora-mf-mc-connected-gcp-cpux8-v3/results/prod_cora_connected_mf_mc_s20260607_q50_types_multi_fine_multi_coarse_sizes20_50_100_neural_component_b2_5_10_20_per_query.csv,cora,cora,20260607,cora_jigsaw,multi_fine,50,hybrid,neural_component,type_feat32,50,50,50,0,50,0,0,0,0,50,0,0.020330240120007375,0.019419259999978067,0.027183388450038135,50.7,54.55,50.48,390.71061644209664,600.548274952712,1.0,0.5,1.0,1.0,1.0,1.0,6.337260600005266,10.061583780001229,10.268656340006146,50,0,0,0,0,0,0,0,0,0,,,,,,,,,,,,,,,,,,,,,,,,,,,,,,,,,,,,,,,,,,,,,,,,,,,,,,,,,,,,,,,,,,,,,,,,,,,,,,,,,,,,,,,,,,,,,,,,,,,,,,,,,,,,,,,,,,,,,,50,50,0,50,0,50,0,50,0,50,0,50,0,50,0,50,0,50,0,50,legacy_planted_id_v0_audited_equivalent_to_query_payload_v1
corrected_connected_rerun::prod_cora_connected_mf_mc_s20260607_q50_types_multi_fine_multi_coarse_sizes20_50_100_neural_component_b2_5_10_20_per_query.csv,runs/lightning_connected_reruns/jigsaw-cora-mf-mc-connected-gcp-cpux8-v3/results/prod_cora_connected_mf_mc_s20260607_q50_types_multi_fine_multi_coarse_sizes20_50_100_neural_component_b2_5_10_20_per_query.csv,cora,cora,20260607,cora_jigsaw,multi_fine,100,hybrid,neural_component,type_feat32,50,50,50,0,50,0,0,0,0,50,0,0.03282475383999213,0.03141417549997527,0.044676585000001975,101.08,104.0,100.6,195.88429075782253,252.94391628985835,1.0,0.5,1.0,1.0,1.0,1.0,9.650526120003633,13.769934839997404,19.054818999994723,50,0,0,0,0,0,0,0,0,0,,,,,,,,,,,,,,,,,,,,,,,,,,,,,,,,,,,,,,,,,,,,,,,,,,,,,,,,,,,,,,,,,,,,,,,,,,,,,,,,,,,,,,,,,,,,,,,,,,,,,,,,,,,,,,,,,,,,,,50,50,0,50,0,50,0,50,0,50,0,50,0,50,0,50,0,50,0,50,legacy_planted_id_v0_audited_equivalent_to_query_payload_v1
runs\lightning_completion\jigsaw-cora-clean-full-gcp-cpux8-v3\summary.csv,C:\Users\Swastik\Desktop\Jigsaw\runs\lightning_completion\jigsaw-cora-clean-full-gcp-cpux8-v3\results\prod_cora_clean_s20260607_q50_types_all_sizes20_50_100_neural_component_b2_5_10_20_per_query.csv,cora,cora,20260607,cora_jigsaw,k_hop,20,hybrid,neural_component,type_feat32,50,50,50,0,50,0,0,0,0,50,0,0.016869215940007506,0.014323410499997635,0.04023030854999655,195.82,1474.4499999999925,19.92,987.9419449555843,1815.5116143102543,2.5,0.8222222222222222,0.7759259259259259,2.0,9.549999999999997,11.0,5.0893025185185135,9.709371129633626,5.910273259262214,46,4,0,0,0,0,0,0,0,0,,,,,,,,,,,,,,,,,,,,,,,,,,,,,,,,,,,,,,,,,,,,,,,,,,,,,,,,,,,,,,,,,,,,,,,,,,,,,,,,,,,,,,,,,,,,,,,,,,,,,,,,,,,,,,,,,,,,,,46,46,4,50,0,50,0,50,0,50,0,50,0,50,0,50,0,50,0,50,legacy_planted_id_v0_audited_equivalent_to_query_payload_v1
runs\lightning_completion\jigsaw-cora-clean-full-gcp-cpux8-v3\summary.csv,C:\Users\Swastik\Desktop\Jigsaw\runs\lightning_completion\jigsaw-cora-clean-full-gcp-cpux8-v3\results\prod_cora_clean_s20260607_q50_types_all_sizes20_50_100_neural_component_b2_5_10_20_per_query.csv,cora,cora,20260607,cora_jigsaw,k_hop,50,hybrid,neural_component,type_feat32,50,50,50,0,50,0,0,0,0,50,0,0.03858018857999923,0.02185738550002725,0.08459640205005597,938.16,3238.0499999999993,50.64,390.0757462168792,502.59270965979965,5.16,0.9462686567164179,0.5080490405117271,8.0,18.0,19.509999999999998,7.214688119408642,19.95011179104298,8.841073716419134,35,13,2,0,0,0,0,0,0,0,,,,,,,,,,,,,,,,,,,,,,,,,,,,,,,,,,,,,,,,,,,,,,,,,,,,,,,,,,,,,,,,,,,,,,,,,,,,,,,,,,,,,,,,,,,,,,,,,,,,,,,,,,,,,,,,,,,,,,35,35,13,48,2,50,0,50,0,50,0,50,0,50,0,50,0,50,0,50,legacy_planted_id_v0_audited_equivalent_to_query_payload_v1
runs\lightning_completion\jigsaw-cora-clean-full-gcp-cpux8-v3\summary.csv,C:\Users\Swastik\Desktop\Jigsaw\runs\lightning_completion\jigsaw-cora-clean-full-gcp-cpux8-v3\results\prod_cora_clean_s20260607_q50_types_all_sizes20_50_100_neural_component_b2_5_10_20_per_query.csv,cora,cora,20260607,cora_jigsaw,k_hop,100,hybrid,neural_component,type_feat32,50,50,50,0,50,0,0,0,0,50,0,0.07900934286000279,0.07213912800000344,0.16009366800002167,2471.44,6745.549999999999,100.42,196.40221427978278,148.6069501422286,6.7,0.8955555555555554,0.4639426006092673,13.5,19.549999999999997,20.0,9.511041499996509,32.56383148888884,11.330247877779382,19,23,7,1,0,0,0,0,0,0,,,,,,,,,,,,,,,,,,,,,,,,,,,,,,,,,,,,,,,,,,,,,,,,,,,,,,,,,,,,,,,,,,,,,,,,,,,,,,,,,,,,,,,,,,,,,,,,,,,,,,,,,,,,,,,,,,,,,,19,19,23,42,7,49,1,50,0,50,0,50,0,50,0,50,0,50,0,50,legacy_planted_id_v0_audited_equivalent_to_query_payload_v1
runs\lightning_completion\jigsaw-cora-clean-full-gcp-cpux8-v3\summary.csv,C:\Users\Swastik\Desktop\Jigsaw\runs\lightning_completion\jigsaw-cora-clean-full-gcp-cpux8-v3\results\prod_cora_clean_s20260607_q50_types_all_sizes20_50_100_neural_component_b2_5_10_20_per_query.csv,cora,cora,20260607,cora_jigsaw,degree_k_hop,20,hybrid,neural_component,type_feat32,50,50,50,0,50,0,0,0,0,50,0,0.021614448279998442,0.01588538549998475,0.05632334904995559,252.74,2802.6999999999994,19.52,1033.671406162465,1940.3325381118752,2.86,0.8767857142857143,0.7449404761904762,3.0,16.0,16.509999999999998,6.0799774285728505,12.628886999997187,6.669727535715708,45,4,1,0,0,0,0,0,0,0,,,,,,,,,,,,,,,,,,,,,,,,,,,,,,,,,,,,,,,,,,,,,,,,,,,,,,,,,,,,,,,,,,,,,,,,,,,,,,,,,,,,,,,,,,,,,,,,,,,,,,,,,,,,,,,,,,,,,,45,45,4,49,1,50,0,50,0,50,0,50,0,50,0,50,0,50,0,50,legacy_planted_id_v0_audited_equivalent_to_query_payload_v1
runs\lightning_completion\jigsaw-cora-clean-full-gcp-cpux8-v3\summary.csv,C:\Users\Swastik\Desktop\Jigsaw\runs\lightning_completion\jigsaw-cora-clean-full-gcp-cpux8-v3\results\prod_cora_clean_s20260607_q50_types_all_sizes20_50_100_neural_component_b2_5_10_20_per_query.csv,cora,cora,20260607,cora_jigsaw,degree_k_hop,50,hybrid,neural_component,type_feat32,50,50,50,0,50,0,0,0,0,50,0,0.03705871763999994,0.02242087100003687,0.08466804605000672,963.66,3031.3999999999996,50.24,391.6818497216281,447.57439145958597,5.22,0.956060606060606,0.49458874458874463,7.0,16.0,17.509999999999998,7.429739303030615,19.32019951515103,8.754586575758015,35,14,1,0,0,0,0,0,0,0,,,,,,,,,,,,,,,,,,,,,,,,,,,,,,,,,,,,,,,,,,,,,,,,,,,,,,,,,,,,,,,,,,,,,,,,,,,,,,,,,,,,,,,,,,,,,,,,,,,,,,,,,,,,,,,,,,,,,,35,35,14,49,1,50,0,50,0,50,0,50,0,50,0,50,0,50,0,50,legacy_planted_id_v0_audited_equivalent_to_query_payload_v1
runs\lightning_completion\jigsaw-cora-clean-full-gcp-cpux8-v3\summary.csv,C:\Users\Swastik\Desktop\Jigsaw\runs\lightning_completion\jigsaw-cora-clean-full-gcp-cpux8-v3\results\prod_cora_clean_s20260607_q50_types_all_sizes20_50_100_neural_component_b2_5_10_20_per_query.csv,cora,cora,20260607,cora_jigsaw,degree_k_hop,100,hybrid,neural_component,type_feat32,50,50,50,0,50,0,0,0,0,50,0,0.07424050960000272,0.06873550750003687,0.17491455550003243,2243.64,6906.15,100.5,196.3080764434889,164.5751512428105,6.94,0.9181818181818181,0.464127886002886,14.0,20.0,20.0,9.530861863636114,31.188415681819365,10.993692045454912,21,22,5,2,0,0,0,0,0,0,,,,,,,,,,,,,,,,,,,,,,,,,,,,,,,,,,,,,,,,,,,,,,,,,,,,,,,,,,,,,,,,,,,,,,,,,,,,,,,,,,,,,,,,,,,,,,,,,,,,,,,,,,,,,,,,,,,,,,21,21,22,43,5,48,2,50,0,50,0,50,0,50,0,50,0,50,0,50,legacy_planted_id_v0_audited_equivalent_to_query_payload_v1
runs\lightning_completion\jigsaw-cora-clean-full-gcp-cpux8-v3\summary.csv,C:\Users\Swastik\Desktop\Jigsaw\runs\lightning_completion\jigsaw-cora-clean-full-gcp-cpux8-v3\results\prod_cora_clean_s20260607_q50_types_all_sizes20_50_100_neural_component_b2_5_10_20_per_query.csv,cora,cora,20260607,cora_jigsaw,random_walk,20,hybrid,neural_component,type_feat32,50,50,50,0,50,0,0,0,0,50,0,0.02835135928000227,0.015449806000020772,0.05811330995002208,845.68,3187.25,20.58,960.197807378129,1788.4666393768116,2.98,0.8202898550724638,0.7265700483091787,4.0,18.0,19.019999999999996,5.608574449274454,15.553480652173498,4.99098259420496,33,15,2,0,0,0,0,0,0,0,,,,,,,,,,,,,,,,,,,,,,,,,,,,,,,,,,,,,,,,,,,,,,,,,,,,,,,,,,,,,,,,,,,,,,,,,,,,,,,,,,,,,,,,,,,,,,,,,,,,,,,,,,,,,,,,,,,,,,33,33,15,48,2,50,0,50,0,50,0,50,0,50,0,50,0,50,0,50,legacy_planted_id_v0_audited_equivalent_to_query_payload_v1
runs\lightning_completion\jigsaw-cora-clean-full-gcp-cpux8-v3\summary.csv,C:\Users\Swastik\Desktop\Jigsaw\runs\lightning_completion\jigsaw-cora-clean-full-gcp-cpux8-v3\results\prod_cora_clean_s20260607_q50_types_all_sizes20_50_100_neural_component_b2_5_10_20_per_query.csv,cora,cora,20260607,cora_jigsaw,random_walk,50,hybrid,neural_component,type_feat32,50,50,50,0,50,0,0,0,0,50,0,0.09324078497999835,0.06352527300001043,0.23800720394999642,3684.6,11609.4,52.02,384.03536955403297,397.10775248013005,5.62,0.8243801652892562,0.6281221303948576,10.5,19.549999999999997,20.0,6.9846614132200004,33.901219421487674,4.62803057024718,5,28,8,9,0,0,0,0,0,0,,,,,,,,,,,,,,,,,,,,,,,,,,,,,,,,,,,,,,,,,,,,,,,,,,,,,,,,,,,,,,,,,,,,,,,,,,,,,,,,,,,,,,,,,,,,,,,,,,,,,,,,,,,,,,,,,,,,,,5,5,28,33,8,41,9,50,0,50,0,50,0,50,0,50,0,50,0,50,legacy_planted_id_v0_audited_equivalent_to_query_payload_v1
runs\lightning_completion\jigsaw-cora-clean-full-gcp-cpux8-v3\summary.csv,C:\Users\Swastik\Desktop\Jigsaw\runs\lightning_completion\jigsaw-cora-clean-full-gcp-cpux8-v3\results\prod_cora_clean_s20260607_q50_types_all_sizes20_50_100_neural_component_b2_5_10_20_per_query.csv,cora,cora,20260607,cora_jigsaw,random_walk,100,hybrid,neural_component,type_feat32,50,50,50,0,50,0,0,0,0,50,0,0.19204273310000416,0.18939056449997338,0.29140796305001404,7107.2,11813.75,103.1,191.42713783155327,145.18249660947686,8.04,0.7801775147928994,0.5951343528266605,15.0,20.0,20.0,9.417678455622468,51.26176855029753,5.555608106508437,1,5,18,26,0,0,0,0,0,0,,,,,,,,,,,,,,,,,,,,,,,,,,,,,,,,,,,,,,,,,,,,,,,,,,,,,,,,,,,,,,,,,,,,,,,,,,,,,,,,,,,,,,,,,,,,,,,,,,,,,,,,,,,,,,,,,,,,,,1,1,5,6,18,24,26,50,0,50,0,50,0,50,0,50,0,50,0,50,legacy_planted_id_v0_audited_equivalent_to_query_payload_v1
corrected_connected_rerun::prod_cora_connected_mf_mc_s20260607_q50_types_multi_fine_multi_coarse_sizes20_50_100_neural_component_b2_5_10_20_per_query.csv,runs/lightning_connected_reruns/jigsaw-cora-mf-mc-connected-gcp-cpux8-v3/results/prod_cora_connected_mf_mc_s20260607_q50_types_multi_fine_multi_coarse_sizes20_50_100_neural_component_b2_5_10_20_per_query.csv,cora,cora,20260607,cora_jigsaw,multi_coarse,20,hybrid,neural_component,type_feat32,50,50,50,0,50,0,0,0,0,50,0,0.049460999540002604,0.04864978000006204,0.09530396739999669,2266.66,3241.1,20.4,971.7625372670808,1395.8324410330713,3.32,0.8442708333333333,0.8085069444444444,3.0,5.549999999999997,10.54999999999999,5.995802781248116,22.124759572916375,3.636177687501648,8,39,2,1,0,0,0,0,0,0,,,,,,,,,,,,,,,,,,,,,,,,,,,,,,,,,,,,,,,,,,,,,,,,,,,,,,,,,,,,,,,,,,,,,,,,,,,,,,,,,,,,,,,,,,,,,,,,,,,,,,,,,,,,,,,,,,,,,,8,8,39,47,2,49,1,50,0,50,0,50,0,50,0,50,0,50,0,50,legacy_planted_id_v0_audited_equivalent_to_query_payload_v1
corrected_connected_rerun::prod_cora_connected_mf_mc_s20260607_q50_types_multi_fine_multi_coarse_sizes20_50_100_neural_component_b2_5_10_20_per_query.csv,runs/lightning_connected_reruns/jigsaw-cora-mf-mc-connected-gcp-cpux8-v3/results/prod_cora_connected_mf_mc_s20260607_q50_types_multi_fine_multi_coarse_sizes20_50_100_neural_component_b2_5_10_20_per_query.csv,cora,cora,20260607,cora_jigsaw,multi_coarse,50,hybrid,neural_component,type_feat32,50,50,50,0,50,0,0,0,0,50,0,0.06162915431999636,0.0572340794999775,0.11792299704999605,2853.04,6282.25,50.68,388.4531322655962,343.0957829052999,3.5,0.836,0.7903333333333333,3.0,7.0,8.019999999999996,7.013997599999016,25.22352818999707,5.591048970001111,5,40,5,0,0,0,0,0,0,0,,,,,,,,,,,,,,,,,,,,,,,,,,,,,,,,,,,,,,,,,,,,,,,,,,,,,,,,,,,,,,,,,,,,,,,,,,,,,,,,,,,,,,,,,,,,,,,,,,,,,,,,,,,,,,,,,,,,,,5,5,40,45,5,50,0,50,0,50,0,50,0,50,0,50,0,50,0,50,legacy_planted_id_v0_audited_equivalent_to_query_payload_v1
corrected_connected_rerun::prod_cora_connected_mf_mc_s20260607_q50_types_multi_fine_multi_coarse_sizes20_50_100_neural_component_b2_5_10_20_per_query.csv,runs/lightning_connected_reruns/jigsaw-cora-mf-mc-connected-gcp-cpux8-v3/results/prod_cora_connected_mf_mc_s20260607_q50_types_multi_fine_multi_coarse_sizes20_50_100_neural_component_b2_5_10_20_per_query.csv,cora,cora,20260607,cora_jigsaw,multi_coarse,100,hybrid,neural_component,type_feat32,50,50,50,0,50,0,0,0,0,50,0,0.09234244603999286,0.07296147500005645,0.2171404435999533,3525.24,6946.0,100.78,194.40449128623825,139.99404746569962,3.84,0.8355140186915888,0.7735202492211838,4.0,9.099999999999994,13.529999999999994,9.33321133645167,34.25988271027814,8.890793009344693,5,35,8,2,0,0,0,0,0,0,,,,,,,,,,,,,,,,,,,,,,,,,,,,,,,,,,,,,,,,,,,,,,,,,,,,,,,,,,,,,,,,,,,,,,,,,,,,,,,,,,,,,,,,,,,,,,,,,,,,,,,,,,,,,,,,,,,,,,5,5,35,40,8,48,2,50,0,50,0,50,0,50,0,50,0,50,0,50,legacy_planted_id_v0_audited_equivalent_to_query_payload_v1
/workspace/jigsaw_pkg/runs/noid_negative_cora_v4/results/prod_cora_pv1_s20260607_neg_neural_component_b2_5_10_20_per_query.csv,/workspace/jigsaw_pkg/runs/noid_negative_cora_v4/results/prod_cora_pv1_s20260607_neg_neural_component_b2_5_10_20_per_query.csv,cora,cora,20260607,cora_overlap_best,negative_label,20,hybrid,neural_component,type_feat32,50,0,0,50,0,0,50,0,0,39,0,0.1889844610199839,0.24845964649989583,0.29507830810006797,11998.24,18899.65,0.0,507.5034079918181,659.8482321373916,2.9,0.39024999999999993,0.8305000000000002,5.5,15.649999999999991,19.509999999999998,5.765960919989084,47.24611525499596,0.0,0,0,0,0,0,0,0,0,0,0,query_payload_v1_negative_rerun_2026-08-01,50,0,,0,1,0,50,0,0.047246115255,0.00576596091999,0.1889844610199839,11998.24,,,,,,,,0,,,,,,,,,,,,,,,,,,,,,,,,,,,,,,,,,,,,,,,,,,,,,,,,,,,,,,,,,,,,,,,,,,,,,,,,,,,,,,,,,,,,,,,,,,,,,,,0.78,0,0,0,0,0,0,0,0,0,0,0,0,0,0,0,0,0,0,0,0,0,query_payload_v1
/workspace/jigsaw_pkg/runs/noid_negative_cora_v4/results/prod_cora_pv1_s20260607_neg_neural_component_b2_5_10_20_per_query.csv,/workspace/jigsaw_pkg/runs/noid_negative_cora_v4/results/prod_cora_pv1_s20260607_neg_neural_component_b2_5_10_20_per_query.csv,cora,cora,20260607,cora_overlap_best,negative_label,50,hybrid,neural_component,type_feat32,50,0,0,50,0,0,50,0,0,33,0,0.1459275228399997,0.09713142150008025,0.32479921729998856,8785.6,19003.35,0.0,284.8850233260498,283.29074156745367,4.88,0.5674999999999994,0.7563988095238101,10.0,18.099999999999994,19.509999999999998,8.12287725999795,36.48188070999993,0.0,0,0,0,0,0,0,0,0,0,0,query_payload_v1_negative_rerun_2026-08-01,50,0,,0,1,0,50,0,0.03648188071,0.00812287726,0.1459275228399997,8785.6,,,,,,,,0,,,,,,,,,,,,,,,,,,,,,,,,,,,,,,,,,,,,,,,,,,,,,,,,,,,,,,,,,,,,,,,,,,,,,,,,,,,,,,,,,,,,,,,,,,,,,,,0.66,0,0,0,0,0,0,0,0,0,0,0,0,0,0,0,0,0,0,0,0,0,query_payload_v1
/workspace/jigsaw_pkg/runs/noid_negative_cora_v4/results/prod_cora_pv1_s20260607_neg_neural_component_b2_5_10_20_per_query.csv,/workspace/jigsaw_pkg/runs/noid_negative_cora_v4/results/prod_cora_pv1_s20260607_neg_neural_component_b2_5_10_20_per_query.csv,cora,cora,20260607,cora_overlap_best,negative_label,100,hybrid,neural_component,type_feat32,50,0,0,50,0,0,50,0,0,23,0,0.09708849016000158,0.053745663999961835,0.294041863499956,5471.46,18646.7,0.0,169.75821631527157,181.67315752445884,7.24,0.6914999999999994,0.6849698079698082,14.0,20.0,20.0,11.658016199994563,24.272122540000396,0.0,0,0,0,0,0,0,0,0,0,0,query_payload_v1_negative_rerun_2026-08-01,50,0,,0,1,0,50,0,0.02427212254,0.0116580162,0.09708849016000158,5471.46,,,,,,,,0,,,,,,,,,,,,,,,,,,,,,,,,,,,,,,,,,,,,,,,,,,,,,,,,,,,,,,,,,,,,,,,,,,,,,,,,,,,,,,,,,,,,,,,,,,,,,,,0.46,0,0,0,0,0,0,0,0,0,0,0,0,0,0,0,0,0,0,0,0,0,query_payload_v1
/workspace/jigsaw_pkg/runs/noid_negative_cora_v4/results/prod_cora_pv1_s20260607_neg_neural_component_b2_5_10_20_per_query.csv,/workspace/jigsaw_pkg/runs/noid_negative_cora_v4/results/prod_cora_pv1_s20260607_neg_neural_component_b2_5_10_20_per_query.csv,cora,cora,20260607,cora_overlap_best,negative_structure,20,hybrid,neural_component,type_feat32,50,0,0,50,0,0,50,0,0,50,0,0.05860667619997002,0.05008041900015314,0.08624695364991339,676.6,4392.899999999991,19.86,1001.276657342658,1971.3215639473588,2.9,0.40825,0.8542499999999997,5.0,15.099999999999994,16.509999999999998,6.3872702600087905,9.290338554992559,5.361330494999947,0,0,0,0,0,0,0,0,0,0,query_payload_v1_negative_rerun_2026-08-01,50,0,,0,1,0,50,0.005361330495,0.00929033855499,0.00638727026001,0.05860667619997002,676.6,,,,,,,,0,,,,,,,,,,,,,,,,,,,,,,,,,,,,,,,,,,,,,,,,,,,,,,,,,,,,,,,,,,,,,,,,,,,,,,,,,,,,,,,,,,,,,,,,,,,,,,,1,0,0,0,0,0,0,0,0,0,0,0,0,0,0,0,0,0,0,0,0,0,query_payload_v1
/workspace/jigsaw_pkg/runs/noid_negative_cora_v4/results/prod_cora_pv1_s20260607_neg_neural_component_b2_5_10_20_per_query.csv,/workspace/jigsaw_pkg/runs/noid_negative_cora_v4/results/prod_cora_pv1_s20260607_neg_neural_component_b2_5_10_20_per_query.csv,cora,cora,20260607,cora_overlap_best,negative_structure,50,hybrid,neural_component,type_feat32,50,0,0,50,0,0,50,0,0,50,0,0.07144614718000639,0.06371282749995544,0.09954488150005997,743.56,2769.3999999999996,50.26,392.4123856359313,577.1583991751563,4.86,0.5632499999999999,0.7639880952380952,9.5,18.0,19.0,8.697473320003155,10.272525430000314,7.589011365001284,0,0,0,0,0,0,0,0,0,0,query_payload_v1_negative_rerun_2026-08-01,50,0,,0,1,0,50,0.007589011365,0.01027252543,0.00869747332,0.07144614718000639,743.56,,,,,,,,0,,,,,,,,,,,,,,,,,,,,,,,,,,,,,,,,,,,,,,,,,,,,,,,,,,,,,,,,,,,,,,,,,,,,,,,,,,,,,,,,,,,,,,,,,,,,,,,1,0,0,0,0,0,0,0,0,0,0,0,0,0,0,0,0,0,0,0,0,0,query_payload_v1
/workspace/jigsaw_pkg/runs/noid_negative_cora_v4/results/prod_cora_pv1_s20260607_neg_neural_component_b2_5_10_20_per_query.csv,/workspace/jigsaw_pkg/runs/noid_negative_cora_v4/results/prod_cora_pv1_s20260607_neg_neural_component_b2_5_10_20_per_query.csv,cora,cora,20260607,cora_overlap_best,negative_structure,100,hybrid,neural_component,type_feat32,50,0,0,50,0,0,50,0,0,50,0,0.09276698057999738,0.08191926649999459,0.1423359965999623,1613.4,6177.7,100.62,195.9368367997925,220.9864200187608,6.76,0.6639999999999998,0.6899702380952384,12.0,20.0,20.0,12.09979068001303,12.816757664997454,10.374987480001892,0,0,0,0,0,0,0,0,0,0,query_payload_v1_negative_rerun_2026-08-01,50,0,,0,1,0,50,0.01037498748,0.012816757665,0.01209979068,0.09276698057999738,1613.4,,,,,,,,0,,,,,,,,,,,,,,,,,,,,,,,,,,,,,,,,,,,,,,,,,,,,,,,,,,,,,,,,,,,,,,,,,,,,,,,,,,,,,,,,,,,,,,,,,,,,,,,1,0,0,0,0,0,0,0,0,0,0,0,0,0,0,0,0,0,0,0,0,0,query_payload_v1
runs\lightning_completion\jigsaw-cora-clean-full-gcp-cpux8-v3\summary.csv,C:\Users\Swastik\Desktop\Jigsaw\runs\lightning_completion\jigsaw-cora-clean-full-gcp-cpux8-v3\results\prod_cora_clean_s20260607_q50_types_all_sizes20_50_100_mean_feature_component_b2_5_10_20_per_query.csv,cora,cora,20260607,cora,single,20,mean_feature,mean_feature_component,type_feat32,50,50,50,0,50,0,0,0,0,50,0,0.01941674566000529,0.014501735000067129,0.03792464045005195,306.84,1494.4999999999925,20.2,979.5129257409258,1654.2373163115742,1.0,0.4345454545454545,0.9090909090909091,1.0,3.6499999999999915,7.019999999999996,0.27224932727304724,11.429189945455288,6.222397018185885,47,1,2,0,0,0,0,0,0,0,,,,,,,,,,,,,,,,,,,,,,,,,,,,,,,,,,,,,,,,,,,,,,,,,,,,,,,,,,,,,,,,,,,,,,,,,,,,,,,,,,,,,,,,,,,,,,,,,,,,,,,,,,,,,,,,,,,,,,47,47,1,48,2,50,0,50,0,50,0,50,0,50,0,50,0,50,0,50,legacy_planted_id_v0_audited_equivalent_to_query_payload_v1
runs\lightning_completion\jigsaw-cora-clean-full-gcp-cpux8-v3\summary.csv,C:\Users\Swastik\Desktop\Jigsaw\runs\lightning_completion\jigsaw-cora-clean-full-gcp-cpux8-v3\results\prod_cora_clean_s20260607_q50_types_all_sizes20_50_100_mean_feature_component_b2_5_10_20_per_query.csv,cora,cora,20260607,cora,single,50,mean_feature,mean_feature_component,type_feat32,50,50,50,0,50,0,0,0,0,50,0,0.02713877756001466,0.02139568450002116,0.05372176395003973,262.36,2591.9999999999986,50.2,392.6846263945174,553.5673874451873,1.0,0.44074074074074077,0.9259259259259259,1.0,3.0,3.509999999999998,0.371396851859471,13.583807611121722,11.544690129632592,46,4,0,0,0,0,0,0,0,0,,,,,,,,,,,,,,,,,,,,,,,,,,,,,,,,,,,,,,,,,,,,,,,,,,,,,,,,,,,,,,,,,,,,,,,,,,,,,,,,,,,,,,,,,,,,,,,,,,,,,,,,,,,,,,,,,,,,,,46,46,4,50,0,50,0,50,0,50,0,50,0,50,0,50,0,50,0,50,legacy_planted_id_v0_audited_equivalent_to_query_payload_v1
runs\lightning_completion\jigsaw-cora-clean-full-gcp-cpux8-v3\summary.csv,C:\Users\Swastik\Desktop\Jigsaw\runs\lightning_completion\jigsaw-cora-clean-full-gcp-cpux8-v3\results\prod_cora_clean_s20260607_q50_types_all_sizes20_50_100_mean_feature_component_b2_5_10_20_per_query.csv,cora,cora,20260607,cora,single,100,mean_feature,mean_feature_component,type_feat32,50,50,50,0,50,0,0,0,0,50,0,0.03273342510002749,0.0303930660001015,0.0432219420499905,100.56,102.0,100.4,196.84692608666268,240.49349510813653,1.0,0.5,1.0,1.0,1.0,1.0,0.3845100999933493,13.622169080026651,19.111256020000837,50,0,0,0,0,0,0,0,0,0,,,,,,,,,,,,,,,,,,,,,,,,,,,,,,,,,,,,,,,,,,,,,,,,,,,,,,,,,,,,,,,,,,,,,,,,,,,,,,,,,,,,,,,,,,,,,,,,,,,,,,,,,,,,,,,,,,,,,,50,50,0,50,0,50,0,50,0,50,0,50,0,50,0,50,0,50,0,50,legacy_planted_id_v0_audited_equivalent_to_query_payload_v1
corrected_connected_rerun::prod_cora_connected_mf_mc_s20260607_q50_types_multi_fine_multi_coarse_sizes20_50_100_mean_feature_component_b2_5_10_20_per_query.csv,runs/lightning_connected_reruns/jigsaw-cora-mf-mc-connected-gcp-cpux8-v3/results/prod_cora_connected_mf_mc_s20260607_q50_types_multi_fine_multi_coarse_sizes20_50_100_mean_feature_component_b2_5_10_20_per_query.csv,cora,cora,20260607,cora,multi_fine,20,mean_feature,mean_feature_component,type_feat32,50,50,50,0,50,0,0,0,0,50,0,0.014201400060012475,0.013657859000034023,0.016883300450018623,20.5,23.0,20.34,967.963129087541,1978.9689821644781,1.0,0.5,1.0,1.0,1.0,2.0,0.21495442000286857,8.008641980018183,6.192758079994292,50,0,0,0,0,0,0,0,0,0,,,,,,,,,,,,,,,,,,,,,,,,,,,,,,,,,,,,,,,,,,,,,,,,,,,,,,,,,,,,,,,,,,,,,,,,,,,,,,,,,,,,,,,,,,,,,,,,,,,,,,,,,,,,,,,,,,,,,,50,50,0,50,0,50,0,50,0,50,0,50,0,50,0,50,0,50,0,50,legacy_planted_id_v0_audited_equivalent_to_query_payload_v1
corrected_connected_rerun::prod_cora_connected_mf_mc_s20260607_q50_types_multi_fine_multi_coarse_sizes20_50_100_mean_feature_component_b2_5_10_20_per_query.csv,runs/lightning_connected_reruns/jigsaw-cora-mf-mc-connected-gcp-cpux8-v3/results/prod_cora_connected_mf_mc_s20260607_q50_types_multi_fine_multi_coarse_sizes20_50_100_mean_feature_component_b2_5_10_20_per_query.csv,cora,cora,20260607,cora,multi_fine,50,mean_feature,mean_feature_component,type_feat32,50,50,50,0,50,0,0,0,0,50,0,0.019302383840006314,0.01895174400004862,0.022279031399972376,50.7,54.0,50.48,390.697567770803,600.548274952712,1.0,0.5,1.0,1.0,1.0,1.0,0.26212258000896327,9.68496539999478,9.617418440011534,50,0,0,0,0,0,0,0,0,0,,,,,,,,,,,,,,,,,,,,,,,,,,,,,,,,,,,,,,,,,,,,,,,,,,,,,,,,,,,,,,,,,,,,,,,,,,,,,,,,,,,,,,,,,,,,,,,,,,,,,,,,,,,,,,,,,,,,,,50,50,0,50,0,50,0,50,0,50,0,50,0,50,0,50,0,50,0,50,legacy_planted_id_v0_audited_equivalent_to_query_payload_v1
corrected_connected_rerun::prod_cora_connected_mf_mc_s20260607_q50_types_multi_fine_multi_coarse_sizes20_50_100_mean_feature_component_b2_5_10_20_per_query.csv,runs/lightning_connected_reruns/jigsaw-cora-mf-mc-connected-gcp-cpux8-v3/results/prod_cora_connected_mf_mc_s20260607_q50_types_multi_fine_multi_coarse_sizes20_50_100_mean_feature_component_b2_5_10_20_per_query.csv,cora,cora,20260607,cora,multi_fine,100,mean_feature,mean_feature_component,type_feat32,50,50,50,0,50,0,0,0,0,50,0,0.029461275559997377,0.028967207999983202,0.034768616499945885,101.02,103.55,100.6,195.98989713477712,252.94391628985835,1.0,0.5,1.0,1.0,1.0,1.0,0.37253401999805646,12.68937688000733,16.771898679990045,50,0,0,0,0,0,0,0,0,0,,,,,,,,,,,,,,,,,,,,,,,,,,,,,,,,,,,,,,,,,,,,,,,,,,,,,,,,,,,,,,,,,,,,,,,,,,,,,,,,,,,,,,,,,,,,,,,,,,,,,,,,,,,,,,,,,,,,,,50,50,0,50,0,50,0,50,0,50,0,50,0,50,0,50,0,50,0,50,legacy_planted_id_v0_audited_equivalent_to_query_payload_v1
runs\lightning_completion\jigsaw-cora-clean-full-gcp-cpux8-v3\summary.csv,C:\Users\Swastik\Desktop\Jigsaw\runs\lightning_completion\jigsaw-cora-clean-full-gcp-cpux8-v3\results\prod_cora_clean_s20260607_q50_types_all_sizes20_50_100_mean_feature_component_b2_5_10_20_per_query.csv,cora,cora,20260607,cora,k_hop,20,mean_feature,mean_feature_component,type_feat32,50,50,50,0,50,0,0,0,0,50,0,0.022901945960004468,0.014784979499893325,0.05291275849996849,454.28,2710.2499999999995,19.92,985.1766248415738,1655.3261196154233,2.5,0.7140350877192982,0.7187134502923977,3.5,12.0,13.529999999999994,0.3004872280678427,14.101084807014542,5.988341473691132,45,4,0,1,0,0,0,0,0,0,,,,,,,,,,,,,,,,,,,,,,,,,,,,,,,,,,,,,,,,,,,,,,,,,,,,,,,,,,,,,,,,,,,,,,,,,,,,,,,,,,,,,,,,,,,,,,,,,,,,,,,,,,,,,,,,,,,,,,45,45,4,49,0,49,1,50,0,50,0,50,0,50,0,50,0,50,0,50,legacy_planted_id_v0_audited_equivalent_to_query_payload_v1
runs\lightning_completion\jigsaw-cora-clean-full-gcp-cpux8-v3\summary.csv,C:\Users\Swastik\Desktop\Jigsaw\runs\lightning_completion\jigsaw-cora-clean-full-gcp-cpux8-v3\results\prod_cora_clean_s20260607_q50_types_all_sizes20_50_100_mean_feature_component_b2_5_10_20_per_query.csv,cora,cora,20260607,cora,k_hop,50,mean_feature,mean_feature_component,type_feat32,50,50,50,0,50,0,0,0,0,50,0,0.04759667764000369,0.021981110000069748,0.12467116855009971,1354.52,5906.05,50.64,389.880948673876,462.39168944133996,5.16,0.824,0.4905238095238095,9.5,19.0,19.0,0.3555910666773343,23.849592133333317,7.88152629333581,33,11,4,2,0,0,0,0,0,0,,,,,,,,,,,,,,,,,,,,,,,,,,,,,,,,,,,,,,,,,,,,,,,,,,,,,,,,,,,,,,,,,,,,,,,,,,,,,,,,,,,,,,,,,,,,,,,,,,,,,,,,,,,,,,,,,,,,,,33,33,11,44,4,48,2,50,0,50,0,50,0,50,0,50,0,50,0,50,legacy_planted_id_v0_audited_equivalent_to_query_payload_v1
runs\lightning_completion\jigsaw-cora-clean-full-gcp-cpux8-v3\summary.csv,C:\Users\Swastik\Desktop\Jigsaw\runs\lightning_completion\jigsaw-cora-clean-full-gcp-cpux8-v3\results\prod_cora_clean_s20260607_q50_types_all_sizes20_50_100_mean_feature_component_b2_5_10_20_per_query.csv,cora,cora,20260607,cora,k_hop,100,mean_feature,mean_feature_component,type_feat32,50,50,50,0,50,0,0,0,0,50,0,0.08132163448004576,0.06731145250012105,0.1939189290500507,2682.16,6311.449999999999,100.42,196.8736206965438,147.51936346259504,6.7,0.85,0.48503592627303965,13.0,19.0,20.0,0.4209283092818295,32.07332569073496,9.845042597948423,20,16,11,3,0,0,0,0,0,0,,,,,,,,,,,,,,,,,,,,,,,,,,,,,,,,,,,,,,,,,,,,,,,,,,,,,,,,,,,,,,,,,,,,,,,,,,,,,,,,,,,,,,,,,,,,,,,,,,,,,,,,,,,,,,,,,,,,,,20,20,16,36,11,47,3,50,0,50,0,50,0,50,0,50,0,50,0,50,legacy_planted_id_v0_audited_equivalent_to_query_payload_v1
runs\lightning_completion\jigsaw-cora-clean-full-gcp-cpux8-v3\summary.csv,C:\Users\Swastik\Desktop\Jigsaw\runs\lightning_completion\jigsaw-cora-clean-full-gcp-cpux8-v3\results\prod_cora_clean_s20260607_q50_types_all_sizes20_50_100_mean_feature_component_b2_5_10_20_per_query.csv,cora,cora,20260607,cora,degree_k_hop,20,mean_feature,mean_feature_component,type_feat32,50,50,50,0,50,0,0,0,0,50,0,0.03406310602000758,0.014919034999991254,0.11391603905011606,1130.64,5717.2,19.52,1034.613929971989,1531.8537810291355,2.86,0.6873239436619718,0.689906103286385,4.0,14.099999999999994,17.509999999999998,0.3022049577403252,19.244052478879766,4.744050352111488,36,8,5,1,0,0,0,0,0,0,,,,,,,,,,,,,,,,,,,,,,,,,,,,,,,,,,,,,,,,,,,,,,,,,,,,,,,,,,,,,,,,,,,,,,,,,,,,,,,,,,,,,,,,,,,,,,,,,,,,,,,,,,,,,,,,,,,,,,36,36,8,44,5,49,1,50,0,50,0,50,0,50,0,50,0,50,0,50,legacy_planted_id_v0_audited_equivalent_to_query_payload_v1
runs\lightning_completion\jigsaw-cora-clean-full-gcp-cpux8-v3\summary.csv,C:\Users\Swastik\Desktop\Jigsaw\runs\lightning_completion\jigsaw-cora-clean-full-gcp-cpux8-v3\results\prod_cora_clean_s20260607_q50_types_all_sizes20_50_100_mean_feature_component_b2_5_10_20_per_query.csv,cora,cora,20260607,cora,degree_k_hop,50,mean_feature,mean_feature_component,type_feat32,50,50,50,0,50,0,0,0,0,50,0,0.04652169236001327,0.02059048600000324,0.14075934390014594,1238.02,5969.299999999999,50.22,393.16796820091986,454.61496517172395,5.22,0.8474025974025974,0.5415945165945165,9.0,17.0,17.509999999999998,0.3232509870010538,23.017338584423527,7.191552558442236,34,8,5,3,0,0,0,0,0,0,,,,,,,,,,,,,,,,,,,,,,,,,,,,,,,,,,,,,,,,,,,,,,,,,,,,,,,,,,,,,,,,,,,,,,,,,,,,,,,,,,,,,,,,,,,,,,,,,,,,,,,,,,,,,,,,,,,,,,34,34,8,42,5,47,3,50,0,50,0,50,0,50,0,50,0,50,0,50,legacy_planted_id_v0_audited_equivalent_to_query_payload_v1
runs\lightning_completion\jigsaw-cora-clean-full-gcp-cpux8-v3\summary.csv,C:\Users\Swastik\Desktop\Jigsaw\runs\lightning_completion\jigsaw-cora-clean-full-gcp-cpux8-v3\results\prod_cora_clean_s20260607_q50_types_all_sizes20_50_100_mean_feature_component_b2_5_10_20_per_query.csv,cora,cora,20260607,cora,degree_k_hop,100,mean_feature,mean_feature_component,type_feat32,50,50,50,0,50,0,0,0,0,50,0,0.08891468676000841,0.06872683799997503,0.24717077899973672,2595.36,10295.399999999998,100.5,195.82926250396707,168.8241960454186,6.94,0.8448979591836734,0.5020367670877875,13.0,19.0,20.0,0.4641671836805249,35.54661196938942,9.818024132655689,22,14,8,6,0,0,0,0,0,0,,,,,,,,,,,,,,,,,,,,,,,,,,,,,,,,,,,,,,,,,,,,,,,,,,,,,,,,,,,,,,,,,,,,,,,,,,,,,,,,,,,,,,,,,,,,,,,,,,,,,,,,,,,,,,,,,,,,,,22,22,14,36,8,44,6,50,0,50,0,50,0,50,0,50,0,50,0,50,legacy_planted_id_v0_audited_equivalent_to_query_payload_v1
runs\lightning_completion\jigsaw-cora-clean-full-gcp-cpux8-v3\summary.csv,C:\Users\Swastik\Desktop\Jigsaw\runs\lightning_completion\jigsaw-cora-clean-full-gcp-cpux8-v3\results\prod_cora_clean_s20260607_q50_types_all_sizes20_50_100_mean_feature_component_b2_5_10_20_per_query.csv,cora,cora,20260607,cora,random_walk,20,mean_feature,mean_feature_component,type_feat32,50,50,50,0,50,0,0,0,0,50,0,0.046214536320017034,0.05077946400012934,0.11599299405006036,1783.96,5780.65,20.58,958.2444398514031,1462.940264722604,2.98,0.6701149425287356,0.7021072796934866,5.0,13.0,16.059999999999988,0.3123949655130035,22.44825209195944,4.111826252877934,22,20,7,1,0,0,0,0,0,0,,,,,,,,,,,,,,,,,,,,,,,,,,,,,,,,,,,,,,,,,,,,,,,,,,,,,,,,,,,,,,,,,,,,,,,,,,,,,,,,,,,,,,,,,,,,,,,,,,,,,,,,,,,,,,,,,,,,,,22,22,20,42,7,49,1,50,0,50,0,50,0,50,0,50,0,50,0,50,legacy_planted_id_v0_audited_equivalent_to_query_payload_v1
runs\lightning_completion\jigsaw-cora-clean-full-gcp-cpux8-v3\summary.csv,C:\Users\Swastik\Desktop\Jigsaw\runs\lightning_completion\jigsaw-cora-clean-full-gcp-cpux8-v3\results\prod_cora_clean_s20260607_q50_types_all_sizes20_50_100_mean_feature_component_b2_5_10_20_per_query.csv,cora,cora,20260607,cora,random_walk,50,mean_feature,mean_feature_component,type_feat32,50,50,50,0,50,0,0,0,0,50,0,0.1405429473999925,0.12101388249982392,0.2678342363999433,5699.82,11151.95,52.02,382.60946100275,311.50794232481593,5.62,0.6889261744966443,0.6352535421327368,11.0,18.0,19.019999999999996,0.3566730000030603,43.32348928858667,3.83857359731685,3,13,16,18,0,0,0,0,0,0,,,,,,,,,,,,,,,,,,,,,,,,,,,,,,,,,,,,,,,,,,,,,,,,,,,,,,,,,,,,,,,,,,,,,,,,,,,,,,,,,,,,,,,,,,,,,,,,,,,,,,,,,,,,,,,,,,,,,,3,3,13,16,16,32,18,50,0,50,0,50,0,50,0,50,0,50,0,50,legacy_planted_id_v0_audited_equivalent_to_query_payload_v1
runs\lightning_completion\jigsaw-cora-clean-full-gcp-cpux8-v3\summary.csv,C:\Users\Swastik\Desktop\Jigsaw\runs\lightning_completion\jigsaw-cora-clean-full-gcp-cpux8-v3\results\prod_cora_clean_s20260607_q50_types_all_sizes20_50_100_mean_feature_component_b2_5_10_20_per_query.csv,cora,cora,20260607,cora,random_walk,100,mean_feature,mean_feature_component,type_feat32,50,50,50,0,50,0,0,0,0,50,0,0.1745154734600055,0.17536491500015927,0.297365556949876,6467.26,11021.1,103.1,191.79722342342237,144.36848872290346,8.04,0.7691176470588236,0.5985315338256515,14.5,19.0,20.0,0.4035017235497328,46.07113838235765,5.256942047055738,1,5,17,27,0,0,0,0,0,0,,,,,,,,,,,,,,,,,,,,,,,,,,,,,,,,,,,,,,,,,,,,,,,,,,,,,,,,,,,,,,,,,,,,,,,,,,,,,,,,,,,,,,,,,,,,,,,,,,,,,,,,,,,,,,,,,,,,,,1,1,5,6,17,23,27,50,0,50,0,50,0,50,0,50,0,50,0,50,legacy_planted_id_v0_audited_equivalent_to_query_payload_v1
corrected_connected_rerun::prod_cora_connected_mf_mc_s20260607_q50_types_multi_fine_multi_coarse_sizes20_50_100_mean_feature_component_b2_5_10_20_per_query.csv,runs/lightning_connected_reruns/jigsaw-cora-mf-mc-connected-gcp-cpux8-v3/results/prod_cora_connected_mf_mc_s20260607_q50_types_multi_fine_multi_coarse_sizes20_50_100_mean_feature_component_b2_5_10_20_per_query.csv,cora,cora,20260607,cora,multi_coarse,20,mean_feature,mean_feature_component,type_feat32,50,50,50,0,50,0,0,0,0,50,0,0.11372239858000284,0.10185991300005526,0.23356255389999206,5335.04,11275.0,20.4,964.4905749105966,895.7154607427542,3.32,0.5288321167883212,0.6982968369829684,7.0,13.0,17.0,0.33477383211351625,38.92979670802952,2.5747283211685965,2,19,19,10,0,0,0,0,0,0,,,,,,,,,,,,,,,,,,,,,,,,,,,,,,,,,,,,,,,,,,,,,,,,,,,,,,,,,,,,,,,,,,,,,,,,,,,,,,,,,,,,,,,,,,,,,,,,,,,,,,,,,,,,,,,,,,,,,,2,2,19,21,19,40,10,50,0,50,0,50,0,50,0,50,0,50,0,50,legacy_planted_id_v0_audited_equivalent_to_query_payload_v1
corrected_connected_rerun::prod_cora_connected_mf_mc_s20260607_q50_types_multi_fine_multi_coarse_sizes20_50_100_mean_feature_component_b2_5_10_20_per_query.csv,runs/lightning_connected_reruns/jigsaw-cora-mf-mc-connected-gcp-cpux8-v3/results/prod_cora_connected_mf_mc_s20260607_q50_types_multi_fine_multi_coarse_sizes20_50_100_mean_feature_component_b2_5_10_20_per_query.csv,cora,cora,20260607,cora,multi_coarse,50,mean_feature,mean_feature_component,type_feat32,50,50,50,0,50,0,0,0,0,50,0,0.12989285564002329,0.11687870749995,0.2413115334500503,6371.24,11424.0,50.68,387.0589305942898,236.7105376764131,3.5,0.5026845637583893,0.6957494407158837,7.0,12.549999999999997,13.509999999999998,0.3768250000031009,39.938933919468475,3.6492726711433674,1,13,22,14,0,0,0,0,0,0,,,,,,,,,,,,,,,,,,,,,,,,,,,,,,,,,,,,,,,,,,,,,,,,,,,,,,,,,,,,,,,,,,,,,,,,,,,,,,,,,,,,,,,,,,,,,,,,,,,,,,,,,,,,,,,,,,,,,,1,1,13,14,22,36,14,50,0,50,0,50,0,50,0,50,0,50,0,50,legacy_planted_id_v0_audited_equivalent_to_query_payload_v1
corrected_connected_rerun::prod_cora_connected_mf_mc_s20260607_q50_types_multi_fine_multi_coarse_sizes20_50_100_mean_feature_component_b2_5_10_20_per_query.csv,runs/lightning_connected_reruns/jigsaw-cora-mf-mc-connected-gcp-cpux8-v3/results/prod_cora_connected_mf_mc_s20260607_q50_types_multi_fine_multi_coarse_sizes20_50_100_mean_feature_component_b2_5_10_20_per_query.csv,cora,cora,20260607,cora,multi_coarse,100,mean_feature,mean_feature_component,type_feat32,50,50,50,0,50,0,0,0,0,50,0,0.16570707452001443,0.13489474699991888,0.32590906955007315,6467.18,11465.15,100.78,193.3284368487397,103.52979160416608,3.84,0.55,0.693400447427293,8.0,16.0,17.0,0.38998847652014806,49.36721204027002,6.239188805372407,2,12,21,15,0,0,0,0,0,0,,,,,,,,,,,,,,,,,,,,,,,,,,,,,,,,,,,,,,,,,,,,,,,,,,,,,,,,,,,,,,,,,,,,,,,,,,,,,,,,,,,,,,,,,,,,,,,,,,,,,,,,,,,,,,,,,,,,,,2,2,12,14,21,35,15,50,0,50,0,50,0,50,0,50,0,50,0,50,legacy_planted_id_v0_audited_equivalent_to_query_payload_v1
/workspace/jigsaw_pkg/runs/noid_negative_cora_v4/results/prod_cora_pv1_s20260607_neg_mean_feature_component_b2_5_10_20_per_query.csv,/workspace/jigsaw_pkg/runs/noid_negative_cora_v4/results/prod_cora_pv1_s20260607_neg_mean_feature_component_b2_5_10_20_per_query.csv,cora,cora,20260607,cora,negative_label,20,mean_feature,mean_feature_component,type_feat32,50,0,0,50,0,0,50,0,0,26,0,0.2243704587399884,0.24603307699999277,0.3371690625000099,14581.38,18899.65,0.0,501.2262164142025,336.2507785699818,2.9,0.09774999999999996,0.381,17.5,20.0,20.0,0.2803631599954315,56.092614684997095,0.0,0,0,0,0,0,0,0,0,0,0,query_payload_v1_negative_rerun_2026-08-01,50,0,,0,1,0,50,0,0.056092614685,0.000280363159995,0.2243704587399884,14581.38,,,,,,,,0,,,,,,,,,,,,,,,,,,,,,,,,,,,,,,,,,,,,,,,,,,,,,,,,,,,,,,,,,,,,,,,,,,,,,,,,,,,,,,,,,,,,,,,,,,,,,,,0.52,0,0,0,0,0,0,0,0,0,0,0,0,0,0,0,0,0,0,0,0,0,query_payload_v1
/workspace/jigsaw_pkg/runs/noid_negative_cora_v4/results/prod_cora_pv1_s20260607_neg_mean_feature_component_b2_5_10_20_per_query.csv,/workspace/jigsaw_pkg/runs/noid_negative_cora_v4/results/prod_cora_pv1_s20260607_neg_mean_feature_component_b2_5_10_20_per_query.csv,cora,cora,20260607,cora,negative_label,50,mean_feature,mean_feature_component,type_feat32,50,0,0,50,0,0,50,0,0,15,0,0.18380989891998525,0.1670114279999666,0.307192104449922,11946.62,19003.35,0.0,280.5715418513594,177.07416637157036,4.88,0.235,0.43805158730158766,19.0,20.0,20.0,0.35424921999492653,45.95247472999631,0.0,0,0,0,0,0,0,0,0,0,0,query_payload_v1_negative_rerun_2026-08-01,50,0,,0,1,0,50,0,0.04595247473,0.000354249219995,0.18380989891998525,11946.62,,,,,,,,0,,,,,,,,,,,,,,,,,,,,,,,,,,,,,,,,,,,,,,,,,,,,,,,,,,,,,,,,,,,,,,,,,,,,,,,,,,,,,,,,,,,,,,,,,,,,,,,0.3,0,0,0,0,0,0,0,0,0,0,0,0,0,0,0,0,0,0,0,0,0,query_payload_v1
/workspace/jigsaw_pkg/runs/noid_negative_cora_v4/results/prod_cora_pv1_s20260607_neg_mean_feature_component_b2_5_10_20_per_query.csv,/workspace/jigsaw_pkg/runs/noid_negative_cora_v4/results/prod_cora_pv1_s20260607_neg_mean_feature_component_b2_5_10_20_per_query.csv,cora,cora,20260607,cora,negative_label,100,mean_feature,mean_feature_component,type_feat32,50,0,0,50,0,0,50,0,0,10,0,0.16069719275998523,0.16371373400005496,0.2889790195498847,10652.22,18646.7,0.0,167.60980443094505,96.10673035373499,7.24,0.3459999999999999,0.44245587745587783,19.0,20.0,20.0,0.5081444599977658,40.17429818999631,0.0,0,0,0,0,0,0,0,0,0,0,query_payload_v1_negative_rerun_2026-08-01,50,0,,0,1,0,50,0,0.04017429819,0.000508144459998,0.16069719275998523,10652.22,,,,,,,,0,,,,,,,,,,,,,,,,,,,,,,,,,,,,,,,,,,,,,,,,,,,,,,,,,,,,,,,,,,,,,,,,,,,,,,,,,,,,,,,,,,,,,,,,,,,,,,,0.2,0,0,0,0,0,0,0,0,0,0,0,0,0,0,0,0,0,0,0,0,0,query_payload_v1
/workspace/jigsaw_pkg/runs/noid_negative_cora_v4/results/prod_cora_pv1_s20260607_neg_mean_feature_component_b2_5_10_20_per_query.csv,/workspace/jigsaw_pkg/runs/noid_negative_cora_v4/results/prod_cora_pv1_s20260607_neg_mean_feature_component_b2_5_10_20_per_query.csv,cora,cora,20260607,cora,negative_structure,20,mean_feature,mean_feature_component,type_feat32,50,0,0,50,0,0,50,0,0,50,0,0.05735096445997897,0.048779108499786616,0.09878551995003587,790.26,5569.299999999999,19.86,1004.9874329004336,1938.281868069368,2.9,0.41174999999999995,0.85425,4.0,14.549999999999997,18.529999999999994,0.2733488600074452,9.212595299995883,5.125145814998859,0,0,0,0,0,0,0,0,0,0,query_payload_v1_negative_rerun_2026-08-01,50,0,,0,1,0,50,0.005125145815,0.0092125953,0.000273348860007,0.05735096445997897,790.26,,,,,,,,0,,,,,,,,,,,,,,,,,,,,,,,,,,,,,,,,,,,,,,,,,,,,,,,,,,,,,,,,,,,,,,,,,,,,,,,,,,,,,,,,,,,,,,,,,,,,,,,1,0,0,0,0,0,0,0,0,0,0,0,0,0,0,0,0,0,0,0,0,0,query_payload_v1
/workspace/jigsaw_pkg/runs/noid_negative_cora_v4/results/prod_cora_pv1_s20260607_neg_mean_feature_component_b2_5_10_20_per_query.csv,/workspace/jigsaw_pkg/runs/noid_negative_cora_v4/results/prod_cora_pv1_s20260607_neg_mean_feature_component_b2_5_10_20_per_query.csv,cora,cora,20260607,cora,negative_structure,50,mean_feature,mean_feature_component,type_feat32,50,0,0,50,0,0,50,0,0,50,0,0.0725961776000031,0.06234832699999515,0.10111282150004397,1230.14,5750.4,50.26,391.98653322646715,547.9466906655612,4.86,0.5447499999999998,0.744263888888889,9.0,19.0,20.0,0.35720682000373927,11.03226432500037,7.116780075000406,0,0,0,0,0,0,0,0,0,0,query_payload_v1_negative_rerun_2026-08-01,50,0,,0,1,0,50,0.007116780075,0.011032264325,0.000357206820004,0.0725961776000031,1230.14,,,,,,,,0,,,,,,,,,,,,,,,,,,,,,,,,,,,,,,,,,,,,,,,,,,,,,,,,,,,,,,,,,,,,,,,,,,,,,,,,,,,,,,,,,,,,,,,,,,,,,,,1,0,0,0,0,0,0,0,0,0,0,0,0,0,0,0,0,0,0,0,0,0,query_payload_v1
/workspace/jigsaw_pkg/runs/noid_negative_cora_v4/results/prod_cora_pv1_s20260607_neg_mean_feature_component_b2_5_10_20_per_query.csv,/workspace/jigsaw_pkg/runs/noid_negative_cora_v4/results/prod_cora_pv1_s20260607_neg_mean_feature_component_b2_5_10_20_per_query.csv,cora,cora,20260607,cora,negative_structure,100,mean_feature,mean_feature_component,type_feat32,50,0,0,50,0,0,50,0,0,50,0,0.09533216455999309,0.08063620749982192,0.15549740140001508,2030.02,6079.65,100.62,195.7395888479474,212.8315457667641,6.76,0.6399999999999998,0.6720218253968259,14.5,19.0,19.509999999999998,0.5766735999941375,14.09568873500234,9.737352404995931,0,0,0,0,0,0,0,0,0,0,query_payload_v1_negative_rerun_2026-08-01,50,0,,0,1,0,50,0.009737352405,0.014095688735,0.000576673599994,0.09533216455999309,2030.02,,,,,,,,0,,,,,,,,,,,,,,,,,,,,,,,,,,,,,,,,,,,,,,,,,,,,,,,,,,,,,,,,,,,,,,,,,,,,,,,,,,,,,,,,,,,,,,,,,,,,,,,1,0,0,0,0,0,0,0,0,0,0,0,0,0,0,0,0,0,0,0,0,0,query_payload_v1
runs\lightning_completion\jigsaw-cora-clean-full-gcp-cpux8-v3\summary.csv,C:\Users\Swastik\Desktop\Jigsaw\runs\lightning_completion\jigsaw-cora-clean-full-gcp-cpux8-v3\results\prod_cora_clean_s20260607_q50_types_all_sizes20_50_100_mean_rrf_component_b2_5_10_20_per_query.csv,cora,cora,20260607,cora_jigsaw,single,20,coarse_mean_rrf,mean_rrf_component,type_feat32,50,50,50,0,50,0,0,0,0,50,0,0.015938702139983434,0.013884859500080893,0.02262282550010468,64.02,21.549999999999997,20.2,981.3979733599734,1783.293152370265,1.0,0.4843137254901961,0.9803921568627451,1.0,1.5499999999999972,3.019999999999996,5.252237509814543,9.169918921561118,6.456259647050091,49,1,0,0,0,0,0,0,0,0,,,,,,,,,,,,,,,,,,,,,,,,,,,,,,,,,,,,,,,,,,,,,,,,,,,,,,,,,,,,,,,,,,,,,,,,,,,,,,,,,,,,,,,,,,,,,,,,,,,,,,,,,,,,,,,,,,,,,,49,49,1,50,0,50,0,50,0,50,0,50,0,50,0,50,0,50,0,50,legacy_planted_id_v0_audited_equivalent_to_query_payload_v1
runs\lightning_completion\jigsaw-cora-clean-full-gcp-cpux8-v3\summary.csv,C:\Users\Swastik\Desktop\Jigsaw\runs\lightning_completion\jigsaw-cora-clean-full-gcp-cpux8-v3\results\prod_cora_clean_s20260607_q50_types_all_sizes20_50_100_mean_rrf_component_b2_5_10_20_per_query.csv,cora,cora,20260607,cora_jigsaw,single,50,coarse_mean_rrf,mean_rrf_component,type_feat32,50,50,50,0,50,0,0,0,0,50,0,0.02372396545998072,0.021056135500089113,0.035574337899822686,106.72,55.0,50.2,392.6835801475788,585.2383819851306,1.0,0.4843137254901961,0.9803921568627451,1.0,1.0,2.019999999999996,7.492816529386747,11.738830999993475,11.519958666654288,49,1,0,0,0,0,0,0,0,0,,,,,,,,,,,,,,,,,,,,,,,,,,,,,,,,,,,,,,,,,,,,,,,,,,,,,,,,,,,,,,,,,,,,,,,,,,,,,,,,,,,,,,,,,,,,,,,,,,,,,,,,,,,,,,,,,,,,,,49,49,1,50,0,50,0,50,0,50,0,50,0,50,0,50,0,50,0,50,legacy_planted_id_v0_audited_equivalent_to_query_payload_v1
runs\lightning_completion\jigsaw-cora-clean-full-gcp-cpux8-v3\summary.csv,C:\Users\Swastik\Desktop\Jigsaw\runs\lightning_completion\jigsaw-cora-clean-full-gcp-cpux8-v3\results\prod_cora_clean_s20260607_q50_types_all_sizes20_50_100_mean_rrf_component_b2_5_10_20_per_query.csv,cora,cora,20260607,cora_jigsaw,single,100,coarse_mean_rrf,mean_rrf_component,type_feat32,50,50,50,0,50,0,0,0,0,50,0,0.03640981252000529,0.03202350300011858,0.05640434000004006,100.6,103.0,100.4,196.7715672440965,240.49349510813653,1.0,0.5,1.0,1.0,1.0,1.0,10.169242140018468,15.368270459994164,21.041542060011125,50,0,0,0,0,0,0,0,0,0,,,,,,,,,,,,,,,,,,,,,,,,,,,,,,,,,,,,,,,,,,,,,,,,,,,,,,,,,,,,,,,,,,,,,,,,,,,,,,,,,,,,,,,,,,,,,,,,,,,,,,,,,,,,,,,,,,,,,,50,50,0,50,0,50,0,50,0,50,0,50,0,50,0,50,0,50,0,50,legacy_planted_id_v0_audited_equivalent_to_query_payload_v1
corrected_connected_rerun::prod_cora_connected_mf_mc_s20260607_q50_types_multi_fine_multi_coarse_sizes20_50_100_mean_rrf_component_b2_5_10_20_per_query.csv,runs/lightning_connected_reruns/jigsaw-cora-mf-mc-connected-gcp-cpux8-v3/results/prod_cora_connected_mf_mc_s20260607_q50_types_multi_fine_multi_coarse_sizes20_50_100_mean_rrf_component_b2_5_10_20_per_query.csv,cora,cora,20260607,cora_jigsaw,multi_fine,20,coarse_mean_rrf,mean_rrf_component,type_feat32,50,50,50,0,50,0,0,0,0,50,0,0.017773982999992766,0.017316833499933182,0.026686576550008563,20.54,23.549999999999997,20.34,966.5381672016009,1978.9689821644781,1.0,0.5,1.0,1.0,1.0,1.509999999999998,6.563016219995461,10.145654199998262,7.628328799994506,50,0,0,0,0,0,0,0,0,0,,,,,,,,,,,,,,,,,,,,,,,,,,,,,,,,,,,,,,,,,,,,,,,,,,,,,,,,,,,,,,,,,,,,,,,,,,,,,,,,,,,,,,,,,,,,,,,,,,,,,,,,,,,,,,,,,,,,,,50,50,0,50,0,50,0,50,0,50,0,50,0,50,0,50,0,50,0,50,legacy_planted_id_v0_audited_equivalent_to_query_payload_v1
corrected_connected_rerun::prod_cora_connected_mf_mc_s20260607_q50_types_multi_fine_multi_coarse_sizes20_50_100_mean_rrf_component_b2_5_10_20_per_query.csv,runs/lightning_connected_reruns/jigsaw-cora-mf-mc-connected-gcp-cpux8-v3/results/prod_cora_connected_mf_mc_s20260607_q50_types_multi_fine_multi_coarse_sizes20_50_100_mean_rrf_component_b2_5_10_20_per_query.csv,cora,cora,20260607,cora_jigsaw,multi_fine,50,coarse_mean_rrf,mean_rrf_component,type_feat32,50,50,50,0,50,0,0,0,0,50,0,0.024028377280003496,0.021142364500065014,0.03712920199998848,50.68,54.0,50.48,390.84683624742433,600.548274952712,1.0,0.5,1.0,1.0,1.0,1.0,7.835013379992688,11.732717440002034,12.295659840001463,50,0,0,0,0,0,0,0,0,0,,,,,,,,,,,,,,,,,,,,,,,,,,,,,,,,,,,,,,,,,,,,,,,,,,,,,,,,,,,,,,,,,,,,,,,,,,,,,,,,,,,,,,,,,,,,,,,,,,,,,,,,,,,,,,,,,,,,,,50,50,0,50,0,50,0,50,0,50,0,50,0,50,0,50,0,50,0,50,legacy_planted_id_v0_audited_equivalent_to_query_payload_v1
corrected_connected_rerun::prod_cora_connected_mf_mc_s20260607_q50_types_multi_fine_multi_coarse_sizes20_50_100_mean_rrf_component_b2_5_10_20_per_query.csv,runs/lightning_connected_reruns/jigsaw-cora-mf-mc-connected-gcp-cpux8-v3/results/prod_cora_connected_mf_mc_s20260607_q50_types_multi_fine_multi_coarse_sizes20_50_100_mean_rrf_component_b2_5_10_20_per_query.csv,cora,cora,20260607,cora_jigsaw,multi_fine,100,coarse_mean_rrf,mean_rrf_component,type_feat32,50,50,50,0,50,0,0,0,0,50,0,0.029163915359995372,0.029107822000014494,0.030912790549905367,101.06,104.0,100.6,195.92273869007434,252.94391628985835,1.0,0.5,1.0,1.0,1.0,1.0,7.450632199993379,12.441720339998028,16.722195019997343,50,0,0,0,0,0,0,0,0,0,,,,,,,,,,,,,,,,,,,,,,,,,,,,,,,,,,,,,,,,,,,,,,,,,,,,,,,,,,,,,,,,,,,,,,,,,,,,,,,,,,,,,,,,,,,,,,,,,,,,,,,,,,,,,,,,,,,,,,50,50,0,50,0,50,0,50,0,50,0,50,0,50,0,50,0,50,0,50,legacy_planted_id_v0_audited_equivalent_to_query_payload_v1
runs\lightning_completion\jigsaw-cora-clean-full-gcp-cpux8-v3\summary.csv,C:\Users\Swastik\Desktop\Jigsaw\runs\lightning_completion\jigsaw-cora-clean-full-gcp-cpux8-v3\results\prod_cora_clean_s20260607_q50_types_all_sizes20_50_100_mean_rrf_component_b2_5_10_20_per_query.csv,cora,cora,20260607,cora_jigsaw,k_hop,20,coarse_mean_rrf,mean_rrf_component,type_feat32,50,50,50,0,50,0,0,0,0,50,0,0.01568912749998617,0.015039172999991024,0.01691089744998635,68.96,22.549999999999997,19.92,981.1293167183245,1849.1190566055293,2.5,0.8098039215686273,0.7607843137254902,2.5,6.549999999999997,7.509999999999998,5.9547695293798935,8.617214019607797,6.764283529398252,49,1,0,0,0,0,0,0,0,0,,,,,,,,,,,,,,,,,,,,,,,,,,,,,,,,,,,,,,,,,,,,,,,,,,,,,,,,,,,,,,,,,,,,,,,,,,,,,,,,,,,,,,,,,,,,,,,,,,,,,,,,,,,,,,,,,,,,,,49,49,1,50,0,50,0,50,0,50,0,50,0,50,0,50,0,50,0,50,legacy_planted_id_v0_audited_equivalent_to_query_payload_v1
runs\lightning_completion\jigsaw-cora-clean-full-gcp-cpux8-v3\summary.csv,C:\Users\Swastik\Desktop\Jigsaw\runs\lightning_completion\jigsaw-cora-clean-full-gcp-cpux8-v3\results\prod_cora_clean_s20260607_q50_types_all_sizes20_50_100_mean_rrf_component_b2_5_10_20_per_query.csv,cora,cora,20260607,cora_jigsaw,k_hop,50,coarse_mean_rrf,mean_rrf_component,type_feat32,50,50,50,0,50,0,0,0,0,50,0,0.03244360062004034,0.021005505500056643,0.07353789290017398,719.58,2836.8499999999995,50.64,389.93211051296043,524.5702105295032,5.16,0.9523809523809523,0.48834089191232044,7.0,14.0,16.019999999999996,7.036712936500378,16.751399888898092,8.997489492086306,39,9,2,0,0,0,0,0,0,0,,,,,,,,,,,,,,,,,,,,,,,,,,,,,,,,,,,,,,,,,,,,,,,,,,,,,,,,,,,,,,,,,,,,,,,,,,,,,,,,,,,,,,,,,,,,,,,,,,,,,,,,,,,,,,,,,,,,,,39,39,9,48,2,50,0,50,0,50,0,50,0,50,0,50,0,50,0,50,legacy_planted_id_v0_audited_equivalent_to_query_payload_v1
runs\lightning_completion\jigsaw-cora-clean-full-gcp-cpux8-v3\summary.csv,C:\Users\Swastik\Desktop\Jigsaw\runs\lightning_completion\jigsaw-cora-clean-full-gcp-cpux8-v3\results\prod_cora_clean_s20260607_q50_types_all_sizes20_50_100_mean_rrf_component_b2_5_10_20_per_query.csv,cora,cora,20260607,cora_jigsaw,k_hop,100,coarse_mean_rrf,mean_rrf_component,type_feat32,50,50,50,0,50,0,0,0,0,50,0,0.06640332377997765,0.06848507500012602,0.155084291000071,1882.82,5983.700000000001,100.42,196.56195436404028,161.60755418118455,6.7,0.9409638554216867,0.4587662337662338,9.0,16.549999999999997,18.019999999999996,10.08052795181499,27.919542566262106,12.082459710832866,23,21,6,0,0,0,0,0,0,0,,,,,,,,,,,,,,,,,,,,,,,,,,,,,,,,,,,,,,,,,,,,,,,,,,,,,,,,,,,,,,,,,,,,,,,,,,,,,,,,,,,,,,,,,,,,,,,,,,,,,,,,,,,,,,,,,,,,,,23,23,21,44,6,50,0,50,0,50,0,50,0,50,0,50,0,50,0,50,legacy_planted_id_v0_audited_equivalent_to_query_payload_v1
runs\lightning_completion\jigsaw-cora-clean-full-gcp-cpux8-v3\summary.csv,C:\Users\Swastik\Desktop\Jigsaw\runs\lightning_completion\jigsaw-cora-clean-full-gcp-cpux8-v3\results\prod_cora_clean_s20260607_q50_types_all_sizes20_50_100_mean_rrf_component_b2_5_10_20_per_query.csv,cora,cora,20260607,cora_jigsaw,degree_k_hop,20,coarse_mean_rrf,mean_rrf_component,type_feat32,50,50,50,0,50,0,0,0,0,50,0,0.019897988040015663,0.014766832499844895,0.051159825050081056,339.3,2716.3499999999995,19.52,1034.613929971989,1873.8357314103932,2.86,0.8620689655172413,0.75,3.0,8.549999999999997,16.54999999999999,5.525007155166224,11.353643793113562,5.79979417241718,43,6,1,0,0,0,0,0,0,0,,,,,,,,,,,,,,,,,,,,,,,,,,,,,,,,,,,,,,,,,,,,,,,,,,,,,,,,,,,,,,,,,,,,,,,,,,,,,,,,,,,,,,,,,,,,,,,,,,,,,,,,,,,,,,,,,,,,,,43,43,6,49,1,50,0,50,0,50,0,50,0,50,0,50,0,50,0,50,legacy_planted_id_v0_audited_equivalent_to_query_payload_v1
runs\lightning_completion\jigsaw-cora-clean-full-gcp-cpux8-v3\summary.csv,C:\Users\Swastik\Desktop\Jigsaw\runs\lightning_completion\jigsaw-cora-clean-full-gcp-cpux8-v3\results\prod_cora_clean_s20260607_q50_types_all_sizes20_50_100_mean_rrf_component_b2_5_10_20_per_query.csv,cora,cora,20260607,cora_jigsaw,degree_k_hop,50,coarse_mean_rrf,mean_rrf_component,type_feat32,50,50,50,0,50,0,0,0,0,50,0,0.03644056022000768,0.021160462999887386,0.09389036549999899,915.72,3053.1499999999996,50.24,393.2588100015283,468.44014627930875,5.22,0.9514705882352942,0.5276610644257703,6.0,12.0,14.509999999999998,6.777716882328043,18.58708775000316,8.207441823531902,36,10,4,0,0,0,0,0,0,0,,,,,,,,,,,,,,,,,,,,,,,,,,,,,,,,,,,,,,,,,,,,,,,,,,,,,,,,,,,,,,,,,,,,,,,,,,,,,,,,,,,,,,,,,,,,,,,,,,,,,,,,,,,,,,,,,,,,,,36,36,10,46,4,50,0,50,0,50,0,50,0,50,0,50,0,50,0,50,legacy_planted_id_v0_audited_equivalent_to_query_payload_v1
runs\lightning_completion\jigsaw-cora-clean-full-gcp-cpux8-v3\summary.csv,C:\Users\Swastik\Desktop\Jigsaw\runs\lightning_completion\jigsaw-cora-clean-full-gcp-cpux8-v3\results\prod_cora_clean_s20260607_q50_types_all_sizes20_50_100_mean_rrf_component_b2_5_10_20_per_query.csv,cora,cora,20260607,cora_jigsaw,degree_k_hop,100,coarse_mean_rrf,mean_rrf_component,type_feat32,50,50,50,0,50,0,0,0,0,50,0,0.06630466549995617,0.05484896049983945,0.16194943384981558,1600.78,6016.049999999999,100.5,196.6979133101192,195.91555193981247,6.94,0.9506024096385542,0.47169152801682923,10.0,17.0,19.0,9.597898783124082,28.25892920479298,11.683640373493871,24,20,5,1,0,0,0,0,0,0,,,,,,,,,,,,,,,,,,,,,,,,,,,,,,,,,,,,,,,,,,,,,,,,,,,,,,,,,,,,,,,,,,,,,,,,,,,,,,,,,,,,,,,,,,,,,,,,,,,,,,,,,,,,,,,,,,,,,,24,24,20,44,5,49,1,50,0,50,0,50,0,50,0,50,0,50,0,50,legacy_planted_id_v0_audited_equivalent_to_query_payload_v1
runs\lightning_completion\jigsaw-cora-clean-full-gcp-cpux8-v3\summary.csv,C:\Users\Swastik\Desktop\Jigsaw\runs\lightning_completion\jigsaw-cora-clean-full-gcp-cpux8-v3\results\prod_cora_clean_s20260607_q50_types_all_sizes20_50_100_mean_rrf_component_b2_5_10_20_per_query.csv,cora,cora,20260607,cora_jigsaw,random_walk,20,coarse_mean_rrf,mean_rrf_component,type_feat32,50,50,50,0,50,0,0,0,0,50,0,0.02980041200002688,0.01571617650006374,0.06678638184982898,915.12,3116.95,20.58,960.2834913608131,1742.0336520106953,2.98,0.8211267605633802,0.7401408450704225,4.0,13.099999999999994,17.059999999999988,5.84103264784805,16.003139929593168,4.983065704228581,31,17,2,0,0,0,0,0,0,0,,,,,,,,,,,,,,,,,,,,,,,,,,,,,,,,,,,,,,,,,,,,,,,,,,,,,,,,,,,,,,,,,,,,,,,,,,,,,,,,,,,,,,,,,,,,,,,,,,,,,,,,,,,,,,,,,,,,,,31,31,17,48,2,50,0,50,0,50,0,50,0,50,0,50,0,50,0,50,legacy_planted_id_v0_audited_equivalent_to_query_payload_v1
runs\lightning_completion\jigsaw-cora-clean-full-gcp-cpux8-v3\summary.csv,C:\Users\Swastik\Desktop\Jigsaw\runs\lightning_completion\jigsaw-cora-clean-full-gcp-cpux8-v3\results\prod_cora_clean_s20260607_q50_types_all_sizes20_50_100_mean_rrf_component_b2_5_10_20_per_query.csv,cora,cora,20260607,cora_jigsaw,random_walk,50,coarse_mean_rrf,mean_rrf_component,type_feat32,50,50,50,0,50,0,0,0,0,50,0,0.08848440170000686,0.0641385444999969,0.17003721800008406,3324.52,6696.0,52.02,384.4180196325446,400.5423949776999,5.62,0.8701680672268908,0.6497599039615846,7.5,16.549999999999997,19.019999999999996,7.291959579824757,32.16370953782261,5.014610504197074,4,27,15,4,0,0,0,0,0,0,,,,,,,,,,,,,,,,,,,,,,,,,,,,,,,,,,,,,,,,,,,,,,,,,,,,,,,,,,,,,,,,,,,,,,,,,,,,,,,,,,,,,,,,,,,,,,,,,,,,,,,,,,,,,,,,,,,,,,4,4,27,31,15,46,4,50,0,50,0,50,0,50,0,50,0,50,0,50,legacy_planted_id_v0_audited_equivalent_to_query_payload_v1
runs\lightning_completion\jigsaw-cora-clean-full-gcp-cpux8-v3\summary.csv,C:\Users\Swastik\Desktop\Jigsaw\runs\lightning_completion\jigsaw-cora-clean-full-gcp-cpux8-v3\results\prod_cora_clean_s20260607_q50_types_all_sizes20_50_100_mean_rrf_component_b2_5_10_20_per_query.csv,cora,cora,20260607,cora_jigsaw,random_walk,100,coarse_mean_rrf,mean_rrf_component,type_feat32,50,50,50,0,50,0,0,0,0,50,0,0.14404390424000213,0.1425354589998733,0.25509861305013143,5292.06,11264.2,103.06,191.42097406964717,156.4590905007794,8.04,0.871,0.5928328523328523,12.0,17.549999999999997,19.509999999999998,9.284365426663802,41.89315433333377,6.121480413333605,1,8,31,10,0,0,0,0,0,0,,,,,,,,,,,,,,,,,,,,,,,,,,,,,,,,,,,,,,,,,,,,,,,,,,,,,,,,,,,,,,,,,,,,,,,,,,,,,,,,,,,,,,,,,,,,,,,,,,,,,,,,,,,,,,,,,,,,,,1,1,8,9,31,40,10,50,0,50,0,50,0,50,0,50,0,50,0,50,legacy_planted_id_v0_audited_equivalent_to_query_payload_v1
corrected_connected_rerun::prod_cora_connected_mf_mc_s20260607_q50_types_multi_fine_multi_coarse_sizes20_50_100_mean_rrf_component_b2_5_10_20_per_query.csv,runs/lightning_connected_reruns/jigsaw-cora-mf-mc-connected-gcp-cpux8-v3/results/prod_cora_connected_mf_mc_s20260607_q50_types_multi_fine_multi_coarse_sizes20_50_100_mean_rrf_component_b2_5_10_20_per_query.csv,cora,cora,20260607,cora_jigsaw,multi_coarse,20,coarse_mean_rrf,mean_rrf_component,type_feat32,50,50,50,0,50,0,0,0,0,50,0,0.054811738940002214,0.05198090199996841,0.09109799105005434,2771.06,4697.149999999992,20.4,967.1467783738001,1210.4090959367825,3.32,0.8009999999999999,0.7901666666666667,4.0,5.549999999999997,6.509999999999998,5.964720429994941,23.790226279998024,3.615643190003084,3,44,3,0,0,0,0,0,0,0,,,,,,,,,,,,,,,,,,,,,,,,,,,,,,,,,,,,,,,,,,,,,,,,,,,,,,,,,,,,,,,,,,,,,,,,,,,,,,,,,,,,,,,,,,,,,,,,,,,,,,,,,,,,,,,,,,,,,,3,3,44,47,3,50,0,50,0,50,0,50,0,50,0,50,0,50,0,50,legacy_planted_id_v0_audited_equivalent_to_query_payload_v1
corrected_connected_rerun::prod_cora_connected_mf_mc_s20260607_q50_types_multi_fine_multi_coarse_sizes20_50_100_mean_rrf_component_b2_5_10_20_per_query.csv,runs/lightning_connected_reruns/jigsaw-cora-mf-mc-connected-gcp-cpux8-v3/results/prod_cora_connected_mf_mc_s20260607_q50_types_multi_fine_multi_coarse_sizes20_50_100_mean_rrf_component_b2_5_10_20_per_query.csv,cora,cora,20260607,cora_jigsaw,multi_coarse,50,coarse_mean_rrf,mean_rrf_component,type_feat32,50,50,50,0,50,0,0,0,0,50,0,0.06836467491999883,0.05597025750000739,0.1350249073000498,3119.1,6662.049999999999,50.68,389.14724408255455,341.7662668312162,3.5,0.7855140186915888,0.7839563862928348,4.0,7.0,9.529999999999994,6.91829709345792,26.975421000007568,4.970688775692821,4,36,9,1,0,0,0,0,0,0,,,,,,,,,,,,,,,,,,,,,,,,,,,,,,,,,,,,,,,,,,,,,,,,,,,,,,,,,,,,,,,,,,,,,,,,,,,,,,,,,,,,,,,,,,,,,,,,,,,,,,,,,,,,,,,,,,,,,,4,4,36,40,9,49,1,50,0,50,0,50,0,50,0,50,0,50,0,50,legacy_planted_id_v0_audited_equivalent_to_query_payload_v1
corrected_connected_rerun::prod_cora_connected_mf_mc_s20260607_q50_types_multi_fine_multi_coarse_sizes20_50_100_mean_rrf_component_b2_5_10_20_per_query.csv,runs/lightning_connected_reruns/jigsaw-cora-mf-mc-connected-gcp-cpux8-v3/results/prod_cora_connected_mf_mc_s20260607_q50_types_multi_fine_multi_coarse_sizes20_50_100_mean_rrf_component_b2_5_10_20_per_query.csv,cora,cora,20260607,cora_jigsaw,multi_coarse,100,coarse_mean_rrf,mean_rrf_component,type_feat32,50,50,50,0,50,0,0,0,0,50,0,0.08698279827998476,0.07005525400006718,0.18996323660002182,3553.8,6823.2,100.78,194.12258074393338,137.27866644654122,3.84,0.8091743119266055,0.7611620795107034,4.0,8.0,13.079999999999984,7.8348980458849,32.03737276146721,7.862993422012042,3,36,10,1,0,0,0,0,0,0,,,,,,,,,,,,,,,,,,,,,,,,,,,,,,,,,,,,,,,,,,,,,,,,,,,,,,,,,,,,,,,,,,,,,,,,,,,,,,,,,,,,,,,,,,,,,,,,,,,,,,,,,,,,,,,,,,,,,,3,3,36,39,10,49,1,50,0,50,0,50,0,50,0,50,0,50,0,50,legacy_planted_id_v0_audited_equivalent_to_query_payload_v1
/workspace/jigsaw_pkg/runs/noid_negative_cora_v4/results/prod_cora_pv1_s20260607_neg_mean_rrf_component_b2_5_10_20_per_query.csv,/workspace/jigsaw_pkg/runs/noid_negative_cora_v4/results/prod_cora_pv1_s20260607_neg_mean_rrf_component_b2_5_10_20_per_query.csv,cora,cora,20260607,cora_overlap_best,negative_label,20,coarse_mean_rrf,mean_rrf_component,type_feat32,50,0,0,50,0,0,50,0,0,35,0,0.1852605264799945,0.23633680599994022,0.29634170444998065,12141.34,18899.65,0.0,509.1810226356637,615.1620901718001,2.9,0.25824999999999987,0.6850833333333335,9.0,19.0,19.509999999999998,6.114543199992113,46.31513161999863,0.0,0,0,0,0,0,0,0,0,0,0,query_payload_v1_negative_rerun_2026-08-01,50,0,,0,1,0,50,0,0.04631513162,0.00611454319999,0.1852605264799945,12141.34,,,,,,,,0,,,,,,,,,,,,,,,,,,,,,,,,,,,,,,,,,,,,,,,,,,,,,,,,,,,,,,,,,,,,,,,,,,,,,,,,,,,,,,,,,,,,,,,,,,,,,,,0.7,0,0,0,0,0,0,0,0,0,0,0,0,0,0,0,0,0,0,0,0,0,query_payload_v1
/workspace/jigsaw_pkg/runs/noid_negative_cora_v4/results/prod_cora_pv1_s20260607_neg_mean_rrf_component_b2_5_10_20_per_query.csv,/workspace/jigsaw_pkg/runs/noid_negative_cora_v4/results/prod_cora_pv1_s20260607_neg_mean_rrf_component_b2_5_10_20_per_query.csv,cora,cora,20260607,cora_overlap_best,negative_label,50,coarse_mean_rrf,mean_rrf_component,type_feat32,50,0,0,50,0,0,50,0,0,26,0,0.15479344414002752,0.09641359599999078,0.3138091865000717,9453.12,19003.35,0.0,283.7085002164381,256.001596526238,4.88,0.4209999999999997,0.6331924603174606,13.0,19.0,20.0,8.67724567999403,38.69836103500688,0.0,0,0,0,0,0,0,0,0,0,0,query_payload_v1_negative_rerun_2026-08-01,50,0,,0,1,0,50,0,0.038698361035,0.00867724567999,0.15479344414002752,9453.12,,,,,,,,0,,,,,,,,,,,,,,,,,,,,,,,,,,,,,,,,,,,,,,,,,,,,,,,,,,,,,,,,,,,,,,,,,,,,,,,,,,,,,,,,,,,,,,,,,,,,,,,0.52,0,0,0,0,0,0,0,0,0,0,0,0,0,0,0,0,0,0,0,0,0,query_payload_v1
/workspace/jigsaw_pkg/runs/noid_negative_cora_v4/results/prod_cora_pv1_s20260607_neg_mean_rrf_component_b2_5_10_20_per_query.csv,/workspace/jigsaw_pkg/runs/noid_negative_cora_v4/results/prod_cora_pv1_s20260607_neg_mean_rrf_component_b2_5_10_20_per_query.csv,cora,cora,20260607,cora_overlap_best,negative_label,100,coarse_mean_rrf,mean_rrf_component,type_feat32,50,0,0,50,0,0,50,0,0,18,0,0.11843546077998326,0.09443622649996541,0.29764974554990997,7052.12,18646.7,0.0,169.5013313372361,153.69243173844774,7.24,0.5459999999999998,0.5887875735375738,14.0,20.0,20.0,12.665078239990635,29.608865194995815,0.0,0,0,0,0,0,0,0,0,0,0,query_payload_v1_negative_rerun_2026-08-01,50,0,,0,1,0,50,0,0.029608865195,0.01266507824,0.11843546077998326,7052.12,,,,,,,,0,,,,,,,,,,,,,,,,,,,,,,,,,,,,,,,,,,,,,,,,,,,,,,,,,,,,,,,,,,,,,,,,,,,,,,,,,,,,,,,,,,,,,,,,,,,,,,,0.36,0,0,0,0,0,0,0,0,0,0,0,0,0,0,0,0,0,0,0,0,0,query_payload_v1
/workspace/jigsaw_pkg/runs/noid_negative_cora_v4/results/prod_cora_pv1_s20260607_neg_mean_rrf_component_b2_5_10_20_per_query.csv,/workspace/jigsaw_pkg/runs/noid_negative_cora_v4/results/prod_cora_pv1_s20260607_neg_mean_rrf_component_b2_5_10_20_per_query.csv,cora,cora,20260607,cora_overlap_best,negative_structure,20,coarse_mean_rrf,mean_rrf_component,type_feat32,50,0,0,50,0,0,50,0,0,50,0,0.05727088117997028,0.050674585499905334,0.09355122959992168,580.38,4459.649999999992,19.86,1002.2191811521818,1982.1589625581435,2.9,0.41824999999999996,0.8630833333333335,4.0,11.549999999999997,18.039999999999992,6.608700579988636,8.966352279996386,5.351368014996183,0,0,0,0,0,0,0,0,0,0,query_payload_v1_negative_rerun_2026-08-01,50,0,,0,1,0,50,0.005351368015,0.00896635228,0.00660870057999,0.05727088117997028,580.38,,,,,,,,0,,,,,,,,,,,,,,,,,,,,,,,,,,,,,,,,,,,,,,,,,,,,,,,,,,,,,,,,,,,,,,,,,,,,,,,,,,,,,,,,,,,,,,,,,,,,,,,1,0,0,0,0,0,0,0,0,0,0,0,0,0,0,0,0,0,0,0,0,0,query_payload_v1
/workspace/jigsaw_pkg/runs/noid_negative_cora_v4/results/prod_cora_pv1_s20260607_neg_mean_rrf_component_b2_5_10_20_per_query.csv,/workspace/jigsaw_pkg/runs/noid_negative_cora_v4/results/prod_cora_pv1_s20260607_neg_mean_rrf_component_b2_5_10_20_per_query.csv,cora,cora,20260607,cora_overlap_best,negative_structure,50,coarse_mean_rrf,mean_rrf_component,type_feat32,50,0,0,50,0,0,50,0,0,50,0,0.06981106750001345,0.06441103800005976,0.09674225804998285,1025.56,5854.25,50.26,391.9745917483375,557.1861889137624,4.86,0.5652499999999999,0.7656904761904761,9.0,18.0,19.509999999999998,9.071135519991458,10.327745335001168,7.125021540002194,0,0,0,0,0,0,0,0,0,0,query_payload_v1_negative_rerun_2026-08-01,50,0,,0,1,0,50,0.00712502154,0.010327745335,0.00907113551999,0.06981106750001345,1025.56,,,,,,,,0,,,,,,,,,,,,,,,,,,,,,,,,,,,,,,,,,,,,,,,,,,,,,,,,,,,,,,,,,,,,,,,,,,,,,,,,,,,,,,,,,,,,,,,,,,,,,,,1,0,0,0,0,0,0,0,0,0,0,0,0,0,0,0,0,0,0,0,0,0,query_payload_v1
/workspace/jigsaw_pkg/runs/noid_negative_cora_v4/results/prod_cora_pv1_s20260607_neg_mean_rrf_component_b2_5_10_20_per_query.csv,/workspace/jigsaw_pkg/runs/noid_negative_cora_v4/results/prod_cora_pv1_s20260607_neg_mean_rrf_component_b2_5_10_20_per_query.csv,cora,cora,20260607,cora_overlap_best,negative_structure,100,coarse_mean_rrf,mean_rrf_component,type_feat32,50,0,0,50,0,0,50,0,0,50,0,0.09277082191998716,0.0875493764999078,0.1212857599999836,1733.46,5924.0,100.62,195.64582402872654,217.67401595562785,6.76,0.6674999999999998,0.6954226190476195,13.0,19.0,20.0,13.052675879991966,13.050424764998638,10.14228071499815,0,0,0,0,0,0,0,0,0,0,query_payload_v1_negative_rerun_2026-08-01,50,0,,0,1,0,50,0.010142280715,0.013050424765,0.01305267588,0.09277082191998716,1733.46,,,,,,,,0,,,,,,,,,,,,,,,,,,,,,,,,,,,,,,,,,,,,,,,,,,,,,,,,,,,,,,,,,,,,,,,,,,,,,,,,,,,,,,,,,,,,,,,,,,,,,,,1,0,0,0,0,0,0,0,0,0,0,0,0,0,0,0,0,0,0,0,0,0,query_payload_v1
runs\lightning_completion\jigsaw-cora-clean-full-gcp-cpux8-v3\summary.csv,C:\Users\Swastik\Desktop\Jigsaw\runs\lightning_completion\jigsaw-cora-clean-full-gcp-cpux8-v3\results\prod_cora_clean_s20260607_q50_types_all_sizes20_50_100_topo_feature_component_b2_5_10_20_per_query.csv,cora,cora,20260607,cora,single,20,topo_feature,topo_feature_component,type_feat32,50,50,50,0,50,0,0,0,0,50,0,0.15972976192002078,0.16932453800006897,0.24512003495013915,7661.12,11500.65,20.2,966.0381881162316,589.5968113195663,1.0,0.04419354838709678,0.3225806451612903,10.0,20.0,20.0,0.2040276580623134,49.303953374198,2.2217762774216094,6,6,15,23,0,0,0,0,0,0,,,,,,,,,,,,,,,,,,,,,,,,,,,,,,,,,,,,,,,,,,,,,,,,,,,,,,,,,,,,,,,,,,,,,,,,,,,,,,,,,,,,,,,,,,,,,,,,,,,,,,,,,,,,,,,,,,,,,,6,6,6,12,15,27,23,50,0,50,0,50,0,50,0,50,0,50,0,50,legacy_planted_id_v0_audited_equivalent_to_query_payload_v1
runs\lightning_completion\jigsaw-cora-clean-full-gcp-cpux8-v3\summary.csv,C:\Users\Swastik\Desktop\Jigsaw\runs\lightning_completion\jigsaw-cora-clean-full-gcp-cpux8-v3\results\prod_cora_clean_s20260607_q50_types_all_sizes20_50_100_topo_feature_component_b2_5_10_20_per_query.csv,cora,cora,20260607,cora,single,50,topo_feature,topo_feature_component,type_feat32,50,50,50,0,50,0,0,0,0,50,0,0.1848653968400231,0.2421301100000619,0.3302813825003113,8099.32,11663.0,50.2,387.268383275824,190.4918637853216,1.0,0.04182389937106919,0.31446540880503143,11.0,19.0,19.509999999999998,0.23423132701705443,54.684683610075695,3.4490889811265375,6,6,11,27,0,0,0,0,0,0,,,,,,,,,,,,,,,,,,,,,,,,,,,,,,,,,,,,,,,,,,,,,,,,,,,,,,,,,,,,,,,,,,,,,,,,,,,,,,,,,,,,,,,,,,,,,,,,,,,,,,,,,,,,,,,,,,,,,,6,6,6,12,11,23,27,50,0,50,0,50,0,50,0,50,0,50,0,50,legacy_planted_id_v0_audited_equivalent_to_query_payload_v1
runs\lightning_completion\jigsaw-cora-clean-full-gcp-cpux8-v3\summary.csv,C:\Users\Swastik\Desktop\Jigsaw\runs\lightning_completion\jigsaw-cora-clean-full-gcp-cpux8-v3\results\prod_cora_clean_s20260607_q50_types_all_sizes20_50_100_topo_feature_component_b2_5_10_20_per_query.csv,cora,cora,20260607,cora,single,100,topo_feature,topo_feature_component,type_feat32,50,50,50,0,50,0,0,0,0,50,0,0.20679727597999317,0.2681617635000748,0.3085537558501982,8528.16,11805.1,100.42,193.59886833015017,76.36291440386286,1.0,0.034451219512195125,0.3048780487804878,11.0,18.0,20.0,0.27266475610315133,57.21757651218972,5.830373481710633,3,9,9,29,0,0,0,0,0,0,,,,,,,,,,,,,,,,,,,,,,,,,,,,,,,,,,,,,,,,,,,,,,,,,,,,,,,,,,,,,,,,,,,,,,,,,,,,,,,,,,,,,,,,,,,,,,,,,,,,,,,,,,,,,,,,,,,,,,3,3,9,12,9,21,29,50,0,50,0,50,0,50,0,50,0,50,0,50,legacy_planted_id_v0_audited_equivalent_to_query_payload_v1
corrected_connected_rerun::prod_cora_connected_mf_mc_s20260607_q50_types_multi_fine_multi_coarse_sizes20_50_100_topo_feature_component_b2_5_10_20_per_query.csv,runs/lightning_connected_reruns/jigsaw-cora-mf-mc-connected-gcp-cpux8-v3/results/prod_cora_connected_mf_mc_s20260607_q50_types_multi_fine_multi_coarse_sizes20_50_100_topo_feature_component_b2_5_10_20_per_query.csv,cora,cora,20260607,cora,multi_fine,20,topo_feature,topo_feature_component,type_feat32,50,50,50,0,50,0,0,0,0,50,0,0.15025124742000118,0.12891894150004646,0.28604689705001646,7117.24,11473.7,20.34,945.7466164400577,667.1715614919564,1.0,0.05168918918918919,0.33783783783783783,8.5,19.0,20.0,0.18876281756000615,48.424839121624956,2.335717439186246,7,9,13,21,0,0,0,0,0,0,,,,,,,,,,,,,,,,,,,,,,,,,,,,,,,,,,,,,,,,,,,,,,,,,,,,,,,,,,,,,,,,,,,,,,,,,,,,,,,,,,,,,,,,,,,,,,,,,,,,,,,,,,,,,,,,,,,,,,7,7,9,16,13,29,21,50,0,50,0,50,0,50,0,50,0,50,0,50,legacy_planted_id_v0_audited_equivalent_to_query_payload_v1
corrected_connected_rerun::prod_cora_connected_mf_mc_s20260607_q50_types_multi_fine_multi_coarse_sizes20_50_100_topo_feature_component_b2_5_10_20_per_query.csv,runs/lightning_connected_reruns/jigsaw-cora-mf-mc-connected-gcp-cpux8-v3/results/prod_cora_connected_mf_mc_s20260607_q50_types_multi_fine_multi_coarse_sizes20_50_100_topo_feature_component_b2_5_10_20_per_query.csv,cora,cora,20260607,cora,multi_fine,50,topo_feature,topo_feature_component,type_feat32,50,50,50,0,50,0,0,0,0,50,0,0.16814793287998556,0.16787450300000728,0.311702235449917,7611.32,11675.599999999999,50.48,386.98605556340254,199.33527434941303,1.0,0.04738562091503268,0.32679738562091504,10.0,20.0,20.0,0.20360686928181607,51.30703415685881,3.6432707058815605,7,6,14,23,0,0,0,0,0,0,,,,,,,,,,,,,,,,,,,,,,,,,,,,,,,,,,,,,,,,,,,,,,,,,,,,,,,,,,,,,,,,,,,,,,,,,,,,,,,,,,,,,,,,,,,,,,,,,,,,,,,,,,,,,,,,,,,,,,7,7,6,13,14,27,23,50,0,50,0,50,0,50,0,50,0,50,0,50,legacy_planted_id_v0_audited_equivalent_to_query_payload_v1
corrected_connected_rerun::prod_cora_connected_mf_mc_s20260607_q50_types_multi_fine_multi_coarse_sizes20_50_100_topo_feature_component_b2_5_10_20_per_query.csv,runs/lightning_connected_reruns/jigsaw-cora-mf-mc-connected-gcp-cpux8-v3/results/prod_cora_connected_mf_mc_s20260607_q50_types_multi_fine_multi_coarse_sizes20_50_100_topo_feature_component_b2_5_10_20_per_query.csv,cora,cora,20260607,cora,multi_fine,100,topo_feature,topo_feature_component,type_feat32,50,50,50,0,50,0,0,0,0,50,0,0.175990715479993,0.22736481999999114,0.26523075205006985,7914.2,11805.5,100.64,193.99489203580376,84.12404397628976,1.0,0.043910256410256414,0.32051282051282054,10.5,17.0,17.0,0.19465573716942322,50.85893683974154,5.548343762820323,6,7,12,25,0,0,0,0,0,0,,,,,,,,,,,,,,,,,,,,,,,,,,,,,,,,,,,,,,,,,,,,,,,,,,,,,,,,,,,,,,,,,,,,,,,,,,,,,,,,,,,,,,,,,,,,,,,,,,,,,,,,,,,,,,,,,,,,,,6,6,7,13,12,25,25,50,0,50,0,50,0,50,0,50,0,50,0,50,legacy_planted_id_v0_audited_equivalent_to_query_payload_v1
runs\lightning_completion\jigsaw-cora-clean-full-gcp-cpux8-v3\summary.csv,C:\Users\Swastik\Desktop\Jigsaw\runs\lightning_completion\jigsaw-cora-clean-full-gcp-cpux8-v3\results\prod_cora_clean_s20260607_q50_types_all_sizes20_50_100_topo_feature_component_b2_5_10_20_per_query.csv,cora,cora,20260607,cora,k_hop,20,topo_feature,topo_feature_component,type_feat32,50,50,50,0,50,0,0,0,0,50,0,0.15865693519997875,0.12511576050019357,0.3057116784500408,7238.14,11461.2,19.92,991.7726357791065,715.5522718501779,2.5,0.16071428571428573,0.41893939393939394,13.5,20.0,20.0,0.2240235519292429,49.246425941552026,2.265566006493024,5,9,13,23,0,0,0,0,0,0,,,,,,,,,,,,,,,,,,,,,,,,,,,,,,,,,,,,,,,,,,,,,,,,,,,,,,,,,,,,,,,,,,,,,,,,,,,,,,,,,,,,,,,,,,,,,,,,,,,,,,,,,,,,,,,,,,,,,,5,5,9,14,13,27,23,50,0,50,0,50,0,50,0,50,0,50,0,50,legacy_planted_id_v0_audited_equivalent_to_query_payload_v1
runs\lightning_completion\jigsaw-cora-clean-full-gcp-cpux8-v3\summary.csv,C:\Users\Swastik\Desktop\Jigsaw\runs\lightning_completion\jigsaw-cora-clean-full-gcp-cpux8-v3\results\prod_cora_clean_s20260607_q50_types_all_sizes20_50_100_topo_feature_component_b2_5_10_20_per_query.csv,cora,cora,20260607,cora,k_hop,50,topo_feature,topo_feature_component,type_feat32,50,50,50,0,50,0,0,0,0,50,0,0.21296770070000093,0.2527861234998454,0.3237528613503968,9119.68,11740.0,50.64,384.4694450888886,189.18383601631214,5.16,0.3002923976608187,0.43374408242829293,18.0,20.0,20.0,0.2581615321549456,58.81748890643441,3.45376860818574,4,3,11,32,0,0,0,0,0,0,,,,,,,,,,,,,,,,,,,,,,,,,,,,,,,,,,,,,,,,,,,,,,,,,,,,,,,,,,,,,,,,,,,,,,,,,,,,,,,,,,,,,,,,,,,,,,,,,,,,,,,,,,,,,,,,,,,,,,4,4,3,7,11,18,32,50,0,50,0,50,0,50,0,50,0,50,0,50,legacy_planted_id_v0_audited_equivalent_to_query_payload_v1
runs\lightning_completion\jigsaw-cora-clean-full-gcp-cpux8-v3\summary.csv,C:\Users\Swastik\Desktop\Jigsaw\runs\lightning_completion\jigsaw-cora-clean-full-gcp-cpux8-v3\results\prod_cora_clean_s20260607_q50_types_all_sizes20_50_100_topo_feature_component_b2_5_10_20_per_query.csv,cora,cora,20260607,cora,k_hop,100,topo_feature,topo_feature_component,type_feat32,50,50,50,0,50,0,0,0,0,50,0,0.242521775780001,0.26549982200015165,0.34147213155005146,9741.4,11779.5,100.42,194.325658036805,78.44192173732326,6.7,0.39502762430939226,0.45477087369352565,18.0,20.0,20.0,0.2596035801164146,61.829070093920144,5.165895591163005,2,2,9,37,0,0,0,0,0,0,,,,,,,,,,,,,,,,,,,,,,,,,,,,,,,,,,,,,,,,,,,,,,,,,,,,,,,,,,,,,,,,,,,,,,,,,,,,,,,,,,,,,,,,,,,,,,,,,,,,,,,,,,,,,,,,,,,,,,2,2,2,4,9,13,37,50,0,50,0,50,0,50,0,50,0,50,0,50,legacy_planted_id_v0_audited_equivalent_to_query_payload_v1
runs\lightning_completion\jigsaw-cora-clean-full-gcp-cpux8-v3\summary.csv,C:\Users\Swastik\Desktop\Jigsaw\runs\lightning_completion\jigsaw-cora-clean-full-gcp-cpux8-v3\results\prod_cora_clean_s20260607_q50_types_all_sizes20_50_100_topo_feature_component_b2_5_10_20_per_query.csv,cora,cora,20260607,cora,degree_k_hop,20,topo_feature,topo_feature_component,type_feat32,50,50,50,0,50,0,0,0,0,50,0,0.192850997620003,0.229434444999697,0.30405624744998927,9115.16,11572.3,19.52,1020.9678243819267,611.2615184328204,2.86,0.13771428571428573,0.38857142857142857,15.0,20.0,20.0,0.21619714855140565,53.12427492572169,1.9760101085648785,1,4,14,31,0,0,0,0,0,0,,,,,,,,,,,,,,,,,,,,,,,,,,,,,,,,,,,,,,,,,,,,,,,,,,,,,,,,,,,,,,,,,,,,,,,,,,,,,,,,,,,,,,,,,,,,,,,,,,,,,,,,,,,,,,,,,,,,,,1,1,4,5,14,19,31,50,0,50,0,50,0,50,0,50,0,50,0,50,legacy_planted_id_v0_audited_equivalent_to_query_payload_v1
runs\lightning_completion\jigsaw-cora-clean-full-gcp-cpux8-v3\summary.csv,C:\Users\Swastik\Desktop\Jigsaw\runs\lightning_completion\jigsaw-cora-clean-full-gcp-cpux8-v3\results\prod_cora_clean_s20260607_q50_types_all_sizes20_50_100_topo_feature_component_b2_5_10_20_per_query.csv,cora,cora,20260607,cora,degree_k_hop,50,topo_feature,topo_feature_component,type_feat32,50,50,50,0,50,0,0,0,0,50,0,0.21386501645999942,0.24700808549994235,0.30835323350027,9448.16,11705.849999999999,50.22,385.7800798929673,174.84355896193503,5.22,0.3005681818181818,0.45720824314574315,17.5,20.0,20.0,0.2441297386235936,57.549717789779145,3.2073891590843315,4,4,4,38,0,0,0,0,0,0,,,,,,,,,,,,,,,,,,,,,,,,,,,,,,,,,,,,,,,,,,,,,,,,,,,,,,,,,,,,,,,,,,,,,,,,,,,,,,,,,,,,,,,,,,,,,,,,,,,,,,,,,,,,,,,,,,,,,,4,4,4,8,4,12,38,50,0,50,0,50,0,50,0,50,0,50,0,50,legacy_planted_id_v0_audited_equivalent_to_query_payload_v1
runs\lightning_completion\jigsaw-cora-clean-full-gcp-cpux8-v3\summary.csv,C:\Users\Swastik\Desktop\Jigsaw\runs\lightning_completion\jigsaw-cora-clean-full-gcp-cpux8-v3\results\prod_cora_clean_s20260607_q50_types_all_sizes20_50_100_topo_feature_component_b2_5_10_20_per_query.csv,cora,cora,20260607,cora,degree_k_hop,100,topo_feature,topo_feature_component,type_feat32,50,50,50,0,50,0,0,0,0,50,0,0.23926723407998451,0.2669796834996987,0.3395280485997546,10018.6,11769.75,100.5,193.3744075779183,76.35744445147333,6.94,0.40741758241758247,0.45204953776382345,18.0,20.0,20.0,0.2686558956009241,60.49457466483445,5.238181950545908,1,1,13,35,0,0,0,0,0,0,,,,,,,,,,,,,,,,,,,,,,,,,,,,,,,,,,,,,,,,,,,,,,,,,,,,,,,,,,,,,,,,,,,,,,,,,,,,,,,,,,,,,,,,,,,,,,,,,,,,,,,,,,,,,,,,,,,,,,1,1,1,2,13,15,35,50,0,50,0,50,0,50,0,50,0,50,0,50,legacy_planted_id_v0_audited_equivalent_to_query_payload_v1
runs\lightning_completion\jigsaw-cora-clean-full-gcp-cpux8-v3\summary.csv,C:\Users\Swastik\Desktop\Jigsaw\runs\lightning_completion\jigsaw-cora-clean-full-gcp-cpux8-v3\results\prod_cora_clean_s20260607_q50_types_all_sizes20_50_100_topo_feature_component_b2_5_10_20_per_query.csv,cora,cora,20260607,cora,random_walk,20,topo_feature,topo_feature_component,type_feat32,50,50,50,0,50,0,0,0,0,50,0,0.1967810699800202,0.23196620700002768,0.3159770969002351,8923.14,11642.0,20.58,956.171612236234,711.736964781248,2.98,0.17219101123595507,0.4275280898876404,15.5,20.0,20.0,0.24264226403012001,53.27358834269714,2.001993112364718,2,1,14,33,0,0,0,0,0,0,,,,,,,,,,,,,,,,,,,,,,,,,,,,,,,,,,,,,,,,,,,,,,,,,,,,,,,,,,,,,,,,,,,,,,,,,,,,,,,,,,,,,,,,,,,,,,,,,,,,,,,,,,,,,,,,,,,,,,2,2,1,3,14,17,33,50,0,50,0,50,0,50,0,50,0,50,0,50,legacy_planted_id_v0_audited_equivalent_to_query_payload_v1
runs\lightning_completion\jigsaw-cora-clean-full-gcp-cpux8-v3\summary.csv,C:\Users\Swastik\Desktop\Jigsaw\runs\lightning_completion\jigsaw-cora-clean-full-gcp-cpux8-v3\results\prod_cora_clean_s20260607_q50_types_all_sizes20_50_100_topo_feature_component_b2_5_10_20_per_query.csv,cora,cora,20260607,cora,random_walk,50,topo_feature,topo_feature_component,type_feat32,50,50,50,0,50,0,0,0,0,50,0,0.24060806662000686,0.2448265620002985,0.29894714349970847,10924.58,11745.3,52.02,377.17689462834954,206.85090786012302,5.62,0.3197969543147208,0.4780235275159133,18.0,20.0,20.0,0.21018369542972198,58.34379842132003,2.7242387918796815,0,0,3,47,0,0,0,0,0,0,,,,,,,,,,,,,,,,,,,,,,,,,,,,,,,,,,,,,,,,,,,,,,,,,,,,,,,,,,,,,,,,,,,,,,,,,,,,,,,,,,,,,,,,,,,,,,,,,,,,,,,,,,,,,,,,,,,,,,0,0,0,0,3,3,47,50,0,50,0,50,0,50,0,50,0,50,0,50,legacy_planted_id_v0_audited_equivalent_to_query_payload_v1
runs\lightning_completion\jigsaw-cora-clean-full-gcp-cpux8-v3\summary.csv,C:\Users\Swastik\Desktop\Jigsaw\runs\lightning_completion\jigsaw-cora-clean-full-gcp-cpux8-v3\results\prod_cora_clean_s20260607_q50_types_all_sizes20_50_100_topo_feature_component_b2_5_10_20_per_query.csv,cora,cora,20260607,cora,random_walk,100,topo_feature,topo_feature_component,type_feat32,50,50,50,0,50,0,0,0,0,50,0,0.2751861252600065,0.26529026349987817,0.33904881290027333,11279.9,11797.4,103.1,188.4872782268596,95.30246335531714,8.04,0.436,0.4747976190476191,19.0,20.0,20.0,0.2519715199878192,64.1546126000037,4.641918714997928,0,0,0,50,0,0,0,0,0,0,,,,,,,,,,,,,,,,,,,,,,,,,,,,,,,,,,,,,,,,,,,,,,,,,,,,,,,,,,,,,,,,,,,,,,,,,,,,,,,,,,,,,,,,,,,,,,,,,,,,,,,,,,,,,,,,,,,,,,0,0,0,0,0,0,50,50,0,50,0,50,0,50,0,50,0,50,0,50,legacy_planted_id_v0_audited_equivalent_to_query_payload_v1
corrected_connected_rerun::prod_cora_connected_mf_mc_s20260607_q50_types_multi_fine_multi_coarse_sizes20_50_100_topo_feature_component_b2_5_10_20_per_query.csv,runs/lightning_connected_reruns/jigsaw-cora-mf-mc-connected-gcp-cpux8-v3/results/prod_cora_connected_mf_mc_s20260607_q50_types_multi_fine_multi_coarse_sizes20_50_100_topo_feature_component_b2_5_10_20_per_query.csv,cora,cora,20260607,cora,multi_coarse,20,topo_feature,topo_feature_component,type_feat32,50,50,50,0,50,0,0,0,0,50,0,0.209862341260025,0.22349597999993875,0.29618068600005354,10119.14,11580.25,20.4,953.75772473179,684.1619843717939,3.32,0.1723684210526316,0.4393859649122807,14.5,20.0,20.0,0.18881459999599765,53.462446473691365,1.7644854368415366,0,2,6,42,0,0,0,0,0,0,,,,,,,,,,,,,,,,,,,,,,,,,,,,,,,,,,,,,,,,,,,,,,,,,,,,,,,,,,,,,,,,,,,,,,,,,,,,,,,,,,,,,,,,,,,,,,,,,,,,,,,,,,,,,,,,,,,,,,0,0,2,2,6,8,42,50,0,50,0,50,0,50,0,50,0,50,0,50,legacy_planted_id_v0_audited_equivalent_to_query_payload_v1
corrected_connected_rerun::prod_cora_connected_mf_mc_s20260607_q50_types_multi_fine_multi_coarse_sizes20_50_100_topo_feature_component_b2_5_10_20_per_query.csv,runs/lightning_connected_reruns/jigsaw-cora-mf-mc-connected-gcp-cpux8-v3/results/prod_cora_connected_mf_mc_s20260607_q50_types_multi_fine_multi_coarse_sizes20_50_100_topo_feature_component_b2_5_10_20_per_query.csv,cora,cora,20260607,cora,multi_coarse,50,topo_feature,topo_feature_component,type_feat32,50,50,50,0,50,0,0,0,0,50,0,0.2446719120200032,0.24279749999999467,0.31921652460007977,10712.14,11684.75,50.68,387.79332646825407,188.5045648285018,3.5,0.18041237113402062,0.45257731958762887,17.0,20.0,20.0,0.26118654638298955,60.121273030929814,2.938498108246278,0,0,6,44,0,0,0,0,0,0,,,,,,,,,,,,,,,,,,,,,,,,,,,,,,,,,,,,,,,,,,,,,,,,,,,,,,,,,,,,,,,,,,,,,,,,,,,,,,,,,,,,,,,,,,,,,,,,,,,,,,,,,,,,,,,,,,,,,,0,0,0,0,6,6,44,50,0,50,0,50,0,50,0,50,0,50,0,50,legacy_planted_id_v0_audited_equivalent_to_query_payload_v1
corrected_connected_rerun::prod_cora_connected_mf_mc_s20260607_q50_types_multi_fine_multi_coarse_sizes20_50_100_topo_feature_component_b2_5_10_20_per_query.csv,runs/lightning_connected_reruns/jigsaw-cora-mf-mc-connected-gcp-cpux8-v3/results/prod_cora_connected_mf_mc_s20260607_q50_types_multi_fine_multi_coarse_sizes20_50_100_topo_feature_component_b2_5_10_20_per_query.csv,cora,cora,20260607,cora,multi_coarse,100,topo_feature,topo_feature_component,type_feat32,50,50,50,0,50,0,0,0,0,50,0,0.2491030035999961,0.25312700899991114,0.28892294780007427,11271.1,11792.85,100.78,190.48914935758637,77.12538479596246,3.84,0.2048469387755102,0.47891156462585033,17.0,20.0,20.0,0.21080916326528792,59.142237617347675,4.404446974488064,0,0,4,46,0,0,0,0,0,0,,,,,,,,,,,,,,,,,,,,,,,,,,,,,,,,,,,,,,,,,,,,,,,,,,,,,,,,,,,,,,,,,,,,,,,,,,,,,,,,,,,,,,,,,,,,,,,,,,,,,,,,,,,,,,,,,,,,,,0,0,0,0,4,4,46,50,0,50,0,50,0,50,0,50,0,50,0,50,legacy_planted_id_v0_audited_equivalent_to_query_payload_v1
/workspace/jigsaw_pkg/runs/noid_negative_cora_v4/results/prod_cora_pv1_s20260607_neg_topo_feature_component_b2_5_10_20_per_query.csv,/workspace/jigsaw_pkg/runs/noid_negative_cora_v4/results/prod_cora_pv1_s20260607_neg_topo_feature_component_b2_5_10_20_per_query.csv,cora,cora,20260607,cora,negative_label,20,topo_feature,topo_feature_component,type_feat32,50,0,0,50,0,0,50,0,0,29,0,0.2210876518800137,0.26033228400007147,0.3131868364499951,13532.88,18899.65,0.0,500.02439411369596,481.53177906929983,2.9,0.14174999999999993,0.44858333333333333,14.0,20.0,20.0,0.2063905599948157,55.271912970003434,0.0,0,0,0,0,0,0,0,0,0,0,query_payload_v1_negative_rerun_2026-08-01,50,0,,0,1,0,50,0,0.05527191297,0.000206390559995,0.2210876518800137,13532.88,,,,,,,,0,,,,,,,,,,,,,,,,,,,,,,,,,,,,,,,,,,,,,,,,,,,,,,,,,,,,,,,,,,,,,,,,,,,,,,,,,,,,,,,,,,,,,,,,,,,,,,,0.58,0,0,0,0,0,0,0,0,0,0,0,0,0,0,0,0,0,0,0,0,0,query_payload_v1
/workspace/jigsaw_pkg/runs/noid_negative_cora_v4/results/prod_cora_pv1_s20260607_neg_topo_feature_component_b2_5_10_20_per_query.csv,/workspace/jigsaw_pkg/runs/noid_negative_cora_v4/results/prod_cora_pv1_s20260607_neg_topo_feature_component_b2_5_10_20_per_query.csv,cora,cora,20260607,cora,negative_label,50,topo_feature,topo_feature_component,type_feat32,50,0,0,50,0,0,50,0,0,17,0,0.20334142930000326,0.1848409009999159,0.3241954635500065,12296.8,19003.35,0.0,281.7223517094191,159.76734129728274,4.88,0.28899999999999987,0.5033035714285716,16.0,20.0,20.0,0.20000658000299154,50.835357325000814,0.0,0,0,0,0,0,0,0,0,0,0,query_payload_v1_negative_rerun_2026-08-01,50,0,,0,1,0,50,0,0.050835357325,0.000200006580003,0.20334142930000326,12296.8,,,,,,,,0,,,,,,,,,,,,,,,,,,,,,,,,,,,,,,,,,,,,,,,,,,,,,,,,,,,,,,,,,,,,,,,,,,,,,,,,,,,,,,,,,,,,,,,,,,,,,,,0.34,0,0,0,0,0,0,0,0,0,0,0,0,0,0,0,0,0,0,0,0,0,query_payload_v1
/workspace/jigsaw_pkg/runs/noid_negative_cora_v4/results/prod_cora_pv1_s20260607_neg_topo_feature_component_b2_5_10_20_per_query.csv,/workspace/jigsaw_pkg/runs/noid_negative_cora_v4/results/prod_cora_pv1_s20260607_neg_topo_feature_component_b2_5_10_20_per_query.csv,cora,cora,20260607,cora,negative_label,100,topo_feature,topo_feature_component,type_feat32,50,0,0,50,0,0,50,0,0,10,0,0.17173062728001923,0.18510267250007928,0.30911401150011664,10395.84,18646.7,0.0,168.24574380052357,97.74881796467142,7.24,0.4129999999999998,0.4934479825729827,18.5,20.0,20.0,0.2099206400021103,42.932656820004816,0.0,0,0,0,0,0,0,0,0,0,0,query_payload_v1_negative_rerun_2026-08-01,50,0,,0,1,0,50,0,0.04293265682,0.000209920640002,0.17173062728001923,10395.84,,,,,,,,0,,,,,,,,,,,,,,,,,,,,,,,,,,,,,,,,,,,,,,,,,,,,,,,,,,,,,,,,,,,,,,,,,,,,,,,,,,,,,,,,,,,,,,,,,,,,,,,0.2,0,0,0,0,0,0,0,0,0,0,0,0,0,0,0,0,0,0,0,0,0,query_payload_v1
/workspace/jigsaw_pkg/runs/noid_negative_cora_v4/results/prod_cora_pv1_s20260607_neg_topo_feature_component_b2_5_10_20_per_query.csv,/workspace/jigsaw_pkg/runs/noid_negative_cora_v4/results/prod_cora_pv1_s20260607_neg_topo_feature_component_b2_5_10_20_per_query.csv,cora,cora,20260607,cora,negative_structure,20,topo_feature,topo_feature_component,type_feat32,50,0,0,50,0,0,50,0,0,50,0,0.13984700201999886,0.12553137250017699,0.20059750649999158,7740.54,11493.650000000001,19.86,988.4280718991159,950.941963681476,2.9,0.14424999999999993,0.47625000000000006,13.0,20.0,20.0,0.2136751400007597,32.27137722999771,2.6903732750020026,0,0,0,0,0,0,0,0,0,0,query_payload_v1_negative_rerun_2026-08-01,50,0,,0,1,0,50,0.002690373275,0.03227137723,0.000213675140001,0.13984700201999886,7740.54,,,,,,,,0,,,,,,,,,,,,,,,,,,,,,,,,,,,,,,,,,,,,,,,,,,,,,,,,,,,,,,,,,,,,,,,,,,,,,,,,,,,,,,,,,,,,,,,,,,,,,,,1,0,0,0,0,0,0,0,0,0,0,0,0,0,0,0,0,0,0,0,0,0,query_payload_v1
/workspace/jigsaw_pkg/runs/noid_negative_cora_v4/results/prod_cora_pv1_s20260607_neg_topo_feature_component_b2_5_10_20_per_query.csv,/workspace/jigsaw_pkg/runs/noid_negative_cora_v4/results/prod_cora_pv1_s20260607_neg_topo_feature_component_b2_5_10_20_per_query.csv,cora,cora,20260607,cora,negative_structure,50,topo_feature,topo_feature_component,type_feat32,50,0,0,50,0,0,50,0,0,50,0,0.1567356041600033,0.18597899250005412,0.2027361075498504,8718.92,11684.45,50.26,388.02832735421384,260.71127707489916,4.86,0.2597500000000002,0.476125,17.5,20.0,20.0,0.21796457999244012,35.92384084000116,3.260060199999657,0,0,0,0,0,0,0,0,0,0,query_payload_v1_negative_rerun_2026-08-01,50,0,,0,1,0,50,0.0032600602,0.03592384084,0.000217964579992,0.1567356041600033,8718.92,,,,,,,,0,,,,,,,,,,,,,,,,,,,,,,,,,,,,,,,,,,,,,,,,,,,,,,,,,,,,,,,,,,,,,,,,,,,,,,,,,,,,,,,,,,,,,,,,,,,,,,,1,0,0,0,0,0,0,0,0,0,0,0,0,0,0,0,0,0,0,0,0,0,query_payload_v1
/workspace/jigsaw_pkg/runs/noid_negative_cora_v4/results/prod_cora_pv1_s20260607_neg_topo_feature_component_b2_5_10_20_per_query.csv,/workspace/jigsaw_pkg/runs/noid_negative_cora_v4/results/prod_cora_pv1_s20260607_neg_topo_feature_component_b2_5_10_20_per_query.csv,cora,cora,20260607,cora,negative_structure,100,topo_feature,topo_feature_component,type_feat32,50,0,0,50,0,0,50,0,0,50,0,0.18190849286000457,0.197852168000054,0.23270869645008357,9881.1,11751.75,100.62,193.4167684783254,89.41806905567891,6.76,0.3790000000000003,0.4888452380952385,19.0,20.0,20.0,0.2453101399919433,41.461706170006785,4.015417044994365,0,0,0,0,0,0,0,0,0,0,query_payload_v1_negative_rerun_2026-08-01,50,0,,0,1,0,50,0.00401541704499,0.04146170617,0.000245310139992,0.18190849286000457,9881.1,,,,,,,,0,,,,,,,,,,,,,,,,,,,,,,,,,,,,,,,,,,,,,,,,,,,,,,,,,,,,,,,,,,,,,,,,,,,,,,,,,,,,,,,,,,,,,,,,,,,,,,,1,0,0,0,0,0,0,0,0,0,0,0,0,0,0,0,0,0,0,0,0,0,query_payload_v1
runs\lightning_completion\jigsaw-cora-clean-full-gcp-cpux8-v3\summary.csv,C:\Users\Swastik\Desktop\Jigsaw\runs\lightning_completion\jigsaw-cora-clean-full-gcp-cpux8-v3\results\prod_cora_clean_s20260607_q50_types_all_sizes20_50_100_random_component_b2_5_10_20_per_query.csv,cora,cora,20260607,cora,single,20,random,random_component,type_feat32,50,50,50,0,50,0,0,0,0,50,0,0.15573516116002226,0.1296147345000236,0.2511713555000483,7481.76,11659.6,20.2,965.6321205461205,590.2468814226647,1.0,0.04129032258064516,0.3225806451612903,1000000000.0,1000000000.0,1000000000.0,0.0,47.96479252903766,2.272356232259837,4,9,15,22,0,0,0,0,0,0,,,,,,,,,,,,,,,,,,,,,,,,,,,,,,,,,,,,,,,,,,,,,,,,,,,,,,,,,,,,,,,,,,,,,,,,,,,,,,,,,,,,,,,,,,,,,,,,,,,,,,,,,,,,,,,,,,,,,,4,4,9,13,15,28,22,50,0,50,0,50,0,50,0,50,0,50,0,50,legacy_planted_id_v0_audited_equivalent_to_query_payload_v1
runs\lightning_completion\jigsaw-cora-clean-full-gcp-cpux8-v3\summary.csv,C:\Users\Swastik\Desktop\Jigsaw\runs\lightning_completion\jigsaw-cora-clean-full-gcp-cpux8-v3\results\prod_cora_clean_s20260607_q50_types_all_sizes20_50_100_random_component_b2_5_10_20_per_query.csv,cora,cora,20260607,cora,single,50,random,random_component,type_feat32,50,50,50,0,50,0,0,0,0,50,0,0.16228618996000022,0.16429915800000572,0.2828503595499967,7205.44,11922.7,50.2,387.63701065224626,204.7273089889584,1.0,0.05506756756756757,0.33783783783783783,1000000000.0,1000000000.0,1000000000.0,0.0,50.684056405406245,4.142359121620862,9,7,11,23,0,0,0,0,0,0,,,,,,,,,,,,,,,,,,,,,,,,,,,,,,,,,,,,,,,,,,,,,,,,,,,,,,,,,,,,,,,,,,,,,,,,,,,,,,,,,,,,,,,,,,,,,,,,,,,,,,,,,,,,,,,,,,,,,,9,9,7,16,11,27,23,50,0,50,0,50,0,50,0,50,0,50,0,50,legacy_planted_id_v0_audited_equivalent_to_query_payload_v1
runs\lightning_completion\jigsaw-cora-clean-full-gcp-cpux8-v3\summary.csv,C:\Users\Swastik\Desktop\Jigsaw\runs\lightning_completion\jigsaw-cora-clean-full-gcp-cpux8-v3\results\prod_cora_clean_s20260607_q50_types_all_sizes20_50_100_random_component_b2_5_10_20_per_query.csv,cora,cora,20260607,cora,single,100,random,random_component,type_feat32,50,50,50,0,50,0,0,0,0,50,0,0.20382594401999085,0.22687913149991346,0.2917690449500242,8565.4,11937.349999999999,100.42,193.55156828004095,75.02077802256561,1.0,0.026488095238095238,0.2976190476190476,1000000000.0,1000000000.0,1000000000.0,0.0,54.87212446428473,5.790358874998263,0,7,18,25,0,0,0,0,0,0,,,,,,,,,,,,,,,,,,,,,,,,,,,,,,,,,,,,,,,,,,,,,,,,,,,,,,,,,,,,,,,,,,,,,,,,,,,,,,,,,,,,,,,,,,,,,,,,,,,,,,,,,,,,,,,,,,,,,,0,0,7,7,18,25,25,50,0,50,0,50,0,50,0,50,0,50,0,50,legacy_planted_id_v0_audited_equivalent_to_query_payload_v1
corrected_connected_rerun::prod_cora_connected_mf_mc_s20260607_q50_types_multi_fine_multi_coarse_sizes20_50_100_random_component_b2_5_10_20_per_query.csv,runs/lightning_connected_reruns/jigsaw-cora-mf-mc-connected-gcp-cpux8-v3/results/prod_cora_connected_mf_mc_s20260607_q50_types_multi_fine_multi_coarse_sizes20_50_100_random_component_b2_5_10_20_per_query.csv,cora,cora,20260607,cora,multi_fine,20,random,random_component,type_feat32,50,50,50,0,50,0,0,0,0,50,0,0.17440217684000003,0.21199357949996056,0.29069053584999266,8540.54,11741.35,20.34,947.4306390630727,592.8589498175916,1.0,0.03353293413173653,0.2994011976047904,1000000000.0,1000000000.0,1000000000.0,0.0,50.254383407183965,1.9618372035944855,4,5,11,30,0,0,0,0,0,0,,,,,,,,,,,,,,,,,,,,,,,,,,,,,,,,,,,,,,,,,,,,,,,,,,,,,,,,,,,,,,,,,,,,,,,,,,,,,,,,,,,,,,,,,,,,,,,,,,,,,,,,,,,,,,,,,,,,,,4,4,5,9,11,20,30,50,0,50,0,50,0,50,0,50,0,50,0,50,legacy_planted_id_v0_audited_equivalent_to_query_payload_v1
corrected_connected_rerun::prod_cora_connected_mf_mc_s20260607_q50_types_multi_fine_multi_coarse_sizes20_50_100_random_component_b2_5_10_20_per_query.csv,runs/lightning_connected_reruns/jigsaw-cora-mf-mc-connected-gcp-cpux8-v3/results/prod_cora_connected_mf_mc_s20260607_q50_types_multi_fine_multi_coarse_sizes20_50_100_random_component_b2_5_10_20_per_query.csv,cora,cora,20260607,cora,multi_fine,50,random,random_component,type_feat32,50,50,50,0,50,0,0,0,0,50,0,0.18777363946000264,0.2209514990000514,0.2808538724499556,8683.84,11820.3,50.48,386.19461884134694,182.2568936526938,1.0,0.030059523809523807,0.2976190476190476,1000000000.0,1000000000.0,1000000000.0,0.0,52.55270889285887,3.332302851189541,2,7,12,29,0,0,0,0,0,0,,,,,,,,,,,,,,,,,,,,,,,,,,,,,,,,,,,,,,,,,,,,,,,,,,,,,,,,,,,,,,,,,,,,,,,,,,,,,,,,,,,,,,,,,,,,,,,,,,,,,,,,,,,,,,,,,,,,,,2,2,7,9,12,21,29,50,0,50,0,50,0,50,0,50,0,50,0,50,legacy_planted_id_v0_audited_equivalent_to_query_payload_v1
corrected_connected_rerun::prod_cora_connected_mf_mc_s20260607_q50_types_multi_fine_multi_coarse_sizes20_50_100_random_component_b2_5_10_20_per_query.csv,runs/lightning_connected_reruns/jigsaw-cora-mf-mc-connected-gcp-cpux8-v3/results/prod_cora_connected_mf_mc_s20260607_q50_types_multi_fine_multi_coarse_sizes20_50_100_random_component_b2_5_10_20_per_query.csv,cora,cora,20260607,cora,multi_fine,100,random,random_component,type_feat32,50,50,50,0,50,0,0,0,0,50,0,0.1692472171600116,0.1522271360000218,0.31947995145002894,7280.2,11927.75,100.6,193.25046342183256,87.94727750892578,1.0,0.05302013422818792,0.33557046979865773,1000000000.0,1000000000.0,1000000000.0,0.0,50.89157271141217,5.902795463088366,8,9,9,24,0,0,0,0,0,0,,,,,,,,,,,,,,,,,,,,,,,,,,,,,,,,,,,,,,,,,,,,,,,,,,,,,,,,,,,,,,,,,,,,,,,,,,,,,,,,,,,,,,,,,,,,,,,,,,,,,,,,,,,,,,,,,,,,,,8,8,9,17,9,26,24,50,0,50,0,50,0,50,0,50,0,50,0,50,legacy_planted_id_v0_audited_equivalent_to_query_payload_v1
runs\lightning_completion\jigsaw-cora-clean-full-gcp-cpux8-v3\summary.csv,C:\Users\Swastik\Desktop\Jigsaw\runs\lightning_completion\jigsaw-cora-clean-full-gcp-cpux8-v3\results\prod_cora_clean_s20260607_q50_types_all_sizes20_50_100_random_component_b2_5_10_20_per_query.csv,cora,cora,20260607,cora,k_hop,20,random,random_component,type_feat32,50,50,50,0,50,0,0,0,0,50,0,0.16236485121999295,0.15031948749998492,0.258099084649956,7856.3,11746.25,19.92,986.4562481908157,979.4269703495125,2.5,0.09968750000000001,0.3205208333333333,1000000000.0,1000000000.0,1000000000.0,0.0,48.56008109999834,2.1789349062494523,6,2,18,24,0,0,0,0,0,0,,,,,,,,,,,,,,,,,,,,,,,,,,,,,,,,,,,,,,,,,,,,,,,,,,,,,,,,,,,,,,,,,,,,,,,,,,,,,,,,,,,,,,,,,,,,,,,,,,,,,,,,,,,,,,,,,,,,,,6,6,2,8,18,26,24,50,0,50,0,50,0,50,0,50,0,50,0,50,legacy_planted_id_v0_audited_equivalent_to_query_payload_v1
runs\lightning_completion\jigsaw-cora-clean-full-gcp-cpux8-v3\summary.csv,C:\Users\Swastik\Desktop\Jigsaw\runs\lightning_completion\jigsaw-cora-clean-full-gcp-cpux8-v3\results\prod_cora_clean_s20260607_q50_types_all_sizes20_50_100_random_component_b2_5_10_20_per_query.csv,cora,cora,20260607,cora,k_hop,50,random,random_component,type_feat32,50,50,50,0,50,0,0,0,0,50,0,0.2090891172600095,0.24210797599999978,0.271008692749939,9643.28,11878.15,50.64,383.6030186120642,182.03095074922786,5.16,0.27303370786516856,0.4275682182985554,1000000000.0,1000000000.0,1000000000.0,0.0,55.60556020786339,3.127337898880863,3,2,9,36,0,0,0,0,0,0,,,,,,,,,,,,,,,,,,,,,,,,,,,,,,,,,,,,,,,,,,,,,,,,,,,,,,,,,,,,,,,,,,,,,,,,,,,,,,,,,,,,,,,,,,,,,,,,,,,,,,,,,,,,,,,,,,,,,,3,3,2,5,9,14,36,50,0,50,0,50,0,50,0,50,0,50,0,50,legacy_planted_id_v0_audited_equivalent_to_query_payload_v1
runs\lightning_completion\jigsaw-cora-clean-full-gcp-cpux8-v3\summary.csv,C:\Users\Swastik\Desktop\Jigsaw\runs\lightning_completion\jigsaw-cora-clean-full-gcp-cpux8-v3\results\prod_cora_clean_s20260607_q50_types_all_sizes20_50_100_random_component_b2_5_10_20_per_query.csv,cora,cora,20260607,cora,k_hop,100,random,random_component,type_feat32,50,50,50,0,50,0,0,0,0,50,0,0.236691492260004,0.2591106104999312,0.33964389885008467,9858.54,11910.45,100.42,194.14179892311412,80.0295963102128,6.7,0.3173913043478261,0.4166388261496957,1000000000.0,1000000000.0,1000000000.0,0.0,59.10207418478285,5.2162661032617095,1,5,3,41,0,0,0,0,0,0,,,,,,,,,,,,,,,,,,,,,,,,,,,,,,,,,,,,,,,,,,,,,,,,,,,,,,,,,,,,,,,,,,,,,,,,,,,,,,,,,,,,,,,,,,,,,,,,,,,,,,,,,,,,,,,,,,,,,,1,1,5,6,3,9,41,50,0,50,0,50,0,50,0,50,0,50,0,50,legacy_planted_id_v0_audited_equivalent_to_query_payload_v1
runs\lightning_completion\jigsaw-cora-clean-full-gcp-cpux8-v3\summary.csv,C:\Users\Swastik\Desktop\Jigsaw\runs\lightning_completion\jigsaw-cora-clean-full-gcp-cpux8-v3\results\prod_cora_clean_s20260607_q50_types_all_sizes20_50_100_random_component_b2_5_10_20_per_query.csv,cora,cora,20260607,cora,degree_k_hop,20,random,random_component,type_feat32,50,50,50,0,50,0,0,0,0,50,0,0.18178474093998603,0.21997423200014055,0.2800240909498427,8652.52,11621.0,19.52,1019.0082689518495,638.6882387951732,2.86,0.13567251461988303,0.38323586744639376,1000000000.0,1000000000.0,1000000000.0,0.0,51.133047280697006,2.0203857426907113,4,2,13,31,0,0,0,0,0,0,,,,,,,,,,,,,,,,,,,,,,,,,,,,,,,,,,,,,,,,,,,,,,,,,,,,,,,,,,,,,,,,,,,,,,,,,,,,,,,,,,,,,,,,,,,,,,,,,,,,,,,,,,,,,,,,,,,,,,4,4,2,6,13,19,31,50,0,50,0,50,0,50,0,50,0,50,0,50,legacy_planted_id_v0_audited_equivalent_to_query_payload_v1
runs\lightning_completion\jigsaw-cora-clean-full-gcp-cpux8-v3\summary.csv,C:\Users\Swastik\Desktop\Jigsaw\runs\lightning_completion\jigsaw-cora-clean-full-gcp-cpux8-v3\results\prod_cora_clean_s20260607_q50_types_all_sizes20_50_100_random_component_b2_5_10_20_per_query.csv,cora,cora,20260607,cora,degree_k_hop,50,random,random_component,type_feat32,50,50,50,0,50,0,0,0,0,50,0,0.18747848678000992,0.23356027650004307,0.3276717835499198,8259.82,11758.15,50.24,386.7955400451623,189.68275471577275,5.22,0.2599397590361446,0.39128896538535096,1000000000.0,1000000000.0,1000000000.0,0.0,53.10096118072434,3.368462548194312,2,9,10,29,0,0,0,0,0,0,,,,,,,,,,,,,,,,,,,,,,,,,,,,,,,,,,,,,,,,,,,,,,,,,,,,,,,,,,,,,,,,,,,,,,,,,,,,,,,,,,,,,,,,,,,,,,,,,,,,,,,,,,,,,,,,,,,,,,2,2,9,11,10,21,29,50,0,50,0,50,0,50,0,50,0,50,0,50,legacy_planted_id_v0_audited_equivalent_to_query_payload_v1
runs\lightning_completion\jigsaw-cora-clean-full-gcp-cpux8-v3\summary.csv,C:\Users\Swastik\Desktop\Jigsaw\runs\lightning_completion\jigsaw-cora-clean-full-gcp-cpux8-v3\results\prod_cora_clean_s20260607_q50_types_all_sizes20_50_100_random_component_b2_5_10_20_per_query.csv,cora,cora,20260607,cora,degree_k_hop,100,random,random_component,type_feat32,50,50,50,0,50,0,0,0,0,50,0,0.21515431631999263,0.24357305449990463,0.2756805309000242,9568.02,11947.35,100.5,193.794442054924,81.30875876765157,6.94,0.3125,0.3932738095238095,1000000000.0,1000000000.0,1000000000.0,0.0,54.76989963888804,4.995188227776579,1,2,13,34,0,0,0,0,0,0,,,,,,,,,,,,,,,,,,,,,,,,,,,,,,,,,,,,,,,,,,,,,,,,,,,,,,,,,,,,,,,,,,,,,,,,,,,,,,,,,,,,,,,,,,,,,,,,,,,,,,,,,,,,,,,,,,,,,,1,1,2,3,13,16,34,50,0,50,0,50,0,50,0,50,0,50,0,50,legacy_planted_id_v0_audited_equivalent_to_query_payload_v1
runs\lightning_completion\jigsaw-cora-clean-full-gcp-cpux8-v3\summary.csv,C:\Users\Swastik\Desktop\Jigsaw\runs\lightning_completion\jigsaw-cora-clean-full-gcp-cpux8-v3\results\prod_cora_clean_s20260607_q50_types_all_sizes20_50_100_random_component_b2_5_10_20_per_query.csv,cora,cora,20260607,cora,random_walk,20,random,random_component,type_feat32,50,50,50,0,50,0,0,0,0,50,0,0.1806634206199965,0.2202024675000871,0.24989542444994867,8404.28,11636.55,20.58,948.5628089156721,694.2432751272889,2.98,0.1670588235294118,0.4183333333333333,1000000000.0,1000000000.0,1000000000.0,0.0,51.04389428823411,2.0924058941177996,1,8,11,30,0,0,0,0,0,0,,,,,,,,,,,,,,,,,,,,,,,,,,,,,,,,,,,,,,,,,,,,,,,,,,,,,,,,,,,,,,,,,,,,,,,,,,,,,,,,,,,,,,,,,,,,,,,,,,,,,,,,,,,,,,,,,,,,,,1,1,8,9,11,20,30,50,0,50,0,50,0,50,0,50,0,50,0,50,legacy_planted_id_v0_audited_equivalent_to_query_payload_v1
runs\lightning_completion\jigsaw-cora-clean-full-gcp-cpux8-v3\summary.csv,C:\Users\Swastik\Desktop\Jigsaw\runs\lightning_completion\jigsaw-cora-clean-full-gcp-cpux8-v3\results\prod_cora_clean_s20260607_q50_types_all_sizes20_50_100_random_component_b2_5_10_20_per_query.csv,cora,cora,20260607,cora,random_walk,50,random,random_component,type_feat32,50,50,50,0,50,0,0,0,0,50,0,0.2319353302400009,0.23965789649992075,0.32467244854989874,10597.1,11966.3,52.02,379.36929792246207,211.71956242693685,5.62,0.28871794871794876,0.4612820512820513,1000000000.0,1000000000.0,1000000000.0,0.0,56.67043007692416,2.800167420511967,0,1,3,46,0,0,0,0,0,0,,,,,,,,,,,,,,,,,,,,,,,,,,,,,,,,,,,,,,,,,,,,,,,,,,,,,,,,,,,,,,,,,,,,,,,,,,,,,,,,,,,,,,,,,,,,,,,,,,,,,,,,,,,,,,,,,,,,,,0,0,1,1,3,4,46,50,0,50,0,50,0,50,0,50,0,50,0,50,legacy_planted_id_v0_audited_equivalent_to_query_payload_v1
runs\lightning_completion\jigsaw-cora-clean-full-gcp-cpux8-v3\summary.csv,C:\Users\Swastik\Desktop\Jigsaw\runs\lightning_completion\jigsaw-cora-clean-full-gcp-cpux8-v3\results\prod_cora_clean_s20260607_q50_types_all_sizes20_50_100_random_component_b2_5_10_20_per_query.csv,cora,cora,20260607,cora,random_walk,100,random,random_component,type_feat32,50,50,50,0,50,0,0,0,0,50,0,0.2589703408799937,0.25892543900005194,0.3194253078999849,11333.78,12003.95,103.1,188.0615922296437,92.37163671915371,8.04,0.3829145728643216,0.4477934405070083,1000000000.0,1000000000.0,1000000000.0,0.0,60.54162439195649,4.5263004522630395,0,0,1,49,0,0,0,0,0,0,,,,,,,,,,,,,,,,,,,,,,,,,,,,,,,,,,,,,,,,,,,,,,,,,,,,,,,,,,,,,,,,,,,,,,,,,,,,,,,,,,,,,,,,,,,,,,,,,,,,,,,,,,,,,,,,,,,,,,0,0,0,0,1,1,49,50,0,50,0,50,0,50,0,50,0,50,0,50,legacy_planted_id_v0_audited_equivalent_to_query_payload_v1
corrected_connected_rerun::prod_cora_connected_mf_mc_s20260607_q50_types_multi_fine_multi_coarse_sizes20_50_100_random_component_b2_5_10_20_per_query.csv,runs/lightning_connected_reruns/jigsaw-cora-mf-mc-connected-gcp-cpux8-v3/results/prod_cora_connected_mf_mc_s20260607_q50_types_multi_fine_multi_coarse_sizes20_50_100_random_component_b2_5_10_20_per_query.csv,cora,cora,20260607,cora,multi_coarse,20,random,random_component,type_feat32,50,50,50,0,50,0,0,0,0,50,0,0.21374428287999309,0.2180110430000184,0.2935479898999858,10890.14,11872.45,20.4,946.8970454921889,609.6577803761533,3.32,0.1579896907216495,0.4218213058419244,1000000000.0,1000000000.0,1000000000.0,0.0,53.39232708247238,1.69640561855677,0,0,6,44,0,0,0,0,0,0,,,,,,,,,,,,,,,,,,,,,,,,,,,,,,,,,,,,,,,,,,,,,,,,,,,,,,,,,,,,,,,,,,,,,,,,,,,,,,,,,,,,,,,,,,,,,,,,,,,,,,,,,,,,,,,,,,,,,,0,0,0,0,6,6,44,50,0,50,0,50,0,50,0,50,0,50,0,50,legacy_planted_id_v0_audited_equivalent_to_query_payload_v1
corrected_connected_rerun::prod_cora_connected_mf_mc_s20260607_q50_types_multi_fine_multi_coarse_sizes20_50_100_random_component_b2_5_10_20_per_query.csv,runs/lightning_connected_reruns/jigsaw-cora-mf-mc-connected-gcp-cpux8-v3/results/prod_cora_connected_mf_mc_s20260607_q50_types_multi_fine_multi_coarse_sizes20_50_100_random_component_b2_5_10_20_per_query.csv,cora,cora,20260607,cora,multi_coarse,50,random,random_component,type_feat32,50,50,50,0,50,0,0,0,0,50,0,0.2459024506799926,0.23935266600000205,0.3194215675000578,11121.44,11859.95,50.68,386.64395293963287,179.66129823324312,3.5,0.18392857142857144,0.4607993197278911,1000000000.0,1000000000.0,1000000000.0,0.0,59.807443428568966,2.9227735816332325,0,1,2,47,0,0,0,0,0,0,,,,,,,,,,,,,,,,,,,,,,,,,,,,,,,,,,,,,,,,,,,,,,,,,,,,,,,,,,,,,,,,,,,,,,,,,,,,,,,,,,,,,,,,,,,,,,,,,,,,,,,,,,,,,,,,,,,,,,0,0,1,1,2,3,47,50,0,50,0,50,0,50,0,50,0,50,0,50,legacy_planted_id_v0_audited_equivalent_to_query_payload_v1
corrected_connected_rerun::prod_cora_connected_mf_mc_s20260607_q50_types_multi_fine_multi_coarse_sizes20_50_100_random_component_b2_5_10_20_per_query.csv,runs/lightning_connected_reruns/jigsaw-cora-mf-mc-connected-gcp-cpux8-v3/results/prod_cora_connected_mf_mc_s20260607_q50_types_multi_fine_multi_coarse_sizes20_50_100_random_component_b2_5_10_20_per_query.csv,cora,cora,20260607,cora,multi_coarse,100,random,random_component,type_feat32,50,50,50,0,50,0,0,0,0,50,0,0.2512295390999816,0.24679404949989703,0.33577937994996887,11232.36,11921.1,100.78,190.34062700811904,77.47732422331912,3.84,0.19948979591836735,0.467687074829932,1000000000.0,1000000000.0,1000000000.0,0.0,59.64813978060851,4.441028357141894,0,1,2,47,0,0,0,0,0,0,,,,,,,,,,,,,,,,,,,,,,,,,,,,,,,,,,,,,,,,,,,,,,,,,,,,,,,,,,,,,,,,,,,,,,,,,,,,,,,,,,,,,,,,,,,,,,,,,,,,,,,,,,,,,,,,,,,,,,0,0,1,1,2,3,47,50,0,50,0,50,0,50,0,50,0,50,0,50,legacy_planted_id_v0_audited_equivalent_to_query_payload_v1
/workspace/jigsaw_pkg/runs/noid_negative_cora_v4/results/prod_cora_pv1_s20260607_neg_random_component_b2_5_10_20_per_query.csv,/workspace/jigsaw_pkg/runs/noid_negative_cora_v4/results/prod_cora_pv1_s20260607_neg_random_component_b2_5_10_20_per_query.csv,cora,cora,20260607,cora,negative_label,20,random,random_component,type_feat32,50,0,0,50,0,0,50,0,0,25,0,0.22051887152000973,0.25176693049996857,0.3555615930000158,14031.38,18899.65,0.0,504.70168056040404,419.3389426236447,2.9,0.13424999999999992,0.44316666666666676,1000000000.0,1000000000.0,1000000000.0,0.0,55.129717880002424,0.0,0,0,0,0,0,0,0,0,0,0,query_payload_v1_negative_rerun_2026-08-01,50,0,,0,1,0,50,0,0.05512971788,0,0.22051887152000973,14031.38,,,,,,,,0,,,,,,,,,,,,,,,,,,,,,,,,,,,,,,,,,,,,,,,,,,,,,,,,,,,,,,,,,,,,,,,,,,,,,,,,,,,,,,,,,,,,,,,,,,,,,,,0.5,0,0,0,0,0,0,0,0,0,0,0,0,0,0,0,0,0,0,0,0,0,query_payload_v1
/workspace/jigsaw_pkg/runs/noid_negative_cora_v4/results/prod_cora_pv1_s20260607_neg_random_component_b2_5_10_20_per_query.csv,/workspace/jigsaw_pkg/runs/noid_negative_cora_v4/results/prod_cora_pv1_s20260607_neg_random_component_b2_5_10_20_per_query.csv,cora,cora,20260607,cora,negative_label,50,random,random_component,type_feat32,50,0,0,50,0,0,50,0,0,16,0,0.20411438563999354,0.17837039900001628,0.3660389633000704,12404.04,19003.35,0.0,280.5397083265769,154.9676981789062,4.88,0.2335000000000001,0.4551904761904764,1000000000.0,1000000000.0,1000000000.0,0.0,51.02859640999839,0.0,0,0,0,0,0,0,0,0,0,0,query_payload_v1_negative_rerun_2026-08-01,50,0,,0,1,0,50,0,0.05102859641,0,0.20411438563999354,12404.04,,,,,,,,0,,,,,,,,,,,,,,,,,,,,,,,,,,,,,,,,,,,,,,,,,,,,,,,,,,,,,,,,,,,,,,,,,,,,,,,,,,,,,,,,,,,,,,,,,,,,,,,0.32,0,0,0,0,0,0,0,0,0,0,0,0,0,0,0,0,0,0,0,0,0,query_payload_v1
/workspace/jigsaw_pkg/runs/noid_negative_cora_v4/results/prod_cora_pv1_s20260607_neg_random_component_b2_5_10_20_per_query.csv,/workspace/jigsaw_pkg/runs/noid_negative_cora_v4/results/prod_cora_pv1_s20260607_neg_random_component_b2_5_10_20_per_query.csv,cora,cora,20260607,cora,negative_label,100,random,random_component,type_feat32,50,0,0,50,0,0,50,0,0,9,0,0.18217856769999344,0.17646262899990006,0.32305683050007583,11338.2,18646.7,0.0,167.25199402987602,80.97424726795204,7.24,0.343,0.45253980741480754,1000000000.0,1000000000.0,1000000000.0,0.0,45.54464192499836,0.0,0,0,0,0,0,0,0,0,0,0,query_payload_v1_negative_rerun_2026-08-01,50,0,,0,1,0,50,0,0.045544641925,0,0.18217856769999344,11338.2,,,,,,,,0,,,,,,,,,,,,,,,,,,,,,,,,,,,,,,,,,,,,,,,,,,,,,,,,,,,,,,,,,,,,,,,,,,,,,,,,,,,,,,,,,,,,,,,,,,,,,,,0.18,0,0,0,0,0,0,0,0,0,0,0,0,0,0,0,0,0,0,0,0,0,query_payload_v1
/workspace/jigsaw_pkg/runs/noid_negative_cora_v4/results/prod_cora_pv1_s20260607_neg_random_component_b2_5_10_20_per_query.csv,/workspace/jigsaw_pkg/runs/noid_negative_cora_v4/results/prod_cora_pv1_s20260607_neg_random_component_b2_5_10_20_per_query.csv,cora,cora,20260607,cora,negative_structure,20,random,random_component,type_feat32,50,0,0,50,0,0,50,0,0,50,0,0.15171364103998258,0.17085823800005073,0.23004265139996388,8975.58,11690.099999999999,19.86,987.3998641069082,820.2768801842749,2.9,0.14075,0.42916666666666664,1000000000.0,1000000000.0,1000000000.0,0.0,35.69042537999849,2.237984879997157,0,0,0,0,0,0,0,0,0,0,query_payload_v1_negative_rerun_2026-08-01,50,0,,0,1,0,50,0.00223798488,0.03569042538,0,0.15171364103998258,8975.58,,,,,,,,0,,,,,,,,,,,,,,,,,,,,,,,,,,,,,,,,,,,,,,,,,,,,,,,,,,,,,,,,,,,,,,,,,,,,,,,,,,,,,,,,,,,,,,,,,,,,,,,1,0,0,0,0,0,0,0,0,0,0,0,0,0,0,0,0,0,0,0,0,0,query_payload_v1
/workspace/jigsaw_pkg/runs/noid_negative_cora_v4/results/prod_cora_pv1_s20260607_neg_random_component_b2_5_10_20_per_query.csv,/workspace/jigsaw_pkg/runs/noid_negative_cora_v4/results/prod_cora_pv1_s20260607_neg_random_component_b2_5_10_20_per_query.csv,cora,cora,20260607,cora,negative_structure,50,random,random_component,type_feat32,50,0,0,50,0,0,50,0,0,50,0,0.15431028323999044,0.17772594349992232,0.1961119615000939,8998.64,11792.75,50.26,387.5255469568621,249.60485264586467,4.86,0.23475000000000024,0.46033333333333337,1000000000.0,1000000000.0,1000000000.0,0.0,35.6792774500002,2.8982933599974103,0,0,0,0,0,0,0,0,0,0,query_payload_v1_negative_rerun_2026-08-01,50,0,,0,1,0,50,0.00289829336,0.03567927745,0,0.15431028323999044,8998.64,,,,,,,,0,,,,,,,,,,,,,,,,,,,,,,,,,,,,,,,,,,,,,,,,,,,,,,,,,,,,,,,,,,,,,,,,,,,,,,,,,,,,,,,,,,,,,,,,,,,,,,,1,0,0,0,0,0,0,0,0,0,0,0,0,0,0,0,0,0,0,0,0,0,query_payload_v1
/workspace/jigsaw_pkg/runs/noid_negative_cora_v4/results/prod_cora_pv1_s20260607_neg_random_component_b2_5_10_20_per_query.csv,/workspace/jigsaw_pkg/runs/noid_negative_cora_v4/results/prod_cora_pv1_s20260607_neg_random_component_b2_5_10_20_per_query.csv,cora,cora,20260607,cora,negative_structure,100,random,random_component,type_feat32,50,0,0,50,0,0,50,0,0,50,0,0.16680204418000813,0.18910140349998983,0.22317348235000053,9167.82,11931.95,100.62,193.1357465413798,99.83834721278603,6.76,0.36150000000000004,0.4775694444444445,1000000000.0,1000000000.0,1000000000.0,0.0,37.32867752500056,4.3718335200014735,0,0,0,0,0,0,0,0,0,0,query_payload_v1_negative_rerun_2026-08-01,50,0,,0,1,0,50,0.00437183352,0.037328677525,0,0.16680204418000813,9167.82,,,,,,,,0,,,,,,,,,,,,,,,,,,,,,,,,,,,,,,,,,,,,,,,,,,,,,,,,,,,,,,,,,,,,,,,,,,,,,,,,,,,,,,,,,,,,,,,,,,,,,,,1,0,0,0,0,0,0,0,0,0,0,0,0,0,0,0,0,0,0,0,0,0,query_payload_v1
runs\lightning_completion\jigsaw-cora-clean-full-gcp-cpux8-v3\summary.csv,C:\Users\Swastik\Desktop\Jigsaw\runs\lightning_completion\jigsaw-cora-clean-full-gcp-cpux8-v3\results\prod_cora_clean_s20260607_q50_types_all_sizes20_50_100_filterall_component_b20_per_query.csv,cora,cora,20260607,cora,single,20,all,filterall_component,type_feat32,50,50,50,0,50,0,0,0,0,50,0,0.0506146218999811,0.045745297500047855,0.08602306854994594,20.68,22.549999999999997,20.2,959.5262054322488,1818.6527817141455,1.0,0.05,1.0,1000000000.0,1000000000.0,1000000000.0,0.0,43.34019204000015,7.274429859980955,0,0,0,50,0,0,0,0,0,0,,,,,,,,,,,,,,,,,,,,,,,,,,,,,,,,,,,,,,,,,,,,,,,,,,,,,,,,,,,,,,,,,,,,,,,,,,,,,,,,,,,,,,,,,,,,,,,,,,,,,,,,,,,,,,,,,,,,,,0,0,0,0,0,0,50,50,0,50,0,50,0,50,0,50,0,50,0,50,legacy_planted_id_v0_audited_equivalent_to_query_payload_v1
runs\lightning_completion\jigsaw-cora-clean-full-gcp-cpux8-v3\summary.csv,C:\Users\Swastik\Desktop\Jigsaw\runs\lightning_completion\jigsaw-cora-clean-full-gcp-cpux8-v3\results\prod_cora_clean_s20260607_q50_types_all_sizes20_50_100_filterall_component_b20_per_query.csv,cora,cora,20260607,cora,single,50,all,filterall_component,type_feat32,50,50,50,0,50,0,0,0,0,50,0,0.05708884211997429,0.0527137080000557,0.08407981449981888,51.74,55.55,50.2,384.1720001863434,595.6730847716485,1.0,0.05,1.0,1000000000.0,1000000000.0,1000000000.0,0.0,45.61710681997738,11.471735299996908,0,0,0,50,0,0,0,0,0,0,,,,,,,,,,,,,,,,,,,,,,,,,,,,,,,,,,,,,,,,,,,,,,,,,,,,,,,,,,,,,,,,,,,,,,,,,,,,,,,,,,,,,,,,,,,,,,,,,,,,,,,,,,,,,,,,,,,,,,0,0,0,0,0,0,50,50,0,50,0,50,0,50,0,50,0,50,0,50,legacy_planted_id_v0_audited_equivalent_to_query_payload_v1
runs\lightning_completion\jigsaw-cora-clean-full-gcp-cpux8-v3\summary.csv,C:\Users\Swastik\Desktop\Jigsaw\runs\lightning_completion\jigsaw-cora-clean-full-gcp-cpux8-v3\results\prod_cora_clean_s20260607_q50_types_all_sizes20_50_100_filterall_component_b20_per_query.csv,cora,cora,20260607,cora,single,100,all,filterall_component,type_feat32,50,50,50,0,50,0,0,0,0,50,0,0.07034366711998245,0.06319918299993788,0.11014493294999278,102.94,107.1,100.42,192.45086217249667,240.15632175558054,1.0,0.05,1.0,1000000000.0,1000000000.0,1000000000.0,0.0,50.53839517998313,19.80527193999933,0,0,0,50,0,0,0,0,0,0,,,,,,,,,,,,,,,,,,,,,,,,,,,,,,,,,,,,,,,,,,,,,,,,,,,,,,,,,,,,,,,,,,,,,,,,,,,,,,,,,,,,,,,,,,,,,,,,,,,,,,,,,,,,,,,,,,,,,,0,0,0,0,0,0,50,50,0,50,0,50,0,50,0,50,0,50,0,50,legacy_planted_id_v0_audited_equivalent_to_query_payload_v1
corrected_connected_rerun::prod_cora_connected_mf_mc_s20260607_q50_types_multi_fine_multi_coarse_sizes20_50_100_filterall_component_b20_per_query.csv,runs/lightning_connected_reruns/jigsaw-cora-mf-mc-connected-gcp-cpux8-v3/results/prod_cora_connected_mf_mc_s20260607_q50_types_multi_fine_multi_coarse_sizes20_50_100_filterall_component_b20_per_query.csv,cora,cora,20260607,cora,multi_fine,20,all,filterall_component,type_feat32,50,50,50,0,50,0,0,0,0,50,0,0.048622343219994944,0.04530777549996401,0.06767407734995455,21.92,33.89999999999995,20.34,933.8559223524156,1962.596515798049,1.0,0.05,1.0,1000000000.0,1000000000.0,1000000000.0,0.0,42.39202263999914,6.230320579995805,0,0,0,50,0,0,0,0,0,0,,,,,,,,,,,,,,,,,,,,,,,,,,,,,,,,,,,,,,,,,,,,,,,,,,,,,,,,,,,,,,,,,,,,,,,,,,,,,,,,,,,,,,,,,,,,,,,,,,,,,,,,,,,,,,,,,,,,,,0,0,0,0,0,0,50,50,0,50,0,50,0,50,0,50,0,50,0,50,legacy_planted_id_v0_audited_equivalent_to_query_payload_v1
corrected_connected_rerun::prod_cora_connected_mf_mc_s20260607_q50_types_multi_fine_multi_coarse_sizes20_50_100_filterall_component_b20_per_query.csv,runs/lightning_connected_reruns/jigsaw-cora-mf-mc-connected-gcp-cpux8-v3/results/prod_cora_connected_mf_mc_s20260607_q50_types_multi_fine_multi_coarse_sizes20_50_100_filterall_component_b20_per_query.csv,cora,cora,20260607,cora,multi_fine,50,all,filterall_component,type_feat32,50,50,50,0,50,0,0,0,0,50,0,0.056889649140014174,0.05202326500000254,0.0924859985000296,51.52,55.0,50.48,384.58356343785925,600.4480521334957,1.0,0.05,1.0,1000000000.0,1000000000.0,1000000000.0,0.0,46.482313340009114,10.407335800005058,0,0,0,50,0,0,0,0,0,0,,,,,,,,,,,,,,,,,,,,,,,,,,,,,,,,,,,,,,,,,,,,,,,,,,,,,,,,,,,,,,,,,,,,,,,,,,,,,,,,,,,,,,,,,,,,,,,,,,,,,,,,,,,,,,,,,,,,,,0,0,0,0,0,0,50,50,0,50,0,50,0,50,0,50,0,50,0,50,legacy_planted_id_v0_audited_equivalent_to_query_payload_v1
corrected_connected_rerun::prod_cora_connected_mf_mc_s20260607_q50_types_multi_fine_multi_coarse_sizes20_50_100_filterall_component_b20_per_query.csv,runs/lightning_connected_reruns/jigsaw-cora-mf-mc-connected-gcp-cpux8-v3/results/prod_cora_connected_mf_mc_s20260607_q50_types_multi_fine_multi_coarse_sizes20_50_100_filterall_component_b20_per_query.csv,cora,cora,20260607,cora,multi_fine,100,all,filterall_component,type_feat32,50,50,50,0,50,0,0,0,0,50,0,0.06659448799999154,0.06166264899991347,0.10287887034994578,103.66,118.59999999999997,100.64,191.52275424435868,252.08635576087195,1.0,0.05,1.0,1000000000.0,1000000000.0,1000000000.0,0.0,48.944825659998514,17.64966233999303,0,0,0,50,0,0,0,0,0,0,,,,,,,,,,,,,,,,,,,,,,,,,,,,,,,,,,,,,,,,,,,,,,,,,,,,,,,,,,,,,,,,,,,,,,,,,,,,,,,,,,,,,,,,,,,,,,,,,,,,,,,,,,,,,,,,,,,,,,0,0,0,0,0,0,50,50,0,50,0,50,0,50,0,50,0,50,0,50,legacy_planted_id_v0_audited_equivalent_to_query_payload_v1
runs\lightning_completion\jigsaw-cora-clean-full-gcp-cpux8-v3\summary.csv,C:\Users\Swastik\Desktop\Jigsaw\runs\lightning_completion\jigsaw-cora-clean-full-gcp-cpux8-v3\results\prod_cora_clean_s20260607_q50_types_all_sizes20_50_100_filterall_component_b20_per_query.csv,cora,cora,20260607,cora,k_hop,20,all,filterall_component,type_feat32,50,50,50,0,50,0,0,0,0,50,0,0.04883355806001419,0.04366978849998304,0.08482276245015327,21.04,23.0,19.92,955.9709416777285,1851.5901962753235,2.5,0.125,1.0,1000000000.0,1000000000.0,1000000000.0,0.0,42.38995088000138,6.443607180012805,0,0,0,50,0,0,0,0,0,0,,,,,,,,,,,,,,,,,,,,,,,,,,,,,,,,,,,,,,,,,,,,,,,,,,,,,,,,,,,,,,,,,,,,,,,,,,,,,,,,,,,,,,,,,,,,,,,,,,,,,,,,,,,,,,,,,,,,,,0,0,0,0,0,0,50,50,0,50,0,50,0,50,0,50,0,50,0,50,legacy_planted_id_v0_audited_equivalent_to_query_payload_v1
runs\lightning_completion\jigsaw-cora-clean-full-gcp-cpux8-v3\summary.csv,C:\Users\Swastik\Desktop\Jigsaw\runs\lightning_completion\jigsaw-cora-clean-full-gcp-cpux8-v3\results\prod_cora_clean_s20260607_q50_types_all_sizes20_50_100_filterall_component_b20_per_query.csv,cora,cora,20260607,cora,k_hop,50,all,filterall_component,type_feat32,50,50,50,0,50,0,0,0,0,50,0,0.057690847259982546,0.05248241850006252,0.08961952944993071,51.96,58.099999999999994,50.64,382.4194604117739,636.3411147574698,5.16,0.258,1.0,1000000000.0,1000000000.0,1000000000.0,0.0,46.15451253998799,11.536334719994557,0,0,0,50,0,0,0,0,0,0,,,,,,,,,,,,,,,,,,,,,,,,,,,,,,,,,,,,,,,,,,,,,,,,,,,,,,,,,,,,,,,,,,,,,,,,,,,,,,,,,,,,,,,,,,,,,,,,,,,,,,,,,,,,,,,,,,,,,,0,0,0,0,0,0,50,50,0,50,0,50,0,50,0,50,0,50,0,50,legacy_planted_id_v0_audited_equivalent_to_query_payload_v1
runs\lightning_completion\jigsaw-cora-clean-full-gcp-cpux8-v3\summary.csv,C:\Users\Swastik\Desktop\Jigsaw\runs\lightning_completion\jigsaw-cora-clean-full-gcp-cpux8-v3\results\prod_cora_clean_s20260607_q50_types_all_sizes20_50_100_filterall_component_b20_per_query.csv,cora,cora,20260607,cora,k_hop,100,all,filterall_component,type_feat32,50,50,50,0,50,0,0,0,0,50,0,0.06840267553994636,0.06302288749998297,0.10680872349995521,102.26,106.1,100.42,193.68725592405215,257.1979631661776,6.7,0.335,1.0,1000000000.0,1000000000.0,1000000000.0,0.0,49.12454379998508,19.27813173996128,0,0,0,50,0,0,0,0,0,0,,,,,,,,,,,,,,,,,,,,,,,,,,,,,,,,,,,,,,,,,,,,,,,,,,,,,,,,,,,,,,,,,,,,,,,,,,,,,,,,,,,,,,,,,,,,,,,,,,,,,,,,,,,,,,,,,,,,,,0,0,0,0,0,0,50,50,0,50,0,50,0,50,0,50,0,50,0,50,legacy_planted_id_v0_audited_equivalent_to_query_payload_v1
runs\lightning_completion\jigsaw-cora-clean-full-gcp-cpux8-v3\summary.csv,C:\Users\Swastik\Desktop\Jigsaw\runs\lightning_completion\jigsaw-cora-clean-full-gcp-cpux8-v3\results\prod_cora_clean_s20260607_q50_types_all_sizes20_50_100_filterall_component_b20_per_query.csv,cora,cora,20260607,cora,degree_k_hop,20,all,filterall_component,type_feat32,50,50,50,0,50,0,0,0,0,50,0,0.04787096385999576,0.043650707999745464,0.06885120295012256,20.02,21.549999999999997,19.52,1013.5133178884201,2085.1476958010676,2.86,0.14300000000000002,1.0,1000000000.0,1000000000.0,1000000000.0,0.0,41.46892485999615,6.402038999999604,0,0,0,50,0,0,0,0,0,0,,,,,,,,,,,,,,,,,,,,,,,,,,,,,,,,,,,,,,,,,,,,,,,,,,,,,,,,,,,,,,,,,,,,,,,,,,,,,,,,,,,,,,,,,,,,,,,,,,,,,,,,,,,,,,,,,,,,,,0,0,0,0,0,0,50,50,0,50,0,50,0,50,0,50,0,50,0,50,legacy_planted_id_v0_audited_equivalent_to_query_payload_v1
runs\lightning_completion\jigsaw-cora-clean-full-gcp-cpux8-v3\summary.csv,C:\Users\Swastik\Desktop\Jigsaw\runs\lightning_completion\jigsaw-cora-clean-full-gcp-cpux8-v3\results\prod_cora_clean_s20260607_q50_types_all_sizes20_50_100_filterall_component_b20_per_query.csv,cora,cora,20260607,cora,degree_k_hop,50,all,filterall_component,type_feat32,50,50,50,0,50,0,0,0,0,50,0,0.059673136119999984,0.05218944300008843,0.09834679900006904,52.1,55.0,50.24,382.1353656877689,587.1858860432222,5.22,0.261,1.0,1000000000.0,1000000000.0,1000000000.0,0.0,47.934105899989845,11.739030220010136,0,0,0,50,0,0,0,0,0,0,,,,,,,,,,,,,,,,,,,,,,,,,,,,,,,,,,,,,,,,,,,,,,,,,,,,,,,,,,,,,,,,,,,,,,,,,,,,,,,,,,,,,,,,,,,,,,,,,,,,,,,,,,,,,,,,,,,,,,0,0,0,0,0,0,50,50,0,50,0,50,0,50,0,50,0,50,0,50,legacy_planted_id_v0_audited_equivalent_to_query_payload_v1
runs\lightning_completion\jigsaw-cora-clean-full-gcp-cpux8-v3\summary.csv,C:\Users\Swastik\Desktop\Jigsaw\runs\lightning_completion\jigsaw-cora-clean-full-gcp-cpux8-v3\results\prod_cora_clean_s20260607_q50_types_all_sizes20_50_100_filterall_component_b20_per_query.csv,cora,cora,20260607,cora,degree_k_hop,100,all,filterall_component,type_feat32,50,50,50,0,50,0,0,0,0,50,0,0.0679287544599947,0.06332261250008742,0.09681946344999233,102.8,108.55,100.5,192.82465303172503,266.67255808743505,6.94,0.34700000000000003,1.0,1000000000.0,1000000000.0,1000000000.0,0.0,48.47841570001037,19.450338759984334,0,0,0,50,0,0,0,0,0,0,,,,,,,,,,,,,,,,,,,,,,,,,,,,,,,,,,,,,,,,,,,,,,,,,,,,,,,,,,,,,,,,,,,,,,,,,,,,,,,,,,,,,,,,,,,,,,,,,,,,,,,,,,,,,,,,,,,,,,0,0,0,0,0,0,50,50,0,50,0,50,0,50,0,50,0,50,0,50,legacy_planted_id_v0_audited_equivalent_to_query_payload_v1
runs\lightning_completion\jigsaw-cora-clean-full-gcp-cpux8-v3\summary.csv,C:\Users\Swastik\Desktop\Jigsaw\runs\lightning_completion\jigsaw-cora-clean-full-gcp-cpux8-v3\results\prod_cora_clean_s20260607_q50_types_all_sizes20_50_100_filterall_component_b20_per_query.csv,cora,cora,20260607,cora,random_walk,20,all,filterall_component,type_feat32,50,50,50,0,50,0,0,0,0,50,0,0.05022533683999427,0.04359789300008288,0.08536231049997696,21.46,25.549999999999997,20.58,936.4550030548661,2206.6125824682163,2.98,0.149,1.0,1000000000.0,1000000000.0,1000000000.0,0.0,43.49901997999041,6.7263168600038625,0,0,0,50,0,0,0,0,0,0,,,,,,,,,,,,,,,,,,,,,,,,,,,,,,,,,,,,,,,,,,,,,,,,,,,,,,,,,,,,,,,,,,,,,,,,,,,,,,,,,,,,,,,,,,,,,,,,,,,,,,,,,,,,,,,,,,,,,,0,0,0,0,0,0,50,50,0,50,0,50,0,50,0,50,0,50,0,50,legacy_planted_id_v0_audited_equivalent_to_query_payload_v1
runs\lightning_completion\jigsaw-cora-clean-full-gcp-cpux8-v3\summary.csv,C:\Users\Swastik\Desktop\Jigsaw\runs\lightning_completion\jigsaw-cora-clean-full-gcp-cpux8-v3\results\prod_cora_clean_s20260607_q50_types_all_sizes20_50_100_filterall_component_b20_per_query.csv,cora,cora,20260607,cora,random_walk,50,all,filterall_component,type_feat32,50,50,50,0,50,0,0,0,0,50,0,0.05929806345999168,0.052442142000018066,0.09481628204998739,52.78,59.0,52.02,376.17182058257663,746.2367054030376,5.62,0.281,1.0,1000000000.0,1000000000.0,1000000000.0,0.0,47.77871455998593,11.519348900005753,0,0,0,50,0,0,0,0,0,0,,,,,,,,,,,,,,,,,,,,,,,,,,,,,,,,,,,,,,,,,,,,,,,,,,,,,,,,,,,,,,,,,,,,,,,,,,,,,,,,,,,,,,,,,,,,,,,,,,,,,,,,,,,,,,,,,,,,,,0,0,0,0,0,0,50,50,0,50,0,50,0,50,0,50,0,50,0,50,legacy_planted_id_v0_audited_equivalent_to_query_payload_v1
runs\lightning_completion\jigsaw-cora-clean-full-gcp-cpux8-v3\summary.csv,C:\Users\Swastik\Desktop\Jigsaw\runs\lightning_completion\jigsaw-cora-clean-full-gcp-cpux8-v3\results\prod_cora_clean_s20260607_q50_types_all_sizes20_50_100_filterall_component_b20_per_query.csv,cora,cora,20260607,cora,random_walk,100,all,filterall_component,type_feat32,50,50,50,0,50,0,0,0,0,50,0,0.07148083785999461,0.06263111250007114,0.1173405820499056,105.94,115.19999999999999,103.1,187.309995070682,342.5545868010102,8.04,0.402,1.0,1000000000.0,1000000000.0,1000000000.0,0.0,51.515947499988215,19.964890360006393,0,0,0,50,0,0,0,0,0,0,,,,,,,,,,,,,,,,,,,,,,,,,,,,,,,,,,,,,,,,,,,,,,,,,,,,,,,,,,,,,,,,,,,,,,,,,,,,,,,,,,,,,,,,,,,,,,,,,,,,,,,,,,,,,,,,,,,,,,0,0,0,0,0,0,50,50,0,50,0,50,0,50,0,50,0,50,0,50,legacy_planted_id_v0_audited_equivalent_to_query_payload_v1
corrected_connected_rerun::prod_cora_connected_mf_mc_s20260607_q50_types_multi_fine_multi_coarse_sizes20_50_100_filterall_component_b20_per_query.csv,runs/lightning_connected_reruns/jigsaw-cora-mf-mc-connected-gcp-cpux8-v3/results/prod_cora_connected_mf_mc_s20260607_q50_types_multi_fine_multi_coarse_sizes20_50_100_filterall_component_b20_per_query.csv,cora,cora,20260607,cora,multi_coarse,20,all,filterall_component,type_feat32,50,50,50,0,50,0,0,0,0,50,0,0.05104536986000085,0.04623164949992997,0.08731748344999346,20.96,23.0,20.4,946.8970454921889,2352.015196936125,3.32,0.166,1.0,1000000000.0,1000000000.0,1000000000.0,0.0,44.44010852000247,6.605261339998378,0,0,0,50,0,0,0,0,0,0,,,,,,,,,,,,,,,,,,,,,,,,,,,,,,,,,,,,,,,,,,,,,,,,,,,,,,,,,,,,,,,,,,,,,,,,,,,,,,,,,,,,,,,,,,,,,,,,,,,,,,,,,,,,,,,,,,,,,,0,0,0,0,0,0,50,50,0,50,0,50,0,50,0,50,0,50,0,50,legacy_planted_id_v0_audited_equivalent_to_query_payload_v1
corrected_connected_rerun::prod_cora_connected_mf_mc_s20260607_q50_types_multi_fine_multi_coarse_sizes20_50_100_filterall_component_b20_per_query.csv,runs/lightning_connected_reruns/jigsaw-cora-mf-mc-connected-gcp-cpux8-v3/results/prod_cora_connected_mf_mc_s20260607_q50_types_multi_fine_multi_coarse_sizes20_50_100_filterall_component_b20_per_query.csv,cora,cora,20260607,cora,multi_coarse,50,all,filterall_component,type_feat32,50,50,50,0,50,0,0,0,0,50,0,0.05760136634000219,0.05232512949999091,0.09676885899995681,51.42,56.0,50.68,385.48520307968886,677.3911418265893,3.5,0.175,1.0,1000000000.0,1000000000.0,1000000000.0,0.0,47.01953614000786,10.581830199994329,0,0,0,50,0,0,0,0,0,0,,,,,,,,,,,,,,,,,,,,,,,,,,,,,,,,,,,,,,,,,,,,,,,,,,,,,,,,,,,,,,,,,,,,,,,,,,,,,,,,,,,,,,,,,,,,,,,,,,,,,,,,,,,,,,,,,,,,,,0,0,0,0,0,0,50,50,0,50,0,50,0,50,0,50,0,50,0,50,legacy_planted_id_v0_audited_equivalent_to_query_payload_v1
corrected_connected_rerun::prod_cora_connected_mf_mc_s20260607_q50_types_multi_fine_multi_coarse_sizes20_50_100_filterall_component_b20_per_query.csv,runs/lightning_connected_reruns/jigsaw-cora-mf-mc-connected-gcp-cpux8-v3/results/prod_cora_connected_mf_mc_s20260607_q50_types_multi_fine_multi_coarse_sizes20_50_100_filterall_component_b20_per_query.csv,cora,cora,20260607,cora,multi_coarse,100,all,filterall_component,type_feat32,50,50,50,0,50,0,0,0,0,50,0,0.0680890044600119,0.06290616349997435,0.11225595040004915,104.2,109.55,100.78,190.30220145968187,290.37439931900195,3.84,0.192,1.0,1000000000.0,1000000000.0,1000000000.0,0.0,49.64099780000879,18.448006660003102,0,0,0,50,0,0,0,0,0,0,,,,,,,,,,,,,,,,,,,,,,,,,,,,,,,,,,,,,,,,,,,,,,,,,,,,,,,,,,,,,,,,,,,,,,,,,,,,,,,,,,,,,,,,,,,,,,,,,,,,,,,,,,,,,,,,,,,,,,0,0,0,0,0,0,50,50,0,50,0,50,0,50,0,50,0,50,0,50,legacy_planted_id_v0_audited_equivalent_to_query_payload_v1
/workspace/jigsaw_pkg/runs/noid_negative_cora_v4/results/prod_cora_pv1_s20260607_neg_filterall_component_b20_per_query.csv,/workspace/jigsaw_pkg/runs/noid_negative_cora_v4/results/prod_cora_pv1_s20260607_neg_filterall_component_b20_per_query.csv,cora,cora,20260607,cora,negative_label,20,all,filterall_component,type_feat32,50,0,0,50,0,0,50,0,0,23,0,0.07176464377999991,0.07059722249999822,0.13610108049994663,9341.1,18899.65,0.0,493.62333615785576,1093.675534253747,2.9,0.14500000000000002,1.0,1000000000.0,1000000000.0,1000000000.0,0.0,71.76464377999991,0.0,0,0,0,0,0,0,0,0,0,0,query_payload_v1_negative_rerun_2026-08-01,50,0,,0,1,0,50,0,0.07176464378,0,0.07176464377999991,9341.1,,,,,,,,0,,,,,,,,,,,,,,,,,,,,,,,,,,,,,,,,,,,,,,,,,,,,,,,,,,,,,,,,,,,,,,,,,,,,,,,,,,,,,,,,,,,,,,,,,,,,,,,0.46,0,0,0,0,0,0,0,0,0,0,0,0,0,0,0,0,0,0,0,0,0,query_payload_v1
/workspace/jigsaw_pkg/runs/noid_negative_cora_v4/results/prod_cora_pv1_s20260607_neg_filterall_component_b20_per_query.csv,/workspace/jigsaw_pkg/runs/noid_negative_cora_v4/results/prod_cora_pv1_s20260607_neg_filterall_component_b20_per_query.csv,cora,cora,20260607,cora,negative_label,50,all,filterall_component,type_feat32,50,0,0,50,0,0,50,0,0,14,0,0.04686388234000333,0.011015144499992857,0.13949747094999337,5310.62,19003.35,0.0,278.159967502392,450.33627200433796,4.88,0.24400000000000005,1.0,1000000000.0,1000000000.0,1000000000.0,0.0,46.86388234000333,0.0,0,0,0,0,0,0,0,0,0,0,query_payload_v1_negative_rerun_2026-08-01,50,0,,0,1,0,50,0,0.04686388234,0,0.04686388234000333,5310.62,,,,,,,,0,,,,,,,,,,,,,,,,,,,,,,,,,,,,,,,,,,,,,,,,,,,,,,,,,,,,,,,,,,,,,,,,,,,,,,,,,,,,,,,,,,,,,,,,,,,,,,,0.28,0,0,0,0,0,0,0,0,0,0,0,0,0,0,0,0,0,0,0,0,0,query_payload_v1
/workspace/jigsaw_pkg/runs/noid_negative_cora_v4/results/prod_cora_pv1_s20260607_neg_filterall_component_b20_per_query.csv,/workspace/jigsaw_pkg/runs/noid_negative_cora_v4/results/prod_cora_pv1_s20260607_neg_filterall_component_b20_per_query.csv,cora,cora,20260607,cora,negative_label,100,all,filterall_component,type_feat32,50,0,0,50,0,0,50,0,0,7,0,0.02899155987999393,0.011619945000006737,0.13555605299995363,2711.38,18646.7,0.0,165.5244053700135,240.4364716990259,7.24,0.36200000000000004,1.0,1000000000.0,1000000000.0,1000000000.0,0.0,28.99155987999393,0.0,0,0,0,0,0,0,0,0,0,0,query_payload_v1_negative_rerun_2026-08-01,50,0,,0,1,0,50,0,0.02899155988,0,0.02899155987999393,2711.38,,,,,,,,0,,,,,,,,,,,,,,,,,,,,,,,,,,,,,,,,,,,,,,,,,,,,,,,,,,,,,,,,,,,,,,,,,,,,,,,,,,,,,,,,,,,,,,,,,,,,,,,0.14,0,0,0,0,0,0,0,0,0,0,0,0,0,0,0,0,0,0,0,0,0,query_payload_v1
/workspace/jigsaw_pkg/runs/noid_negative_cora_v4/results/prod_cora_pv1_s20260607_neg_filterall_component_b20_per_query.csv,/workspace/jigsaw_pkg/runs/noid_negative_cora_v4/results/prod_cora_pv1_s20260607_neg_filterall_component_b20_per_query.csv,cora,cora,20260607,cora,negative_structure,20,all,filterall_component,type_feat32,50,0,0,50,0,0,50,0,0,50,0,0.017831766300002983,0.0154600689999711,0.02430882245003545,20.62,22.549999999999997,19.86,981.953949579575,2078.9111901187216,2.9,0.14500000000000002,1.0,1000000000.0,1000000000.0,1000000000.0,0.0,11.697625719989446,6.134140580013536,0,0,0,0,0,0,0,0,0,0,query_payload_v1_negative_rerun_2026-08-01,50,0,,0,1,0,50,0.00613414058001,0.01169762572,0,0.017831766300002983,20.62,,,,,,,,0,,,,,,,,,,,,,,,,,,,,,,,,,,,,,,,,,,,,,,,,,,,,,,,,,,,,,,,,,,,,,,,,,,,,,,,,,,,,,,,,,,,,,,,,,,,,,,,1,0,0,0,0,0,0,0,0,0,0,0,0,0,0,0,0,0,0,0,0,0,query_payload_v1
/workspace/jigsaw_pkg/runs/noid_negative_cora_v4/results/prod_cora_pv1_s20260607_neg_filterall_component_b20_per_query.csv,/workspace/jigsaw_pkg/runs/noid_negative_cora_v4/results/prod_cora_pv1_s20260607_neg_filterall_component_b20_per_query.csv,cora,cora,20260607,cora,negative_structure,50,all,filterall_component,type_feat32,50,0,0,50,0,0,50,0,0,50,0,0.020339437740019548,0.018826089000015145,0.030163958550025426,51.36,54.0,50.26,385.76972319043233,618.1268390077821,4.86,0.24299999999999994,1.0,1000000000.0,1000000000.0,1000000000.0,0.0,12.19472678000784,8.144710960011707,0,0,0,0,0,0,0,0,0,0,query_payload_v1_negative_rerun_2026-08-01,50,0,,0,1,0,50,0.00814471096001,0.01219472678,0,0.020339437740019548,51.36,,,,,,,,0,,,,,,,,,,,,,,,,,,,,,,,,,,,,,,,,,,,,,,,,,,,,,,,,,,,,,,,,,,,,,,,,,,,,,,,,,,,,,,,,,,,,,,,,,,,,,,,1,0,0,0,0,0,0,0,0,0,0,0,0,0,0,0,0,0,0,0,0,0,query_payload_v1
/workspace/jigsaw_pkg/runs/noid_negative_cora_v4/results/prod_cora_pv1_s20260607_neg_filterall_component_b20_per_query.csv,/workspace/jigsaw_pkg/runs/noid_negative_cora_v4/results/prod_cora_pv1_s20260607_neg_filterall_component_b20_per_query.csv,cora,cora,20260607,cora,negative_structure,100,all,filterall_component,type_feat32,50,0,0,50,0,0,50,0,0,50,0,0.02477605904001166,0.022996304000002965,0.03799937289994659,103.0,107.55,100.62,192.3735613393594,255.2368582588202,6.76,0.338,1.0,1000000000.0,1000000000.0,1000000000.0,0.0,12.82461016000525,11.95144888000641,0,0,0,0,0,0,0,0,0,0,query_payload_v1_negative_rerun_2026-08-01,50,0,,0,1,0,50,0.01195144888,0.01282461016,0,0.02477605904001166,103.0,,,,,,,,0,,,,,,,,,,,,,,,,,,,,,,,,,,,,,,,,,,,,,,,,,,,,,,,,,,,,,,,,,,,,,,,,,,,,,,,,,,,,,,,,,,,,,,,,,,,,,,,1,0,0,0,0,0,0,0,0,0,0,0,0,0,0,0,0,0,0,0,0,0,query_payload_v1
runs\lightning_completion\jigsaw-cora-clean-full-gcp-cpux8-v3\summary.csv,C:\Users\Swastik\Desktop\Jigsaw\runs\lightning_completion\jigsaw-cora-clean-full-gcp-cpux8-v3\results\prod_cora_clean_s20260608_q50_types_all_sizes20_50_100_neural_component_b2_5_10_20_per_query.csv,cora,cora,20260608,cora_jigsaw,single,20,hybrid,neural_component,type_feat32,50,50,50,0,50,0,0,0,0,50,0,0.01734948578001422,0.016145843999993303,0.02529204839996737,20.46,23.64999999999999,20.3,971.4507220779221,1648.1620075293727,1.0,0.5,1.0,1.0,1.0,1.0,6.629826220018913,9.505631900015032,7.8438538799991875,50,0,0,0,0,0,0,0,0,0,,,,,,,,,,,,,,,,,,,,,,,,,,,,,,,,,,,,,,,,,,,,,,,,,,,,,,,,,,,,,,,,,,,,,,,,,,,,,,,,,,,,,,,,,,,,,,,,,,,,,,,,,,,,,,,,,,,,,,50,50,0,50,0,50,0,50,0,50,0,50,0,50,0,50,0,50,0,50,legacy_planted_id_v0_audited_equivalent_to_query_payload_v1
runs\lightning_completion\jigsaw-cora-clean-full-gcp-cpux8-v3\summary.csv,C:\Users\Swastik\Desktop\Jigsaw\runs\lightning_completion\jigsaw-cora-clean-full-gcp-cpux8-v3\results\prod_cora_clean_s20260608_q50_types_all_sizes20_50_100_neural_component_b2_5_10_20_per_query.csv,cora,cora,20260608,cora_jigsaw,single,50,hybrid,neural_component,type_feat32,50,50,50,0,50,0,0,0,0,50,0,0.020866043879991594,0.019924318499988658,0.02806915249988151,50.2,52.0,50.18,394.8104704968522,563.1982447813226,1.0,0.5,1.0,1.0,1.0,1.509999999999998,6.044702959975439,10.172012739985803,10.69403114000579,50,0,0,0,0,0,0,0,0,0,,,,,,,,,,,,,,,,,,,,,,,,,,,,,,,,,,,,,,,,,,,,,,,,,,,,,,,,,,,,,,,,,,,,,,,,,,,,,,,,,,,,,,,,,,,,,,,,,,,,,,,,,,,,,,,,,,,,,,50,50,0,50,0,50,0,50,0,50,0,50,0,50,0,50,0,50,0,50,legacy_planted_id_v0_audited_equivalent_to_query_payload_v1
runs\lightning_completion\jigsaw-cora-clean-full-gcp-cpux8-v3\summary.csv,C:\Users\Swastik\Desktop\Jigsaw\runs\lightning_completion\jigsaw-cora-clean-full-gcp-cpux8-v3\results\prod_cora_clean_s20260608_q50_types_all_sizes20_50_100_neural_component_b2_5_10_20_per_query.csv,cora,cora,20260608,cora_jigsaw,single,100,hybrid,neural_component,type_feat32,50,50,50,0,50,0,0,0,0,50,0,0.033395900459981934,0.031358953499989184,0.04875834950013312,101.12,104.55,100.56,195.80221217371772,250.08559023307185,1.0,0.5,1.0,1.0,1.0,1.0,9.011965079980655,14.02379703999486,19.37210341998707,50,0,0,0,0,0,0,0,0,0,,,,,,,,,,,,,,,,,,,,,,,,,,,,,,,,,,,,,,,,,,,,,,,,,,,,,,,,,,,,,,,,,,,,,,,,,,,,,,,,,,,,,,,,,,,,,,,,,,,,,,,,,,,,,,,,,,,,,,50,50,0,50,0,50,0,50,0,50,0,50,0,50,0,50,0,50,0,50,legacy_planted_id_v0_audited_equivalent_to_query_payload_v1
corrected_connected_rerun::prod_cora_connected_mf_mc_s20260608_q50_types_multi_fine_multi_coarse_sizes20_50_100_neural_component_b2_5_10_20_per_query.csv,runs/lightning_connected_reruns/jigsaw-cora-mf-mc-connected-gcp-cpux8-v3/results/prod_cora_connected_mf_mc_s20260608_q50_types_multi_fine_multi_coarse_sizes20_50_100_neural_component_b2_5_10_20_per_query.csv,cora,cora,20260608,cora_jigsaw,multi_fine,20,hybrid,neural_component,type_feat32,50,50,50,0,50,0,0,0,0,50,0,0.015599607399983596,0.01467673799993463,0.021251987049976148,20.44,23.0,20.26,970.4918065499718,2019.3892833949992,1.0,0.5,1.0,1.0,1.0,1.0,5.554011039998841,8.958500419992106,6.641106979991491,50,0,0,0,0,0,0,0,0,0,,,,,,,,,,,,,,,,,,,,,,,,,,,,,,,,,,,,,,,,,,,,,,,,,,,,,,,,,,,,,,,,,,,,,,,,,,,,,,,,,,,,,,,,,,,,,,,,,,,,,,,,,,,,,,,,,,,,,,50,50,0,50,0,50,0,50,0,50,0,50,0,50,0,50,0,50,0,50,legacy_planted_id_v0_audited_equivalent_to_query_payload_v1
corrected_connected_rerun::prod_cora_connected_mf_mc_s20260608_q50_types_multi_fine_multi_coarse_sizes20_50_100_neural_component_b2_5_10_20_per_query.csv,runs/lightning_connected_reruns/jigsaw-cora-mf-mc-connected-gcp-cpux8-v3/results/prod_cora_connected_mf_mc_s20260608_q50_types_multi_fine_multi_coarse_sizes20_50_100_neural_component_b2_5_10_20_per_query.csv,cora,cora,20260608,cora_jigsaw,multi_fine,50,hybrid,neural_component,type_feat32,50,50,50,0,50,0,0,0,0,50,0,0.02386385455999516,0.02175949749994288,0.03432005550004078,50.78,54.0,50.48,390.0705090462533,616.6266106008688,1.0,0.5,1.0,1.0,1.0,1.0,6.374419059995944,11.85965113999373,12.004203420001431,50,0,0,0,0,0,0,0,0,0,,,,,,,,,,,,,,,,,,,,,,,,,,,,,,,,,,,,,,,,,,,,,,,,,,,,,,,,,,,,,,,,,,,,,,,,,,,,,,,,,,,,,,,,,,,,,,,,,,,,,,,,,,,,,,,,,,,,,,50,50,0,50,0,50,0,50,0,50,0,50,0,50,0,50,0,50,0,50,legacy_planted_id_v0_audited_equivalent_to_query_payload_v1
corrected_connected_rerun::prod_cora_connected_mf_mc_s20260608_q50_types_multi_fine_multi_coarse_sizes20_50_100_neural_component_b2_5_10_20_per_query.csv,runs/lightning_connected_reruns/jigsaw-cora-mf-mc-connected-gcp-cpux8-v3/results/prod_cora_connected_mf_mc_s20260608_q50_types_multi_fine_multi_coarse_sizes20_50_100_neural_component_b2_5_10_20_per_query.csv,cora,cora,20260608,cora_jigsaw,multi_fine,100,hybrid,neural_component,type_feat32,50,50,50,0,50,0,0,0,0,50,0,0.03316537210001343,0.03066904200005638,0.05284144395000111,100.98,103.0,100.58,196.04959462649848,252.57535889620445,1.0,0.5,1.0,1.0,1.0,1.0,7.561249579975993,14.170449660016402,18.994922439997026,50,0,0,0,0,0,0,0,0,0,,,,,,,,,,,,,,,,,,,,,,,,,,,,,,,,,,,,,,,,,,,,,,,,,,,,,,,,,,,,,,,,,,,,,,,,,,,,,,,,,,,,,,,,,,,,,,,,,,,,,,,,,,,,,,,,,,,,,,50,50,0,50,0,50,0,50,0,50,0,50,0,50,0,50,0,50,0,50,legacy_planted_id_v0_audited_equivalent_to_query_payload_v1
runs\lightning_completion\jigsaw-cora-clean-full-gcp-cpux8-v3\summary.csv,C:\Users\Swastik\Desktop\Jigsaw\runs\lightning_completion\jigsaw-cora-clean-full-gcp-cpux8-v3\results\prod_cora_clean_s20260608_q50_types_all_sizes20_50_100_neural_component_b2_5_10_20_per_query.csv,cora,cora,20260608,cora_jigsaw,k_hop,20,hybrid,neural_component,type_feat32,50,50,50,0,50,0,0,0,0,50,0,0.022102788140000485,0.015000294999936159,0.06917895995002249,395.28,2722.1999999999994,20.1,980.6941849949567,1701.8293574485426,2.74,0.8758620689655172,0.7626436781609196,3.0,13.0,14.019999999999996,5.265684603418306,13.198132655181075,5.855995051715895,42,8,0,0,0,0,0,0,0,0,,,,,,,,,,,,,,,,,,,,,,,,,,,,,,,,,,,,,,,,,,,,,,,,,,,,,,,,,,,,,,,,,,,,,,,,,,,,,,,,,,,,,,,,,,,,,,,,,,,,,,,,,,,,,,,,,,,,,,42,42,8,50,0,50,0,50,0,50,0,50,0,50,0,50,0,50,0,50,legacy_planted_id_v0_audited_equivalent_to_query_payload_v1
runs\lightning_completion\jigsaw-cora-clean-full-gcp-cpux8-v3\summary.csv,C:\Users\Swastik\Desktop\Jigsaw\runs\lightning_completion\jigsaw-cora-clean-full-gcp-cpux8-v3\results\prod_cora_clean_s20260608_q50_types_all_sizes20_50_100_neural_component_b2_5_10_20_per_query.csv,cora,cora,20260608,cora_jigsaw,k_hop,50,hybrid,neural_component,type_feat32,50,50,50,0,50,0,0,0,0,50,0,0.040612529060003906,0.02149479899992457,0.10308114804996646,1089.3,2994.6499999999996,49.96,395.8652965538819,483.98898731548377,4.72,0.8891304347826087,0.5556130664826318,7.0,19.0,20.0,6.69018192754753,21.138828507251883,8.290540376808918,35,12,2,1,0,0,0,0,0,0,,,,,,,,,,,,,,,,,,,,,,,,,,,,,,,,,,,,,,,,,,,,,,,,,,,,,,,,,,,,,,,,,,,,,,,,,,,,,,,,,,,,,,,,,,,,,,,,,,,,,,,,,,,,,,,,,,,,,,35,35,12,47,2,49,1,50,0,50,0,50,0,50,0,50,0,50,0,50,legacy_planted_id_v0_audited_equivalent_to_query_payload_v1
runs\lightning_completion\jigsaw-cora-clean-full-gcp-cpux8-v3\summary.csv,C:\Users\Swastik\Desktop\Jigsaw\runs\lightning_completion\jigsaw-cora-clean-full-gcp-cpux8-v3\results\prod_cora_clean_s20260608_q50_types_all_sizes20_50_100_neural_component_b2_5_10_20_per_query.csv,cora,cora,20260608,cora_jigsaw,k_hop,100,hybrid,neural_component,type_feat32,50,50,50,0,50,0,0,0,0,50,0,0.06923435670001708,0.05352132149994304,0.17063240339996344,2122.02,6838.7,100.46,195.93199751626327,162.95706609137906,6.74,0.9098837209302325,0.4774505855901205,12.0,19.0,20.0,8.365830523250098,29.4226180116269,10.829914953499314,25,15,9,1,0,0,0,0,0,0,,,,,,,,,,,,,,,,,,,,,,,,,,,,,,,,,,,,,,,,,,,,,,,,,,,,,,,,,,,,,,,,,,,,,,,,,,,,,,,,,,,,,,,,,,,,,,,,,,,,,,,,,,,,,,,,,,,,,,25,25,15,40,9,49,1,50,0,50,0,50,0,50,0,50,0,50,0,50,legacy_planted_id_v0_audited_equivalent_to_query_payload_v1
runs\lightning_completion\jigsaw-cora-clean-full-gcp-cpux8-v3\summary.csv,C:\Users\Swastik\Desktop\Jigsaw\runs\lightning_completion\jigsaw-cora-clean-full-gcp-cpux8-v3\results\prod_cora_clean_s20260608_q50_types_all_sizes20_50_100_neural_component_b2_5_10_20_per_query.csv,cora,cora,20260608,cora_jigsaw,degree_k_hop,20,hybrid,neural_component,type_feat32,50,50,50,0,50,0,0,0,0,50,0,0.023033932540001842,0.014224609500047336,0.06451674650007813,504.6,3093.6499999999996,19.96,999.3480791250097,1747.384558092597,3.12,0.8457627118644068,0.6840193704600483,4.0,9.0,16.079999999999984,5.024194813570876,13.924782593221607,5.595499220339276,42,7,1,0,0,0,0,0,0,0,,,,,,,,,,,,,,,,,,,,,,,,,,,,,,,,,,,,,,,,,,,,,,,,,,,,,,,,,,,,,,,,,,,,,,,,,,,,,,,,,,,,,,,,,,,,,,,,,,,,,,,,,,,,,,,,,,,,,,42,42,7,49,1,50,0,50,0,50,0,50,0,50,0,50,0,50,0,50,legacy_planted_id_v0_audited_equivalent_to_query_payload_v1
runs\lightning_completion\jigsaw-cora-clean-full-gcp-cpux8-v3\summary.csv,C:\Users\Swastik\Desktop\Jigsaw\runs\lightning_completion\jigsaw-cora-clean-full-gcp-cpux8-v3\results\prod_cora_clean_s20260608_q50_types_all_sizes20_50_100_neural_component_b2_5_10_20_per_query.csv,cora,cora,20260608,cora_jigsaw,degree_k_hop,50,hybrid,neural_component,type_feat32,50,50,50,0,50,0,0,0,0,50,0,0.031070780380009638,0.021233089499901325,0.06342629905009288,524.52,3015.2,49.94,394.15012879073396,494.9549732308758,4.12,0.94,0.5932738095238095,5.0,14.199999999999989,19.0,6.820798649990441,16.22019821666451,9.672118766676855,41,8,1,0,0,0,0,0,0,0,,,,,,,,,,,,,,,,,,,,,,,,,,,,,,,,,,,,,,,,,,,,,,,,,,,,,,,,,,,,,,,,,,,,,,,,,,,,,,,,,,,,,,,,,,,,,,,,,,,,,,,,,,,,,,,,,,,,,,41,41,8,49,1,50,0,50,0,50,0,50,0,50,0,50,0,50,0,50,legacy_planted_id_v0_audited_equivalent_to_query_payload_v1
runs\lightning_completion\jigsaw-cora-clean-full-gcp-cpux8-v3\summary.csv,C:\Users\Swastik\Desktop\Jigsaw\runs\lightning_completion\jigsaw-cora-clean-full-gcp-cpux8-v3\results\prod_cora_clean_s20260608_q50_types_all_sizes20_50_100_neural_component_b2_5_10_20_per_query.csv,cora,cora,20260608,cora_jigsaw,degree_k_hop,100,hybrid,neural_component,type_feat32,50,50,50,0,50,0,0,0,0,50,0,0.07531196352003007,0.03662285799998699,0.21326093450006728,2171.28,6871.1,100.62,195.37742015687184,163.66344497554843,6.78,0.875,0.4745744785517513,12.5,18.0,19.509999999999998,8.769822681805614,31.974082272742262,10.81680609091119,27,11,9,3,0,0,0,0,0,0,,,,,,,,,,,,,,,,,,,,,,,,,,,,,,,,,,,,,,,,,,,,,,,,,,,,,,,,,,,,,,,,,,,,,,,,,,,,,,,,,,,,,,,,,,,,,,,,,,,,,,,,,,,,,,,,,,,,,,27,27,11,38,9,47,3,50,0,50,0,50,0,50,0,50,0,50,0,50,legacy_planted_id_v0_audited_equivalent_to_query_payload_v1
runs\lightning_completion\jigsaw-cora-clean-full-gcp-cpux8-v3\summary.csv,C:\Users\Swastik\Desktop\Jigsaw\runs\lightning_completion\jigsaw-cora-clean-full-gcp-cpux8-v3\results\prod_cora_clean_s20260608_q50_types_all_sizes20_50_100_neural_component_b2_5_10_20_per_query.csv,cora,cora,20260608,cora_jigsaw,random_walk,20,hybrid,neural_component,type_feat32,50,50,50,0,50,0,0,0,0,50,0,0.03899284352002269,0.035179263000031824,0.07928216099996915,1335.56,3002.7,20.82,958.9076250277902,1541.4806341235553,3.18,0.8278481012658229,0.7432489451476794,3.0,16.64999999999999,20.0,5.447709050632868,20.074856075955758,4.604158810134552,24,23,3,0,0,0,0,0,0,0,,,,,,,,,,,,,,,,,,,,,,,,,,,,,,,,,,,,,,,,,,,,,,,,,,,,,,,,,,,,,,,,,,,,,,,,,,,,,,,,,,,,,,,,,,,,,,,,,,,,,,,,,,,,,,,,,,,,,,24,24,23,47,3,50,0,50,0,50,0,50,0,50,0,50,0,50,0,50,legacy_planted_id_v0_audited_equivalent_to_query_payload_v1
runs\lightning_completion\jigsaw-cora-clean-full-gcp-cpux8-v3\summary.csv,C:\Users\Swastik\Desktop\Jigsaw\runs\lightning_completion\jigsaw-cora-clean-full-gcp-cpux8-v3\results\prod_cora_clean_s20260608_q50_types_all_sizes20_50_100_neural_component_b2_5_10_20_per_query.csv,cora,cora,20260608,cora_jigsaw,random_walk,50,hybrid,neural_component,type_feat32,50,50,50,0,50,0,0,0,0,50,0,0.09094799352000336,0.06362880600011067,0.17203952900000555,3484.94,6891.45,51.26,383.8387017421638,410.0300108687882,5.4,0.794672131147541,0.6190378610460577,10.0,20.0,20.0,6.9912380245989985,32.584888557367464,4.68887927869949,3,28,13,6,0,0,0,0,0,0,,,,,,,,,,,,,,,,,,,,,,,,,,,,,,,,,,,,,,,,,,,,,,,,,,,,,,,,,,,,,,,,,,,,,,,,,,,,,,,,,,,,,,,,,,,,,,,,,,,,,,,,,,,,,,,,,,,,,,3,3,28,31,13,44,6,50,0,50,0,50,0,50,0,50,0,50,0,50,legacy_planted_id_v0_audited_equivalent_to_query_payload_v1
runs\lightning_completion\jigsaw-cora-clean-full-gcp-cpux8-v3\summary.csv,C:\Users\Swastik\Desktop\Jigsaw\runs\lightning_completion\jigsaw-cora-clean-full-gcp-cpux8-v3\results\prod_cora_clean_s20260608_q50_types_all_sizes20_50_100_neural_component_b2_5_10_20_per_query.csv,cora,cora,20260608,cora_jigsaw,random_walk,100,hybrid,neural_component,type_feat32,50,50,50,0,50,0,0,0,0,50,0,0.18226697232004427,0.18284280149987353,0.27336194989992463,6838.56,11725.45,103.04,192.1566008797591,158.6379369787396,8.76,0.7831428571428573,0.5791401455687171,17.0,20.0,20.0,8.415564257123021,46.96776792001141,5.1085098857155185,1,2,18,29,0,0,0,0,0,0,,,,,,,,,,,,,,,,,,,,,,,,,,,,,,,,,,,,,,,,,,,,,,,,,,,,,,,,,,,,,,,,,,,,,,,,,,,,,,,,,,,,,,,,,,,,,,,,,,,,,,,,,,,,,,,,,,,,,,1,1,2,3,18,21,29,50,0,50,0,50,0,50,0,50,0,50,0,50,legacy_planted_id_v0_audited_equivalent_to_query_payload_v1
corrected_connected_rerun::prod_cora_connected_mf_mc_s20260608_q50_types_multi_fine_multi_coarse_sizes20_50_100_neural_component_b2_5_10_20_per_query.csv,runs/lightning_connected_reruns/jigsaw-cora-mf-mc-connected-gcp-cpux8-v3/results/prod_cora_connected_mf_mc_s20260608_q50_types_multi_fine_multi_coarse_sizes20_50_100_neural_component_b2_5_10_20_per_query.csv,cora,cora,20260608,cora_jigsaw,multi_coarse,20,hybrid,neural_component,type_feat32,50,50,50,0,50,0,0,0,0,50,0,0.04502399857997488,0.046257055499950184,0.09536382494998745,1960.52,3205.8999999999996,20.22,977.3567013630916,1398.1407351463374,3.08,0.8625,0.8303030303030302,3.0,5.0,7.529999999999994,5.846863511362957,21.51207689771633,4.0697404772693995,14,34,2,0,0,0,0,0,0,0,,,,,,,,,,,,,,,,,,,,,,,,,,,,,,,,,,,,,,,,,,,,,,,,,,,,,,,,,,,,,,,,,,,,,,,,,,,,,,,,,,,,,,,,,,,,,,,,,,,,,,,,,,,,,,,,,,,,,,14,14,34,48,2,50,0,50,0,50,0,50,0,50,0,50,0,50,0,50,legacy_planted_id_v0_audited_equivalent_to_query_payload_v1
corrected_connected_rerun::prod_cora_connected_mf_mc_s20260608_q50_types_multi_fine_multi_coarse_sizes20_50_100_neural_component_b2_5_10_20_per_query.csv,runs/lightning_connected_reruns/jigsaw-cora-mf-mc-connected-gcp-cpux8-v3/results/prod_cora_connected_mf_mc_s20260608_q50_types_multi_fine_multi_coarse_sizes20_50_100_neural_component_b2_5_10_20_per_query.csv,cora,cora,20260608,cora_jigsaw,multi_coarse,50,hybrid,neural_component,type_feat32,50,50,50,0,50,0,0,0,0,50,0,0.06556760076000728,0.05746006400011083,0.13007336600007874,3065.18,6867.25,50.58,388.6801088650604,351.7783986360335,3.56,0.8333333333333334,0.7867647058823529,4.0,7.0,9.019999999999996,5.811058794124308,26.916184382355144,5.224796382354306,6,36,8,0,0,0,0,0,0,0,,,,,,,,,,,,,,,,,,,,,,,,,,,,,,,,,,,,,,,,,,,,,,,,,,,,,,,,,,,,,,,,,,,,,,,,,,,,,,,,,,,,,,,,,,,,,,,,,,,,,,,,,,,,,,,,,,,,,,6,6,36,42,8,50,0,50,0,50,0,50,0,50,0,50,0,50,0,50,legacy_planted_id_v0_audited_equivalent_to_query_payload_v1
corrected_connected_rerun::prod_cora_connected_mf_mc_s20260608_q50_types_multi_fine_multi_coarse_sizes20_50_100_neural_component_b2_5_10_20_per_query.csv,runs/lightning_connected_reruns/jigsaw-cora-mf-mc-connected-gcp-cpux8-v3/results/prod_cora_connected_mf_mc_s20260608_q50_types_multi_fine_multi_coarse_sizes20_50_100_neural_component_b2_5_10_20_per_query.csv,cora,cora,20260608,cora_jigsaw,multi_coarse,100,hybrid,neural_component,type_feat32,50,50,50,0,50,0,0,0,0,50,0,0.09602028280000469,0.07285410250000268,0.19503796420007108,3933.08,6911.75,100.68,194.03510431405735,132.5157871756592,3.86,0.8048672566371682,0.7700589970501475,4.5,10.0,11.019999999999996,7.6161031593033615,34.771340946903834,7.715509849558416,5,28,16,1,0,0,0,0,0,0,,,,,,,,,,,,,,,,,,,,,,,,,,,,,,,,,,,,,,,,,,,,,,,,,,,,,,,,,,,,,,,,,,,,,,,,,,,,,,,,,,,,,,,,,,,,,,,,,,,,,,,,,,,,,,,,,,,,,,5,5,28,33,16,49,1,50,0,50,0,50,0,50,0,50,0,50,0,50,legacy_planted_id_v0_audited_equivalent_to_query_payload_v1
/workspace/jigsaw_pkg/runs/noid_negative_cora_v4/results/prod_cora_pv1_s20260608_neg_neural_component_b2_5_10_20_per_query.csv,/workspace/jigsaw_pkg/runs/noid_negative_cora_v4/results/prod_cora_pv1_s20260608_neg_neural_component_b2_5_10_20_per_query.csv,cora,cora,20260608,cora_overlap_best,negative_label,20,hybrid,neural_component,type_feat32,50,0,0,50,0,0,50,0,0,35,0,0.2137330948599879,0.2808364870000446,0.31348991989999603,13259.9,18904.3,0.0,367.8401569537054,539.2345741768656,2.72,0.384,0.8633333333333334,5.0,15.099999999999994,17.509999999999998,5.956081579993224,53.43327371499698,0.0,0,0,0,0,0,0,0,0,0,0,query_payload_v1_negative_rerun_2026-08-01,50,0,,0,1,0,50,0,0.053433273715,0.00595608157999,0.2137330948599879,13259.9,,,,,,,,0,,,,,,,,,,,,,,,,,,,,,,,,,,,,,,,,,,,,,,,,,,,,,,,,,,,,,,,,,,,,,,,,,,,,,,,,,,,,,,,,,,,,,,,,,,,,,,,0.7,0,0,0,0,0,0,0,0,0,0,0,0,0,0,0,0,0,0,0,0,0,query_payload_v1
/workspace/jigsaw_pkg/runs/noid_negative_cora_v4/results/prod_cora_pv1_s20260608_neg_neural_component_b2_5_10_20_per_query.csv,/workspace/jigsaw_pkg/runs/noid_negative_cora_v4/results/prod_cora_pv1_s20260608_neg_neural_component_b2_5_10_20_per_query.csv,cora,cora,20260608,cora_overlap_best,negative_label,50,hybrid,neural_component,type_feat32,50,0,0,50,0,0,50,0,0,30,0,0.14936343473997796,0.09550558299986278,0.3065189249498587,8803.42,19047.2,0.0,289.2040382266392,303.58113100084967,4.82,0.5552499999999999,0.7675898268398269,9.0,16.549999999999997,18.509999999999998,8.491750720002074,37.34085868499449,0.0,0,0,0,0,0,0,0,0,0,0,query_payload_v1_negative_rerun_2026-08-01,50,0,,0,1,0,50,0,0.037340858685,0.00849175072,0.14936343473997796,8803.42,,,,,,,,0,,,,,,,,,,,,,,,,,,,,,,,,,,,,,,,,,,,,,,,,,,,,,,,,,,,,,,,,,,,,,,,,,,,,,,,,,,,,,,,,,,,,,,,,,,,,,,,0.6,0,0,0,0,0,0,0,0,0,0,0,0,0,0,0,0,0,0,0,0,0,query_payload_v1
/workspace/jigsaw_pkg/runs/noid_negative_cora_v4/results/prod_cora_pv1_s20260608_neg_neural_component_b2_5_10_20_per_query.csv,/workspace/jigsaw_pkg/runs/noid_negative_cora_v4/results/prod_cora_pv1_s20260608_neg_neural_component_b2_5_10_20_per_query.csv,cora,cora,20260608,cora_overlap_best,negative_label,100,hybrid,neural_component,type_feat32,50,0,0,50,0,0,50,0,0,26,0,0.11096474257998125,0.08457571850004797,0.2944999549999693,6180.26,18810.55,0.0,178.2842936983674,144.46063921884567,6.56,0.6474999999999995,0.6984732350982348,11.0,19.549999999999997,20.0,12.234670120003557,27.741185644995312,0.0,0,0,0,0,0,0,0,0,0,0,query_payload_v1_negative_rerun_2026-08-01,50,0,,0,1,0,50,0,0.027741185645,0.01223467012,0.11096474257998125,6180.26,,,,,,,,0,,,,,,,,,,,,,,,,,,,,,,,,,,,,,,,,,,,,,,,,,,,,,,,,,,,,,,,,,,,,,,,,,,,,,,,,,,,,,,,,,,,,,,,,,,,,,,,0.52,0,0,0,0,0,0,0,0,0,0,0,0,0,0,0,0,0,0,0,0,0,query_payload_v1
/workspace/jigsaw_pkg/runs/noid_negative_cora_v4/results/prod_cora_pv1_s20260608_neg_neural_component_b2_5_10_20_per_query.csv,/workspace/jigsaw_pkg/runs/noid_negative_cora_v4/results/prod_cora_pv1_s20260608_neg_neural_component_b2_5_10_20_per_query.csv,cora,cora,20260608,cora_overlap_best,negative_structure,20,hybrid,neural_component,type_feat32,50,0,0,50,0,0,50,0,0,50,0,0.059222618080020765,0.04980067950003786,0.10116992049993313,954.62,5916.85,20.22,976.559181216572,1734.963574376235,3.16,0.39800000000000024,0.7969999999999999,7.5,17.0,19.509999999999998,6.245745260007425,9.517757885001856,5.287896635003335,0,0,0,0,0,0,0,0,0,0,query_payload_v1_negative_rerun_2026-08-01,50,0,,0,1,0,50,0.005287896635,0.009517757885,0.00624574526001,0.059222618080020765,954.62,,,,,,,,0,,,,,,,,,,,,,,,,,,,,,,,,,,,,,,,,,,,,,,,,,,,,,,,,,,,,,,,,,,,,,,,,,,,,,,,,,,,,,,,,,,,,,,,,,,,,,,,1,0,0,0,0,0,0,0,0,0,0,0,0,0,0,0,0,0,0,0,0,0,query_payload_v1
/workspace/jigsaw_pkg/runs/noid_negative_cora_v4/results/prod_cora_pv1_s20260608_neg_neural_component_b2_5_10_20_per_query.csv,/workspace/jigsaw_pkg/runs/noid_negative_cora_v4/results/prod_cora_pv1_s20260608_neg_neural_component_b2_5_10_20_per_query.csv,cora,cora,20260608,cora_overlap_best,negative_structure,50,hybrid,neural_component,type_feat32,50,0,0,50,0,0,50,0,0,50,0,0.07281249914000228,0.060721957499993096,0.11357853495002815,1421.78,6009.199999999999,49.88,395.1956344949327,570.4903379237671,4.98,0.5532499999999998,0.7467619047619048,10.5,18.549999999999997,20.0,8.397535620003964,11.528423894998241,6.6747008900023275,0,0,0,0,0,0,0,0,0,0,query_payload_v1_negative_rerun_2026-08-01,50,0,,0,1,0,50,0.00667470089,0.011528423895,0.00839753562,0.07281249914000228,1421.78,,,,,,,,0,,,,,,,,,,,,,,,,,,,,,,,,,,,,,,,,,,,,,,,,,,,,,,,,,,,,,,,,,,,,,,,,,,,,,,,,,,,,,,,,,,,,,,,,,,,,,,,1,0,0,0,0,0,0,0,0,0,0,0,0,0,0,0,0,0,0,0,0,0,query_payload_v1
/workspace/jigsaw_pkg/runs/noid_negative_cora_v4/results/prod_cora_pv1_s20260608_neg_neural_component_b2_5_10_20_per_query.csv,/workspace/jigsaw_pkg/runs/noid_negative_cora_v4/results/prod_cora_pv1_s20260608_neg_neural_component_b2_5_10_20_per_query.csv,cora,cora,20260608,cora_overlap_best,negative_structure,100,hybrid,neural_component,type_feat32,50,0,0,50,0,0,50,0,0,50,0,0.09618846626000505,0.08837553300008949,0.14678297535009505,1699.4,6469.699999999999,100.8,195.44856991204426,209.8689494973948,6.84,0.6729999999999996,0.6924618020868023,12.0,19.0,20.0,12.630514260008567,13.781713230005153,10.265403334996108,0,0,0,0,0,0,0,0,0,0,query_payload_v1_negative_rerun_2026-08-01,50,0,,0,1,0,50,0.010265403335,0.01378171323,0.01263051426,0.09618846626000505,1699.4,,,,,,,,0,,,,,,,,,,,,,,,,,,,,,,,,,,,,,,,,,,,,,,,,,,,,,,,,,,,,,,,,,,,,,,,,,,,,,,,,,,,,,,,,,,,,,,,,,,,,,,,1,0,0,0,0,0,0,0,0,0,0,0,0,0,0,0,0,0,0,0,0,0,query_payload_v1
runs\lightning_completion\jigsaw-cora-clean-full-gcp-cpux8-v3\summary.csv,C:\Users\Swastik\Desktop\Jigsaw\runs\lightning_completion\jigsaw-cora-clean-full-gcp-cpux8-v3\results\prod_cora_clean_s20260608_q50_types_all_sizes20_50_100_mean_feature_component_b2_5_10_20_per_query.csv,cora,cora,20260608,cora,single,20,mean_feature,mean_feature_component,type_feat32,50,50,50,0,50,0,0,0,0,50,0,0.01972164653989239,0.014766553999834287,0.029501277450140084,232.88,1214.349999999994,20.3,968.3476436896437,1526.7986485606277,1.0,0.4444444444444444,0.9259259259259259,1.0,2.549999999999997,6.039999999999992,0.30544396295058335,11.955567722183062,6.305216111050632,47,2,1,0,0,0,0,0,0,0,,,,,,,,,,,,,,,,,,,,,,,,,,,,,,,,,,,,,,,,,,,,,,,,,,,,,,,,,,,,,,,,,,,,,,,,,,,,,,,,,,,,,,,,,,,,,,,,,,,,,,,,,,,,,,,,,,,,,,47,47,2,49,1,50,0,50,0,50,0,50,0,50,0,50,0,50,0,50,legacy_planted_id_v0_audited_equivalent_to_query_payload_v1
runs\lightning_completion\jigsaw-cora-clean-full-gcp-cpux8-v3\summary.csv,C:\Users\Swastik\Desktop\Jigsaw\runs\lightning_completion\jigsaw-cora-clean-full-gcp-cpux8-v3\results\prod_cora_clean_s20260608_q50_types_all_sizes20_50_100_mean_feature_component_b2_5_10_20_per_query.csv,cora,cora,20260608,cora,single,50,mean_feature,mean_feature_component,type_feat32,50,50,50,0,50,0,0,0,0,50,0,0.025366855460042644,0.021375368500002878,0.03835593049996077,152.56,54.0,50.18,393.9766624497476,541.9220989614886,1.0,0.46923076923076923,0.9615384615384616,1.0,1.5499999999999972,3.509999999999998,0.37631686539568293,12.297390730780604,12.093816442337321,48,2,0,0,0,0,0,0,0,0,,,,,,,,,,,,,,,,,,,,,,,,,,,,,,,,,,,,,,,,,,,,,,,,,,,,,,,,,,,,,,,,,,,,,,,,,,,,,,,,,,,,,,,,,,,,,,,,,,,,,,,,,,,,,,,,,,,,,,48,48,2,50,0,50,0,50,0,50,0,50,0,50,0,50,0,50,0,50,legacy_planted_id_v0_audited_equivalent_to_query_payload_v1
runs\lightning_completion\jigsaw-cora-clean-full-gcp-cpux8-v3\summary.csv,C:\Users\Swastik\Desktop\Jigsaw\runs\lightning_completion\jigsaw-cora-clean-full-gcp-cpux8-v3\results\prod_cora_clean_s20260608_q50_types_all_sizes20_50_100_mean_feature_component_b2_5_10_20_per_query.csv,cora,cora,20260608,cora,single,100,mean_feature,mean_feature_component,type_feat32,50,50,50,0,50,0,0,0,0,50,0,0.032699252819966204,0.02989385849991777,0.04999787090005155,202.98,107.0,100.56,195.86850691086187,240.8777481301906,1.0,0.46923076923076923,0.9615384615384616,1.0,1.0,3.509999999999998,0.4292414615485121,13.950192615372824,17.491396634594683,48,2,0,0,0,0,0,0,0,0,,,,,,,,,,,,,,,,,,,,,,,,,,,,,,,,,,,,,,,,,,,,,,,,,,,,,,,,,,,,,,,,,,,,,,,,,,,,,,,,,,,,,,,,,,,,,,,,,,,,,,,,,,,,,,,,,,,,,,48,48,2,50,0,50,0,50,0,50,0,50,0,50,0,50,0,50,0,50,legacy_planted_id_v0_audited_equivalent_to_query_payload_v1
corrected_connected_rerun::prod_cora_connected_mf_mc_s20260608_q50_types_multi_fine_multi_coarse_sizes20_50_100_mean_feature_component_b2_5_10_20_per_query.csv,runs/lightning_connected_reruns/jigsaw-cora-mf-mc-connected-gcp-cpux8-v3/results/prod_cora_connected_mf_mc_s20260608_q50_types_multi_fine_multi_coarse_sizes20_50_100_mean_feature_component_b2_5_10_20_per_query.csv,cora,cora,20260608,cora,multi_fine,20,mean_feature,mean_feature_component,type_feat32,50,50,50,0,50,0,0,0,0,50,0,0.016935666459999082,0.015388924499916357,0.02320726605005348,20.44,22.549999999999997,20.26,969.9091554677207,2019.3892833949992,1.0,0.5,1.0,1.0,1.0,2.0,0.2306378200069048,9.918954359993677,7.016712100005407,50,0,0,0,0,0,0,0,0,0,,,,,,,,,,,,,,,,,,,,,,,,,,,,,,,,,,,,,,,,,,,,,,,,,,,,,,,,,,,,,,,,,,,,,,,,,,,,,,,,,,,,,,,,,,,,,,,,,,,,,,,,,,,,,,,,,,,,,,50,50,0,50,0,50,0,50,0,50,0,50,0,50,0,50,0,50,0,50,legacy_planted_id_v0_audited_equivalent_to_query_payload_v1
corrected_connected_rerun::prod_cora_connected_mf_mc_s20260608_q50_types_multi_fine_multi_coarse_sizes20_50_100_mean_feature_component_b2_5_10_20_per_query.csv,runs/lightning_connected_reruns/jigsaw-cora-mf-mc-connected-gcp-cpux8-v3/results/prod_cora_connected_mf_mc_s20260608_q50_types_multi_fine_multi_coarse_sizes20_50_100_mean_feature_component_b2_5_10_20_per_query.csv,cora,cora,20260608,cora,multi_fine,50,mean_feature,mean_feature_component,type_feat32,50,50,50,0,50,0,0,0,0,50,0,0.027902411420011503,0.027727823999953216,0.030808881950031265,50.76,54.0,50.48,390.19620494388664,616.6266106008688,1.0,0.5,1.0,1.0,1.0,1.0,0.40991358000837863,14.156608120001692,13.745803300009811,50,0,0,0,0,0,0,0,0,0,,,,,,,,,,,,,,,,,,,,,,,,,,,,,,,,,,,,,,,,,,,,,,,,,,,,,,,,,,,,,,,,,,,,,,,,,,,,,,,,,,,,,,,,,,,,,,,,,,,,,,,,,,,,,,,,,,,,,,50,50,0,50,0,50,0,50,0,50,0,50,0,50,0,50,0,50,0,50,legacy_planted_id_v0_audited_equivalent_to_query_payload_v1
corrected_connected_rerun::prod_cora_connected_mf_mc_s20260608_q50_types_multi_fine_multi_coarse_sizes20_50_100_mean_feature_component_b2_5_10_20_per_query.csv,runs/lightning_connected_reruns/jigsaw-cora-mf-mc-connected-gcp-cpux8-v3/results/prod_cora_connected_mf_mc_s20260608_q50_types_multi_fine_multi_coarse_sizes20_50_100_mean_feature_component_b2_5_10_20_per_query.csv,cora,cora,20260608,cora,multi_fine,100,mean_feature,mean_feature_component,type_feat32,50,50,50,0,50,0,0,0,0,50,0,0.04078256982000084,0.040382716000067376,0.04557553899997515,101.02,103.55,100.58,195.9733596174742,252.57535889620445,1.0,0.5,1.0,1.0,1.0,1.0,0.4532547600069847,17.98489193999785,22.797677880002993,50,0,0,0,0,0,0,0,0,0,,,,,,,,,,,,,,,,,,,,,,,,,,,,,,,,,,,,,,,,,,,,,,,,,,,,,,,,,,,,,,,,,,,,,,,,,,,,,,,,,,,,,,,,,,,,,,,,,,,,,,,,,,,,,,,,,,,,,,50,50,0,50,0,50,0,50,0,50,0,50,0,50,0,50,0,50,0,50,legacy_planted_id_v0_audited_equivalent_to_query_payload_v1
runs\lightning_completion\jigsaw-cora-clean-full-gcp-cpux8-v3\summary.csv,C:\Users\Swastik\Desktop\Jigsaw\runs\lightning_completion\jigsaw-cora-clean-full-gcp-cpux8-v3\results\prod_cora_clean_s20260608_q50_types_all_sizes20_50_100_mean_feature_component_b2_5_10_20_per_query.csv,cora,cora,20260608,cora,k_hop,20,mean_feature,mean_feature_component,type_feat32,50,50,50,0,50,0,0,0,0,50,0,0.02651764773998366,0.015444038499481394,0.06250564094973468,680.74,2901.25,20.08,981.5749817811437,1564.386393527947,2.74,0.7370967741935485,0.6986559139784946,4.0,14.549999999999997,17.019999999999996,0.3154703709447682,15.720522725785251,5.664677064524151,40,9,0,1,0,0,0,0,0,0,,,,,,,,,,,,,,,,,,,,,,,,,,,,,,,,,,,,,,,,,,,,,,,,,,,,,,,,,,,,,,,,,,,,,,,,,,,,,,,,,,,,,,,,,,,,,,,,,,,,,,,,,,,,,,,,,,,,,,40,40,9,49,0,49,1,50,0,50,0,50,0,50,0,50,0,50,0,50,legacy_planted_id_v0_audited_equivalent_to_query_payload_v1
runs\lightning_completion\jigsaw-cora-clean-full-gcp-cpux8-v3\summary.csv,C:\Users\Swastik\Desktop\Jigsaw\runs\lightning_completion\jigsaw-cora-clean-full-gcp-cpux8-v3\results\prod_cora_clean_s20260608_q50_types_all_sizes20_50_100_mean_feature_component_b2_5_10_20_per_query.csv,cora,cora,20260608,cora,k_hop,50,mean_feature,mean_feature_component,type_feat32,50,50,50,0,50,0,0,0,0,50,0,0.046488693400024206,0.02115156400009255,0.14866199730024604,1406.56,5921.75,49.96,395.56078886157417,438.73245060584105,4.72,0.7719178082191781,0.5089639051967819,8.5,19.0,19.509999999999998,0.36847954796852816,24.186707890393873,7.654862931540515,35,9,4,2,0,0,0,0,0,0,,,,,,,,,,,,,,,,,,,,,,,,,,,,,,,,,,,,,,,,,,,,,,,,,,,,,,,,,,,,,,,,,,,,,,,,,,,,,,,,,,,,,,,,,,,,,,,,,,,,,,,,,,,,,,,,,,,,,,35,35,9,44,4,48,2,50,0,50,0,50,0,50,0,50,0,50,0,50,legacy_planted_id_v0_audited_equivalent_to_query_payload_v1
runs\lightning_completion\jigsaw-cora-clean-full-gcp-cpux8-v3\summary.csv,C:\Users\Swastik\Desktop\Jigsaw\runs\lightning_completion\jigsaw-cora-clean-full-gcp-cpux8-v3\results\prod_cora_clean_s20260608_q50_types_all_sizes20_50_100_mean_feature_component_b2_5_10_20_per_query.csv,cora,cora,20260608,cora,k_hop,100,mean_feature,mean_feature_component,type_feat32,50,50,50,0,50,0,0,0,0,50,0,0.08214007516003222,0.05651080550023835,0.2650630853499706,2317.26,10829.55,100.48,195.82652206410003,163.19151172092606,6.74,0.8244565217391304,0.48323177426438296,12.0,19.0,19.0,0.4432198151997237,34.08743905435052,10.553906141319164,25,15,3,7,0,0,0,0,0,0,,,,,,,,,,,,,,,,,,,,,,,,,,,,,,,,,,,,,,,,,,,,,,,,,,,,,,,,,,,,,,,,,,,,,,,,,,,,,,,,,,,,,,,,,,,,,,,,,,,,,,,,,,,,,,,,,,,,,,25,25,15,40,3,43,7,50,0,50,0,50,0,50,0,50,0,50,0,50,legacy_planted_id_v0_audited_equivalent_to_query_payload_v1
runs\lightning_completion\jigsaw-cora-clean-full-gcp-cpux8-v3\summary.csv,C:\Users\Swastik\Desktop\Jigsaw\runs\lightning_completion\jigsaw-cora-clean-full-gcp-cpux8-v3\results\prod_cora_clean_s20260608_q50_types_all_sizes20_50_100_mean_feature_component_b2_5_10_20_per_query.csv,cora,cora,20260608,cora,degree_k_hop,20,mean_feature,mean_feature_component,type_feat32,50,50,50,0,50,0,0,0,0,50,0,0.031222815259943672,0.019362403500053915,0.10692979500004184,826.5,5767.549999999999,19.96,996.0123644252167,1597.3991230011525,3.12,0.7492537313432837,0.6617626154939588,5.0,14.649999999999991,18.019999999999996,0.30954085077067234,17.744416014920716,5.556192388022323,37,9,4,0,0,0,0,0,0,0,,,,,,,,,,,,,,,,,,,,,,,,,,,,,,,,,,,,,,,,,,,,,,,,,,,,,,,,,,,,,,,,,,,,,,,,,,,,,,,,,,,,,,,,,,,,,,,,,,,,,,,,,,,,,,,,,,,,,,37,37,9,46,4,50,0,50,0,50,0,50,0,50,0,50,0,50,0,50,legacy_planted_id_v0_audited_equivalent_to_query_payload_v1
runs\lightning_completion\jigsaw-cora-clean-full-gcp-cpux8-v3\summary.csv,C:\Users\Swastik\Desktop\Jigsaw\runs\lightning_completion\jigsaw-cora-clean-full-gcp-cpux8-v3\results\prod_cora_clean_s20260608_q50_types_all_sizes20_50_100_mean_feature_component_b2_5_10_20_per_query.csv,cora,cora,20260608,cora,degree_k_hop,50,mean_feature,mean_feature_component,type_feat32,50,50,50,0,50,0,0,0,0,50,0,0.029608176000037928,0.02149959950020275,0.05985223854979722,521.12,2756.75,49.94,394.8163039674767,494.41217343031684,4.12,0.8338983050847458,0.5207021791767554,9.0,16.549999999999997,17.509999999999998,0.37567661022768656,15.820395305073069,9.271279271230261,43,6,0,1,0,0,0,0,0,0,,,,,,,,,,,,,,,,,,,,,,,,,,,,,,,,,,,,,,,,,,,,,,,,,,,,,,,,,,,,,,,,,,,,,,,,,,,,,,,,,,,,,,,,,,,,,,,,,,,,,,,,,,,,,,,,,,,,,,43,43,6,49,0,49,1,50,0,50,0,50,0,50,0,50,0,50,0,50,legacy_planted_id_v0_audited_equivalent_to_query_payload_v1
runs\lightning_completion\jigsaw-cora-clean-full-gcp-cpux8-v3\summary.csv,C:\Users\Swastik\Desktop\Jigsaw\runs\lightning_completion\jigsaw-cora-clean-full-gcp-cpux8-v3\results\prod_cora_clean_s20260608_q50_types_all_sizes20_50_100_mean_feature_component_b2_5_10_20_per_query.csv,cora,cora,20260608,cora,degree_k_hop,100,mean_feature,mean_feature_component,type_feat32,50,50,50,0,50,0,0,0,0,50,0,0.06828222797995295,0.06559161549944292,0.15245946595014168,2066.9,5982.7,100.68,194.69877226020782,158.5442818793687,6.78,0.8702247191011236,0.46561238387081083,12.5,19.0,19.0,0.4131023146216107,27.85157783144702,10.509224404481603,22,19,7,2,0,0,0,0,0,0,,,,,,,,,,,,,,,,,,,,,,,,,,,,,,,,,,,,,,,,,,,,,,,,,,,,,,,,,,,,,,,,,,,,,,,,,,,,,,,,,,,,,,,,,,,,,,,,,,,,,,,,,,,,,,,,,,,,,,22,22,19,41,7,48,2,50,0,50,0,50,0,50,0,50,0,50,0,50,legacy_planted_id_v0_audited_equivalent_to_query_payload_v1
runs\lightning_completion\jigsaw-cora-clean-full-gcp-cpux8-v3\summary.csv,C:\Users\Swastik\Desktop\Jigsaw\runs\lightning_completion\jigsaw-cora-clean-full-gcp-cpux8-v3\results\prod_cora_clean_s20260608_q50_types_all_sizes20_50_100_mean_feature_component_b2_5_10_20_per_query.csv,cora,cora,20260608,cora,random_walk,20,mean_feature,mean_feature_component,type_feat32,50,50,50,0,50,0,0,0,0,50,0,0.0642943804999868,0.050361556000325436,0.17198991650020615,2372.8,6035.799999999999,20.82,964.9816673558327,1334.8405516612645,3.18,0.6151960784313726,0.6844771241830065,5.5,14.0,17.019999999999996,0.3367828235241177,27.81780430391158,3.6990488823564602,18,15,14,3,0,0,0,0,0,0,,,,,,,,,,,,,,,,,,,,,,,,,,,,,,,,,,,,,,,,,,,,,,,,,,,,,,,,,,,,,,,,,,,,,,,,,,,,,,,,,,,,,,,,,,,,,,,,,,,,,,,,,,,,,,,,,,,,,,18,18,15,33,14,47,3,50,0,50,0,50,0,50,0,50,0,50,0,50,legacy_planted_id_v0_audited_equivalent_to_query_payload_v1
runs\lightning_completion\jigsaw-cora-clean-full-gcp-cpux8-v3\summary.csv,C:\Users\Swastik\Desktop\Jigsaw\runs\lightning_completion\jigsaw-cora-clean-full-gcp-cpux8-v3\results\prod_cora_clean_s20260608_q50_types_all_sizes20_50_100_mean_feature_component_b2_5_10_20_per_query.csv,cora,cora,20260608,cora,random_walk,50,mean_feature,mean_feature_component,type_feat32,50,50,50,0,50,0,0,0,0,50,0,0.1146484678399429,0.10828331749985409,0.2643457362498337,4586.22,10424.949999999999,51.3,382.99715701721243,350.29621794656134,5.4,0.7075,0.6369132653061225,10.0,17.549999999999997,19.0,0.4029268000164978,36.968495778553134,3.977385592855041,2,17,20,11,0,0,0,0,0,0,,,,,,,,,,,,,,,,,,,,,,,,,,,,,,,,,,,,,,,,,,,,,,,,,,,,,,,,,,,,,,,,,,,,,,,,,,,,,,,,,,,,,,,,,,,,,,,,,,,,,,,,,,,,,,,,,,,,,,2,2,17,19,20,39,11,50,0,50,0,50,0,50,0,50,0,50,0,50,legacy_planted_id_v0_audited_equivalent_to_query_payload_v1
runs\lightning_completion\jigsaw-cora-clean-full-gcp-cpux8-v3\summary.csv,C:\Users\Swastik\Desktop\Jigsaw\runs\lightning_completion\jigsaw-cora-clean-full-gcp-cpux8-v3\results\prod_cora_clean_s20260608_q50_types_all_sizes20_50_100_mean_feature_component_b2_5_10_20_per_query.csv,cora,cora,20260608,cora,random_walk,100,mean_feature,mean_feature_component,type_feat32,50,50,50,0,50,0,0,0,0,50,0,0.1908240379200106,0.1809905420002451,0.319527384549815,6901.22,11233.3,103.04,191.3465338904471,150.1642023808388,8.76,0.7779329608938548,0.5913928405548518,15.0,20.0,20.0,0.4242366480485549,48.22159759219201,5.081206296079106,1,1,16,32,0,0,0,0,0,0,,,,,,,,,,,,,,,,,,,,,,,,,,,,,,,,,,,,,,,,,,,,,,,,,,,,,,,,,,,,,,,,,,,,,,,,,,,,,,,,,,,,,,,,,,,,,,,,,,,,,,,,,,,,,,,,,,,,,,1,1,1,2,16,18,32,50,0,50,0,50,0,50,0,50,0,50,0,50,legacy_planted_id_v0_audited_equivalent_to_query_payload_v1
corrected_connected_rerun::prod_cora_connected_mf_mc_s20260608_q50_types_multi_fine_multi_coarse_sizes20_50_100_mean_feature_component_b2_5_10_20_per_query.csv,runs/lightning_connected_reruns/jigsaw-cora-mf-mc-connected-gcp-cpux8-v3/results/prod_cora_connected_mf_mc_s20260608_q50_types_multi_fine_multi_coarse_sizes20_50_100_mean_feature_component_b2_5_10_20_per_query.csv,cora,cora,20260608,cora,multi_coarse,20,mean_feature,mean_feature_component,type_feat32,50,50,50,0,50,0,0,0,0,50,0,0.1528891266000005,0.15414139799997884,0.32928833905015154,5353.04,11198.199999999999,20.24,972.012628616997,885.9198834657317,3.08,0.4565693430656934,0.6767639902676399,6.5,17.099999999999994,19.0,0.31043264233096496,52.85263012408649,2.9463211897823087,3,18,18,11,0,0,0,0,0,0,,,,,,,,,,,,,,,,,,,,,,,,,,,,,,,,,,,,,,,,,,,,,,,,,,,,,,,,,,,,,,,,,,,,,,,,,,,,,,,,,,,,,,,,,,,,,,,,,,,,,,,,,,,,,,,,,,,,,,3,3,18,21,18,39,11,50,0,50,0,50,0,50,0,50,0,50,0,50,legacy_planted_id_v0_audited_equivalent_to_query_payload_v1
corrected_connected_rerun::prod_cora_connected_mf_mc_s20260608_q50_types_multi_fine_multi_coarse_sizes20_50_100_mean_feature_component_b2_5_10_20_per_query.csv,runs/lightning_connected_reruns/jigsaw-cora-mf-mc-connected-gcp-cpux8-v3/results/prod_cora_connected_mf_mc_s20260608_q50_types_multi_fine_multi_coarse_sizes20_50_100_mean_feature_component_b2_5_10_20_per_query.csv,cora,cora,20260608,cora,multi_coarse,50,mean_feature,mean_feature_component,type_feat32,50,50,50,0,50,0,0,0,0,50,0,0.17949444310001128,0.16288067049998745,0.35835155029997734,5787.32,11216.05,50.58,388.7614296327917,268.3516221553168,3.56,0.5256944444444445,0.6895833333333333,7.0,13.549999999999997,15.0,0.4066460138811105,57.622045159725126,4.702414250001002,1,17,19,13,0,0,0,0,0,0,,,,,,,,,,,,,,,,,,,,,,,,,,,,,,,,,,,,,,,,,,,,,,,,,,,,,,,,,,,,,,,,,,,,,,,,,,,,,,,,,,,,,,,,,,,,,,,,,,,,,,,,,,,,,,,,,,,,,,1,1,17,18,19,37,13,50,0,50,0,50,0,50,0,50,0,50,0,50,legacy_planted_id_v0_audited_equivalent_to_query_payload_v1
corrected_connected_rerun::prod_cora_connected_mf_mc_s20260608_q50_types_multi_fine_multi_coarse_sizes20_50_100_mean_feature_component_b2_5_10_20_per_query.csv,runs/lightning_connected_reruns/jigsaw-cora-mf-mc-connected-gcp-cpux8-v3/results/prod_cora_connected_mf_mc_s20260608_q50_types_multi_fine_multi_coarse_sizes20_50_100_mean_feature_component_b2_5_10_20_per_query.csv,cora,cora,20260608,cora,multi_coarse,100,mean_feature,mean_feature_component,type_feat32,50,50,50,0,50,0,0,0,0,50,0,0.2202590826199912,0.19815030949985157,0.3994101440499661,6373.72,11534.0,100.68,193.55278399653344,104.05920015394398,3.86,0.5469387755102041,0.6943310657596372,7.0,15.549999999999997,18.509999999999998,0.4462098299348568,67.0865302516967,7.831525061225479,3,14,16,17,0,0,0,0,0,0,,,,,,,,,,,,,,,,,,,,,,,,,,,,,,,,,,,,,,,,,,,,,,,,,,,,,,,,,,,,,,,,,,,,,,,,,,,,,,,,,,,,,,,,,,,,,,,,,,,,,,,,,,,,,,,,,,,,,,3,3,14,17,16,33,17,50,0,50,0,50,0,50,0,50,0,50,0,50,legacy_planted_id_v0_audited_equivalent_to_query_payload_v1
/workspace/jigsaw_pkg/runs/noid_negative_cora_v4/results/prod_cora_pv1_s20260608_neg_mean_feature_component_b2_5_10_20_per_query.csv,/workspace/jigsaw_pkg/runs/noid_negative_cora_v4/results/prod_cora_pv1_s20260608_neg_mean_feature_component_b2_5_10_20_per_query.csv,cora,cora,20260608,cora,negative_label,20,mean_feature,mean_feature_component,type_feat32,50,0,0,50,0,0,50,0,0,29,0,0.2306056560000002,0.2833548944998938,0.3033434788500642,15009.82,18904.3,0.0,366.9003692004741,355.7844658702969,2.72,0.1115,0.4040000000000002,17.0,20.0,20.0,0.27221567999731633,57.65141400000004,0.0,0,0,0,0,0,0,0,0,0,0,query_payload_v1_negative_rerun_2026-08-01,50,0,,0,1,0,50,0,0.057651414,0.000272215679997,0.2306056560000002,15009.82,,,,,,,,0,,,,,,,,,,,,,,,,,,,,,,,,,,,,,,,,,,,,,,,,,,,,,,,,,,,,,,,,,,,,,,,,,,,,,,,,,,,,,,,,,,,,,,,,,,,,,,,0.58,0,0,0,0,0,0,0,0,0,0,0,0,0,0,0,0,0,0,0,0,0,query_payload_v1
/workspace/jigsaw_pkg/runs/noid_negative_cora_v4/results/prod_cora_pv1_s20260608_neg_mean_feature_component_b2_5_10_20_per_query.csv,/workspace/jigsaw_pkg/runs/noid_negative_cora_v4/results/prod_cora_pv1_s20260608_neg_mean_feature_component_b2_5_10_20_per_query.csv,cora,cora,20260608,cora,negative_label,50,mean_feature,mean_feature_component,type_feat32,50,0,0,50,0,0,50,0,0,14,0,0.19377135002003115,0.1694009370000913,0.30408089650005654,12571.12,19047.2,0.0,286.54353966852295,155.7105009061719,4.82,0.22974999999999995,0.4433290043290043,18.5,20.0,20.0,0.33285162000311175,48.442837505007795,0.0,0,0,0,0,0,0,0,0,0,0,query_payload_v1_negative_rerun_2026-08-01,50,0,,0,1,0,50,0,0.048442837505,0.000332851620003,0.19377135002003115,12571.12,,,,,,,,0,,,,,,,,,,,,,,,,,,,,,,,,,,,,,,,,,,,,,,,,,,,,,,,,,,,,,,,,,,,,,,,,,,,,,,,,,,,,,,,,,,,,,,,,,,,,,,,0.28,0,0,0,0,0,0,0,0,0,0,0,0,0,0,0,0,0,0,0,0,0,query_payload_v1
/workspace/jigsaw_pkg/runs/noid_negative_cora_v4/results/prod_cora_pv1_s20260608_neg_mean_feature_component_b2_5_10_20_per_query.csv,/workspace/jigsaw_pkg/runs/noid_negative_cora_v4/results/prod_cora_pv1_s20260608_neg_mean_feature_component_b2_5_10_20_per_query.csv,cora,cora,20260608,cora,negative_label,100,mean_feature,mean_feature_component,type_feat32,50,0,0,50,0,0,50,0,0,6,0,0.1666827122199993,0.1677044069999738,0.3018219721500259,10735.16,18810.55,0.0,175.98569534176377,80.14653485797879,6.56,0.30049999999999993,0.4337479603729605,19.0,20.0,20.0,0.5037731799984613,41.670678054999826,0.0,0,0,0,0,0,0,0,0,0,0,query_payload_v1_negative_rerun_2026-08-01,50,0,,0,1,0,50,0,0.041670678055,0.000503773179998,0.1666827122199993,10735.16,,,,,,,,0,,,,,,,,,,,,,,,,,,,,,,,,,,,,,,,,,,,,,,,,,,,,,,,,,,,,,,,,,,,,,,,,,,,,,,,,,,,,,,,,,,,,,,,,,,,,,,,0.12,0,0,0,0,0,0,0,0,0,0,0,0,0,0,0,0,0,0,0,0,0,query_payload_v1
/workspace/jigsaw_pkg/runs/noid_negative_cora_v4/results/prod_cora_pv1_s20260608_neg_mean_feature_component_b2_5_10_20_per_query.csv,/workspace/jigsaw_pkg/runs/noid_negative_cora_v4/results/prod_cora_pv1_s20260608_neg_mean_feature_component_b2_5_10_20_per_query.csv,cora,cora,20260608,cora,negative_structure,20,mean_feature,mean_feature_component,type_feat32,50,0,0,50,0,0,50,0,0,50,0,0.06726410802001055,0.05419325949986842,0.14172386995003872,1225.88,6496.149999999998,20.22,973.9774855643981,1721.2597173411843,3.16,0.40750000000000014,0.8111250000000001,5.5,18.0,19.0,0.28024925998806793,11.58187372499981,5.234153280002829,0,0,0,0,0,0,0,0,0,0,query_payload_v1_negative_rerun_2026-08-01,50,0,,0,1,0,50,0.00523415328,0.011581873725,0.000280249259988,0.06726410802001055,1225.88,,,,,,,,0,,,,,,,,,,,,,,,,,,,,,,,,,,,,,,,,,,,,,,,,,,,,,,,,,,,,,,,,,,,,,,,,,,,,,,,,,,,,,,,,,,,,,,,,,,,,,,,1,0,0,0,0,0,0,0,0,0,0,0,0,0,0,0,0,0,0,0,0,0,query_payload_v1
/workspace/jigsaw_pkg/runs/noid_negative_cora_v4/results/prod_cora_pv1_s20260608_neg_mean_feature_component_b2_5_10_20_per_query.csv,/workspace/jigsaw_pkg/runs/noid_negative_cora_v4/results/prod_cora_pv1_s20260608_neg_mean_feature_component_b2_5_10_20_per_query.csv,cora,cora,20260608,cora,negative_structure,50,mean_feature,mean_feature_component,type_feat32,50,0,0,50,0,0,50,0,0,50,0,0.08161536098002899,0.07085868749987867,0.13745936150003205,1769.7,8321.199999999988,49.88,394.74185832600364,551.2648046173568,4.98,0.53825,0.7359583333333333,12.5,19.0,19.509999999999998,0.38092283999958454,13.517936280005074,6.885903965002171,0,0,0,0,0,0,0,0,0,0,query_payload_v1_negative_rerun_2026-08-01,50,0,,0,1,0,50,0.006885903965,0.01351793628,0.00038092284,0.08161536098002899,1769.7,,,,,,,,0,,,,,,,,,,,,,,,,,,,,,,,,,,,,,,,,,,,,,,,,,,,,,,,,,,,,,,,,,,,,,,,,,,,,,,,,,,,,,,,,,,,,,,,,,,,,,,,1,0,0,0,0,0,0,0,0,0,0,0,0,0,0,0,0,0,0,0,0,0,query_payload_v1
/workspace/jigsaw_pkg/runs/noid_negative_cora_v4/results/prod_cora_pv1_s20260608_neg_mean_feature_component_b2_5_10_20_per_query.csv,/workspace/jigsaw_pkg/runs/noid_negative_cora_v4/results/prod_cora_pv1_s20260608_neg_mean_feature_component_b2_5_10_20_per_query.csv,cora,cora,20260608,cora,negative_structure,100,mean_feature,mean_feature_component,type_feat32,50,0,0,50,0,0,50,0,0,50,0,0.09745573257997649,0.08398007100004179,0.16180886544998427,2180.38,6443.0,100.8,195.55725644844054,199.83518390942598,6.84,0.6679999999999997,0.6899696830946833,14.0,19.0,19.509999999999998,0.5032032999906733,15.070921954995242,9.293011189998879,0,0,0,0,0,0,0,0,0,0,query_payload_v1_negative_rerun_2026-08-01,50,0,,0,1,0,50,0.00929301119,0.015070921955,0.000503203299991,0.09745573257997649,2180.38,,,,,,,,0,,,,,,,,,,,,,,,,,,,,,,,,,,,,,,,,,,,,,,,,,,,,,,,,,,,,,,,,,,,,,,,,,,,,,,,,,,,,,,,,,,,,,,,,,,,,,,,1,0,0,0,0,0,0,0,0,0,0,0,0,0,0,0,0,0,0,0,0,0,query_payload_v1
runs\lightning_completion\jigsaw-cora-clean-full-gcp-cpux8-v3\summary.csv,C:\Users\Swastik\Desktop\Jigsaw\runs\lightning_completion\jigsaw-cora-clean-full-gcp-cpux8-v3\results\prod_cora_clean_s20260608_q50_types_all_sizes20_50_100_mean_rrf_component_b2_5_10_20_per_query.csv,cora,cora,20260608,cora_jigsaw,single,20,coarse_mean_rrf,mean_rrf_component,type_feat32,50,50,50,0,50,0,0,0,0,50,0,0.016964016059955612,0.014647109000179626,0.021021005500074352,135.24,27.099999999999994,20.3,970.2326913086913,1585.0547209349884,1.0,0.46923076923076923,0.9615384615384616,1.0,1.0,3.0,5.570522250038196,9.740192826904185,6.571361076899288,48,2,0,0,0,0,0,0,0,0,,,,,,,,,,,,,,,,,,,,,,,,,,,,,,,,,,,,,,,,,,,,,,,,,,,,,,,,,,,,,,,,,,,,,,,,,,,,,,,,,,,,,,,,,,,,,,,,,,,,,,,,,,,,,,,,,,,,,,48,48,2,50,0,50,0,50,0,50,0,50,0,50,0,50,0,50,0,50,legacy_planted_id_v0_audited_equivalent_to_query_payload_v1
runs\lightning_completion\jigsaw-cora-clean-full-gcp-cpux8-v3\summary.csv,C:\Users\Swastik\Desktop\Jigsaw\runs\lightning_completion\jigsaw-cora-clean-full-gcp-cpux8-v3\results\prod_cora_clean_s20260608_q50_types_all_sizes20_50_100_mean_rrf_component_b2_5_10_20_per_query.csv,cora,cora,20260608,cora_jigsaw,single,50,coarse_mean_rrf,mean_rrf_component,type_feat32,50,50,50,0,50,0,0,0,0,50,0,0.023360908419954286,0.020092203999865887,0.03709968899997875,50.26,52.55,50.18,394.3563563615609,563.1982447813226,1.0,0.5,1.0,1.0,1.0,1.509999999999998,7.38770103996103,11.476243739962229,11.884664679992056,50,0,0,0,0,0,0,0,0,0,,,,,,,,,,,,,,,,,,,,,,,,,,,,,,,,,,,,,,,,,,,,,,,,,,,,,,,,,,,,,,,,,,,,,,,,,,,,,,,,,,,,,,,,,,,,,,,,,,,,,,,,,,,,,,,,,,,,,,50,50,0,50,0,50,0,50,0,50,0,50,0,50,0,50,0,50,0,50,legacy_planted_id_v0_audited_equivalent_to_query_payload_v1
runs\lightning_completion\jigsaw-cora-clean-full-gcp-cpux8-v3\summary.csv,C:\Users\Swastik\Desktop\Jigsaw\runs\lightning_completion\jigsaw-cora-clean-full-gcp-cpux8-v3\results\prod_cora_clean_s20260608_q50_types_all_sizes20_50_100_mean_rrf_component_b2_5_10_20_per_query.csv,cora,cora,20260608,cora_jigsaw,single,100,coarse_mean_rrf,mean_rrf_component,type_feat32,50,50,50,0,50,0,0,0,0,50,0,0.03336366964001172,0.03121639849996427,0.04556785350002883,101.22,106.1,100.56,195.61815893061143,250.08559023307185,1.0,0.5,1.0,1.0,1.0,1.509999999999998,9.693207259997507,13.813694040018163,19.54997559999356,50,0,0,0,0,0,0,0,0,0,,,,,,,,,,,,,,,,,,,,,,,,,,,,,,,,,,,,,,,,,,,,,,,,,,,,,,,,,,,,,,,,,,,,,,,,,,,,,,,,,,,,,,,,,,,,,,,,,,,,,,,,,,,,,,,,,,,,,,50,50,0,50,0,50,0,50,0,50,0,50,0,50,0,50,0,50,0,50,legacy_planted_id_v0_audited_equivalent_to_query_payload_v1
corrected_connected_rerun::prod_cora_connected_mf_mc_s20260608_q50_types_multi_fine_multi_coarse_sizes20_50_100_mean_rrf_component_b2_5_10_20_per_query.csv,runs/lightning_connected_reruns/jigsaw-cora-mf-mc-connected-gcp-cpux8-v3/results/prod_cora_connected_mf_mc_s20260608_q50_types_multi_fine_multi_coarse_sizes20_50_100_mean_rrf_component_b2_5_10_20_per_query.csv,cora,cora,20260608,cora_jigsaw,multi_fine,20,coarse_mean_rrf,mean_rrf_component,type_feat32,50,50,50,0,50,0,0,0,0,50,0,0.018801541379998524,0.01882147549997626,0.019819662550060003,20.48,23.0,20.26,968.8321450592885,2017.9313293720106,1.0,0.5,1.0,1.0,1.0,1.0,5.446285620016624,11.448150399999122,7.3533909799994035,50,0,0,0,0,0,0,0,0,0,,,,,,,,,,,,,,,,,,,,,,,,,,,,,,,,,,,,,,,,,,,,,,,,,,,,,,,,,,,,,,,,,,,,,,,,,,,,,,,,,,,,,,,,,,,,,,,,,,,,,,,,,,,,,,,,,,,,,,50,50,0,50,0,50,0,50,0,50,0,50,0,50,0,50,0,50,0,50,legacy_planted_id_v0_audited_equivalent_to_query_payload_v1
corrected_connected_rerun::prod_cora_connected_mf_mc_s20260608_q50_types_multi_fine_multi_coarse_sizes20_50_100_mean_rrf_component_b2_5_10_20_per_query.csv,runs/lightning_connected_reruns/jigsaw-cora-mf-mc-connected-gcp-cpux8-v3/results/prod_cora_connected_mf_mc_s20260608_q50_types_multi_fine_multi_coarse_sizes20_50_100_mean_rrf_component_b2_5_10_20_per_query.csv,cora,cora,20260608,cora_jigsaw,multi_fine,50,coarse_mean_rrf,mean_rrf_component,type_feat32,50,50,50,0,50,0,0,0,0,50,0,0.026398608159991,0.02635321549996661,0.0281580759999656,50.84,54.0,50.48,389.62134919639493,616.6266106008688,1.0,0.5,1.0,1.0,1.0,1.0,7.074865040019631,13.75068548000172,12.647922679989279,50,0,0,0,0,0,0,0,0,0,,,,,,,,,,,,,,,,,,,,,,,,,,,,,,,,,,,,,,,,,,,,,,,,,,,,,,,,,,,,,,,,,,,,,,,,,,,,,,,,,,,,,,,,,,,,,,,,,,,,,,,,,,,,,,,,,,,,,,50,50,0,50,0,50,0,50,0,50,0,50,0,50,0,50,0,50,0,50,legacy_planted_id_v0_audited_equivalent_to_query_payload_v1
corrected_connected_rerun::prod_cora_connected_mf_mc_s20260608_q50_types_multi_fine_multi_coarse_sizes20_50_100_mean_rrf_component_b2_5_10_20_per_query.csv,runs/lightning_connected_reruns/jigsaw-cora-mf-mc-connected-gcp-cpux8-v3/results/prod_cora_connected_mf_mc_s20260608_q50_types_multi_fine_multi_coarse_sizes20_50_100_mean_rrf_component_b2_5_10_20_per_query.csv,cora,cora,20260608,cora_jigsaw,multi_fine,100,coarse_mean_rrf,mean_rrf_component,type_feat32,50,50,50,0,50,0,0,0,0,50,0,0.040011140220010476,0.040270736500019666,0.04161162755002579,101.16,104.55,100.58,195.71026452397203,252.57535889620445,1.0,0.5,1.0,1.0,1.0,1.0,9.826468599994769,17.652816540003187,22.358323680007288,50,0,0,0,0,0,0,0,0,0,,,,,,,,,,,,,,,,,,,,,,,,,,,,,,,,,,,,,,,,,,,,,,,,,,,,,,,,,,,,,,,,,,,,,,,,,,,,,,,,,,,,,,,,,,,,,,,,,,,,,,,,,,,,,,,,,,,,,,50,50,0,50,0,50,0,50,0,50,0,50,0,50,0,50,0,50,0,50,legacy_planted_id_v0_audited_equivalent_to_query_payload_v1
runs\lightning_completion\jigsaw-cora-clean-full-gcp-cpux8-v3\summary.csv,C:\Users\Swastik\Desktop\Jigsaw\runs\lightning_completion\jigsaw-cora-clean-full-gcp-cpux8-v3\results\prod_cora_clean_s20260608_q50_types_all_sizes20_50_100_mean_rrf_component_b2_5_10_20_per_query.csv,cora,cora,20260608,cora_jigsaw,k_hop,20,coarse_mean_rrf,mean_rrf_component,type_feat32,50,50,50,0,50,0,0,0,0,50,0,0.019323709079990294,0.014284729000110019,0.049373301600326144,347.6,2748.0499999999993,20.1,980.6324579716198,1699.551397537602,2.74,0.8192982456140352,0.7233918128654971,3.0,6.549999999999997,10.019999999999996,5.066365964849913,11.243631368455553,5.706990631535933,43,7,0,0,0,0,0,0,0,0,,,,,,,,,,,,,,,,,,,,,,,,,,,,,,,,,,,,,,,,,,,,,,,,,,,,,,,,,,,,,,,,,,,,,,,,,,,,,,,,,,,,,,,,,,,,,,,,,,,,,,,,,,,,,,,,,,,,,,43,43,7,50,0,50,0,50,0,50,0,50,0,50,0,50,0,50,0,50,legacy_planted_id_v0_audited_equivalent_to_query_payload_v1
runs\lightning_completion\jigsaw-cora-clean-full-gcp-cpux8-v3\summary.csv,C:\Users\Swastik\Desktop\Jigsaw\runs\lightning_completion\jigsaw-cora-clean-full-gcp-cpux8-v3\results\prod_cora_clean_s20260608_q50_types_all_sizes20_50_100_mean_rrf_component_b2_5_10_20_per_query.csv,cora,cora,20260608,cora_jigsaw,k_hop,50,coarse_mean_rrf,mean_rrf_component,type_feat32,50,50,50,0,50,0,0,0,0,50,0,0.03545620507999047,0.02242130900003758,0.10072005079969111,617.96,4506.099999999991,49.96,396.94002958555603,548.6861224467762,4.72,0.9103174603174603,0.5475497606449987,6.0,13.0,17.0,8.382832238133968,18.316303507906433,9.823541793673304,41,6,2,1,0,0,0,0,0,0,,,,,,,,,,,,,,,,,,,,,,,,,,,,,,,,,,,,,,,,,,,,,,,,,,,,,,,,,,,,,,,,,,,,,,,,,,,,,,,,,,,,,,,,,,,,,,,,,,,,,,,,,,,,,,,,,,,,,,41,41,6,47,2,49,1,50,0,50,0,50,0,50,0,50,0,50,0,50,legacy_planted_id_v0_audited_equivalent_to_query_payload_v1
runs\lightning_completion\jigsaw-cora-clean-full-gcp-cpux8-v3\summary.csv,C:\Users\Swastik\Desktop\Jigsaw\runs\lightning_completion\jigsaw-cora-clean-full-gcp-cpux8-v3\results\prod_cora_clean_s20260608_q50_types_all_sizes20_50_100_mean_rrf_component_b2_5_10_20_per_query.csv,cora,cora,20260608,cora_jigsaw,k_hop,100,coarse_mean_rrf,mean_rrf_component,type_feat32,50,50,50,0,50,0,0,0,0,50,0,0.06172547141994983,0.035775044000047274,0.1546975701000292,1605.38,6126.699999999999,100.46,196.01654146412767,177.46003396510525,6.74,0.941139240506329,0.46558578552249436,9.0,17.099999999999994,19.0,9.632530012690431,26.920860291117112,12.145893772142273,28,17,3,2,0,0,0,0,0,0,,,,,,,,,,,,,,,,,,,,,,,,,,,,,,,,,,,,,,,,,,,,,,,,,,,,,,,,,,,,,,,,,,,,,,,,,,,,,,,,,,,,,,,,,,,,,,,,,,,,,,,,,,,,,,,,,,,,,,28,28,17,45,3,48,2,50,0,50,0,50,0,50,0,50,0,50,0,50,legacy_planted_id_v0_audited_equivalent_to_query_payload_v1
runs\lightning_completion\jigsaw-cora-clean-full-gcp-cpux8-v3\summary.csv,C:\Users\Swastik\Desktop\Jigsaw\runs\lightning_completion\jigsaw-cora-clean-full-gcp-cpux8-v3\results\prod_cora_clean_s20260608_q50_types_all_sizes20_50_100_mean_rrf_component_b2_5_10_20_per_query.csv,cora,cora,20260608,cora_jigsaw,degree_k_hop,20,coarse_mean_rrf,mean_rrf_component,type_feat32,50,50,50,0,50,0,0,0,0,50,0,0.021750200339984076,0.014644359999920198,0.053900431450142595,479.24,2942.149999999999,19.96,1001.1474427613732,1758.9497153560399,3.12,0.87,0.7100000000000001,3.0,7.0,10.0,5.334641149981205,12.55649846665771,5.56866848332902,40,10,0,0,0,0,0,0,0,0,,,,,,,,,,,,,,,,,,,,,,,,,,,,,,,,,,,,,,,,,,,,,,,,,,,,,,,,,,,,,,,,,,,,,,,,,,,,,,,,,,,,,,,,,,,,,,,,,,,,,,,,,,,,,,,,,,,,,,40,40,10,50,0,50,0,50,0,50,0,50,0,50,0,50,0,50,0,50,legacy_planted_id_v0_audited_equivalent_to_query_payload_v1
runs\lightning_completion\jigsaw-cora-clean-full-gcp-cpux8-v3\summary.csv,C:\Users\Swastik\Desktop\Jigsaw\runs\lightning_completion\jigsaw-cora-clean-full-gcp-cpux8-v3\results\prod_cora_clean_s20260608_q50_types_all_sizes20_50_100_mean_rrf_component_b2_5_10_20_per_query.csv,cora,cora,20260608,cora_jigsaw,degree_k_hop,50,coarse_mean_rrf,mean_rrf_component,type_feat32,50,50,50,0,50,0,0,0,0,50,0,0.02863113150000572,0.021119358999840188,0.06329266050056502,381.32,2792.1000000000004,49.94,395.42531935209206,511.88452823592485,4.12,0.9086206896551725,0.5508004926108374,5.0,11.0,14.509999999999998,7.855644241395755,14.724456724126929,9.957553189671106,42,8,0,0,0,0,0,0,0,0,,,,,,,,,,,,,,,,,,,,,,,,,,,,,,,,,,,,,,,,,,,,,,,,,,,,,,,,,,,,,,,,,,,,,,,,,,,,,,,,,,,,,,,,,,,,,,,,,,,,,,,,,,,,,,,,,,,,,,42,42,8,50,0,50,0,50,0,50,0,50,0,50,0,50,0,50,0,50,legacy_planted_id_v0_audited_equivalent_to_query_payload_v1
runs\lightning_completion\jigsaw-cora-clean-full-gcp-cpux8-v3\summary.csv,C:\Users\Swastik\Desktop\Jigsaw\runs\lightning_completion\jigsaw-cora-clean-full-gcp-cpux8-v3\results\prod_cora_clean_s20260608_q50_types_all_sizes20_50_100_mean_rrf_component_b2_5_10_20_per_query.csv,cora,cora,20260608,cora_jigsaw,degree_k_hop,100,coarse_mean_rrf,mean_rrf_component,type_feat32,50,50,50,0,50,0,0,0,0,50,0,0.06362870477999422,0.046505987500040646,0.137442449999844,1696.08,6286.2,100.64,195.16538876942602,171.28517861498372,6.78,0.9461538461538461,0.46054454804454803,9.0,15.549999999999997,18.529999999999994,9.440537435868745,27.579421512795168,13.208209756431899,29,15,5,1,0,0,0,0,0,0,,,,,,,,,,,,,,,,,,,,,,,,,,,,,,,,,,,,,,,,,,,,,,,,,,,,,,,,,,,,,,,,,,,,,,,,,,,,,,,,,,,,,,,,,,,,,,,,,,,,,,,,,,,,,,,,,,,,,,29,29,15,44,5,49,1,50,0,50,0,50,0,50,0,50,0,50,0,50,legacy_planted_id_v0_audited_equivalent_to_query_payload_v1
runs\lightning_completion\jigsaw-cora-clean-full-gcp-cpux8-v3\summary.csv,C:\Users\Swastik\Desktop\Jigsaw\runs\lightning_completion\jigsaw-cora-clean-full-gcp-cpux8-v3\results\prod_cora_clean_s20260608_q50_types_all_sizes20_50_100_mean_rrf_component_b2_5_10_20_per_query.csv,cora,cora,20260608,cora_jigsaw,random_walk,20,coarse_mean_rrf,mean_rrf_component,type_feat32,50,50,50,0,50,0,0,0,0,50,0,0.03423050641998998,0.028977953500088915,0.07289541150005334,1204.22,2971.2,20.82,963.3743682990117,1570.6676314321812,3.18,0.8512820512820514,0.7566239316239316,4.0,9.549999999999997,15.509999999999998,5.351644615366706,17.600568205119625,4.342064115386772,23,26,1,0,0,0,0,0,0,0,,,,,,,,,,,,,,,,,,,,,,,,,,,,,,,,,,,,,,,,,,,,,,,,,,,,,,,,,,,,,,,,,,,,,,,,,,,,,,,,,,,,,,,,,,,,,,,,,,,,,,,,,,,,,,,,,,,,,,23,23,26,49,1,50,0,50,0,50,0,50,0,50,0,50,0,50,0,50,legacy_planted_id_v0_audited_equivalent_to_query_payload_v1
runs\lightning_completion\jigsaw-cora-clean-full-gcp-cpux8-v3\summary.csv,C:\Users\Swastik\Desktop\Jigsaw\runs\lightning_completion\jigsaw-cora-clean-full-gcp-cpux8-v3\results\prod_cora_clean_s20260608_q50_types_all_sizes20_50_100_mean_rrf_component_b2_5_10_20_per_query.csv,cora,cora,20260608,cora_jigsaw,random_walk,50,coarse_mean_rrf,mean_rrf_component,type_feat32,50,50,50,0,50,0,0,0,0,50,0,0.07506179072006489,0.06529900749978879,0.13731432355027662,3016.16,6175.65,51.3,384.29196608469016,409.5001309637097,5.4,0.8600877192982456,0.6356203007518797,8.0,17.549999999999997,18.509999999999998,7.9387056754704215,27.946030298277005,4.975807736839175,2,33,14,1,0,0,0,0,0,0,,,,,,,,,,,,,,,,,,,,,,,,,,,,,,,,,,,,,,,,,,,,,,,,,,,,,,,,,,,,,,,,,,,,,,,,,,,,,,,,,,,,,,,,,,,,,,,,,,,,,,,,,,,,,,,,,,,,,,2,2,33,35,14,49,1,50,0,50,0,50,0,50,0,50,0,50,0,50,legacy_planted_id_v0_audited_equivalent_to_query_payload_v1
runs\lightning_completion\jigsaw-cora-clean-full-gcp-cpux8-v3\summary.csv,C:\Users\Swastik\Desktop\Jigsaw\runs\lightning_completion\jigsaw-cora-clean-full-gcp-cpux8-v3\results\prod_cora_clean_s20260608_q50_types_all_sizes20_50_100_mean_rrf_component_b2_5_10_20_per_query.csv,cora,cora,20260608,cora_jigsaw,random_walk,100,coarse_mean_rrf,mean_rrf_component,type_feat32,50,50,50,0,50,0,0,0,0,50,0,0.16109699550001097,0.1515543635002814,0.27176494795003237,5723.28,11563.7,103.04,191.91631668669456,160.21159183369767,8.76,0.8629746835443037,0.5804350536945474,13.5,19.0,20.0,9.341685981064098,44.95774889241021,6.02231297468187,1,7,25,17,0,0,0,0,0,0,,,,,,,,,,,,,,,,,,,,,,,,,,,,,,,,,,,,,,,,,,,,,,,,,,,,,,,,,,,,,,,,,,,,,,,,,,,,,,,,,,,,,,,,,,,,,,,,,,,,,,,,,,,,,,,,,,,,,,1,1,7,8,25,33,17,50,0,50,0,50,0,50,0,50,0,50,0,50,legacy_planted_id_v0_audited_equivalent_to_query_payload_v1
corrected_connected_rerun::prod_cora_connected_mf_mc_s20260608_q50_types_multi_fine_multi_coarse_sizes20_50_100_mean_rrf_component_b2_5_10_20_per_query.csv,runs/lightning_connected_reruns/jigsaw-cora-mf-mc-connected-gcp-cpux8-v3/results/prod_cora_connected_mf_mc_s20260608_q50_types_multi_fine_multi_coarse_sizes20_50_100_mean_rrf_component_b2_5_10_20_per_query.csv,cora,cora,20260608,cora_jigsaw,multi_coarse,20,coarse_mean_rrf,mean_rrf_component,type_feat32,50,50,50,0,50,0,0,0,0,50,0,0.07222132964000139,0.06803059199995687,0.16492918645000143,2676.18,6153.75,20.22,978.0533493962179,1214.1830959686665,3.08,0.7693877551020408,0.8018707482993197,3.5,6.0,8.509999999999998,5.7275583265399455,32.87000961224563,3.9776075510203834,9,34,7,0,0,0,0,0,0,0,,,,,,,,,,,,,,,,,,,,,,,,,,,,,,,,,,,,,,,,,,,,,,,,,,,,,,,,,,,,,,,,,,,,,,,,,,,,,,,,,,,,,,,,,,,,,,,,,,,,,,,,,,,,,,,,,,,,,,9,9,34,43,7,50,0,50,0,50,0,50,0,50,0,50,0,50,0,50,legacy_planted_id_v0_audited_equivalent_to_query_payload_v1
corrected_connected_rerun::prod_cora_connected_mf_mc_s20260608_q50_types_multi_fine_multi_coarse_sizes20_50_100_mean_rrf_component_b2_5_10_20_per_query.csv,runs/lightning_connected_reruns/jigsaw-cora-mf-mc-connected-gcp-cpux8-v3/results/prod_cora_connected_mf_mc_s20260608_q50_types_multi_fine_multi_coarse_sizes20_50_100_mean_rrf_component_b2_5_10_20_per_query.csv,cora,cora,20260608,cora_jigsaw,multi_coarse,50,coarse_mean_rrf,mean_rrf_component,type_feat32,50,50,50,0,50,0,0,0,0,50,0,0.08971824854002079,0.08128203150010904,0.1864918265001108,3106.26,6702.149999999999,50.58,389.11132890863337,348.222881186369,3.56,0.8106796116504854,0.7766990291262136,4.0,6.0,7.509999999999998,7.3431728543703425,37.289161854377184,6.263385980584371,5,37,8,0,0,0,0,0,0,0,,,,,,,,,,,,,,,,,,,,,,,,,,,,,,,,,,,,,,,,,,,,,,,,,,,,,,,,,,,,,,,,,,,,,,,,,,,,,,,,,,,,,,,,,,,,,,,,,,,,,,,,,,,,,,,,,,,,,,5,5,37,42,8,50,0,50,0,50,0,50,0,50,0,50,0,50,0,50,legacy_planted_id_v0_audited_equivalent_to_query_payload_v1
corrected_connected_rerun::prod_cora_connected_mf_mc_s20260608_q50_types_multi_fine_multi_coarse_sizes20_50_100_mean_rrf_component_b2_5_10_20_per_query.csv,runs/lightning_connected_reruns/jigsaw-cora-mf-mc-connected-gcp-cpux8-v3/results/prod_cora_connected_mf_mc_s20260608_q50_types_multi_fine_multi_coarse_sizes20_50_100_mean_rrf_component_b2_5_10_20_per_query.csv,cora,cora,20260608,cora_jigsaw,multi_coarse,100,coarse_mean_rrf,mean_rrf_component,type_feat32,50,50,50,0,50,0,0,0,0,50,0,0.13509298464001632,0.1126452269999163,0.23695019550019653,3676.94,6649.7,100.68,194.77791507832706,135.80969729031375,3.86,0.7973214285714285,0.7619047619047619,5.0,9.099999999999994,10.0,10.537889357141442,49.50336541964617,10.806002723218253,5,28,17,0,0,0,0,0,0,0,,,,,,,,,,,,,,,,,,,,,,,,,,,,,,,,,,,,,,,,,,,,,,,,,,,,,,,,,,,,,,,,,,,,,,,,,,,,,,,,,,,,,,,,,,,,,,,,,,,,,,,,,,,,,,,,,,,,,,5,5,28,33,17,50,0,50,0,50,0,50,0,50,0,50,0,50,0,50,legacy_planted_id_v0_audited_equivalent_to_query_payload_v1
/workspace/jigsaw_pkg/runs/noid_negative_cora_v4/results/prod_cora_pv1_s20260608_neg_mean_rrf_component_b2_5_10_20_per_query.csv,/workspace/jigsaw_pkg/runs/noid_negative_cora_v4/results/prod_cora_pv1_s20260608_neg_mean_rrf_component_b2_5_10_20_per_query.csv,cora,cora,20260608,cora_overlap_best,negative_label,20,coarse_mean_rrf,mean_rrf_component,type_feat32,50,0,0,50,0,0,50,0,0,34,0,0.21730796449998707,0.2822019339999997,0.3489070164998622,13311.88,18904.3,0.0,368.40400233249136,522.2254175783041,2.72,0.2615,0.7140000000000002,8.0,17.0,18.509999999999998,6.433808579997731,54.326991124996766,0.0,0,0,0,0,0,0,0,0,0,0,query_payload_v1_negative_rerun_2026-08-01,50,0,,0,1,0,50,0,0.054326991125,0.00643380858,0.21730796449998707,13311.88,,,,,,,,0,,,,,,,,,,,,,,,,,,,,,,,,,,,,,,,,,,,,,,,,,,,,,,,,,,,,,,,,,,,,,,,,,,,,,,,,,,,,,,,,,,,,,,,,,,,,,,,0.68,0,0,0,0,0,0,0,0,0,0,0,0,0,0,0,0,0,0,0,0,0,query_payload_v1
/workspace/jigsaw_pkg/runs/noid_negative_cora_v4/results/prod_cora_pv1_s20260608_neg_mean_rrf_component_b2_5_10_20_per_query.csv,/workspace/jigsaw_pkg/runs/noid_negative_cora_v4/results/prod_cora_pv1_s20260608_neg_mean_rrf_component_b2_5_10_20_per_query.csv,cora,cora,20260608,cora_overlap_best,negative_label,50,coarse_mean_rrf,mean_rrf_component,type_feat32,50,0,0,50,0,0,50,0,0,23,0,0.1474911758999815,0.09666888999993262,0.3046922329500262,9045.46,19047.2,0.0,289.06212848699755,287.2157994864197,4.82,0.4382500000000002,0.6652705627705628,12.5,19.549999999999997,20.0,8.791418460000386,36.872793974995375,0.0,0,0,0,0,0,0,0,0,0,0,query_payload_v1_negative_rerun_2026-08-01,50,0,,0,1,0,50,0,0.036872793975,0.00879141846,0.1474911758999815,9045.46,,,,,,,,0,,,,,,,,,,,,,,,,,,,,,,,,,,,,,,,,,,,,,,,,,,,,,,,,,,,,,,,,,,,,,,,,,,,,,,,,,,,,,,,,,,,,,,,,,,,,,,,0.46,0,0,0,0,0,0,0,0,0,0,0,0,0,0,0,0,0,0,0,0,0,query_payload_v1
/workspace/jigsaw_pkg/runs/noid_negative_cora_v4/results/prod_cora_pv1_s20260608_neg_mean_rrf_component_b2_5_10_20_per_query.csv,/workspace/jigsaw_pkg/runs/noid_negative_cora_v4/results/prod_cora_pv1_s20260608_neg_mean_rrf_component_b2_5_10_20_per_query.csv,cora,cora,20260608,cora_overlap_best,negative_label,100,coarse_mean_rrf,mean_rrf_component,type_feat32,50,0,0,50,0,0,50,0,0,18,0,0.11507907022000154,0.09624266399993076,0.2924141885000267,7000.58,18810.55,0.0,177.3714903411293,128.25172474578468,6.56,0.5004999999999998,0.595366813741814,14.0,19.549999999999997,20.0,12.733872719993542,28.769767555000385,0.0,0,0,0,0,0,0,0,0,0,0,query_payload_v1_negative_rerun_2026-08-01,50,0,,0,1,0,50,0,0.028769767555,0.01273387272,0.11507907022000154,7000.58,,,,,,,,0,,,,,,,,,,,,,,,,,,,,,,,,,,,,,,,,,,,,,,,,,,,,,,,,,,,,,,,,,,,,,,,,,,,,,,,,,,,,,,,,,,,,,,,,,,,,,,,0.36,0,0,0,0,0,0,0,0,0,0,0,0,0,0,0,0,0,0,0,0,0,query_payload_v1
/workspace/jigsaw_pkg/runs/noid_negative_cora_v4/results/prod_cora_pv1_s20260608_neg_mean_rrf_component_b2_5_10_20_per_query.csv,/workspace/jigsaw_pkg/runs/noid_negative_cora_v4/results/prod_cora_pv1_s20260608_neg_mean_rrf_component_b2_5_10_20_per_query.csv,cora,cora,20260608,cora_overlap_best,negative_structure,20,coarse_mean_rrf,mean_rrf_component,type_feat32,50,0,0,50,0,0,50,0,0,50,0,0.06128962312000794,0.052261475500188226,0.10371496544992165,757.22,4555.149999999991,20.22,976.559181216572,1773.1029646144461,3.16,0.4180000000000001,0.8220833333333336,6.0,17.549999999999997,19.019999999999996,6.7208142199956455,9.701037810000912,5.621367970001074,0,0,0,0,0,0,0,0,0,0,query_payload_v1_negative_rerun_2026-08-01,50,0,,0,1,0,50,0.00562136797,0.00970103781,0.00672081422,0.06128962312000794,757.22,,,,,,,,0,,,,,,,,,,,,,,,,,,,,,,,,,,,,,,,,,,,,,,,,,,,,,,,,,,,,,,,,,,,,,,,,,,,,,,,,,,,,,,,,,,,,,,,,,,,,,,,1,0,0,0,0,0,0,0,0,0,0,0,0,0,0,0,0,0,0,0,0,0,query_payload_v1
/workspace/jigsaw_pkg/runs/noid_negative_cora_v4/results/prod_cora_pv1_s20260608_neg_mean_rrf_component_b2_5_10_20_per_query.csv,/workspace/jigsaw_pkg/runs/noid_negative_cora_v4/results/prod_cora_pv1_s20260608_neg_mean_rrf_component_b2_5_10_20_per_query.csv,cora,cora,20260608,cora_overlap_best,negative_structure,50,coarse_mean_rrf,mean_rrf_component,type_feat32,50,0,0,50,0,0,50,0,0,50,0,0.07584575452000081,0.06404427000006763,0.12165411555007494,1304.26,5873.65,49.88,394.88515606356015,575.519849316702,4.98,0.5517500000000001,0.7481547619047619,10.5,18.549999999999997,20.0,9.111730020006235,11.913473939999335,7.0479646900008674,0,0,0,0,0,0,0,0,0,0,query_payload_v1_negative_rerun_2026-08-01,50,0,,0,1,0,50,0.00704796469,0.01191347394,0.00911173002001,0.07584575452000081,1304.26,,,,,,,,0,,,,,,,,,,,,,,,,,,,,,,,,,,,,,,,,,,,,,,,,,,,,,,,,,,,,,,,,,,,,,,,,,,,,,,,,,,,,,,,,,,,,,,,,,,,,,,,1,0,0,0,0,0,0,0,0,0,0,0,0,0,0,0,0,0,0,0,0,0,query_payload_v1
/workspace/jigsaw_pkg/runs/noid_negative_cora_v4/results/prod_cora_pv1_s20260608_neg_mean_rrf_component_b2_5_10_20_per_query.csv,/workspace/jigsaw_pkg/runs/noid_negative_cora_v4/results/prod_cora_pv1_s20260608_neg_mean_rrf_component_b2_5_10_20_per_query.csv,cora,cora,20260608,cora_overlap_best,negative_structure,100,coarse_mean_rrf,mean_rrf_component,type_feat32,50,0,0,50,0,0,50,0,0,50,0,0.08673041013997362,0.0804752439998424,0.12220918639990257,1495.2,5963.4,100.8,195.51311046872775,212.9496724866606,6.84,0.6854999999999997,0.7033827422577421,12.0,19.549999999999997,20.0,12.916489979993457,12.074609944993426,9.60799258999998,0,0,0,0,0,0,0,0,0,0,query_payload_v1_negative_rerun_2026-08-01,50,0,,0,1,0,50,0.00960799259,0.012074609945,0.01291648998,0.08673041013997362,1495.2,,,,,,,,0,,,,,,,,,,,,,,,,,,,,,,,,,,,,,,,,,,,,,,,,,,,,,,,,,,,,,,,,,,,,,,,,,,,,,,,,,,,,,,,,,,,,,,,,,,,,,,,1,0,0,0,0,0,0,0,0,0,0,0,0,0,0,0,0,0,0,0,0,0,query_payload_v1
runs\lightning_completion\jigsaw-cora-clean-full-gcp-cpux8-v3\summary.csv,C:\Users\Swastik\Desktop\Jigsaw\runs\lightning_completion\jigsaw-cora-clean-full-gcp-cpux8-v3\results\prod_cora_clean_s20260608_q50_types_all_sizes20_50_100_topo_feature_component_b2_5_10_20_per_query.csv,cora,cora,20260608,cora,single,20,topo_feature,topo_feature_component,type_feat32,50,50,50,0,50,0,0,0,0,50,0,0.17061641686009352,0.14924151249988427,0.25849716444995463,7898.38,11416.7,20.3,946.3093201710832,515.6306164024166,1.0,0.0325,0.3125,8.5,18.549999999999997,19.509999999999998,0.26066830002378083,51.044606612524035,2.273023656255191,1,8,21,20,0,0,0,0,0,0,,,,,,,,,,,,,,,,,,,,,,,,,,,,,,,,,,,,,,,,,,,,,,,,,,,,,,,,,,,,,,,,,,,,,,,,,,,,,,,,,,,,,,,,,,,,,,,,,,,,,,,,,,,,,,,,,,,,,,1,1,8,9,21,30,20,50,0,50,0,50,0,50,0,50,0,50,0,50,legacy_planted_id_v0_audited_equivalent_to_query_payload_v1
runs\lightning_completion\jigsaw-cora-clean-full-gcp-cpux8-v3\summary.csv,C:\Users\Swastik\Desktop\Jigsaw\runs\lightning_completion\jigsaw-cora-clean-full-gcp-cpux8-v3\results\prod_cora_clean_s20260608_q50_types_all_sizes20_50_100_topo_feature_component_b2_5_10_20_per_query.csv,cora,cora,20260608,cora,single,50,topo_feature,topo_feature_component,type_feat32,50,50,50,0,50,0,0,0,0,50,0,0.1837228676000086,0.17030791250022048,0.32672270835009837,8016.56,11637.35,50.18,389.88776992306333,180.28688036369655,1.0,0.038050314465408804,0.31446540880503143,10.0,18.0,19.0,0.24713570437941015,54.207645433970754,3.5668412326986245,4,6,17,23,0,0,0,0,0,0,,,,,,,,,,,,,,,,,,,,,,,,,,,,,,,,,,,,,,,,,,,,,,,,,,,,,,,,,,,,,,,,,,,,,,,,,,,,,,,,,,,,,,,,,,,,,,,,,,,,,,,,,,,,,,,,,,,,,,4,4,6,10,17,27,23,50,0,50,0,50,0,50,0,50,0,50,0,50,legacy_planted_id_v0_audited_equivalent_to_query_payload_v1
runs\lightning_completion\jigsaw-cora-clean-full-gcp-cpux8-v3\summary.csv,C:\Users\Swastik\Desktop\Jigsaw\runs\lightning_completion\jigsaw-cora-clean-full-gcp-cpux8-v3\results\prod_cora_clean_s20260608_q50_types_all_sizes20_50_100_topo_feature_component_b2_5_10_20_per_query.csv,cora,cora,20260608,cora,single,100,topo_feature,topo_feature_component,type_feat32,50,50,50,0,50,0,0,0,0,50,0,0.19035619256007522,0.15995387199996003,0.31265026880009816,7636.3,11676.55,100.56,193.20152926952,84.3766919323967,1.0,0.04318181818181818,0.3246753246753247,9.0,19.0,20.0,0.2862862207981474,55.531037207812275,6.272921415588767,5,7,17,21,0,0,0,0,0,0,,,,,,,,,,,,,,,,,,,,,,,,,,,,,,,,,,,,,,,,,,,,,,,,,,,,,,,,,,,,,,,,,,,,,,,,,,,,,,,,,,,,,,,,,,,,,,,,,,,,,,,,,,,,,,,,,,,,,,5,5,7,12,17,29,21,50,0,50,0,50,0,50,0,50,0,50,0,50,legacy_planted_id_v0_audited_equivalent_to_query_payload_v1
corrected_connected_rerun::prod_cora_connected_mf_mc_s20260608_q50_types_multi_fine_multi_coarse_sizes20_50_100_topo_feature_component_b2_5_10_20_per_query.csv,runs/lightning_connected_reruns/jigsaw-cora-mf-mc-connected-gcp-cpux8-v3/results/prod_cora_connected_mf_mc_s20260608_q50_types_multi_fine_multi_coarse_sizes20_50_100_topo_feature_component_b2_5_10_20_per_query.csv,cora,cora,20260608,cora,multi_fine,20,topo_feature,topo_feature_component,type_feat32,50,50,50,0,50,0,0,0,0,50,0,0.2066228657999841,0.17498647399986567,0.35659786500006585,7263.3,11553.3,20.26,944.3914682009843,664.205831208186,1.0,0.04304635761589404,0.33112582781456956,9.0,17.0,19.0,0.2226732980201427,65.73220661589072,2.6859608675477222,3,13,14,20,0,0,0,0,0,0,,,,,,,,,,,,,,,,,,,,,,,,,,,,,,,,,,,,,,,,,,,,,,,,,,,,,,,,,,,,,,,,,,,,,,,,,,,,,,,,,,,,,,,,,,,,,,,,,,,,,,,,,,,,,,,,,,,,,,3,3,13,16,14,30,20,50,0,50,0,50,0,50,0,50,0,50,0,50,legacy_planted_id_v0_audited_equivalent_to_query_payload_v1
corrected_connected_rerun::prod_cora_connected_mf_mc_s20260608_q50_types_multi_fine_multi_coarse_sizes20_50_100_topo_feature_component_b2_5_10_20_per_query.csv,runs/lightning_connected_reruns/jigsaw-cora-mf-mc-connected-gcp-cpux8-v3/results/prod_cora_connected_mf_mc_s20260608_q50_types_multi_fine_multi_coarse_sizes20_50_100_topo_feature_component_b2_5_10_20_per_query.csv,cora,cora,20260608,cora,multi_fine,50,topo_feature,topo_feature_component,type_feat32,50,50,50,0,50,0,0,0,0,50,0,0.17292904361999262,0.19540403949997653,0.2961495515001502,7965.0,11668.650000000001,50.48,385.0641320501334,198.01794012348438,1.0,0.040822784810126585,0.31645569620253167,10.0,19.549999999999997,20.0,0.1900220822919805,51.21944448101247,3.5049364113902652,5,7,13,25,0,0,0,0,0,0,,,,,,,,,,,,,,,,,,,,,,,,,,,,,,,,,,,,,,,,,,,,,,,,,,,,,,,,,,,,,,,,,,,,,,,,,,,,,,,,,,,,,,,,,,,,,,,,,,,,,,,,,,,,,,,,,,,,,,5,5,7,12,13,25,25,50,0,50,0,50,0,50,0,50,0,50,0,50,legacy_planted_id_v0_audited_equivalent_to_query_payload_v1
corrected_connected_rerun::prod_cora_connected_mf_mc_s20260608_q50_types_multi_fine_multi_coarse_sizes20_50_100_topo_feature_component_b2_5_10_20_per_query.csv,runs/lightning_connected_reruns/jigsaw-cora-mf-mc-connected-gcp-cpux8-v3/results/prod_cora_connected_mf_mc_s20260608_q50_types_multi_fine_multi_coarse_sizes20_50_100_topo_feature_component_b2_5_10_20_per_query.csv,cora,cora,20260608,cora,multi_fine,100,topo_feature,topo_feature_component,type_feat32,50,50,50,0,50,0,0,0,0,50,0,0.18775983711997696,0.2032975239999928,0.3135316754999735,7858.26,11744.7,100.58,192.78251144900915,84.00451384530511,1.0,0.04326923076923077,0.32051282051282054,9.5,18.549999999999997,19.509999999999998,0.21126167949421124,54.17131832692016,6.008116647431431,6,5,16,23,0,0,0,0,0,0,,,,,,,,,,,,,,,,,,,,,,,,,,,,,,,,,,,,,,,,,,,,,,,,,,,,,,,,,,,,,,,,,,,,,,,,,,,,,,,,,,,,,,,,,,,,,,,,,,,,,,,,,,,,,,,,,,,,,,6,6,5,11,16,27,23,50,0,50,0,50,0,50,0,50,0,50,0,50,legacy_planted_id_v0_audited_equivalent_to_query_payload_v1
runs\lightning_completion\jigsaw-cora-clean-full-gcp-cpux8-v3\summary.csv,C:\Users\Swastik\Desktop\Jigsaw\runs\lightning_completion\jigsaw-cora-clean-full-gcp-cpux8-v3\results\prod_cora_clean_s20260608_q50_types_all_sizes20_50_100_topo_feature_component_b2_5_10_20_per_query.csv,cora,cora,20260608,cora,k_hop,20,topo_feature,topo_feature_component,type_feat32,50,50,50,0,50,0,0,0,0,50,0,0.17595478198010825,0.21900499000048512,0.30416174194945145,8248.14,11565.0,20.1,973.2148328445729,610.2128071534994,2.74,0.15181818181818182,0.3888888888888889,15.0,20.0,20.0,0.2004531212178611,51.28472175152968,2.0349091515334186,3,8,10,29,0,0,0,0,0,0,,,,,,,,,,,,,,,,,,,,,,,,,,,,,,,,,,,,,,,,,,,,,,,,,,,,,,,,,,,,,,,,,,,,,,,,,,,,,,,,,,,,,,,,,,,,,,,,,,,,,,,,,,,,,,,,,,,,,,3,3,8,11,10,21,29,50,0,50,0,50,0,50,0,50,0,50,0,50,legacy_planted_id_v0_audited_equivalent_to_query_payload_v1
runs\lightning_completion\jigsaw-cora-clean-full-gcp-cpux8-v3\summary.csv,C:\Users\Swastik\Desktop\Jigsaw\runs\lightning_completion\jigsaw-cora-clean-full-gcp-cpux8-v3\results\prod_cora_clean_s20260608_q50_types_all_sizes20_50_100_topo_feature_component_b2_5_10_20_per_query.csv,cora,cora,20260608,cora,k_hop,50,topo_feature,topo_feature_component,type_feat32,50,50,50,0,50,0,0,0,0,50,0,0.19964728322001066,0.2491767844999231,0.3014759224000727,8860.9,11728.75,49.96,392.23260820768706,196.0546325150596,4.72,0.26794117647058824,0.4149136321195145,15.0,20.0,20.0,0.2441999058405867,55.43962296470882,3.280166217647253,2,4,16,28,0,0,0,0,0,0,,,,,,,,,,,,,,,,,,,,,,,,,,,,,,,,,,,,,,,,,,,,,,,,,,,,,,,,,,,,,,,,,,,,,,,,,,,,,,,,,,,,,,,,,,,,,,,,,,,,,,,,,,,,,,,,,,,,,,2,2,4,6,16,22,28,50,0,50,0,50,0,50,0,50,0,50,0,50,legacy_planted_id_v0_audited_equivalent_to_query_payload_v1
runs\lightning_completion\jigsaw-cora-clean-full-gcp-cpux8-v3\summary.csv,C:\Users\Swastik\Desktop\Jigsaw\runs\lightning_completion\jigsaw-cora-clean-full-gcp-cpux8-v3\results\prod_cora_clean_s20260608_q50_types_all_sizes20_50_100_topo_feature_component_b2_5_10_20_per_query.csv,cora,cora,20260608,cora,k_hop,100,topo_feature,topo_feature_component,type_feat32,50,50,50,0,50,0,0,0,0,50,0,0.23982509062005192,0.26680894850005643,0.33937924549979925,9650.6,11795.0,100.48,193.93955870886012,77.64189798874699,6.74,0.4158333333333333,0.464404962321629,18.0,20.0,20.0,0.26978777777660273,61.32192906667721,5.296151661114992,0,6,8,36,0,0,0,0,0,0,,,,,,,,,,,,,,,,,,,,,,,,,,,,,,,,,,,,,,,,,,,,,,,,,,,,,,,,,,,,,,,,,,,,,,,,,,,,,,,,,,,,,,,,,,,,,,,,,,,,,,,,,,,,,,,,,,,,,,0,0,6,6,8,14,36,50,0,50,0,50,0,50,0,50,0,50,0,50,legacy_planted_id_v0_audited_equivalent_to_query_payload_v1
runs\lightning_completion\jigsaw-cora-clean-full-gcp-cpux8-v3\summary.csv,C:\Users\Swastik\Desktop\Jigsaw\runs\lightning_completion\jigsaw-cora-clean-full-gcp-cpux8-v3\results\prod_cora_clean_s20260608_q50_types_all_sizes20_50_100_topo_feature_component_b2_5_10_20_per_query.csv,cora,cora,20260608,cora,degree_k_hop,20,topo_feature,topo_feature_component,type_feat32,50,50,50,0,50,0,0,0,0,50,0,0.18080266283992386,0.2278970944998946,0.3100678613995342,8284.62,11625.7,19.96,992.2093433088651,672.9722990794634,3.12,0.16863905325443787,0.3937588052972668,13.0,20.0,20.0,0.21654725441235234,51.45060722481998,2.0413048579977313,1,8,12,29,0,0,0,0,0,0,,,,,,,,,,,,,,,,,,,,,,,,,,,,,,,,,,,,,,,,,,,,,,,,,,,,,,,,,,,,,,,,,,,,,,,,,,,,,,,,,,,,,,,,,,,,,,,,,,,,,,,,,,,,,,,,,,,,,,1,1,8,9,12,21,29,50,0,50,0,50,0,50,0,50,0,50,0,50,legacy_planted_id_v0_audited_equivalent_to_query_payload_v1
runs\lightning_completion\jigsaw-cora-clean-full-gcp-cpux8-v3\summary.csv,C:\Users\Swastik\Desktop\Jigsaw\runs\lightning_completion\jigsaw-cora-clean-full-gcp-cpux8-v3\results\prod_cora_clean_s20260608_q50_types_all_sizes20_50_100_topo_feature_component_b2_5_10_20_per_query.csv,cora,cora,20260608,cora,degree_k_hop,50,topo_feature,topo_feature_component,type_feat32,50,50,50,0,50,0,0,0,0,50,0,0.20514092629998232,0.24602559449999717,0.3153126575500209,8882.7,11672.1,49.94,390.2417289792553,176.44076552624506,4.12,0.2543859649122807,0.4229392926761347,17.0,20.0,20.0,0.242076175440778,56.66333947369316,3.3193875146057588,3,6,8,33,0,0,0,0,0,0,,,,,,,,,,,,,,,,,,,,,,,,,,,,,,,,,,,,,,,,,,,,,,,,,,,,,,,,,,,,,,,,,,,,,,,,,,,,,,,,,,,,,,,,,,,,,,,,,,,,,,,,,,,,,,,,,,,,,,3,3,6,9,8,17,33,50,0,50,0,50,0,50,0,50,0,50,0,50,legacy_planted_id_v0_audited_equivalent_to_query_payload_v1
runs\lightning_completion\jigsaw-cora-clean-full-gcp-cpux8-v3\summary.csv,C:\Users\Swastik\Desktop\Jigsaw\runs\lightning_completion\jigsaw-cora-clean-full-gcp-cpux8-v3\results\prod_cora_clean_s20260608_q50_types_all_sizes20_50_100_topo_feature_component_b2_5_10_20_per_query.csv,cora,cora,20260608,cora,degree_k_hop,100,topo_feature,topo_feature_component,type_feat32,50,50,50,0,50,0,0,0,0,50,0,0.26161683947995695,0.2713322884999343,0.3856994315500515,9841.56,11780.6,100.64,191.7975558301969,79.44907004232603,6.78,0.3880434782608696,0.4587478041282389,18.0,20.0,20.0,0.2517316249949268,65.66732667390279,5.424205793476829,0,5,6,39,0,0,0,0,0,0,,,,,,,,,,,,,,,,,,,,,,,,,,,,,,,,,,,,,,,,,,,,,,,,,,,,,,,,,,,,,,,,,,,,,,,,,,,,,,,,,,,,,,,,,,,,,,,,,,,,,,,,,,,,,,,,,,,,,,0,0,5,5,6,11,39,50,0,50,0,50,0,50,0,50,0,50,0,50,legacy_planted_id_v0_audited_equivalent_to_query_payload_v1
runs\lightning_completion\jigsaw-cora-clean-full-gcp-cpux8-v3\summary.csv,C:\Users\Swastik\Desktop\Jigsaw\runs\lightning_completion\jigsaw-cora-clean-full-gcp-cpux8-v3\results\prod_cora_clean_s20260608_q50_types_all_sizes20_50_100_topo_feature_component_b2_5_10_20_per_query.csv,cora,cora,20260608,cora,random_walk,20,topo_feature,topo_feature_component,type_feat32,50,50,50,0,50,0,0,0,0,50,0,0.20765759739988426,0.22857038499978444,0.3009127944994361,9803.9,11676.2,20.82,946.3541764864765,632.1989535529799,3.18,0.14919354838709678,0.4175627240143369,16.0,20.0,20.0,0.21446934409786697,53.9859777903036,1.835956994611518,0,1,12,37,0,0,0,0,0,0,,,,,,,,,,,,,,,,,,,,,,,,,,,,,,,,,,,,,,,,,,,,,,,,,,,,,,,,,,,,,,,,,,,,,,,,,,,,,,,,,,,,,,,,,,,,,,,,,,,,,,,,,,,,,,,,,,,,,,0,0,1,1,12,13,37,50,0,50,0,50,0,50,0,50,0,50,0,50,legacy_planted_id_v0_audited_equivalent_to_query_payload_v1
runs\lightning_completion\jigsaw-cora-clean-full-gcp-cpux8-v3\summary.csv,C:\Users\Swastik\Desktop\Jigsaw\runs\lightning_completion\jigsaw-cora-clean-full-gcp-cpux8-v3\results\prod_cora_clean_s20260608_q50_types_all_sizes20_50_100_topo_feature_component_b2_5_10_20_per_query.csv,cora,cora,20260608,cora,random_walk,50,topo_feature,topo_feature_component,type_feat32,50,50,50,0,50,0,0,0,0,50,0,0.24231572680000682,0.25975291700001435,0.3248461870005485,10155.7,11754.5,51.3,377.16569332733167,226.48889799189405,5.4,0.28750000000000003,0.46659226190476194,16.0,20.0,20.0,0.2639592083658234,60.08460027083373,3.018453583334709,1,1,3,45,0,0,0,0,0,0,,,,,,,,,,,,,,,,,,,,,,,,,,,,,,,,,,,,,,,,,,,,,,,,,,,,,,,,,,,,,,,,,,,,,,,,,,,,,,,,,,,,,,,,,,,,,,,,,,,,,,,,,,,,,,,,,,,,,,1,1,1,2,3,5,45,50,0,50,0,50,0,50,0,50,0,50,0,50,legacy_planted_id_v0_audited_equivalent_to_query_payload_v1
runs\lightning_completion\jigsaw-cora-clean-full-gcp-cpux8-v3\summary.csv,C:\Users\Swastik\Desktop\Jigsaw\runs\lightning_completion\jigsaw-cora-clean-full-gcp-cpux8-v3\results\prod_cora_clean_s20260608_q50_types_all_sizes20_50_100_topo_feature_component_b2_5_10_20_per_query.csv,cora,cora,20260608,cora,random_walk,100,topo_feature,topo_feature_component,type_feat32,50,50,50,0,50,0,0,0,0,50,0,0.2768587283999841,0.2722310735005067,0.3490727865503686,11289.24,11801.650000000001,103.04,187.58299928358053,97.39831806911441,8.76,0.4949748743718593,0.484683504658379,19.0,20.0,20.0,0.2918799899469459,64.9166277135672,4.645866859293128,0,0,1,49,0,0,0,0,0,0,,,,,,,,,,,,,,,,,,,,,,,,,,,,,,,,,,,,,,,,,,,,,,,,,,,,,,,,,,,,,,,,,,,,,,,,,,,,,,,,,,,,,,,,,,,,,,,,,,,,,,,,,,,,,,,,,,,,,,0,0,0,0,1,1,49,50,0,50,0,50,0,50,0,50,0,50,0,50,legacy_planted_id_v0_audited_equivalent_to_query_payload_v1
corrected_connected_rerun::prod_cora_connected_mf_mc_s20260608_q50_types_multi_fine_multi_coarse_sizes20_50_100_topo_feature_component_b2_5_10_20_per_query.csv,runs/lightning_connected_reruns/jigsaw-cora-mf-mc-connected-gcp-cpux8-v3/results/prod_cora_connected_mf_mc_s20260608_q50_types_multi_fine_multi_coarse_sizes20_50_100_topo_feature_component_b2_5_10_20_per_query.csv,cora,cora,20260608,cora,multi_coarse,20,topo_feature,topo_feature_component,type_feat32,50,50,50,0,50,0,0,0,0,50,0,0.22683047842000634,0.23485094049993904,0.32887260500007187,10219.08,11616.8,20.24,966.5117169286854,655.0912590459159,3.08,0.17566137566137568,0.46022927689594356,15.0,20.0,20.0,0.21094700530428537,58.13856251322872,1.869500560847021,0,1,9,40,0,0,0,0,0,0,,,,,,,,,,,,,,,,,,,,,,,,,,,,,,,,,,,,,,,,,,,,,,,,,,,,,,,,,,,,,,,,,,,,,,,,,,,,,,,,,,,,,,,,,,,,,,,,,,,,,,,,,,,,,,,,,,,,,,0,0,1,1,9,10,40,50,0,50,0,50,0,50,0,50,0,50,0,50,legacy_planted_id_v0_audited_equivalent_to_query_payload_v1
corrected_connected_rerun::prod_cora_connected_mf_mc_s20260608_q50_types_multi_fine_multi_coarse_sizes20_50_100_topo_feature_component_b2_5_10_20_per_query.csv,runs/lightning_connected_reruns/jigsaw-cora-mf-mc-connected-gcp-cpux8-v3/results/prod_cora_connected_mf_mc_s20260608_q50_types_multi_fine_multi_coarse_sizes20_50_100_topo_feature_component_b2_5_10_20_per_query.csv,cora,cora,20260608,cora,multi_coarse,50,topo_feature,topo_feature_component,type_feat32,50,50,50,0,50,0,0,0,0,50,0,0.24215564473998938,0.2420673905000399,0.32387650599995366,10916.88,11729.65,50.58,385.7501743804762,189.34058259260433,3.56,0.20824742268041235,0.46675257731958764,16.5,20.0,20.0,0.22675988660389473,59.47001280927668,2.941235835050483,0,2,2,46,0,0,0,0,0,0,,,,,,,,,,,,,,,,,,,,,,,,,,,,,,,,,,,,,,,,,,,,,,,,,,,,,,,,,,,,,,,,,,,,,,,,,,,,,,,,,,,,,,,,,,,,,,,,,,,,,,,,,,,,,,,,,,,,,,0,0,2,2,2,4,46,50,0,50,0,50,0,50,0,50,0,50,0,50,legacy_planted_id_v0_audited_equivalent_to_query_payload_v1
corrected_connected_rerun::prod_cora_connected_mf_mc_s20260608_q50_types_multi_fine_multi_coarse_sizes20_50_100_topo_feature_component_b2_5_10_20_per_query.csv,runs/lightning_connected_reruns/jigsaw-cora-mf-mc-connected-gcp-cpux8-v3/results/prod_cora_connected_mf_mc_s20260608_q50_types_multi_fine_multi_coarse_sizes20_50_100_topo_feature_component_b2_5_10_20_per_query.csv,cora,cora,20260608,cora,multi_coarse,100,topo_feature,topo_feature_component,type_feat32,50,50,50,0,50,0,0,0,0,50,0,0.2781361369799902,0.26847098449979967,0.35187331854996273,11568.06,11796.45,100.68,191.38435314446255,75.84540414517544,3.86,0.1957286432160804,0.45343383584589614,18.0,20.0,20.0,0.21400082915309912,65.2580552864281,4.625396216081996,0,0,1,49,0,0,0,0,0,0,,,,,,,,,,,,,,,,,,,,,,,,,,,,,,,,,,,,,,,,,,,,,,,,,,,,,,,,,,,,,,,,,,,,,,,,,,,,,,,,,,,,,,,,,,,,,,,,,,,,,,,,,,,,,,,,,,,,,,0,0,0,0,1,1,49,50,0,50,0,50,0,50,0,50,0,50,0,50,legacy_planted_id_v0_audited_equivalent_to_query_payload_v1
/workspace/jigsaw_pkg/runs/noid_negative_cora_v4/results/prod_cora_pv1_s20260608_neg_topo_feature_component_b2_5_10_20_per_query.csv,/workspace/jigsaw_pkg/runs/noid_negative_cora_v4/results/prod_cora_pv1_s20260608_neg_topo_feature_component_b2_5_10_20_per_query.csv,cora,cora,20260608,cora,negative_label,20,topo_feature,topo_feature_component,type_feat32,50,0,0,50,0,0,50,0,0,30,0,0.2512532791200101,0.2993199769999819,0.33143174185006496,15088.22,18904.3,0.0,368.5310047426654,310.6346267841593,2.72,0.15299999999999997,0.49308333333333354,13.0,20.0,20.0,0.21394878000819517,62.81331978000253,0.0,0,0,0,0,0,0,0,0,0,0,query_payload_v1_negative_rerun_2026-08-01,50,0,,0,1,0,50,0,0.06281331978,0.000213948780008,0.2512532791200101,15088.22,,,,,,,,0,,,,,,,,,,,,,,,,,,,,,,,,,,,,,,,,,,,,,,,,,,,,,,,,,,,,,,,,,,,,,,,,,,,,,,,,,,,,,,,,,,,,,,,,,,,,,,,0.6,0,0,0,0,0,0,0,0,0,0,0,0,0,0,0,0,0,0,0,0,0,query_payload_v1
/workspace/jigsaw_pkg/runs/noid_negative_cora_v4/results/prod_cora_pv1_s20260608_neg_topo_feature_component_b2_5_10_20_per_query.csv,/workspace/jigsaw_pkg/runs/noid_negative_cora_v4/results/prod_cora_pv1_s20260608_neg_topo_feature_component_b2_5_10_20_per_query.csv,cora,cora,20260608,cora,negative_label,50,topo_feature,topo_feature_component,type_feat32,50,0,0,50,0,0,50,0,0,17,0,0.1983315053999786,0.18517395700007455,0.3144469070500179,12428.68,19047.2,0.0,286.3094643179736,174.05165130326276,4.82,0.2547499999999999,0.464395562770563,16.0,20.0,20.0,0.19687336000515643,49.58287634999465,0.0,0,0,0,0,0,0,0,0,0,0,query_payload_v1_negative_rerun_2026-08-01,50,0,,0,1,0,50,0,0.04958287635,0.000196873360005,0.1983315053999786,12428.68,,,,,,,,0,,,,,,,,,,,,,,,,,,,,,,,,,,,,,,,,,,,,,,,,,,,,,,,,,,,,,,,,,,,,,,,,,,,,,,,,,,,,,,,,,,,,,,,,,,,,,,,0.34,0,0,0,0,0,0,0,0,0,0,0,0,0,0,0,0,0,0,0,0,0,query_payload_v1
/workspace/jigsaw_pkg/runs/noid_negative_cora_v4/results/prod_cora_pv1_s20260608_neg_topo_feature_component_b2_5_10_20_per_query.csv,/workspace/jigsaw_pkg/runs/noid_negative_cora_v4/results/prod_cora_pv1_s20260608_neg_topo_feature_component_b2_5_10_20_per_query.csv,cora,cora,20260608,cora,negative_label,100,topo_feature,topo_feature_component,type_feat32,50,0,0,50,0,0,50,0,0,9,0,0.1580119576399875,0.17769510350001383,0.29716988704997216,10106.9,18810.55,0.0,176.85756721991137,87.36751316299524,6.56,0.3634999999999999,0.48821080308580334,19.0,20.0,20.0,0.18878208000160157,39.50298940999687,0.0,0,0,0,0,0,0,0,0,0,0,query_payload_v1_negative_rerun_2026-08-01,50,0,,0,1,0,50,0,0.03950298941,0.000188782080002,0.1580119576399875,10106.9,,,,,,,,0,,,,,,,,,,,,,,,,,,,,,,,,,,,,,,,,,,,,,,,,,,,,,,,,,,,,,,,,,,,,,,,,,,,,,,,,,,,,,,,,,,,,,,,,,,,,,,,0.18,0,0,0,0,0,0,0,0,0,0,0,0,0,0,0,0,0,0,0,0,0,query_payload_v1
/workspace/jigsaw_pkg/runs/noid_negative_cora_v4/results/prod_cora_pv1_s20260608_neg_topo_feature_component_b2_5_10_20_per_query.csv,/workspace/jigsaw_pkg/runs/noid_negative_cora_v4/results/prod_cora_pv1_s20260608_neg_topo_feature_component_b2_5_10_20_per_query.csv,cora,cora,20260608,cora,negative_structure,20,topo_feature,topo_feature_component,type_feat32,50,0,0,50,0,0,50,0,0,50,0,0.14644284203998495,0.18074282049991552,0.1939848595000342,8595.58,11587.95,20.22,965.1203695282603,753.1727994685846,3.16,0.15799999999999995,0.45116666666666666,15.5,20.0,20.0,0.20076856000059706,34.358392639996964,2.252317869999274,0,0,0,0,0,0,0,0,0,0,query_payload_v1_negative_rerun_2026-08-01,50,0,,0,1,0,50,0.00225231787,0.03435839264,0.000200768560001,0.14644284203998495,8595.58,,,,,,,,0,,,,,,,,,,,,,,,,,,,,,,,,,,,,,,,,,,,,,,,,,,,,,,,,,,,,,,,,,,,,,,,,,,,,,,,,,,,,,,,,,,,,,,,,,,,,,,,1,0,0,0,0,0,0,0,0,0,0,0,0,0,0,0,0,0,0,0,0,0,query_payload_v1
/workspace/jigsaw_pkg/runs/noid_negative_cora_v4/results/prod_cora_pv1_s20260608_neg_topo_feature_component_b2_5_10_20_per_query.csv,/workspace/jigsaw_pkg/runs/noid_negative_cora_v4/results/prod_cora_pv1_s20260608_neg_topo_feature_component_b2_5_10_20_per_query.csv,cora,cora,20260608,cora,negative_structure,50,topo_feature,topo_feature_component,type_feat32,50,0,0,50,0,0,50,0,0,50,0,0.1526962028599928,0.18269268349996537,0.19617079154995168,8982.86,11686.65,49.88,391.75550486240894,263.1158094657712,4.98,0.26525,0.47252380952380946,17.5,20.0,20.0,0.20243498001036642,35.23532133999538,2.938729375002822,0,0,0,0,0,0,0,0,0,0,query_payload_v1_negative_rerun_2026-08-01,50,0,,0,1,0,50,0.002938729375,0.03523532134,0.00020243498001,0.1526962028599928,8982.86,,,,,,,,0,,,,,,,,,,,,,,,,,,,,,,,,,,,,,,,,,,,,,,,,,,,,,,,,,,,,,,,,,,,,,,,,,,,,,,,,,,,,,,,,,,,,,,,,,,,,,,,1,0,0,0,0,0,0,0,0,0,0,0,0,0,0,0,0,0,0,0,0,0,query_payload_v1
/workspace/jigsaw_pkg/runs/noid_negative_cora_v4/results/prod_cora_pv1_s20260608_neg_topo_feature_component_b2_5_10_20_per_query.csv,/workspace/jigsaw_pkg/runs/noid_negative_cora_v4/results/prod_cora_pv1_s20260608_neg_topo_feature_component_b2_5_10_20_per_query.csv,cora,cora,20260608,cora,negative_structure,100,topo_feature,topo_feature_component,type_feat32,50,0,0,50,0,0,50,0,0,50,0,0.16078179122000846,0.18945731250005338,0.20050556044998302,9237.46,11797.55,100.8,192.4886861997294,101.51070528787803,6.84,0.3705000000000001,0.47971421633921635,18.0,20.0,20.0,0.23146666000457117,36.26600216500094,3.929445640001177,0,0,0,0,0,0,0,0,0,0,query_payload_v1_negative_rerun_2026-08-01,50,0,,0,1,0,50,0.00392944564,0.036266002165,0.000231466660005,0.16078179122000846,9237.46,,,,,,,,0,,,,,,,,,,,,,,,,,,,,,,,,,,,,,,,,,,,,,,,,,,,,,,,,,,,,,,,,,,,,,,,,,,,,,,,,,,,,,,,,,,,,,,,,,,,,,,,1,0,0,0,0,0,0,0,0,0,0,0,0,0,0,0,0,0,0,0,0,0,query_payload_v1
runs\lightning_completion\jigsaw-cora-clean-full-gcp-cpux8-v3\summary.csv,C:\Users\Swastik\Desktop\Jigsaw\runs\lightning_completion\jigsaw-cora-clean-full-gcp-cpux8-v3\results\prod_cora_clean_s20260608_q50_types_all_sizes20_50_100_random_component_b2_5_10_20_per_query.csv,cora,cora,20260608,cora,single,20,random,random_component,type_feat32,50,50,50,0,50,0,0,0,0,50,0,0.14628249250004047,0.12035575049992531,0.2644675560501582,7171.98,11803.25,20.3,949.3093552681261,551.5433941116072,1.0,0.05,0.3333333333333333,1000000000.0,1000000000.0,1000000000.0,0.0,46.449720013350394,2.311110819996429,7,8,13,22,0,0,0,0,0,0,,,,,,,,,,,,,,,,,,,,,,,,,,,,,,,,,,,,,,,,,,,,,,,,,,,,,,,,,,,,,,,,,,,,,,,,,,,,,,,,,,,,,,,,,,,,,,,,,,,,,,,,,,,,,,,,,,,,,,7,7,8,15,13,28,22,50,0,50,0,50,0,50,0,50,0,50,0,50,legacy_planted_id_v0_audited_equivalent_to_query_payload_v1
runs\lightning_completion\jigsaw-cora-clean-full-gcp-cpux8-v3\summary.csv,C:\Users\Swastik\Desktop\Jigsaw\runs\lightning_completion\jigsaw-cora-clean-full-gcp-cpux8-v3\results\prod_cora_clean_s20260608_q50_types_all_sizes20_50_100_random_component_b2_5_10_20_per_query.csv,cora,cora,20260608,cora,single,50,random,random_component,type_feat32,50,50,50,0,50,0,0,0,0,50,0,0.19654938842003503,0.24216057900002852,0.3106496518499625,8729.32,11882.5,50.18,388.79838232862215,170.94352636823655,1.0,0.0318452380952381,0.2976190476190476,1000000000.0,1000000000.0,1000000000.0,0.0,55.185586898820326,3.311254892856769,3,7,9,31,0,0,0,0,0,0,,,,,,,,,,,,,,,,,,,,,,,,,,,,,,,,,,,,,,,,,,,,,,,,,,,,,,,,,,,,,,,,,,,,,,,,,,,,,,,,,,,,,,,,,,,,,,,,,,,,,,,,,,,,,,,,,,,,,,3,3,7,10,9,19,31,50,0,50,0,50,0,50,0,50,0,50,0,50,legacy_planted_id_v0_audited_equivalent_to_query_payload_v1
runs\lightning_completion\jigsaw-cora-clean-full-gcp-cpux8-v3\summary.csv,C:\Users\Swastik\Desktop\Jigsaw\runs\lightning_completion\jigsaw-cora-clean-full-gcp-cpux8-v3\results\prod_cora_clean_s20260608_q50_types_all_sizes20_50_100_random_component_b2_5_10_20_per_query.csv,cora,cora,20260608,cora,single,100,random,random_component,type_feat32,50,50,50,0,50,0,0,0,0,50,0,0.17714592113992694,0.16709339749968422,0.2988492954000321,7387.34,11895.5,100.56,192.8029170587207,86.17472093665796,1.0,0.04900662251655629,0.33112582781456956,1000000000.0,1000000000.0,1000000000.0,0.0,52.54687957612505,6.110710205307712,7,7,14,22,0,0,0,0,0,0,,,,,,,,,,,,,,,,,,,,,,,,,,,,,,,,,,,,,,,,,,,,,,,,,,,,,,,,,,,,,,,,,,,,,,,,,,,,,,,,,,,,,,,,,,,,,,,,,,,,,,,,,,,,,,,,,,,,,,7,7,7,14,14,28,22,50,0,50,0,50,0,50,0,50,0,50,0,50,legacy_planted_id_v0_audited_equivalent_to_query_payload_v1
corrected_connected_rerun::prod_cora_connected_mf_mc_s20260608_q50_types_multi_fine_multi_coarse_sizes20_50_100_random_component_b2_5_10_20_per_query.csv,runs/lightning_connected_reruns/jigsaw-cora-mf-mc-connected-gcp-cpux8-v3/results/prod_cora_connected_mf_mc_s20260608_q50_types_multi_fine_multi_coarse_sizes20_50_100_random_component_b2_5_10_20_per_query.csv,cora,cora,20260608,cora,multi_fine,20,random,random_component,type_feat32,50,50,50,0,50,0,0,0,0,50,0,0.1700624517200049,0.21125049549993946,0.2860107499000947,8231.72,11539.35,20.26,950.9578071638507,630.0577675173697,1.0,0.03515151515151515,0.30303030303030304,1000000000.0,1000000000.0,1000000000.0,0.0,49.48333281212275,2.050743466666614,4,7,9,30,0,0,0,0,0,0,,,,,,,,,,,,,,,,,,,,,,,,,,,,,,,,,,,,,,,,,,,,,,,,,,,,,,,,,,,,,,,,,,,,,,,,,,,,,,,,,,,,,,,,,,,,,,,,,,,,,,,,,,,,,,,,,,,,,,4,4,7,11,9,20,30,50,0,50,0,50,0,50,0,50,0,50,0,50,legacy_planted_id_v0_audited_equivalent_to_query_payload_v1
corrected_connected_rerun::prod_cora_connected_mf_mc_s20260608_q50_types_multi_fine_multi_coarse_sizes20_50_100_random_component_b2_5_10_20_per_query.csv,runs/lightning_connected_reruns/jigsaw-cora-mf-mc-connected-gcp-cpux8-v3/results/prod_cora_connected_mf_mc_s20260608_q50_types_multi_fine_multi_coarse_sizes20_50_100_random_component_b2_5_10_20_per_query.csv,cora,cora,20260608,cora,multi_fine,50,random,random_component,type_feat32,50,50,50,0,50,0,0,0,0,50,0,0.20509769637998715,0.23427739549998705,0.3310155425000175,9236.26,11819.650000000001,50.48,381.6275755172379,179.11542678980712,1.0,0.02457142857142857,0.2857142857142857,1000000000.0,1000000000.0,1000000000.0,0.0,55.354918862853346,3.24442296000013,1,5,12,32,0,0,0,0,0,0,,,,,,,,,,,,,,,,,,,,,,,,,,,,,,,,,,,,,,,,,,,,,,,,,,,,,,,,,,,,,,,,,,,,,,,,,,,,,,,,,,,,,,,,,,,,,,,,,,,,,,,,,,,,,,,,,,,,,,1,1,5,6,12,18,32,50,0,50,0,50,0,50,0,50,0,50,0,50,legacy_planted_id_v0_audited_equivalent_to_query_payload_v1
corrected_connected_rerun::prod_cora_connected_mf_mc_s20260608_q50_types_multi_fine_multi_coarse_sizes20_50_100_random_component_b2_5_10_20_per_query.csv,runs/lightning_connected_reruns/jigsaw-cora-mf-mc-connected-gcp-cpux8-v3/results/prod_cora_connected_mf_mc_s20260608_q50_types_multi_fine_multi_coarse_sizes20_50_100_random_component_b2_5_10_20_per_query.csv,cora,cora,20260608,cora,multi_fine,100,random,random_component,type_feat32,50,50,50,0,50,0,0,0,0,50,0,0.19184496203997697,0.2329674614999817,0.32503821199993577,8290.1,11912.95,100.58,193.68417570128787,80.87589777968452,1.0,0.035582822085889566,0.3067484662576687,1000000000.0,1000000000.0,1000000000.0,0.0,53.33713361963061,5.5110142453929924,4,5,15,26,0,0,0,0,0,0,,,,,,,,,,,,,,,,,,,,,,,,,,,,,,,,,,,,,,,,,,,,,,,,,,,,,,,,,,,,,,,,,,,,,,,,,,,,,,,,,,,,,,,,,,,,,,,,,,,,,,,,,,,,,,,,,,,,,,4,4,5,9,15,24,26,50,0,50,0,50,0,50,0,50,0,50,0,50,legacy_planted_id_v0_audited_equivalent_to_query_payload_v1
runs\lightning_completion\jigsaw-cora-clean-full-gcp-cpux8-v3\summary.csv,C:\Users\Swastik\Desktop\Jigsaw\runs\lightning_completion\jigsaw-cora-clean-full-gcp-cpux8-v3\results\prod_cora_clean_s20260608_q50_types_all_sizes20_50_100_random_component_b2_5_10_20_per_query.csv,cora,cora,20260608,cora,k_hop,20,random,random_component,type_feat32,50,50,50,0,50,0,0,0,0,50,0,0.1719149954999557,0.2128486399999474,0.2909190754998463,8401.44,11731.4,20.08,963.9147881841914,606.3503606619773,2.74,0.13023952095808383,0.37954091816367264,1000000000.0,1000000000.0,1000000000.0,0.0,49.45773726345731,2.013818275451582,4,6,9,31,0,0,0,0,0,0,,,,,,,,,,,,,,,,,,,,,,,,,,,,,,,,,,,,,,,,,,,,,,,,,,,,,,,,,,,,,,,,,,,,,,,,,,,,,,,,,,,,,,,,,,,,,,,,,,,,,,,,,,,,,,,,,,,,,,4,4,6,10,9,19,31,50,0,50,0,50,0,50,0,50,0,50,0,50,legacy_planted_id_v0_audited_equivalent_to_query_payload_v1
runs\lightning_completion\jigsaw-cora-clean-full-gcp-cpux8-v3\summary.csv,C:\Users\Swastik\Desktop\Jigsaw\runs\lightning_completion\jigsaw-cora-clean-full-gcp-cpux8-v3\results\prod_cora_clean_s20260608_q50_types_all_sizes20_50_100_random_component_b2_5_10_20_per_query.csv,cora,cora,20260608,cora,k_hop,50,random,random_component,type_feat32,50,50,50,0,50,0,0,0,0,50,0,0.19612575453992576,0.23703903899968282,0.30469854499981464,8995.42,11907.8,49.96,392.19097793569483,197.60017272181824,4.72,0.24098837209302326,0.39805740125507566,1000000000.0,1000000000.0,1000000000.0,0.0,53.88422567440039,3.129075063950125,4,6,4,36,0,0,0,0,0,0,,,,,,,,,,,,,,,,,,,,,,,,,,,,,,,,,,,,,,,,,,,,,,,,,,,,,,,,,,,,,,,,,,,,,,,,,,,,,,,,,,,,,,,,,,,,,,,,,,,,,,,,,,,,,,,,,,,,,,4,4,6,10,4,14,36,50,0,50,0,50,0,50,0,50,0,50,0,50,legacy_planted_id_v0_audited_equivalent_to_query_payload_v1
runs\lightning_completion\jigsaw-cora-clean-full-gcp-cpux8-v3\summary.csv,C:\Users\Swastik\Desktop\Jigsaw\runs\lightning_completion\jigsaw-cora-clean-full-gcp-cpux8-v3\results\prod_cora_clean_s20260608_q50_types_all_sizes20_50_100_random_component_b2_5_10_20_per_query.csv,cora,cora,20260608,cora,k_hop,100,random,random_component,type_feat32,50,50,50,0,50,0,0,0,0,50,0,0.23839012444002036,0.2599044080002386,0.3323839684504037,9902.26,12055.65,100.48,192.96193536077269,75.71466500195056,6.74,0.3153846153846154,0.4166977863406435,1000000000.0,1000000000.0,1000000000.0,0.0,60.37567717583563,5.1161152527414,1,5,5,39,0,0,0,0,0,0,,,,,,,,,,,,,,,,,,,,,,,,,,,,,,,,,,,,,,,,,,,,,,,,,,,,,,,,,,,,,,,,,,,,,,,,,,,,,,,,,,,,,,,,,,,,,,,,,,,,,,,,,,,,,,,,,,,,,,1,1,5,6,5,11,39,50,0,50,0,50,0,50,0,50,0,50,0,50,legacy_planted_id_v0_audited_equivalent_to_query_payload_v1
runs\lightning_completion\jigsaw-cora-clean-full-gcp-cpux8-v3\summary.csv,C:\Users\Swastik\Desktop\Jigsaw\runs\lightning_completion\jigsaw-cora-clean-full-gcp-cpux8-v3\results\prod_cora_clean_s20260608_q50_types_all_sizes20_50_100_random_component_b2_5_10_20_per_query.csv,cora,cora,20260608,cora,degree_k_hop,20,random,random_component,type_feat32,50,50,50,0,50,0,0,0,0,50,0,0.15736593665995316,0.2007480900003884,0.25750248079975785,7503.48,11756.349999999999,19.96,988.4777137296629,710.3306530285903,3.12,0.18270440251572329,0.391749026654687,1000000000.0,1000000000.0,1000000000.0,0.0,47.294680446531814,2.1914631572270413,6,8,7,29,0,0,0,0,0,0,,,,,,,,,,,,,,,,,,,,,,,,,,,,,,,,,,,,,,,,,,,,,,,,,,,,,,,,,,,,,,,,,,,,,,,,,,,,,,,,,,,,,,,,,,,,,,,,,,,,,,,,,,,,,,,,,,,,,,6,6,8,14,7,21,29,50,0,50,0,50,0,50,0,50,0,50,0,50,legacy_planted_id_v0_audited_equivalent_to_query_payload_v1
runs\lightning_completion\jigsaw-cora-clean-full-gcp-cpux8-v3\summary.csv,C:\Users\Swastik\Desktop\Jigsaw\runs\lightning_completion\jigsaw-cora-clean-full-gcp-cpux8-v3\results\prod_cora_clean_s20260608_q50_types_all_sizes20_50_100_random_component_b2_5_10_20_per_query.csv,cora,cora,20260608,cora,degree_k_hop,50,random,random_component,type_feat32,50,50,50,0,50,0,0,0,0,50,0,0.18798406822004834,0.2312101794998398,0.30153901249998394,8557.2,11833.0,49.94,390.43167230348087,178.71594315945518,4.12,0.22994011976047904,0.39720558882235524,1000000000.0,1000000000.0,1000000000.0,0.0,52.94541110778684,3.337244047916265,4,7,7,32,0,0,0,0,0,0,,,,,,,,,,,,,,,,,,,,,,,,,,,,,,,,,,,,,,,,,,,,,,,,,,,,,,,,,,,,,,,,,,,,,,,,,,,,,,,,,,,,,,,,,,,,,,,,,,,,,,,,,,,,,,,,,,,,,,4,4,7,11,7,18,32,50,0,50,0,50,0,50,0,50,0,50,0,50,legacy_planted_id_v0_audited_equivalent_to_query_payload_v1
runs\lightning_completion\jigsaw-cora-clean-full-gcp-cpux8-v3\summary.csv,C:\Users\Swastik\Desktop\Jigsaw\runs\lightning_completion\jigsaw-cora-clean-full-gcp-cpux8-v3\results\prod_cora_clean_s20260608_q50_types_all_sizes20_50_100_random_component_b2_5_10_20_per_query.csv,cora,cora,20260608,cora,degree_k_hop,100,random,random_component,type_feat32,50,50,50,0,50,0,0,0,0,50,0,0.22403066585993656,0.2562386115000663,0.34525804014967887,9270.32,11877.35,100.68,190.7282888294029,78.71879088768475,6.78,0.3282857142857143,0.4023603380746238,1000000000.0,1000000000.0,1000000000.0,0.0,58.60404035425485,5.404721320012738,2,4,11,33,0,0,0,0,0,0,,,,,,,,,,,,,,,,,,,,,,,,,,,,,,,,,,,,,,,,,,,,,,,,,,,,,,,,,,,,,,,,,,,,,,,,,,,,,,,,,,,,,,,,,,,,,,,,,,,,,,,,,,,,,,,,,,,,,,2,2,4,6,11,17,33,50,0,50,0,50,0,50,0,50,0,50,0,50,legacy_planted_id_v0_audited_equivalent_to_query_payload_v1
runs\lightning_completion\jigsaw-cora-clean-full-gcp-cpux8-v3\summary.csv,C:\Users\Swastik\Desktop\Jigsaw\runs\lightning_completion\jigsaw-cora-clean-full-gcp-cpux8-v3\results\prod_cora_clean_s20260608_q50_types_all_sizes20_50_100_random_component_b2_5_10_20_per_query.csv,cora,cora,20260608,cora,random_walk,20,random,random_component,type_feat32,50,50,50,0,50,0,0,0,0,50,0,0.19870461830007116,0.21964048900008493,0.30160993239933304,9415.82,11792.150000000001,20.82,947.3460963615595,654.1276140339291,3.18,0.14972375690607737,0.390147329650092,1000000000.0,1000000000.0,1000000000.0,0.0,52.9397585745886,1.9510199613426602,2,2,9,37,0,0,0,0,0,0,,,,,,,,,,,,,,,,,,,,,,,,,,,,,,,,,,,,,,,,,,,,,,,,,,,,,,,,,,,,,,,,,,,,,,,,,,,,,,,,,,,,,,,,,,,,,,,,,,,,,,,,,,,,,,,,,,,,,,2,2,2,4,9,13,37,50,0,50,0,50,0,50,0,50,0,50,0,50,legacy_planted_id_v0_audited_equivalent_to_query_payload_v1
runs\lightning_completion\jigsaw-cora-clean-full-gcp-cpux8-v3\summary.csv,C:\Users\Swastik\Desktop\Jigsaw\runs\lightning_completion\jigsaw-cora-clean-full-gcp-cpux8-v3\results\prod_cora_clean_s20260608_q50_types_all_sizes20_50_100_random_component_b2_5_10_20_per_query.csv,cora,cora,20260608,cora,random_walk,50,random,random_component,type_feat32,50,50,50,0,50,0,0,0,0,50,0,0.2348763380199398,0.2382853590004288,0.318220404599856,10561.28,11932.349999999999,51.3,375.52681684541267,209.7973201389318,5.4,0.25880829015544043,0.4395139402911424,1000000000.0,1000000000.0,1000000000.0,0.0,57.951590911896986,2.897201321248037,0,0,7,43,0,0,0,0,0,0,,,,,,,,,,,,,,,,,,,,,,,,,,,,,,,,,,,,,,,,,,,,,,,,,,,,,,,,,,,,,,,,,,,,,,,,,,,,,,,,,,,,,,,,,,,,,,,,,,,,,,,,,,,,,,,,,,,,,,0,0,0,0,7,7,43,50,0,50,0,50,0,50,0,50,0,50,0,50,legacy_planted_id_v0_audited_equivalent_to_query_payload_v1
runs\lightning_completion\jigsaw-cora-clean-full-gcp-cpux8-v3\summary.csv,C:\Users\Swastik\Desktop\Jigsaw\runs\lightning_completion\jigsaw-cora-clean-full-gcp-cpux8-v3\results\prod_cora_clean_s20260608_q50_types_all_sizes20_50_100_random_component_b2_5_10_20_per_query.csv,cora,cora,20260608,cora,random_walk,100,random,random_component,type_feat32,50,50,50,0,50,0,0,0,0,50,0,0.2731600406800135,0.27104340349956146,0.3436627845497696,11290.18,12026.4,103.04,186.83825413682055,97.14945082881897,8.76,0.4542929292929293,0.46598510916692737,1000000000.0,1000000000.0,1000000000.0,0.0,64.37628403030504,4.603524222223617,0,1,0,49,0,0,0,0,0,0,,,,,,,,,,,,,,,,,,,,,,,,,,,,,,,,,,,,,,,,,,,,,,,,,,,,,,,,,,,,,,,,,,,,,,,,,,,,,,,,,,,,,,,,,,,,,,,,,,,,,,,,,,,,,,,,,,,,,,0,0,1,1,0,1,49,50,0,50,0,50,0,50,0,50,0,50,0,50,legacy_planted_id_v0_audited_equivalent_to_query_payload_v1
corrected_connected_rerun::prod_cora_connected_mf_mc_s20260608_q50_types_multi_fine_multi_coarse_sizes20_50_100_random_component_b2_5_10_20_per_query.csv,runs/lightning_connected_reruns/jigsaw-cora-mf-mc-connected-gcp-cpux8-v3/results/prod_cora_connected_mf_mc_s20260608_q50_types_multi_fine_multi_coarse_sizes20_50_100_random_component_b2_5_10_20_per_query.csv,cora,cora,20260608,cora,multi_coarse,20,random,random_component,type_feat32,50,50,50,0,50,0,0,0,0,50,0,0.20780726745999345,0.21883294649995833,0.3012088334499367,10209.6,11826.3,20.24,962.7640600044501,644.2868842830936,3.08,0.16058201058201058,0.4396825396825397,1000000000.0,1000000000.0,1000000000.0,0.0,53.16882658729914,1.8066409947097166,0,3,5,42,0,0,0,0,0,0,,,,,,,,,,,,,,,,,,,,,,,,,,,,,,,,,,,,,,,,,,,,,,,,,,,,,,,,,,,,,,,,,,,,,,,,,,,,,,,,,,,,,,,,,,,,,,,,,,,,,,,,,,,,,,,,,,,,,,0,0,3,3,5,8,42,50,0,50,0,50,0,50,0,50,0,50,0,50,legacy_planted_id_v0_audited_equivalent_to_query_payload_v1
corrected_connected_rerun::prod_cora_connected_mf_mc_s20260608_q50_types_multi_fine_multi_coarse_sizes20_50_100_random_component_b2_5_10_20_per_query.csv,runs/lightning_connected_reruns/jigsaw-cora-mf-mc-connected-gcp-cpux8-v3/results/prod_cora_connected_mf_mc_s20260608_q50_types_multi_fine_multi_coarse_sizes20_50_100_random_component_b2_5_10_20_per_query.csv,cora,cora,20260608,cora,multi_coarse,50,random,random_component,type_feat32,50,50,50,0,50,0,0,0,0,50,0,0.24231297227998083,0.23893152600004441,0.309202483900043,11203.14,11945.25,50.58,385.11192296319854,184.16488759515636,3.56,0.1568877551020408,0.4364795918367347,1000000000.0,1000000000.0,1000000000.0,0.0,58.97720173979163,2.8373320051014392,0,0,4,46,0,0,0,0,0,0,,,,,,,,,,,,,,,,,,,,,,,,,,,,,,,,,,,,,,,,,,,,,,,,,,,,,,,,,,,,,,,,,,,,,,,,,,,,,,,,,,,,,,,,,,,,,,,,,,,,,,,,,,,,,,,,,,,,,,0,0,0,0,4,4,46,50,0,50,0,50,0,50,0,50,0,50,0,50,legacy_planted_id_v0_audited_equivalent_to_query_payload_v1
corrected_connected_rerun::prod_cora_connected_mf_mc_s20260608_q50_types_multi_fine_multi_coarse_sizes20_50_100_random_component_b2_5_10_20_per_query.csv,runs/lightning_connected_reruns/jigsaw-cora-mf-mc-connected-gcp-cpux8-v3/results/prod_cora_connected_mf_mc_s20260608_q50_types_multi_fine_multi_coarse_sizes20_50_100_random_component_b2_5_10_20_per_query.csv,cora,cora,20260608,cora,multi_coarse,100,random,random_component,type_feat32,50,50,50,0,50,0,0,0,0,50,0,0.2581061496800157,0.2508350540001061,0.34674952240002305,11231.06,11951.900000000001,100.68,191.39273197019887,77.33998680859618,3.86,0.20153061224489796,0.4614795918367347,1000000000.0,1000000000.0,1000000000.0,0.0,61.20354895408385,4.639856576532413,0,0,4,46,0,0,0,0,0,0,,,,,,,,,,,,,,,,,,,,,,,,,,,,,,,,,,,,,,,,,,,,,,,,,,,,,,,,,,,,,,,,,,,,,,,,,,,,,,,,,,,,,,,,,,,,,,,,,,,,,,,,,,,,,,,,,,,,,,0,0,0,0,4,4,46,50,0,50,0,50,0,50,0,50,0,50,0,50,legacy_planted_id_v0_audited_equivalent_to_query_payload_v1
/workspace/jigsaw_pkg/runs/noid_negative_cora_v4/results/prod_cora_pv1_s20260608_neg_random_component_b2_5_10_20_per_query.csv,/workspace/jigsaw_pkg/runs/noid_negative_cora_v4/results/prod_cora_pv1_s20260608_neg_random_component_b2_5_10_20_per_query.csv,cora,cora,20260608,cora,negative_label,20,random,random_component,type_feat32,50,0,0,50,0,0,50,0,0,30,0,0.23851759262001224,0.29049051949999694,0.3275249354500772,14747.92,18904.3,0.0,365.9026547647669,357.4751319526261,2.72,0.1425,0.4869166666666666,1000000000.0,1000000000.0,1000000000.0,0.0,59.62939815500305,0.0,0,0,0,0,0,0,0,0,0,0,query_payload_v1_negative_rerun_2026-08-01,50,0,,0,1,0,50,0,0.059629398155,0,0.23851759262001224,14747.92,,,,,,,,0,,,,,,,,,,,,,,,,,,,,,,,,,,,,,,,,,,,,,,,,,,,,,,,,,,,,,,,,,,,,,,,,,,,,,,,,,,,,,,,,,,,,,,,,,,,,,,,0.6,0,0,0,0,0,0,0,0,0,0,0,0,0,0,0,0,0,0,0,0,0,query_payload_v1
/workspace/jigsaw_pkg/runs/noid_negative_cora_v4/results/prod_cora_pv1_s20260608_neg_random_component_b2_5_10_20_per_query.csv,/workspace/jigsaw_pkg/runs/noid_negative_cora_v4/results/prod_cora_pv1_s20260608_neg_random_component_b2_5_10_20_per_query.csv,cora,cora,20260608,cora,negative_label,50,random,random_component,type_feat32,50,0,0,50,0,0,50,0,0,17,0,0.1941885938399878,0.17924107200008166,0.3227723665500207,12071.98,19047.2,0.0,285.51341726678396,175.4259197237969,4.82,0.27575000000000005,0.48910497835497857,1000000000.0,1000000000.0,1000000000.0,0.0,48.547148459996954,0.0,0,0,0,0,0,0,0,0,0,0,query_payload_v1_negative_rerun_2026-08-01,50,0,,0,1,0,50,0,0.04854714846,0,0.1941885938399878,12071.98,,,,,,,,0,,,,,,,,,,,,,,,,,,,,,,,,,,,,,,,,,,,,,,,,,,,,,,,,,,,,,,,,,,,,,,,,,,,,,,,,,,,,,,,,,,,,,,,,,,,,,,,0.34,0,0,0,0,0,0,0,0,0,0,0,0,0,0,0,0,0,0,0,0,0,query_payload_v1
/workspace/jigsaw_pkg/runs/noid_negative_cora_v4/results/prod_cora_pv1_s20260608_neg_random_component_b2_5_10_20_per_query.csv,/workspace/jigsaw_pkg/runs/noid_negative_cora_v4/results/prod_cora_pv1_s20260608_neg_random_component_b2_5_10_20_per_query.csv,cora,cora,20260608,cora,negative_label,100,random,random_component,type_feat32,50,0,0,50,0,0,50,0,0,9,0,0.16529136147998544,0.17613030149993847,0.29469218550004256,10333.8,18810.55,0.0,176.1764989104354,86.71927216388767,6.56,0.31799999999999995,0.4574701409701411,1000000000.0,1000000000.0,1000000000.0,0.0,41.32284036999636,0.0,0,0,0,0,0,0,0,0,0,0,query_payload_v1_negative_rerun_2026-08-01,50,0,,0,1,0,50,0,0.04132284037,0,0.16529136147998544,10333.8,,,,,,,,0,,,,,,,,,,,,,,,,,,,,,,,,,,,,,,,,,,,,,,,,,,,,,,,,,,,,,,,,,,,,,,,,,,,,,,,,,,,,,,,,,,,,,,,,,,,,,,,0.18,0,0,0,0,0,0,0,0,0,0,0,0,0,0,0,0,0,0,0,0,0,query_payload_v1
/workspace/jigsaw_pkg/runs/noid_negative_cora_v4/results/prod_cora_pv1_s20260608_neg_random_component_b2_5_10_20_per_query.csv,/workspace/jigsaw_pkg/runs/noid_negative_cora_v4/results/prod_cora_pv1_s20260608_neg_random_component_b2_5_10_20_per_query.csv,cora,cora,20260608,cora,negative_structure,20,random,random_component,type_feat32,50,0,0,50,0,0,50,0,0,50,0,0.14471452437999005,0.16445979049990456,0.19276241194995689,8840.02,11776.75,20.22,960.1335617360525,745.7800781763359,3.16,0.16,0.46033333333333337,1000000000.0,1000000000.0,1000000000.0,0.0,33.89361609499758,2.2850149999999303,0,0,0,0,0,0,0,0,0,0,query_payload_v1_negative_rerun_2026-08-01,50,0,,0,1,0,50,0.002285015,0.033893616095,0,0.14471452437999005,8840.02,,,,,,,,0,,,,,,,,,,,,,,,,,,,,,,,,,,,,,,,,,,,,,,,,,,,,,,,,,,,,,,,,,,,,,,,,,,,,,,,,,,,,,,,,,,,,,,,,,,,,,,,1,0,0,0,0,0,0,0,0,0,0,0,0,0,0,0,0,0,0,0,0,0,query_payload_v1
/workspace/jigsaw_pkg/runs/noid_negative_cora_v4/results/prod_cora_pv1_s20260608_neg_random_component_b2_5_10_20_per_query.csv,/workspace/jigsaw_pkg/runs/noid_negative_cora_v4/results/prod_cora_pv1_s20260608_neg_random_component_b2_5_10_20_per_query.csv,cora,cora,20260608,cora,negative_structure,50,random,random_component,type_feat32,50,0,0,50,0,0,50,0,0,50,0,0.15963827108001852,0.17824454699996295,0.19433149255002036,9523.02,11900.4,49.88,389.8049109122088,232.70024319418775,4.98,0.24125000000000008,0.4502678571428574,1000000000.0,1000000000.0,1000000000.0,0.0,37.04636078500357,2.8632069850010566,0,0,0,0,0,0,0,0,0,0,query_payload_v1_negative_rerun_2026-08-01,50,0,,0,1,0,50,0.002863206985,0.037046360785,0,0.15963827108001852,9523.02,,,,,,,,0,,,,,,,,,,,,,,,,,,,,,,,,,,,,,,,,,,,,,,,,,,,,,,,,,,,,,,,,,,,,,,,,,,,,,,,,,,,,,,,,,,,,,,,,,,,,,,,1,0,0,0,0,0,0,0,0,0,0,0,0,0,0,0,0,0,0,0,0,0,query_payload_v1
/workspace/jigsaw_pkg/runs/noid_negative_cora_v4/results/prod_cora_pv1_s20260608_neg_random_component_b2_5_10_20_per_query.csv,/workspace/jigsaw_pkg/runs/noid_negative_cora_v4/results/prod_cora_pv1_s20260608_neg_random_component_b2_5_10_20_per_query.csv,cora,cora,20260608,cora,negative_structure,100,random,random_component,type_feat32,50,0,0,50,0,0,50,0,0,50,0,0.1661742005400083,0.18261506500004998,0.2455708368999637,9216.78,11953.2,100.8,191.89130239367486,93.19826304166762,6.84,0.338,0.45788625263625293,1000000000.0,1000000000.0,1000000000.0,0.0,37.2488674050021,4.294682729999977,0,0,0,0,0,0,0,0,0,0,query_payload_v1_negative_rerun_2026-08-01,50,0,,0,1,0,50,0.00429468273,0.037248867405,0,0.1661742005400083,9216.78,,,,,,,,0,,,,,,,,,,,,,,,,,,,,,,,,,,,,,,,,,,,,,,,,,,,,,,,,,,,,,,,,,,,,,,,,,,,,,,,,,,,,,,,,,,,,,,,,,,,,,,,1,0,0,0,0,0,0,0,0,0,0,0,0,0,0,0,0,0,0,0,0,0,query_payload_v1
runs\lightning_completion\jigsaw-cora-clean-full-gcp-cpux8-v3\summary.csv,C:\Users\Swastik\Desktop\Jigsaw\runs\lightning_completion\jigsaw-cora-clean-full-gcp-cpux8-v3\results\prod_cora_clean_s20260608_q50_types_all_sizes20_50_100_filterall_component_b20_per_query.csv,cora,cora,20260608,cora,single,20,all,filterall_component,type_feat32,50,50,50,0,50,0,0,0,0,50,0,0.05254811930003598,0.04820299299990438,0.07103674200018303,21.58,26.299999999999983,20.3,938.9404976602607,1640.128383321069,1.0,0.05,1.0,1000000000.0,1000000000.0,1000000000.0,0.0,45.08054828004788,7.4675710199881,0,0,0,50,0,0,0,0,0,0,,,,,,,,,,,,,,,,,,,,,,,,,,,,,,,,,,,,,,,,,,,,,,,,,,,,,,,,,,,,,,,,,,,,,,,,,,,,,,,,,,,,,,,,,,,,,,,,,,,,,,,,,,,,,,,,,,,,,,0,0,0,0,0,0,50,50,0,50,0,50,0,50,0,50,0,50,0,50,legacy_planted_id_v0_audited_equivalent_to_query_payload_v1
runs\lightning_completion\jigsaw-cora-clean-full-gcp-cpux8-v3\summary.csv,C:\Users\Swastik\Desktop\Jigsaw\runs\lightning_completion\jigsaw-cora-clean-full-gcp-cpux8-v3\results\prod_cora_clean_s20260608_q50_types_all_sizes20_50_100_filterall_component_b20_per_query.csv,cora,cora,20260608,cora,single,50,all,filterall_component,type_feat32,50,50,50,0,50,0,0,0,0,50,0,0.07464657872003044,0.07911318700007541,0.0903795254999295,51.34,54.55,50.18,386.8137000619525,562.8099815487964,1.0,0.05,1.0,1000000000.0,1000000000.0,1000000000.0,0.0,61.128374780028025,13.518203940002422,0,0,0,50,0,0,0,0,0,0,,,,,,,,,,,,,,,,,,,,,,,,,,,,,,,,,,,,,,,,,,,,,,,,,,,,,,,,,,,,,,,,,,,,,,,,,,,,,,,,,,,,,,,,,,,,,,,,,,,,,,,,,,,,,,,,,,,,,,0,0,0,0,0,0,50,50,0,50,0,50,0,50,0,50,0,50,0,50,legacy_planted_id_v0_audited_equivalent_to_query_payload_v1
runs\lightning_completion\jigsaw-cora-clean-full-gcp-cpux8-v3\summary.csv,C:\Users\Swastik\Desktop\Jigsaw\runs\lightning_completion\jigsaw-cora-clean-full-gcp-cpux8-v3\results\prod_cora_clean_s20260608_q50_types_all_sizes20_50_100_filterall_component_b20_per_query.csv,cora,cora,20260608,cora,single,100,all,filterall_component,type_feat32,50,50,50,0,50,0,0,0,0,50,0,0.0824989548600297,0.08212667150041852,0.11431335695046982,103.82,109.1,100.56,190.88109657424644,249.78817476485307,1.0,0.05,1.0,1000000000.0,1000000000.0,1000000000.0,0.0,60.20350065999992,22.29545420002978,0,0,0,50,0,0,0,0,0,0,,,,,,,,,,,,,,,,,,,,,,,,,,,,,,,,,,,,,,,,,,,,,,,,,,,,,,,,,,,,,,,,,,,,,,,,,,,,,,,,,,,,,,,,,,,,,,,,,,,,,,,,,,,,,,,,,,,,,,0,0,0,0,0,0,50,50,0,50,0,50,0,50,0,50,0,50,0,50,legacy_planted_id_v0_audited_equivalent_to_query_payload_v1
corrected_connected_rerun::prod_cora_connected_mf_mc_s20260608_q50_types_multi_fine_multi_coarse_sizes20_50_100_filterall_component_b20_per_query.csv,runs/lightning_connected_reruns/jigsaw-cora-mf-mc-connected-gcp-cpux8-v3/results/prod_cora_connected_mf_mc_s20260608_q50_types_multi_fine_multi_coarse_sizes20_50_100_filterall_component_b20_per_query.csv,cora,cora,20260608,cora,multi_fine,20,all,filterall_component,type_feat32,50,50,50,0,50,0,0,0,0,50,0,0.051275289860000156,0.044271360499919865,0.08621660900004144,21.94,33.449999999999946,20.26,931.6096281258344,1992.7032211967621,1.0,0.05,1.0,1000000000.0,1000000000.0,1000000000.0,0.0,44.531768440015185,6.7435214199849725,0,0,0,50,0,0,0,0,0,0,,,,,,,,,,,,,,,,,,,,,,,,,,,,,,,,,,,,,,,,,,,,,,,,,,,,,,,,,,,,,,,,,,,,,,,,,,,,,,,,,,,,,,,,,,,,,,,,,,,,,,,,,,,,,,,,,,,,,,0,0,0,0,0,0,50,50,0,50,0,50,0,50,0,50,0,50,0,50,legacy_planted_id_v0_audited_equivalent_to_query_payload_v1
corrected_connected_rerun::prod_cora_connected_mf_mc_s20260608_q50_types_multi_fine_multi_coarse_sizes20_50_100_filterall_component_b20_per_query.csv,runs/lightning_connected_reruns/jigsaw-cora-mf-mc-connected-gcp-cpux8-v3/results/prod_cora_connected_mf_mc_s20260608_q50_types_multi_fine_multi_coarse_sizes20_50_100_filterall_component_b20_per_query.csv,cora,cora,20260608,cora,multi_fine,50,all,filterall_component,type_feat32,50,50,50,0,50,0,0,0,0,50,0,0.0597913342800166,0.05329702499989253,0.08435257799993678,52.3,56.55,50.48,380.5581097028135,614.554229401036,1.0,0.05,1.0,1000000000.0,1000000000.0,1000000000.0,0.0,48.27025482002682,11.521079459989778,0,0,0,50,0,0,0,0,0,0,,,,,,,,,,,,,,,,,,,,,,,,,,,,,,,,,,,,,,,,,,,,,,,,,,,,,,,,,,,,,,,,,,,,,,,,,,,,,,,,,,,,,,,,,,,,,,,,,,,,,,,,,,,,,,,,,,,,,,0,0,0,0,0,0,50,50,0,50,0,50,0,50,0,50,0,50,0,50,legacy_planted_id_v0_audited_equivalent_to_query_payload_v1
corrected_connected_rerun::prod_cora_connected_mf_mc_s20260608_q50_types_multi_fine_multi_coarse_sizes20_50_100_filterall_component_b20_per_query.csv,runs/lightning_connected_reruns/jigsaw-cora-mf-mc-connected-gcp-cpux8-v3/results/prod_cora_connected_mf_mc_s20260608_q50_types_multi_fine_multi_coarse_sizes20_50_100_filterall_component_b20_per_query.csv,cora,cora,20260608,cora,multi_fine,100,all,filterall_component,type_feat32,50,50,50,0,50,0,0,0,0,50,0,0.06906185227999231,0.06171762949998083,0.11298328799998669,103.48,109.74999999999999,100.58,191.59355780405727,252.25060024302485,1.0,0.05,1.0,1000000000.0,1000000000.0,1000000000.0,0.0,49.9722285200005,19.08962375999181,0,0,0,50,0,0,0,0,0,0,,,,,,,,,,,,,,,,,,,,,,,,,,,,,,,,,,,,,,,,,,,,,,,,,,,,,,,,,,,,,,,,,,,,,,,,,,,,,,,,,,,,,,,,,,,,,,,,,,,,,,,,,,,,,,,,,,,,,,0,0,0,0,0,0,50,50,0,50,0,50,0,50,0,50,0,50,0,50,legacy_planted_id_v0_audited_equivalent_to_query_payload_v1
runs\lightning_completion\jigsaw-cora-clean-full-gcp-cpux8-v3\summary.csv,C:\Users\Swastik\Desktop\Jigsaw\runs\lightning_completion\jigsaw-cora-clean-full-gcp-cpux8-v3\results\prod_cora_clean_s20260608_q50_types_all_sizes20_50_100_filterall_component_b20_per_query.csv,cora,cora,20260608,cora,k_hop,20,all,filterall_component,type_feat32,50,50,50,0,50,0,0,0,0,50,0,0.06708178585993664,0.0704405814999518,0.0788856179995264,20.96,24.64999999999999,20.1,956.336427210589,1905.3328294698179,2.74,0.137,1.0,1000000000.0,1000000000.0,1000000000.0,0.0,58.98540983993371,8.096376020002936,0,0,0,50,0,0,0,0,0,0,,,,,,,,,,,,,,,,,,,,,,,,,,,,,,,,,,,,,,,,,,,,,,,,,,,,,,,,,,,,,,,,,,,,,,,,,,,,,,,,,,,,,,,,,,,,,,,,,,,,,,,,,,,,,,,,,,,,,,0,0,0,0,0,0,50,50,0,50,0,50,0,50,0,50,0,50,0,50,legacy_planted_id_v0_audited_equivalent_to_query_payload_v1
runs\lightning_completion\jigsaw-cora-clean-full-gcp-cpux8-v3\summary.csv,C:\Users\Swastik\Desktop\Jigsaw\runs\lightning_completion\jigsaw-cora-clean-full-gcp-cpux8-v3\results\prod_cora_clean_s20260608_q50_types_all_sizes20_50_100_filterall_component_b20_per_query.csv,cora,cora,20260608,cora,k_hop,50,all,filterall_component,type_feat32,50,50,50,0,50,0,0,0,0,50,0,0.06509581975999026,0.05620149850028611,0.08713684549993558,50.84,53.0,49.96,390.33307765711174,637.4428701906203,4.72,0.23600000000000002,1.0,1000000000.0,1000000000.0,1000000000.0,0.0,52.58897747999981,12.506842279990451,0,0,0,50,0,0,0,0,0,0,,,,,,,,,,,,,,,,,,,,,,,,,,,,,,,,,,,,,,,,,,,,,,,,,,,,,,,,,,,,,,,,,,,,,,,,,,,,,,,,,,,,,,,,,,,,,,,,,,,,,,,,,,,,,,,,,,,,,,0,0,0,0,0,0,50,50,0,50,0,50,0,50,0,50,0,50,0,50,legacy_planted_id_v0_audited_equivalent_to_query_payload_v1
runs\lightning_completion\jigsaw-cora-clean-full-gcp-cpux8-v3\summary.csv,C:\Users\Swastik\Desktop\Jigsaw\runs\lightning_completion\jigsaw-cora-clean-full-gcp-cpux8-v3\results\prod_cora_clean_s20260608_q50_types_all_sizes20_50_100_filterall_component_b20_per_query.csv,cora,cora,20260608,cora,k_hop,100,all,filterall_component,type_feat32,50,50,50,0,50,0,0,0,0,50,0,0.08463399899996148,0.09112323149997792,0.09915463085028477,103.0,108.55,100.48,192.35873728260506,259.0065958730231,6.74,0.337,1.0,1000000000.0,1000000000.0,1000000000.0,0.0,62.22734783997112,22.40665115999036,0,0,0,50,0,0,0,0,0,0,,,,,,,,,,,,,,,,,,,,,,,,,,,,,,,,,,,,,,,,,,,,,,,,,,,,,,,,,,,,,,,,,,,,,,,,,,,,,,,,,,,,,,,,,,,,,,,,,,,,,,,,,,,,,,,,,,,,,,0,0,0,0,0,0,50,50,0,50,0,50,0,50,0,50,0,50,0,50,legacy_planted_id_v0_audited_equivalent_to_query_payload_v1
runs\lightning_completion\jigsaw-cora-clean-full-gcp-cpux8-v3\summary.csv,C:\Users\Swastik\Desktop\Jigsaw\runs\lightning_completion\jigsaw-cora-clean-full-gcp-cpux8-v3\results\prod_cora_clean_s20260608_q50_types_all_sizes20_50_100_filterall_component_b20_per_query.csv,cora,cora,20260608,cora,degree_k_hop,20,all,filterall_component,type_feat32,50,50,50,0,50,0,0,0,0,50,0,0.0622797838799761,0.05883225750017118,0.07631311849997927,20.88,24.099999999999994,19.96,972.9226477655195,2013.2661714421745,3.12,0.156,1.0,1000000000.0,1000000000.0,1000000000.0,0.0,54.32111006000014,7.958673819975957,0,0,0,50,0,0,0,0,0,0,,,,,,,,,,,,,,,,,,,,,,,,,,,,,,,,,,,,,,,,,,,,,,,,,,,,,,,,,,,,,,,,,,,,,,,,,,,,,,,,,,,,,,,,,,,,,,,,,,,,,,,,,,,,,,,,,,,,,,0,0,0,0,0,0,50,50,0,50,0,50,0,50,0,50,0,50,0,50,legacy_planted_id_v0_audited_equivalent_to_query_payload_v1
runs\lightning_completion\jigsaw-cora-clean-full-gcp-cpux8-v3\summary.csv,C:\Users\Swastik\Desktop\Jigsaw\runs\lightning_completion\jigsaw-cora-clean-full-gcp-cpux8-v3\results\prod_cora_clean_s20260608_q50_types_all_sizes20_50_100_filterall_component_b20_per_query.csv,cora,cora,20260608,cora,degree_k_hop,50,all,filterall_component,type_feat32,50,50,50,0,50,0,0,0,0,50,0,0.07607376932000989,0.07989255600023171,0.08267797800012885,51.6,56.55,49.94,385.6473507416293,569.4597173647306,4.12,0.20600000000000002,1.0,1000000000.0,1000000000.0,1000000000.0,0.0,62.56540214000779,13.508367180002097,0,0,0,50,0,0,0,0,0,0,,,,,,,,,,,,,,,,,,,,,,,,,,,,,,,,,,,,,,,,,,,,,,,,,,,,,,,,,,,,,,,,,,,,,,,,,,,,,,,,,,,,,,,,,,,,,,,,,,,,,,,,,,,,,,,,,,,,,,0,0,0,0,0,0,50,50,0,50,0,50,0,50,0,50,0,50,0,50,legacy_planted_id_v0_audited_equivalent_to_query_payload_v1
runs\lightning_completion\jigsaw-cora-clean-full-gcp-cpux8-v3\summary.csv,C:\Users\Swastik\Desktop\Jigsaw\runs\lightning_completion\jigsaw-cora-clean-full-gcp-cpux8-v3\results\prod_cora_clean_s20260608_q50_types_all_sizes20_50_100_filterall_component_b20_per_query.csv,cora,cora,20260608,cora,degree_k_hop,100,all,filterall_component,type_feat32,50,50,50,0,50,0,0,0,0,50,0,0.07014773544005948,0.06487094200019783,0.0952307235000262,104.52,122.55,100.68,189.95478427603118,256.7959999658147,6.78,0.33899999999999997,1.0,1000000000.0,1000000000.0,1000000000.0,0.0,49.944956180079316,20.20277925998016,0,0,0,50,0,0,0,0,0,0,,,,,,,,,,,,,,,,,,,,,,,,,,,,,,,,,,,,,,,,,,,,,,,,,,,,,,,,,,,,,,,,,,,,,,,,,,,,,,,,,,,,,,,,,,,,,,,,,,,,,,,,,,,,,,,,,,,,,,0,0,0,0,0,0,50,50,0,50,0,50,0,50,0,50,0,50,0,50,legacy_planted_id_v0_audited_equivalent_to_query_payload_v1
runs\lightning_completion\jigsaw-cora-clean-full-gcp-cpux8-v3\summary.csv,C:\Users\Swastik\Desktop\Jigsaw\runs\lightning_completion\jigsaw-cora-clean-full-gcp-cpux8-v3\results\prod_cora_clean_s20260608_q50_types_all_sizes20_50_100_filterall_component_b20_per_query.csv,cora,cora,20260608,cora,random_walk,20,all,filterall_component,type_feat32,50,50,50,0,50,0,0,0,0,50,0,0.0689386530199954,0.07014002200003233,0.0786908530502842,21.24,25.0,20.82,939.35438855053,2178.248194704024,3.18,0.159,1.0,1000000000.0,1000000000.0,1000000000.0,0.0,60.5197242200029,8.4189287999925,0,0,0,50,0,0,0,0,0,0,,,,,,,,,,,,,,,,,,,,,,,,,,,,,,,,,,,,,,,,,,,,,,,,,,,,,,,,,,,,,,,,,,,,,,,,,,,,,,,,,,,,,,,,,,,,,,,,,,,,,,,,,,,,,,,,,,,,,,0,0,0,0,0,0,50,50,0,50,0,50,0,50,0,50,0,50,0,50,legacy_planted_id_v0_audited_equivalent_to_query_payload_v1
runs\lightning_completion\jigsaw-cora-clean-full-gcp-cpux8-v3\summary.csv,C:\Users\Swastik\Desktop\Jigsaw\runs\lightning_completion\jigsaw-cora-clean-full-gcp-cpux8-v3\results\prod_cora_clean_s20260608_q50_types_all_sizes20_50_100_filterall_component_b20_per_query.csv,cora,cora,20260608,cora,random_walk,50,all,filterall_component,type_feat32,50,50,50,0,50,0,0,0,0,50,0,0.06834201868000492,0.06378646749999461,0.09845660599983147,53.36,58.64999999999999,51.3,372.96622274931275,750.1923407450449,5.4,0.27,1.0,1000000000.0,1000000000.0,1000000000.0,0.0,55.380191200029,12.96182747997591,0,0,0,50,0,0,0,0,0,0,,,,,,,,,,,,,,,,,,,,,,,,,,,,,,,,,,,,,,,,,,,,,,,,,,,,,,,,,,,,,,,,,,,,,,,,,,,,,,,,,,,,,,,,,,,,,,,,,,,,,,,,,,,,,,,,,,,,,,0,0,0,0,0,0,50,50,0,50,0,50,0,50,0,50,0,50,0,50,legacy_planted_id_v0_audited_equivalent_to_query_payload_v1
runs\lightning_completion\jigsaw-cora-clean-full-gcp-cpux8-v3\summary.csv,C:\Users\Swastik\Desktop\Jigsaw\runs\lightning_completion\jigsaw-cora-clean-full-gcp-cpux8-v3\results\prod_cora_clean_s20260608_q50_types_all_sizes20_50_100_filterall_component_b20_per_query.csv,cora,cora,20260608,cora,random_walk,100,all,filterall_component,type_feat32,50,50,50,0,50,0,0,0,0,50,0,0.08158749370001715,0.0850601889999325,0.10283274299999903,106.48,119.59999999999997,103.04,186.5074624530855,356.502568550481,8.76,0.43800000000000006,1.0,1000000000.0,1000000000.0,1000000000.0,0.0,59.674287839961835,21.913205860055314,0,0,0,50,0,0,0,0,0,0,,,,,,,,,,,,,,,,,,,,,,,,,,,,,,,,,,,,,,,,,,,,,,,,,,,,,,,,,,,,,,,,,,,,,,,,,,,,,,,,,,,,,,,,,,,,,,,,,,,,,,,,,,,,,,,,,,,,,,0,0,0,0,0,0,50,50,0,50,0,50,0,50,0,50,0,50,0,50,legacy_planted_id_v0_audited_equivalent_to_query_payload_v1
corrected_connected_rerun::prod_cora_connected_mf_mc_s20260608_q50_types_multi_fine_multi_coarse_sizes20_50_100_filterall_component_b20_per_query.csv,runs/lightning_connected_reruns/jigsaw-cora-mf-mc-connected-gcp-cpux8-v3/results/prod_cora_connected_mf_mc_s20260608_q50_types_multi_fine_multi_coarse_sizes20_50_100_filterall_component_b20_per_query.csv,cora,cora,20260608,cora,multi_coarse,20,all,filterall_component,type_feat32,50,50,50,0,50,0,0,0,0,50,0,0.055538024640027286,0.049631559499971445,0.08785624005004138,21.1,23.099999999999994,20.24,950.4367426696111,2325.845530267249,3.08,0.154,1.0,1000000000.0,1000000000.0,1000000000.0,0.0,47.81900622001558,7.719018420011707,0,0,0,50,0,0,0,0,0,0,,,,,,,,,,,,,,,,,,,,,,,,,,,,,,,,,,,,,,,,,,,,,,,,,,,,,,,,,,,,,,,,,,,,,,,,,,,,,,,,,,,,,,,,,,,,,,,,,,,,,,,,,,,,,,,,,,,,,,0,0,0,0,0,0,50,50,0,50,0,50,0,50,0,50,0,50,0,50,legacy_planted_id_v0_audited_equivalent_to_query_payload_v1
corrected_connected_rerun::prod_cora_connected_mf_mc_s20260608_q50_types_multi_fine_multi_coarse_sizes20_50_100_filterall_component_b20_per_query.csv,runs/lightning_connected_reruns/jigsaw-cora-mf-mc-connected-gcp-cpux8-v3/results/prod_cora_connected_mf_mc_s20260608_q50_types_multi_fine_multi_coarse_sizes20_50_100_filterall_component_b20_per_query.csv,cora,cora,20260608,cora,multi_coarse,50,all,filterall_component,type_feat32,50,50,50,0,50,0,0,0,0,50,0,0.06135142739997718,0.054429774999789515,0.09740222639978809,51.48,54.0,50.58,384.81338600995565,708.9361245989069,3.56,0.17800000000000002,1.0,1000000000.0,1000000000.0,1000000000.0,0.0,49.127529440002036,12.223897959975147,0,0,0,50,0,0,0,0,0,0,,,,,,,,,,,,,,,,,,,,,,,,,,,,,,,,,,,,,,,,,,,,,,,,,,,,,,,,,,,,,,,,,,,,,,,,,,,,,,,,,,,,,,,,,,,,,,,,,,,,,,,,,,,,,,,,,,,,,,0,0,0,0,0,0,50,50,0,50,0,50,0,50,0,50,0,50,0,50,legacy_planted_id_v0_audited_equivalent_to_query_payload_v1
corrected_connected_rerun::prod_cora_connected_mf_mc_s20260608_q50_types_multi_fine_multi_coarse_sizes20_50_100_filterall_component_b20_per_query.csv,runs/lightning_connected_reruns/jigsaw-cora-mf-mc-connected-gcp-cpux8-v3/results/prod_cora_connected_mf_mc_s20260608_q50_types_multi_fine_multi_coarse_sizes20_50_100_filterall_component_b20_per_query.csv,cora,cora,20260608,cora,multi_coarse,100,all,filterall_component,type_feat32,50,50,50,0,50,0,0,0,0,50,0,0.06996419678000165,0.06076028499990116,0.11724236595008505,103.58,107.55,100.68,191.27962827673767,289.81782658892126,3.86,0.193,1.0,1000000000.0,1000000000.0,1000000000.0,0.0,51.03939007999543,18.92480670000623,0,0,0,50,0,0,0,0,0,0,,,,,,,,,,,,,,,,,,,,,,,,,,,,,,,,,,,,,,,,,,,,,,,,,,,,,,,,,,,,,,,,,,,,,,,,,,,,,,,,,,,,,,,,,,,,,,,,,,,,,,,,,,,,,,,,,,,,,,0,0,0,0,0,0,50,50,0,50,0,50,0,50,0,50,0,50,0,50,legacy_planted_id_v0_audited_equivalent_to_query_payload_v1
/workspace/jigsaw_pkg/runs/noid_negative_cora_v4/results/prod_cora_pv1_s20260608_neg_filterall_component_b20_per_query.csv,/workspace/jigsaw_pkg/runs/noid_negative_cora_v4/results/prod_cora_pv1_s20260608_neg_filterall_component_b20_per_query.csv,cora,cora,20260608,cora,negative_label,20,all,filterall_component,type_feat32,50,0,0,50,0,0,50,0,0,28,0,0.08711276486000542,0.12796409950004772,0.1349527405500055,11959.88,18904.3,0.0,361.2194073770825,810.3724104141241,2.72,0.13599999999999998,1.0,1000000000.0,1000000000.0,1000000000.0,0.0,87.11276486000543,0.0,0,0,0,0,0,0,0,0,0,0,query_payload_v1_negative_rerun_2026-08-01,50,0,,0,1,0,50,0,0.08711276486,0,0.08711276486000542,11959.88,,,,,,,,0,,,,,,,,,,,,,,,,,,,,,,,,,,,,,,,,,,,,,,,,,,,,,,,,,,,,,,,,,,,,,,,,,,,,,,,,,,,,,,,,,,,,,,,,,,,,,,,0.56,0,0,0,0,0,0,0,0,0,0,0,0,0,0,0,0,0,0,0,0,0,query_payload_v1
/workspace/jigsaw_pkg/runs/noid_negative_cora_v4/results/prod_cora_pv1_s20260608_neg_filterall_component_b20_per_query.csv,/workspace/jigsaw_pkg/runs/noid_negative_cora_v4/results/prod_cora_pv1_s20260608_neg_filterall_component_b20_per_query.csv,cora,cora,20260608,cora,negative_label,50,all,filterall_component,type_feat32,50,0,0,50,0,0,50,0,0,14,0,0.043425269840004145,0.010848008499976913,0.13870082750001983,4954.04,19047.2,0.0,282.8566076619497,493.9189222709878,4.82,0.24100000000000002,1.0,1000000000.0,1000000000.0,1000000000.0,0.0,43.42526984000415,0.0,0,0,0,0,0,0,0,0,0,0,query_payload_v1_negative_rerun_2026-08-01,50,0,,0,1,0,50,0,0.04342526984,0,0.043425269840004145,4954.04,,,,,,,,0,,,,,,,,,,,,,,,,,,,,,,,,,,,,,,,,,,,,,,,,,,,,,,,,,,,,,,,,,,,,,,,,,,,,,,,,,,,,,,,,,,,,,,,,,,,,,,,0.28,0,0,0,0,0,0,0,0,0,0,0,0,0,0,0,0,0,0,0,0,0,query_payload_v1
/workspace/jigsaw_pkg/runs/noid_negative_cora_v4/results/prod_cora_pv1_s20260608_neg_filterall_component_b20_per_query.csv,/workspace/jigsaw_pkg/runs/noid_negative_cora_v4/results/prod_cora_pv1_s20260608_neg_filterall_component_b20_per_query.csv,cora,cora,20260608,cora,negative_label,100,all,filterall_component,type_feat32,50,0,0,50,0,0,50,0,0,6,0,0.024126710940001884,0.011565608000069005,0.1352873469500082,1979.02,18810.55,0.0,174.9084091108849,222.24608293829053,6.56,0.3280000000000002,1.0,1000000000.0,1000000000.0,1000000000.0,0.0,24.126710940001885,0.0,0,0,0,0,0,0,0,0,0,0,query_payload_v1_negative_rerun_2026-08-01,50,0,,0,1,0,50,0,0.02412671094,0,0.024126710940001884,1979.02,,,,,,,,0,,,,,,,,,,,,,,,,,,,,,,,,,,,,,,,,,,,,,,,,,,,,,,,,,,,,,,,,,,,,,,,,,,,,,,,,,,,,,,,,,,,,,,,,,,,,,,,0.12,0,0,0,0,0,0,0,0,0,0,0,0,0,0,0,0,0,0,0,0,0,query_payload_v1
/workspace/jigsaw_pkg/runs/noid_negative_cora_v4/results/prod_cora_pv1_s20260608_neg_filterall_component_b20_per_query.csv,/workspace/jigsaw_pkg/runs/noid_negative_cora_v4/results/prod_cora_pv1_s20260608_neg_filterall_component_b20_per_query.csv,cora,cora,20260608,cora,negative_structure,20,all,filterall_component,type_feat32,50,0,0,50,0,0,50,0,0,50,0,0.01529655337999202,0.015084206999972594,0.01613867644996958,20.82,24.0,20.22,954.789488989958,1902.731247508247,3.16,0.158,1.0,1000000000.0,1000000000.0,1000000000.0,0.0,9.751581179996265,5.544972199995755,0,0,0,0,0,0,0,0,0,0,query_payload_v1_negative_rerun_2026-08-01,50,0,,0,1,0,50,0.0055449722,0.00975158118,0,0.01529655337999202,20.82,,,,,,,,0,,,,,,,,,,,,,,,,,,,,,,,,,,,,,,,,,,,,,,,,,,,,,,,,,,,,,,,,,,,,,,,,,,,,,,,,,,,,,,,,,,,,,,,,,,,,,,,1,0,0,0,0,0,0,0,0,0,0,0,0,0,0,0,0,0,0,0,0,0,query_payload_v1
/workspace/jigsaw_pkg/runs/noid_negative_cora_v4/results/prod_cora_pv1_s20260608_neg_filterall_component_b20_per_query.csv,/workspace/jigsaw_pkg/runs/noid_negative_cora_v4/results/prod_cora_pv1_s20260608_neg_filterall_component_b20_per_query.csv,cora,cora,20260608,cora,negative_structure,50,all,filterall_component,type_feat32,50,0,0,50,0,0,50,0,0,50,0,0.019307850360005433,0.018724962500016318,0.025384584550033652,51.0,56.099999999999994,49.88,389.2018662666583,651.7477037868499,4.98,0.24900000000000003,1.0,1000000000.0,1000000000.0,1000000000.0,0.0,11.745566699996743,7.5622836600086885,0,0,0,0,0,0,0,0,0,0,query_payload_v1_negative_rerun_2026-08-01,50,0,,0,1,0,50,0.00756228366001,0.0117455667,0,0.019307850360005433,51.0,,,,,,,,0,,,,,,,,,,,,,,,,,,,,,,,,,,,,,,,,,,,,,,,,,,,,,,,,,,,,,,,,,,,,,,,,,,,,,,,,,,,,,,,,,,,,,,,,,,,,,,,1,0,0,0,0,0,0,0,0,0,0,0,0,0,0,0,0,0,0,0,0,0,query_payload_v1
/workspace/jigsaw_pkg/runs/noid_negative_cora_v4/results/prod_cora_pv1_s20260608_neg_filterall_component_b20_per_query.csv,/workspace/jigsaw_pkg/runs/noid_negative_cora_v4/results/prod_cora_pv1_s20260608_neg_filterall_component_b20_per_query.csv,cora,cora,20260608,cora,negative_structure,100,all,filterall_component,type_feat32,50,0,0,50,0,0,50,0,0,50,0,0.023088717839993934,0.022769376500036742,0.025005381000022447,104.22,118.94999999999997,100.8,190.54733197903076,241.3894998153861,6.84,0.342,1.0,1000000000.0,1000000000.0,1000000000.0,0.0,12.304455619996588,10.784262219997345,0,0,0,0,0,0,0,0,0,0,query_payload_v1_negative_rerun_2026-08-01,50,0,,0,1,0,50,0.01078426222,0.01230445562,0,0.023088717839993934,104.22,,,,,,,,0,,,,,,,,,,,,,,,,,,,,,,,,,,,,,,,,,,,,,,,,,,,,,,,,,,,,,,,,,,,,,,,,,,,,,,,,,,,,,,,,,,,,,,,,,,,,,,,1,0,0,0,0,0,0,0,0,0,0,0,0,0,0,0,0,0,0,0,0,0,query_payload_v1
runs\logs\crm_results_dir\production_benchmark_summary.csv,runs\logs\crm_results_dir\results\prod_arxiv_s20260607_q50_types_all_sizes20_50_100_neural_component_b20_50_100_200_per_query.csv,arxiv,arxiv,20260607,arxiv,single,20,hybrid,neural_component,type_feat32,50,50,50,0,50,0,0,0,0,50,0,0.2782146408600005,0.15324942799999874,0.8390624848999984,58.42,205.1,19.9,9471.221536845507,94824.6641359506,1.0,0.016145833333333335,0.5,19.5,178.64999999999998,193.53,8.656944031249763,135.56425052083327,9.339208260416973,0,0,0,25,10,9,6,0,0,0,,,,,,,,,,,,,,,,,,,,,,,,,,,,,,,,,,,,,,,,,,,,,,,,,,,,,,,,,,,,,,,,,,,,,,,,,,,,,,,,,,,,,,,,,,,,,,,,,,,,,,,,,,,,,,,,,,,,,,0,0,0,0,0,0,25,25,10,35,9,44,6,50,0,50,0,50,0,50,legacy_planted_id_v0_audited_equivalent_to_query_payload_v1
runs\logs\crm_results_dir\production_benchmark_summary.csv,runs\logs\crm_results_dir\results\prod_arxiv_s20260607_q50_types_all_sizes20_50_100_neural_component_b20_50_100_200_per_query.csv,arxiv,arxiv,20260607,arxiv,single,50,hybrid,neural_component,type_feat32,50,50,50,0,50,0,0,0,0,50,0,0.35614498122000215,0.2419393355000068,0.8775551837500004,116.08,281.95,50.14,3498.884317902885,44967.126855604656,1.0,0.01419047619047619,0.47619047619047616,25.0,171.84999999999997,193.54999999999998,5.308386485712022,156.81979333333408,12.773054866666945,0,0,0,24,9,5,12,0,0,0,,,,,,,,,,,,,,,,,,,,,,,,,,,,,,,,,,,,,,,,,,,,,,,,,,,,,,,,,,,,,,,,,,,,,,,,,,,,,,,,,,,,,,,,,,,,,,,,,,,,,,,,,,,,,,,,,,,,,,0,0,0,0,0,0,24,24,9,33,5,38,12,50,0,50,0,50,0,50,legacy_planted_id_v0_audited_equivalent_to_query_payload_v1
runs\logs\crm_results_dir\production_benchmark_summary.csv,runs\logs\crm_results_dir\results\prod_arxiv_s20260607_q50_types_all_sizes20_50_100_neural_component_b20_50_100_200_per_query.csv,arxiv,arxiv,20260607,arxiv,single,100,hybrid,neural_component,type_feat32,50,50,50,0,50,0,0,0,0,50,0,0.2822084840200057,0.1495853010000303,0.5607138151499867,265.96,761.2499999999999,100.16,1687.4332712746889,4965.871595892901,1.0,0.020232558139534885,0.5697674418604651,11.0,146.75,170.64999999999998,5.352775325583702,139.1449176162833,24.929782395347925,0,0,0,30,6,12,2,0,0,0,,,,,,,,,,,,,,,,,,,,,,,,,,,,,,,,,,,,,,,,,,,,,,,,,,,,,,,,,,,,,,,,,,,,,,,,,,,,,,,,,,,,,,,,,,,,,,,,,,,,,,,,,,,,,,,,,,,,,,0,0,0,0,0,0,30,30,6,36,12,48,2,50,0,50,0,50,0,50,legacy_planted_id_v0_audited_equivalent_to_query_payload_v1
corrected_connected_rerun::prod_arxiv_connected_mf_mc_s20260607_q50_types_multi_fine_multi_coarse_sizes20_50_100_neural_component_b20_50_100_200_per_query.csv,runs/lcr_arxiv_v3/results/prod_arxiv_connected_mf_mc_s20260607_q50_types_multi_fine_multi_coarse_sizes20_50_100_neural_component_b20_50_100_200_per_query.csv,arxiv,arxiv,20260607,arxiv,multi_fine,20,hybrid,neural_component,type_feat32,50,50,50,0,50,0,0,0,0,50,0,0.0854529483800161,0.08220387599999412,0.1290346545499801,20.04,20.549999999999997,20.04,8451.870932330827,37382.4983266864,1.0,0.05,1.0,1.0,5.0,7.0,5.571913900000709,75.1545077800074,10.29844060000869,0,0,0,50,0,0,0,0,0,0,,,,,,,,,,,,,,,,,,,,,,,,,,,,,,,,,,,,,,,,,,,,,,,,,,,,,,,,,,,,,,,,,,,,,,,,,,,,,,,,,,,,,,,,,,,,,,,,,,,,,,,,,,,,,,,,,,,,,,0,0,0,0,0,0,50,50,0,50,0,50,0,50,0,50,0,50,0,50,legacy_planted_id_v0_audited_equivalent_to_query_payload_v1
corrected_connected_rerun::prod_arxiv_connected_mf_mc_s20260607_q50_types_multi_fine_multi_coarse_sizes20_50_100_neural_component_b20_50_100_200_per_query.csv,runs/lcr_arxiv_v3/results/prod_arxiv_connected_mf_mc_s20260607_q50_types_multi_fine_multi_coarse_sizes20_50_100_neural_component_b20_50_100_200_per_query.csv,arxiv,arxiv,20260607,arxiv,multi_fine,50,hybrid,neural_component,type_feat32,50,50,50,0,50,0,0,0,0,50,0,0.09968697668000004,0.09408920200002058,0.15665159559997616,50.4,51.55,50.08,3362.019390188409,9818.657454592112,1.0,0.05,1.0,1.0,3.549999999999997,5.529999999999994,6.474850239994794,80.29351714000313,19.39345953999691,0,0,0,50,0,0,0,0,0,0,,,,,,,,,,,,,,,,,,,,,,,,,,,,,,,,,,,,,,,,,,,,,,,,,,,,,,,,,,,,,,,,,,,,,,,,,,,,,,,,,,,,,,,,,,,,,,,,,,,,,,,,,,,,,,,,,,,,,,0,0,0,0,0,0,50,50,0,50,0,50,0,50,0,50,0,50,0,50,legacy_planted_id_v0_audited_equivalent_to_query_payload_v1
corrected_connected_rerun::prod_arxiv_connected_mf_mc_s20260607_q50_types_multi_fine_multi_coarse_sizes20_50_100_neural_component_b20_50_100_200_per_query.csv,runs/lcr_arxiv_v3/results/prod_arxiv_connected_mf_mc_s20260607_q50_types_multi_fine_multi_coarse_sizes20_50_100_neural_component_b20_50_100_200_per_query.csv,arxiv,arxiv,20260607,arxiv,multi_fine,100,hybrid,neural_component,type_feat32,50,50,50,0,50,0,0,0,0,50,0,0.12516962137999144,0.12175710899998649,0.17293760354996263,100.52,101.0,100.26,1685.208243873835,4406.80683292891,1.0,0.05,1.0,1.0,1.5499999999999972,2.0,8.147690119992603,90.78600569998798,34.38361568000346,0,0,0,50,0,0,0,0,0,0,,,,,,,,,,,,,,,,,,,,,,,,,,,,,,,,,,,,,,,,,,,,,,,,,,,,,,,,,,,,,,,,,,,,,,,,,,,,,,,,,,,,,,,,,,,,,,,,,,,,,,,,,,,,,,,,,,,,,,0,0,0,0,0,0,50,50,0,50,0,50,0,50,0,50,0,50,0,50,legacy_planted_id_v0_audited_equivalent_to_query_payload_v1
runs\logs\crm_results_dir\production_benchmark_summary.csv,runs\logs\crm_results_dir\results\prod_arxiv_s20260607_q50_types_all_sizes20_50_100_neural_component_b20_50_100_200_per_query.csv,arxiv,arxiv,20260607,arxiv,k_hop,20,hybrid,neural_component,type_feat32,50,50,50,0,50,0,0,0,0,50,0,0.2945071886599985,0.2428375500000044,0.8163843982000032,56.56,150.1,19.84,8904.619416666666,63743.69714537223,5.7,0.06789215686274509,0.4917930749245628,160.0,199.0,200.0,5.259537980392272,135.9151110098031,8.45115794117655,0,0,0,20,14,10,6,0,0,0,,,,,,,,,,,,,,,,,,,,,,,,,,,,,,,,,,,,,,,,,,,,,,,,,,,,,,,,,,,,,,,,,,,,,,,,,,,,,,,,,,,,,,,,,,,,,,,,,,,,,,,,,,,,,,,,,,,,,,0,0,0,0,0,0,20,20,14,34,10,44,6,50,0,50,0,50,0,50,legacy_planted_id_v0_audited_equivalent_to_query_payload_v1
runs\logs\crm_results_dir\production_benchmark_summary.csv,runs\logs\crm_results_dir\results\prod_arxiv_s20260607_q50_types_all_sizes20_50_100_neural_component_b20_50_100_200_per_query.csv,arxiv,arxiv,20260607,arxiv,k_hop,50,hybrid,neural_component,type_feat32,50,50,50,0,50,0,0,0,0,50,0,0.38856846919999044,0.2570035294999684,0.8548998632499121,180.68,504.74999999999994,49.82,3438.6616503070086,22138.89662695236,11.54,0.13701754385964912,0.5347996133131379,174.5,200.0,200.0,5.245966859646208,159.02385402631282,11.400913166665449,0,0,0,21,8,7,14,0,0,0,,,,,,,,,,,,,,,,,,,,,,,,,,,,,,,,,,,,,,,,,,,,,,,,,,,,,,,,,,,,,,,,,,,,,,,,,,,,,,,,,,,,,,,,,,,,,,,,,,,,,,,,,,,,,,,,,,,,,,0,0,0,0,0,0,21,21,8,29,7,36,14,50,0,50,0,50,0,50,legacy_planted_id_v0_audited_equivalent_to_query_payload_v1
runs\logs\crm_results_dir\production_benchmark_summary.csv,runs\logs\crm_results_dir\results\prod_arxiv_s20260607_q50_types_all_sizes20_50_100_neural_component_b20_50_100_200_per_query.csv,arxiv,arxiv,20260607,arxiv,k_hop,100,hybrid,neural_component,type_feat32,50,50,50,0,50,0,0,0,0,50,0,0.41885350795999443,0.30857698449997883,0.9179078156000031,386.92,1011.7999999999994,100.12,1686.9250515525669,5259.413330874308,23.2,0.25594594594594594,0.5044805394987737,197.0,200.0,200.0,5.3982162882859095,169.53723264864726,19.13551868468354,0,0,0,23,6,8,13,0,0,0,,,,,,,,,,,,,,,,,,,,,,,,,,,,,,,,,,,,,,,,,,,,,,,,,,,,,,,,,,,,,,,,,,,,,,,,,,,,,,,,,,,,,,,,,,,,,,,,,,,,,,,,,,,,,,,,,,,,,,0,0,0,0,0,0,23,23,6,29,8,37,13,50,0,50,0,50,0,50,legacy_planted_id_v0_audited_equivalent_to_query_payload_v1
runs\logs\crm_results_dir\production_benchmark_summary.csv,runs\logs\crm_results_dir\results\prod_arxiv_s20260607_q50_types_all_sizes20_50_100_neural_component_b20_50_100_200_per_query.csv,arxiv,arxiv,20260607,arxiv,degree_k_hop,20,hybrid,neural_component,type_feat32,50,50,50,0,50,0,0,0,0,50,0,0.3949122802200014,0.25813513900003215,0.8323203192500088,56.34,134.19999999999993,20.06,9323.799263014764,98985.38186963752,5.86,0.05756198347107438,0.49485224371588005,167.0,199.55,200.0,5.37522251239476,156.1063159090918,7.080576743801374,0,0,0,16,11,9,14,0,0,0,,,,,,,,,,,,,,,,,,,,,,,,,,,,,,,,,,,,,,,,,,,,,,,,,,,,,,,,,,,,,,,,,,,,,,,,,,,,,,,,,,,,,,,,,,,,,,,,,,,,,,,,,,,,,,,,,,,,,,0,0,0,0,0,0,16,16,11,27,9,36,14,50,0,50,0,50,0,50,legacy_planted_id_v0_audited_equivalent_to_query_payload_v1
runs\logs\crm_results_dir\production_benchmark_summary.csv,runs\logs\crm_results_dir\results\prod_arxiv_s20260607_q50_types_all_sizes20_50_100_neural_component_b20_50_100_200_per_query.csv,arxiv,arxiv,20260607,arxiv,degree_k_hop,50,hybrid,neural_component,type_feat32,50,50,50,0,50,0,0,0,0,50,0,0.41291786473999764,0.38595316400002844,0.8646117853499959,191.46,478.49999999999994,50.04,3447.108095151768,15728.210872589652,12.3,0.13082644628099174,0.5281789902330719,172.0,200.0,200.0,5.541795867772695,159.79917119008113,10.828045644628647,0,0,0,16,9,13,12,0,0,0,,,,,,,,,,,,,,,,,,,,,,,,,,,,,,,,,,,,,,,,,,,,,,,,,,,,,,,,,,,,,,,,,,,,,,,,,,,,,,,,,,,,,,,,,,,,,,,,,,,,,,,,,,,,,,,,,,,,,,0,0,0,0,0,0,16,16,9,25,13,38,12,50,0,50,0,50,0,50,legacy_planted_id_v0_audited_equivalent_to_query_payload_v1
runs\logs\crm_results_dir\production_benchmark_summary.csv,runs\logs\crm_results_dir\results\prod_arxiv_s20260607_q50_types_all_sizes20_50_100_neural_component_b20_50_100_200_per_query.csv,arxiv,arxiv,20260607,arxiv,degree_k_hop,100,hybrid,neural_component,type_feat32,50,50,50,0,50,0,0,0,0,50,0,0.47299795822000534,0.3302198540000063,0.9099139804500169,352.38,752.8499999999997,100.16,1690.4042845102147,4521.381122264403,20.24,0.22664,0.5431824780971652,189.5,200.0,200.0,5.307093600014014,172.49011520800468,16.70906807999745,0,0,0,15,11,8,16,0,0,0,,,,,,,,,,,,,,,,,,,,,,,,,,,,,,,,,,,,,,,,,,,,,,,,,,,,,,,,,,,,,,,,,,,,,,,,,,,,,,,,,,,,,,,,,,,,,,,,,,,,,,,,,,,,,,,,,,,,,,0,0,0,0,0,0,15,15,11,26,8,34,16,50,0,50,0,50,0,50,legacy_planted_id_v0_audited_equivalent_to_query_payload_v1
runs\logs\crm_results_dir\production_benchmark_summary.csv,runs\logs\crm_results_dir\results\prod_arxiv_s20260607_q50_types_all_sizes20_50_100_neural_component_b20_50_100_200_per_query.csv,arxiv,arxiv,20260607,arxiv,random_walk,20,hybrid,neural_component,type_feat32,50,50,50,0,50,0,0,0,0,50,0,0.5936972144999987,0.6314834755000049,0.838630127949996,108.5,221.74999999999994,20.1,9111.594194444444,72031.53577057802,7.76,0.049662576687116565,0.4345232136643179,196.5,200.0,200.0,5.177741184048881,177.14685150306747,4.9688584662572985,0,0,0,2,8,15,25,0,0,0,,,,,,,,,,,,,,,,,,,,,,,,,,,,,,,,,,,,,,,,,,,,,,,,,,,,,,,,,,,,,,,,,,,,,,,,,,,,,,,,,,,,,,,,,,,,,,,,,,,,,,,,,,,,,,,,,,,,,,0,0,0,0,0,0,2,2,8,10,15,25,25,50,0,50,0,50,0,50,legacy_planted_id_v0_audited_equivalent_to_query_payload_v1
runs\logs\crm_results_dir\production_benchmark_summary.csv,runs\logs\crm_results_dir\results\prod_arxiv_s20260607_q50_types_all_sizes20_50_100_neural_component_b20_50_100_200_per_query.csv,arxiv,arxiv,20260607,arxiv,random_walk,50,hybrid,neural_component,type_feat32,50,50,50,0,50,0,0,0,0,50,0,0.7489523124400148,0.8320198805000132,0.8856767924500359,300.98,535.1999999999998,50.34,3362.8046756909775,15321.138667119103,17.68,0.10596774193548388,0.4780542484139891,198.5,200.0,200.0,5.291407037636799,194.31176726882023,7.019499516129954,0,0,0,0,1,12,37,0,0,0,,,,,,,,,,,,,,,,,,,,,,,,,,,,,,,,,,,,,,,,,,,,,,,,,,,,,,,,,,,,,,,,,,,,,,,,,,,,,,,,,,,,,,,,,,,,,,,,,,,,,,,,,,,,,,,,,,,,,,0,0,0,0,0,0,0,0,1,1,12,13,37,50,0,50,0,50,0,50,legacy_planted_id_v0_audited_equivalent_to_query_payload_v1
runs\logs\crm_results_dir\production_benchmark_summary.csv,runs\logs\crm_results_dir\results\prod_arxiv_s20260607_q50_types_all_sizes20_50_100_neural_component_b20_50_100_200_per_query.csv,arxiv,arxiv,20260607,arxiv,random_walk,100,hybrid,neural_component,type_feat32,50,50,50,0,50,0,0,0,0,50,0,0.8319509074600103,0.885191636500025,0.922226943499973,591.92,1037.6999999999998,100.4,1687.2907240426475,5986.532312865842,29.4,0.18526041666666668,0.5206871374218698,199.0,200.0,200.0,5.327896151036941,205.7474523020867,10.906429848957622,0,0,0,0,0,8,42,0,0,0,,,,,,,,,,,,,,,,,,,,,,,,,,,,,,,,,,,,,,,,,,,,,,,,,,,,,,,,,,,,,,,,,,,,,,,,,,,,,,,,,,,,,,,,,,,,,,,,,,,,,,,,,,,,,,,,,,,,,,0,0,0,0,0,0,0,0,0,0,8,8,42,50,0,50,0,50,0,50,legacy_planted_id_v0_audited_equivalent_to_query_payload_v1
corrected_connected_rerun::prod_arxiv_connected_mf_mc_s20260607_q50_types_multi_fine_multi_coarse_sizes20_50_100_neural_component_b20_50_100_200_per_query.csv,runs/lcr_arxiv_v3/results/prod_arxiv_connected_mf_mc_s20260607_q50_types_multi_fine_multi_coarse_sizes20_50_100_neural_component_b20_50_100_200_per_query.csv,arxiv,arxiv,20260607,arxiv,multi_coarse,20,hybrid,neural_component,type_feat32,50,50,50,0,50,0,0,0,0,50,0,0.4476568299799692,0.3155695419999347,0.9142825575999722,103.2,251.2,20.06,8446.379213564212,38229.700867287596,4.06,0.06909448818897639,0.6985564304461942,68.5,142.84999999999997,169.58999999999997,5.45775243307792,172.23907040156914,4.0037760472376425,0,0,0,10,18,7,15,0,0,0,,,,,,,,,,,,,,,,,,,,,,,,,,,,,,,,,,,,,,,,,,,,,,,,,,,,,,,,,,,,,,,,,,,,,,,,,,,,,,,,,,,,,,,,,,,,,,,,,,,,,,,,,,,,,,,,,,,,,,0,0,0,0,0,0,10,10,18,28,7,35,15,50,0,50,0,50,0,50,legacy_planted_id_v0_audited_equivalent_to_query_payload_v1
corrected_connected_rerun::prod_arxiv_connected_mf_mc_s20260607_q50_types_multi_fine_multi_coarse_sizes20_50_100_neural_component_b20_50_100_200_per_query.csv,runs/lcr_arxiv_v3/results/prod_arxiv_connected_mf_mc_s20260607_q50_types_multi_fine_multi_coarse_sizes20_50_100_neural_component_b20_50_100_200_per_query.csv,arxiv,arxiv,20260607,arxiv,multi_coarse,50,hybrid,neural_component,type_feat32,50,50,50,0,50,0,0,0,0,50,0,0.5435957037000003,0.5118229780000547,0.9731807341000547,275.86,531.6499999999999,50.2,3364.683821144597,10941.133617499387,4.28,0.07346153846153847,0.7340326340326341,69.5,140.55,180.60999999999996,6.62123632866474,183.64743340559434,6.420994461538638,0,0,0,7,10,16,17,0,0,0,,,,,,,,,,,,,,,,,,,,,,,,,,,,,,,,,,,,,,,,,,,,,,,,,,,,,,,,,,,,,,,,,,,,,,,,,,,,,,,,,,,,,,,,,,,,,,,,,,,,,,,,,,,,,,,,,,,,,,0,0,0,0,0,0,7,7,10,17,16,33,17,50,0,50,0,50,0,50,legacy_planted_id_v0_audited_equivalent_to_query_payload_v1
corrected_connected_rerun::prod_arxiv_connected_mf_mc_s20260607_q50_types_multi_fine_multi_coarse_sizes20_50_100_neural_component_b20_50_100_200_per_query.csv,runs/lcr_arxiv_v3/results/prod_arxiv_connected_mf_mc_s20260607_q50_types_multi_fine_multi_coarse_sizes20_50_100_neural_component_b20_50_100_200_per_query.csv,arxiv,arxiv,20260607,arxiv,multi_coarse,100,hybrid,neural_component,type_feat32,50,50,50,0,50,0,0,0,0,50,0,0.5598222264999981,0.5469730795001055,1.0239053165500251,493.6,897.6999999999994,100.2,1686.1372079636067,3986.118322247552,4.14,0.07900735294117647,0.7691176470588235,71.5,131.1,150.60999999999999,8.034318941189909,193.5853909264722,12.231604110291816,0,0,0,8,13,14,15,0,0,0,,,,,,,,,,,,,,,,,,,,,,,,,,,,,,,,,,,,,,,,,,,,,,,,,,,,,,,,,,,,,,,,,,,,,,,,,,,,,,,,,,,,,,,,,,,,,,,,,,,,,,,,,,,,,,,,,,,,,,0,0,0,0,0,0,8,8,13,21,14,35,15,50,0,50,0,50,0,50,legacy_planted_id_v0_audited_equivalent_to_query_payload_v1
/workspace/jigsaw_pkg/runs/noid_negative_arxiv_v4/results/prod_arxiv_pv1_s20260607_neg_neural_component_b20_50_100_200_per_query.csv,/workspace/jigsaw_pkg/runs/noid_negative_arxiv_v4/results/prod_arxiv_pv1_s20260607_neg_neural_component_b20_50_100_200_per_query.csv,arxiv,arxiv,20260607,arxiv_overlap_best,negative_label,20,hybrid,neural_component,type_feat32,50,0,0,50,0,0,50,0,0,0,0,0.24767937260000053,0.23401634199996124,0.3365080040499776,123.8,264.0,0.0,4211.61833105303,42583.32470388505,6.26,0.08137499999999993,0.8128679514929515,96.5,194.1,197.04,4.560533600003964,61.91984315000013,0.0,0,0,0,0,0,0,0,0,0,0,query_payload_v1_negative_rerun_2026-08-01,50,0,,0,1,0,50,0,0.06191984315,0.0045605336,0.24767937260000053,123.8,,,,,,,,0,,,,,,,,,,,,,,,,,,,,,,,,,,,,,,,,,,,,,,,,,,,,,,,,,,,,,,,,,,,,,,,,,,,,,,,,,,,,,,,,,,,,,,,,,,,,,,,0,0,0,0,0,0,0,0,0,0,0,0,0,0,0,0,0,0,0,0,0,0,query_payload_v1
/workspace/jigsaw_pkg/runs/noid_negative_arxiv_v4/results/prod_arxiv_pv1_s20260607_neg_neural_component_b20_50_100_200_per_query.csv,/workspace/jigsaw_pkg/runs/noid_negative_arxiv_v4/results/prod_arxiv_pv1_s20260607_neg_neural_component_b20_50_100_200_per_query.csv,arxiv,arxiv,20260607,arxiv_overlap_best,negative_label,50,hybrid,neural_component,type_feat32,50,0,0,50,0,0,50,0,0,2,0,0.25234803456001825,0.23303614499997138,0.37987045399998465,293.38,586.7499999999999,0.0,1642.6219608572826,8698.244780454555,12.58,0.17107499999999998,0.8312284320671401,111.0,195.55,196.51,5.293068440000752,63.08700864000457,0.0,0,0,0,0,0,0,0,0,0,0,query_payload_v1_negative_rerun_2026-08-01,50,0,,0,1,0,50,0,0.06308700864,0.00529306844,0.25234803456001825,293.38,,,,,,,,0,,,,,,,,,,,,,,,,,,,,,,,,,,,,,,,,,,,,,,,,,,,,,,,,,,,,,,,,,,,,,,,,,,,,,,,,,,,,,,,,,,,,,,,,,,,,,,,0.04,0,0,0,0,0,0,0,0,0,0,0,0,0,0,0,0,0,0,0,0,0,query_payload_v1
/workspace/jigsaw_pkg/runs/noid_negative_arxiv_v4/results/prod_arxiv_pv1_s20260607_neg_neural_component_b20_50_100_200_per_query.csv,/workspace/jigsaw_pkg/runs/noid_negative_arxiv_v4/results/prod_arxiv_pv1_s20260607_neg_neural_component_b20_50_100_200_per_query.csv,arxiv,arxiv,20260607,arxiv_overlap_best,negative_label,100,hybrid,neural_component,type_feat32,50,0,0,50,0,0,50,0,0,0,0,0.2847280458999808,0.26746566699995356,0.3932513954499768,539.82,1131.0,0.0,1056.7664259249214,4066.0089967004737,24.14,0.28412500000000007,0.7875702808571201,151.0,196.0,199.01999999999998,7.05081784001095,71.18201147499519,0.0,0,0,0,0,0,0,0,0,0,0,query_payload_v1_negative_rerun_2026-08-01,50,0,,0,1,0,50,0,0.071182011475,0.00705081784001,0.2847280458999808,539.82,,,,,,,,0,,,,,,,,,,,,,,,,,,,,,,,,,,,,,,,,,,,,,,,,,,,,,,,,,,,,,,,,,,,,,,,,,,,,,,,,,,,,,,,,,,,,,,,,,,,,,,,0,0,0,0,0,0,0,0,0,0,0,0,0,0,0,0,0,0,0,0,0,0,query_payload_v1
/workspace/jigsaw_pkg/runs/noid_negative_arxiv_v4/results/prod_arxiv_pv1_s20260607_neg_neural_component_b20_50_100_200_per_query.csv,/workspace/jigsaw_pkg/runs/noid_negative_arxiv_v4/results/prod_arxiv_pv1_s20260607_neg_neural_component_b20_50_100_200_per_query.csv,arxiv,arxiv,20260607,arxiv_overlap_best,negative_structure,20,hybrid,neural_component,type_feat32,50,0,0,50,0,0,50,0,0,50,0,0.29800930268000914,0.2843388000000573,0.39035988209986955,27.76,72.1,19.84,8557.86946428572,37119.514405255264,5.88,0.0934,0.8834722222222224,49.0,147.8499999999999,167.04,4.857470080005442,67.17195100500192,7.330374665000363,0,0,0,0,0,0,0,0,0,0,query_payload_v1_negative_rerun_2026-08-01,50,0,,0,1,0,50,0.007330374665,0.067171951005,0.00485747008001,0.29800930268000914,27.76,,,,,,,,0,,,,,,,,,,,,,,,,,,,,,,,,,,,,,,,,,,,,,,,,,,,,,,,,,,,,,,,,,,,,,,,,,,,,,,,,,,,,,,,,,,,,,,,,,,,,,,,1,0,0,0,0,0,0,0,0,0,0,0,0,0,0,0,0,0,0,0,0,0,query_payload_v1
/workspace/jigsaw_pkg/runs/noid_negative_arxiv_v4/results/prod_arxiv_pv1_s20260607_neg_neural_component_b20_50_100_200_per_query.csv,/workspace/jigsaw_pkg/runs/noid_negative_arxiv_v4/results/prod_arxiv_pv1_s20260607_neg_neural_component_b20_50_100_200_per_query.csv,arxiv,arxiv,20260607,arxiv_overlap_best,negative_structure,50,hybrid,neural_component,type_feat32,50,0,0,50,0,0,50,0,0,50,0,0.3515695804199913,0.3388427405000698,0.4551093419501342,66.84,112.39999999999998,50.36,3357.242359033422,8921.858823673814,12.42,0.186325,0.8626649932832158,79.5,150.64999999999998,171.55,5.814743400010229,75.67022209499783,12.222173010000006,0,0,0,0,0,0,0,0,0,0,query_payload_v1_negative_rerun_2026-08-01,50,0,,0,1,0,50,0.01222217301,0.075670222095,0.00581474340001,0.3515695804199913,66.84,,,,,,,,0,,,,,,,,,,,,,,,,,,,,,,,,,,,,,,,,,,,,,,,,,,,,,,,,,,,,,,,,,,,,,,,,,,,,,,,,,,,,,,,,,,,,,,,,,,,,,,,1,0,0,0,0,0,0,0,0,0,0,0,0,0,0,0,0,0,0,0,0,0,query_payload_v1
/workspace/jigsaw_pkg/runs/noid_negative_arxiv_v4/results/prod_arxiv_pv1_s20260607_neg_neural_component_b20_50_100_200_per_query.csv,/workspace/jigsaw_pkg/runs/noid_negative_arxiv_v4/results/prod_arxiv_pv1_s20260607_neg_neural_component_b20_50_100_200_per_query.csv,arxiv,arxiv,20260607,arxiv_overlap_best,negative_structure,100,hybrid,neural_component,type_feat32,50,0,0,50,0,0,50,0,0,50,0,0.3473043303599547,0.3300351624998825,0.45391875144997584,136.28,343.4,100.5,1681.5731101910421,4489.075313049522,23.88,0.3072500000000001,0.81758427971431,123.0,189.1,194.04,7.221803799991449,67.91326927999762,18.912813309991066,0,0,0,0,0,0,0,0,0,0,query_payload_v1_negative_rerun_2026-08-01,50,0,,0,1,0,50,0.01891281331,0.06791326928,0.00722180379999,0.3473043303599547,136.28,,,,,,,,0,,,,,,,,,,,,,,,,,,,,,,,,,,,,,,,,,,,,,,,,,,,,,,,,,,,,,,,,,,,,,,,,,,,,,,,,,,,,,,,,,,,,,,,,,,,,,,,1,0,0,0,0,0,0,0,0,0,0,0,0,0,0,0,0,0,0,0,0,0,query_payload_v1
runs\logs\crm_results_dir\production_benchmark_summary.csv,runs\logs\crm_results_dir\results\prod_arxiv_s20260607_q50_types_all_sizes20_50_100_mean_feature_component_b20_50_100_200_per_query.csv,arxiv,arxiv,20260607,arxiv,single,20,mean_feature,mean_feature_component,type_feat32,50,50,50,0,50,0,0,0,0,50,0,0.09737917925999938,0.08558122499999143,0.15095787630000274,22.74,26.49999999999997,19.9,8516.2668008658,37439.892428151514,1.0,0.044444444444444446,0.9259259259259259,1.0,23.149999999999963,41.19999999999996,5.33663240740728,72.85194972222192,17.313956999999725,0,0,0,47,2,1,0,0,0,0,,,,,,,,,,,,,,,,,,,,,,,,,,,,,,,,,,,,,,,,,,,,,,,,,,,,,,,,,,,,,,,,,,,,,,,,,,,,,,,,,,,,,,,,,,,,,,,,,,,,,,,,,,,,,,,,,,,,,,0,0,0,0,0,0,47,47,2,49,1,50,0,50,0,50,0,50,0,50,legacy_planted_id_v0_audited_equivalent_to_query_payload_v1
runs\logs\crm_results_dir\production_benchmark_summary.csv,runs\logs\crm_results_dir\results\prod_arxiv_s20260607_q50_types_all_sizes20_50_100_mean_feature_component_b20_50_100_200_per_query.csv,arxiv,arxiv,20260607,arxiv,single,50,mean_feature,mean_feature_component,type_feat32,50,50,50,0,50,0,0,0,0,50,0,0.11278576214000281,0.09949795250001614,0.23979208465000848,59.68,123.74999999999993,50.14,3360.7422936574894,11677.958793912841,1.0,0.04309090909090909,0.9090909090909091,1.0,24.749999999999986,51.729999999999954,5.188449109089726,77.06060092727398,25.471910109092217,0,0,0,46,3,1,0,0,0,0,,,,,,,,,,,,,,,,,,,,,,,,,,,,,,,,,,,,,,,,,,,,,,,,,,,,,,,,,,,,,,,,,,,,,,,,,,,,,,,,,,,,,,,,,,,,,,,,,,,,,,,,,,,,,,,,,,,,,,0,0,0,0,0,0,46,46,3,49,1,50,0,50,0,50,0,50,0,50,legacy_planted_id_v0_audited_equivalent_to_query_payload_v1
runs\logs\crm_results_dir\production_benchmark_summary.csv,runs\logs\crm_results_dir\results\prod_arxiv_s20260607_q50_types_all_sizes20_50_100_mean_feature_component_b20_50_100_200_per_query.csv,arxiv,arxiv,20260607,arxiv,single,100,mean_feature,mean_feature_component,type_feat32,50,50,50,0,50,0,0,0,0,50,0,0.13025906513999302,0.1319748324999921,0.157624013850031,102.06,102.0,100.16,1688.0973614707673,3800.0943289190513,1.0,0.048431372549019615,0.9803921568627451,1.0,7.199999999999989,20.19999999999996,5.377164509805059,83.2639647451009,44.44100107842168,0,0,0,49,1,0,0,0,0,0,,,,,,,,,,,,,,,,,,,,,,,,,,,,,,,,,,,,,,,,,,,,,,,,,,,,,,,,,,,,,,,,,,,,,,,,,,,,,,,,,,,,,,,,,,,,,,,,,,,,,,,,,,,,,,,,,,,,,,0,0,0,0,0,0,49,49,1,50,0,50,0,50,0,50,0,50,0,50,legacy_planted_id_v0_audited_equivalent_to_query_payload_v1
corrected_connected_rerun::prod_arxiv_connected_mf_mc_s20260607_q50_types_multi_fine_multi_coarse_sizes20_50_100_mean_feature_component_b20_50_100_200_per_query.csv,runs/lcr_arxiv_v3/results/prod_arxiv_connected_mf_mc_s20260607_q50_types_multi_fine_multi_coarse_sizes20_50_100_mean_feature_component_b20_50_100_200_per_query.csv,arxiv,arxiv,20260607,arxiv,multi_fine,20,mean_feature,mean_feature_component,type_feat32,50,50,50,0,50,0,0,0,0,50,0,0.09067724365999538,0.08812733050001498,0.1528262872000082,20.58,21.0,20.04,8451.870932330827,38068.37948694745,1.0,0.048431372549019615,0.9803921568627451,1.0,5.0,22.74999999999995,0.27803266667371074,79.13970352940709,9.759554960784472,0,0,0,49,1,0,0,0,0,0,,,,,,,,,,,,,,,,,,,,,,,,,,,,,,,,,,,,,,,,,,,,,,,,,,,,,,,,,,,,,,,,,,,,,,,,,,,,,,,,,,,,,,,,,,,,,,,,,,,,,,,,,,,,,,,,,,,,,,0,0,0,0,0,0,49,49,1,50,0,50,0,50,0,50,0,50,0,50,legacy_planted_id_v0_audited_equivalent_to_query_payload_v1
corrected_connected_rerun::prod_arxiv_connected_mf_mc_s20260607_q50_types_multi_fine_multi_coarse_sizes20_50_100_mean_feature_component_b20_50_100_200_per_query.csv,runs/lcr_arxiv_v3/results/prod_arxiv_connected_mf_mc_s20260607_q50_types_multi_fine_multi_coarse_sizes20_50_100_mean_feature_component_b20_50_100_200_per_query.csv,arxiv,arxiv,20260607,arxiv,multi_fine,50,mean_feature,mean_feature_component,type_feat32,50,50,50,0,50,0,0,0,0,50,0,0.1071017335400029,0.09431262999999035,0.1780961889500474,53.14,51.55,50.08,3363.296486719329,10355.903914369534,1.0,0.04730769230769231,0.9615384615384616,1.0,2.0,35.579999999999885,0.22700005768919815,85.24646142307819,17.735974673078438,0,0,0,49,0,1,0,0,0,0,,,,,,,,,,,,,,,,,,,,,,,,,,,,,,,,,,,,,,,,,,,,,,,,,,,,,,,,,,,,,,,,,,,,,,,,,,,,,,,,,,,,,,,,,,,,,,,,,,,,,,,,,,,,,,,,,,,,,,0,0,0,0,0,0,49,49,0,49,1,50,0,50,0,50,0,50,0,50,legacy_planted_id_v0_audited_equivalent_to_query_payload_v1
corrected_connected_rerun::prod_arxiv_connected_mf_mc_s20260607_q50_types_multi_fine_multi_coarse_sizes20_50_100_mean_feature_component_b20_50_100_200_per_query.csv,runs/lcr_arxiv_v3/results/prod_arxiv_connected_mf_mc_s20260607_q50_types_multi_fine_multi_coarse_sizes20_50_100_mean_feature_component_b20_50_100_200_per_query.csv,arxiv,arxiv,20260607,arxiv,multi_fine,100,mean_feature,mean_feature_component,type_feat32,50,50,50,0,50,0,0,0,0,50,0,0.11780311930003108,0.1132004010000287,0.18804986195006562,100.5,101.0,100.26,1685.5125439636822,4406.80683292891,1.0,0.05,1.0,1.0,1.0,1.509999999999998,0.24314201999459328,85.09276900001623,32.71035030001485,0,0,0,50,0,0,0,0,0,0,,,,,,,,,,,,,,,,,,,,,,,,,,,,,,,,,,,,,,,,,,,,,,,,,,,,,,,,,,,,,,,,,,,,,,,,,,,,,,,,,,,,,,,,,,,,,,,,,,,,,,,,,,,,,,,,,,,,,,0,0,0,0,0,0,50,50,0,50,0,50,0,50,0,50,0,50,0,50,legacy_planted_id_v0_audited_equivalent_to_query_payload_v1
runs\logs\crm_results_dir\production_benchmark_summary.csv,runs\logs\crm_results_dir\results\prod_arxiv_s20260607_q50_types_all_sizes20_50_100_mean_feature_component_b20_50_100_200_per_query.csv,arxiv,arxiv,20260607,arxiv,k_hop,20,mean_feature,mean_feature_component,type_feat32,50,50,50,0,50,0,0,0,0,50,0,0.1147291772199975,0.0846676564999882,0.33007938359999067,23.98,36.19999999999999,19.84,8549.805511904762,55193.5020832375,5.7,0.15675,0.6819982958218253,48.5,164.95,182.54999999999998,5.307336316666067,80.30624393333314,15.301403749998125,0,0,0,44,3,2,1,0,0,0,,,,,,,,,,,,,,,,,,,,,,,,,,,,,,,,,,,,,,,,,,,,,,,,,,,,,,,,,,,,,,,,,,,,,,,,,,,,,,,,,,,,,,,,,,,,,,,,,,,,,,,,,,,,,,,,,,,,,,0,0,0,0,0,0,44,44,3,47,2,49,1,50,0,50,0,50,0,50,legacy_planted_id_v0_audited_equivalent_to_query_payload_v1
runs\logs\crm_results_dir\production_benchmark_summary.csv,runs\logs\crm_results_dir\results\prod_arxiv_s20260607_q50_types_all_sizes20_50_100_mean_feature_component_b20_50_100_200_per_query.csv,arxiv,arxiv,20260607,arxiv,k_hop,50,mean_feature,mean_feature_component,type_feat32,50,50,50,0,50,0,0,0,0,50,0,0.16468766990000291,0.10711527700000545,0.45016937975001237,103.24,305.84999999999985,49.72,3399.6999769753975,10551.124699570597,11.54,0.2669014084507042,0.6476654159273093,86.0,165.0,175.09999999999997,5.262680690145451,95.81445347887485,20.162778845070843,0,0,0,36,8,5,1,0,0,0,,,,,,,,,,,,,,,,,,,,,,,,,,,,,,,,,,,,,,,,,,,,,,,,,,,,,,,,,,,,,,,,,,,,,,,,,,,,,,,,,,,,,,,,,,,,,,,,,,,,,,,,,,,,,,,,,,,,,,0,0,0,0,0,0,36,36,8,44,5,49,1,50,0,50,0,50,0,50,legacy_planted_id_v0_audited_equivalent_to_query_payload_v1
runs\logs\crm_results_dir\production_benchmark_summary.csv,runs\logs\crm_results_dir\results\prod_arxiv_s20260607_q50_types_all_sizes20_50_100_mean_feature_component_b20_50_100_200_per_query.csv,arxiv,arxiv,20260607,arxiv,k_hop,100,mean_feature,mean_feature_component,type_feat32,50,50,50,0,50,0,0,0,0,50,0,0.21158083309999826,0.1350481090000244,0.5141281898999466,199.02,678.4499999999998,100.22,1684.5046342858054,4361.3831650680995,23.2,0.41695945945945945,0.5648999891650845,112.5,188.75,196.57,5.36755740539916,111.93887301351272,31.021149351350974,0,0,0,35,7,7,1,0,0,0,,,,,,,,,,,,,,,,,,,,,,,,,,,,,,,,,,,,,,,,,,,,,,,,,,,,,,,,,,,,,,,,,,,,,,,,,,,,,,,,,,,,,,,,,,,,,,,,,,,,,,,,,,,,,,,,,,,,,,0,0,0,0,0,0,35,35,7,42,7,49,1,50,0,50,0,50,0,50,legacy_planted_id_v0_audited_equivalent_to_query_payload_v1
runs\logs\crm_results_dir\production_benchmark_summary.csv,runs\logs\crm_results_dir\results\prod_arxiv_s20260607_q50_types_all_sizes20_50_100_mean_feature_component_b20_50_100_200_per_query.csv,arxiv,arxiv,20260607,arxiv,degree_k_hop,20,mean_feature,mean_feature_component,type_feat32,50,50,50,0,50,0,0,0,0,50,0,0.11459879659999729,0.08127485599997897,0.3933721484499798,27.68,49.04999999999991,20.06,8451.755181818182,36738.00139122929,5.86,0.1665,0.7095907564657564,60.5,143.1,168.0,5.077102916665884,81.06086103333136,14.438136133333046,0,0,0,45,1,3,1,0,0,0,,,,,,,,,,,,,,,,,,,,,,,,,,,,,,,,,,,,,,,,,,,,,,,,,,,,,,,,,,,,,,,,,,,,,,,,,,,,,,,,,,,,,,,,,,,,,,,,,,,,,,,,,,,,,,,,,,,,,,0,0,0,0,0,0,45,45,1,46,3,49,1,50,0,50,0,50,0,50,legacy_planted_id_v0_audited_equivalent_to_query_payload_v1
runs\logs\crm_results_dir\production_benchmark_summary.csv,runs\logs\crm_results_dir\results\prod_arxiv_s20260607_q50_types_all_sizes20_50_100_mean_feature_component_b20_50_100_200_per_query.csv,arxiv,arxiv,20260607,arxiv,degree_k_hop,50,mean_feature,mean_feature_component,type_feat32,50,50,50,0,50,0,0,0,0,50,0,0.14896478000000116,0.10587919399998214,0.4225474817000332,75.22,241.59999999999985,50.04,3381.547278431373,10410.444299515522,12.3,0.2986923076923077,0.6705599018827841,98.0,174.29999999999998,182.51,5.33608606154023,92.10609500000042,22.482197307692786,0,0,0,41,4,4,1,0,0,0,,,,,,,,,,,,,,,,,,,,,,,,,,,,,,,,,,,,,,,,,,,,,,,,,,,,,,,,,,,,,,,,,,,,,,,,,,,,,,,,,,,,,,,,,,,,,,,,,,,,,,,,,,,,,,,,,,,,,,0,0,0,0,0,0,41,41,4,45,4,49,1,50,0,50,0,50,0,50,legacy_planted_id_v0_audited_equivalent_to_query_payload_v1
runs\logs\crm_results_dir\production_benchmark_summary.csv,runs\logs\crm_results_dir\results\prod_arxiv_s20260607_q50_types_all_sizes20_50_100_mean_feature_component_b20_50_100_200_per_query.csv,arxiv,arxiv,20260607,arxiv,degree_k_hop,100,mean_feature,mean_feature_component,type_feat32,50,50,50,0,50,0,0,0,0,50,0,0.2220260449599948,0.13294189799998435,0.5199686005999808,208.46,696.6499999999996,100.14,1691.3238514301238,4366.794599539793,20.24,0.41759740259740263,0.6160692489712479,122.5,178.64999999999998,186.05999999999997,5.4419049220788205,114.20084638960925,29.971910077919844,0,0,0,33,9,6,2,0,0,0,,,,,,,,,,,,,,,,,,,,,,,,,,,,,,,,,,,,,,,,,,,,,,,,,,,,,,,,,,,,,,,,,,,,,,,,,,,,,,,,,,,,,,,,,,,,,,,,,,,,,,,,,,,,,,,,,,,,,,0,0,0,0,0,0,33,33,9,42,6,48,2,50,0,50,0,50,0,50,legacy_planted_id_v0_audited_equivalent_to_query_payload_v1
runs\logs\crm_results_dir\production_benchmark_summary.csv,runs\logs\crm_results_dir\results\prod_arxiv_s20260607_q50_types_all_sizes20_50_100_mean_feature_component_b20_50_100_200_per_query.csv,arxiv,arxiv,20260607,arxiv,random_walk,20,mean_feature,mean_feature_component,type_feat32,50,50,50,0,50,0,0,0,0,50,0,0.24924067632000402,0.1963034489999842,0.7270523663999995,64.92,186.8999999999999,20.1,8446.379213564212,47501.18373435776,7.76,0.14239795918367348,0.6536698845372314,82.0,158.1,182.17999999999998,5.239641051023587,117.97365969387937,9.189950673469621,0,0,0,21,16,7,6,0,0,0,,,,,,,,,,,,,,,,,,,,,,,,,,,,,,,,,,,,,,,,,,,,,,,,,,,,,,,,,,,,,,,,,,,,,,,,,,,,,,,,,,,,,,,,,,,,,,,,,,,,,,,,,,,,,,,,,,,,,,0,0,0,0,0,0,21,21,16,37,7,44,6,50,0,50,0,50,0,50,legacy_planted_id_v0_audited_equivalent_to_query_payload_v1
runs\logs\crm_results_dir\production_benchmark_summary.csv,runs\logs\crm_results_dir\results\prod_arxiv_s20260607_q50_types_all_sizes20_50_100_mean_feature_component_b20_50_100_200_per_query.csv,arxiv,arxiv,20260607,arxiv,random_walk,50,mean_feature,mean_feature_component,type_feat32,50,50,50,0,50,0,0,0,0,50,0,0.4789178686800005,0.44916839550000986,0.7886456891999643,254.84,475.79999999999984,50.34,3373.7285561228264,12402.317364912615,17.68,0.2123310810810811,0.6169772574551987,119.0,189.14999999999998,198.02,5.237339966218866,152.2208498513518,9.575727405405132,0,0,0,3,11,21,15,0,0,0,,,,,,,,,,,,,,,,,,,,,,,,,,,,,,,,,,,,,,,,,,,,,,,,,,,,,,,,,,,,,,,,,,,,,,,,,,,,,,,,,,,,,,,,,,,,,,,,,,,,,,,,,,,,,,,,,,,,,,0,0,0,0,0,0,3,3,11,14,21,35,15,50,0,50,0,50,0,50,legacy_planted_id_v0_audited_equivalent_to_query_payload_v1
runs\logs\crm_results_dir\production_benchmark_summary.csv,runs\logs\crm_results_dir\results\prod_arxiv_s20260607_q50_types_all_sizes20_50_100_mean_feature_component_b20_50_100_200_per_query.csv,arxiv,arxiv,20260607,arxiv,random_walk,100,mean_feature,mean_feature_component,type_feat32,50,50,50,0,50,0,0,0,0,50,0,0.6435848026200119,0.7534520444999941,0.8403425607999424,549.16,951.4,100.44,1684.7956857613008,5029.445380010819,29.4,0.2805232558139535,0.6093397443097462,146.0,195.1,197.51,5.317584691865612,173.90795858139836,13.180646831395789,0,0,0,1,3,19,27,0,0,0,,,,,,,,,,,,,,,,,,,,,,,,,,,,,,,,,,,,,,,,,,,,,,,,,,,,,,,,,,,,,,,,,,,,,,,,,,,,,,,,,,,,,,,,,,,,,,,,,,,,,,,,,,,,,,,,,,,,,,0,0,0,0,0,0,1,1,3,4,19,23,27,50,0,50,0,50,0,50,legacy_planted_id_v0_audited_equivalent_to_query_payload_v1
corrected_connected_rerun::prod_arxiv_connected_mf_mc_s20260607_q50_types_multi_fine_multi_coarse_sizes20_50_100_mean_feature_component_b20_50_100_200_per_query.csv,runs/lcr_arxiv_v3/results/prod_arxiv_connected_mf_mc_s20260607_q50_types_multi_fine_multi_coarse_sizes20_50_100_mean_feature_component_b20_50_100_200_per_query.csv,arxiv,arxiv,20260607,arxiv,multi_coarse,20,mean_feature,mean_feature_component,type_feat32,50,50,50,0,50,0,0,0,0,50,0,0.41539439919999493,0.37058156999989933,0.7983054799000001,118.64,241.49999999999997,20.06,8453.710079365079,38672.313588169935,4.06,0.0583969465648855,0.6329516539440204,66.0,157.75,180.78999999999996,0.2392948702528106,154.8895777099224,3.657902900762676,0,0,0,4,22,13,11,0,0,0,,,,,,,,,,,,,,,,,,,,,,,,,,,,,,,,,,,,,,,,,,,,,,,,,,,,,,,,,,,,,,,,,,,,,,,,,,,,,,,,,,,,,,,,,,,,,,,,,,,,,,,,,,,,,,,,,,,,,,0,0,0,0,0,0,4,4,22,26,13,39,11,50,0,50,0,50,0,50,legacy_planted_id_v0_audited_equivalent_to_query_payload_v1
corrected_connected_rerun::prod_arxiv_connected_mf_mc_s20260607_q50_types_multi_fine_multi_coarse_sizes20_50_100_mean_feature_component_b20_50_100_200_per_query.csv,runs/lcr_arxiv_v3/results/prod_arxiv_connected_mf_mc_s20260607_q50_types_multi_fine_multi_coarse_sizes20_50_100_mean_feature_component_b20_50_100_200_per_query.csv,arxiv,arxiv,20260607,arxiv,multi_coarse,50,mean_feature,mean_feature_component,type_feat32,50,50,50,0,50,0,0,0,0,50,0,0.487674764840001,0.4518546959999412,0.883061215699928,269.9,562.6499999999997,50.2,3372.4003757306696,11494.01245391573,4.28,0.0642361111111111,0.6953703703703704,75.5,169.29999999999998,178.11999999999998,0.2231318611068092,163.46074827083612,5.870767298608667,0,0,0,6,10,18,16,0,0,0,,,,,,,,,,,,,,,,,,,,,,,,,,,,,,,,,,,,,,,,,,,,,,,,,,,,,,,,,,,,,,,,,,,,,,,,,,,,,,,,,,,,,,,,,,,,,,,,,,,,,,,,,,,,,,,,,,,,,,0,0,0,0,0,0,6,6,10,16,18,34,16,50,0,50,0,50,0,50,legacy_planted_id_v0_audited_equivalent_to_query_payload_v1
corrected_connected_rerun::prod_arxiv_connected_mf_mc_s20260607_q50_types_multi_fine_multi_coarse_sizes20_50_100_mean_feature_component_b20_50_100_200_per_query.csv,runs/lcr_arxiv_v3/results/prod_arxiv_connected_mf_mc_s20260607_q50_types_multi_fine_multi_coarse_sizes20_50_100_mean_feature_component_b20_50_100_200_per_query.csv,arxiv,arxiv,20260607,arxiv,multi_coarse,100,mean_feature,mean_feature_component,type_feat32,50,50,50,0,50,0,0,0,0,50,0,0.5092539055399903,0.49657724500013956,0.8967589416500172,524.6,1008.2,100.2,1684.8276330796089,4184.123212968036,4.14,0.06692857142857143,0.7214285714285714,70.0,145.55,161.06,0.2588469142990237,170.72994436428368,11.146450471427118,0,0,0,7,10,19,14,0,0,0,,,,,,,,,,,,,,,,,,,,,,,,,,,,,,,,,,,,,,,,,,,,,,,,,,,,,,,,,,,,,,,,,,,,,,,,,,,,,,,,,,,,,,,,,,,,,,,,,,,,,,,,,,,,,,,,,,,,,,0,0,0,0,0,0,7,7,10,17,19,36,14,50,0,50,0,50,0,50,legacy_planted_id_v0_audited_equivalent_to_query_payload_v1
/workspace/jigsaw_pkg/runs/noid_negative_arxiv_v4/results/prod_arxiv_pv1_s20260607_neg_mean_feature_component_b20_50_100_200_per_query.csv,/workspace/jigsaw_pkg/runs/noid_negative_arxiv_v4/results/prod_arxiv_pv1_s20260607_neg_mean_feature_component_b20_50_100_200_per_query.csv,arxiv,arxiv,20260607,arxiv,negative_label,20,mean_feature,mean_feature_component,type_feat32,50,0,0,50,0,0,50,0,0,0,0,0.17881073272001458,0.16147528300001568,0.2592349629999262,126.44,264.0,0.0,25990.233346940284,145759.69072357862,6.26,0.023774999999999963,0.42572401209901223,171.5,200.0,200.0,0.25095968000186986,44.70268318000364,0.0,0,0,0,0,0,0,0,0,0,0,query_payload_v1_negative_rerun_2026-08-01,50,0,,0,1,0,50,0,0.04470268318,0.000250959680002,0.17881073272001458,126.44,,,,,,,,0,,,,,,,,,,,,,,,,,,,,,,,,,,,,,,,,,,,,,,,,,,,,,,,,,,,,,,,,,,,,,,,,,,,,,,,,,,,,,,,,,,,,,,,,,,,,,,,0,0,0,0,0,0,0,0,0,0,0,0,0,0,0,0,0,0,0,0,0,0,query_payload_v1
/workspace/jigsaw_pkg/runs/noid_negative_arxiv_v4/results/prod_arxiv_pv1_s20260607_neg_mean_feature_component_b20_50_100_200_per_query.csv,/workspace/jigsaw_pkg/runs/noid_negative_arxiv_v4/results/prod_arxiv_pv1_s20260607_neg_mean_feature_component_b20_50_100_200_per_query.csv,arxiv,arxiv,20260607,arxiv,negative_label,50,mean_feature,mean_feature_component,type_feat32,50,0,0,50,0,0,50,0,0,2,0,0.2226178591800135,0.21362868350001918,0.29918843599996875,322.8,644.7499999999998,0.0,7053.1122060631205,89601.74065462296,12.58,0.051324999999999926,0.457420937978281,189.5,200.0,200.0,0.280903320001471,55.65446479500338,0.0,0,0,0,0,0,0,0,0,0,0,query_payload_v1_negative_rerun_2026-08-01,50,0,,0,1,0,50,0,0.055654464795,0.000280903320001,0.2226178591800135,322.8,,,,,,,,0,,,,,,,,,,,,,,,,,,,,,,,,,,,,,,,,,,,,,,,,,,,,,,,,,,,,,,,,,,,,,,,,,,,,,,,,,,,,,,,,,,,,,,,,,,,,,,,0.04,0,0,0,0,0,0,0,0,0,0,0,0,0,0,0,0,0,0,0,0,0,query_payload_v1
/workspace/jigsaw_pkg/runs/noid_negative_arxiv_v4/results/prod_arxiv_pv1_s20260607_neg_mean_feature_component_b20_50_100_200_per_query.csv,/workspace/jigsaw_pkg/runs/noid_negative_arxiv_v4/results/prod_arxiv_pv1_s20260607_neg_mean_feature_component_b20_50_100_200_per_query.csv,arxiv,arxiv,20260607,arxiv,negative_label,100,mean_feature,mean_feature_component,type_feat32,50,0,0,50,0,0,50,0,0,0,0,0.21401631579999048,0.20788603800008332,0.29912937500005227,647.18,1139.1,0.0,3858.1363041846325,48084.12276391669,24.14,0.08982499999999993,0.4368990701862325,195.5,200.0,200.0,0.27993416000299476,53.50407894999762,0.0,0,0,0,0,0,0,0,0,0,0,query_payload_v1_negative_rerun_2026-08-01,50,0,,0,1,0,50,0,0.05350407895,0.000279934160003,0.21401631579999048,647.18,,,,,,,,0,,,,,,,,,,,,,,,,,,,,,,,,,,,,,,,,,,,,,,,,,,,,,,,,,,,,,,,,,,,,,,,,,,,,,,,,,,,,,,,,,,,,,,,,,,,,,,,0,0,0,0,0,0,0,0,0,0,0,0,0,0,0,0,0,0,0,0,0,0,query_payload_v1
/workspace/jigsaw_pkg/runs/noid_negative_arxiv_v4/results/prod_arxiv_pv1_s20260607_neg_mean_feature_component_b20_50_100_200_per_query.csv,/workspace/jigsaw_pkg/runs/noid_negative_arxiv_v4/results/prod_arxiv_pv1_s20260607_neg_mean_feature_component_b20_50_100_200_per_query.csv,arxiv,arxiv,20260607,arxiv,negative_structure,20,mean_feature,mean_feature_component,type_feat32,50,0,0,50,0,0,50,0,0,50,0,0.22490755955998337,0.20993429399993602,0.32006215235008995,32.24,89.49999999999991,19.84,8580.04533333334,36084.559521882205,5.88,0.08939999999999998,0.8758839285714282,52.5,140.64999999999998,169.66999999999996,0.2835657600007835,48.78514461999486,7.441745270000979,0,0,0,0,0,0,0,0,0,0,query_payload_v1_negative_rerun_2026-08-01,50,0,,0,1,0,50,0.00744174527,0.04878514462,0.000283565760001,0.22490755955998337,32.24,,,,,,,,0,,,,,,,,,,,,,,,,,,,,,,,,,,,,,,,,,,,,,,,,,,,,,,,,,,,,,,,,,,,,,,,,,,,,,,,,,,,,,,,,,,,,,,,,,,,,,,,1,0,0,0,0,0,0,0,0,0,0,0,0,0,0,0,0,0,0,0,0,0,query_payload_v1
/workspace/jigsaw_pkg/runs/noid_negative_arxiv_v4/results/prod_arxiv_pv1_s20260607_neg_mean_feature_component_b20_50_100_200_per_query.csv,/workspace/jigsaw_pkg/runs/noid_negative_arxiv_v4/results/prod_arxiv_pv1_s20260607_neg_mean_feature_component_b20_50_100_200_per_query.csv,arxiv,arxiv,20260607,arxiv,negative_structure,50,mean_feature,mean_feature_component,type_feat32,50,0,0,50,0,0,50,0,0,50,0,0.29455261792000553,0.3049755885000991,0.382196747450007,88.66,273.2,50.36,3365.667547290263,8972.217647573825,12.42,0.16837500000000002,0.8183463542531639,89.5,156.0,164.14,0.2925017799998386,61.65903300499793,11.979121475003467,0,0,0,0,0,0,0,0,0,0,query_payload_v1_negative_rerun_2026-08-01,50,0,,0,1,0,50,0.011979121475,0.061659033005,0.00029250178,0.29455261792000553,88.66,,,,,,,,0,,,,,,,,,,,,,,,,,,,,,,,,,,,,,,,,,,,,,,,,,,,,,,,,,,,,,,,,,,,,,,,,,,,,,,,,,,,,,,,,,,,,,,,,,,,,,,,1,0,0,0,0,0,0,0,0,0,0,0,0,0,0,0,0,0,0,0,0,0,query_payload_v1
/workspace/jigsaw_pkg/runs/noid_negative_arxiv_v4/results/prod_arxiv_pv1_s20260607_neg_mean_feature_component_b20_50_100_200_per_query.csv,/workspace/jigsaw_pkg/runs/noid_negative_arxiv_v4/results/prod_arxiv_pv1_s20260607_neg_mean_feature_component_b20_50_100_200_per_query.csv,arxiv,arxiv,20260607,arxiv,negative_structure,100,mean_feature,mean_feature_component,type_feat32,50,0,0,50,0,0,50,0,0,50,0,0.3150598523999952,0.30054821399977527,0.4005411214000276,187.1,614.7999999999997,100.5,1683.0657955603224,4428.395751163428,23.88,0.28645,0.7809662304654785,120.5,188.55,196.51,0.2896279199944729,60.021990105000214,18.74297299499858,0,0,0,0,0,0,0,0,0,0,query_payload_v1_negative_rerun_2026-08-01,50,0,,0,1,0,50,0.018742972995,0.060021990105,0.000289627919994,0.3150598523999952,187.1,,,,,,,,0,,,,,,,,,,,,,,,,,,,,,,,,,,,,,,,,,,,,,,,,,,,,,,,,,,,,,,,,,,,,,,,,,,,,,,,,,,,,,,,,,,,,,,,,,,,,,,,1,0,0,0,0,0,0,0,0,0,0,0,0,0,0,0,0,0,0,0,0,0,query_payload_v1
runs\logs\crm_results_dir\production_benchmark_summary.csv,runs\logs\crm_results_dir\results\prod_arxiv_s20260607_q50_types_all_sizes20_50_100_mean_rrf_component_b20_50_100_200_per_query.csv,arxiv,arxiv,20260607,arxiv,single,20,coarse_mean_rrf,mean_rrf_component,type_feat32,50,50,50,0,50,0,0,0,0,50,0,0.09675507241999753,0.08831747449999483,0.19581318644999535,21.66,22.099999999999994,19.9,8516.2668008658,39094.89771570508,1.0,0.04547169811320755,0.9433962264150944,3.0,23.149999999999963,41.64999999999997,5.7230835283026,71.3479531698096,19.930417037735243,0,0,0,47,3,0,0,0,0,0,,,,,,,,,,,,,,,,,,,,,,,,,,,,,,,,,,,,,,,,,,,,,,,,,,,,,,,,,,,,,,,,,,,,,,,,,,,,,,,,,,,,,,,,,,,,,,,,,,,,,,,,,,,,,,,,,,,,,,0,0,0,0,0,0,47,47,3,50,0,50,0,50,0,50,0,50,0,50,legacy_planted_id_v0_audited_equivalent_to_query_payload_v1
runs\logs\crm_results_dir\production_benchmark_summary.csv,runs\logs\crm_results_dir\results\prod_arxiv_s20260607_q50_types_all_sizes20_50_100_mean_rrf_component_b20_50_100_200_per_query.csv,arxiv,arxiv,20260607,arxiv,single,50,coarse_mean_rrf,mean_rrf_component,type_feat32,50,50,50,0,50,0,0,0,0,50,0,0.12260090969999908,0.10189245450001749,0.22225807684999516,57.44,59.04999999999997,50.14,3369.897811632244,12375.801834459618,1.0,0.042232142857142864,0.8928571428571429,5.0,27.549999999999997,80.50999999999979,5.601812392858412,84.54746598214108,24.917631964286663,0,0,0,46,3,0,1,0,0,0,,,,,,,,,,,,,,,,,,,,,,,,,,,,,,,,,,,,,,,,,,,,,,,,,,,,,,,,,,,,,,,,,,,,,,,,,,,,,,,,,,,,,,,,,,,,,,,,,,,,,,,,,,,,,,,,,,,,,,0,0,0,0,0,0,46,46,3,49,0,49,1,50,0,50,0,50,0,50,legacy_planted_id_v0_audited_equivalent_to_query_payload_v1
runs\logs\crm_results_dir\production_benchmark_summary.csv,runs\logs\crm_results_dir\results\prod_arxiv_s20260607_q50_types_all_sizes20_50_100_mean_rrf_component_b20_50_100_200_per_query.csv,arxiv,arxiv,20260607,arxiv,single,100,coarse_mean_rrf,mean_rrf_component,type_feat32,50,50,50,0,50,0,0,0,0,50,0,0.12950978787999248,0.13217026449999025,0.1526773292000257,100.36,102.0,100.16,1687.4332712746889,3439.1909324785643,1.0,0.05,1.0,3.0,14.0,15.509999999999998,5.693311339995262,85.70290663999685,43.80688123999562,0,0,0,50,0,0,0,0,0,0,,,,,,,,,,,,,,,,,,,,,,,,,,,,,,,,,,,,,,,,,,,,,,,,,,,,,,,,,,,,,,,,,,,,,,,,,,,,,,,,,,,,,,,,,,,,,,,,,,,,,,,,,,,,,,,,,,,,,,0,0,0,0,0,0,50,50,0,50,0,50,0,50,0,50,0,50,0,50,legacy_planted_id_v0_audited_equivalent_to_query_payload_v1
corrected_connected_rerun::prod_arxiv_connected_mf_mc_s20260607_q50_types_multi_fine_multi_coarse_sizes20_50_100_mean_rrf_component_b20_50_100_200_per_query.csv,runs/lcr_arxiv_v3/results/prod_arxiv_connected_mf_mc_s20260607_q50_types_multi_fine_multi_coarse_sizes20_50_100_mean_rrf_component_b20_50_100_200_per_query.csv,arxiv,arxiv,20260607,arxiv,multi_fine,20,coarse_mean_rrf,mean_rrf_component,type_feat32,50,50,50,0,50,0,0,0,0,50,0,0.08591983054000138,0.08289266099995984,0.14641535399995287,20.04,20.549999999999997,20.04,8451.870932330827,37382.4983266864,1.0,0.05,1.0,1.0,4.549999999999997,9.509999999999998,5.434987060000367,76.24517183999615,9.674658700005239,0,0,0,50,0,0,0,0,0,0,,,,,,,,,,,,,,,,,,,,,,,,,,,,,,,,,,,,,,,,,,,,,,,,,,,,,,,,,,,,,,,,,,,,,,,,,,,,,,,,,,,,,,,,,,,,,,,,,,,,,,,,,,,,,,,,,,,,,,0,0,0,0,0,0,50,50,0,50,0,50,0,50,0,50,0,50,0,50,legacy_planted_id_v0_audited_equivalent_to_query_payload_v1
corrected_connected_rerun::prod_arxiv_connected_mf_mc_s20260607_q50_types_multi_fine_multi_coarse_sizes20_50_100_mean_rrf_component_b20_50_100_200_per_query.csv,runs/lcr_arxiv_v3/results/prod_arxiv_connected_mf_mc_s20260607_q50_types_multi_fine_multi_coarse_sizes20_50_100_mean_rrf_component_b20_50_100_200_per_query.csv,arxiv,arxiv,20260607,arxiv,multi_fine,50,coarse_mean_rrf,mean_rrf_component,type_feat32,50,50,50,0,50,0,0,0,0,50,0,0.1010025760800113,0.09900044350001735,0.1397959029999413,50.38,51.0,50.08,3363.296486719329,9818.657454592112,1.0,0.05,1.0,1.0,2.0,9.139999999999972,6.871332239986714,81.99692300000379,19.005653080007505,0,0,0,50,0,0,0,0,0,0,,,,,,,,,,,,,,,,,,,,,,,,,,,,,,,,,,,,,,,,,,,,,,,,,,,,,,,,,,,,,,,,,,,,,,,,,,,,,,,,,,,,,,,,,,,,,,,,,,,,,,,,,,,,,,,,,,,,,,0,0,0,0,0,0,50,50,0,50,0,50,0,50,0,50,0,50,0,50,legacy_planted_id_v0_audited_equivalent_to_query_payload_v1
corrected_connected_rerun::prod_arxiv_connected_mf_mc_s20260607_q50_types_multi_fine_multi_coarse_sizes20_50_100_mean_rrf_component_b20_50_100_200_per_query.csv,runs/lcr_arxiv_v3/results/prod_arxiv_connected_mf_mc_s20260607_q50_types_multi_fine_multi_coarse_sizes20_50_100_mean_rrf_component_b20_50_100_200_per_query.csv,arxiv,arxiv,20260607,arxiv,multi_fine,100,coarse_mean_rrf,mean_rrf_component,type_feat32,50,50,50,0,50,0,0,0,0,50,0,0.12196059361999233,0.11547929200003182,0.19560040850000177,100.48,101.0,100.26,1685.7849747873631,4406.80683292891,1.0,0.05,1.0,1.0,1.0,1.0,7.2625976599874775,88.74413543999253,33.21645817999979,0,0,0,50,0,0,0,0,0,0,,,,,,,,,,,,,,,,,,,,,,,,,,,,,,,,,,,,,,,,,,,,,,,,,,,,,,,,,,,,,,,,,,,,,,,,,,,,,,,,,,,,,,,,,,,,,,,,,,,,,,,,,,,,,,,,,,,,,,0,0,0,0,0,0,50,50,0,50,0,50,0,50,0,50,0,50,0,50,legacy_planted_id_v0_audited_equivalent_to_query_payload_v1
runs\logs\crm_results_dir\production_benchmark_summary.csv,runs\logs\crm_results_dir\results\prod_arxiv_s20260607_q50_types_all_sizes20_50_100_mean_rrf_component_b20_50_100_200_per_query.csv,arxiv,arxiv,20260607,arxiv,k_hop,20,coarse_mean_rrf,mean_rrf_component,type_feat32,50,50,50,0,50,0,0,0,0,50,0,0.1337677191599977,0.0899280994999998,0.3440830379500151,27.08,59.24999999999996,19.84,8557.869464285714,54556.267373263974,5.7,0.13407692307692307,0.6184374449080332,57.0,182.0,190.53,5.794970999998511,88.52884415384604,14.369401353844488,0,0,0,39,8,2,1,0,0,0,,,,,,,,,,,,,,,,,,,,,,,,,,,,,,,,,,,,,,,,,,,,,,,,,,,,,,,,,,,,,,,,,,,,,,,,,,,,,,,,,,,,,,,,,,,,,,,,,,,,,,,,,,,,,,,,,,,,,,0,0,0,0,0,0,39,39,8,47,2,49,1,50,0,50,0,50,0,50,legacy_planted_id_v0_audited_equivalent_to_query_payload_v1
runs\logs\crm_results_dir\production_benchmark_summary.csv,runs\logs\crm_results_dir\results\prod_arxiv_s20260607_q50_types_all_sizes20_50_100_mean_rrf_component_b20_50_100_200_per_query.csv,arxiv,arxiv,20260607,arxiv,k_hop,50,coarse_mean_rrf,mean_rrf_component,type_feat32,50,50,50,0,50,0,0,0,0,50,0,0.18343799022000667,0.11127137400001175,0.47539199674999966,100.94,311.39999999999986,49.82,3401.991047609121,11210.51642876332,11.54,0.22972972972972974,0.5834779643796671,100.5,177.2,186.05999999999997,5.819757635135614,104.74081243243415,19.20377555405683,0,0,0,34,9,6,1,0,0,0,,,,,,,,,,,,,,,,,,,,,,,,,,,,,,,,,,,,,,,,,,,,,,,,,,,,,,,,,,,,,,,,,,,,,,,,,,,,,,,,,,,,,,,,,,,,,,,,,,,,,,,,,,,,,,,,,,,,,,0,0,0,0,0,0,34,34,9,43,6,49,1,50,0,50,0,50,0,50,legacy_planted_id_v0_audited_equivalent_to_query_payload_v1
runs\logs\crm_results_dir\production_benchmark_summary.csv,runs\logs\crm_results_dir\results\prod_arxiv_s20260607_q50_types_all_sizes20_50_100_mean_rrf_component_b20_50_100_200_per_query.csv,arxiv,arxiv,20260607,arxiv,k_hop,100,coarse_mean_rrf,mean_rrf_component,type_feat32,50,50,50,0,50,0,0,0,0,50,0,0.21819623773999638,0.13695723749998479,0.5284318402999701,198.72,689.8499999999999,100.16,1684.8514272866148,4298.382112316613,23.2,0.3818493150684932,0.5246459089013462,142.5,191.0,195.04,5.751637904110065,118.7844881232894,30.66498978081769,0,0,0,37,5,6,2,0,0,0,,,,,,,,,,,,,,,,,,,,,,,,,,,,,,,,,,,,,,,,,,,,,,,,,,,,,,,,,,,,,,,,,,,,,,,,,,,,,,,,,,,,,,,,,,,,,,,,,,,,,,,,,,,,,,,,,,,,,,0,0,0,0,0,0,37,37,5,42,6,48,2,50,0,50,0,50,0,50,legacy_planted_id_v0_audited_equivalent_to_query_payload_v1
runs\logs\crm_results_dir\production_benchmark_summary.csv,runs\logs\crm_results_dir\results\prod_arxiv_s20260607_q50_types_all_sizes20_50_100_mean_rrf_component_b20_50_100_200_per_query.csv,arxiv,arxiv,20260607,arxiv,degree_k_hop,20,coarse_mean_rrf,mean_rrf_component,type_feat32,50,50,50,0,50,0,0,0,0,50,0,0.13460846934000018,0.0916995934999818,0.3280786321500254,33.88,92.1,20.06,8435.627277056277,38148.71943610253,5.86,0.13121212121212122,0.635163826072917,72.5,167.29999999999998,174.51,5.691325015152157,88.01535584848438,13.96075728787938,0,0,0,38,9,2,1,0,0,0,,,,,,,,,,,,,,,,,,,,,,,,,,,,,,,,,,,,,,,,,,,,,,,,,,,,,,,,,,,,,,,,,,,,,,,,,,,,,,,,,,,,,,,,,,,,,,,,,,,,,,,,,,,,,,,,,,,,,,0,0,0,0,0,0,38,38,9,47,2,49,1,50,0,50,0,50,0,50,legacy_planted_id_v0_audited_equivalent_to_query_payload_v1
runs\logs\crm_results_dir\production_benchmark_summary.csv,runs\logs\crm_results_dir\results\prod_arxiv_s20260607_q50_types_all_sizes20_50_100_mean_rrf_component_b20_50_100_200_per_query.csv,arxiv,arxiv,20260607,arxiv,degree_k_hop,50,coarse_mean_rrf,mean_rrf_component,type_feat32,50,50,50,0,50,0,0,0,0,50,0,0.1717838851200054,0.11306934400002433,0.47046041709997144,88.42,271.29999999999995,50.04,3390.784169340464,10995.890219665212,12.3,0.24345070422535212,0.6121333155399548,122.5,180.1,186.51,5.741652014093311,100.67363187323988,20.300935112679397,0,0,0,36,9,3,2,0,0,0,,,,,,,,,,,,,,,,,,,,,,,,,,,,,,,,,,,,,,,,,,,,,,,,,,,,,,,,,,,,,,,,,,,,,,,,,,,,,,,,,,,,,,,,,,,,,,,,,,,,,,,,,,,,,,,,,,,,,,0,0,0,0,0,0,36,36,9,45,3,48,2,50,0,50,0,50,0,50,legacy_planted_id_v0_audited_equivalent_to_query_payload_v1
runs\logs\crm_results_dir\production_benchmark_summary.csv,runs\logs\crm_results_dir\results\prod_arxiv_s20260607_q50_types_all_sizes20_50_100_mean_rrf_component_b20_50_100_200_per_query.csv,arxiv,arxiv,20260607,arxiv,degree_k_hop,100,coarse_mean_rrf,mean_rrf_component,type_feat32,50,50,50,0,50,0,0,0,0,50,0,0.2501212238200037,0.15822401200000513,0.5197288907498944,247.44,680.4999999999995,100.16,1689.411436791325,4437.204437053095,20.24,0.3527976190476191,0.5602601389012839,136.0,178.55,195.04,5.761461559529158,122.61906255952496,26.26261828571533,0,0,0,28,12,8,2,0,0,0,,,,,,,,,,,,,,,,,,,,,,,,,,,,,,,,,,,,,,,,,,,,,,,,,,,,,,,,,,,,,,,,,,,,,,,,,,,,,,,,,,,,,,,,,,,,,,,,,,,,,,,,,,,,,,,,,,,,,,0,0,0,0,0,0,28,28,12,40,8,48,2,50,0,50,0,50,0,50,legacy_planted_id_v0_audited_equivalent_to_query_payload_v1
runs\logs\crm_results_dir\production_benchmark_summary.csv,runs\logs\crm_results_dir\results\prod_arxiv_s20260607_q50_types_all_sizes20_50_100_mean_rrf_component_b20_50_100_200_per_query.csv,arxiv,arxiv,20260607,arxiv,random_walk,20,coarse_mean_rrf,mean_rrf_component,type_feat32,50,50,50,0,50,0,0,0,0,50,0,0.3153962731599915,0.24045143449998818,0.7476749196499965,86.1,202.84999999999997,20.1,8477.963027056276,44409.65438416211,7.76,0.10760869565217392,0.5745845700193527,112.5,181.69999999999996,191.51,5.717227208691611,129.2146842608677,7.9141301565199305,0,0,0,10,21,13,6,0,0,0,,,,,,,,,,,,,,,,,,,,,,,,,,,,,,,,,,,,,,,,,,,,,,,,,,,,,,,,,,,,,,,,,,,,,,,,,,,,,,,,,,,,,,,,,,,,,,,,,,,,,,,,,,,,,,,,,,,,,,0,0,0,0,0,0,10,10,21,31,13,44,6,50,0,50,0,50,0,50,legacy_planted_id_v0_audited_equivalent_to_query_payload_v1
runs\logs\crm_results_dir\production_benchmark_summary.csv,runs\logs\crm_results_dir\results\prod_arxiv_s20260607_q50_types_all_sizes20_50_100_mean_rrf_component_b20_50_100_200_per_query.csv,arxiv,arxiv,20260607,arxiv,random_walk,50,coarse_mean_rrf,mean_rrf_component,type_feat32,50,50,50,0,50,0,0,0,0,50,0,0.5889291905200105,0.6087491530000193,0.8095164423000198,281.96,462.79999999999995,50.34,3368.466918415436,12288.03671895187,17.68,0.15963855421686746,0.5538485085978465,153.5,195.2,197.51,5.780889487953981,168.86344100602713,8.524869391566376,0,0,0,1,7,17,25,0,0,0,,,,,,,,,,,,,,,,,,,,,,,,,,,,,,,,,,,,,,,,,,,,,,,,,,,,,,,,,,,,,,,,,,,,,,,,,,,,,,,,,,,,,,,,,,,,,,,,,,,,,,,,,,,,,,,,,,,,,,0,0,0,0,0,0,1,1,7,8,17,25,25,50,0,50,0,50,0,50,legacy_planted_id_v0_audited_equivalent_to_query_payload_v1
runs\logs\crm_results_dir\production_benchmark_summary.csv,runs\logs\crm_results_dir\results\prod_arxiv_s20260607_q50_types_all_sizes20_50_100_mean_rrf_component_b20_50_100_200_per_query.csv,arxiv,arxiv,20260607,arxiv,random_walk,100,coarse_mean_rrf,mean_rrf_component,type_feat32,50,50,50,0,50,0,0,0,0,50,0,0.7355770460199881,0.8257987859999503,0.8603894045999454,582.82,988.1499999999999,100.44,1681.5973061539664,5110.432428159174,29.4,0.2295108695652174,0.5700969150579761,168.0,199.55,200.0,5.80105033695928,187.77148003804055,12.113586815217086,0,0,0,1,2,9,38,0,0,0,,,,,,,,,,,,,,,,,,,,,,,,,,,,,,,,,,,,,,,,,,,,,,,,,,,,,,,,,,,,,,,,,,,,,,,,,,,,,,,,,,,,,,,,,,,,,,,,,,,,,,,,,,,,,,,,,,,,,,0,0,0,0,0,0,1,1,2,3,9,12,38,50,0,50,0,50,0,50,legacy_planted_id_v0_audited_equivalent_to_query_payload_v1
corrected_connected_rerun::prod_arxiv_connected_mf_mc_s20260607_q50_types_multi_fine_multi_coarse_sizes20_50_100_mean_rrf_component_b20_50_100_200_per_query.csv,runs/lcr_arxiv_v3/results/prod_arxiv_connected_mf_mc_s20260607_q50_types_multi_fine_multi_coarse_sizes20_50_100_mean_rrf_component_b20_50_100_200_per_query.csv,arxiv,arxiv,20260607,arxiv,multi_coarse,20,coarse_mean_rrf,mean_rrf_component,type_feat32,50,50,50,0,50,0,0,0,0,50,0,0.4084007989800057,0.26704223249998904,0.8363259076499843,116.8,253.55,20.06,8438.315261183261,37429.93454265427,4.06,0.0678515625,0.6869791666666667,61.5,140.1,161.31999999999994,5.399592648420715,155.7160433984377,3.815518703127019,0,0,0,6,22,10,12,0,0,0,,,,,,,,,,,,,,,,,,,,,,,,,,,,,,,,,,,,,,,,,,,,,,,,,,,,,,,,,,,,,,,,,,,,,,,,,,,,,,,,,,,,,,,,,,,,,,,,,,,,,,,,,,,,,,,,,,,,,,0,0,0,0,0,0,6,6,22,28,10,38,12,50,0,50,0,50,0,50,legacy_planted_id_v0_audited_equivalent_to_query_payload_v1
corrected_connected_rerun::prod_arxiv_connected_mf_mc_s20260607_q50_types_multi_fine_multi_coarse_sizes20_50_100_mean_rrf_component_b20_50_100_200_per_query.csv,runs/lcr_arxiv_v3/results/prod_arxiv_connected_mf_mc_s20260607_q50_types_multi_fine_multi_coarse_sizes20_50_100_mean_rrf_component_b20_50_100_200_per_query.csv,arxiv,arxiv,20260607,arxiv,multi_coarse,50,coarse_mean_rrf,mean_rrf_component,type_feat32,50,50,50,0,50,0,0,0,0,50,0,0.4892250743199702,0.4553578134999725,0.9103096415499976,264.62,528.55,50.2,3373.6292799396683,11163.099111687223,4.28,0.07582733812949641,0.7480815347721823,64.0,144.04999999999995,169.80999999999995,5.9241278777270105,169.69902189926663,6.281220661873717,0,0,0,7,12,16,15,0,0,0,,,,,,,,,,,,,,,,,,,,,,,,,,,,,,,,,,,,,,,,,,,,,,,,,,,,,,,,,,,,,,,,,,,,,,,,,,,,,,,,,,,,,,,,,,,,,,,,,,,,,,,,,,,,,,,,,,,,,,0,0,0,0,0,0,7,7,12,19,16,35,15,50,0,50,0,50,0,50,legacy_planted_id_v0_audited_equivalent_to_query_payload_v1
corrected_connected_rerun::prod_arxiv_connected_mf_mc_s20260607_q50_types_multi_fine_multi_coarse_sizes20_50_100_mean_rrf_component_b20_50_100_200_per_query.csv,runs/lcr_arxiv_v3/results/prod_arxiv_connected_mf_mc_s20260607_q50_types_multi_fine_multi_coarse_sizes20_50_100_mean_rrf_component_b20_50_100_200_per_query.csv,arxiv,arxiv,20260607,arxiv,multi_coarse,100,coarse_mean_rrf,mean_rrf_component,type_feat32,50,50,50,0,50,0,0,0,0,50,0,0.4819135822199587,0.49056562200019016,0.8738918913998872,485.1,908.7999999999995,100.2,1686.459581845198,4080.512806574572,4.14,0.08119230769230769,0.7728205128205128,70.5,132.1,153.11999999999998,7.5035516846110815,172.45894355383265,12.892434223074535,0,0,0,8,15,16,11,0,0,0,,,,,,,,,,,,,,,,,,,,,,,,,,,,,,,,,,,,,,,,,,,,,,,,,,,,,,,,,,,,,,,,,,,,,,,,,,,,,,,,,,,,,,,,,,,,,,,,,,,,,,,,,,,,,,,,,,,,,,0,0,0,0,0,0,8,8,15,23,16,39,11,50,0,50,0,50,0,50,legacy_planted_id_v0_audited_equivalent_to_query_payload_v1
/workspace/jigsaw_pkg/runs/noid_negative_arxiv_v4/results/prod_arxiv_pv1_s20260607_neg_mean_rrf_component_b20_50_100_200_per_query.csv,/workspace/jigsaw_pkg/runs/noid_negative_arxiv_v4/results/prod_arxiv_pv1_s20260607_neg_mean_rrf_component_b20_50_100_200_per_query.csv,arxiv,arxiv,20260607,arxiv_overlap_best,negative_label,20,coarse_mean_rrf,mean_rrf_component,type_feat32,50,0,0,50,0,0,50,0,0,0,0,0.19148133772000164,0.1762637514999028,0.29249846495004017,124.44,264.0,0.0,5097.707202410344,55369.90792315167,6.26,0.060474999999999925,0.7015777139527138,131.0,197.1,198.51,5.309284279999247,47.87033443000041,0.0,0,0,0,0,0,0,0,0,0,0,query_payload_v1_negative_rerun_2026-08-01,50,0,,0,1,0,50,0,0.04787033443,0.00530928428,0.19148133772000164,124.44,,,,,,,,0,,,,,,,,,,,,,,,,,,,,,,,,,,,,,,,,,,,,,,,,,,,,,,,,,,,,,,,,,,,,,,,,,,,,,,,,,,,,,,,,,,,,,,,,,,,,,,,0,0,0,0,0,0,0,0,0,0,0,0,0,0,0,0,0,0,0,0,0,0,query_payload_v1
/workspace/jigsaw_pkg/runs/noid_negative_arxiv_v4/results/prod_arxiv_pv1_s20260607_neg_mean_rrf_component_b20_50_100_200_per_query.csv,/workspace/jigsaw_pkg/runs/noid_negative_arxiv_v4/results/prod_arxiv_pv1_s20260607_neg_mean_rrf_component_b20_50_100_200_per_query.csv,arxiv,arxiv,20260607,arxiv_overlap_best,negative_label,50,coarse_mean_rrf,mean_rrf_component,type_feat32,50,0,0,50,0,0,50,0,0,2,0,0.2060959683999886,0.195473694000043,0.2902097809499935,294.46,586.7499999999999,0.0,1779.895298993461,8821.37073712466,12.58,0.136575,0.7411015426320362,145.5,198.0,199.51,6.226729299994531,51.52399209999714,0.0,0,0,0,0,0,0,0,0,0,0,query_payload_v1_negative_rerun_2026-08-01,50,0,,0,1,0,50,0,0.0515239921,0.00622672929999,0.2060959683999886,294.46,,,,,,,,0,,,,,,,,,,,,,,,,,,,,,,,,,,,,,,,,,,,,,,,,,,,,,,,,,,,,,,,,,,,,,,,,,,,,,,,,,,,,,,,,,,,,,,,,,,,,,,,0.04,0,0,0,0,0,0,0,0,0,0,0,0,0,0,0,0,0,0,0,0,0,query_payload_v1
/workspace/jigsaw_pkg/runs/noid_negative_arxiv_v4/results/prod_arxiv_pv1_s20260607_neg_mean_rrf_component_b20_50_100_200_per_query.csv,/workspace/jigsaw_pkg/runs/noid_negative_arxiv_v4/results/prod_arxiv_pv1_s20260607_neg_mean_rrf_component_b20_50_100_200_per_query.csv,arxiv,arxiv,20260607,arxiv_overlap_best,negative_label,100,coarse_mean_rrf,mean_rrf_component,type_feat32,50,0,0,50,0,0,50,0,0,0,0,0.19305055278000963,0.1836475104999522,0.270718680549993,538.46,1131.0,0.0,1101.2551374770057,4198.205150535866,24.14,0.21327499999999996,0.673025900708542,184.5,199.0,200.0,7.443184300007033,48.26263819500241,0.0,0,0,0,0,0,0,0,0,0,0,query_payload_v1_negative_rerun_2026-08-01,50,0,,0,1,0,50,0,0.048262638195,0.00744318430001,0.19305055278000963,538.46,,,,,,,,0,,,,,,,,,,,,,,,,,,,,,,,,,,,,,,,,,,,,,,,,,,,,,,,,,,,,,,,,,,,,,,,,,,,,,,,,,,,,,,,,,,,,,,,,,,,,,,,0,0,0,0,0,0,0,0,0,0,0,0,0,0,0,0,0,0,0,0,0,0,query_payload_v1
/workspace/jigsaw_pkg/runs/noid_negative_arxiv_v4/results/prod_arxiv_pv1_s20260607_neg_mean_rrf_component_b20_50_100_200_per_query.csv,/workspace/jigsaw_pkg/runs/noid_negative_arxiv_v4/results/prod_arxiv_pv1_s20260607_neg_mean_rrf_component_b20_50_100_200_per_query.csv,arxiv,arxiv,20260607,arxiv_overlap_best,negative_structure,20,coarse_mean_rrf,mean_rrf_component,type_feat32,50,0,0,50,0,0,50,0,0,50,0,0.24819108540000342,0.24296973450003634,0.3189581849998774,26.96,74.1,19.84,8580.04533333334,35983.572747034166,5.88,0.09285,0.8843948412698412,48.0,123.49999999999997,158.58999999999997,5.797130440009823,54.151371664997896,7.896399685002962,0,0,0,0,0,0,0,0,0,0,query_payload_v1_negative_rerun_2026-08-01,50,0,,0,1,0,50,0.007896399685,0.054151371665,0.00579713044001,0.24819108540000342,26.96,,,,,,,,0,,,,,,,,,,,,,,,,,,,,,,,,,,,,,,,,,,,,,,,,,,,,,,,,,,,,,,,,,,,,,,,,,,,,,,,,,,,,,,,,,,,,,,,,,,,,,,,1,0,0,0,0,0,0,0,0,0,0,0,0,0,0,0,0,0,0,0,0,0,query_payload_v1
/workspace/jigsaw_pkg/runs/noid_negative_arxiv_v4/results/prod_arxiv_pv1_s20260607_neg_mean_rrf_component_b20_50_100_200_per_query.csv,/workspace/jigsaw_pkg/runs/noid_negative_arxiv_v4/results/prod_arxiv_pv1_s20260607_neg_mean_rrf_component_b20_50_100_200_per_query.csv,arxiv,arxiv,20260607,arxiv_overlap_best,negative_structure,50,coarse_mean_rrf,mean_rrf_component,type_feat32,50,0,0,50,0,0,50,0,0,50,0,0.2419552327999736,0.23558148549989255,0.3215818560000229,69.86,155.1,50.36,3363.1493828604166,8921.120820606973,12.42,0.18392499999999995,0.8523409045699971,78.0,143.1,160.25999999999993,6.386955020007008,48.722454514994524,11.766353684998876,0,0,0,0,0,0,0,0,0,0,query_payload_v1_negative_rerun_2026-08-01,50,0,,0,1,0,50,0.011766353685,0.048722454515,0.00638695502001,0.2419552327999736,69.86,,,,,,,,0,,,,,,,,,,,,,,,,,,,,,,,,,,,,,,,,,,,,,,,,,,,,,,,,,,,,,,,,,,,,,,,,,,,,,,,,,,,,,,,,,,,,,,,,,,,,,,,1,0,0,0,0,0,0,0,0,0,0,0,0,0,0,0,0,0,0,0,0,0,query_payload_v1
/workspace/jigsaw_pkg/runs/noid_negative_arxiv_v4/results/prod_arxiv_pv1_s20260607_neg_mean_rrf_component_b20_50_100_200_per_query.csv,/workspace/jigsaw_pkg/runs/noid_negative_arxiv_v4/results/prod_arxiv_pv1_s20260607_neg_mean_rrf_component_b20_50_100_200_per_query.csv,arxiv,arxiv,20260607,arxiv_overlap_best,negative_structure,100,coarse_mean_rrf,mean_rrf_component,type_feat32,50,0,0,50,0,0,50,0,0,50,0,0.28887366544001,0.2789306705000172,0.4018652000498718,151.14,391.9999999999998,100.5,1682.800878685991,4485.124694488251,23.88,0.3012,0.8051212378498893,101.5,192.2,196.51,7.691068179992726,53.22306975499885,18.995346605003647,0,0,0,0,0,0,0,0,0,0,query_payload_v1_negative_rerun_2026-08-01,50,0,,0,1,0,50,0.018995346605,0.053223069755,0.00769106817999,0.28887366544001,151.14,,,,,,,,0,,,,,,,,,,,,,,,,,,,,,,,,,,,,,,,,,,,,,,,,,,,,,,,,,,,,,,,,,,,,,,,,,,,,,,,,,,,,,,,,,,,,,,,,,,,,,,,1,0,0,0,0,0,0,0,0,0,0,0,0,0,0,0,0,0,0,0,0,0,query_payload_v1
runs\lightning_completion\jigsaw-arxiv-random-topo-filterall-gcp-cpux8-v2-resume\summary.csv,C:\Users\Swastik\Desktop\Jigsaw\runs\lightning_completion\jigsaw-arxiv-random-topo-filterall-gcp-cpux8-v2-resume\results\prod_arxiv_fill_rtf_s20260607_q50_types_all_sizes20_50_100_topo_feature_component_b20_50_100_200_per_query.csv,arxiv,arxiv,20260607,arxiv,single,20,topo_feature,topo_feature_component,type_feat32,50,50,50,0,50,0,0,0,0,50,0,0.6398584593600026,0.6185217075001219,1.0091430884998316,75.24,187.2,19.9,18762.8260808848,167861.41949442908,1.0,0.004129032258064516,0.3096774193548387,99.5,175.2,186.53,0.30816219355220975,203.058264238708,3.3476903935508977,0,0,0,5,7,16,22,0,0,0,,,,,,,,,,,,,,,,,,,,,,,,,,,,,,,,,,,,,,,,,,,,,,,,,,,,,,,,,,,,,,,,,,,,,,,,,,,,,,,,,,,,,,,,,,,,,,,,,,,,,,,,,,,,,,,,,,,,,,0,0,0,0,0,0,5,5,7,12,16,28,22,50,0,50,0,50,0,50,legacy_planted_id_v0_audited_equivalent_to_query_payload_v1
runs\lightning_completion\jigsaw-arxiv-random-topo-filterall-gcp-cpux8-v2-resume\summary.csv,C:\Users\Swastik\Desktop\Jigsaw\runs\lightning_completion\jigsaw-arxiv-random-topo-filterall-gcp-cpux8-v2-resume\results\prod_arxiv_fill_rtf_s20260607_q50_types_all_sizes20_50_100_topo_feature_component_b20_50_100_200_per_query.csv,arxiv,arxiv,20260607,arxiv,single,50,topo_feature,topo_feature_component,type_feat32,50,50,50,0,50,0,0,0,0,50,0,0.60779828766003,0.6552414845000385,1.0550946014498777,136.38,362.79999999999995,50.14,5152.883079013343,126967.63907572377,1.0,0.005868055555555556,0.3472222222222222,74.0,174.69999999999996,190.15999999999997,0.3323958402792944,204.11234749306257,6.92872461111449,0,0,0,9,9,11,21,0,0,0,,,,,,,,,,,,,,,,,,,,,,,,,,,,,,,,,,,,,,,,,,,,,,,,,,,,,,,,,,,,,,,,,,,,,,,,,,,,,,,,,,,,,,,,,,,,,,,,,,,,,,,,,,,,,,,,,,,,,,0,0,0,0,0,0,9,9,9,18,11,29,21,50,0,50,0,50,0,50,legacy_planted_id_v0_audited_equivalent_to_query_payload_v1
runs\lightning_completion\jigsaw-arxiv-random-topo-filterall-gcp-cpux8-v2-resume\summary.csv,C:\Users\Swastik\Desktop\Jigsaw\runs\lightning_completion\jigsaw-arxiv-random-topo-filterall-gcp-cpux8-v2-resume\results\prod_arxiv_fill_rtf_s20260607_q50_types_all_sizes20_50_100_topo_feature_component_b20_50_100_200_per_query.csv,arxiv,arxiv,20260607,arxiv,single,100,topo_feature,topo_feature_component,type_feat32,50,50,50,0,50,0,0,0,0,50,0,0.5674709158800397,0.5235792550001861,0.8765664770001762,370.0,930.2499999999999,100.16,2170.8507809476414,62796.10318323683,1.0,0.004506578947368421,0.32894736842105265,85.5,185.99999999999994,200.0,0.25201692759268507,176.38971034869212,10.278354085531454,0,0,0,5,9,15,21,0,0,0,,,,,,,,,,,,,,,,,,,,,,,,,,,,,,,,,,,,,,,,,,,,,,,,,,,,,,,,,,,,,,,,,,,,,,,,,,,,,,,,,,,,,,,,,,,,,,,,,,,,,,,,,,,,,,,,,,,,,,0,0,0,0,0,0,5,5,9,14,15,29,21,50,0,50,0,50,0,50,legacy_planted_id_v0_audited_equivalent_to_query_payload_v1
corrected_connected_rerun::prod_arxiv_connected_mf_mc_s20260607_q50_types_multi_fine_multi_coarse_sizes20_50_100_topo_feature_component_b20_50_100_200_per_query.csv,runs/lcr_arxiv_v3/results/prod_arxiv_connected_mf_mc_s20260607_q50_types_multi_fine_multi_coarse_sizes20_50_100_topo_feature_component_b20_50_100_200_per_query.csv,arxiv,arxiv,20260607,arxiv,multi_fine,20,topo_feature,topo_feature_component,type_feat32,50,50,50,0,50,0,0,0,0,50,0,0.6932531522799854,0.6572826000000305,1.044844088599757,77.3,207.14999999999998,20.04,11840.184389811253,121198.7658488215,1.0,0.004900662251655629,0.32450331125827814,101.0,193.0,196.51,0.2671140463604051,225.81408213906667,3.7399417947033617,0,0,0,7,9,10,24,0,0,0,,,,,,,,,,,,,,,,,,,,,,,,,,,,,,,,,,,,,,,,,,,,,,,,,,,,,,,,,,,,,,,,,,,,,,,,,,,,,,,,,,,,,,,,,,,,,,,,,,,,,,,,,,,,,,,,,,,,,,0,0,0,0,0,0,7,7,9,16,10,26,24,50,0,50,0,50,0,50,legacy_planted_id_v0_audited_equivalent_to_query_payload_v1
corrected_connected_rerun::prod_arxiv_connected_mf_mc_s20260607_q50_types_multi_fine_multi_coarse_sizes20_50_100_topo_feature_component_b20_50_100_200_per_query.csv,runs/lcr_arxiv_v3/results/prod_arxiv_connected_mf_mc_s20260607_q50_types_multi_fine_multi_coarse_sizes20_50_100_topo_feature_component_b20_50_100_200_per_query.csv,arxiv,arxiv,20260607,arxiv,multi_fine,50,topo_feature,topo_feature_component,type_feat32,50,50,50,0,50,0,0,0,0,50,0,0.6116201455000418,0.6009513980000065,0.9732787427496872,183.4,474.6499999999998,50.08,5182.941216010197,98067.7070696793,1.0,0.004058441558441558,0.3246753246753247,82.5,188.29999999999998,194.51,0.27570077920345637,192.49031546104555,6.087653857149861,0,0,0,4,5,24,17,0,0,0,,,,,,,,,,,,,,,,,,,,,,,,,,,,,,,,,,,,,,,,,,,,,,,,,,,,,,,,,,,,,,,,,,,,,,,,,,,,,,,,,,,,,,,,,,,,,,,,,,,,,,,,,,,,,,,,,,,,,,0,0,0,0,0,0,4,4,5,9,24,33,17,50,0,50,0,50,0,50,legacy_planted_id_v0_audited_equivalent_to_query_payload_v1
corrected_connected_rerun::prod_arxiv_connected_mf_mc_s20260607_q50_types_multi_fine_multi_coarse_sizes20_50_100_topo_feature_component_b20_50_100_200_per_query.csv,runs/lcr_arxiv_v3/results/prod_arxiv_connected_mf_mc_s20260607_q50_types_multi_fine_multi_coarse_sizes20_50_100_topo_feature_component_b20_50_100_200_per_query.csv,arxiv,arxiv,20260607,arxiv,multi_fine,100,topo_feature,topo_feature_component,type_feat32,50,50,50,0,50,0,0,0,0,50,0,0.758248491620011,0.8813546479998422,1.1709424950498033,364.96,725.0999999999999,100.26,2239.057890864311,86047.3604236223,1.0,0.0037267080745341614,0.3105590062111801,102.0,186.55,192.04,0.34265547825265263,224.58727418012606,10.893623838510901,0,0,0,4,7,13,26,0,0,0,,,,,,,,,,,,,,,,,,,,,,,,,,,,,,,,,,,,,,,,,,,,,,,,,,,,,,,,,,,,,,,,,,,,,,,,,,,,,,,,,,,,,,,,,,,,,,,,,,,,,,,,,,,,,,,,,,,,,,0,0,0,0,0,0,4,4,7,11,13,24,26,50,0,50,0,50,0,50,legacy_planted_id_v0_audited_equivalent_to_query_payload_v1
runs\lightning_completion\jigsaw-arxiv-random-topo-filterall-gcp-cpux8-v2-resume\summary.csv,C:\Users\Swastik\Desktop\Jigsaw\runs\lightning_completion\jigsaw-arxiv-random-topo-filterall-gcp-cpux8-v2-resume\results\prod_arxiv_fill_rtf_s20260607_q50_types_all_sizes20_50_100_topo_feature_component_b20_50_100_200_per_query.csv,arxiv,arxiv,20260607,arxiv,k_hop,20,topo_feature,topo_feature_component,type_feat32,50,50,50,0,50,0,0,0,0,50,0,0.6924096487600354,0.7695347355002014,1.0683959475501523,87.38,200.84999999999997,19.84,14199.236621615311,134724.24879307428,5.7,0.02432098765432099,0.32796560939262465,175.5,199.55,200.0,0.3140967962820098,210.5283859321103,3.17829578395004,0,0,0,3,7,15,25,0,0,0,,,,,,,,,,,,,,,,,,,,,,,,,,,,,,,,,,,,,,,,,,,,,,,,,,,,,,,,,,,,,,,,,,,,,,,,,,,,,,,,,,,,,,,,,,,,,,,,,,,,,,,,,,,,,,,,,,,,,,0,0,0,0,0,0,3,3,7,10,15,25,25,50,0,50,0,50,0,50,legacy_planted_id_v0_audited_equivalent_to_query_payload_v1
runs\lightning_completion\jigsaw-arxiv-random-topo-filterall-gcp-cpux8-v2-resume\summary.csv,C:\Users\Swastik\Desktop\Jigsaw\runs\lightning_completion\jigsaw-arxiv-random-topo-filterall-gcp-cpux8-v2-resume\results\prod_arxiv_fill_rtf_s20260607_q50_types_all_sizes20_50_100_topo_feature_component_b20_50_100_200_per_query.csv,arxiv,arxiv,20260607,arxiv,k_hop,50,topo_feature,topo_feature_component,type_feat32,50,50,50,0,50,0,0,0,0,50,0,0.7093098392599723,0.7870689244996356,0.9060798944499311,259.98,658.4,49.84,4111.6466256876,50718.41065814942,11.54,0.06438202247191012,0.43405108777212825,182.0,199.0,200.0,0.2471483146104567,194.43922061235767,4.805116258421038,0,0,0,3,4,5,38,0,0,0,,,,,,,,,,,,,,,,,,,,,,,,,,,,,,,,,,,,,,,,,,,,,,,,,,,,,,,,,,,,,,,,,,,,,,,,,,,,,,,,,,,,,,,,,,,,,,,,,,,,,,,,,,,,,,,,,,,,,,0,0,0,0,0,0,3,3,4,7,5,12,38,50,0,50,0,50,0,50,legacy_planted_id_v0_audited_equivalent_to_query_payload_v1
runs\lightning_completion\jigsaw-arxiv-random-topo-filterall-gcp-cpux8-v2-resume\summary.csv,C:\Users\Swastik\Desktop\Jigsaw\runs\lightning_completion\jigsaw-arxiv-random-topo-filterall-gcp-cpux8-v2-resume\results\prod_arxiv_fill_rtf_s20260607_q50_types_all_sizes20_50_100_topo_feature_component_b20_50_100_200_per_query.csv,arxiv,arxiv,20260607,arxiv,k_hop,100,topo_feature,topo_feature_component,type_feat32,50,50,50,0,50,0,0,0,0,50,0,0.7072903579399462,0.8085525924998365,0.9026187158999391,539.62,1165.05,100.24,1865.5685015431332,34397.26113497739,23.2,0.13148876404494383,0.4292486651499508,194.0,200.0,200.0,0.26077485391356325,190.1536192415636,8.52344759549994,0,0,0,2,4,8,36,0,0,0,,,,,,,,,,,,,,,,,,,,,,,,,,,,,,,,,,,,,,,,,,,,,,,,,,,,,,,,,,,,,,,,,,,,,,,,,,,,,,,,,,,,,,,,,,,,,,,,,,,,,,,,,,,,,,,,,,,,,,0,0,0,0,0,0,2,2,4,6,8,14,36,50,0,50,0,50,0,50,legacy_planted_id_v0_audited_equivalent_to_query_payload_v1
runs\lightning_completion\jigsaw-arxiv-random-topo-filterall-gcp-cpux8-v2-resume\summary.csv,C:\Users\Swastik\Desktop\Jigsaw\runs\lightning_completion\jigsaw-arxiv-random-topo-filterall-gcp-cpux8-v2-resume\results\prod_arxiv_fill_rtf_s20260607_q50_types_all_sizes20_50_100_topo_feature_component_b20_50_100_200_per_query.csv,arxiv,arxiv,20260607,arxiv,degree_k_hop,20,topo_feature,topo_feature_component,type_feat32,50,50,50,0,50,0,0,0,0,50,0,0.6614700920599899,0.7841352949999418,0.9921270849499478,65.34,153.84999999999997,20.06,11968.310415945165,149824.5814075714,5.86,0.027685185185185188,0.35504122078196154,171.0,197.55,198.51,0.31338682099234527,201.04316243826636,3.1142733827181597,0,0,0,4,7,12,27,0,0,0,,,,,,,,,,,,,,,,,,,,,,,,,,,,,,,,,,,,,,,,,,,,,,,,,,,,,,,,,,,,,,,,,,,,,,,,,,,,,,,,,,,,,,,,,,,,,,,,,,,,,,,,,,,,,,,,,,,,,,0,0,0,0,0,0,4,4,7,11,12,23,27,50,0,50,0,50,0,50,legacy_planted_id_v0_audited_equivalent_to_query_payload_v1
runs\lightning_completion\jigsaw-arxiv-random-topo-filterall-gcp-cpux8-v2-resume\summary.csv,C:\Users\Swastik\Desktop\Jigsaw\runs\lightning_completion\jigsaw-arxiv-random-topo-filterall-gcp-cpux8-v2-resume\results\prod_arxiv_fill_rtf_s20260607_q50_types_all_sizes20_50_100_topo_feature_component_b20_50_100_200_per_query.csv,arxiv,arxiv,20260607,arxiv,degree_k_hop,50,topo_feature,topo_feature_component,type_feat32,50,50,50,0,50,0,0,0,0,50,0,0.6710189378799805,0.7700223234999157,0.8883263176997843,245.16,567.55,50.04,4839.057394710028,74870.57477468443,12.3,0.06411428571428572,0.42900139587415514,190.0,199.55,200.0,0.23407975999881664,186.79206005142598,4.927636485711316,0,0,0,4,4,5,37,0,0,0,,,,,,,,,,,,,,,,,,,,,,,,,,,,,,,,,,,,,,,,,,,,,,,,,,,,,,,,,,,,,,,,,,,,,,,,,,,,,,,,,,,,,,,,,,,,,,,,,,,,,,,,,,,,,,,,,,,,,,0,0,0,0,0,0,4,4,4,8,5,13,37,50,0,50,0,50,0,50,legacy_planted_id_v0_audited_equivalent_to_query_payload_v1
runs\lightning_completion\jigsaw-arxiv-random-topo-filterall-gcp-cpux8-v2-resume\summary.csv,C:\Users\Swastik\Desktop\Jigsaw\runs\lightning_completion\jigsaw-arxiv-random-topo-filterall-gcp-cpux8-v2-resume\results\prod_arxiv_fill_rtf_s20260607_q50_types_all_sizes20_50_100_topo_feature_component_b20_50_100_200_per_query.csv,arxiv,arxiv,20260607,arxiv,degree_k_hop,100,topo_feature,topo_feature_component,type_feat32,50,50,50,0,50,0,0,0,0,50,0,0.7703726897799151,0.811109501999681,0.9212616505999222,491.7,881.6499999999999,100.16,1956.2037471727206,47158.10869772084,20.24,0.11177248677248677,0.45003271511648807,192.5,200.0,200.0,0.24051114815900473,195.85398417457904,7.948314708996395,0,0,0,1,1,6,42,0,0,0,,,,,,,,,,,,,,,,,,,,,,,,,,,,,,,,,,,,,,,,,,,,,,,,,,,,,,,,,,,,,,,,,,,,,,,,,,,,,,,,,,,,,,,,,,,,,,,,,,,,,,,,,,,,,,,,,,,,,,0,0,0,0,0,0,1,1,1,2,6,8,42,50,0,50,0,50,0,50,legacy_planted_id_v0_audited_equivalent_to_query_payload_v1
runs\lightning_completion\jigsaw-arxiv-random-topo-filterall-gcp-cpux8-v2-resume\summary.csv,C:\Users\Swastik\Desktop\Jigsaw\runs\lightning_completion\jigsaw-arxiv-random-topo-filterall-gcp-cpux8-v2-resume\results\prod_arxiv_fill_rtf_s20260607_q50_types_all_sizes20_50_100_topo_feature_component_b20_50_100_200_per_query.csv,arxiv,arxiv,20260607,arxiv,random_walk,20,topo_feature,topo_feature_component,type_feat32,50,50,50,0,50,0,0,0,0,50,0,0.8174200640599701,0.8639705994996802,1.092643557899669,111.96,211.95,20.1,10748.16299175824,112710.17342827497,7.76,0.03825966850828729,0.4010353673337099,179.0,198.0,199.51,0.37560986741040153,222.75535260220465,3.05129492817387,0,0,0,0,4,11,35,0,0,0,,,,,,,,,,,,,,,,,,,,,,,,,,,,,,,,,,,,,,,,,,,,,,,,,,,,,,,,,,,,,,,,,,,,,,,,,,,,,,,,,,,,,,,,,,,,,,,,,,,,,,,,,,,,,,,,,,,,,,0,0,0,0,0,0,0,0,4,4,11,15,35,50,0,50,0,50,0,50,legacy_planted_id_v0_audited_equivalent_to_query_payload_v1
runs\lightning_completion\jigsaw-arxiv-random-topo-filterall-gcp-cpux8-v2-resume\summary.csv,C:\Users\Swastik\Desktop\Jigsaw\runs\lightning_completion\jigsaw-arxiv-random-topo-filterall-gcp-cpux8-v2-resume\results\prod_arxiv_fill_rtf_s20260607_q50_types_all_sizes20_50_100_topo_feature_component_b20_50_100_200_per_query.csv,arxiv,arxiv,20260607,arxiv,random_walk,50,topo_feature,topo_feature_component,type_feat32,50,50,50,0,50,0,0,0,0,50,0,0.7822979384799783,0.7807853014998045,0.897695833499847,303.7,517.55,50.34,3577.968280655531,35658.66936976749,17.68,0.08382653061224489,0.4255955456301384,186.5,200.0,200.0,0.237480316326007,195.36979466836468,4.196005964282839,0,0,0,0,0,4,46,0,0,0,,,,,,,,,,,,,,,,,,,,,,,,,,,,,,,,,,,,,,,,,,,,,,,,,,,,,,,,,,,,,,,,,,,,,,,,,,,,,,,,,,,,,,,,,,,,,,,,,,,,,,,,,,,,,,,,,,,,,,0,0,0,0,0,0,0,0,0,0,4,4,46,50,0,50,0,50,0,50,legacy_planted_id_v0_audited_equivalent_to_query_payload_v1
runs\lightning_completion\jigsaw-arxiv-random-topo-filterall-gcp-cpux8-v2-resume\summary.csv,C:\Users\Swastik\Desktop\Jigsaw\runs\lightning_completion\jigsaw-arxiv-random-topo-filterall-gcp-cpux8-v2-resume\results\prod_arxiv_fill_rtf_s20260607_q50_types_all_sizes20_50_100_topo_feature_component_b20_50_100_200_per_query.csv,arxiv,arxiv,20260607,arxiv,random_walk,100,topo_feature,topo_feature_component,type_feat32,50,50,50,0,50,0,0,0,0,50,0,0.8563264508800421,0.8496656735001125,0.9301676248995363,587.64,985.8,100.44,1905.716064752822,21374.61423307713,29.4,0.15435000000000001,0.45355503153178117,195.0,200.0,200.0,0.27631664002001344,206.68655742001192,7.395055299998603,0,0,0,0,0,0,50,0,0,0,,,,,,,,,,,,,,,,,,,,,,,,,,,,,,,,,,,,,,,,,,,,,,,,,,,,,,,,,,,,,,,,,,,,,,,,,,,,,,,,,,,,,,,,,,,,,,,,,,,,,,,,,,,,,,,,,,,,,,0,0,0,0,0,0,0,0,0,0,0,0,50,50,0,50,0,50,0,50,legacy_planted_id_v0_audited_equivalent_to_query_payload_v1
corrected_connected_rerun::prod_arxiv_connected_mf_mc_s20260607_q50_types_multi_fine_multi_coarse_sizes20_50_100_topo_feature_component_b20_50_100_200_per_query.csv,runs/lcr_arxiv_v3/results/prod_arxiv_connected_mf_mc_s20260607_q50_types_multi_fine_multi_coarse_sizes20_50_100_topo_feature_component_b20_50_100_200_per_query.csv,arxiv,arxiv,20260607,arxiv,multi_coarse,20,topo_feature,topo_feature_component,type_feat32,50,50,50,0,50,0,0,0,0,50,0,0.8248619373800284,0.7863646640003026,1.0432036700001617,138.34,260.55,20.06,9223.2331873706,102700.92404047355,4.06,0.018118279569892475,0.40170250896057347,173.0,200.0,200.0,0.2689116612874455,218.88756829570465,2.8495116451631963,0,0,0,0,1,12,37,0,0,0,,,,,,,,,,,,,,,,,,,,,,,,,,,,,,,,,,,,,,,,,,,,,,,,,,,,,,,,,,,,,,,,,,,,,,,,,,,,,,,,,,,,,,,,,,,,,,,,,,,,,,,,,,,,,,,,,,,,,,0,0,0,0,0,0,0,0,1,1,12,13,37,50,0,50,0,50,0,50,legacy_planted_id_v0_audited_equivalent_to_query_payload_v1
corrected_connected_rerun::prod_arxiv_connected_mf_mc_s20260607_q50_types_multi_fine_multi_coarse_sizes20_50_100_topo_feature_component_b20_50_100_200_per_query.csv,runs/lcr_arxiv_v3/results/prod_arxiv_connected_mf_mc_s20260607_q50_types_multi_fine_multi_coarse_sizes20_50_100_topo_feature_component_b20_50_100_200_per_query.csv,arxiv,arxiv,20260607,arxiv,multi_coarse,50,topo_feature,topo_feature_component,type_feat32,50,50,50,0,50,0,0,0,0,50,0,0.9466892761800091,0.9745453090002911,1.1407000944002221,332.6,565.8,50.2,4021.982755217849,18032.34822981947,4.28,0.02074358974358974,0.4331623931623932,163.5,197.1,199.51,0.3205648307544041,237.60650113333375,5.134338912822409,0,0,0,0,0,5,45,0,0,0,,,,,,,,,,,,,,,,,,,,,,,,,,,,,,,,,,,,,,,,,,,,,,,,,,,,,,,,,,,,,,,,,,,,,,,,,,,,,,,,,,,,,,,,,,,,,,,,,,,,,,,,,,,,,,,,,,,,,,0,0,0,0,0,0,0,0,0,0,5,5,45,50,0,50,0,50,0,50,legacy_planted_id_v0_audited_equivalent_to_query_payload_v1
corrected_connected_rerun::prod_arxiv_connected_mf_mc_s20260607_q50_types_multi_fine_multi_coarse_sizes20_50_100_topo_feature_component_b20_50_100_200_per_query.csv,runs/lcr_arxiv_v3/results/prod_arxiv_connected_mf_mc_s20260607_q50_types_multi_fine_multi_coarse_sizes20_50_100_topo_feature_component_b20_50_100_200_per_query.csv,arxiv,arxiv,20260607,arxiv,multi_coarse,100,topo_feature,topo_feature_component,type_feat32,50,50,50,0,50,0,0,0,0,50,0,1.0059329465000064,0.9965581249997513,1.1793828850499266,637.4,1058.8999999999994,100.2,1820.2316619936714,11678.352820575838,4.14,0.02090909090909091,0.4535353535353535,167.0,199.0,199.0,0.32232663132351325,245.16648968181408,8.856981656571397,0,0,0,0,0,2,48,0,0,0,,,,,,,,,,,,,,,,,,,,,,,,,,,,,,,,,,,,,,,,,,,,,,,,,,,,,,,,,,,,,,,,,,,,,,,,,,,,,,,,,,,,,,,,,,,,,,,,,,,,,,,,,,,,,,,,,,,,,,0,0,0,0,0,0,0,0,0,0,2,2,48,50,0,50,0,50,0,50,legacy_planted_id_v0_audited_equivalent_to_query_payload_v1
/workspace/jigsaw_pkg/runs/noid_negative_arxiv_v4/results/prod_arxiv_pv1_s20260607_neg_topo_feature_component_b20_50_100_200_per_query.csv,/workspace/jigsaw_pkg/runs/noid_negative_arxiv_v4/results/prod_arxiv_pv1_s20260607_neg_topo_feature_component_b20_50_100_200_per_query.csv,arxiv,arxiv,20260607,arxiv,negative_label,20,topo_feature,topo_feature_component,type_feat32,50,0,0,50,0,0,50,0,0,0,0,0.1991552861400146,0.19482124400002476,0.25690804440004056,126.08,264.0,0.0,9573.081792670786,118905.08341920434,6.26,0.02847499999999995,0.4305107253857253,167.5,199.0,200.0,0.25643822000347427,49.78882153500364,0.0,0,0,0,0,0,0,0,0,0,0,query_payload_v1_negative_rerun_2026-08-01,50,0,,0,1,0,50,0,0.049788821535,0.000256438220003,0.1991552861400146,126.08,,,,,,,,0,,,,,,,,,,,,,,,,,,,,,,,,,,,,,,,,,,,,,,,,,,,,,,,,,,,,,,,,,,,,,,,,,,,,,,,,,,,,,,,,,,,,,,,,,,,,,,,0,0,0,0,0,0,0,0,0,0,0,0,0,0,0,0,0,0,0,0,0,0,query_payload_v1
/workspace/jigsaw_pkg/runs/noid_negative_arxiv_v4/results/prod_arxiv_pv1_s20260607_neg_topo_feature_component_b20_50_100_200_per_query.csv,/workspace/jigsaw_pkg/runs/noid_negative_arxiv_v4/results/prod_arxiv_pv1_s20260607_neg_topo_feature_component_b20_50_100_200_per_query.csv,arxiv,arxiv,20260607,arxiv,negative_label,50,topo_feature,topo_feature_component,type_feat32,50,0,0,50,0,0,50,0,0,2,0,0.2227121040400152,0.21235439100007625,0.303841635550009,322.8,619.9999999999999,0.0,3121.1821615908634,78192.37718671639,12.58,0.06482499999999997,0.45618140831439385,182.0,200.0,200.0,0.2735263599993232,55.678026010003805,0.0,0,0,0,0,0,0,0,0,0,0,query_payload_v1_negative_rerun_2026-08-01,50,0,,0,1,0,50,0,0.05567802601,0.000273526359999,0.2227121040400152,322.8,,,,,,,,0,,,,,,,,,,,,,,,,,,,,,,,,,,,,,,,,,,,,,,,,,,,,,,,,,,,,,,,,,,,,,,,,,,,,,,,,,,,,,,,,,,,,,,,,,,,,,,,0.04,0,0,0,0,0,0,0,0,0,0,0,0,0,0,0,0,0,0,0,0,0,query_payload_v1
/workspace/jigsaw_pkg/runs/noid_negative_arxiv_v4/results/prod_arxiv_pv1_s20260607_neg_topo_feature_component_b20_50_100_200_per_query.csv,/workspace/jigsaw_pkg/runs/noid_negative_arxiv_v4/results/prod_arxiv_pv1_s20260607_neg_topo_feature_component_b20_50_100_200_per_query.csv,arxiv,arxiv,20260607,arxiv,negative_label,100,topo_feature,topo_feature_component,type_feat32,50,0,0,50,0,0,50,0,0,0,0,0.23222246405999386,0.2207548014999361,0.30088020064992516,681.28,1229.05,0.0,1547.1792343885752,31107.7554512862,24.14,0.13292499999999993,0.4707573221005573,194.5,200.0,200.0,0.2871223200031636,58.05561601499847,0.0,0,0,0,0,0,0,0,0,0,0,query_payload_v1_negative_rerun_2026-08-01,50,0,,0,1,0,50,0,0.058055616015,0.000287122320003,0.23222246405999386,681.28,,,,,,,,0,,,,,,,,,,,,,,,,,,,,,,,,,,,,,,,,,,,,,,,,,,,,,,,,,,,,,,,,,,,,,,,,,,,,,,,,,,,,,,,,,,,,,,,,,,,,,,,0,0,0,0,0,0,0,0,0,0,0,0,0,0,0,0,0,0,0,0,0,0,query_payload_v1
/workspace/jigsaw_pkg/runs/noid_negative_arxiv_v4/results/prod_arxiv_pv1_s20260607_neg_topo_feature_component_b20_50_100_200_per_query.csv,/workspace/jigsaw_pkg/runs/noid_negative_arxiv_v4/results/prod_arxiv_pv1_s20260607_neg_topo_feature_component_b20_50_100_200_per_query.csv,arxiv,arxiv,20260607,arxiv,negative_structure,20,topo_feature,topo_feature_component,type_feat32,50,0,0,50,0,0,50,0,0,50,0,0.1936642052800016,0.18445678149993228,0.255627803900046,78.46,205.7499999999999,19.84,17394.41051373627,121674.59223197307,5.88,0.025499999999999967,0.41621428571428576,184.5,198.0,199.51,0.27266986000086035,45.20859959999825,3.2074517200021546,0,0,0,0,0,0,0,0,0,0,query_payload_v1_negative_rerun_2026-08-01,50,0,,0,1,0,50,0.00320745172,0.0452085996,0.000272669860001,0.1936642052800016,78.46,,,,,,,,0,,,,,,,,,,,,,,,,,,,,,,,,,,,,,,,,,,,,,,,,,,,,,,,,,,,,,,,,,,,,,,,,,,,,,,,,,,,,,,,,,,,,,,,,,,,,,,,1,0,0,0,0,0,0,0,0,0,0,0,0,0,0,0,0,0,0,0,0,0,query_payload_v1
/workspace/jigsaw_pkg/runs/noid_negative_arxiv_v4/results/prod_arxiv_pv1_s20260607_neg_topo_feature_component_b20_50_100_200_per_query.csv,/workspace/jigsaw_pkg/runs/noid_negative_arxiv_v4/results/prod_arxiv_pv1_s20260607_neg_topo_feature_component_b20_50_100_200_per_query.csv,arxiv,arxiv,20260607,arxiv,negative_structure,50,topo_feature,topo_feature_component,type_feat32,50,0,0,50,0,0,50,0,0,50,0,0.2557702113800269,0.24114879650005605,0.3461719704499444,265.98,496.1999999999998,50.36,3600.0707657688636,62792.13198116833,12.42,0.06482499999999992,0.46385387382225624,188.5,200.0,200.0,0.2998839000042608,59.08640938000473,4.856143465001992,0,0,0,0,0,0,0,0,0,0,query_payload_v1_negative_rerun_2026-08-01,50,0,,0,1,0,50,0.004856143465,0.05908640938,0.000299883900004,0.2557702113800269,265.98,,,,,,,,0,,,,,,,,,,,,,,,,,,,,,,,,,,,,,,,,,,,,,,,,,,,,,,,,,,,,,,,,,,,,,,,,,,,,,,,,,,,,,,,,,,,,,,,,,,,,,,,1,0,0,0,0,0,0,0,0,0,0,0,0,0,0,0,0,0,0,0,0,0,query_payload_v1
/workspace/jigsaw_pkg/runs/noid_negative_arxiv_v4/results/prod_arxiv_pv1_s20260607_neg_topo_feature_component_b20_50_100_200_per_query.csv,/workspace/jigsaw_pkg/runs/noid_negative_arxiv_v4/results/prod_arxiv_pv1_s20260607_neg_topo_feature_component_b20_50_100_200_per_query.csv,arxiv,arxiv,20260607,arxiv,negative_structure,100,topo_feature,topo_feature_component,type_feat32,50,0,0,50,0,0,50,0,0,50,0,0.23952154510001492,0.22684662599994,0.34693993299991344,540.02,1059.1,100.5,1828.3778668768086,17660.706969474446,23.88,0.1344499999999999,0.4869913808926158,196.0,200.0,200.0,0.2811184399888589,53.10577946000308,6.774606815000652,0,0,0,0,0,0,0,0,0,0,query_payload_v1_negative_rerun_2026-08-01,50,0,,0,1,0,50,0.006774606815,0.05310577946,0.000281118439989,0.23952154510001492,540.02,,,,,,,,0,,,,,,,,,,,,,,,,,,,,,,,,,,,,,,,,,,,,,,,,,,,,,,,,,,,,,,,,,,,,,,,,,,,,,,,,,,,,,,,,,,,,,,,,,,,,,,,1,0,0,0,0,0,0,0,0,0,0,0,0,0,0,0,0,0,0,0,0,0,query_payload_v1
runs\lightning_completion\jigsaw-arxiv-random-topo-filterall-gcp-cpux8-v2-resume\summary.csv,C:\Users\Swastik\Desktop\Jigsaw\runs\lightning_completion\jigsaw-arxiv-random-topo-filterall-gcp-cpux8-v2-resume\results\prod_arxiv_fill_rtf_s20260607_q50_types_all_sizes20_50_100_random_component_b20_50_100_200_per_query.csv,arxiv,arxiv,20260607,arxiv,single,20,random,random_component,type_feat32,50,50,50,0,50,0,0,0,0,50,0,0.5881658374599976,0.7763634190000062,0.9059367324999499,87.0,202.64999999999998,19.9,12231.051465811965,172213.15407511537,1.0,0.00426751592356688,0.3057324840764331,1000000000.0,1000000000.0,1000000000.0,0.0,184.34924498089038,2.964715993631176,0,0,0,7,5,12,26,0,0,0,,,,,,,,,,,,,,,,,,,,,,,,,,,,,,,,,,,,,,,,,,,,,,,,,,,,,,,,,,,,,,,,,,,,,,,,,,,,,,,,,,,,,,,,,,,,,,,,,,,,,,,,,,,,,,,,,,,,,,0,0,0,0,0,0,7,7,5,12,12,24,26,50,0,50,0,50,0,50,legacy_planted_id_v0_audited_equivalent_to_query_payload_v1
runs\lightning_completion\jigsaw-arxiv-random-topo-filterall-gcp-cpux8-v2-resume\summary.csv,C:\Users\Swastik\Desktop\Jigsaw\runs\lightning_completion\jigsaw-arxiv-random-topo-filterall-gcp-cpux8-v2-resume\results\prod_arxiv_fill_rtf_s20260607_q50_types_all_sizes20_50_100_random_component_b20_50_100_200_per_query.csv,arxiv,arxiv,20260607,arxiv,single,50,random,random_component,type_feat32,50,50,50,0,50,0,0,0,0,50,0,0.5714440000799982,0.5250679884998704,0.9018284084500522,184.18,444.1,50.14,4328.39800763893,114833.72823718129,1.0,0.004901960784313725,0.32679738562091504,1000000000.0,1000000000.0,1000000000.0,0.0,181.13338905228372,5.613016202617657,0,0,0,8,5,13,24,0,0,0,,,,,,,,,,,,,,,,,,,,,,,,,,,,,,,,,,,,,,,,,,,,,,,,,,,,,,,,,,,,,,,,,,,,,,,,,,,,,,,,,,,,,,,,,,,,,,,,,,,,,,,,,,,,,,,,,,,,,,0,0,0,0,0,0,8,8,5,13,13,26,24,50,0,50,0,50,0,50,legacy_planted_id_v0_audited_equivalent_to_query_payload_v1
runs\lightning_completion\jigsaw-arxiv-random-topo-filterall-gcp-cpux8-v2-resume\summary.csv,C:\Users\Swastik\Desktop\Jigsaw\runs\lightning_completion\jigsaw-arxiv-random-topo-filterall-gcp-cpux8-v2-resume\results\prod_arxiv_fill_rtf_s20260607_q50_types_all_sizes20_50_100_random_component_b20_50_100_200_per_query.csv,arxiv,arxiv,20260607,arxiv,single,100,random,random_component,type_feat32,50,50,50,0,50,0,0,0,0,50,0,0.6859203305000073,0.8473469679999539,0.9802908264001133,424.6,853.7499999999999,100.16,1940.0799734333018,42439.75968830969,1.0,0.0031515151515151517,0.30303030303030304,1000000000.0,1000000000.0,1000000000.0,0.0,197.7051552060678,10.149490399995061,0,0,0,2,7,15,26,0,0,0,,,,,,,,,,,,,,,,,,,,,,,,,,,,,,,,,,,,,,,,,,,,,,,,,,,,,,,,,,,,,,,,,,,,,,,,,,,,,,,,,,,,,,,,,,,,,,,,,,,,,,,,,,,,,,,,,,,,,,0,0,0,0,0,0,2,2,7,9,15,24,26,50,0,50,0,50,0,50,legacy_planted_id_v0_audited_equivalent_to_query_payload_v1
corrected_connected_rerun::prod_arxiv_connected_mf_mc_s20260607_q50_types_multi_fine_multi_coarse_sizes20_50_100_random_component_b20_50_100_200_per_query.csv,runs/lcr_arxiv_v3/results/prod_arxiv_connected_mf_mc_s20260607_q50_types_multi_fine_multi_coarse_sizes20_50_100_random_component_b20_50_100_200_per_query.csv,arxiv,arxiv,20260607,arxiv,multi_fine,20,random,random_component,type_feat32,50,50,50,0,50,0,0,0,0,50,0,0.583898451460002,0.5281889604999606,0.9453979307000621,94.14,281.9499999999997,20.04,12184.741513035984,131650.64216860698,1.0,0.004111842105263158,0.29605263157894735,1000000000.0,1000000000.0,1000000000.0,0.0,188.8193606644752,3.252498368420214,0,0,0,5,7,19,19,0,0,0,,,,,,,,,,,,,,,,,,,,,,,,,,,,,,,,,,,,,,,,,,,,,,,,,,,,,,,,,,,,,,,,,,,,,,,,,,,,,,,,,,,,,,,,,,,,,,,,,,,,,,,,,,,,,,,,,,,,,,0,0,0,0,0,0,5,5,7,12,19,31,19,50,0,50,0,50,0,50,legacy_planted_id_v0_audited_equivalent_to_query_payload_v1
corrected_connected_rerun::prod_arxiv_connected_mf_mc_s20260607_q50_types_multi_fine_multi_coarse_sizes20_50_100_random_component_b20_50_100_200_per_query.csv,runs/lcr_arxiv_v3/results/prod_arxiv_connected_mf_mc_s20260607_q50_types_multi_fine_multi_coarse_sizes20_50_100_random_component_b20_50_100_200_per_query.csv,arxiv,arxiv,20260607,arxiv,multi_fine,50,random,random_component,type_feat32,50,50,50,0,50,0,0,0,0,50,0,0.5866824481200024,0.5502246275000857,0.9467880251000962,185.08,489.74999999999994,50.08,3763.7356192134666,90661.41622283701,1.0,0.005,0.33557046979865773,1000000000.0,1000000000.0,1000000000.0,0.0,190.975505704698,5.897799033557827,0,0,0,7,6,18,19,0,0,0,,,,,,,,,,,,,,,,,,,,,,,,,,,,,,,,,,,,,,,,,,,,,,,,,,,,,,,,,,,,,,,,,,,,,,,,,,,,,,,,,,,,,,,,,,,,,,,,,,,,,,,,,,,,,,,,,,,,,,0,0,0,0,0,0,7,7,6,13,18,31,19,50,0,50,0,50,0,50,legacy_planted_id_v0_audited_equivalent_to_query_payload_v1
corrected_connected_rerun::prod_arxiv_connected_mf_mc_s20260607_q50_types_multi_fine_multi_coarse_sizes20_50_100_random_component_b20_50_100_200_per_query.csv,runs/lcr_arxiv_v3/results/prod_arxiv_connected_mf_mc_s20260607_q50_types_multi_fine_multi_coarse_sizes20_50_100_random_component_b20_50_100_200_per_query.csv,arxiv,arxiv,20260607,arxiv,multi_fine,100,random,random_component,type_feat32,50,50,50,0,50,0,0,0,0,50,0,0.6952289034000045,0.8795248854999045,0.9914003535499774,384.1,789.9999999999998,100.26,1904.8354587561303,58206.175763108375,1.0,0.0034662576687116567,0.3067484662576687,1000000000.0,1000000000.0,1000000000.0,0.0,203.91492721472244,9.34547260122987,0,0,0,3,8,12,27,0,0,0,,,,,,,,,,,,,,,,,,,,,,,,,,,,,,,,,,,,,,,,,,,,,,,,,,,,,,,,,,,,,,,,,,,,,,,,,,,,,,,,,,,,,,,,,,,,,,,,,,,,,,,,,,,,,,,,,,,,,,0,0,0,0,0,0,3,3,8,11,12,23,27,50,0,50,0,50,0,50,legacy_planted_id_v0_audited_equivalent_to_query_payload_v1
runs\lightning_completion\jigsaw-arxiv-random-topo-filterall-gcp-cpux8-v2-resume\summary.csv,C:\Users\Swastik\Desktop\Jigsaw\runs\lightning_completion\jigsaw-arxiv-random-topo-filterall-gcp-cpux8-v2-resume\results\prod_arxiv_fill_rtf_s20260607_q50_types_all_sizes20_50_100_random_component_b20_50_100_200_per_query.csv,arxiv,arxiv,20260607,arxiv,k_hop,20,random,random_component,type_feat32,50,50,50,0,50,0,0,0,0,50,0,0.5550075145800054,0.48366494749996036,0.8159113160000458,85.9,223.04999999999993,19.84,11176.867566030547,108971.74322341605,5.7,0.02490566037735849,0.3362623533822202,1000000000.0,1000000000.0,1000000000.0,0.0,171.69385367924477,2.836811283021065,0,0,0,0,10,21,19,0,0,0,,,,,,,,,,,,,,,,,,,,,,,,,,,,,,,,,,,,,,,,,,,,,,,,,,,,,,,,,,,,,,,,,,,,,,,,,,,,,,,,,,,,,,,,,,,,,,,,,,,,,,,,,,,,,,,,,,,,,,0,0,0,0,0,0,0,0,10,10,21,31,19,50,0,50,0,50,0,50,legacy_planted_id_v0_audited_equivalent_to_query_payload_v1
runs\lightning_completion\jigsaw-arxiv-random-topo-filterall-gcp-cpux8-v2-resume\summary.csv,C:\Users\Swastik\Desktop\Jigsaw\runs\lightning_completion\jigsaw-arxiv-random-topo-filterall-gcp-cpux8-v2-resume\results\prod_arxiv_fill_rtf_s20260607_q50_types_all_sizes20_50_100_random_component_b20_50_100_200_per_query.csv,arxiv,arxiv,20260607,arxiv,k_hop,50,random,random_component,type_feat32,50,50,50,0,50,0,0,0,0,50,0,0.6644237596999801,0.7934293220000654,0.840226147449988,252.54,565.0499999999998,49.84,3890.909617548543,59169.02539477281,11.54,0.05584302325581396,0.39941748647829,1000000000.0,1000000000.0,1000000000.0,0.0,188.24852100580787,4.897920767442153,0,0,0,3,4,11,32,0,0,0,,,,,,,,,,,,,,,,,,,,,,,,,,,,,,,,,,,,,,,,,,,,,,,,,,,,,,,,,,,,,,,,,,,,,,,,,,,,,,,,,,,,,,,,,,,,,,,,,,,,,,,,,,,,,,,,,,,,,,0,0,0,0,0,0,3,3,4,7,11,18,32,50,0,50,0,50,0,50,legacy_planted_id_v0_audited_equivalent_to_query_payload_v1
runs\lightning_completion\jigsaw-arxiv-random-topo-filterall-gcp-cpux8-v2-resume\summary.csv,C:\Users\Swastik\Desktop\Jigsaw\runs\lightning_completion\jigsaw-arxiv-random-topo-filterall-gcp-cpux8-v2-resume\results\prod_arxiv_fill_rtf_s20260607_q50_types_all_sizes20_50_100_random_component_b20_50_100_200_per_query.csv,arxiv,arxiv,20260607,arxiv,k_hop,100,random,random_component,type_feat32,50,50,50,0,50,0,0,0,0,50,0,0.8647328556200091,0.9032046689999333,1.16552126855006,527.46,909.0999999999999,100.3,1757.0757295367887,20716.51572734029,23.2,0.1246820809248555,0.4234378043156821,1000000000.0,1000000000.0,1000000000.0,0.0,239.20126672832643,10.72152391329469,0,0,0,2,6,9,33,0,0,0,,,,,,,,,,,,,,,,,,,,,,,,,,,,,,,,,,,,,,,,,,,,,,,,,,,,,,,,,,,,,,,,,,,,,,,,,,,,,,,,,,,,,,,,,,,,,,,,,,,,,,,,,,,,,,,,,,,,,,0,0,0,0,0,0,2,2,6,8,9,17,33,50,0,50,0,50,0,50,legacy_planted_id_v0_audited_equivalent_to_query_payload_v1
runs\lightning_completion\jigsaw-arxiv-random-topo-filterall-gcp-cpux8-v2-resume\summary.csv,C:\Users\Swastik\Desktop\Jigsaw\runs\lightning_completion\jigsaw-arxiv-random-topo-filterall-gcp-cpux8-v2-resume\results\prod_arxiv_fill_rtf_s20260607_q50_types_all_sizes20_50_100_random_component_b20_50_100_200_per_query.csv,arxiv,arxiv,20260607,arxiv,degree_k_hop,20,random,random_component,type_feat32,50,50,50,0,50,0,0,0,0,50,0,0.6332190259599793,0.7770858084999759,0.9264233253998952,78.2,150.24999999999994,20.06,10130.040458069794,166838.48398134662,5.86,0.023203592814371257,0.3336852269487,1000000000.0,1000000000.0,1000000000.0,0.0,186.7863802395163,2.800154479040386,0,0,0,2,6,15,27,0,0,0,,,,,,,,,,,,,,,,,,,,,,,,,,,,,,,,,,,,,,,,,,,,,,,,,,,,,,,,,,,,,,,,,,,,,,,,,,,,,,,,,,,,,,,,,,,,,,,,,,,,,,,,,,,,,,,,,,,,,,0,0,0,0,0,0,2,2,6,8,15,23,27,50,0,50,0,50,0,50,legacy_planted_id_v0_audited_equivalent_to_query_payload_v1
runs\lightning_completion\jigsaw-arxiv-random-topo-filterall-gcp-cpux8-v2-resume\summary.csv,C:\Users\Swastik\Desktop\Jigsaw\runs\lightning_completion\jigsaw-arxiv-random-topo-filterall-gcp-cpux8-v2-resume\results\prod_arxiv_fill_rtf_s20260607_q50_types_all_sizes20_50_100_random_component_b20_50_100_200_per_query.csv,arxiv,arxiv,20260607,arxiv,degree_k_hop,50,random,random_component,type_feat32,50,50,50,0,50,0,0,0,0,50,0,0.6971899461199836,0.8135206650001123,0.9524084357500613,243.2,503.6999999999996,50.04,3912.216712764903,43856.72053091469,12.3,0.06260233918128655,0.40521700077614387,1000000000.0,1000000000.0,1000000000.0,0.0,198.7269158421022,5.1297935497059,0,0,0,4,2,13,31,0,0,0,,,,,,,,,,,,,,,,,,,,,,,,,,,,,,,,,,,,,,,,,,,,,,,,,,,,,,,,,,,,,,,,,,,,,,,,,,,,,,,,,,,,,,,,,,,,,,,,,,,,,,,,,,,,,,,,,,,,,,0,0,0,0,0,0,4,4,2,6,13,19,31,50,0,50,0,50,0,50,legacy_planted_id_v0_audited_equivalent_to_query_payload_v1
runs\lightning_completion\jigsaw-arxiv-random-topo-filterall-gcp-cpux8-v2-resume\summary.csv,C:\Users\Swastik\Desktop\Jigsaw\runs\lightning_completion\jigsaw-arxiv-random-topo-filterall-gcp-cpux8-v2-resume\results\prod_arxiv_fill_rtf_s20260607_q50_types_all_sizes20_50_100_random_component_b20_50_100_200_per_query.csv,arxiv,arxiv,20260607,arxiv,degree_k_hop,100,random,random_component,type_feat32,50,50,50,0,50,0,0,0,0,50,0,0.7617173456000456,0.8544378339998957,0.9572910320997947,481.64,823.8499999999999,100.16,1741.5083682209183,17172.015166458816,20.24,0.10486033519553073,0.436376791092372,1000000000.0,1000000000.0,1000000000.0,0.0,203.96458095531634,8.80562731285279,0,0,0,2,2,11,35,0,0,0,,,,,,,,,,,,,,,,,,,,,,,,,,,,,,,,,,,,,,,,,,,,,,,,,,,,,,,,,,,,,,,,,,,,,,,,,,,,,,,,,,,,,,,,,,,,,,,,,,,,,,,,,,,,,,,,,,,,,,0,0,0,0,0,0,2,2,2,4,11,15,35,50,0,50,0,50,0,50,legacy_planted_id_v0_audited_equivalent_to_query_payload_v1
runs\lightning_completion\jigsaw-arxiv-random-topo-filterall-gcp-cpux8-v2-resume\summary.csv,C:\Users\Swastik\Desktop\Jigsaw\runs\lightning_completion\jigsaw-arxiv-random-topo-filterall-gcp-cpux8-v2-resume\results\prod_arxiv_fill_rtf_s20260607_q50_types_all_sizes20_50_100_random_component_b20_50_100_200_per_query.csv,arxiv,arxiv,20260607,arxiv,random_walk,20,random,random_component,type_feat32,50,50,50,0,50,0,0,0,0,50,0,0.6444221479199951,0.7801781564999715,0.88301650169999,115.24,226.55,20.08,12443.937928959927,120153.27420610093,7.76,0.03531976744186047,0.3904529901622925,1000000000.0,1000000000.0,1000000000.0,0.0,184.72058886046204,2.611430883722585,0,0,0,1,6,13,30,0,0,0,,,,,,,,,,,,,,,,,,,,,,,,,,,,,,,,,,,,,,,,,,,,,,,,,,,,,,,,,,,,,,,,,,,,,,,,,,,,,,,,,,,,,,,,,,,,,,,,,,,,,,,,,,,,,,,,,,,,,,0,0,0,0,0,0,1,1,6,7,13,20,30,50,0,50,0,50,0,50,legacy_planted_id_v0_audited_equivalent_to_query_payload_v1
runs\lightning_completion\jigsaw-arxiv-random-topo-filterall-gcp-cpux8-v2-resume\summary.csv,C:\Users\Swastik\Desktop\Jigsaw\runs\lightning_completion\jigsaw-arxiv-random-topo-filterall-gcp-cpux8-v2-resume\results\prod_arxiv_fill_rtf_s20260607_q50_types_all_sizes20_50_100_random_component_b20_50_100_200_per_query.csv,arxiv,arxiv,20260607,arxiv,random_walk,50,random,random_component,type_feat32,50,50,50,0,50,0,0,0,0,50,0,0.8078541745400003,0.814617943000087,0.9550820875000738,298.68,479.9,50.34,3467.2616568598587,31145.82138738795,17.68,0.08613402061855671,0.43925843744003074,1000000000.0,1000000000.0,1000000000.0,0.0,203.8848762216491,4.324962577320009,0,0,0,0,0,6,44,0,0,0,,,,,,,,,,,,,,,,,,,,,,,,,,,,,,,,,,,,,,,,,,,,,,,,,,,,,,,,,,,,,,,,,,,,,,,,,,,,,,,,,,,,,,,,,,,,,,,,,,,,,,,,,,,,,,,,,,,,,,0,0,0,0,0,0,0,0,0,0,6,6,44,50,0,50,0,50,0,50,legacy_planted_id_v0_audited_equivalent_to_query_payload_v1
runs\lightning_completion\jigsaw-arxiv-random-topo-filterall-gcp-cpux8-v2-resume\summary.csv,C:\Users\Swastik\Desktop\Jigsaw\runs\lightning_completion\jigsaw-arxiv-random-topo-filterall-gcp-cpux8-v2-resume\results\prod_arxiv_fill_rtf_s20260607_q50_types_all_sizes20_50_100_random_component_b20_50_100_200_per_query.csv,arxiv,arxiv,20260607,arxiv,random_walk,100,random,random_component,type_feat32,50,50,50,0,50,0,0,0,0,49,0,0.9629136602400103,0.9365235944998176,1.1734706638998318,588.16,1007.5,100.42,1760.538880613257,25614.224843022257,29.4,0.14700507614213199,0.4510612347199005,1000000000.0,1000000000.0,1000000000.0,0.0,235.62915648223364,8.765173527921304,0,0,0,0,0,3,47,0,0,0,,,,,,,,,,,,,,,,,,,,,,,,,,,,,,,,,,,,,,,,,,,,,,,,,,,,,,,,,,,,,,,,,,,,,,,,,,,,,,,,,,,,,,,,,,,,,,,,,,,,,,,,,,,,,,,,,,,,,,0,0,0,0,0,0,0,0,0,0,3,3,47,50,0,50,0,50,0,50,legacy_planted_id_v0_audited_equivalent_to_query_payload_v1
corrected_connected_rerun::prod_arxiv_connected_mf_mc_s20260607_q50_types_multi_fine_multi_coarse_sizes20_50_100_random_component_b20_50_100_200_per_query.csv,runs/lcr_arxiv_v3/results/prod_arxiv_connected_mf_mc_s20260607_q50_types_multi_fine_multi_coarse_sizes20_50_100_random_component_b20_50_100_200_per_query.csv,arxiv,arxiv,20260607,arxiv,multi_coarse,20,random,random_component,type_feat32,50,50,50,0,50,0,0,0,0,50,0,0.7469511434999913,0.8203067279999914,0.9625789050999174,133.36,261.79999999999995,20.06,8801.712753921782,72262.9046807853,4.06,0.02164804469273743,0.4079143389199255,1000000000.0,1000000000.0,1000000000.0,0.0,205.83319482681372,2.81237598323969,0,0,0,0,3,15,32,0,0,0,,,,,,,,,,,,,,,,,,,,,,,,,,,,,,,,,,,,,,,,,,,,,,,,,,,,,,,,,,,,,,,,,,,,,,,,,,,,,,,,,,,,,,,,,,,,,,,,,,,,,,,,,,,,,,,,,,,,,,0,0,0,0,0,0,0,0,3,3,15,18,32,50,0,50,0,50,0,50,legacy_planted_id_v0_audited_equivalent_to_query_payload_v1
corrected_connected_rerun::prod_arxiv_connected_mf_mc_s20260607_q50_types_multi_fine_multi_coarse_sizes20_50_100_random_component_b20_50_100_200_per_query.csv,runs/lcr_arxiv_v3/results/prod_arxiv_connected_mf_mc_s20260607_q50_types_multi_fine_multi_coarse_sizes20_50_100_random_component_b20_50_100_200_per_query.csv,arxiv,arxiv,20260607,arxiv,multi_coarse,50,random,random_component,type_feat32,50,50,50,0,50,0,0,0,0,50,0,0.7908247421400165,0.8413667585001008,0.9325098945001116,331.98,520.2,50.18,3544.1268302805593,29913.159633909218,4.28,0.021084656084656084,0.43289241622574953,1000000000.0,1000000000.0,1000000000.0,0.0,204.78454809523896,4.42834665079712,0,0,0,0,3,5,42,0,0,0,,,,,,,,,,,,,,,,,,,,,,,,,,,,,,,,,,,,,,,,,,,,,,,,,,,,,,,,,,,,,,,,,,,,,,,,,,,,,,,,,,,,,,,,,,,,,,,,,,,,,,,,,,,,,,,,,,,,,,0,0,0,0,0,0,0,0,3,3,5,8,42,50,0,50,0,50,0,50,legacy_planted_id_v0_audited_equivalent_to_query_payload_v1
corrected_connected_rerun::prod_arxiv_connected_mf_mc_s20260607_q50_types_multi_fine_multi_coarse_sizes20_50_100_random_component_b20_50_100_200_per_query.csv,runs/lcr_arxiv_v3/results/prod_arxiv_connected_mf_mc_s20260607_q50_types_multi_fine_multi_coarse_sizes20_50_100_random_component_b20_50_100_200_per_query.csv,arxiv,arxiv,20260607,arxiv,multi_coarse,100,random,random_component,type_feat32,50,50,50,0,50,0,0,0,0,50,0,0.8795989246399813,0.8921725970000693,1.007732543149808,643.12,1151.3000000000002,100.2,1710.7101090101794,9992.233968499939,4.14,0.017731958762886597,0.4190721649484536,1000000000.0,1000000000.0,1000000000.0,0.0,218.93328065463555,7.767473118555521,0,0,0,0,0,6,44,0,0,0,,,,,,,,,,,,,,,,,,,,,,,,,,,,,,,,,,,,,,,,,,,,,,,,,,,,,,,,,,,,,,,,,,,,,,,,,,,,,,,,,,,,,,,,,,,,,,,,,,,,,,,,,,,,,,,,,,,,,,0,0,0,0,0,0,0,0,0,0,6,6,44,50,0,50,0,50,0,50,legacy_planted_id_v0_audited_equivalent_to_query_payload_v1
/workspace/jigsaw_pkg/runs/noid_negative_arxiv_v4/results/prod_arxiv_pv1_s20260607_neg_random_component_b20_50_100_200_per_query.csv,/workspace/jigsaw_pkg/runs/noid_negative_arxiv_v4/results/prod_arxiv_pv1_s20260607_neg_random_component_b20_50_100_200_per_query.csv,arxiv,arxiv,20260607,arxiv,negative_label,20,random,random_component,type_feat32,50,0,0,50,0,0,50,0,0,0,0,0.19580490210000562,0.18908088099999532,0.2571159949499531,125.66,264.0,0.0,7893.004988661874,109868.59454149267,6.26,0.03177499999999993,0.4844600954600953,1000000000.0,1000000000.0,1000000000.0,0.0,48.95122552500141,0.0,0,0,0,0,0,0,0,0,0,0,query_payload_v1_negative_rerun_2026-08-01,50,0,,0,1,0,50,0,0.048951225525,0,0.19580490210000562,125.66,,,,,,,,0,,,,,,,,,,,,,,,,,,,,,,,,,,,,,,,,,,,,,,,,,,,,,,,,,,,,,,,,,,,,,,,,,,,,,,,,,,,,,,,,,,,,,,,,,,,,,,,0,0,0,0,0,0,0,0,0,0,0,0,0,0,0,0,0,0,0,0,0,0,query_payload_v1
/workspace/jigsaw_pkg/runs/noid_negative_arxiv_v4/results/prod_arxiv_pv1_s20260607_neg_random_component_b20_50_100_200_per_query.csv,/workspace/jigsaw_pkg/runs/noid_negative_arxiv_v4/results/prod_arxiv_pv1_s20260607_neg_random_component_b20_50_100_200_per_query.csv,arxiv,arxiv,20260607,arxiv,negative_label,50,random,random_component,type_feat32,50,0,0,50,0,0,50,0,0,2,0,0.2378716673200097,0.22558899699981794,0.34136023250002834,320.5,646.9499999999998,0.0,2871.49612849581,55653.736544302104,12.58,0.06052499999999995,0.45406489397031563,1000000000.0,1000000000.0,1000000000.0,0.0,59.46791683000242,0.0,0,0,0,0,0,0,0,0,0,0,query_payload_v1_negative_rerun_2026-08-01,50,0,,0,1,0,50,0,0.05946791683,0,0.2378716673200097,320.5,,,,,,,,0,,,,,,,,,,,,,,,,,,,,,,,,,,,,,,,,,,,,,,,,,,,,,,,,,,,,,,,,,,,,,,,,,,,,,,,,,,,,,,,,,,,,,,,,,,,,,,,0.04,0,0,0,0,0,0,0,0,0,0,0,0,0,0,0,0,0,0,0,0,0,query_payload_v1
/workspace/jigsaw_pkg/runs/noid_negative_arxiv_v4/results/prod_arxiv_pv1_s20260607_neg_random_component_b20_50_100_200_per_query.csv,/workspace/jigsaw_pkg/runs/noid_negative_arxiv_v4/results/prod_arxiv_pv1_s20260607_neg_random_component_b20_50_100_200_per_query.csv,arxiv,arxiv,20260607,arxiv,negative_label,100,random,random_component,type_feat32,50,0,0,50,0,0,50,0,0,0,0,0.2167426542999874,0.21663256149997778,0.25588289555008714,686.98,1227.4,0.0,1442.5982887448647,24156.378028762498,24.14,0.119425,0.4544388207220729,1000000000.0,1000000000.0,1000000000.0,0.0,54.18566357499685,0.0,0,0,0,0,0,0,0,0,0,0,query_payload_v1_negative_rerun_2026-08-01,50,0,,0,1,0,50,0,0.054185663575,0,0.2167426542999874,686.98,,,,,,,,0,,,,,,,,,,,,,,,,,,,,,,,,,,,,,,,,,,,,,,,,,,,,,,,,,,,,,,,,,,,,,,,,,,,,,,,,,,,,,,,,,,,,,,,,,,,,,,,0,0,0,0,0,0,0,0,0,0,0,0,0,0,0,0,0,0,0,0,0,0,query_payload_v1
/workspace/jigsaw_pkg/runs/noid_negative_arxiv_v4/results/prod_arxiv_pv1_s20260607_neg_random_component_b20_50_100_200_per_query.csv,/workspace/jigsaw_pkg/runs/noid_negative_arxiv_v4/results/prod_arxiv_pv1_s20260607_neg_random_component_b20_50_100_200_per_query.csv,arxiv,arxiv,20260607,arxiv,negative_structure,20,random,random_component,type_feat32,50,0,0,50,0,0,50,0,0,50,0,0.23148562162000189,0.23173175549999314,0.29746159944990036,70.04,170.8499999999999,19.84,10528.050428953406,112865.04557720551,5.88,0.028549999999999937,0.45487202380952385,1000000000.0,1000000000.0,1000000000.0,0.0,54.08210474000384,3.789300664996631,0,0,0,0,0,0,0,0,0,0,query_payload_v1_negative_rerun_2026-08-01,50,0,,0,1,0,50,0.003789300665,0.05408210474,0,0.23148562162000189,70.04,,,,,,,,0,,,,,,,,,,,,,,,,,,,,,,,,,,,,,,,,,,,,,,,,,,,,,,,,,,,,,,,,,,,,,,,,,,,,,,,,,,,,,,,,,,,,,,,,,,,,,,,1,0,0,0,0,0,0,0,0,0,0,0,0,0,0,0,0,0,0,0,0,0,query_payload_v1
/workspace/jigsaw_pkg/runs/noid_negative_arxiv_v4/results/prod_arxiv_pv1_s20260607_neg_random_component_b20_50_100_200_per_query.csv,/workspace/jigsaw_pkg/runs/noid_negative_arxiv_v4/results/prod_arxiv_pv1_s20260607_neg_random_component_b20_50_100_200_per_query.csv,arxiv,arxiv,20260607,arxiv,negative_structure,50,random,random_component,type_feat32,50,0,0,50,0,0,50,0,0,50,0,0.2400063376599701,0.2277405769999632,0.34782141980004433,253.2,484.3499999999999,50.36,3471.2891662145394,44969.085886815636,12.42,0.06302499999999997,0.4641871995438494,1000000000.0,1000000000.0,1000000000.0,0.0,54.85850391999293,5.1430804949995945,0,0,0,0,0,0,0,0,0,0,query_payload_v1_negative_rerun_2026-08-01,50,0,,0,1,0,50,0.005143080495,0.05485850392,0,0.2400063376599701,253.2,,,,,,,,0,,,,,,,,,,,,,,,,,,,,,,,,,,,,,,,,,,,,,,,,,,,,,,,,,,,,,,,,,,,,,,,,,,,,,,,,,,,,,,,,,,,,,,,,,,,,,,,1,0,0,0,0,0,0,0,0,0,0,0,0,0,0,0,0,0,0,0,0,0,query_payload_v1
/workspace/jigsaw_pkg/runs/noid_negative_arxiv_v4/results/prod_arxiv_pv1_s20260607_neg_random_component_b20_50_100_200_per_query.csv,/workspace/jigsaw_pkg/runs/noid_negative_arxiv_v4/results/prod_arxiv_pv1_s20260607_neg_random_component_b20_50_100_200_per_query.csv,arxiv,arxiv,20260607,arxiv,negative_structure,100,random,random_component,type_feat32,50,0,0,50,0,0,50,0,0,50,0,0.28986476090000907,0.2884695799999122,0.37279897735002687,542.68,1014.2999999999997,100.5,1749.9817643507133,17798.77922078098,23.88,0.12059999999999996,0.46794045310093696,1000000000.0,1000000000.0,1000000000.0,0.0,64.75527670500469,7.710913519997575,0,0,0,0,0,0,0,0,0,0,query_payload_v1_negative_rerun_2026-08-01,50,0,,0,1,0,50,0.00771091352,0.064755276705,0,0.28986476090000907,542.68,,,,,,,,0,,,,,,,,,,,,,,,,,,,,,,,,,,,,,,,,,,,,,,,,,,,,,,,,,,,,,,,,,,,,,,,,,,,,,,,,,,,,,,,,,,,,,,,,,,,,,,,1,0,0,0,0,0,0,0,0,0,0,0,0,0,0,0,0,0,0,0,0,0,query_payload_v1
runs\lightning_completion\jigsaw-arxiv-random-topo-filterall-gcp-cpux8-v2-resume\summary.csv,C:\Users\Swastik\Desktop\Jigsaw\runs\lightning_completion\jigsaw-arxiv-random-topo-filterall-gcp-cpux8-v2-resume\results\prod_arxiv_fill_rtf_s20260607_q50_types_all_sizes20_50_100_filterall_component_b200_per_query.csv,arxiv,arxiv,20260607,arxiv,single,20,all,filterall_component,type_feat32,50,50,50,0,50,0,0,0,0,50,0,0.32332923226001187,0.31460075550012334,0.39772037250015724,19.94,20.0,19.9,8516.2668008658,32251.213929998743,1.0,0.005,1.0,1000000000.0,1000000000.0,1000000000.0,0.0,314.37400722002167,8.955225039990182,0,0,0,0,0,0,50,0,0,0,,,,,,,,,,,,,,,,,,,,,,,,,,,,,,,,,,,,,,,,,,,,,,,,,,,,,,,,,,,,,,,,,,,,,,,,,,,,,,,,,,,,,,,,,,,,,,,,,,,,,,,,,,,,,,,,,,,,,,0,0,0,0,0,0,0,0,0,0,0,0,50,50,0,50,0,50,0,50,legacy_planted_id_v0_audited_equivalent_to_query_payload_v1
runs\lightning_completion\jigsaw-arxiv-random-topo-filterall-gcp-cpux8-v2-resume\summary.csv,C:\Users\Swastik\Desktop\Jigsaw\runs\lightning_completion\jigsaw-arxiv-random-topo-filterall-gcp-cpux8-v2-resume\results\prod_arxiv_fill_rtf_s20260607_q50_types_all_sizes20_50_100_filterall_component_b200_per_query.csv,arxiv,arxiv,20260607,arxiv,single,50,all,filterall_component,type_feat32,50,50,50,0,50,0,0,0,0,50,0,0.3380310659599218,0.3327845540002272,0.37376373600004625,50.72,52.55,50.14,3346.6074319612317,9522.64096574405,1.0,0.005,1.0,1000000000.0,1000000000.0,1000000000.0,0.0,321.0824335799134,16.94863238000835,0,0,0,0,0,0,50,0,0,0,,,,,,,,,,,,,,,,,,,,,,,,,,,,,,,,,,,,,,,,,,,,,,,,,,,,,,,,,,,,,,,,,,,,,,,,,,,,,,,,,,,,,,,,,,,,,,,,,,,,,,,,,,,,,,,,,,,,,,0,0,0,0,0,0,0,0,0,0,0,0,50,50,0,50,0,50,0,50,legacy_planted_id_v0_audited_equivalent_to_query_payload_v1
runs\lightning_completion\jigsaw-arxiv-random-topo-filterall-gcp-cpux8-v2-resume\summary.csv,C:\Users\Swastik\Desktop\Jigsaw\runs\lightning_completion\jigsaw-arxiv-random-topo-filterall-gcp-cpux8-v2-resume\results\prod_arxiv_fill_rtf_s20260607_q50_types_all_sizes20_50_100_filterall_component_b200_per_query.csv,arxiv,arxiv,20260607,arxiv,single,100,all,filterall_component,type_feat32,50,50,50,0,50,0,0,0,0,50,0,0.36101131581996926,0.35637420950001797,0.40552753850008677,100.4,102.0,100.16,1686.7691810786105,3439.1909324785643,1.0,0.005,1.0,1000000000.0,1000000000.0,1000000000.0,0.0,330.42126975999963,30.59004605996961,0,0,0,0,0,0,50,0,0,0,,,,,,,,,,,,,,,,,,,,,,,,,,,,,,,,,,,,,,,,,,,,,,,,,,,,,,,,,,,,,,,,,,,,,,,,,,,,,,,,,,,,,,,,,,,,,,,,,,,,,,,,,,,,,,,,,,,,,,0,0,0,0,0,0,0,0,0,0,0,0,50,50,0,50,0,50,0,50,legacy_planted_id_v0_audited_equivalent_to_query_payload_v1
corrected_connected_rerun::prod_arxiv_connected_mf_mc_s20260607_q50_types_multi_fine_multi_coarse_sizes20_50_100_filterall_component_b200_per_query.csv,runs/lcr_arxiv_v3/results/prod_arxiv_connected_mf_mc_s20260607_q50_types_multi_fine_multi_coarse_sizes20_50_100_filterall_component_b200_per_query.csv,arxiv,arxiv,20260607,arxiv,multi_fine,20,all,filterall_component,type_feat32,50,50,50,0,50,0,0,0,0,50,0,0.3785836778599969,0.3658015194997688,0.429863669049962,20.04,20.549999999999997,20.04,8451.870932330827,37382.4983266864,1.0,0.005,1.0,1000000000.0,1000000000.0,1000000000.0,0.0,368.00945447999766,10.57422337999924,0,0,0,0,0,0,50,0,0,0,,,,,,,,,,,,,,,,,,,,,,,,,,,,,,,,,,,,,,,,,,,,,,,,,,,,,,,,,,,,,,,,,,,,,,,,,,,,,,,,,,,,,,,,,,,,,,,,,,,,,,,,,,,,,,,,,,,,,,0,0,0,0,0,0,0,0,0,0,0,0,50,50,0,50,0,50,0,50,legacy_planted_id_v0_audited_equivalent_to_query_payload_v1
corrected_connected_rerun::prod_arxiv_connected_mf_mc_s20260607_q50_types_multi_fine_multi_coarse_sizes20_50_100_filterall_component_b200_per_query.csv,runs/lcr_arxiv_v3/results/prod_arxiv_connected_mf_mc_s20260607_q50_types_multi_fine_multi_coarse_sizes20_50_100_filterall_component_b200_per_query.csv,arxiv,arxiv,20260607,arxiv,multi_fine,50,all,filterall_component,type_feat32,50,50,50,0,50,0,0,0,0,50,0,0.40230010166001196,0.41426238750011635,0.45032619355015413,50.62,51.55,50.08,3351.864663513475,9814.7591414608,1.0,0.005,1.0,1000000000.0,1000000000.0,1000000000.0,0.0,381.5073465200067,20.792755140005283,0,0,0,0,0,0,50,0,0,0,,,,,,,,,,,,,,,,,,,,,,,,,,,,,,,,,,,,,,,,,,,,,,,,,,,,,,,,,,,,,,,,,,,,,,,,,,,,,,,,,,,,,,,,,,,,,,,,,,,,,,,,,,,,,,,,,,,,,,0,0,0,0,0,0,0,0,0,0,0,0,50,50,0,50,0,50,0,50,legacy_planted_id_v0_audited_equivalent_to_query_payload_v1
corrected_connected_rerun::prod_arxiv_connected_mf_mc_s20260607_q50_types_multi_fine_multi_coarse_sizes20_50_100_filterall_component_b200_per_query.csv,runs/lcr_arxiv_v3/results/prod_arxiv_connected_mf_mc_s20260607_q50_types_multi_fine_multi_coarse_sizes20_50_100_filterall_component_b200_per_query.csv,arxiv,arxiv,20260607,arxiv,multi_fine,100,all,filterall_component,type_feat32,50,50,50,0,50,0,0,0,0,50,0,0.42542071943998055,0.4293383059999769,0.4727254779998702,100.78,102.0,100.26,1681.6553413907554,4406.80683292891,1.0,0.005,1.0,1000000000.0,1000000000.0,1000000000.0,0.0,388.7820470600036,36.638672379976924,0,0,0,0,0,0,50,0,0,0,,,,,,,,,,,,,,,,,,,,,,,,,,,,,,,,,,,,,,,,,,,,,,,,,,,,,,,,,,,,,,,,,,,,,,,,,,,,,,,,,,,,,,,,,,,,,,,,,,,,,,,,,,,,,,,,,,,,,,0,0,0,0,0,0,0,0,0,0,0,0,50,50,0,50,0,50,0,50,legacy_planted_id_v0_audited_equivalent_to_query_payload_v1
runs\lightning_completion\jigsaw-arxiv-random-topo-filterall-gcp-cpux8-v2-resume\summary.csv,C:\Users\Swastik\Desktop\Jigsaw\runs\lightning_completion\jigsaw-arxiv-random-topo-filterall-gcp-cpux8-v2-resume\results\prod_arxiv_fill_rtf_s20260607_q50_types_all_sizes20_50_100_filterall_component_b200_per_query.csv,arxiv,arxiv,20260607,arxiv,k_hop,20,all,filterall_component,type_feat32,50,50,50,0,50,0,0,0,0,50,0,0.3254491682799835,0.32334725049986446,0.3354891879502929,19.9,21.0,19.84,8541.741559523809,34477.87350983568,5.7,0.0285,1.0,1000000000.0,1000000000.0,1000000000.0,0.0,316.48300399996515,8.966164280018347,0,0,0,0,0,0,50,0,0,0,,,,,,,,,,,,,,,,,,,,,,,,,,,,,,,,,,,,,,,,,,,,,,,,,,,,,,,,,,,,,,,,,,,,,,,,,,,,,,,,,,,,,,,,,,,,,,,,,,,,,,,,,,,,,,,,,,,,,,0,0,0,0,0,0,0,0,0,0,0,0,50,50,0,50,0,50,0,50,legacy_planted_id_v0_audited_equivalent_to_query_payload_v1
runs\lightning_completion\jigsaw-arxiv-random-topo-filterall-gcp-cpux8-v2-resume\summary.csv,C:\Users\Swastik\Desktop\Jigsaw\runs\lightning_completion\jigsaw-arxiv-random-topo-filterall-gcp-cpux8-v2-resume\results\prod_arxiv_fill_rtf_s20260607_q50_types_all_sizes20_50_100_filterall_component_b200_per_query.csv,arxiv,arxiv,20260607,arxiv,k_hop,50,all,filterall_component,type_feat32,50,50,50,0,50,0,0,0,0,50,0,0.33382346674002294,0.3325678334999793,0.34728273054995495,50.26,52.099999999999994,49.84,3382.002543227897,10518.997819447508,11.54,0.0577,1.0,1000000000.0,1000000000.0,1000000000.0,0.0,317.1374761400057,16.68599060001725,0,0,0,0,0,0,50,0,0,0,,,,,,,,,,,,,,,,,,,,,,,,,,,,,,,,,,,,,,,,,,,,,,,,,,,,,,,,,,,,,,,,,,,,,,,,,,,,,,,,,,,,,,,,,,,,,,,,,,,,,,,,,,,,,,,,,,,,,,0,0,0,0,0,0,0,0,0,0,0,0,50,50,0,50,0,50,0,50,legacy_planted_id_v0_audited_equivalent_to_query_payload_v1
runs\lightning_completion\jigsaw-arxiv-random-topo-filterall-gcp-cpux8-v2-resume\summary.csv,C:\Users\Swastik\Desktop\Jigsaw\runs\lightning_completion\jigsaw-arxiv-random-topo-filterall-gcp-cpux8-v2-resume\results\prod_arxiv_fill_rtf_s20260607_q50_types_all_sizes20_50_100_filterall_component_b200_per_query.csv,arxiv,arxiv,20260607,arxiv,k_hop,100,all,filterall_component,type_feat32,50,50,50,0,50,0,0,0,0,50,0,0.37894062450000093,0.3712711035000211,0.4365322957501348,101.08,105.1,100.3,1678.0180877618563,4457.923454253337,23.2,0.11599999999999999,1.0,1000000000.0,1000000000.0,1000000000.0,0.0,347.2632664200046,31.67735807999634,0,0,0,0,0,0,50,0,0,0,,,,,,,,,,,,,,,,,,,,,,,,,,,,,,,,,,,,,,,,,,,,,,,,,,,,,,,,,,,,,,,,,,,,,,,,,,,,,,,,,,,,,,,,,,,,,,,,,,,,,,,,,,,,,,,,,,,,,,0,0,0,0,0,0,0,0,0,0,0,0,50,50,0,50,0,50,0,50,legacy_planted_id_v0_audited_equivalent_to_query_payload_v1
runs\lightning_completion\jigsaw-arxiv-random-topo-filterall-gcp-cpux8-v2-resume\summary.csv,C:\Users\Swastik\Desktop\Jigsaw\runs\lightning_completion\jigsaw-arxiv-random-topo-filterall-gcp-cpux8-v2-resume\results\prod_arxiv_fill_rtf_s20260607_q50_types_all_sizes20_50_100_filterall_component_b200_per_query.csv,arxiv,arxiv,20260607,arxiv,degree_k_hop,20,all,filterall_component,type_feat32,50,50,50,0,50,0,0,0,0,50,0,0.32768285401996766,0.32494629599978,0.33785203510017253,20.12,21.099999999999994,20.06,8420.965545454546,33034.89908519323,5.86,0.029300000000000003,1.0,1000000000.0,1000000000.0,1000000000.0,0.0,318.42049093998867,9.262363079978968,0,0,0,0,0,0,50,0,0,0,,,,,,,,,,,,,,,,,,,,,,,,,,,,,,,,,,,,,,,,,,,,,,,,,,,,,,,,,,,,,,,,,,,,,,,,,,,,,,,,,,,,,,,,,,,,,,,,,,,,,,,,,,,,,,,,,,,,,,0,0,0,0,0,0,0,0,0,0,0,0,50,50,0,50,0,50,0,50,legacy_planted_id_v0_audited_equivalent_to_query_payload_v1
runs\lightning_completion\jigsaw-arxiv-random-topo-filterall-gcp-cpux8-v2-resume\summary.csv,C:\Users\Swastik\Desktop\Jigsaw\runs\lightning_completion\jigsaw-arxiv-random-topo-filterall-gcp-cpux8-v2-resume\results\prod_arxiv_fill_rtf_s20260607_q50_types_all_sizes20_50_100_filterall_component_b200_per_query.csv,arxiv,arxiv,20260607,arxiv,degree_k_hop,50,all,filterall_component,type_feat32,50,50,50,0,50,0,0,0,0,50,0,0.34152981220001494,0.33792592849977154,0.36799043854996394,50.08,51.0,50.04,3381.547278431373,10121.64582969412,12.3,0.061500000000000006,1.0,1000000000.0,1000000000.0,1000000000.0,0.0,324.83678468001017,16.69302752000476,0,0,0,0,0,0,50,0,0,0,,,,,,,,,,,,,,,,,,,,,,,,,,,,,,,,,,,,,,,,,,,,,,,,,,,,,,,,,,,,,,,,,,,,,,,,,,,,,,,,,,,,,,,,,,,,,,,,,,,,,,,,,,,,,,,,,,,,,,0,0,0,0,0,0,0,0,0,0,0,0,50,50,0,50,0,50,0,50,legacy_planted_id_v0_audited_equivalent_to_query_payload_v1
runs\lightning_completion\jigsaw-arxiv-random-topo-filterall-gcp-cpux8-v2-resume\summary.csv,C:\Users\Swastik\Desktop\Jigsaw\runs\lightning_completion\jigsaw-arxiv-random-topo-filterall-gcp-cpux8-v2-resume\results\prod_arxiv_fill_rtf_s20260607_q50_types_all_sizes20_50_100_filterall_component_b200_per_query.csv,arxiv,arxiv,20260607,arxiv,degree_k_hop,100,all,filterall_component,type_feat32,50,50,50,0,50,0,0,0,0,50,0,0.36746409324002344,0.3591329050000809,0.4275178344502564,100.34,102.55,100.16,1688.0095925817147,4470.3290002813665,20.24,0.1012,1.0,1000000000.0,1000000000.0,1000000000.0,0.0,336.69327876002853,30.770814479994897,0,0,0,0,0,0,50,0,0,0,,,,,,,,,,,,,,,,,,,,,,,,,,,,,,,,,,,,,,,,,,,,,,,,,,,,,,,,,,,,,,,,,,,,,,,,,,,,,,,,,,,,,,,,,,,,,,,,,,,,,,,,,,,,,,,,,,,,,,0,0,0,0,0,0,0,0,0,0,0,0,50,50,0,50,0,50,0,50,legacy_planted_id_v0_audited_equivalent_to_query_payload_v1
runs\lightning_completion\jigsaw-arxiv-random-topo-filterall-gcp-cpux8-v2-resume\summary.csv,C:\Users\Swastik\Desktop\Jigsaw\runs\lightning_completion\jigsaw-arxiv-random-topo-filterall-gcp-cpux8-v2-resume\results\prod_arxiv_fill_rtf_s20260607_q50_types_all_sizes20_50_100_filterall_component_b200_per_query.csv,arxiv,arxiv,20260607,arxiv,random_walk,20,all,filterall_component,type_feat32,50,50,50,0,50,0,0,0,0,50,0,0.3250320344999727,0.3257823154997368,0.3306665065001425,20.1,21.0,20.1,8427.563324675324,44601.63111696401,7.76,0.0388,1.0,1000000000.0,1000000000.0,1000000000.0,0.0,315.9102725399862,9.121761959986543,0,0,0,0,0,0,50,0,0,0,,,,,,,,,,,,,,,,,,,,,,,,,,,,,,,,,,,,,,,,,,,,,,,,,,,,,,,,,,,,,,,,,,,,,,,,,,,,,,,,,,,,,,,,,,,,,,,,,,,,,,,,,,,,,,,,,,,,,,0,0,0,0,0,0,0,0,0,0,0,0,50,50,0,50,0,50,0,50,legacy_planted_id_v0_audited_equivalent_to_query_payload_v1
runs\lightning_completion\jigsaw-arxiv-random-topo-filterall-gcp-cpux8-v2-resume\summary.csv,C:\Users\Swastik\Desktop\Jigsaw\runs\lightning_completion\jigsaw-arxiv-random-topo-filterall-gcp-cpux8-v2-resume\results\prod_arxiv_fill_rtf_s20260607_q50_types_all_sizes20_50_100_filterall_component_b200_per_query.csv,arxiv,arxiv,20260607,arxiv,random_walk,50,all,filterall_component,type_feat32,50,50,50,0,50,0,0,0,0,50,0,0.34560067924000576,0.33801756300022134,0.4008254850999037,50.72,52.55,50.34,3346.6074319612317,14873.624625236753,17.68,0.08839999999999999,1.0,1000000000.0,1000000000.0,1000000000.0,0.0,328.88952204000816,16.711157199997615,0,0,0,0,0,0,50,0,0,0,,,,,,,,,,,,,,,,,,,,,,,,,,,,,,,,,,,,,,,,,,,,,,,,,,,,,,,,,,,,,,,,,,,,,,,,,,,,,,,,,,,,,,,,,,,,,,,,,,,,,,,,,,,,,,,,,,,,,,0,0,0,0,0,0,0,0,0,0,0,0,50,50,0,50,0,50,0,50,legacy_planted_id_v0_audited_equivalent_to_query_payload_v1
runs\lightning_completion\jigsaw-arxiv-random-topo-filterall-gcp-cpux8-v2-resume\summary.csv,C:\Users\Swastik\Desktop\Jigsaw\runs\lightning_completion\jigsaw-arxiv-random-topo-filterall-gcp-cpux8-v2-resume\results\prod_arxiv_fill_rtf_s20260607_q50_types_all_sizes20_50_100_filterall_component_b200_per_query.csv,arxiv,arxiv,20260607,arxiv,random_walk,100,all,filterall_component,type_feat32,50,50,50,0,50,0,0,0,0,50,0,0.37206301074003933,0.36809568350008703,0.40668783380010604,101.24,106.64999999999999,100.44,1674.1604830222627,5892.479753352778,29.4,0.147,1.0,1000000000.0,1000000000.0,1000000000.0,0.0,341.55877670001246,30.50423404002686,0,0,0,0,0,0,50,0,0,0,,,,,,,,,,,,,,,,,,,,,,,,,,,,,,,,,,,,,,,,,,,,,,,,,,,,,,,,,,,,,,,,,,,,,,,,,,,,,,,,,,,,,,,,,,,,,,,,,,,,,,,,,,,,,,,,,,,,,,0,0,0,0,0,0,0,0,0,0,0,0,50,50,0,50,0,50,0,50,legacy_planted_id_v0_audited_equivalent_to_query_payload_v1
corrected_connected_rerun::prod_arxiv_connected_mf_mc_s20260607_q50_types_multi_fine_multi_coarse_sizes20_50_100_filterall_component_b200_per_query.csv,runs/lcr_arxiv_v3/results/prod_arxiv_connected_mf_mc_s20260607_q50_types_multi_fine_multi_coarse_sizes20_50_100_filterall_component_b200_per_query.csv,arxiv,arxiv,20260607,arxiv,multi_coarse,20,all,filterall_component,type_feat32,50,50,50,0,50,0,0,0,0,50,0,0.39547068813999886,0.38964958649989967,0.44119310749994156,20.12,21.0,20.06,8423.557909592822,42751.530036308264,4.06,0.020300000000000002,1.0,1000000000.0,1000000000.0,1000000000.0,0.0,384.13620915997853,11.334478980020322,0,0,0,0,0,0,50,0,0,0,,,,,,,,,,,,,,,,,,,,,,,,,,,,,,,,,,,,,,,,,,,,,,,,,,,,,,,,,,,,,,,,,,,,,,,,,,,,,,,,,,,,,,,,,,,,,,,,,,,,,,,,,,,,,,,,,,,,,,0,0,0,0,0,0,0,0,0,0,0,0,50,50,0,50,0,50,0,50,legacy_planted_id_v0_audited_equivalent_to_query_payload_v1
corrected_connected_rerun::prod_arxiv_connected_mf_mc_s20260607_q50_types_multi_fine_multi_coarse_sizes20_50_100_filterall_component_b200_per_query.csv,runs/lcr_arxiv_v3/results/prod_arxiv_connected_mf_mc_s20260607_q50_types_multi_fine_multi_coarse_sizes20_50_100_filterall_component_b200_per_query.csv,arxiv,arxiv,20260607,arxiv,multi_coarse,50,all,filterall_component,type_feat32,50,50,50,0,50,0,0,0,0,50,0,0.40491844306001895,0.4158440560000827,0.4474606379999727,50.48,52.55,50.2,3356.6178556065515,11877.48499983771,4.28,0.021400000000000002,1.0,1000000000.0,1000000000.0,1000000000.0,0.0,384.50492578000194,20.413517280017004,0,0,0,0,0,0,50,0,0,0,,,,,,,,,,,,,,,,,,,,,,,,,,,,,,,,,,,,,,,,,,,,,,,,,,,,,,,,,,,,,,,,,,,,,,,,,,,,,,,,,,,,,,,,,,,,,,,,,,,,,,,,,,,,,,,,,,,,,,0,0,0,0,0,0,0,0,0,0,0,0,50,50,0,50,0,50,0,50,legacy_planted_id_v0_audited_equivalent_to_query_payload_v1
corrected_connected_rerun::prod_arxiv_connected_mf_mc_s20260607_q50_types_multi_fine_multi_coarse_sizes20_50_100_filterall_component_b200_per_query.csv,runs/lcr_arxiv_v3/results/prod_arxiv_connected_mf_mc_s20260607_q50_types_multi_fine_multi_coarse_sizes20_50_100_filterall_component_b200_per_query.csv,arxiv,arxiv,20260607,arxiv,multi_coarse,100,all,filterall_component,type_feat32,50,50,50,0,50,0,0,0,0,50,0,0.41088037383999565,0.4040942315000393,0.4600219639499755,100.54,102.0,100.2,1684.4988755567977,4613.52446393037,4.14,0.0207,1.0,1000000000.0,1000000000.0,1000000000.0,0.0,376.1329535200184,34.74742031997721,0,0,0,0,0,0,50,0,0,0,,,,,,,,,,,,,,,,,,,,,,,,,,,,,,,,,,,,,,,,,,,,,,,,,,,,,,,,,,,,,,,,,,,,,,,,,,,,,,,,,,,,,,,,,,,,,,,,,,,,,,,,,,,,,,,,,,,,,,0,0,0,0,0,0,0,0,0,0,0,0,50,50,0,50,0,50,0,50,legacy_planted_id_v0_audited_equivalent_to_query_payload_v1
/workspace/jigsaw_pkg/runs/noid_negative_arxiv_v4/results/prod_arxiv_pv1_s20260607_neg_filterall_component_b200_per_query.csv,/workspace/jigsaw_pkg/runs/noid_negative_arxiv_v4/results/prod_arxiv_pv1_s20260607_neg_filterall_component_b200_per_query.csv,arxiv,arxiv,20260607,arxiv,negative_label,20,all,filterall_component,type_feat32,50,0,0,50,0,0,50,0,0,0,0,0.07501442686001156,0.06693324899998743,0.12959769395005763,123.8,264.0,0.0,2183.427744881509,32241.74086051395,6.26,0.03130000000000001,1.0,1000000000.0,1000000000.0,1000000000.0,0.0,75.01442686001155,0.0,0,0,0,0,0,0,0,0,0,0,query_payload_v1_negative_rerun_2026-08-01,50,0,,0,1,0,50,0,0.07501442686,0,0.07501442686001156,123.8,,,,,,,,0,,,,,,,,,,,,,,,,,,,,,,,,,,,,,,,,,,,,,,,,,,,,,,,,,,,,,,,,,,,,,,,,,,,,,,,,,,,,,,,,,,,,,,,,,,,,,,,0,0,0,0,0,0,0,0,0,0,0,0,0,0,0,0,0,0,0,0,0,0,query_payload_v1
/workspace/jigsaw_pkg/runs/noid_negative_arxiv_v4/results/prod_arxiv_pv1_s20260607_neg_filterall_component_b200_per_query.csv,/workspace/jigsaw_pkg/runs/noid_negative_arxiv_v4/results/prod_arxiv_pv1_s20260607_neg_filterall_component_b200_per_query.csv,arxiv,arxiv,20260607,arxiv,negative_label,50,all,filterall_component,type_feat32,50,0,0,50,0,0,50,0,0,2,0,0.09192419526000321,0.0900000004999697,0.143947408500037,285.48,586.7499999999999,0.0,1060.541455025036,8334.640308261589,12.58,0.0629,1.0,1000000000.0,1000000000.0,1000000000.0,0.0,91.92419526000322,0.0,0,0,0,0,0,0,0,0,0,0,query_payload_v1_negative_rerun_2026-08-01,50,0,,0,1,0,50,0,0.09192419526,0,0.09192419526000321,285.48,,,,,,,,0,,,,,,,,,,,,,,,,,,,,,,,,,,,,,,,,,,,,,,,,,,,,,,,,,,,,,,,,,,,,,,,,,,,,,,,,,,,,,,,,,,,,,,,,,,,,,,,0.04,0,0,0,0,0,0,0,0,0,0,0,0,0,0,0,0,0,0,0,0,0,query_payload_v1
/workspace/jigsaw_pkg/runs/noid_negative_arxiv_v4/results/prod_arxiv_pv1_s20260607_neg_filterall_component_b200_per_query.csv,/workspace/jigsaw_pkg/runs/noid_negative_arxiv_v4/results/prod_arxiv_pv1_s20260607_neg_filterall_component_b200_per_query.csv,arxiv,arxiv,20260607,arxiv,negative_label,100,all,filterall_component,type_feat32,50,0,0,50,0,0,50,0,0,0,0,0.08071547665999106,0.07973235250000243,0.0996606209999868,441.88,1131.0,0.0,896.7022022373487,4190.0391909176205,24.14,0.1207,1.0,1000000000.0,1000000000.0,1000000000.0,0.0,80.71547665999105,0.0,0,0,0,0,0,0,0,0,0,0,query_payload_v1_negative_rerun_2026-08-01,50,0,,0,1,0,50,0,0.08071547666,0,0.08071547665999106,441.88,,,,,,,,0,,,,,,,,,,,,,,,,,,,,,,,,,,,,,,,,,,,,,,,,,,,,,,,,,,,,,,,,,,,,,,,,,,,,,,,,,,,,,,,,,,,,,,,,,,,,,,,0,0,0,0,0,0,0,0,0,0,0,0,0,0,0,0,0,0,0,0,0,0,query_payload_v1
/workspace/jigsaw_pkg/runs/noid_negative_arxiv_v4/results/prod_arxiv_pv1_s20260607_neg_filterall_component_b200_per_query.csv,/workspace/jigsaw_pkg/runs/noid_negative_arxiv_v4/results/prod_arxiv_pv1_s20260607_neg_filterall_component_b200_per_query.csv,arxiv,arxiv,20260607,arxiv,negative_structure,20,all,filterall_component,type_feat32,50,0,0,50,0,0,50,0,0,50,0,0.08163309552000328,0.08466717650003375,0.10553921400005492,19.86,20.549999999999997,19.84,8557.86946428572,35780.17896936272,5.88,0.029399999999999996,1.0,1000000000.0,1000000000.0,1000000000.0,0.0,74.21194629999945,7.4211492200038265,0,0,0,0,0,0,0,0,0,0,query_payload_v1_negative_rerun_2026-08-01,50,0,,0,1,0,50,0.00742114922,0.0742119463,0,0.08163309552000328,19.86,,,,,,,,0,,,,,,,,,,,,,,,,,,,,,,,,,,,,,,,,,,,,,,,,,,,,,,,,,,,,,,,,,,,,,,,,,,,,,,,,,,,,,,,,,,,,,,,,,,,,,,,1,0,0,0,0,0,0,0,0,0,0,0,0,0,0,0,0,0,0,0,0,0,query_payload_v1
/workspace/jigsaw_pkg/runs/noid_negative_arxiv_v4/results/prod_arxiv_pv1_s20260607_neg_filterall_component_b200_per_query.csv,/workspace/jigsaw_pkg/runs/noid_negative_arxiv_v4/results/prod_arxiv_pv1_s20260607_neg_filterall_component_b200_per_query.csv,arxiv,arxiv,20260607,arxiv,negative_structure,50,all,filterall_component,type_feat32,50,0,0,50,0,0,50,0,0,50,0,0.11614681267999231,0.11454363149999836,0.1573761339500493,50.9,52.55,50.36,3342.856703081112,8942.038309684547,12.42,0.06210000000000002,1.0,1000000000.0,1000000000.0,1000000000.0,0.0,102.93445103999147,13.212361640000836,0,0,0,0,0,0,0,0,0,0,query_payload_v1_negative_rerun_2026-08-01,50,0,,0,1,0,50,0.01321236164,0.10293445104,0,0.11614681267999231,50.9,,,,,,,,0,,,,,,,,,,,,,,,,,,,,,,,,,,,,,,,,,,,,,,,,,,,,,,,,,,,,,,,,,,,,,,,,,,,,,,,,,,,,,,,,,,,,,,,,,,,,,,,1,0,0,0,0,0,0,0,0,0,0,0,0,0,0,0,0,0,0,0,0,0,query_payload_v1
/workspace/jigsaw_pkg/runs/noid_negative_arxiv_v4/results/prod_arxiv_pv1_s20260607_neg_filterall_component_b200_per_query.csv,/workspace/jigsaw_pkg/runs/noid_negative_arxiv_v4/results/prod_arxiv_pv1_s20260607_neg_filterall_component_b200_per_query.csv,arxiv,arxiv,20260607,arxiv,negative_structure,100,all,filterall_component,type_feat32,50,0,0,50,0,0,50,0,0,50,0,0.10799564369998961,0.1019052234999549,0.16098014344999567,101.22,104.1,100.5,1675.2622437334755,4483.669960658994,23.88,0.1194,1.0,1000000000.0,1000000000.0,1000000000.0,0.0,87.95418451999012,20.041459179999492,0,0,0,0,0,0,0,0,0,0,query_payload_v1_negative_rerun_2026-08-01,50,0,,0,1,0,50,0.02004145918,0.08795418452,0,0.10799564369998961,101.22,,,,,,,,0,,,,,,,,,,,,,,,,,,,,,,,,,,,,,,,,,,,,,,,,,,,,,,,,,,,,,,,,,,,,,,,,,,,,,,,,,,,,,,,,,,,,,,,,,,,,,,,1,0,0,0,0,0,0,0,0,0,0,0,0,0,0,0,0,0,0,0,0,0,query_payload_v1
runs\logs\crm_results_dir\production_benchmark_summary.csv,runs\logs\crm_results_dir\results\prod_arxiv_s20260608_q50_types_all_sizes20_50_100_neural_component_b20_50_100_200_per_query.csv,arxiv,arxiv,20260608,arxiv,single,20,hybrid,neural_component,type_feat32,50,50,50,0,50,0,0,0,0,50,0,0.4360005676599991,0.35734869450000417,1.322064774949976,52.12,138.75,19.84,9157.466765664161,103886.08963799459,1.0,0.016755319148936174,0.5212765957446809,23.0,142.39999999999998,178.51,6.656390585105408,218.02039296808468,13.894802595744634,0,0,0,25,11,9,5,0,0,0,,,,,,,,,,,,,,,,,,,,,,,,,,,,,,,,,,,,,,,,,,,,,,,,,,,,,,,,,,,,,,,,,,,,,,,,,,,,,,,,,,,,,,,,,,,,,,,,,,,,,,,,,,,,,,,,,,,,,,0,0,0,0,0,0,25,25,11,36,9,45,5,50,0,50,0,50,0,50,legacy_planted_id_v0_audited_equivalent_to_query_payload_v1
runs\logs\crm_results_dir\production_benchmark_summary.csv,runs\logs\crm_results_dir\results\prod_arxiv_s20260608_q50_types_all_sizes20_50_100_neural_component_b20_50_100_200_per_query.csv,arxiv,arxiv,20260608,arxiv,single,50,hybrid,neural_component,type_feat32,50,50,50,0,50,0,0,0,0,50,0,0.44852012352001114,0.19307695550000403,1.4239415090500271,116.36,346.44999999999993,50.18,3482.125555789679,31915.50993144673,1.0,0.020113636363636365,0.5681818181818182,5.5,115.1,140.9099999999999,6.847099875004274,233.3595851931853,21.48139407954827,0,0,0,31,6,7,6,0,0,0,,,,,,,,,,,,,,,,,,,,,,,,,,,,,,,,,,,,,,,,,,,,,,,,,,,,,,,,,,,,,,,,,,,,,,,,,,,,,,,,,,,,,,,,,,,,,,,,,,,,,,,,,,,,,,,,,,,,,,0,0,0,0,0,0,31,31,6,37,7,44,6,50,0,50,0,50,0,50,legacy_planted_id_v0_audited_equivalent_to_query_payload_v1
runs\logs\crm_results_dir\production_benchmark_summary.csv,runs\logs\crm_results_dir\results\prod_arxiv_s20260608_q50_types_all_sizes20_50_100_neural_component_b20_50_100_200_per_query.csv,arxiv,arxiv,20260608,arxiv,single,100,hybrid,neural_component,type_feat32,50,50,50,0,50,0,0,0,0,50,0,0.43020188494000877,0.22693986199993788,1.446083639350104,224.82,786.9999999999997,100.18,1732.7962247822097,26280.870839301337,1.0,0.02449367088607595,0.6329113924050633,4.0,127.1,186.1,6.591696987342563,232.9422242025367,39.337449810127104,0,0,0,35,6,4,5,0,0,0,,,,,,,,,,,,,,,,,,,,,,,,,,,,,,,,,,,,,,,,,,,,,,,,,,,,,,,,,,,,,,,,,,,,,,,,,,,,,,,,,,,,,,,,,,,,,,,,,,,,,,,,,,,,,,,,,,,,,,0,0,0,0,0,0,35,35,6,41,4,45,5,50,0,50,0,50,0,50,legacy_planted_id_v0_audited_equivalent_to_query_payload_v1
corrected_connected_rerun::prod_arxiv_connected_mf_mc_s20260608_q50_types_multi_fine_multi_coarse_sizes20_50_100_neural_component_b20_50_100_200_per_query.csv,runs/lcr_arxiv_v3/results/prod_arxiv_connected_mf_mc_s20260608_q50_types_multi_fine_multi_coarse_sizes20_50_100_neural_component_b20_50_100_200_per_query.csv,arxiv,arxiv,20260608,arxiv,multi_fine,20,hybrid,neural_component,type_feat32,50,50,50,0,50,0,0,0,0,50,0,0.09869178147999719,0.09452342949998638,0.15169502044997216,20.06,20.549999999999997,20.06,8442.958142857144,31202.475251314914,1.0,0.05,1.0,1.0,7.0,7.509999999999998,5.563001240016092,87.35749085999032,11.334290620006868,0,0,0,50,0,0,0,0,0,0,,,,,,,,,,,,,,,,,,,,,,,,,,,,,,,,,,,,,,,,,,,,,,,,,,,,,,,,,,,,,,,,,,,,,,,,,,,,,,,,,,,,,,,,,,,,,,,,,,,,,,,,,,,,,,,,,,,,,,0,0,0,0,0,0,50,50,0,50,0,50,0,50,0,50,0,50,0,50,legacy_planted_id_v0_audited_equivalent_to_query_payload_v1
corrected_connected_rerun::prod_arxiv_connected_mf_mc_s20260608_q50_types_multi_fine_multi_coarse_sizes20_50_100_neural_component_b20_50_100_200_per_query.csv,runs/lcr_arxiv_v3/results/prod_arxiv_connected_mf_mc_s20260608_q50_types_multi_fine_multi_coarse_sizes20_50_100_neural_component_b20_50_100_200_per_query.csv,arxiv,arxiv,20260608,arxiv,multi_fine,50,hybrid,neural_component,type_feat32,50,50,50,0,50,0,0,0,0,50,0,0.10416269688000739,0.10119446600003812,0.15972381454990905,50.42,51.0,50.14,3361.871423142068,10347.173111426637,1.0,0.05,1.0,1.0,3.0,3.509999999999998,6.403987640019295,84.8737656600133,19.288931219994083,0,0,0,50,0,0,0,0,0,0,,,,,,,,,,,,,,,,,,,,,,,,,,,,,,,,,,,,,,,,,,,,,,,,,,,,,,,,,,,,,,,,,,,,,,,,,,,,,,,,,,,,,,,,,,,,,,,,,,,,,,,,,,,,,,,,,,,,,,0,0,0,0,0,0,50,50,0,50,0,50,0,50,0,50,0,50,0,50,legacy_planted_id_v0_audited_equivalent_to_query_payload_v1
corrected_connected_rerun::prod_arxiv_connected_mf_mc_s20260608_q50_types_multi_fine_multi_coarse_sizes20_50_100_neural_component_b20_50_100_200_per_query.csv,runs/lcr_arxiv_v3/results/prod_arxiv_connected_mf_mc_s20260608_q50_types_multi_fine_multi_coarse_sizes20_50_100_neural_component_b20_50_100_200_per_query.csv,arxiv,arxiv,20260608,arxiv,multi_fine,100,hybrid,neural_component,type_feat32,50,50,50,0,50,0,0,0,0,50,0,0.13681249245998062,0.13184173699983148,0.22505726394995235,100.04,101.0,99.98,1692.7866396227378,3896.7436561266554,1.0,0.05,1.0,1.0,2.0,3.019999999999996,7.846500579989879,100.20084075999421,36.611651699986396,0,0,0,50,0,0,0,0,0,0,,,,,,,,,,,,,,,,,,,,,,,,,,,,,,,,,,,,,,,,,,,,,,,,,,,,,,,,,,,,,,,,,,,,,,,,,,,,,,,,,,,,,,,,,,,,,,,,,,,,,,,,,,,,,,,,,,,,,,0,0,0,0,0,0,50,50,0,50,0,50,0,50,0,50,0,50,0,50,legacy_planted_id_v0_audited_equivalent_to_query_payload_v1
runs\logs\crm_results_dir\production_benchmark_summary.csv,runs\logs\crm_results_dir\results\prod_arxiv_s20260608_q50_types_all_sizes20_50_100_neural_component_b20_50_100_200_per_query.csv,arxiv,arxiv,20260608,arxiv,k_hop,20,hybrid,neural_component,type_feat32,50,50,50,0,50,0,0,0,0,50,0,0.49901306356000075,0.4009541370000136,1.3304272005499995,56.32,144.55,19.78,8645.405789473683,71318.82940001856,5.76,0.06403846153846154,0.46172134489442185,168.0,199.0,199.51,6.525820865389365,229.18933991346026,10.720786798078581,0,0,0,19,15,9,7,0,0,0,,,,,,,,,,,,,,,,,,,,,,,,,,,,,,,,,,,,,,,,,,,,,,,,,,,,,,,,,,,,,,,,,,,,,,,,,,,,,,,,,,,,,,,,,,,,,,,,,,,,,,,,,,,,,,,,,,,,,,0,0,0,0,0,0,19,19,15,34,9,43,7,50,0,50,0,50,0,50,legacy_planted_id_v0_audited_equivalent_to_query_payload_v1
runs\logs\crm_results_dir\production_benchmark_summary.csv,runs\logs\crm_results_dir\results\prod_arxiv_s20260608_q50_types_all_sizes20_50_100_neural_component_b20_50_100_200_per_query.csv,arxiv,arxiv,20260608,arxiv,k_hop,50,hybrid,neural_component,type_feat32,50,50,50,0,50,0,0,0,0,50,0,0.5976153747800049,0.4396448474999488,1.4059035023000943,197.32,577.9499999999994,50.2,3389.074775478567,13989.93063470642,15.04,0.17048245614035087,0.5255008853686363,184.0,200.0,200.0,6.6445429035128285,246.06444426316048,16.04756221929779,0,0,0,13,20,7,10,0,0,0,,,,,,,,,,,,,,,,,,,,,,,,,,,,,,,,,,,,,,,,,,,,,,,,,,,,,,,,,,,,,,,,,,,,,,,,,,,,,,,,,,,,,,,,,,,,,,,,,,,,,,,,,,,,,,,,,,,,,,0,0,0,0,0,0,13,13,20,33,7,40,10,50,0,50,0,50,0,50,legacy_planted_id_v0_audited_equivalent_to_query_payload_v1
runs\logs\crm_results_dir\production_benchmark_summary.csv,runs\logs\crm_results_dir\results\prod_arxiv_s20260608_q50_types_all_sizes20_50_100_neural_component_b20_50_100_200_per_query.csv,arxiv,arxiv,20260608,arxiv,k_hop,100,hybrid,neural_component,type_feat32,50,50,50,0,50,0,0,0,0,50,0,0.8499969302199861,0.858855619499991,1.4772216690497886,415.34,863.2499999999998,100.32,1685.2046096792747,4866.728692735424,24.2,0.24533333333333332,0.5407114856242294,188.5,200.0,200.0,6.622403385188557,292.07582900740414,22.73784885184998,0,0,0,11,10,12,17,0,0,0,,,,,,,,,,,,,,,,,,,,,,,,,,,,,,,,,,,,,,,,,,,,,,,,,,,,,,,,,,,,,,,,,,,,,,,,,,,,,,,,,,,,,,,,,,,,,,,,,,,,,,,,,,,,,,,,,,,,,,0,0,0,0,0,0,11,11,10,21,12,33,17,50,0,50,0,50,0,50,legacy_planted_id_v0_audited_equivalent_to_query_payload_v1
runs\logs\crm_results_dir\production_benchmark_summary.csv,runs\logs\crm_results_dir\results\prod_arxiv_s20260608_q50_types_all_sizes20_50_100_neural_component_b20_50_100_200_per_query.csv,arxiv,arxiv,20260608,arxiv,degree_k_hop,20,hybrid,neural_component,type_feat32,50,50,50,0,50,0,0,0,0,50,0,0.5617191420799906,0.4182511955000052,1.3801999852500018,51.36,165.5999999999999,20.3,8872.637547113018,59007.205861004426,5.84,0.0635,0.4702405170586989,161.5,199.0,199.0,6.929061809096414,244.4784661363604,10.848416627271718,0,0,0,19,11,11,9,0,0,0,,,,,,,,,,,,,,,,,,,,,,,,,,,,,,,,,,,,,,,,,,,,,,,,,,,,,,,,,,,,,,,,,,,,,,,,,,,,,,,,,,,,,,,,,,,,,,,,,,,,,,,,,,,,,,,,,,,,,,0,0,0,0,0,0,19,19,11,30,11,41,9,50,0,50,0,50,0,50,legacy_planted_id_v0_audited_equivalent_to_query_payload_v1
runs\logs\crm_results_dir\production_benchmark_summary.csv,runs\logs\crm_results_dir\results\prod_arxiv_s20260608_q50_types_all_sizes20_50_100_neural_component_b20_50_100_200_per_query.csv,arxiv,arxiv,20260608,arxiv,degree_k_hop,50,hybrid,neural_component,type_feat32,50,50,50,0,50,0,0,0,0,50,0,0.6924735915199836,0.7831952154999726,1.4019408055999747,210.62,506.34999999999997,50.14,3376.285640723982,13906.752159617172,14.68,0.15403999999999998,0.5236612370322627,192.0,200.0,200.0,6.682393048004997,262.56706177599244,14.422374832000969,0,0,0,13,10,16,11,0,0,0,,,,,,,,,,,,,,,,,,,,,,,,,,,,,,,,,,,,,,,,,,,,,,,,,,,,,,,,,,,,,,,,,,,,,,,,,,,,,,,,,,,,,,,,,,,,,,,,,,,,,,,,,,,,,,,,,,,,,,0,0,0,0,0,0,13,13,10,23,16,39,11,50,0,50,0,50,0,50,legacy_planted_id_v0_audited_equivalent_to_query_payload_v1
runs\logs\crm_results_dir\production_benchmark_summary.csv,runs\logs\crm_results_dir\results\prod_arxiv_s20260608_q50_types_all_sizes20_50_100_neural_component_b20_50_100_200_per_query.csv,arxiv,arxiv,20260608,arxiv,degree_k_hop,100,hybrid,neural_component,type_feat32,50,50,50,0,50,0,0,0,0,50,0,0.6387300732400013,0.5007344044999513,1.4742504626999446,341.12,876.9999999999999,100.16,1688.1230949106225,7092.087180189271,22.16,0.23843750000000002,0.47331380842028065,190.0,200.0,200.0,6.549484116069339,258.05724219643116,27.090111928569424,0,0,0,16,13,14,7,0,0,0,,,,,,,,,,,,,,,,,,,,,,,,,,,,,,,,,,,,,,,,,,,,,,,,,,,,,,,,,,,,,,,,,,,,,,,,,,,,,,,,,,,,,,,,,,,,,,,,,,,,,,,,,,,,,,,,,,,,,,0,0,0,0,0,0,16,16,13,29,14,43,7,50,0,50,0,50,0,50,legacy_planted_id_v0_audited_equivalent_to_query_payload_v1
runs\logs\crm_results_dir\production_benchmark_summary.csv,runs\logs\crm_results_dir\results\prod_arxiv_s20260608_q50_types_all_sizes20_50_100_neural_component_b20_50_100_200_per_query.csv,arxiv,arxiv,20260608,arxiv,random_walk,20,hybrid,neural_component,type_feat32,50,50,50,0,50,0,0,0,0,50,0,0.8078777376999983,0.7849872809999567,1.3547659922499804,87.42,219.14999999999998,19.98,8816.90416993464,58048.50968864475,7.48,0.06027210884353741,0.48213460764481175,190.0,200.0,200.0,6.716846945575331,266.7395360952366,8.048810061225419,0,0,0,2,14,19,15,0,0,0,,,,,,,,,,,,,,,,,,,,,,,,,,,,,,,,,,,,,,,,,,,,,,,,,,,,,,,,,,,,,,,,,,,,,,,,,,,,,,,,,,,,,,,,,,,,,,,,,,,,,,,,,,,,,,,,,,,,,,0,0,0,0,0,0,2,2,14,16,19,35,15,50,0,50,0,50,0,50,legacy_planted_id_v0_audited_equivalent_to_query_payload_v1
runs\logs\crm_results_dir\production_benchmark_summary.csv,runs\logs\crm_results_dir\results\prod_arxiv_s20260608_q50_types_all_sizes20_50_100_neural_component_b20_50_100_200_per_query.csv,arxiv,arxiv,20260608,arxiv,random_walk,50,hybrid,neural_component,type_feat32,50,50,50,0,50,0,0,0,0,50,0,1.1362187144800122,1.347935781999979,1.4070031390000168,247.66,441.8499999999999,50.3,3447.3365837225956,19940.174751352664,14.66,0.10171348314606742,0.5239005364338007,198.0,200.0,200.0,6.637719095509469,309.0272887471928,10.135271500001672,0,0,0,1,3,13,33,0,0,0,,,,,,,,,,,,,,,,,,,,,,,,,,,,,,,,,,,,,,,,,,,,,,,,,,,,,,,,,,,,,,,,,,,,,,,,,,,,,,,,,,,,,,,,,,,,,,,,,,,,,,,,,,,,,,,,,,,,,,0,0,0,0,0,0,1,1,3,4,13,17,33,50,0,50,0,50,0,50,legacy_planted_id_v0_audited_equivalent_to_query_payload_v1
runs\logs\crm_results_dir\production_benchmark_summary.csv,runs\logs\crm_results_dir\results\prod_arxiv_s20260608_q50_types_all_sizes20_50_100_neural_component_b20_50_100_200_per_query.csv,arxiv,arxiv,20260608,arxiv,random_walk,100,hybrid,neural_component,type_feat32,50,50,50,0,50,0,0,0,0,50,0,1.3493720014400015,1.44576518599996,1.5025633692000895,628.64,1074.2499999999998,100.78,1685.2264820981854,5509.929451676742,29.0,0.1875392670157068,0.5165357940734581,199.0,200.0,200.0,6.601430403148074,337.5418697958104,15.696874036650772,0,0,0,0,1,7,42,0,0,0,,,,,,,,,,,,,,,,,,,,,,,,,,,,,,,,,,,,,,,,,,,,,,,,,,,,,,,,,,,,,,,,,,,,,,,,,,,,,,,,,,,,,,,,,,,,,,,,,,,,,,,,,,,,,,,,,,,,,,0,0,0,0,0,0,0,0,1,1,7,8,42,50,0,50,0,50,0,50,legacy_planted_id_v0_audited_equivalent_to_query_payload_v1
corrected_connected_rerun::prod_arxiv_connected_mf_mc_s20260608_q50_types_multi_fine_multi_coarse_sizes20_50_100_neural_component_b20_50_100_200_per_query.csv,runs/lcr_arxiv_v3/results/prod_arxiv_connected_mf_mc_s20260608_q50_types_multi_fine_multi_coarse_sizes20_50_100_neural_component_b20_50_100_200_per_query.csv,arxiv,arxiv,20260608,arxiv,multi_coarse,20,hybrid,neural_component,type_feat32,50,50,50,0,50,0,0,0,0,50,0,0.4664331986399793,0.3901462999999694,1.0120883439997894,78.56,186.0,20.0,8469.837984126983,45828.0606988306,3.44,0.06216666666666667,0.6918055555555556,56.0,163.55,176.07999999999998,5.710939749999018,189.89350249999194,4.4536635999994205,0,0,0,16,11,10,13,0,0,0,,,,,,,,,,,,,,,,,,,,,,,,,,,,,,,,,,,,,,,,,,,,,,,,,,,,,,,,,,,,,,,,,,,,,,,,,,,,,,,,,,,,,,,,,,,,,,,,,,,,,,,,,,,,,,,,,,,,,,0,0,0,0,0,0,16,16,11,27,10,37,13,50,0,50,0,50,0,50,legacy_planted_id_v0_audited_equivalent_to_query_payload_v1
corrected_connected_rerun::prod_arxiv_connected_mf_mc_s20260608_q50_types_multi_fine_multi_coarse_sizes20_50_100_neural_component_b20_50_100_200_per_query.csv,runs/lcr_arxiv_v3/results/prod_arxiv_connected_mf_mc_s20260608_q50_types_multi_fine_multi_coarse_sizes20_50_100_neural_component_b20_50_100_200_per_query.csv,arxiv,arxiv,20260608,arxiv,multi_coarse,50,hybrid,neural_component,type_feat32,50,50,50,0,50,0,0,0,0,50,0,0.5465995674199757,0.5374059039997974,1.052823882550183,235.38,486.3,50.04,3364.945399997777,11223.377181394557,4.22,0.07537593984962407,0.7384711779448622,61.0,132.49999999999997,154.54999999999998,6.618976082720958,197.97527678946764,7.513282390974362,0,0,0,9,11,18,12,0,0,0,,,,,,,,,,,,,,,,,,,,,,,,,,,,,,,,,,,,,,,,,,,,,,,,,,,,,,,,,,,,,,,,,,,,,,,,,,,,,,,,,,,,,,,,,,,,,,,,,,,,,,,,,,,,,,,,,,,,,,0,0,0,0,0,0,9,9,11,20,18,38,12,50,0,50,0,50,0,50,legacy_planted_id_v0_audited_equivalent_to_query_payload_v1
corrected_connected_rerun::prod_arxiv_connected_mf_mc_s20260608_q50_types_multi_fine_multi_coarse_sizes20_50_100_neural_component_b20_50_100_200_per_query.csv,runs/lcr_arxiv_v3/results/prod_arxiv_connected_mf_mc_s20260608_q50_types_multi_fine_multi_coarse_sizes20_50_100_neural_component_b20_50_100_200_per_query.csv,arxiv,arxiv,20260608,arxiv,multi_coarse,100,hybrid,neural_component,type_feat32,50,50,50,0,50,0,0,0,0,50,0,0.7138317886599908,0.9399888159999819,1.045010596549787,500.42,884.8499999999999,100.7,1670.6166045325526,4445.293679404418,4.46,0.07067307692307692,0.7393162393162392,101.0,164.1,171.52999999999997,7.804728121790014,218.08483014102328,10.707409814101947,0,0,0,8,7,6,29,0,0,0,,,,,,,,,,,,,,,,,,,,,,,,,,,,,,,,,,,,,,,,,,,,,,,,,,,,,,,,,,,,,,,,,,,,,,,,,,,,,,,,,,,,,,,,,,,,,,,,,,,,,,,,,,,,,,,,,,,,,,0,0,0,0,0,0,8,8,7,15,6,21,29,50,0,50,0,50,0,50,legacy_planted_id_v0_audited_equivalent_to_query_payload_v1
/workspace/jigsaw_pkg/runs/noid_negative_arxiv_v4/results/prod_arxiv_pv1_s20260608_neg_neural_component_b20_50_100_200_per_query.csv,/workspace/jigsaw_pkg/runs/noid_negative_arxiv_v4/results/prod_arxiv_pv1_s20260608_neg_neural_component_b20_50_100_200_per_query.csv,arxiv,arxiv,20260608,arxiv_overlap_best,negative_label,20,hybrid,neural_component,type_feat32,50,0,0,50,0,0,50,0,0,1,0,0.25567926287998033,0.23056182349995424,0.372157556450054,149.4,356.54999999999995,0.0,4302.566699953382,40078.05423413724,6.4,0.08819999999999992,0.8206856819650938,74.5,177.55,186.15999999999997,4.668614139991405,63.919815719995086,0.0,0,0,0,0,0,0,0,0,0,0,query_payload_v1_negative_rerun_2026-08-01,50,0,,0,1,0,50,0,0.06391981572,0.00466861413999,0.25567926287998033,149.4,,,,,,,,0,,,,,,,,,,,,,,,,,,,,,,,,,,,,,,,,,,,,,,,,,,,,,,,,,,,,,,,,,,,,,,,,,,,,,,,,,,,,,,,,,,,,,,,,,,,,,,,0.02,0,0,0,0,0,0,0,0,0,0,0,0,0,0,0,0,0,0,0,0,0,query_payload_v1
/workspace/jigsaw_pkg/runs/noid_negative_arxiv_v4/results/prod_arxiv_pv1_s20260608_neg_neural_component_b20_50_100_200_per_query.csv,/workspace/jigsaw_pkg/runs/noid_negative_arxiv_v4/results/prod_arxiv_pv1_s20260608_neg_neural_component_b20_50_100_200_per_query.csv,arxiv,arxiv,20260608,arxiv_overlap_best,negative_label,50,hybrid,neural_component,type_feat32,50,0,0,50,0,0,50,0,0,1,0,0.28049231256000895,0.25488822850007864,0.39965585740009146,280.22,611.4499999999999,0.0,1821.4335788096114,9372.186361646918,12.64,0.16514999999999994,0.8125801417493755,116.5,188.55,192.04,5.536724259995935,70.12307814000224,0.0,0,0,0,0,0,0,0,0,0,0,query_payload_v1_negative_rerun_2026-08-01,50,0,,0,1,0,50,0,0.07012307814,0.00553672426,0.28049231256000895,280.22,,,,,,,,0,,,,,,,,,,,,,,,,,,,,,,,,,,,,,,,,,,,,,,,,,,,,,,,,,,,,,,,,,,,,,,,,,,,,,,,,,,,,,,,,,,,,,,,,,,,,,,,0.02,0,0,0,0,0,0,0,0,0,0,0,0,0,0,0,0,0,0,0,0,0,query_payload_v1
/workspace/jigsaw_pkg/runs/noid_negative_arxiv_v4/results/prod_arxiv_pv1_s20260608_neg_neural_component_b20_50_100_200_per_query.csv,/workspace/jigsaw_pkg/runs/noid_negative_arxiv_v4/results/prod_arxiv_pv1_s20260608_neg_neural_component_b20_50_100_200_per_query.csv,arxiv,arxiv,20260608,arxiv_overlap_best,negative_label,100,hybrid,neural_component,type_feat32,50,0,0,50,0,0,50,0,0,2,0,0.2394740288799994,0.23698875399992403,0.291335201549964,536.42,1100.1,0.0,902.6584774629605,3814.6099852766265,20.42,0.248475,0.7921085181834049,136.5,189.2,198.53,6.460251899998184,59.868507219999856,0.0,0,0,0,0,0,0,0,0,0,0,query_payload_v1_negative_rerun_2026-08-01,50,0,,0,1,0,50,0,0.05986850722,0.0064602519,0.2394740288799994,536.42,,,,,,,,0,,,,,,,,,,,,,,,,,,,,,,,,,,,,,,,,,,,,,,,,,,,,,,,,,,,,,,,,,,,,,,,,,,,,,,,,,,,,,,,,,,,,,,,,,,,,,,,0.04,0,0,0,0,0,0,0,0,0,0,0,0,0,0,0,0,0,0,0,0,0,query_payload_v1
/workspace/jigsaw_pkg/runs/noid_negative_arxiv_v4/results/prod_arxiv_pv1_s20260608_neg_neural_component_b20_50_100_200_per_query.csv,/workspace/jigsaw_pkg/runs/noid_negative_arxiv_v4/results/prod_arxiv_pv1_s20260608_neg_neural_component_b20_50_100_200_per_query.csv,arxiv,arxiv,20260608,arxiv_overlap_best,negative_structure,20,hybrid,neural_component,type_feat32,50,0,0,50,0,0,50,0,0,50,0,0.2922243785399701,0.2682552069999815,0.39870080529987595,24.92,65.19999999999999,19.88,9524.99393506494,42975.73875442071,5.84,0.09019999999999996,0.8679053724053728,65.5,150.29999999999998,167.19999999999996,4.7798996999995325,65.63080039499823,7.425294239994287,0,0,0,0,0,0,0,0,0,0,query_payload_v1_negative_rerun_2026-08-01,50,0,,0,1,0,50,0.00742529423999,0.065630800395,0.0047798997,0.2922243785399701,24.92,,,,,,,,0,,,,,,,,,,,,,,,,,,,,,,,,,,,,,,,,,,,,,,,,,,,,,,,,,,,,,,,,,,,,,,,,,,,,,,,,,,,,,,,,,,,,,,,,,,,,,,,1,0,0,0,0,0,0,0,0,0,0,0,0,0,0,0,0,0,0,0,0,0,query_payload_v1
/workspace/jigsaw_pkg/runs/noid_negative_arxiv_v4/results/prod_arxiv_pv1_s20260608_neg_neural_component_b20_50_100_200_per_query.csv,/workspace/jigsaw_pkg/runs/noid_negative_arxiv_v4/results/prod_arxiv_pv1_s20260608_neg_neural_component_b20_50_100_200_per_query.csv,arxiv,arxiv,20260608,arxiv_overlap_best,negative_structure,50,hybrid,neural_component,type_feat32,50,0,0,50,0,0,50,0,0,50,0,0.3303115107999929,0.2985906969999519,0.4448717023499341,75.4,227.09999999999997,50.2,3360.6992799681234,9496.036458436984,11.3,0.170975,0.870694233017174,81.0,155.39999999999998,172.01999999999998,5.844877719996475,70.57096806000345,12.006909639994774,0,0,0,0,0,0,0,0,0,0,query_payload_v1_negative_rerun_2026-08-01,50,0,,0,1,0,50,0.01200690964,0.07057096806,0.00584487772,0.3303115107999929,75.4,,,,,,,,0,,,,,,,,,,,,,,,,,,,,,,,,,,,,,,,,,,,,,,,,,,,,,,,,,,,,,,,,,,,,,,,,,,,,,,,,,,,,,,,,,,,,,,,,,,,,,,,1,0,0,0,0,0,0,0,0,0,0,0,0,0,0,0,0,0,0,0,0,0,query_payload_v1
/workspace/jigsaw_pkg/runs/noid_negative_arxiv_v4/results/prod_arxiv_pv1_s20260608_neg_neural_component_b20_50_100_200_per_query.csv,/workspace/jigsaw_pkg/runs/noid_negative_arxiv_v4/results/prod_arxiv_pv1_s20260608_neg_neural_component_b20_50_100_200_per_query.csv,arxiv,arxiv,20260608,arxiv_overlap_best,negative_structure,100,hybrid,neural_component,type_feat32,50,0,0,50,0,0,50,0,0,50,0,0.3000981604399931,0.2938103584999112,0.35745696930001136,178.38,587.4999999999998,100.14,1688.4773943640505,4527.1203493215735,21.08,0.27760000000000007,0.8289074859100853,127.5,185.2,195.57,6.549109099994439,58.895796095000044,16.128744014998233,0,0,0,0,0,0,0,0,0,0,query_payload_v1_negative_rerun_2026-08-01,50,0,,0,1,0,50,0.016128744015,0.058895796095,0.00654910909999,0.3000981604399931,178.38,,,,,,,,0,,,,,,,,,,,,,,,,,,,,,,,,,,,,,,,,,,,,,,,,,,,,,,,,,,,,,,,,,,,,,,,,,,,,,,,,,,,,,,,,,,,,,,,,,,,,,,,1,0,0,0,0,0,0,0,0,0,0,0,0,0,0,0,0,0,0,0,0,0,query_payload_v1
runs\logs\crm_results_dir\production_benchmark_summary.csv,runs\logs\crm_results_dir\results\prod_arxiv_s20260608_q50_types_all_sizes20_50_100_mean_feature_component_b20_50_100_200_per_query.csv,arxiv,arxiv,20260608,arxiv,single,20,mean_feature,mean_feature_component,type_feat32,50,50,50,0,50,0,0,0,0,50,0,0.11992159420000036,0.09645869399999185,0.22826358829998616,25.98,79.04999999999991,19.84,8967.115047619047,81804.16829898213,1.0,0.03775,0.8333333333333334,1.0,36.19999999999999,81.55999999999989,5.3568378833344825,83.33511831666674,16.599543516666888,0,0,0,43,5,1,1,0,0,0,,,,,,,,,,,,,,,,,,,,,,,,,,,,,,,,,,,,,,,,,,,,,,,,,,,,,,,,,,,,,,,,,,,,,,,,,,,,,,,,,,,,,,,,,,,,,,,,,,,,,,,,,,,,,,,,,,,,,,0,0,0,0,0,0,43,43,5,48,1,49,1,50,0,50,0,50,0,50,legacy_planted_id_v0_audited_equivalent_to_query_payload_v1
runs\logs\crm_results_dir\production_benchmark_summary.csv,runs\logs\crm_results_dir\results\prod_arxiv_s20260608_q50_types_all_sizes20_50_100_mean_feature_component_b20_50_100_200_per_query.csv,arxiv,arxiv,20260608,arxiv,single,50,mean_feature,mean_feature_component,type_feat32,50,50,50,0,50,0,0,0,0,50,0,0.10893157284000039,0.09923561649998192,0.13048343664997758,51.92,58.14999999999996,50.18,3365.4015855392154,9663.325380000957,1.0,0.045849056603773586,0.9433962264150944,1.0,10.649999999999991,53.63999999999987,5.3353874151014224,76.56914826415144,26.19648649056592,0,0,0,48,1,1,0,0,0,0,,,,,,,,,,,,,,,,,,,,,,,,,,,,,,,,,,,,,,,,,,,,,,,,,,,,,,,,,,,,,,,,,,,,,,,,,,,,,,,,,,,,,,,,,,,,,,,,,,,,,,,,,,,,,,,,,,,,,,0,0,0,0,0,0,48,48,1,49,1,50,0,50,0,50,0,50,0,50,legacy_planted_id_v0_audited_equivalent_to_query_payload_v1
runs\logs\crm_results_dir\production_benchmark_summary.csv,runs\logs\crm_results_dir\results\prod_arxiv_s20260608_q50_types_all_sizes20_50_100_mean_feature_component_b20_50_100_200_per_query.csv,arxiv,arxiv,20260608,arxiv,single,100,mean_feature,mean_feature_component,type_feat32,50,50,50,0,50,0,0,0,0,50,0,0.1486027156199941,0.13310058400000457,0.21565173164996423,111.22,179.09999999999965,100.18,1682.8591806384345,4323.50650063629,1.0,0.043454545454545454,0.9090909090909091,1.0,20.749999999999986,76.27999999999994,5.577592963633875,93.35497119999239,41.7384066363659,0,0,0,47,1,2,0,0,0,0,,,,,,,,,,,,,,,,,,,,,,,,,,,,,,,,,,,,,,,,,,,,,,,,,,,,,,,,,,,,,,,,,,,,,,,,,,,,,,,,,,,,,,,,,,,,,,,,,,,,,,,,,,,,,,,,,,,,,,0,0,0,0,0,0,47,47,1,48,2,50,0,50,0,50,0,50,0,50,legacy_planted_id_v0_audited_equivalent_to_query_payload_v1
corrected_connected_rerun::prod_arxiv_connected_mf_mc_s20260608_q50_types_multi_fine_multi_coarse_sizes20_50_100_mean_feature_component_b20_50_100_200_per_query.csv,runs/lcr_arxiv_v3/results/prod_arxiv_connected_mf_mc_s20260608_q50_types_multi_fine_multi_coarse_sizes20_50_100_mean_feature_component_b20_50_100_200_per_query.csv,arxiv,arxiv,20260608,arxiv,multi_fine,20,mean_feature,mean_feature_component,type_feat32,50,50,50,0,50,0,0,0,0,50,0,0.09295043339997391,0.08742668050001612,0.15261683145002958,20.06,20.549999999999997,20.06,8442.958142857144,31202.475251314914,1.0,0.05,1.0,1.0,4.549999999999997,11.589999999999982,0.29347538000365603,81.83875533999526,11.111678059978658,0,0,0,50,0,0,0,0,0,0,,,,,,,,,,,,,,,,,,,,,,,,,,,,,,,,,,,,,,,,,,,,,,,,,,,,,,,,,,,,,,,,,,,,,,,,,,,,,,,,,,,,,,,,,,,,,,,,,,,,,,,,,,,,,,,,,,,,,,0,0,0,0,0,0,50,50,0,50,0,50,0,50,0,50,0,50,0,50,legacy_planted_id_v0_audited_equivalent_to_query_payload_v1
corrected_connected_rerun::prod_arxiv_connected_mf_mc_s20260608_q50_types_multi_fine_multi_coarse_sizes20_50_100_mean_feature_component_b20_50_100_200_per_query.csv,runs/lcr_arxiv_v3/results/prod_arxiv_connected_mf_mc_s20260608_q50_types_multi_fine_multi_coarse_sizes20_50_100_mean_feature_component_b20_50_100_200_per_query.csv,arxiv,arxiv,20260608,arxiv,multi_fine,50,mean_feature,mean_feature_component,type_feat32,50,50,50,0,50,0,0,0,0,50,0,0.10986758111998825,0.09748784399982924,0.18188009984983178,50.44,51.0,50.14,3360.914683029074,10350.615100278364,1.0,0.05,1.0,1.0,3.0999999999999943,8.569999999999986,0.30876152000928414,89.28966467999544,20.577916439992805,0,0,0,50,0,0,0,0,0,0,,,,,,,,,,,,,,,,,,,,,,,,,,,,,,,,,,,,,,,,,,,,,,,,,,,,,,,,,,,,,,,,,,,,,,,,,,,,,,,,,,,,,,,,,,,,,,,,,,,,,,,,,,,,,,,,,,,,,,0,0,0,0,0,0,50,50,0,50,0,50,0,50,0,50,0,50,0,50,legacy_planted_id_v0_audited_equivalent_to_query_payload_v1
corrected_connected_rerun::prod_arxiv_connected_mf_mc_s20260608_q50_types_multi_fine_multi_coarse_sizes20_50_100_mean_feature_component_b20_50_100_200_per_query.csv,runs/lcr_arxiv_v3/results/prod_arxiv_connected_mf_mc_s20260608_q50_types_multi_fine_multi_coarse_sizes20_50_100_mean_feature_component_b20_50_100_200_per_query.csv,arxiv,arxiv,20260608,arxiv,multi_fine,100,mean_feature,mean_feature_component,type_feat32,50,50,50,0,50,0,0,0,0,50,0,0.12886249081999723,0.12390147450003042,0.17652625930004429,100.04,101.0,99.98,1692.7866396227378,3896.7436561266554,1.0,0.05,1.0,1.0,2.0,6.569999999999986,0.31599680002727837,92.30216480000308,36.560326019994136,0,0,0,50,0,0,0,0,0,0,,,,,,,,,,,,,,,,,,,,,,,,,,,,,,,,,,,,,,,,,,,,,,,,,,,,,,,,,,,,,,,,,,,,,,,,,,,,,,,,,,,,,,,,,,,,,,,,,,,,,,,,,,,,,,,,,,,,,,0,0,0,0,0,0,50,50,0,50,0,50,0,50,0,50,0,50,0,50,legacy_planted_id_v0_audited_equivalent_to_query_payload_v1
runs\logs\crm_results_dir\production_benchmark_summary.csv,runs\logs\crm_results_dir\results\prod_arxiv_s20260608_q50_types_all_sizes20_50_100_mean_feature_component_b20_50_100_200_per_query.csv,arxiv,arxiv,20260608,arxiv,k_hop,20,mean_feature,mean_feature_component,type_feat32,50,50,50,0,50,0,0,0,0,50,0,0.13583824409999978,0.09639224300002525,0.43027100240002186,27.08,71.74999999999999,19.78,8630.010971291866,49766.41855400841,5.76,0.15161290322580645,0.6855327468230693,55.5,127.49999999999997,150.57,5.516213451612419,93.36715849999857,16.179812548388337,0,0,0,44,2,2,2,0,0,0,,,,,,,,,,,,,,,,,,,,,,,,,,,,,,,,,,,,,,,,,,,,,,,,,,,,,,,,,,,,,,,,,,,,,,,,,,,,,,,,,,,,,,,,,,,,,,,,,,,,,,,,,,,,,,,,,,,,,,0,0,0,0,0,0,44,44,2,46,2,48,2,50,0,50,0,50,0,50,legacy_planted_id_v0_audited_equivalent_to_query_payload_v1
runs\logs\crm_results_dir\production_benchmark_summary.csv,runs\logs\crm_results_dir\results\prod_arxiv_s20260608_q50_types_all_sizes20_50_100_mean_feature_component_b20_50_100_200_per_query.csv,arxiv,arxiv,20260608,arxiv,k_hop,50,mean_feature,mean_feature_component,type_feat32,50,50,50,0,50,0,0,0,0,50,0,0.19279983800000308,0.11860830099999475,0.4788098558499939,118.74,351.3499999999998,50.22,3359.7539302018245,11449.25554827378,15.04,0.2996103896103896,0.6427950926311563,101.5,165.84999999999997,179.11999999999998,5.250166493504088,107.39786902597452,17.796830974027493,0,0,0,32,11,5,2,0,0,0,,,,,,,,,,,,,,,,,,,,,,,,,,,,,,,,,,,,,,,,,,,,,,,,,,,,,,,,,,,,,,,,,,,,,,,,,,,,,,,,,,,,,,,,,,,,,,,,,,,,,,,,,,,,,,,,,,,,,,0,0,0,0,0,0,32,32,11,43,5,48,2,50,0,50,0,50,0,50,legacy_planted_id_v0_audited_equivalent_to_query_payload_v1
runs\logs\crm_results_dir\production_benchmark_summary.csv,runs\logs\crm_results_dir\results\prod_arxiv_s20260608_q50_types_all_sizes20_50_100_mean_feature_component_b20_50_100_200_per_query.csv,arxiv,arxiv,20260608,arxiv,k_hop,100,mean_feature,mean_feature_component,type_feat32,50,50,50,0,50,0,0,0,0,50,0,0.28770187430000194,0.15067464050000012,0.8322172848999911,248.96,646.8999999999999,100.34,1683.797917552804,4651.9494608644845,24.2,0.4023333333333333,0.6060962293522679,137.5,188.0,191.52999999999997,5.49878499999876,134.70867620000223,25.125698411109926,0,0,0,29,8,7,6,0,0,0,,,,,,,,,,,,,,,,,,,,,,,,,,,,,,,,,,,,,,,,,,,,,,,,,,,,,,,,,,,,,,,,,,,,,,,,,,,,,,,,,,,,,,,,,,,,,,,,,,,,,,,,,,,,,,,,,,,,,,0,0,0,0,0,0,29,29,8,37,7,44,6,50,0,50,0,50,0,50,legacy_planted_id_v0_audited_equivalent_to_query_payload_v1
runs\logs\crm_results_dir\production_benchmark_summary.csv,runs\logs\crm_results_dir\results\prod_arxiv_s20260608_q50_types_all_sizes20_50_100_mean_feature_component_b20_50_100_200_per_query.csv,arxiv,arxiv,20260608,arxiv,degree_k_hop,20,mean_feature,mean_feature_component,type_feat32,50,50,50,0,50,0,0,0,0,50,0,0.13461870632,0.08698726200000806,0.4208536240500008,29.18,72.49999999999997,20.32,8357.821033813034,53954.3725513213,5.84,0.1459230769230769,0.670525969756739,53.0,164.75,172.07999999999998,5.394392723078367,88.71199344615485,14.840857569229753,0,0,0,40,6,3,1,0,0,0,,,,,,,,,,,,,,,,,,,,,,,,,,,,,,,,,,,,,,,,,,,,,,,,,,,,,,,,,,,,,,,,,,,,,,,,,,,,,,,,,,,,,,,,,,,,,,,,,,,,,,,,,,,,,,,,,,,,,,0,0,0,0,0,0,40,40,6,46,3,49,1,50,0,50,0,50,0,50,legacy_planted_id_v0_audited_equivalent_to_query_payload_v1
runs\logs\crm_results_dir\production_benchmark_summary.csv,runs\logs\crm_results_dir\results\prod_arxiv_s20260608_q50_types_all_sizes20_50_100_mean_feature_component_b20_50_100_200_per_query.csv,arxiv,arxiv,20260608,arxiv,degree_k_hop,50,mean_feature,mean_feature_component,type_feat32,50,50,50,0,50,0,0,0,0,50,0,0.23462252183999566,0.11838086550000071,0.6514522555999369,136.84,405.1,50.14,3373.7796399840636,11177.505154614135,14.68,0.2904651162790698,0.652540015170475,98.5,197.0,199.0,5.472130279072243,119.52037184883514,16.88807108139491,0,0,0,30,7,10,3,0,0,0,,,,,,,,,,,,,,,,,,,,,,,,,,,,,,,,,,,,,,,,,,,,,,,,,,,,,,,,,,,,,,,,,,,,,,,,,,,,,,,,,,,,,,,,,,,,,,,,,,,,,,,,,,,,,,,,,,,,,,0,0,0,0,0,0,30,30,7,37,10,47,3,50,0,50,0,50,0,50,legacy_planted_id_v0_audited_equivalent_to_query_payload_v1
runs\logs\crm_results_dir\production_benchmark_summary.csv,runs\logs\crm_results_dir\results\prod_arxiv_s20260608_q50_types_all_sizes20_50_100_mean_feature_component_b20_50_100_200_per_query.csv,arxiv,arxiv,20260608,arxiv,degree_k_hop,100,mean_feature,mean_feature_component,type_feat32,50,50,50,0,50,0,0,0,0,50,0,0.2383551052400037,0.15714749899998992,0.5288975462500445,225.38,678.9499999999998,100.16,1689.4321170133803,4567.18069894874,22.16,0.39737179487179486,0.5774303155952688,134.0,187.0,192.55,5.747278974345486,121.7163118717938,31.075422256413695,0,0,0,29,16,3,2,0,0,0,,,,,,,,,,,,,,,,,,,,,,,,,,,,,,,,,,,,,,,,,,,,,,,,,,,,,,,,,,,,,,,,,,,,,,,,,,,,,,,,,,,,,,,,,,,,,,,,,,,,,,,,,,,,,,,,,,,,,,0,0,0,0,0,0,29,29,16,45,3,48,2,50,0,50,0,50,0,50,legacy_planted_id_v0_audited_equivalent_to_query_payload_v1
runs\logs\crm_results_dir\production_benchmark_summary.csv,runs\logs\crm_results_dir\results\prod_arxiv_s20260608_q50_types_all_sizes20_50_100_mean_feature_component_b20_50_100_200_per_query.csv,arxiv,arxiv,20260608,arxiv,random_walk,20,mean_feature,mean_feature_component,type_feat32,50,50,50,0,50,0,0,0,0,50,0,0.21988161003999948,0.180610777499993,0.448151643100006,59.12,177.0,19.98,8488.970106442577,42850.33829230645,7.48,0.15711111111111112,0.6795671612338279,81.0,154.64999999999998,164.64999999999998,5.511741022218391,110.93948117777663,11.216968844445319,0,0,0,24,14,10,2,0,0,0,,,,,,,,,,,,,,,,,,,,,,,,,,,,,,,,,,,,,,,,,,,,,,,,,,,,,,,,,,,,,,,,,,,,,,,,,,,,,,,,,,,,,,,,,,,,,,,,,,,,,,,,,,,,,,,,,,,,,,0,0,0,0,0,0,24,24,14,38,10,48,2,50,0,50,0,50,0,50,legacy_planted_id_v0_audited_equivalent_to_query_payload_v1
runs\logs\crm_results_dir\production_benchmark_summary.csv,runs\logs\crm_results_dir\results\prod_arxiv_s20260608_q50_types_all_sizes20_50_100_mean_feature_component_b20_50_100_200_per_query.csv,arxiv,arxiv,20260608,arxiv,random_walk,50,mean_feature,mean_feature_component,type_feat32,50,50,50,0,50,0,0,0,0,50,0,0.4439833281799997,0.45661352550001766,0.7995712101499975,220.38,413.1,50.3,3394.7415100193925,12940.929067785597,14.66,0.20184782608695653,0.6510494245376127,115.5,185.1,195.04,5.427286137680898,150.53830902898474,10.325215673913712,0,0,0,7,8,25,10,0,0,0,,,,,,,,,,,,,,,,,,,,,,,,,,,,,,,,,,,,,,,,,,,,,,,,,,,,,,,,,,,,,,,,,,,,,,,,,,,,,,,,,,,,,,,,,,,,,,,,,,,,,,,,,,,,,,,,,,,,,,0,0,0,0,0,0,7,7,8,15,25,40,10,50,0,50,0,50,0,50,legacy_planted_id_v0_audited_equivalent_to_query_payload_v1
runs\logs\crm_results_dir\production_benchmark_summary.csv,runs\logs\crm_results_dir\results\prod_arxiv_s20260608_q50_types_all_sizes20_50_100_mean_feature_component_b20_50_100_200_per_query.csv,arxiv,arxiv,20260608,arxiv,random_walk,100,mean_feature,mean_feature_component,type_feat32,50,50,50,0,50,0,0,0,0,50,0,0.6937422155199954,0.7978850119999947,0.9929748473499755,580.1,918.65,100.78,1681.3810265416823,4658.496287295703,29.0,0.29848214285714286,0.6291577862618788,136.0,192.1,197.53,5.951641107145295,191.49570481547633,14.975192660712773,0,0,0,1,7,15,27,0,0,0,,,,,,,,,,,,,,,,,,,,,,,,,,,,,,,,,,,,,,,,,,,,,,,,,,,,,,,,,,,,,,,,,,,,,,,,,,,,,,,,,,,,,,,,,,,,,,,,,,,,,,,,,,,,,,,,,,,,,,0,0,0,0,0,0,1,1,7,8,15,23,27,50,0,50,0,50,0,50,legacy_planted_id_v0_audited_equivalent_to_query_payload_v1
corrected_connected_rerun::prod_arxiv_connected_mf_mc_s20260608_q50_types_multi_fine_multi_coarse_sizes20_50_100_mean_feature_component_b20_50_100_200_per_query.csv,runs/lcr_arxiv_v3/results/prod_arxiv_connected_mf_mc_s20260608_q50_types_multi_fine_multi_coarse_sizes20_50_100_mean_feature_component_b20_50_100_200_per_query.csv,arxiv,arxiv,20260608,arxiv,multi_coarse,20,mean_feature,mean_feature_component,type_feat32,50,50,50,0,50,0,0,0,0,50,0,0.45501187399998344,0.4714763989996982,0.894960458499952,90.28,213.64999999999998,20.0,8469.837984126983,46009.10981056219,3.44,0.05108527131782946,0.6458656330749354,68.5,176.99999999999994,191.58999999999997,0.28398467442591285,172.3966003178195,3.9645911550423074,0,0,0,11,13,12,14,0,0,0,,,,,,,,,,,,,,,,,,,,,,,,,,,,,,,,,,,,,,,,,,,,,,,,,,,,,,,,,,,,,,,,,,,,,,,,,,,,,,,,,,,,,,,,,,,,,,,,,,,,,,,,,,,,,,,,,,,,,,0,0,0,0,0,0,11,11,13,24,12,36,14,50,0,50,0,50,0,50,legacy_planted_id_v0_audited_equivalent_to_query_payload_v1
corrected_connected_rerun::prod_arxiv_connected_mf_mc_s20260608_q50_types_multi_fine_multi_coarse_sizes20_50_100_mean_feature_component_b20_50_100_200_per_query.csv,runs/lcr_arxiv_v3/results/prod_arxiv_connected_mf_mc_s20260608_q50_types_multi_fine_multi_coarse_sizes20_50_100_mean_feature_component_b20_50_100_200_per_query.csv,arxiv,arxiv,20260608,arxiv,multi_coarse,50,mean_feature,mean_feature_component,type_feat32,50,50,50,0,50,0,0,0,0,50,0,0.5041855383199936,0.5034317590000228,0.9359886897998877,252.48,480.9499999999999,50.04,3375.5270569682575,11299.75619491746,4.22,0.07007462686567165,0.7083333333333334,64.5,160.29999999999998,173.68999999999997,0.2962790372972694,180.96543053730554,7.163501671647309,0,0,0,8,12,18,12,0,0,0,,,,,,,,,,,,,,,,,,,,,,,,,,,,,,,,,,,,,,,,,,,,,,,,,,,,,,,,,,,,,,,,,,,,,,,,,,,,,,,,,,,,,,,,,,,,,,,,,,,,,,,,,,,,,,,,,,,,,,0,0,0,0,0,0,8,8,12,20,18,38,12,50,0,50,0,50,0,50,legacy_planted_id_v0_audited_equivalent_to_query_payload_v1
corrected_connected_rerun::prod_arxiv_connected_mf_mc_s20260608_q50_types_multi_fine_multi_coarse_sizes20_50_100_mean_feature_component_b20_50_100_200_per_query.csv,runs/lcr_arxiv_v3/results/prod_arxiv_connected_mf_mc_s20260608_q50_types_multi_fine_multi_coarse_sizes20_50_100_mean_feature_component_b20_50_100_200_per_query.csv,arxiv,arxiv,20260608,arxiv,multi_coarse,100,mean_feature,mean_feature_component,type_feat32,50,50,50,0,50,0,0,0,0,50,0,0.6488642825600346,0.6042416200000389,1.0250819344500655,520.9,980.4499999999994,100.7,1670.1542662455229,4619.54870883022,4.46,0.062099999999999995,0.6851111111111111,94.5,184.1,194.1,0.3122282533134542,204.77175068000784,11.516343506670333,0,0,0,5,11,13,21,0,0,0,,,,,,,,,,,,,,,,,,,,,,,,,,,,,,,,,,,,,,,,,,,,,,,,,,,,,,,,,,,,,,,,,,,,,,,,,,,,,,,,,,,,,,,,,,,,,,,,,,,,,,,,,,,,,,,,,,,,,,0,0,0,0,0,0,5,5,11,16,13,29,21,50,0,50,0,50,0,50,legacy_planted_id_v0_audited_equivalent_to_query_payload_v1
/workspace/jigsaw_pkg/runs/noid_negative_arxiv_v4/results/prod_arxiv_pv1_s20260608_neg_mean_feature_component_b20_50_100_200_per_query.csv,/workspace/jigsaw_pkg/runs/noid_negative_arxiv_v4/results/prod_arxiv_pv1_s20260608_neg_mean_feature_component_b20_50_100_200_per_query.csv,arxiv,arxiv,20260608,arxiv,negative_label,20,mean_feature,mean_feature_component,type_feat32,50,0,0,50,0,0,50,0,0,1,0,0.18326339462000987,0.15979756449996785,0.27300990225017474,149.46,356.54999999999995,0.0,21431.5558819008,121626.3197779449,6.4,0.026049999999999976,0.4436274868921929,161.5,200.0,200.0,0.2541223399998671,45.81584865500246,0.0,0,0,0,0,0,0,0,0,0,0,query_payload_v1_negative_rerun_2026-08-01,50,0,,0,1,0,50,0,0.045815848655,0.00025412234,0.18326339462000987,149.46,,,,,,,,0,,,,,,,,,,,,,,,,,,,,,,,,,,,,,,,,,,,,,,,,,,,,,,,,,,,,,,,,,,,,,,,,,,,,,,,,,,,,,,,,,,,,,,,,,,,,,,,0.02,0,0,0,0,0,0,0,0,0,0,0,0,0,0,0,0,0,0,0,0,0,query_payload_v1
/workspace/jigsaw_pkg/runs/noid_negative_arxiv_v4/results/prod_arxiv_pv1_s20260608_neg_mean_feature_component_b20_50_100_200_per_query.csv,/workspace/jigsaw_pkg/runs/noid_negative_arxiv_v4/results/prod_arxiv_pv1_s20260608_neg_mean_feature_component_b20_50_100_200_per_query.csv,arxiv,arxiv,20260608,arxiv,negative_label,50,mean_feature,mean_feature_component,type_feat32,50,0,0,50,0,0,50,0,0,1,0,0.1836702317599952,0.1716366705000496,0.2738670979998346,307.78,611.4499999999999,0.0,6272.590514466857,79937.14118988537,12.64,0.05304999999999996,0.47522413558663573,187.0,200.0,200.0,0.25764134000155536,45.91755793999881,0.0,0,0,0,0,0,0,0,0,0,0,query_payload_v1_negative_rerun_2026-08-01,50,0,,0,1,0,50,0,0.04591755794,0.000257641340002,0.1836702317599952,307.78,,,,,,,,0,,,,,,,,,,,,,,,,,,,,,,,,,,,,,,,,,,,,,,,,,,,,,,,,,,,,,,,,,,,,,,,,,,,,,,,,,,,,,,,,,,,,,,,,,,,,,,,0.02,0,0,0,0,0,0,0,0,0,0,0,0,0,0,0,0,0,0,0,0,0,query_payload_v1
/workspace/jigsaw_pkg/runs/noid_negative_arxiv_v4/results/prod_arxiv_pv1_s20260608_neg_mean_feature_component_b20_50_100_200_per_query.csv,/workspace/jigsaw_pkg/runs/noid_negative_arxiv_v4/results/prod_arxiv_pv1_s20260608_neg_mean_feature_component_b20_50_100_200_per_query.csv,arxiv,arxiv,20260608,arxiv,negative_label,100,mean_feature,mean_feature_component,type_feat32,50,0,0,50,0,0,50,0,0,2,0,0.1788791791400081,0.18107500149989164,0.20806948660003285,621.98,1100.1,0.0,3353.40744884932,63879.77822866552,20.42,0.078525,0.44453645070395914,186.0,200.0,200.0,0.2568598000084421,44.71979478500202,0.0,0,0,0,0,0,0,0,0,0,0,query_payload_v1_negative_rerun_2026-08-01,50,0,,0,1,0,50,0,0.044719794785,0.000256859800008,0.1788791791400081,621.98,,,,,,,,0,,,,,,,,,,,,,,,,,,,,,,,,,,,,,,,,,,,,,,,,,,,,,,,,,,,,,,,,,,,,,,,,,,,,,,,,,,,,,,,,,,,,,,,,,,,,,,,0.04,0,0,0,0,0,0,0,0,0,0,0,0,0,0,0,0,0,0,0,0,0,query_payload_v1
/workspace/jigsaw_pkg/runs/noid_negative_arxiv_v4/results/prod_arxiv_pv1_s20260608_neg_mean_feature_component_b20_50_100_200_per_query.csv,/workspace/jigsaw_pkg/runs/noid_negative_arxiv_v4/results/prod_arxiv_pv1_s20260608_neg_mean_feature_component_b20_50_100_200_per_query.csv,arxiv,arxiv,20260608,arxiv,negative_structure,20,mean_feature,mean_feature_component,type_feat32,50,0,0,50,0,0,50,0,0,50,0,0.2536945938800204,0.2617106505002198,0.31956529380011034,29.5,72.14999999999996,19.88,9242.755601731606,49695.65221859568,5.84,0.08419999999999997,0.8325743284493287,61.0,152.55,161.54999999999998,0.278133959996012,55.76651471499816,7.657133755006953,0,0,0,0,0,0,0,0,0,0,query_payload_v1_negative_rerun_2026-08-01,50,0,,0,1,0,50,0.00765713375501,0.055766514715,0.000278133959996,0.2536945938800204,29.5,,,,,,,,0,,,,,,,,,,,,,,,,,,,,,,,,,,,,,,,,,,,,,,,,,,,,,,,,,,,,,,,,,,,,,,,,,,,,,,,,,,,,,,,,,,,,,,,,,,,,,,,1,0,0,0,0,0,0,0,0,0,0,0,0,0,0,0,0,0,0,0,0,0,query_payload_v1
/workspace/jigsaw_pkg/runs/noid_negative_arxiv_v4/results/prod_arxiv_pv1_s20260608_neg_mean_feature_component_b20_50_100_200_per_query.csv,/workspace/jigsaw_pkg/runs/noid_negative_arxiv_v4/results/prod_arxiv_pv1_s20260608_neg_mean_feature_component_b20_50_100_200_per_query.csv,arxiv,arxiv,20260608,arxiv,negative_structure,50,mean_feature,mean_feature_component,type_feat32,50,0,0,50,0,0,50,0,0,50,0,0.23236186840003256,0.22681085050004413,0.29852395340024596,78.62,235.39999999999992,50.2,3365.810557631119,10058.668176564026,11.3,0.16202499999999995,0.8450865049964019,99.5,155.89999999999995,177.60999999999999,0.26115917999504745,47.35174631000632,10.738720790001821,0,0,0,0,0,0,0,0,0,0,query_payload_v1_negative_rerun_2026-08-01,50,0,,0,1,0,50,0.01073872079,0.04735174631,0.000261159179995,0.23236186840003256,78.62,,,,,,,,0,,,,,,,,,,,,,,,,,,,,,,,,,,,,,,,,,,,,,,,,,,,,,,,,,,,,,,,,,,,,,,,,,,,,,,,,,,,,,,,,,,,,,,,,,,,,,,,1,0,0,0,0,0,0,0,0,0,0,0,0,0,0,0,0,0,0,0,0,0,query_payload_v1
/workspace/jigsaw_pkg/runs/noid_negative_arxiv_v4/results/prod_arxiv_pv1_s20260608_neg_mean_feature_component_b20_50_100_200_per_query.csv,/workspace/jigsaw_pkg/runs/noid_negative_arxiv_v4/results/prod_arxiv_pv1_s20260608_neg_mean_feature_component_b20_50_100_200_per_query.csv,arxiv,arxiv,20260608,arxiv,negative_structure,100,mean_feature,mean_feature_component,type_feat32,50,0,0,50,0,0,50,0,0,50,0,0.23558159529999784,0.23454512999995814,0.2995989288499856,234.16,788.9499999999996,100.14,1687.167819480053,4487.457954084811,21.08,0.26125,0.8016331008113459,117.0,191.64999999999998,197.51,0.27188989999558544,43.0342688749971,15.86112995000235,0,0,0,0,0,0,0,0,0,0,query_payload_v1_negative_rerun_2026-08-01,50,0,,0,1,0,50,0.01586112995,0.043034268875,0.000271889899996,0.23558159529999784,234.16,,,,,,,,0,,,,,,,,,,,,,,,,,,,,,,,,,,,,,,,,,,,,,,,,,,,,,,,,,,,,,,,,,,,,,,,,,,,,,,,,,,,,,,,,,,,,,,,,,,,,,,,1,0,0,0,0,0,0,0,0,0,0,0,0,0,0,0,0,0,0,0,0,0,query_payload_v1
runs\logs\crm_results_dir\production_benchmark_summary.csv,runs\logs\crm_results_dir\results\prod_arxiv_s20260608_q50_types_all_sizes20_50_100_mean_rrf_component_b20_50_100_200_per_query.csv,arxiv,arxiv,20260608,arxiv,single,20,coarse_mean_rrf,mean_rrf_component,type_feat32,50,50,50,0,50,0,0,0,0,50,0,0.10841426075999863,0.09209382250000431,0.21987015974999904,23.88,63.39999999999998,19.84,8604.23719047619,116461.28999345268,1.0,0.040877192982456144,0.8771929824561403,4.5,36.099999999999994,68.0,5.592910526315003,77.41969864912234,17.68053008771855,0,0,0,45,3,2,0,0,0,0,,,,,,,,,,,,,,,,,,,,,,,,,,,,,,,,,,,,,,,,,,,,,,,,,,,,,,,,,,,,,,,,,,,,,,,,,,,,,,,,,,,,,,,,,,,,,,,,,,,,,,,,,,,,,,,,,,,,,,0,0,0,0,0,0,45,45,3,48,2,50,0,50,0,50,0,50,0,50,legacy_planted_id_v0_audited_equivalent_to_query_payload_v1
runs\logs\crm_results_dir\production_benchmark_summary.csv,runs\logs\crm_results_dir\results\prod_arxiv_s20260608_q50_types_all_sizes20_50_100_mean_rrf_component_b20_50_100_200_per_query.csv,arxiv,arxiv,20260608,arxiv,single,50,coarse_mean_rrf,mean_rrf_component,type_feat32,50,50,50,0,50,0,0,0,0,50,0,0.11059870065999633,0.10236229449999712,0.1574492718499938,53.1,73.59999999999997,50.18,3364.360227685104,9915.382238993103,1.0,0.044444444444444446,0.9259259259259259,2.5,20.19999999999999,54.06999999999989,5.434721444443211,76.83918648148038,25.56701783333103,0,0,0,47,2,1,0,0,0,0,,,,,,,,,,,,,,,,,,,,,,,,,,,,,,,,,,,,,,,,,,,,,,,,,,,,,,,,,,,,,,,,,,,,,,,,,,,,,,,,,,,,,,,,,,,,,,,,,,,,,,,,,,,,,,,,,,,,,,0,0,0,0,0,0,47,47,2,49,1,50,0,50,0,50,0,50,0,50,legacy_planted_id_v0_audited_equivalent_to_query_payload_v1
runs\logs\crm_results_dir\production_benchmark_summary.csv,runs\logs\crm_results_dir\results\prod_arxiv_s20260608_q50_types_all_sizes20_50_100_mean_rrf_component_b20_50_100_200_per_query.csv,arxiv,arxiv,20260608,arxiv,single,100,coarse_mean_rrf,mean_rrf_component,type_feat32,50,50,50,0,50,0,0,0,0,50,0,0.15260237207999922,0.1319114184999819,0.22954068994998203,114.34,184.4999999999996,100.18,1682.5915715992437,4462.97131223582,1.0,0.04258928571428572,0.8928571428571429,1.0,30.949999999999918,102.05999999999999,5.712157857135684,95.54901994642708,40.70309798214363,0,0,0,47,1,1,1,0,0,0,,,,,,,,,,,,,,,,,,,,,,,,,,,,,,,,,,,,,,,,,,,,,,,,,,,,,,,,,,,,,,,,,,,,,,,,,,,,,,,,,,,,,,,,,,,,,,,,,,,,,,,,,,,,,,,,,,,,,,0,0,0,0,0,0,47,47,1,48,1,49,1,50,0,50,0,50,0,50,legacy_planted_id_v0_audited_equivalent_to_query_payload_v1
corrected_connected_rerun::prod_arxiv_connected_mf_mc_s20260608_q50_types_multi_fine_multi_coarse_sizes20_50_100_mean_rrf_component_b20_50_100_200_per_query.csv,runs/lcr_arxiv_v3/results/prod_arxiv_connected_mf_mc_s20260608_q50_types_multi_fine_multi_coarse_sizes20_50_100_mean_rrf_component_b20_50_100_200_per_query.csv,arxiv,arxiv,20260608,arxiv,multi_fine,20,coarse_mean_rrf,mean_rrf_component,type_feat32,50,50,50,0,50,0,0,0,0,50,0,0.08733566970002357,0.08223928899985822,0.12816495420003088,20.06,20.549999999999997,20.06,8442.958142857144,31202.475251314914,1.0,0.05,1.0,1.0,6.0,6.509999999999998,6.366031859997747,76.417667980013,10.91800172001058,0,0,0,50,0,0,0,0,0,0,,,,,,,,,,,,,,,,,,,,,,,,,,,,,,,,,,,,,,,,,,,,,,,,,,,,,,,,,,,,,,,,,,,,,,,,,,,,,,,,,,,,,,,,,,,,,,,,,,,,,,,,,,,,,,,,,,,,,,0,0,0,0,0,0,50,50,0,50,0,50,0,50,0,50,0,50,0,50,legacy_planted_id_v0_audited_equivalent_to_query_payload_v1
corrected_connected_rerun::prod_arxiv_connected_mf_mc_s20260608_q50_types_multi_fine_multi_coarse_sizes20_50_100_mean_rrf_component_b20_50_100_200_per_query.csv,runs/lcr_arxiv_v3/results/prod_arxiv_connected_mf_mc_s20260608_q50_types_multi_fine_multi_coarse_sizes20_50_100_mean_rrf_component_b20_50_100_200_per_query.csv,arxiv,arxiv,20260608,arxiv,multi_fine,50,coarse_mean_rrf,mean_rrf_component,type_feat32,50,50,50,0,50,0,0,0,0,50,0,0.10915319194000858,0.10102115650011001,0.17619880805003726,50.42,51.0,50.14,3361.9391415892674,10347.173111426637,1.0,0.05,1.0,1.0,2.549999999999997,3.509999999999998,7.516292860009344,88.59570552000605,20.557486420002533,0,0,0,50,0,0,0,0,0,0,,,,,,,,,,,,,,,,,,,,,,,,,,,,,,,,,,,,,,,,,,,,,,,,,,,,,,,,,,,,,,,,,,,,,,,,,,,,,,,,,,,,,,,,,,,,,,,,,,,,,,,,,,,,,,,,,,,,,,0,0,0,0,0,0,50,50,0,50,0,50,0,50,0,50,0,50,0,50,legacy_planted_id_v0_audited_equivalent_to_query_payload_v1
corrected_connected_rerun::prod_arxiv_connected_mf_mc_s20260608_q50_types_multi_fine_multi_coarse_sizes20_50_100_mean_rrf_component_b20_50_100_200_per_query.csv,runs/lcr_arxiv_v3/results/prod_arxiv_connected_mf_mc_s20260608_q50_types_multi_fine_multi_coarse_sizes20_50_100_mean_rrf_component_b20_50_100_200_per_query.csv,arxiv,arxiv,20260608,arxiv,multi_fine,100,coarse_mean_rrf,mean_rrf_component,type_feat32,50,50,50,0,50,0,0,0,0,50,0,0.12521597932001896,0.12350246749997495,0.16924998999991203,100.04,101.0,99.98,1692.7866396227378,3896.7436561266554,1.0,0.05,1.0,1.0,2.0,3.0,8.838214720008182,89.82745290000821,35.38852642001075,0,0,0,50,0,0,0,0,0,0,,,,,,,,,,,,,,,,,,,,,,,,,,,,,,,,,,,,,,,,,,,,,,,,,,,,,,,,,,,,,,,,,,,,,,,,,,,,,,,,,,,,,,,,,,,,,,,,,,,,,,,,,,,,,,,,,,,,,,0,0,0,0,0,0,50,50,0,50,0,50,0,50,0,50,0,50,0,50,legacy_planted_id_v0_audited_equivalent_to_query_payload_v1
runs\logs\crm_results_dir\production_benchmark_summary.csv,runs\logs\crm_results_dir\results\prod_arxiv_s20260608_q50_types_all_sizes20_50_100_mean_rrf_component_b20_50_100_200_per_query.csv,arxiv,arxiv,20260608,arxiv,k_hop,20,coarse_mean_rrf,mean_rrf_component,type_feat32,50,50,50,0,50,0,0,0,0,50,0,0.13162569809999752,0.09588690349998785,0.3401940241999933,30.86,73.55,19.78,8630.010971291866,65214.93717280468,5.76,0.12578125,0.6006003545066045,61.5,153.64999999999998,178.70999999999995,5.624384703128982,88.89070139062439,13.94187524999868,0,0,0,40,7,2,1,0,0,0,,,,,,,,,,,,,,,,,,,,,,,,,,,,,,,,,,,,,,,,,,,,,,,,,,,,,,,,,,,,,,,,,,,,,,,,,,,,,,,,,,,,,,,,,,,,,,,,,,,,,,,,,,,,,,,,,,,,,,0,0,0,0,0,0,40,40,7,47,2,49,1,50,0,50,0,50,0,50,legacy_planted_id_v0_audited_equivalent_to_query_payload_v1
runs\logs\crm_results_dir\production_benchmark_summary.csv,runs\logs\crm_results_dir\results\prod_arxiv_s20260608_q50_types_all_sizes20_50_100_mean_rrf_component_b20_50_100_200_per_query.csv,arxiv,arxiv,20260608,arxiv,k_hop,50,coarse_mean_rrf,mean_rrf_component,type_feat32,50,50,50,0,50,0,0,0,0,50,0,0.22086029710000615,0.11479371049998122,0.7002922922999517,122.84,315.79999999999995,50.12,3362.5411905119668,11225.458434180813,15.04,0.2465697674418605,0.6042225121731182,133.5,181.2,186.57,5.5521848953457384,112.44073582558424,15.966413651163526,0,0,0,29,10,7,4,0,0,0,,,,,,,,,,,,,,,,,,,,,,,,,,,,,,,,,,,,,,,,,,,,,,,,,,,,,,,,,,,,,,,,,,,,,,,,,,,,,,,,,,,,,,,,,,,,,,,,,,,,,,,,,,,,,,,,,,,,,,0,0,0,0,0,0,29,29,10,39,7,46,4,50,0,50,0,50,0,50,legacy_planted_id_v0_audited_equivalent_to_query_payload_v1
runs\logs\crm_results_dir\production_benchmark_summary.csv,runs\logs\crm_results_dir\results\prod_arxiv_s20260608_q50_types_all_sizes20_50_100_mean_rrf_component_b20_50_100_200_per_query.csv,arxiv,arxiv,20260608,arxiv,k_hop,100,coarse_mean_rrf,mean_rrf_component,type_feat32,50,50,50,0,50,0,0,0,0,50,0,0.30984429055998364,0.22301536999998461,0.7803559093999667,281.82,722.75,100.32,1684.1943987096915,4703.930226325599,24.2,0.3438888888888889,0.5698394722338266,147.5,196.0,197.53,5.523972292938064,134.04697815150888,22.440037282826275,0,0,0,24,10,9,7,0,0,0,,,,,,,,,,,,,,,,,,,,,,,,,,,,,,,,,,,,,,,,,,,,,,,,,,,,,,,,,,,,,,,,,,,,,,,,,,,,,,,,,,,,,,,,,,,,,,,,,,,,,,,,,,,,,,,,,,,,,,0,0,0,0,0,0,24,24,10,34,9,43,7,50,0,50,0,50,0,50,legacy_planted_id_v0_audited_equivalent_to_query_payload_v1
runs\logs\crm_results_dir\production_benchmark_summary.csv,runs\logs\crm_results_dir\results\prod_arxiv_s20260608_q50_types_all_sizes20_50_100_mean_rrf_component_b20_50_100_200_per_query.csv,arxiv,arxiv,20260608,arxiv,degree_k_hop,20,coarse_mean_rrf,mean_rrf_component,type_feat32,50,50,50,0,50,0,0,0,0,50,0,0.13804402104000246,0.08554212799998595,0.43422536504998843,29.0,69.49999999999997,20.32,8357.821033813034,48009.999430310425,5.84,0.12088235294117648,0.6007987110928288,69.5,181.54999999999995,195.52999999999997,5.45579325000034,88.10782002941157,13.395136617649056,0,0,0,38,7,4,1,0,0,0,,,,,,,,,,,,,,,,,,,,,,,,,,,,,,,,,,,,,,,,,,,,,,,,,,,,,,,,,,,,,,,,,,,,,,,,,,,,,,,,,,,,,,,,,,,,,,,,,,,,,,,,,,,,,,,,,,,,,,0,0,0,0,0,0,38,38,7,45,4,49,1,50,0,50,0,50,0,50,legacy_planted_id_v0_audited_equivalent_to_query_payload_v1
runs\logs\crm_results_dir\production_benchmark_summary.csv,runs\logs\crm_results_dir\results\prod_arxiv_s20260608_q50_types_all_sizes20_50_100_mean_rrf_component_b20_50_100_200_per_query.csv,arxiv,arxiv,20260608,arxiv,degree_k_hop,50,coarse_mean_rrf,mean_rrf_component,type_feat32,50,50,50,0,50,0,0,0,0,50,0,0.24604159935999748,0.11483098849998896,0.7450089098999881,138.12,452.89999999999975,50.14,3376.3849169071405,11268.772321650318,14.68,0.24323863636363638,0.6016765273241448,117.0,193.29999999999998,197.0,5.542310397727719,123.6687730340917,16.12759023863413,0,0,0,31,6,7,6,0,0,0,,,,,,,,,,,,,,,,,,,,,,,,,,,,,,,,,,,,,,,,,,,,,,,,,,,,,,,,,,,,,,,,,,,,,,,,,,,,,,,,,,,,,,,,,,,,,,,,,,,,,,,,,,,,,,,,,,,,,,0,0,0,0,0,0,31,31,6,37,7,44,6,50,0,50,0,50,0,50,legacy_planted_id_v0_audited_equivalent_to_query_payload_v1
runs\logs\crm_results_dir\production_benchmark_summary.csv,runs\logs\crm_results_dir\results\prod_arxiv_s20260608_q50_types_all_sizes20_50_100_mean_rrf_component_b20_50_100_200_per_query.csv,arxiv,arxiv,20260608,arxiv,degree_k_hop,100,coarse_mean_rrf,mean_rrf_component,type_feat32,50,50,50,0,50,0,0,0,0,50,0,0.24677355886000896,0.16077203099999338,0.5076173501500676,256.64,735.9,100.16,1688.426310502815,4633.525235233894,22.16,0.3443452380952381,0.5293564105738657,144.0,187.64999999999998,199.0,5.680331821425609,120.04513559523862,26.84388753571909,0,0,0,27,14,7,2,0,0,0,,,,,,,,,,,,,,,,,,,,,,,,,,,,,,,,,,,,,,,,,,,,,,,,,,,,,,,,,,,,,,,,,,,,,,,,,,,,,,,,,,,,,,,,,,,,,,,,,,,,,,,,,,,,,,,,,,,,,,0,0,0,0,0,0,27,27,14,41,7,48,2,50,0,50,0,50,0,50,legacy_planted_id_v0_audited_equivalent_to_query_payload_v1
runs\logs\crm_results_dir\production_benchmark_summary.csv,runs\logs\crm_results_dir\results\prod_arxiv_s20260608_q50_types_all_sizes20_50_100_mean_rrf_component_b20_50_100_200_per_query.csv,arxiv,arxiv,20260608,arxiv,random_walk,20,coarse_mean_rrf,mean_rrf_component,type_feat32,50,50,50,0,50,0,0,0,0,50,0,0.26253742425999915,0.22460430450001923,0.6500415557999881,67.78,204.29999999999987,19.98,8480.906154061624,42919.27040574572,7.48,0.11616161616161616,0.582258398167489,110.5,174.1,181.06,6.2323346060622375,122.92910324242368,9.665555474747626,0,0,0,19,16,12,3,0,0,0,,,,,,,,,,,,,,,,,,,,,,,,,,,,,,,,,,,,,,,,,,,,,,,,,,,,,,,,,,,,,,,,,,,,,,,,,,,,,,,,,,,,,,,,,,,,,,,,,,,,,,,,,,,,,,,,,,,,,,0,0,0,0,0,0,19,19,16,35,12,47,3,50,0,50,0,50,0,50,legacy_planted_id_v0_audited_equivalent_to_query_payload_v1
runs\logs\crm_results_dir\production_benchmark_summary.csv,runs\logs\crm_results_dir\results\prod_arxiv_s20260608_q50_types_all_sizes20_50_100_mean_rrf_component_b20_50_100_200_per_query.csv,arxiv,arxiv,20260608,arxiv,random_walk,50,coarse_mean_rrf,mean_rrf_component,type_feat32,50,50,50,0,50,0,0,0,0,50,0,0.46440953716001104,0.4503271629999688,0.7693289870999735,221.74,441.34999999999997,50.3,3404.108607646221,13548.214538969212,14.66,0.1543581081081081,0.5790445614071775,136.5,197.29999999999998,200.0,5.619456506765745,147.2969123108149,9.598201594594238,0,0,0,5,6,25,14,0,0,0,,,,,,,,,,,,,,,,,,,,,,,,,,,,,,,,,,,,,,,,,,,,,,,,,,,,,,,,,,,,,,,,,,,,,,,,,,,,,,,,,,,,,,,,,,,,,,,,,,,,,,,,,,,,,,,,,,,,,,0,0,0,0,0,0,5,5,6,11,25,36,14,50,0,50,0,50,0,50,legacy_planted_id_v0_audited_equivalent_to_query_payload_v1
runs\logs\crm_results_dir\production_benchmark_summary.csv,runs\logs\crm_results_dir\results\prod_arxiv_s20260608_q50_types_all_sizes20_50_100_mean_rrf_component_b20_50_100_200_per_query.csv,arxiv,arxiv,20260608,arxiv,random_walk,100,coarse_mean_rrf,mean_rrf_component,type_feat32,50,50,50,0,50,0,0,0,0,50,0,0.6586733902400022,0.7632795460000068,0.8354267633000404,605.46,1000.0499999999997,100.78,1681.9383470943424,4744.8665680461845,29.0,0.2421875,0.5595048179875707,168.0,198.64999999999998,200.0,5.61649999430681,174.7614340625005,12.361688164772808,0,0,0,0,3,18,29,0,0,0,,,,,,,,,,,,,,,,,,,,,,,,,,,,,,,,,,,,,,,,,,,,,,,,,,,,,,,,,,,,,,,,,,,,,,,,,,,,,,,,,,,,,,,,,,,,,,,,,,,,,,,,,,,,,,,,,,,,,,0,0,0,0,0,0,0,0,3,3,18,21,29,50,0,50,0,50,0,50,legacy_planted_id_v0_audited_equivalent_to_query_payload_v1
corrected_connected_rerun::prod_arxiv_connected_mf_mc_s20260608_q50_types_multi_fine_multi_coarse_sizes20_50_100_mean_rrf_component_b20_50_100_200_per_query.csv,runs/lcr_arxiv_v3/results/prod_arxiv_connected_mf_mc_s20260608_q50_types_multi_fine_multi_coarse_sizes20_50_100_mean_rrf_component_b20_50_100_200_per_query.csv,arxiv,arxiv,20260608,arxiv,multi_coarse,20,coarse_mean_rrf,mean_rrf_component,type_feat32,50,50,50,0,50,0,0,0,0,50,0,0.39055023527997945,0.27810890399996424,0.8809664339999812,79.84,205.74999999999994,20.0,8469.837984126983,44957.2567454417,3.44,0.06158119658119658,0.6881766381766382,60.5,152.04999999999995,177.60999999999999,6.28974356411754,162.42580882050834,4.4760011282008225,0,0,0,15,12,14,9,0,0,0,,,,,,,,,,,,,,,,,,,,,,,,,,,,,,,,,,,,,,,,,,,,,,,,,,,,,,,,,,,,,,,,,,,,,,,,,,,,,,,,,,,,,,,,,,,,,,,,,,,,,,,,,,,,,,,,,,,,,,0,0,0,0,0,0,15,15,12,27,14,41,9,50,0,50,0,50,0,50,legacy_planted_id_v0_audited_equivalent_to_query_payload_v1
corrected_connected_rerun::prod_arxiv_connected_mf_mc_s20260608_q50_types_multi_fine_multi_coarse_sizes20_50_100_mean_rrf_component_b20_50_100_200_per_query.csv,runs/lcr_arxiv_v3/results/prod_arxiv_connected_mf_mc_s20260608_q50_types_multi_fine_multi_coarse_sizes20_50_100_mean_rrf_component_b20_50_100_200_per_query.csv,arxiv,arxiv,20260608,arxiv,multi_coarse,50,coarse_mean_rrf,mean_rrf_component,type_feat32,50,50,50,0,50,0,0,0,0,50,0,0.47642963777995645,0.39247489000013047,1.0145100436999426,229.64,464.1499999999999,50.04,3375.5270569682575,11010.395069697555,4.22,0.07996031746031745,0.7470899470899471,57.0,135.14999999999998,151.58999999999997,7.439015134942955,181.2542172539531,7.805162817458185,0,0,0,10,16,12,12,0,0,0,,,,,,,,,,,,,,,,,,,,,,,,,,,,,,,,,,,,,,,,,,,,,,,,,,,,,,,,,,,,,,,,,,,,,,,,,,,,,,,,,,,,,,,,,,,,,,,,,,,,,,,,,,,,,,,,,,,,,,0,0,0,0,0,0,10,10,16,26,12,38,12,50,0,50,0,50,0,50,legacy_planted_id_v0_audited_equivalent_to_query_payload_v1
corrected_connected_rerun::prod_arxiv_connected_mf_mc_s20260608_q50_types_multi_fine_multi_coarse_sizes20_50_100_mean_rrf_component_b20_50_100_200_per_query.csv,runs/lcr_arxiv_v3/results/prod_arxiv_connected_mf_mc_s20260608_q50_types_multi_fine_multi_coarse_sizes20_50_100_mean_rrf_component_b20_50_100_200_per_query.csv,arxiv,arxiv,20260608,arxiv,multi_coarse,100,coarse_mean_rrf,mean_rrf_component,type_feat32,50,50,50,0,50,0,0,0,0,50,0,0.6392554273999985,0.6238489845001141,1.01329926605016,485.04,922.7499999999999,100.7,1672.0591788567551,4470.41206363317,4.46,0.07482993197278912,0.7470521541950114,92.5,158.55,170.07999999999998,8.644985646290225,205.44890925852346,11.984909585013453,0,0,0,6,13,9,22,0,0,0,,,,,,,,,,,,,,,,,,,,,,,,,,,,,,,,,,,,,,,,,,,,,,,,,,,,,,,,,,,,,,,,,,,,,,,,,,,,,,,,,,,,,,,,,,,,,,,,,,,,,,,,,,,,,,,,,,,,,,0,0,0,0,0,0,6,6,13,19,9,28,22,50,0,50,0,50,0,50,legacy_planted_id_v0_audited_equivalent_to_query_payload_v1
/workspace/jigsaw_pkg/runs/noid_negative_arxiv_v4/results/prod_arxiv_pv1_s20260608_neg_mean_rrf_component_b20_50_100_200_per_query.csv,/workspace/jigsaw_pkg/runs/noid_negative_arxiv_v4/results/prod_arxiv_pv1_s20260608_neg_mean_rrf_component_b20_50_100_200_per_query.csv,arxiv,arxiv,20260608,arxiv_overlap_best,negative_label,20,coarse_mean_rrf,mean_rrf_component,type_feat32,50,0,0,50,0,0,50,0,0,1,0,0.18675927014000307,0.1814987199999223,0.22128783600014115,150.12,356.54999999999995,0.0,5363.611661265042,57640.76537513726,6.4,0.0709499999999999,0.723436804208863,111.0,189.1,195.57,4.9366746200075795,46.68981753500076,0.0,0,0,0,0,0,0,0,0,0,0,query_payload_v1_negative_rerun_2026-08-01,50,0,,0,1,0,50,0,0.046689817535,0.00493667462001,0.18675927014000307,150.12,,,,,,,,0,,,,,,,,,,,,,,,,,,,,,,,,,,,,,,,,,,,,,,,,,,,,,,,,,,,,,,,,,,,,,,,,,,,,,,,,,,,,,,,,,,,,,,,,,,,,,,,0.02,0,0,0,0,0,0,0,0,0,0,0,0,0,0,0,0,0,0,0,0,0,query_payload_v1
/workspace/jigsaw_pkg/runs/noid_negative_arxiv_v4/results/prod_arxiv_pv1_s20260608_neg_mean_rrf_component_b20_50_100_200_per_query.csv,/workspace/jigsaw_pkg/runs/noid_negative_arxiv_v4/results/prod_arxiv_pv1_s20260608_neg_mean_rrf_component_b20_50_100_200_per_query.csv,arxiv,arxiv,20260608,arxiv_overlap_best,negative_label,50,coarse_mean_rrf,mean_rrf_component,type_feat32,50,0,0,50,0,0,50,0,0,1,0,0.1732506198999772,0.16918761799996673,0.21547985400003994,290.52,611.4499999999999,0.0,1985.630873696483,10158.700329282963,12.64,0.1271,0.716256139259777,157.5,196.55,199.51,5.736859279993496,43.3126549749943,0.0,0,0,0,0,0,0,0,0,0,0,query_payload_v1_negative_rerun_2026-08-01,50,0,,0,1,0,50,0,0.043312654975,0.00573685927999,0.1732506198999772,290.52,,,,,,,,0,,,,,,,,,,,,,,,,,,,,,,,,,,,,,,,,,,,,,,,,,,,,,,,,,,,,,,,,,,,,,,,,,,,,,,,,,,,,,,,,,,,,,,,,,,,,,,,0.02,0,0,0,0,0,0,0,0,0,0,0,0,0,0,0,0,0,0,0,0,0,query_payload_v1
/workspace/jigsaw_pkg/runs/noid_negative_arxiv_v4/results/prod_arxiv_pv1_s20260608_neg_mean_rrf_component_b20_50_100_200_per_query.csv,/workspace/jigsaw_pkg/runs/noid_negative_arxiv_v4/results/prod_arxiv_pv1_s20260608_neg_mean_rrf_component_b20_50_100_200_per_query.csv,arxiv,arxiv,20260608,arxiv_overlap_best,negative_label,100,coarse_mean_rrf,mean_rrf_component,type_feat32,50,0,0,50,0,0,50,0,0,2,0,0.15964153393998687,0.15573127700002942,0.1915724910500728,549.78,1100.1,0.0,976.5603336558438,3903.7128910792,20.42,0.18667499999999998,0.6896657403419018,167.5,197.55,200.0,6.933237199996256,39.910383484996714,0.0,0,0,0,0,0,0,0,0,0,0,query_payload_v1_negative_rerun_2026-08-01,50,0,,0,1,0,50,0,0.039910383485,0.0069332372,0.15964153393998687,549.78,,,,,,,,0,,,,,,,,,,,,,,,,,,,,,,,,,,,,,,,,,,,,,,,,,,,,,,,,,,,,,,,,,,,,,,,,,,,,,,,,,,,,,,,,,,,,,,,,,,,,,,,0.04,0,0,0,0,0,0,0,0,0,0,0,0,0,0,0,0,0,0,0,0,0,query_payload_v1
/workspace/jigsaw_pkg/runs/noid_negative_arxiv_v4/results/prod_arxiv_pv1_s20260608_neg_mean_rrf_component_b20_50_100_200_per_query.csv,/workspace/jigsaw_pkg/runs/noid_negative_arxiv_v4/results/prod_arxiv_pv1_s20260608_neg_mean_rrf_component_b20_50_100_200_per_query.csv,arxiv,arxiv,20260608,arxiv_overlap_best,negative_structure,20,coarse_mean_rrf,mean_rrf_component,type_feat32,50,0,0,50,0,0,50,0,0,50,0,0.20792938946004824,0.1908138350001991,0.31358184340018624,24.64,58.649999999999935,19.88,10089.470601731606,48592.87044276133,5.84,0.08744999999999997,0.850312423687424,54.5,138.64999999999998,148.57,5.020041180007411,45.05070313000544,6.931644235006615,0,0,0,0,0,0,0,0,0,0,query_payload_v1_negative_rerun_2026-08-01,50,0,,0,1,0,50,0.00693164423501,0.04505070313,0.00502004118001,0.20792938946004824,24.64,,,,,,,,0,,,,,,,,,,,,,,,,,,,,,,,,,,,,,,,,,,,,,,,,,,,,,,,,,,,,,,,,,,,,,,,,,,,,,,,,,,,,,,,,,,,,,,,,,,,,,,,1,0,0,0,0,0,0,0,0,0,0,0,0,0,0,0,0,0,0,0,0,0,query_payload_v1
/workspace/jigsaw_pkg/runs/noid_negative_arxiv_v4/results/prod_arxiv_pv1_s20260608_neg_mean_rrf_component_b20_50_100_200_per_query.csv,/workspace/jigsaw_pkg/runs/noid_negative_arxiv_v4/results/prod_arxiv_pv1_s20260608_neg_mean_rrf_component_b20_50_100_200_per_query.csv,arxiv,arxiv,20260608,arxiv_overlap_best,negative_structure,50,coarse_mean_rrf,mean_rrf_component,type_feat32,50,0,0,50,0,0,50,0,0,50,0,0.21298447200000056,0.21493068250020997,0.24125557500001948,70.06,198.3499999999999,50.2,3363.2052807080418,9432.193298430073,11.3,0.17017499999999994,0.8663375684035007,79.5,156.79999999999995,179.04,5.73693629999525,43.16326701500031,10.082850984999823,0,0,0,0,0,0,0,0,0,0,query_payload_v1_negative_rerun_2026-08-01,50,0,,0,1,0,50,0.010082850985,0.043163267015,0.0057369363,0.21298447200000056,70.06,,,,,,,,0,,,,,,,,,,,,,,,,,,,,,,,,,,,,,,,,,,,,,,,,,,,,,,,,,,,,,,,,,,,,,,,,,,,,,,,,,,,,,,,,,,,,,,,,,,,,,,,1,0,0,0,0,0,0,0,0,0,0,0,0,0,0,0,0,0,0,0,0,0,query_payload_v1
/workspace/jigsaw_pkg/runs/noid_negative_arxiv_v4/results/prod_arxiv_pv1_s20260608_neg_mean_rrf_component_b20_50_100_200_per_query.csv,/workspace/jigsaw_pkg/runs/noid_negative_arxiv_v4/results/prod_arxiv_pv1_s20260608_neg_mean_rrf_component_b20_50_100_200_per_query.csv,arxiv,arxiv,20260608,arxiv_overlap_best,negative_structure,100,coarse_mean_rrf,mean_rrf_component,type_feat32,50,0,0,50,0,0,50,0,0,50,0,0.2281278290600244,0.2279741595000928,0.26007380855007795,190.16,578.4499999999998,100.14,1687.50315215332,4525.666359338236,21.08,0.27310000000000006,0.8215341152366009,112.5,189.59999999999997,196.01999999999998,6.980072000010296,41.83274274499695,15.19921452000915,0,0,0,0,0,0,0,0,0,0,query_payload_v1_negative_rerun_2026-08-01,50,0,,0,1,0,50,0.01519921452,0.041832742745,0.00698007200001,0.2281278290600244,190.16,,,,,,,,0,,,,,,,,,,,,,,,,,,,,,,,,,,,,,,,,,,,,,,,,,,,,,,,,,,,,,,,,,,,,,,,,,,,,,,,,,,,,,,,,,,,,,,,,,,,,,,,1,0,0,0,0,0,0,0,0,0,0,0,0,0,0,0,0,0,0,0,0,0,query_payload_v1
runs\lightning_completion\jigsaw-arxiv-random-topo-filterall-gcp-cpux8-v2-resume\summary.csv,C:\Users\Swastik\Desktop\Jigsaw\runs\lightning_completion\jigsaw-arxiv-random-topo-filterall-gcp-cpux8-v2-resume\results\prod_arxiv_fill_rtf_s20260608_q50_types_all_sizes20_50_100_topo_feature_component_b20_50_100_200_per_query.csv,arxiv,arxiv,20260608,arxiv,single,20,topo_feature,topo_feature_component,type_feat32,50,50,50,0,50,0,0,0,0,50,0,0.4894743459600159,0.45905763600012506,0.8186555637000877,70.16,177.19999999999993,19.84,13689.184169968921,166290.2170373011,1.0,0.0048630136986301375,0.3219178082191781,92.5,181.0,194.11999999999998,0.2502955616433012,164.4681681027344,3.160032568503894,0,0,0,6,8,20,16,0,0,0,,,,,,,,,,,,,,,,,,,,,,,,,,,,,,,,,,,,,,,,,,,,,,,,,,,,,,,,,,,,,,,,,,,,,,,,,,,,,,,,,,,,,,,,,,,,,,,,,,,,,,,,,,,,,,,,,,,,,,0,0,0,0,0,0,6,6,8,14,20,34,16,50,0,50,0,50,0,50,legacy_planted_id_v0_audited_equivalent_to_query_payload_v1
runs\lightning_completion\jigsaw-arxiv-random-topo-filterall-gcp-cpux8-v2-resume\summary.csv,C:\Users\Swastik\Desktop\Jigsaw\runs\lightning_completion\jigsaw-arxiv-random-topo-filterall-gcp-cpux8-v2-resume\results\prod_arxiv_fill_rtf_s20260608_q50_types_all_sizes20_50_100_topo_feature_component_b20_50_100_200_per_query.csv,arxiv,arxiv,20260608,arxiv,single,50,topo_feature,topo_feature_component,type_feat32,50,50,50,0,50,0,0,0,0,50,0,0.6055887876600172,0.7816403229999196,0.9104524376000881,200.86,510.1499999999998,50.18,4800.733726938536,65578.31801777097,1.0,0.0038819875776397515,0.3105590062111801,104.5,178.49999999999997,193.54999999999998,0.28117532301000003,182.67639964596756,5.394652422360789,0,0,0,5,6,12,27,0,0,0,,,,,,,,,,,,,,,,,,,,,,,,,,,,,,,,,,,,,,,,,,,,,,,,,,,,,,,,,,,,,,,,,,,,,,,,,,,,,,,,,,,,,,,,,,,,,,,,,,,,,,,,,,,,,,,,,,,,,,0,0,0,0,0,0,5,5,6,11,12,23,27,50,0,50,0,50,0,50,legacy_planted_id_v0_audited_equivalent_to_query_payload_v1
runs\lightning_completion\jigsaw-arxiv-random-topo-filterall-gcp-cpux8-v2-resume\summary.csv,C:\Users\Swastik\Desktop\Jigsaw\runs\lightning_completion\jigsaw-arxiv-random-topo-filterall-gcp-cpux8-v2-resume\results\prod_arxiv_fill_rtf_s20260608_q50_types_all_sizes20_50_100_topo_feature_component_b20_50_100_200_per_query.csv,arxiv,arxiv,20260608,arxiv,single,100,topo_feature,topo_feature_component,type_feat32,50,50,50,0,50,0,0,0,0,50,0,0.5605391998200594,0.4967852805000348,0.9200706840500856,385.1,776.6999999999995,100.18,1908.8282218130491,32566.628615180733,1.0,0.0047986577181208055,0.33557046979865773,78.0,179.49999999999997,192.55,0.23706459729516347,177.71895865773436,10.381443966446648,0,0,0,5,12,12,21,0,0,0,,,,,,,,,,,,,,,,,,,,,,,,,,,,,,,,,,,,,,,,,,,,,,,,,,,,,,,,,,,,,,,,,,,,,,,,,,,,,,,,,,,,,,,,,,,,,,,,,,,,,,,,,,,,,,,,,,,,,,0,0,0,0,0,0,5,5,12,17,12,29,21,50,0,50,0,50,0,50,legacy_planted_id_v0_audited_equivalent_to_query_payload_v1
corrected_connected_rerun::prod_arxiv_connected_mf_mc_s20260608_q50_types_multi_fine_multi_coarse_sizes20_50_100_topo_feature_component_b20_50_100_200_per_query.csv,runs/lcr_arxiv_v3/results/prod_arxiv_connected_mf_mc_s20260608_q50_types_multi_fine_multi_coarse_sizes20_50_100_topo_feature_component_b20_50_100_200_per_query.csv,arxiv,arxiv,20260608,arxiv,multi_fine,20,topo_feature,topo_feature_component,type_feat32,50,50,50,0,50,0,0,0,0,50,0,0.6314253111200288,0.5776749819999623,0.945803519149922,67.28,170.79999999999995,20.06,13546.765923485184,149285.98040317532,1.0,0.003949044585987261,0.31210191082802546,100.0,193.55,197.51,0.3196343057216564,197.69279885988206,3.3980645541398107,0,0,0,4,9,13,24,0,0,0,,,,,,,,,,,,,,,,,,,,,,,,,,,,,,,,,,,,,,,,,,,,,,,,,,,,,,,,,,,,,,,,,,,,,,,,,,,,,,,,,,,,,,,,,,,,,,,,,,,,,,,,,,,,,,,,,,,,,,0,0,0,0,0,0,4,4,9,13,13,26,24,50,0,50,0,50,0,50,legacy_planted_id_v0_audited_equivalent_to_query_payload_v1
corrected_connected_rerun::prod_arxiv_connected_mf_mc_s20260608_q50_types_multi_fine_multi_coarse_sizes20_50_100_topo_feature_component_b20_50_100_200_per_query.csv,runs/lcr_arxiv_v3/results/prod_arxiv_connected_mf_mc_s20260608_q50_types_multi_fine_multi_coarse_sizes20_50_100_topo_feature_component_b20_50_100_200_per_query.csv,arxiv,arxiv,20260608,arxiv,multi_fine,50,topo_feature,topo_feature_component,type_feat32,50,50,50,0,50,0,0,0,0,50,0,0.6522823738400166,0.782523427499882,1.0261350177500617,175.08,470.9999999999999,50.14,4765.277658527824,93075.86056012209,1.0,0.005132450331125828,0.33112582781456956,100.0,183.0,195.52999999999997,0.32763280796342653,209.4964529933741,6.49108801325389,0,0,0,8,8,9,25,0,0,0,,,,,,,,,,,,,,,,,,,,,,,,,,,,,,,,,,,,,,,,,,,,,,,,,,,,,,,,,,,,,,,,,,,,,,,,,,,,,,,,,,,,,,,,,,,,,,,,,,,,,,,,,,,,,,,,,,,,,,0,0,0,0,0,0,8,8,8,16,9,25,25,50,0,50,0,50,0,50,legacy_planted_id_v0_audited_equivalent_to_query_payload_v1
corrected_connected_rerun::prod_arxiv_connected_mf_mc_s20260608_q50_types_multi_fine_multi_coarse_sizes20_50_100_topo_feature_component_b20_50_100_200_per_query.csv,runs/lcr_arxiv_v3/results/prod_arxiv_connected_mf_mc_s20260608_q50_types_multi_fine_multi_coarse_sizes20_50_100_topo_feature_component_b20_50_100_200_per_query.csv,arxiv,arxiv,20260608,arxiv,multi_fine,100,topo_feature,topo_feature_component,type_feat32,50,50,50,0,50,0,0,0,0,50,0,0.7280722627799605,0.8251698825001768,1.0640766505494867,363.56,667.3,99.98,1985.4846527333023,51050.37861008874,1.0,0.003892405063291139,0.310126582278481,103.0,194.64999999999998,199.01999999999998,0.3365959177348417,219.26289242404707,11.139722379737899,0,0,0,4,9,12,25,0,0,0,,,,,,,,,,,,,,,,,,,,,,,,,,,,,,,,,,,,,,,,,,,,,,,,,,,,,,,,,,,,,,,,,,,,,,,,,,,,,,,,,,,,,,,,,,,,,,,,,,,,,,,,,,,,,,,,,,,,,,0,0,0,0,0,0,4,4,9,13,12,25,25,50,0,50,0,50,0,50,legacy_planted_id_v0_audited_equivalent_to_query_payload_v1
runs\lightning_completion\jigsaw-arxiv-random-topo-filterall-gcp-cpux8-v2-resume\summary.csv,C:\Users\Swastik\Desktop\Jigsaw\runs\lightning_completion\jigsaw-arxiv-random-topo-filterall-gcp-cpux8-v2-resume\results\prod_arxiv_fill_rtf_s20260608_q50_types_all_sizes20_50_100_topo_feature_component_b20_50_100_200_per_query.csv,arxiv,arxiv,20260608,arxiv,k_hop,20,topo_feature,topo_feature_component,type_feat32,50,50,50,0,50,0,0,0,0,50,0,0.6065399721399944,0.7672296760000563,0.912728998499756,75.32,173.79999999999995,19.78,17003.194309398204,132219.795848922,5.76,0.02603658536585366,0.3368799730080218,173.0,199.0,200.0,0.2872596219692529,182.0363112073163,2.8844120060966816,0,0,0,4,6,12,28,0,0,0,,,,,,,,,,,,,,,,,,,,,,,,,,,,,,,,,,,,,,,,,,,,,,,,,,,,,,,,,,,,,,,,,,,,,,,,,,,,,,,,,,,,,,,,,,,,,,,,,,,,,,,,,,,,,,,,,,,,,,0,0,0,0,0,0,4,4,6,10,12,22,28,50,0,50,0,50,0,50,legacy_planted_id_v0_audited_equivalent_to_query_payload_v1
runs\lightning_completion\jigsaw-arxiv-random-topo-filterall-gcp-cpux8-v2-resume\summary.csv,C:\Users\Swastik\Desktop\Jigsaw\runs\lightning_completion\jigsaw-arxiv-random-topo-filterall-gcp-cpux8-v2-resume\results\prod_arxiv_fill_rtf_s20260608_q50_types_all_sizes20_50_100_topo_feature_component_b20_50_100_200_per_query.csv,arxiv,arxiv,20260608,arxiv,k_hop,50,topo_feature,topo_feature_component,type_feat32,50,50,50,0,50,0,0,0,0,50,0,0.6861767456200141,0.7939604714998723,0.872775136500104,252.24,649.3999999999997,50.22,4638.963731671678,79418.05640340578,15.04,0.07977272727272727,0.402609020983529,194.5,200.0,200.0,0.2748014204624641,190.02934656250727,4.907228897724022,0,0,0,2,4,10,34,0,0,0,,,,,,,,,,,,,,,,,,,,,,,,,,,,,,,,,,,,,,,,,,,,,,,,,,,,,,,,,,,,,,,,,,,,,,,,,,,,,,,,,,,,,,,,,,,,,,,,,,,,,,,,,,,,,,,,,,,,,,0,0,0,0,0,0,2,2,4,6,10,16,34,50,0,50,0,50,0,50,legacy_planted_id_v0_audited_equivalent_to_query_payload_v1
runs\lightning_completion\jigsaw-arxiv-random-topo-filterall-gcp-cpux8-v2-resume\summary.csv,C:\Users\Swastik\Desktop\Jigsaw\runs\lightning_completion\jigsaw-arxiv-random-topo-filterall-gcp-cpux8-v2-resume\results\prod_arxiv_fill_rtf_s20260608_q50_types_all_sizes20_50_100_topo_feature_component_b20_50_100_200_per_query.csv,arxiv,arxiv,20260608,arxiv,k_hop,100,topo_feature,topo_feature_component,type_feat32,50,50,50,0,50,0,0,0,0,50,0,0.745626793879892,0.8362876610003696,0.937749290500551,491.22,909.2,100.34,2005.6224056908804,34309.732917978305,24.2,0.13171348314606743,0.4308590176068076,194.0,200.0,200.0,0.2630953370912772,200.50287148874662,8.942857129200553,0,0,0,4,2,6,38,0,0,0,,,,,,,,,,,,,,,,,,,,,,,,,,,,,,,,,,,,,,,,,,,,,,,,,,,,,,,,,,,,,,,,,,,,,,,,,,,,,,,,,,,,,,,,,,,,,,,,,,,,,,,,,,,,,,,,,,,,,,0,0,0,0,0,0,4,4,2,6,6,12,38,50,0,50,0,50,0,50,legacy_planted_id_v0_audited_equivalent_to_query_payload_v1
runs\lightning_completion\jigsaw-arxiv-random-topo-filterall-gcp-cpux8-v2-resume\summary.csv,C:\Users\Swastik\Desktop\Jigsaw\runs\lightning_completion\jigsaw-arxiv-random-topo-filterall-gcp-cpux8-v2-resume\results\prod_arxiv_fill_rtf_s20260608_q50_types_all_sizes20_50_100_topo_feature_component_b20_50_100_200_per_query.csv,arxiv,arxiv,20260608,arxiv,degree_k_hop,20,topo_feature,topo_feature_component,type_feat32,50,50,50,0,50,0,0,0,0,50,0,0.6242975096799773,0.776733984499856,0.8892371529999763,74.84,175.79999999999995,20.32,15519.840607322501,129212.90151554313,5.84,0.03103550295857988,0.37506976915260937,167.0,198.0,199.0,0.2903354142002565,181.89267495265796,2.810730278104572,0,0,0,3,3,16,28,0,0,0,,,,,,,,,,,,,,,,,,,,,,,,,,,,,,,,,,,,,,,,,,,,,,,,,,,,,,,,,,,,,,,,,,,,,,,,,,,,,,,,,,,,,,,,,,,,,,,,,,,,,,,,,,,,,,,,,,,,,,0,0,0,0,0,0,3,3,3,6,16,22,28,50,0,50,0,50,0,50,legacy_planted_id_v0_audited_equivalent_to_query_payload_v1
runs\lightning_completion\jigsaw-arxiv-random-topo-filterall-gcp-cpux8-v2-resume\summary.csv,C:\Users\Swastik\Desktop\Jigsaw\runs\lightning_completion\jigsaw-arxiv-random-topo-filterall-gcp-cpux8-v2-resume\results\prod_arxiv_fill_rtf_s20260608_q50_types_all_sizes20_50_100_topo_feature_component_b20_50_100_200_per_query.csv,arxiv,arxiv,20260608,arxiv,degree_k_hop,50,topo_feature,topo_feature_component,type_feat32,50,50,50,0,50,0,0,0,0,50,0,0.6665947176200007,0.7714562799998248,0.904666827899939,258.26,517.6999999999997,50.14,4448.292373858801,40450.752232270745,14.68,0.07585227272727273,0.40451374593618133,189.5,199.55,200.0,0.25420544317646754,184.59765091477658,4.77584840908724,0,0,0,0,6,12,32,0,0,0,,,,,,,,,,,,,,,,,,,,,,,,,,,,,,,,,,,,,,,,,,,,,,,,,,,,,,,,,,,,,,,,,,,,,,,,,,,,,,,,,,,,,,,,,,,,,,,,,,,,,,,,,,,,,,,,,,,,,,0,0,0,0,0,0,0,0,6,6,12,18,32,50,0,50,0,50,0,50,legacy_planted_id_v0_audited_equivalent_to_query_payload_v1
runs\lightning_completion\jigsaw-arxiv-random-topo-filterall-gcp-cpux8-v2-resume\summary.csv,C:\Users\Swastik\Desktop\Jigsaw\runs\lightning_completion\jigsaw-arxiv-random-topo-filterall-gcp-cpux8-v2-resume\results\prod_arxiv_fill_rtf_s20260608_q50_types_all_sizes20_50_100_topo_feature_component_b20_50_100_200_per_query.csv,arxiv,arxiv,20260608,arxiv,degree_k_hop,100,topo_feature,topo_feature_component,type_feat32,50,50,50,0,50,0,0,0,0,50,0,0.784689205939967,0.8219145190000745,0.930904293449953,541.1,997.6499999999996,100.16,1998.286718952111,22364.67812685693,22.16,0.11931216931216931,0.45347613951662896,193.0,200.0,200.0,0.23977041269424104,199.59966662961855,7.990070391536744,0,0,0,2,1,3,44,0,0,0,,,,,,,,,,,,,,,,,,,,,,,,,,,,,,,,,,,,,,,,,,,,,,,,,,,,,,,,,,,,,,,,,,,,,,,,,,,,,,,,,,,,,,,,,,,,,,,,,,,,,,,,,,,,,,,,,,,,,,0,0,0,0,0,0,2,2,1,3,3,6,44,50,0,50,0,50,0,50,legacy_planted_id_v0_audited_equivalent_to_query_payload_v1
runs\lightning_completion\jigsaw-arxiv-random-topo-filterall-gcp-cpux8-v2-resume\summary.csv,C:\Users\Swastik\Desktop\Jigsaw\runs\lightning_completion\jigsaw-arxiv-random-topo-filterall-gcp-cpux8-v2-resume\results\prod_arxiv_fill_rtf_s20260608_q50_types_all_sizes20_50_100_topo_feature_component_b20_50_100_200_per_query.csv,arxiv,arxiv,20260608,arxiv,random_walk,20,topo_feature,topo_feature_component,type_feat32,50,50,50,0,50,0,0,0,0,50,0,0.7199297721999938,0.7832180559997823,0.9100457534001294,95.82,198.1,19.98,13796.858058199969,114834.3805065797,7.48,0.03666666666666667,0.4032919589371202,183.0,199.0,200.0,0.27367813979659544,191.05378040321912,2.4757282526931985,0,0,0,0,3,8,39,0,0,0,,,,,,,,,,,,,,,,,,,,,,,,,,,,,,,,,,,,,,,,,,,,,,,,,,,,,,,,,,,,,,,,,,,,,,,,,,,,,,,,,,,,,,,,,,,,,,,,,,,,,,,,,,,,,,,,,,,,,,0,0,0,0,0,0,0,0,3,3,8,11,39,50,0,50,0,50,0,50,legacy_planted_id_v0_audited_equivalent_to_query_payload_v1
runs\lightning_completion\jigsaw-arxiv-random-topo-filterall-gcp-cpux8-v2-resume\summary.csv,C:\Users\Swastik\Desktop\Jigsaw\runs\lightning_completion\jigsaw-arxiv-random-topo-filterall-gcp-cpux8-v2-resume\results\prod_arxiv_fill_rtf_s20260608_q50_types_all_sizes20_50_100_topo_feature_component_b20_50_100_200_per_query.csv,arxiv,arxiv,20260608,arxiv,random_walk,50,topo_feature,topo_feature_component,type_feat32,50,50,50,0,50,0,0,0,0,50,0,0.7923024228399754,0.790222326500043,0.9089335995000396,260.08,425.6499999999999,50.3,4429.574262198238,66522.24664640645,14.66,0.0668781725888325,0.41778014251572737,192.5,200.0,200.0,0.261228263955991,196.78601657867802,4.305968913701556,0,0,0,0,0,3,47,0,0,0,,,,,,,,,,,,,,,,,,,,,,,,,,,,,,,,,,,,,,,,,,,,,,,,,,,,,,,,,,,,,,,,,,,,,,,,,,,,,,,,,,,,,,,,,,,,,,,,,,,,,,,,,,,,,,,,,,,,,,0,0,0,0,0,0,0,0,0,0,3,3,47,50,0,50,0,50,0,50,legacy_planted_id_v0_audited_equivalent_to_query_payload_v1
runs\lightning_completion\jigsaw-arxiv-random-topo-filterall-gcp-cpux8-v2-resume\summary.csv,C:\Users\Swastik\Desktop\Jigsaw\runs\lightning_completion\jigsaw-arxiv-random-topo-filterall-gcp-cpux8-v2-resume\results\prod_arxiv_fill_rtf_s20260608_q50_types_all_sizes20_50_100_topo_feature_component_b20_50_100_200_per_query.csv,arxiv,arxiv,20260608,arxiv,random_walk,100,topo_feature,topo_feature_component,type_feat32,50,50,50,0,50,0,0,0,0,50,0,0.8480654529199819,0.8353696995002338,0.9463758409499405,616.52,1029.8999999999996,100.78,1720.025515886246,9754.568572937513,29.0,0.14873737373737372,0.4532432966474635,196.0,200.0,200.0,0.2513080807942731,206.4458436211979,7.712099035363207,0,0,0,0,0,2,48,0,0,0,,,,,,,,,,,,,,,,,,,,,,,,,,,,,,,,,,,,,,,,,,,,,,,,,,,,,,,,,,,,,,,,,,,,,,,,,,,,,,,,,,,,,,,,,,,,,,,,,,,,,,,,,,,,,,,,,,,,,,0,0,0,0,0,0,0,0,0,0,2,2,48,50,0,50,0,50,0,50,legacy_planted_id_v0_audited_equivalent_to_query_payload_v1
corrected_connected_rerun::prod_arxiv_connected_mf_mc_s20260608_q50_types_multi_fine_multi_coarse_sizes20_50_100_topo_feature_component_b20_50_100_200_per_query.csv,runs/lcr_arxiv_v3/results/prod_arxiv_connected_mf_mc_s20260608_q50_types_multi_fine_multi_coarse_sizes20_50_100_topo_feature_component_b20_50_100_200_per_query.csv,arxiv,arxiv,20260608,arxiv,multi_coarse,20,topo_feature,topo_feature_component,type_feat32,50,50,50,0,50,0,0,0,0,50,0,0.8019321271000445,0.8842338960002962,0.9671623468997723,110.52,205.1,20.0,10313.299940267334,91930.35800133774,3.44,0.01808108108108108,0.4158558558558559,158.5,196.1,198.53,0.31530270273071587,213.8357253783938,2.9026873513479634,0,0,0,0,1,13,36,0,0,0,,,,,,,,,,,,,,,,,,,,,,,,,,,,,,,,,,,,,,,,,,,,,,,,,,,,,,,,,,,,,,,,,,,,,,,,,,,,,,,,,,,,,,,,,,,,,,,,,,,,,,,,,,,,,,,,,,,,,,0,0,0,0,0,0,0,0,1,1,13,14,36,50,0,50,0,50,0,50,legacy_planted_id_v0_audited_equivalent_to_query_payload_v1
corrected_connected_rerun::prod_arxiv_connected_mf_mc_s20260608_q50_types_multi_fine_multi_coarse_sizes20_50_100_topo_feature_component_b20_50_100_200_per_query.csv,runs/lcr_arxiv_v3/results/prod_arxiv_connected_mf_mc_s20260608_q50_types_multi_fine_multi_coarse_sizes20_50_100_topo_feature_component_b20_50_100_200_per_query.csv,arxiv,arxiv,20260608,arxiv,multi_coarse,50,topo_feature,topo_feature_component,type_feat32,50,50,50,0,50,0,0,0,0,50,0,0.9355493871000181,0.9732002440000542,1.0781012299505845,301.54,547.1,50.04,3702.848952940935,26417.050246619216,4.22,0.01950777202072539,0.4253886010362694,162.0,199.0,200.0,0.3386348963912039,237.08792273575,5.282384803114762,0,0,0,0,2,3,45,0,0,0,,,,,,,,,,,,,,,,,,,,,,,,,,,,,,,,,,,,,,,,,,,,,,,,,,,,,,,,,,,,,,,,,,,,,,,,,,,,,,,,,,,,,,,,,,,,,,,,,,,,,,,,,,,,,,,,,,,,,,0,0,0,0,0,0,0,0,2,2,3,5,45,50,0,50,0,50,0,50,legacy_planted_id_v0_audited_equivalent_to_query_payload_v1
corrected_connected_rerun::prod_arxiv_connected_mf_mc_s20260608_q50_types_multi_fine_multi_coarse_sizes20_50_100_topo_feature_component_b20_50_100_200_per_query.csv,runs/lcr_arxiv_v3/results/prod_arxiv_connected_mf_mc_s20260608_q50_types_multi_fine_multi_coarse_sizes20_50_100_topo_feature_component_b20_50_100_200_per_query.csv,arxiv,arxiv,20260608,arxiv,multi_coarse,100,topo_feature,topo_feature_component,type_feat32,50,50,50,0,50,0,0,0,0,50,0,0.9542159766399163,0.9612167024997689,1.0688451080003232,622.74,1102.25,100.7,1692.9534426339735,6224.618815392099,4.46,0.021085858585858586,0.4372895622895623,170.0,198.0,199.51,0.3371973332814194,232.28493483331172,8.678695631313603,0,0,0,0,0,2,48,0,0,0,,,,,,,,,,,,,,,,,,,,,,,,,,,,,,,,,,,,,,,,,,,,,,,,,,,,,,,,,,,,,,,,,,,,,,,,,,,,,,,,,,,,,,,,,,,,,,,,,,,,,,,,,,,,,,,,,,,,,,0,0,0,0,0,0,0,0,0,0,2,2,48,50,0,50,0,50,0,50,legacy_planted_id_v0_audited_equivalent_to_query_payload_v1
/workspace/jigsaw_pkg/runs/noid_negative_arxiv_v4/results/prod_arxiv_pv1_s20260608_neg_topo_feature_component_b20_50_100_200_per_query.csv,/workspace/jigsaw_pkg/runs/noid_negative_arxiv_v4/results/prod_arxiv_pv1_s20260608_neg_topo_feature_component_b20_50_100_200_per_query.csv,arxiv,arxiv,20260608,arxiv,negative_label,20,topo_feature,topo_feature_component,type_feat32,50,0,0,50,0,0,50,0,0,1,0,0.1853560110600074,0.18382279100001142,0.20911619249999946,152.26,356.54999999999995,0.0,14630.628560660254,83268.11348209197,6.4,0.03009999999999998,0.43931134633340513,180.5,199.1,200.0,0.24571496000135085,46.33900276500185,0.0,0,0,0,0,0,0,0,0,0,0,query_payload_v1_negative_rerun_2026-08-01,50,0,,0,1,0,50,0,0.046339002765,0.000245714960001,0.1853560110600074,152.26,,,,,,,,0,,,,,,,,,,,,,,,,,,,,,,,,,,,,,,,,,,,,,,,,,,,,,,,,,,,,,,,,,,,,,,,,,,,,,,,,,,,,,,,,,,,,,,,,,,,,,,,0.02,0,0,0,0,0,0,0,0,0,0,0,0,0,0,0,0,0,0,0,0,0,query_payload_v1
/workspace/jigsaw_pkg/runs/noid_negative_arxiv_v4/results/prod_arxiv_pv1_s20260608_neg_topo_feature_component_b20_50_100_200_per_query.csv,/workspace/jigsaw_pkg/runs/noid_negative_arxiv_v4/results/prod_arxiv_pv1_s20260608_neg_topo_feature_component_b20_50_100_200_per_query.csv,arxiv,arxiv,20260608,arxiv,negative_label,50,topo_feature,topo_feature_component,type_feat32,50,0,0,50,0,0,50,0,0,1,0,0.19149615987998686,0.18926293149991125,0.21954066205005346,307.98,611.4499999999999,0.0,3470.075724168596,52664.79292434494,12.64,0.0614,0.4413813313363623,187.0,200.0,200.0,0.2510146799932045,47.87403996999672,0.0,0,0,0,0,0,0,0,0,0,0,query_payload_v1_negative_rerun_2026-08-01,50,0,,0,1,0,50,0,0.04787403997,0.000251014679993,0.19149615987998686,307.98,,,,,,,,0,,,,,,,,,,,,,,,,,,,,,,,,,,,,,,,,,,,,,,,,,,,,,,,,,,,,,,,,,,,,,,,,,,,,,,,,,,,,,,,,,,,,,,,,,,,,,,,0.02,0,0,0,0,0,0,0,0,0,0,0,0,0,0,0,0,0,0,0,0,0,query_payload_v1
/workspace/jigsaw_pkg/runs/noid_negative_arxiv_v4/results/prod_arxiv_pv1_s20260608_neg_topo_feature_component_b20_50_100_200_per_query.csv,/workspace/jigsaw_pkg/runs/noid_negative_arxiv_v4/results/prod_arxiv_pv1_s20260608_neg_topo_feature_component_b20_50_100_200_per_query.csv,arxiv,arxiv,20260608,arxiv,negative_label,100,topo_feature,topo_feature_component,type_feat32,50,0,0,50,0,0,50,0,0,2,0,0.17418472307997945,0.17310251899994,0.20363527164993797,620.26,1100.1,0.0,1804.4658186414645,56407.93211266906,20.42,0.10312499999999998,0.4541484819097558,193.0,200.0,200.0,0.2417186999923615,43.54618076999486,0.0,0,0,0,0,0,0,0,0,0,0,query_payload_v1_negative_rerun_2026-08-01,50,0,,0,1,0,50,0,0.04354618077,0.000241718699992,0.17418472307997945,620.26,,,,,,,,0,,,,,,,,,,,,,,,,,,,,,,,,,,,,,,,,,,,,,,,,,,,,,,,,,,,,,,,,,,,,,,,,,,,,,,,,,,,,,,,,,,,,,,,,,,,,,,,0.04,0,0,0,0,0,0,0,0,0,0,0,0,0,0,0,0,0,0,0,0,0,query_payload_v1
/workspace/jigsaw_pkg/runs/noid_negative_arxiv_v4/results/prod_arxiv_pv1_s20260608_neg_topo_feature_component_b20_50_100_200_per_query.csv,/workspace/jigsaw_pkg/runs/noid_negative_arxiv_v4/results/prod_arxiv_pv1_s20260608_neg_topo_feature_component_b20_50_100_200_per_query.csv,arxiv,arxiv,20260608,arxiv,negative_structure,20,topo_feature,topo_feature_component,type_feat32,50,0,0,50,0,0,50,0,0,50,0,0.18389541013996905,0.1839608454998256,0.21783813449998204,60.06,138.54999999999995,19.88,18021.833941558452,102545.49924223979,5.84,0.02784999999999998,0.43706669719169744,176.5,199.0,199.0,0.26455053999825395,42.91333471499229,3.0605178199999727,0,0,0,0,0,0,0,0,0,0,query_payload_v1_negative_rerun_2026-08-01,50,0,,0,1,0,50,0.00306051782,0.042913334715,0.000264550539998,0.18389541013996905,60.06,,,,,,,,0,,,,,,,,,,,,,,,,,,,,,,,,,,,,,,,,,,,,,,,,,,,,,,,,,,,,,,,,,,,,,,,,,,,,,,,,,,,,,,,,,,,,,,,,,,,,,,,1,0,0,0,0,0,0,0,0,0,0,0,0,0,0,0,0,0,0,0,0,0,query_payload_v1
/workspace/jigsaw_pkg/runs/noid_negative_arxiv_v4/results/prod_arxiv_pv1_s20260608_neg_topo_feature_component_b20_50_100_200_per_query.csv,/workspace/jigsaw_pkg/runs/noid_negative_arxiv_v4/results/prod_arxiv_pv1_s20260608_neg_topo_feature_component_b20_50_100_200_per_query.csv,arxiv,arxiv,20260608,arxiv,negative_structure,50,topo_feature,topo_feature_component,type_feat32,50,0,0,50,0,0,50,0,0,50,0,0.1948763582600236,0.19679680200016492,0.22004649460016024,230.42,452.8499999999999,50.2,4177.774730857933,60418.932042458815,11.3,0.059924999999999944,0.4604596098346101,187.0,199.55,200.0,0.2611528200077373,44.86444028500273,3.854649280003173,0,0,0,0,0,0,0,0,0,0,query_payload_v1_negative_rerun_2026-08-01,50,0,,0,1,0,50,0.00385464928,0.044864440285,0.000261152820008,0.1948763582600236,230.42,,,,,,,,0,,,,,,,,,,,,,,,,,,,,,,,,,,,,,,,,,,,,,,,,,,,,,,,,,,,,,,,,,,,,,,,,,,,,,,,,,,,,,,,,,,,,,,,,,,,,,,,1,0,0,0,0,0,0,0,0,0,0,0,0,0,0,0,0,0,0,0,0,0,query_payload_v1
/workspace/jigsaw_pkg/runs/noid_negative_arxiv_v4/results/prod_arxiv_pv1_s20260608_neg_topo_feature_component_b20_50_100_200_per_query.csv,/workspace/jigsaw_pkg/runs/noid_negative_arxiv_v4/results/prod_arxiv_pv1_s20260608_neg_topo_feature_component_b20_50_100_200_per_query.csv,arxiv,arxiv,20260608,arxiv,negative_structure,100,topo_feature,topo_feature_component,type_feat32,50,0,0,50,0,0,50,0,0,50,0,0.20050225697999166,0.19307106950003572,0.24583355370003232,495.06,915.2499999999998,100.14,1907.6783744219217,19981.195158074745,21.08,0.1094,0.46831487123346477,194.0,200.0,200.0,0.2722465999909218,43.91555641999844,6.2100078249994795,0,0,0,0,0,0,0,0,0,0,query_payload_v1_negative_rerun_2026-08-01,50,0,,0,1,0,50,0.006210007825,0.04391555642,0.000272246599991,0.20050225697999166,495.06,,,,,,,,0,,,,,,,,,,,,,,,,,,,,,,,,,,,,,,,,,,,,,,,,,,,,,,,,,,,,,,,,,,,,,,,,,,,,,,,,,,,,,,,,,,,,,,,,,,,,,,,1,0,0,0,0,0,0,0,0,0,0,0,0,0,0,0,0,0,0,0,0,0,query_payload_v1
runs\lightning_completion\jigsaw-arxiv-random-topo-filterall-gcp-cpux8-v2-resume\summary.csv,C:\Users\Swastik\Desktop\Jigsaw\runs\lightning_completion\jigsaw-arxiv-random-topo-filterall-gcp-cpux8-v2-resume\results\prod_arxiv_fill_rtf_s20260608_q50_types_all_sizes20_50_100_random_component_b20_50_100_200_per_query.csv,arxiv,arxiv,20260608,arxiv,single,20,random,random_component,type_feat32,50,50,50,0,50,0,0,0,0,50,0,0.5432950710599971,0.5039476229999877,0.8869940470999182,83.14,214.09999999999994,19.84,10405.269207473897,222687.67955343868,1.0,0.0042,0.3,1000000000.0,1000000000.0,1000000000.0,0.0,178.07549919999892,3.0228578200001266,0,0,0,7,8,13,22,0,0,0,,,,,,,,,,,,,,,,,,,,,,,,,,,,,,,,,,,,,,,,,,,,,,,,,,,,,,,,,,,,,,,,,,,,,,,,,,,,,,,,,,,,,,,,,,,,,,,,,,,,,,,,,,,,,,,,,,,,,,0,0,0,0,0,0,7,7,8,15,13,28,22,50,0,50,0,50,0,50,legacy_planted_id_v0_audited_equivalent_to_query_payload_v1
runs\lightning_completion\jigsaw-arxiv-random-topo-filterall-gcp-cpux8-v2-resume\summary.csv,C:\Users\Swastik\Desktop\Jigsaw\runs\lightning_completion\jigsaw-arxiv-random-topo-filterall-gcp-cpux8-v2-resume\results\prod_arxiv_fill_rtf_s20260608_q50_types_all_sizes20_50_100_random_component_b20_50_100_200_per_query.csv,arxiv,arxiv,20260608,arxiv,single,50,random,random_component,type_feat32,50,50,50,0,50,0,0,0,0,50,0,0.6880522166999594,0.7650417250000032,1.09842144750001,191.24,425.54999999999995,50.18,3902.4998666223646,102889.01387013616,1.0,0.004519230769230769,0.32051282051282054,1000000000.0,1000000000.0,1000000000.0,0.0,214.27960202563102,6.249954608971364,0,0,0,7,5,13,25,0,0,0,,,,,,,,,,,,,,,,,,,,,,,,,,,,,,,,,,,,,,,,,,,,,,,,,,,,,,,,,,,,,,,,,,,,,,,,,,,,,,,,,,,,,,,,,,,,,,,,,,,,,,,,,,,,,,,,,,,,,,0,0,0,0,0,0,7,7,5,12,13,25,25,50,0,50,0,50,0,50,legacy_planted_id_v0_audited_equivalent_to_query_payload_v1
runs\lightning_completion\jigsaw-arxiv-random-topo-filterall-gcp-cpux8-v2-resume\summary.csv,C:\Users\Swastik\Desktop\Jigsaw\runs\lightning_completion\jigsaw-arxiv-random-topo-filterall-gcp-cpux8-v2-resume\results\prod_arxiv_fill_rtf_s20260608_q50_types_all_sizes20_50_100_random_component_b20_50_100_200_per_query.csv,arxiv,arxiv,20260608,arxiv,single,100,random,random_component,type_feat32,50,50,50,0,50,0,0,0,0,50,0,0.6956373932200131,0.8571492175002504,0.9908863610000593,465.14,1111.5999999999995,100.18,1823.0552608870355,33515.6425590559,1.0,0.0034337349397590366,0.30120481927710846,1000000000.0,1000000000.0,1000000000.0,0.0,199.80221776506548,9.727117542167369,0,0,0,4,6,10,30,0,0,0,,,,,,,,,,,,,,,,,,,,,,,,,,,,,,,,,,,,,,,,,,,,,,,,,,,,,,,,,,,,,,,,,,,,,,,,,,,,,,,,,,,,,,,,,,,,,,,,,,,,,,,,,,,,,,,,,,,,,,0,0,0,0,0,0,4,4,6,10,10,20,30,50,0,50,0,50,0,50,legacy_planted_id_v0_audited_equivalent_to_query_payload_v1
corrected_connected_rerun::prod_arxiv_connected_mf_mc_s20260608_q50_types_multi_fine_multi_coarse_sizes20_50_100_random_component_b20_50_100_200_per_query.csv,runs/lcr_arxiv_v3/results/prod_arxiv_connected_mf_mc_s20260608_q50_types_multi_fine_multi_coarse_sizes20_50_100_random_component_b20_50_100_200_per_query.csv,arxiv,arxiv,20260608,arxiv,multi_fine,20,random,random_component,type_feat32,50,50,50,0,50,0,0,0,0,50,0,0.5736491589800243,0.5511592430000292,1.0100009724998926,66.1,198.29999999999987,20.06,15030.749677308071,137986.0230147817,1.0,0.005709219858156029,0.3262411347517731,1000000000.0,1000000000.0,1000000000.0,0.0,199.63874201419534,3.7829455673735737,0,0,0,9,10,12,19,0,0,0,,,,,,,,,,,,,,,,,,,,,,,,,,,,,,,,,,,,,,,,,,,,,,,,,,,,,,,,,,,,,,,,,,,,,,,,,,,,,,,,,,,,,,,,,,,,,,,,,,,,,,,,,,,,,,,,,,,,,,0,0,0,0,0,0,9,9,10,19,12,31,19,50,0,50,0,50,0,50,legacy_planted_id_v0_audited_equivalent_to_query_payload_v1
corrected_connected_rerun::prod_arxiv_connected_mf_mc_s20260608_q50_types_multi_fine_multi_coarse_sizes20_50_100_random_component_b20_50_100_200_per_query.csv,runs/lcr_arxiv_v3/results/prod_arxiv_connected_mf_mc_s20260608_q50_types_multi_fine_multi_coarse_sizes20_50_100_random_component_b20_50_100_200_per_query.csv,arxiv,arxiv,20260608,arxiv,multi_fine,50,random,random_component,type_feat32,50,50,50,0,50,0,0,0,0,50,0,0.6883299520599576,0.6747598384999947,1.048154488099908,189.06,475.59999999999997,50.14,3740.8871577516193,77991.94015979656,1.0,0.004607843137254902,0.32679738562091504,1000000000.0,1000000000.0,1000000000.0,0.0,218.39619465358322,6.548234124180703,0,0,0,6,8,13,23,0,0,0,,,,,,,,,,,,,,,,,,,,,,,,,,,,,,,,,,,,,,,,,,,,,,,,,,,,,,,,,,,,,,,,,,,,,,,,,,,,,,,,,,,,,,,,,,,,,,,,,,,,,,,,,,,,,,,,,,,,,,0,0,0,0,0,0,6,6,8,14,13,27,23,50,0,50,0,50,0,50,legacy_planted_id_v0_audited_equivalent_to_query_payload_v1
corrected_connected_rerun::prod_arxiv_connected_mf_mc_s20260608_q50_types_multi_fine_multi_coarse_sizes20_50_100_random_component_b20_50_100_200_per_query.csv,runs/lcr_arxiv_v3/results/prod_arxiv_connected_mf_mc_s20260608_q50_types_multi_fine_multi_coarse_sizes20_50_100_random_component_b20_50_100_200_per_query.csv,arxiv,arxiv,20260608,arxiv,multi_fine,100,random,random_component,type_feat32,50,50,50,0,50,0,0,0,0,50,0,0.6869536891399912,0.6519645014999469,1.122497567849905,370.44,856.25,99.98,1897.6006943874975,59261.145596743976,1.0,0.005306122448979592,0.3401360544217687,1000000000.0,1000000000.0,1000000000.0,0.0,221.66547985714368,11.992237537411143,0,0,0,8,5,19,18,0,0,0,,,,,,,,,,,,,,,,,,,,,,,,,,,,,,,,,,,,,,,,,,,,,,,,,,,,,,,,,,,,,,,,,,,,,,,,,,,,,,,,,,,,,,,,,,,,,,,,,,,,,,,,,,,,,,,,,,,,,,0,0,0,0,0,0,8,8,5,13,19,32,18,50,0,50,0,50,0,50,legacy_planted_id_v0_audited_equivalent_to_query_payload_v1
runs\lightning_completion\jigsaw-arxiv-random-topo-filterall-gcp-cpux8-v2-resume\summary.csv,C:\Users\Swastik\Desktop\Jigsaw\runs\lightning_completion\jigsaw-arxiv-random-topo-filterall-gcp-cpux8-v2-resume\results\prod_arxiv_fill_rtf_s20260608_q50_types_all_sizes20_50_100_random_component_b20_50_100_200_per_query.csv,arxiv,arxiv,20260608,arxiv,k_hop,20,random,random_component,type_feat32,50,50,50,0,50,0,0,0,0,50,0,0.7455577542000128,0.6893914619999464,1.085361156950023,76.38,168.09999999999994,19.78,11729.43351076555,111964.23832098713,5.76,0.029123376623376624,0.3459563704693575,1000000000.0,1000000000.0,1000000000.0,0.0,238.39217575324972,3.672030155845372,0,0,0,4,10,14,22,0,0,0,,,,,,,,,,,,,,,,,,,,,,,,,,,,,,,,,,,,,,,,,,,,,,,,,,,,,,,,,,,,,,,,,,,,,,,,,,,,,,,,,,,,,,,,,,,,,,,,,,,,,,,,,,,,,,,,,,,,,,0,0,0,0,0,0,4,4,10,14,14,28,22,50,0,50,0,50,0,50,legacy_planted_id_v0_audited_equivalent_to_query_payload_v1
runs\lightning_completion\jigsaw-arxiv-random-topo-filterall-gcp-cpux8-v2-resume\summary.csv,C:\Users\Swastik\Desktop\Jigsaw\runs\lightning_completion\jigsaw-arxiv-random-topo-filterall-gcp-cpux8-v2-resume\results\prod_arxiv_fill_rtf_s20260608_q50_types_all_sizes20_50_100_random_component_b20_50_100_200_per_query.csv,arxiv,arxiv,20260608,arxiv,k_hop,50,random,random_component,type_feat32,50,50,50,0,50,0,0,0,0,50,0,0.721254583179973,0.837109038000051,1.0779236607499625,216.48,524.7499999999998,50.22,3843.418474547536,97196.99058153726,15.04,0.07163690476190476,0.3853485549819631,1000000000.0,1000000000.0,1000000000.0,0.0,209.07288126190065,5.586220874996056,0,0,0,3,5,13,29,0,0,0,,,,,,,,,,,,,,,,,,,,,,,,,,,,,,,,,,,,,,,,,,,,,,,,,,,,,,,,,,,,,,,,,,,,,,,,,,,,,,,,,,,,,,,,,,,,,,,,,,,,,,,,,,,,,,,,,,,,,,0,0,0,0,0,0,3,3,5,8,13,21,29,50,0,50,0,50,0,50,legacy_planted_id_v0_audited_equivalent_to_query_payload_v1
runs\lightning_completion\jigsaw-arxiv-random-topo-filterall-gcp-cpux8-v2-resume\summary.csv,C:\Users\Swastik\Desktop\Jigsaw\runs\lightning_completion\jigsaw-arxiv-random-topo-filterall-gcp-cpux8-v2-resume\results\prod_arxiv_fill_rtf_s20260608_q50_types_all_sizes20_50_100_random_component_b20_50_100_200_per_query.csv,arxiv,arxiv,20260608,arxiv,k_hop,100,random,random_component,type_feat32,50,50,50,0,50,0,0,0,0,50,0,0.757994903860008,0.8610527404999857,0.9410553189499751,494.62,863.2,100.38,1761.755376591711,11903.290175293901,24.2,0.12764044943820224,0.4362067755152523,1000000000.0,1000000000.0,1000000000.0,0.0,203.88682960112567,9.033087213483311,0,0,0,2,3,10,35,0,0,0,,,,,,,,,,,,,,,,,,,,,,,,,,,,,,,,,,,,,,,,,,,,,,,,,,,,,,,,,,,,,,,,,,,,,,,,,,,,,,,,,,,,,,,,,,,,,,,,,,,,,,,,,,,,,,,,,,,,,,0,0,0,0,0,0,2,2,3,5,10,15,35,50,0,50,0,50,0,50,legacy_planted_id_v0_audited_equivalent_to_query_payload_v1
runs\lightning_completion\jigsaw-arxiv-random-topo-filterall-gcp-cpux8-v2-resume\summary.csv,C:\Users\Swastik\Desktop\Jigsaw\runs\lightning_completion\jigsaw-arxiv-random-topo-filterall-gcp-cpux8-v2-resume\results\prod_arxiv_fill_rtf_s20260608_q50_types_all_sizes20_50_100_random_component_b20_50_100_200_per_query.csv,arxiv,arxiv,20260608,arxiv,degree_k_hop,20,random,random_component,type_feat32,50,50,50,0,50,0,0,0,0,50,0,0.7214723060799816,0.8300079924999295,1.0961152309499482,70.26,151.64999999999992,20.32,12985.56673054723,189952.70432944992,5.84,0.02708588957055215,0.3658789404188177,1000000000.0,1000000000.0,1000000000.0,0.0,218.12094838036364,3.189574957054009,0,0,0,3,9,10,28,0,0,0,,,,,,,,,,,,,,,,,,,,,,,,,,,,,,,,,,,,,,,,,,,,,,,,,,,,,,,,,,,,,,,,,,,,,,,,,,,,,,,,,,,,,,,,,,,,,,,,,,,,,,,,,,,,,,,,,,,,,,0,0,0,0,0,0,3,3,9,12,10,22,28,50,0,50,0,50,0,50,legacy_planted_id_v0_audited_equivalent_to_query_payload_v1
runs\lightning_completion\jigsaw-arxiv-random-topo-filterall-gcp-cpux8-v2-resume\summary.csv,C:\Users\Swastik\Desktop\Jigsaw\runs\lightning_completion\jigsaw-arxiv-random-topo-filterall-gcp-cpux8-v2-resume\results\prod_arxiv_fill_rtf_s20260608_q50_types_all_sizes20_50_100_random_component_b20_50_100_200_per_query.csv,arxiv,arxiv,20260608,arxiv,degree_k_hop,50,random,random_component,type_feat32,50,50,50,0,50,0,0,0,0,50,0,0.7047797021199881,0.8050936500000034,0.9347585520500559,273.16,565.3,50.14,4411.220429708784,45063.80696816561,14.68,0.07149717514124294,0.3989421124543028,1000000000.0,1000000000.0,1000000000.0,0.0,194.2886663446272,4.801644988702786,0,0,0,2,4,9,35,0,0,0,,,,,,,,,,,,,,,,,,,,,,,,,,,,,,,,,,,,,,,,,,,,,,,,,,,,,,,,,,,,,,,,,,,,,,,,,,,,,,,,,,,,,,,,,,,,,,,,,,,,,,,,,,,,,,,,,,,,,,0,0,0,0,0,0,2,2,4,6,9,15,35,50,0,50,0,50,0,50,legacy_planted_id_v0_audited_equivalent_to_query_payload_v1
runs\lightning_completion\jigsaw-arxiv-random-topo-filterall-gcp-cpux8-v2-resume\summary.csv,C:\Users\Swastik\Desktop\Jigsaw\runs\lightning_completion\jigsaw-arxiv-random-topo-filterall-gcp-cpux8-v2-resume\results\prod_arxiv_fill_rtf_s20260608_q50_types_all_sizes20_50_100_random_component_b20_50_100_200_per_query.csv,arxiv,arxiv,20260608,arxiv,degree_k_hop,100,random,random_component,type_feat32,50,50,50,0,50,0,0,0,0,50,0,0.7074521966800512,0.8537430594999478,0.9858428016001994,478.38,911.25,100.16,1759.36760698934,18717.73790030781,22.16,0.11074404761904762,0.3927380330935876,1000000000.0,1000000000.0,1000000000.0,0.0,201.2326935952485,9.318555416671513,0,0,0,3,6,11,30,0,0,0,,,,,,,,,,,,,,,,,,,,,,,,,,,,,,,,,,,,,,,,,,,,,,,,,,,,,,,,,,,,,,,,,,,,,,,,,,,,,,,,,,,,,,,,,,,,,,,,,,,,,,,,,,,,,,,,,,,,,,0,0,0,0,0,0,3,3,6,9,11,20,30,50,0,50,0,50,0,50,legacy_planted_id_v0_audited_equivalent_to_query_payload_v1
runs\lightning_completion\jigsaw-arxiv-random-topo-filterall-gcp-cpux8-v2-resume\summary.csv,C:\Users\Swastik\Desktop\Jigsaw\runs\lightning_completion\jigsaw-arxiv-random-topo-filterall-gcp-cpux8-v2-resume\results\prod_arxiv_fill_rtf_s20260608_q50_types_all_sizes20_50_100_random_component_b20_50_100_200_per_query.csv,arxiv,arxiv,20260608,arxiv,random_walk,20,random,random_component,type_feat32,50,50,50,0,50,0,0,0,0,50,0,0.8533417131000078,1.0145534454999847,1.0992135934999567,95.7,209.14999999999998,19.98,11225.594327241557,100655.66772906524,7.48,0.03985795454545455,0.4253035789967608,1000000000.0,1000000000.0,1000000000.0,0.0,239.34035580681723,3.086267232957725,0,0,0,2,3,12,33,0,0,0,,,,,,,,,,,,,,,,,,,,,,,,,,,,,,,,,,,,,,,,,,,,,,,,,,,,,,,,,,,,,,,,,,,,,,,,,,,,,,,,,,,,,,,,,,,,,,,,,,,,,,,,,,,,,,,,,,,,,,0,0,0,0,0,0,2,2,3,5,12,17,33,50,0,50,0,50,0,50,legacy_planted_id_v0_audited_equivalent_to_query_payload_v1
runs\lightning_completion\jigsaw-arxiv-random-topo-filterall-gcp-cpux8-v2-resume\summary.csv,C:\Users\Swastik\Desktop\Jigsaw\runs\lightning_completion\jigsaw-arxiv-random-topo-filterall-gcp-cpux8-v2-resume\results\prod_arxiv_fill_rtf_s20260608_q50_types_all_sizes20_50_100_random_component_b20_50_100_200_per_query.csv,arxiv,arxiv,20260608,arxiv,random_walk,50,random,random_component,type_feat32,50,50,50,0,50,0,0,0,0,50,0,0.9072840362400121,0.9202544930000727,1.1354096371499223,261.92,427.3499999999999,50.3,3764.643777964613,63445.298044150615,14.66,0.07595854922279793,0.44933384268671966,1000000000.0,1000000000.0,1000000000.0,0.0,230.11706245078028,4.930615331606268,0,0,0,0,2,3,45,0,0,0,,,,,,,,,,,,,,,,,,,,,,,,,,,,,,,,,,,,,,,,,,,,,,,,,,,,,,,,,,,,,,,,,,,,,,,,,,,,,,,,,,,,,,,,,,,,,,,,,,,,,,,,,,,,,,,,,,,,,,0,0,0,0,0,0,0,0,2,2,3,5,45,50,0,50,0,50,0,50,legacy_planted_id_v0_audited_equivalent_to_query_payload_v1
runs\lightning_completion\jigsaw-arxiv-random-topo-filterall-gcp-cpux8-v2-resume\summary.csv,C:\Users\Swastik\Desktop\Jigsaw\runs\lightning_completion\jigsaw-arxiv-random-topo-filterall-gcp-cpux8-v2-resume\results\prod_arxiv_fill_rtf_s20260608_q50_types_all_sizes20_50_100_random_component_b20_50_100_200_per_query.csv,arxiv,arxiv,20260608,arxiv,random_walk,100,random,random_component,type_feat32,50,50,50,0,50,0,0,0,0,50,0,0.8755336460200351,0.886562938499992,0.9932281574500621,624.68,987.5499999999998,100.78,1691.6188566380088,7425.852665419117,29.0,0.14607142857142857,0.45843714555649573,1000000000.0,1000000000.0,1000000000.0,0.0,215.6050785459296,7.7453413571405765,0,0,0,0,0,4,46,0,0,0,,,,,,,,,,,,,,,,,,,,,,,,,,,,,,,,,,,,,,,,,,,,,,,,,,,,,,,,,,,,,,,,,,,,,,,,,,,,,,,,,,,,,,,,,,,,,,,,,,,,,,,,,,,,,,,,,,,,,,0,0,0,0,0,0,0,0,0,0,4,4,46,50,0,50,0,50,0,50,legacy_planted_id_v0_audited_equivalent_to_query_payload_v1
corrected_connected_rerun::prod_arxiv_connected_mf_mc_s20260608_q50_types_multi_fine_multi_coarse_sizes20_50_100_random_component_b20_50_100_200_per_query.csv,runs/lcr_arxiv_v3/results/prod_arxiv_connected_mf_mc_s20260608_q50_types_multi_fine_multi_coarse_sizes20_50_100_random_component_b20_50_100_200_per_query.csv,arxiv,arxiv,20260608,arxiv,multi_coarse,20,random,random_component,type_feat32,50,50,50,0,50,0,0,0,0,50,0,0.8301921284200126,0.9470053515000245,1.0582288319998496,113.78,219.39999999999998,20.0,9629.09222943723,83466.81637767958,3.44,0.017361111111111112,0.4131481481481481,1000000000.0,1000000000.0,1000000000.0,0.0,227.60460926666988,3.0043152944446976,0,0,0,0,4,12,34,0,0,0,,,,,,,,,,,,,,,,,,,,,,,,,,,,,,,,,,,,,,,,,,,,,,,,,,,,,,,,,,,,,,,,,,,,,,,,,,,,,,,,,,,,,,,,,,,,,,,,,,,,,,,,,,,,,,,,,,,,,,0,0,0,0,0,0,0,0,4,4,12,16,34,50,0,50,0,50,0,50,legacy_planted_id_v0_audited_equivalent_to_query_payload_v1
corrected_connected_rerun::prod_arxiv_connected_mf_mc_s20260608_q50_types_multi_fine_multi_coarse_sizes20_50_100_random_component_b20_50_100_200_per_query.csv,runs/lcr_arxiv_v3/results/prod_arxiv_connected_mf_mc_s20260608_q50_types_multi_fine_multi_coarse_sizes20_50_100_random_component_b20_50_100_200_per_query.csv,arxiv,arxiv,20260608,arxiv,multi_coarse,50,random,random_component,type_feat32,50,50,50,0,50,0,0,0,0,50,0,0.9294354768000403,0.9519513535000215,1.0761447542000382,312.1,558.65,50.04,3532.0543834750824,32264.18629706057,4.22,0.017757731958762887,0.41254295532646046,1000000000.0,1000000000.0,1000000000.0,0.0,234.5543331031066,4.990892876285263,0,0,0,0,0,6,44,0,0,0,,,,,,,,,,,,,,,,,,,,,,,,,,,,,,,,,,,,,,,,,,,,,,,,,,,,,,,,,,,,,,,,,,,,,,,,,,,,,,,,,,,,,,,,,,,,,,,,,,,,,,,,,,,,,,,,,,,,,,0,0,0,0,0,0,0,0,0,0,6,6,44,50,0,50,0,50,0,50,legacy_planted_id_v0_audited_equivalent_to_query_payload_v1
corrected_connected_rerun::prod_arxiv_connected_mf_mc_s20260608_q50_types_multi_fine_multi_coarse_sizes20_50_100_random_component_b20_50_100_200_per_query.csv,runs/lcr_arxiv_v3/results/prod_arxiv_connected_mf_mc_s20260608_q50_types_multi_fine_multi_coarse_sizes20_50_100_random_component_b20_50_100_200_per_query.csv,arxiv,arxiv,20260608,arxiv,multi_coarse,100,random,random_component,type_feat32,50,50,50,0,50,0,0,0,0,50,0,1.0270609552200085,1.036385337499837,1.1635751744499316,621.68,1144.3,100.7,1686.2735500983042,8526.283655912253,4.46,0.023494897959183674,0.4704931972789116,1000000000.0,1000000000.0,1000000000.0,0.0,253.1345338061224,8.870811913267545,0,0,0,0,0,4,46,0,0,0,,,,,,,,,,,,,,,,,,,,,,,,,,,,,,,,,,,,,,,,,,,,,,,,,,,,,,,,,,,,,,,,,,,,,,,,,,,,,,,,,,,,,,,,,,,,,,,,,,,,,,,,,,,,,,,,,,,,,,0,0,0,0,0,0,0,0,0,0,4,4,46,50,0,50,0,50,0,50,legacy_planted_id_v0_audited_equivalent_to_query_payload_v1
/workspace/jigsaw_pkg/runs/noid_negative_arxiv_v4/results/prod_arxiv_pv1_s20260608_neg_random_component_b20_50_100_200_per_query.csv,/workspace/jigsaw_pkg/runs/noid_negative_arxiv_v4/results/prod_arxiv_pv1_s20260608_neg_random_component_b20_50_100_200_per_query.csv,arxiv,arxiv,20260608,arxiv,negative_label,20,random,random_component,type_feat32,50,0,0,50,0,0,50,0,0,1,0,0.20525959047999776,0.194588159000034,0.3001884888498694,152.94,356.54999999999995,0.0,8631.246694197627,127134.77937590564,6.4,0.029399999999999968,0.44744642857142863,1000000000.0,1000000000.0,1000000000.0,0.0,51.31489761999945,0.0,0,0,0,0,0,0,0,0,0,0,query_payload_v1_negative_rerun_2026-08-01,50,0,,0,1,0,50,0,0.05131489762,0,0.20525959047999776,152.94,,,,,,,,0,,,,,,,,,,,,,,,,,,,,,,,,,,,,,,,,,,,,,,,,,,,,,,,,,,,,,,,,,,,,,,,,,,,,,,,,,,,,,,,,,,,,,,,,,,,,,,,0.02,0,0,0,0,0,0,0,0,0,0,0,0,0,0,0,0,0,0,0,0,0,query_payload_v1
/workspace/jigsaw_pkg/runs/noid_negative_arxiv_v4/results/prod_arxiv_pv1_s20260608_neg_random_component_b20_50_100_200_per_query.csv,/workspace/jigsaw_pkg/runs/noid_negative_arxiv_v4/results/prod_arxiv_pv1_s20260608_neg_random_component_b20_50_100_200_per_query.csv,arxiv,arxiv,20260608,arxiv,negative_label,50,random,random_component,type_feat32,50,0,0,50,0,0,50,0,0,1,0,0.21569414829997186,0.202340063500003,0.2866845237998518,314.1,611.4499999999999,0.0,2684.119323261671,46727.06854729858,12.64,0.06459999999999999,0.4892081206461237,1000000000.0,1000000000.0,1000000000.0,0.0,53.923537074992964,0.0,0,0,0,0,0,0,0,0,0,0,query_payload_v1_negative_rerun_2026-08-01,50,0,,0,1,0,50,0,0.053923537075,0,0.21569414829997186,314.1,,,,,,,,0,,,,,,,,,,,,,,,,,,,,,,,,,,,,,,,,,,,,,,,,,,,,,,,,,,,,,,,,,,,,,,,,,,,,,,,,,,,,,,,,,,,,,,,,,,,,,,,0.02,0,0,0,0,0,0,0,0,0,0,0,0,0,0,0,0,0,0,0,0,0,query_payload_v1
/workspace/jigsaw_pkg/runs/noid_negative_arxiv_v4/results/prod_arxiv_pv1_s20260608_neg_random_component_b20_50_100_200_per_query.csv,/workspace/jigsaw_pkg/runs/noid_negative_arxiv_v4/results/prod_arxiv_pv1_s20260608_neg_random_component_b20_50_100_200_per_query.csv,arxiv,arxiv,20260608,arxiv,negative_label,100,random,random_component,type_feat32,50,0,0,50,0,0,50,0,0,2,0,0.21124923958000863,0.21492654749994244,0.2378146039999251,622.18,1100.1,0.0,1374.2320036178428,24769.752537983994,20.42,0.10177500000000002,0.4612492992511716,1000000000.0,1000000000.0,1000000000.0,0.0,52.812309895002166,0.0,0,0,0,0,0,0,0,0,0,0,query_payload_v1_negative_rerun_2026-08-01,50,0,,0,1,0,50,0,0.052812309895,0,0.21124923958000863,622.18,,,,,,,,0,,,,,,,,,,,,,,,,,,,,,,,,,,,,,,,,,,,,,,,,,,,,,,,,,,,,,,,,,,,,,,,,,,,,,,,,,,,,,,,,,,,,,,,,,,,,,,,0.04,0,0,0,0,0,0,0,0,0,0,0,0,0,0,0,0,0,0,0,0,0,query_payload_v1
/workspace/jigsaw_pkg/runs/noid_negative_arxiv_v4/results/prod_arxiv_pv1_s20260608_neg_random_component_b20_50_100_200_per_query.csv,/workspace/jigsaw_pkg/runs/noid_negative_arxiv_v4/results/prod_arxiv_pv1_s20260608_neg_random_component_b20_50_100_200_per_query.csv,arxiv,arxiv,20260608,arxiv,negative_structure,20,random,random_component,type_feat32,50,0,0,50,0,0,50,0,0,50,0,0.25140102719999274,0.22731190450008398,0.35272840750010914,64.06,128.84999999999997,19.88,11668.838117395768,111788.68101626444,5.84,0.028199999999999982,0.45519184981685,1000000000.0,1000000000.0,1000000000.0,0.0,59.062668274996774,3.7875885250014107,0,0,0,0,0,0,0,0,0,0,query_payload_v1_negative_rerun_2026-08-01,50,0,,0,1,0,50,0.003787588525,0.059062668275,0,0.25140102719999274,64.06,,,,,,,,0,,,,,,,,,,,,,,,,,,,,,,,,,,,,,,,,,,,,,,,,,,,,,,,,,,,,,,,,,,,,,,,,,,,,,,,,,,,,,,,,,,,,,,,,,,,,,,,1,0,0,0,0,0,0,0,0,0,0,0,0,0,0,0,0,0,0,0,0,0,query_payload_v1
/workspace/jigsaw_pkg/runs/noid_negative_arxiv_v4/results/prod_arxiv_pv1_s20260608_neg_random_component_b20_50_100_200_per_query.csv,/workspace/jigsaw_pkg/runs/noid_negative_arxiv_v4/results/prod_arxiv_pv1_s20260608_neg_random_component_b20_50_100_200_per_query.csv,arxiv,arxiv,20260608,arxiv,negative_structure,50,random,random_component,type_feat32,50,0,0,50,0,0,50,0,0,50,0,0.22985875418002252,0.20800517850000233,0.35233360440000183,216.14,462.4999999999999,50.2,3586.1670445756386,41345.519566933675,11.3,0.05337499999999994,0.46115266409474104,1000000000.0,1000000000.0,1000000000.0,0.0,52.290909160004155,5.173779385001467,0,0,0,0,0,0,0,0,0,0,query_payload_v1_negative_rerun_2026-08-01,50,0,,0,1,0,50,0.005173779385,0.05229090916,0,0.22985875418002252,216.14,,,,,,,,0,,,,,,,,,,,,,,,,,,,,,,,,,,,,,,,,,,,,,,,,,,,,,,,,,,,,,,,,,,,,,,,,,,,,,,,,,,,,,,,,,,,,,,,,,,,,,,,1,0,0,0,0,0,0,0,0,0,0,0,0,0,0,0,0,0,0,0,0,0,query_payload_v1
/workspace/jigsaw_pkg/runs/noid_negative_arxiv_v4/results/prod_arxiv_pv1_s20260608_neg_random_component_b20_50_100_200_per_query.csv,/workspace/jigsaw_pkg/runs/noid_negative_arxiv_v4/results/prod_arxiv_pv1_s20260608_neg_random_component_b20_50_100_200_per_query.csv,arxiv,arxiv,20260608,arxiv,negative_structure,100,random,random_component,type_feat32,50,0,0,50,0,0,50,0,0,50,0,0.2413184820799893,0.23177179549998073,0.2880108559500001,519.78,986.5999999999998,100.14,1804.035914112574,14934.034878544771,21.08,0.1003,0.45143223944637173,1000000000.0,1000000000.0,1000000000.0,0.0,53.61661022499561,6.713010295001709,0,0,0,0,0,0,0,0,0,0,query_payload_v1_negative_rerun_2026-08-01,50,0,,0,1,0,50,0.006713010295,0.053616610225,0,0.2413184820799893,519.78,,,,,,,,0,,,,,,,,,,,,,,,,,,,,,,,,,,,,,,,,,,,,,,,,,,,,,,,,,,,,,,,,,,,,,,,,,,,,,,,,,,,,,,,,,,,,,,,,,,,,,,,1,0,0,0,0,0,0,0,0,0,0,0,0,0,0,0,0,0,0,0,0,0,query_payload_v1
runs\lightning_completion\jigsaw-arxiv-random-topo-filterall-gcp-cpux8-v2-resume\summary.csv,C:\Users\Swastik\Desktop\Jigsaw\runs\lightning_completion\jigsaw-arxiv-random-topo-filterall-gcp-cpux8-v2-resume\results\prod_arxiv_fill_rtf_s20260608_q50_types_all_sizes20_50_100_filterall_component_b200_per_query.csv,arxiv,arxiv,20260608,arxiv,single,20,all,filterall_component,type_feat32,50,50,50,0,50,0,0,0,0,50,0,0.32883604493998064,0.3221959865002191,0.3921333664497979,19.88,21.0,19.84,8563.917428571429,33956.99835876982,1.0,0.005,1.0,1000000000.0,1000000000.0,1000000000.0,0.0,319.74950436000654,9.086540579974098,0,0,0,0,0,0,50,0,0,0,,,,,,,,,,,,,,,,,,,,,,,,,,,,,,,,,,,,,,,,,,,,,,,,,,,,,,,,,,,,,,,,,,,,,,,,,,,,,,,,,,,,,,,,,,,,,,,,,,,,,,,,,,,,,,,,,,,,,,0,0,0,0,0,0,0,0,0,0,0,0,50,50,0,50,0,50,0,50,legacy_planted_id_v0_audited_equivalent_to_query_payload_v1
runs\lightning_completion\jigsaw-arxiv-random-topo-filterall-gcp-cpux8-v2-resume\summary.csv,C:\Users\Swastik\Desktop\Jigsaw\runs\lightning_completion\jigsaw-arxiv-random-topo-filterall-gcp-cpux8-v2-resume\results\prod_arxiv_fill_rtf_s20260608_q50_types_all_sizes20_50_100_filterall_component_b200_per_query.csv,arxiv,arxiv,20260608,arxiv,single,50,all,filterall_component,type_feat32,50,50,50,0,50,0,0,0,0,50,0,0.34066465174001676,0.335982864000016,0.380223508500262,50.54,51.0,50.18,3358.855971168186,8925.757450877936,1.0,0.005,1.0,1000000000.0,1000000000.0,1000000000.0,0.0,324.0270325200254,16.637619219991393,0,0,0,0,0,0,50,0,0,0,,,,,,,,,,,,,,,,,,,,,,,,,,,,,,,,,,,,,,,,,,,,,,,,,,,,,,,,,,,,,,,,,,,,,,,,,,,,,,,,,,,,,,,,,,,,,,,,,,,,,,,,,,,,,,,,,,,,,,0,0,0,0,0,0,0,0,0,0,0,0,50,50,0,50,0,50,0,50,legacy_planted_id_v0_audited_equivalent_to_query_payload_v1
runs\lightning_completion\jigsaw-arxiv-random-topo-filterall-gcp-cpux8-v2-resume\summary.csv,C:\Users\Swastik\Desktop\Jigsaw\runs\lightning_completion\jigsaw-arxiv-random-topo-filterall-gcp-cpux8-v2-resume\results\prod_arxiv_fill_rtf_s20260608_q50_types_all_sizes20_50_100_filterall_component_b200_per_query.csv,arxiv,arxiv,20260608,arxiv,single,100,all,filterall_component,type_feat32,50,50,50,0,50,0,0,0,0,50,0,0.3620179251599893,0.3561137980004787,0.41558665649977217,101.04,102.1,100.18,1677.9763069681403,3753.1480865677195,1.0,0.005,1.0,1000000000.0,1000000000.0,1000000000.0,0.0,331.26452075998714,30.753404400002182,0,0,0,0,0,0,50,0,0,0,,,,,,,,,,,,,,,,,,,,,,,,,,,,,,,,,,,,,,,,,,,,,,,,,,,,,,,,,,,,,,,,,,,,,,,,,,,,,,,,,,,,,,,,,,,,,,,,,,,,,,,,,,,,,,,,,,,,,,0,0,0,0,0,0,0,0,0,0,0,0,50,50,0,50,0,50,0,50,legacy_planted_id_v0_audited_equivalent_to_query_payload_v1
corrected_connected_rerun::prod_arxiv_connected_mf_mc_s20260608_q50_types_multi_fine_multi_coarse_sizes20_50_100_filterall_component_b200_per_query.csv,runs/lcr_arxiv_v3/results/prod_arxiv_connected_mf_mc_s20260608_q50_types_multi_fine_multi_coarse_sizes20_50_100_filterall_component_b200_per_query.csv,arxiv,arxiv,20260608,arxiv,multi_fine,20,all,filterall_component,type_feat32,50,50,50,0,50,0,0,0,0,50,0,0.37743628750001335,0.3744751464998899,0.4053943705000392,20.06,20.549999999999997,20.06,8442.958142857144,31202.475251314914,1.0,0.005,1.0,1000000000.0,1000000000.0,1000000000.0,0.0,366.95497032000276,10.481317180010592,0,0,0,0,0,0,50,0,0,0,,,,,,,,,,,,,,,,,,,,,,,,,,,,,,,,,,,,,,,,,,,,,,,,,,,,,,,,,,,,,,,,,,,,,,,,,,,,,,,,,,,,,,,,,,,,,,,,,,,,,,,,,,,,,,,,,,,,,,0,0,0,0,0,0,0,0,0,0,0,0,50,50,0,50,0,50,0,50,legacy_planted_id_v0_audited_equivalent_to_query_payload_v1
corrected_connected_rerun::prod_arxiv_connected_mf_mc_s20260608_q50_types_multi_fine_multi_coarse_sizes20_50_100_filterall_component_b200_per_query.csv,runs/lcr_arxiv_v3/results/prod_arxiv_connected_mf_mc_s20260608_q50_types_multi_fine_multi_coarse_sizes20_50_100_filterall_component_b200_per_query.csv,arxiv,arxiv,20260608,arxiv,multi_fine,50,all,filterall_component,type_feat32,50,50,50,0,50,0,0,0,0,50,0,0.37951857756000207,0.3758364539996819,0.4198090914500199,50.68,51.0,50.14,3350.0737578270655,10342.225252452277,1.0,0.005,1.0,1000000000.0,1000000000.0,1000000000.0,0.0,361.1587600000257,18.359817559976364,0,0,0,0,0,0,50,0,0,0,,,,,,,,,,,,,,,,,,,,,,,,,,,,,,,,,,,,,,,,,,,,,,,,,,,,,,,,,,,,,,,,,,,,,,,,,,,,,,,,,,,,,,,,,,,,,,,,,,,,,,,,,,,,,,,,,,,,,,0,0,0,0,0,0,0,0,0,0,0,0,50,50,0,50,0,50,0,50,legacy_planted_id_v0_audited_equivalent_to_query_payload_v1
corrected_connected_rerun::prod_arxiv_connected_mf_mc_s20260608_q50_types_multi_fine_multi_coarse_sizes20_50_100_filterall_component_b200_per_query.csv,runs/lcr_arxiv_v3/results/prod_arxiv_connected_mf_mc_s20260608_q50_types_multi_fine_multi_coarse_sizes20_50_100_filterall_component_b200_per_query.csv,arxiv,arxiv,20260608,arxiv,multi_fine,100,all,filterall_component,type_feat32,50,50,50,0,50,0,0,0,0,50,0,0.40187791892000857,0.3929957664997801,0.45952187200002753,100.08,101.0,99.98,1692.1225494266596,3896.7436561266554,1.0,0.005,1.0,1000000000.0,1000000000.0,1000000000.0,0.0,368.7223401999745,33.1555787200341,0,0,0,0,0,0,50,0,0,0,,,,,,,,,,,,,,,,,,,,,,,,,,,,,,,,,,,,,,,,,,,,,,,,,,,,,,,,,,,,,,,,,,,,,,,,,,,,,,,,,,,,,,,,,,,,,,,,,,,,,,,,,,,,,,,,,,,,,,0,0,0,0,0,0,0,0,0,0,0,0,50,50,0,50,0,50,0,50,legacy_planted_id_v0_audited_equivalent_to_query_payload_v1
runs\lightning_completion\jigsaw-arxiv-random-topo-filterall-gcp-cpux8-v2-resume\summary.csv,C:\Users\Swastik\Desktop\Jigsaw\runs\lightning_completion\jigsaw-arxiv-random-topo-filterall-gcp-cpux8-v2-resume\results\prod_arxiv_fill_rtf_s20260608_q50_types_all_sizes20_50_100_filterall_component_b200_per_query.csv,arxiv,arxiv,20260608,arxiv,k_hop,20,all,filterall_component,type_feat32,50,50,50,0,50,0,0,0,0,50,0,0.3263344131199756,0.3180797164998239,0.4123234739501413,19.82,20.0,19.78,8630.010971291866,32973.62004726472,5.76,0.0288,1.0,1000000000.0,1000000000.0,1000000000.0,0.0,317.4737813000047,8.860631819970877,0,0,0,0,0,0,50,0,0,0,,,,,,,,,,,,,,,,,,,,,,,,,,,,,,,,,,,,,,,,,,,,,,,,,,,,,,,,,,,,,,,,,,,,,,,,,,,,,,,,,,,,,,,,,,,,,,,,,,,,,,,,,,,,,,,,,,,,,,0,0,0,0,0,0,0,0,0,0,0,0,50,50,0,50,0,50,0,50,legacy_planted_id_v0_audited_equivalent_to_query_payload_v1
runs\lightning_completion\jigsaw-arxiv-random-topo-filterall-gcp-cpux8-v2-resume\summary.csv,C:\Users\Swastik\Desktop\Jigsaw\runs\lightning_completion\jigsaw-arxiv-random-topo-filterall-gcp-cpux8-v2-resume\results\prod_arxiv_fill_rtf_s20260608_q50_types_all_sizes20_50_100_filterall_component_b200_per_query.csv,arxiv,arxiv,20260608,arxiv,k_hop,50,all,filterall_component,type_feat32,50,50,50,0,50,0,0,0,0,50,0,0.339303250000039,0.3329945739994855,0.3916756329497957,50.68,52.55,50.22,3348.8327006190048,11177.586881223071,15.04,0.0752,1.0,1000000000.0,1000000000.0,1000000000.0,0.0,322.73149128001023,16.57175872002881,0,0,0,0,0,0,50,0,0,0,,,,,,,,,,,,,,,,,,,,,,,,,,,,,,,,,,,,,,,,,,,,,,,,,,,,,,,,,,,,,,,,,,,,,,,,,,,,,,,,,,,,,,,,,,,,,,,,,,,,,,,,,,,,,,,,,,,,,,0,0,0,0,0,0,0,0,0,0,0,0,50,50,0,50,0,50,0,50,legacy_planted_id_v0_audited_equivalent_to_query_payload_v1
runs\lightning_completion\jigsaw-arxiv-random-topo-filterall-gcp-cpux8-v2-resume\summary.csv,C:\Users\Swastik\Desktop\Jigsaw\runs\lightning_completion\jigsaw-arxiv-random-topo-filterall-gcp-cpux8-v2-resume\results\prod_arxiv_fill_rtf_s20260608_q50_types_all_sizes20_50_100_filterall_component_b200_per_query.csv,arxiv,arxiv,20260608,arxiv,k_hop,100,all,filterall_component,type_feat32,50,50,50,0,50,0,0,0,0,50,0,0.3600621539599797,0.3567206925001756,0.3740837109498898,100.86,103.0,100.38,1680.065334661653,4673.059033562593,24.2,0.121,1.0,1000000000.0,1000000000.0,1000000000.0,0.0,329.8713784999745,30.19077546000517,0,0,0,0,0,0,50,0,0,0,,,,,,,,,,,,,,,,,,,,,,,,,,,,,,,,,,,,,,,,,,,,,,,,,,,,,,,,,,,,,,,,,,,,,,,,,,,,,,,,,,,,,,,,,,,,,,,,,,,,,,,,,,,,,,,,,,,,,,0,0,0,0,0,0,0,0,0,0,0,0,50,50,0,50,0,50,0,50,legacy_planted_id_v0_audited_equivalent_to_query_payload_v1
runs\lightning_completion\jigsaw-arxiv-random-topo-filterall-gcp-cpux8-v2-resume\summary.csv,C:\Users\Swastik\Desktop\Jigsaw\runs\lightning_completion\jigsaw-arxiv-random-topo-filterall-gcp-cpux8-v2-resume\results\prod_arxiv_fill_rtf_s20260608_q50_types_all_sizes20_50_100_filterall_component_b200_per_query.csv,arxiv,arxiv,20260608,arxiv,degree_k_hop,20,all,filterall_component,type_feat32,50,50,50,0,50,0,0,0,0,50,0,0.32570111901999554,0.3211043084997982,0.3629908580496248,20.56,21.0,20.32,8343.258367965369,31595.996453995944,5.84,0.0292,1.0,1000000000.0,1000000000.0,1000000000.0,0.0,316.62594667999656,9.075172339998971,0,0,0,0,0,0,50,0,0,0,,,,,,,,,,,,,,,,,,,,,,,,,,,,,,,,,,,,,,,,,,,,,,,,,,,,,,,,,,,,,,,,,,,,,,,,,,,,,,,,,,,,,,,,,,,,,,,,,,,,,,,,,,,,,,,,,,,,,,0,0,0,0,0,0,0,0,0,0,0,0,50,50,0,50,0,50,0,50,legacy_planted_id_v0_audited_equivalent_to_query_payload_v1
runs\lightning_completion\jigsaw-arxiv-random-topo-filterall-gcp-cpux8-v2-resume\summary.csv,C:\Users\Swastik\Desktop\Jigsaw\runs\lightning_completion\jigsaw-arxiv-random-topo-filterall-gcp-cpux8-v2-resume\results\prod_arxiv_fill_rtf_s20260608_q50_types_all_sizes20_50_100_filterall_component_b200_per_query.csv,arxiv,arxiv,20260608,arxiv,degree_k_hop,50,all,filterall_component,type_feat32,50,50,50,0,50,0,0,0,0,50,0,0.34166126105996225,0.3359625570001299,0.38257156799966185,50.24,51.0,50.14,3371.12327919975,11057.081007243849,14.68,0.07339999999999999,1.0,1000000000.0,1000000000.0,1000000000.0,0.0,324.8923491399819,16.768911919980383,0,0,0,0,0,0,50,0,0,0,,,,,,,,,,,,,,,,,,,,,,,,,,,,,,,,,,,,,,,,,,,,,,,,,,,,,,,,,,,,,,,,,,,,,,,,,,,,,,,,,,,,,,,,,,,,,,,,,,,,,,,,,,,,,,,,,,,,,,0,0,0,0,0,0,0,0,0,0,0,0,50,50,0,50,0,50,0,50,legacy_planted_id_v0_audited_equivalent_to_query_payload_v1
runs\lightning_completion\jigsaw-arxiv-random-topo-filterall-gcp-cpux8-v2-resume\summary.csv,C:\Users\Swastik\Desktop\Jigsaw\runs\lightning_completion\jigsaw-arxiv-random-topo-filterall-gcp-cpux8-v2-resume\results\prod_arxiv_fill_rtf_s20260608_q50_types_all_sizes20_50_100_filterall_component_b200_per_query.csv,arxiv,arxiv,20260608,arxiv,degree_k_hop,100,all,filterall_component,type_feat32,50,50,50,0,50,0,0,0,0,50,0,0.3635904558400216,0.35599533250001514,0.418335979450012,100.4,102.0,100.16,1686.801298159685,4765.642275177999,22.16,0.1108,1.0,1000000000.0,1000000000.0,1000000000.0,0.0,333.48194106000847,30.108514780013138,0,0,0,0,0,0,50,0,0,0,,,,,,,,,,,,,,,,,,,,,,,,,,,,,,,,,,,,,,,,,,,,,,,,,,,,,,,,,,,,,,,,,,,,,,,,,,,,,,,,,,,,,,,,,,,,,,,,,,,,,,,,,,,,,,,,,,,,,,0,0,0,0,0,0,0,0,0,0,0,0,50,50,0,50,0,50,0,50,legacy_planted_id_v0_audited_equivalent_to_query_payload_v1
runs\lightning_completion\jigsaw-arxiv-random-topo-filterall-gcp-cpux8-v2-resume\summary.csv,C:\Users\Swastik\Desktop\Jigsaw\runs\lightning_completion\jigsaw-arxiv-random-topo-filterall-gcp-cpux8-v2-resume\results\prod_arxiv_fill_rtf_s20260608_q50_types_all_sizes20_50_100_filterall_component_b200_per_query.csv,arxiv,arxiv,20260608,arxiv,random_walk,20,all,filterall_component,type_feat32,50,50,50,0,50,0,0,0,0,50,0,0.32817444165991216,0.32025784349980313,0.41630666379985537,19.98,20.0,19.98,8480.906154061624,43265.50242032278,7.48,0.0374,1.0,1000000000.0,1000000000.0,1000000000.0,0.0,319.08922507996976,9.085216579942426,0,0,0,0,0,0,50,0,0,0,,,,,,,,,,,,,,,,,,,,,,,,,,,,,,,,,,,,,,,,,,,,,,,,,,,,,,,,,,,,,,,,,,,,,,,,,,,,,,,,,,,,,,,,,,,,,,,,,,,,,,,,,,,,,,,,,,,,,,0,0,0,0,0,0,0,0,0,0,0,0,50,50,0,50,0,50,0,50,legacy_planted_id_v0_audited_equivalent_to_query_payload_v1
runs\lightning_completion\jigsaw-arxiv-random-topo-filterall-gcp-cpux8-v2-resume\summary.csv,C:\Users\Swastik\Desktop\Jigsaw\runs\lightning_completion\jigsaw-arxiv-random-topo-filterall-gcp-cpux8-v2-resume\results\prod_arxiv_fill_rtf_s20260608_q50_types_all_sizes20_50_100_filterall_component_b200_per_query.csv,arxiv,arxiv,20260608,arxiv,random_walk,50,all,filterall_component,type_feat32,50,50,50,0,50,0,0,0,0,50,0,0.3420456612199541,0.33553476800011595,0.3882756400000516,50.58,51.55,50.3,3350.6812742751804,14401.242003761457,14.66,0.0733,1.0,1000000000.0,1000000000.0,1000000000.0,0.0,325.5030636199717,16.5425975999824,0,0,0,0,0,0,50,0,0,0,,,,,,,,,,,,,,,,,,,,,,,,,,,,,,,,,,,,,,,,,,,,,,,,,,,,,,,,,,,,,,,,,,,,,,,,,,,,,,,,,,,,,,,,,,,,,,,,,,,,,,,,,,,,,,,,,,,,,,0,0,0,0,0,0,0,0,0,0,0,0,50,50,0,50,0,50,0,50,legacy_planted_id_v0_audited_equivalent_to_query_payload_v1
runs\lightning_completion\jigsaw-arxiv-random-topo-filterall-gcp-cpux8-v2-resume\summary.csv,C:\Users\Swastik\Desktop\Jigsaw\runs\lightning_completion\jigsaw-arxiv-random-topo-filterall-gcp-cpux8-v2-resume\results\prod_arxiv_fill_rtf_s20260608_q50_types_all_sizes20_50_100_filterall_component_b200_per_query.csv,arxiv,arxiv,20260608,arxiv,random_walk,100,all,filterall_component,type_feat32,50,50,50,0,50,0,0,0,0,50,0,0.36291338695999914,0.3547282179999911,0.4323686610499635,101.38,103.55,100.78,1672.4410646891902,5991.82214120322,29.0,0.145,1.0,1000000000.0,1000000000.0,1000000000.0,0.0,333.52468842001144,29.388698539987672,0,0,0,0,0,0,50,0,0,0,,,,,,,,,,,,,,,,,,,,,,,,,,,,,,,,,,,,,,,,,,,,,,,,,,,,,,,,,,,,,,,,,,,,,,,,,,,,,,,,,,,,,,,,,,,,,,,,,,,,,,,,,,,,,,,,,,,,,,0,0,0,0,0,0,0,0,0,0,0,0,50,50,0,50,0,50,0,50,legacy_planted_id_v0_audited_equivalent_to_query_payload_v1
corrected_connected_rerun::prod_arxiv_connected_mf_mc_s20260608_q50_types_multi_fine_multi_coarse_sizes20_50_100_filterall_component_b200_per_query.csv,runs/lcr_arxiv_v3/results/prod_arxiv_connected_mf_mc_s20260608_q50_types_multi_fine_multi_coarse_sizes20_50_100_filterall_component_b200_per_query.csv,arxiv,arxiv,20260608,arxiv,multi_coarse,20,all,filterall_component,type_feat32,50,50,50,0,50,0,0,0,0,50,0,0.3699807838800371,0.363856237499931,0.4088015441999914,20.04,20.549999999999997,20.0,8454.443165945166,42787.135984455635,3.44,0.0172,1.0,1000000000.0,1000000000.0,1000000000.0,0.0,359.90191206003146,10.078871820005588,0,0,0,0,0,0,50,0,0,0,,,,,,,,,,,,,,,,,,,,,,,,,,,,,,,,,,,,,,,,,,,,,,,,,,,,,,,,,,,,,,,,,,,,,,,,,,,,,,,,,,,,,,,,,,,,,,,,,,,,,,,,,,,,,,,,,,,,,,0,0,0,0,0,0,0,0,0,0,0,0,50,50,0,50,0,50,0,50,legacy_planted_id_v0_audited_equivalent_to_query_payload_v1
corrected_connected_rerun::prod_arxiv_connected_mf_mc_s20260608_q50_types_multi_fine_multi_coarse_sizes20_50_100_filterall_component_b200_per_query.csv,runs/lcr_arxiv_v3/results/prod_arxiv_connected_mf_mc_s20260608_q50_types_multi_fine_multi_coarse_sizes20_50_100_filterall_component_b200_per_query.csv,arxiv,arxiv,20260608,arxiv,multi_coarse,50,all,filterall_component,type_feat32,50,50,50,0,50,0,0,0,0,50,0,0.3856207241199809,0.379211803500084,0.4529746894498885,50.46,53.19999999999999,50.04,3359.0631773849977,12277.38302290192,4.22,0.021099999999999997,1.0,1000000000.0,1000000000.0,1000000000.0,0.0,367.5067485999625,18.113975520018357,0,0,0,0,0,0,50,0,0,0,,,,,,,,,,,,,,,,,,,,,,,,,,,,,,,,,,,,,,,,,,,,,,,,,,,,,,,,,,,,,,,,,,,,,,,,,,,,,,,,,,,,,,,,,,,,,,,,,,,,,,,,,,,,,,,,,,,,,,0,0,0,0,0,0,0,0,0,0,0,0,50,50,0,50,0,50,0,50,legacy_planted_id_v0_audited_equivalent_to_query_payload_v1
corrected_connected_rerun::prod_arxiv_connected_mf_mc_s20260608_q50_types_multi_fine_multi_coarse_sizes20_50_100_filterall_component_b200_per_query.csv,runs/lcr_arxiv_v3/results/prod_arxiv_connected_mf_mc_s20260608_q50_types_multi_fine_multi_coarse_sizes20_50_100_filterall_component_b200_per_query.csv,arxiv,arxiv,20260608,arxiv,multi_coarse,100,all,filterall_component,type_feat32,50,50,50,0,50,0,0,0,0,50,0,0.39883563352002055,0.39510129950008377,0.4189109430000599,102.3,119.55,100.7,1660.2426339957226,4825.80175559173,4.46,0.0223,1.0,1000000000.0,1000000000.0,1000000000.0,0.0,366.74375898001927,32.0918745400013,0,0,0,0,0,0,50,0,0,0,,,,,,,,,,,,,,,,,,,,,,,,,,,,,,,,,,,,,,,,,,,,,,,,,,,,,,,,,,,,,,,,,,,,,,,,,,,,,,,,,,,,,,,,,,,,,,,,,,,,,,,,,,,,,,,,,,,,,,0,0,0,0,0,0,0,0,0,0,0,0,50,50,0,50,0,50,0,50,legacy_planted_id_v0_audited_equivalent_to_query_payload_v1
/workspace/jigsaw_pkg/runs/noid_negative_arxiv_v4/results/prod_arxiv_pv1_s20260608_neg_filterall_component_b200_per_query.csv,/workspace/jigsaw_pkg/runs/noid_negative_arxiv_v4/results/prod_arxiv_pv1_s20260608_neg_filterall_component_b200_per_query.csv,arxiv,arxiv,20260608,arxiv,negative_label,20,all,filterall_component,type_feat32,50,0,0,50,0,0,50,0,0,1,0,0.07616839707999588,0.07213865699998223,0.10986557195003,145.78,356.54999999999995,0.0,2215.03009797329,32486.788694868213,6.4,0.032,1.0,1000000000.0,1000000000.0,1000000000.0,0.0,76.16839707999588,0.0,0,0,0,0,0,0,0,0,0,0,query_payload_v1_negative_rerun_2026-08-01,50,0,,0,1,0,50,0,0.07616839708,0,0.07616839707999588,145.78,,,,,,,,0,,,,,,,,,,,,,,,,,,,,,,,,,,,,,,,,,,,,,,,,,,,,,,,,,,,,,,,,,,,,,,,,,,,,,,,,,,,,,,,,,,,,,,,,,,,,,,,0.02,0,0,0,0,0,0,0,0,0,0,0,0,0,0,0,0,0,0,0,0,0,query_payload_v1
/workspace/jigsaw_pkg/runs/noid_negative_arxiv_v4/results/prod_arxiv_pv1_s20260608_neg_filterall_component_b200_per_query.csv,/workspace/jigsaw_pkg/runs/noid_negative_arxiv_v4/results/prod_arxiv_pv1_s20260608_neg_filterall_component_b200_per_query.csv,arxiv,arxiv,20260608,arxiv,negative_label,50,all,filterall_component,type_feat32,50,0,0,50,0,0,50,0,0,1,0,0.0741073820600127,0.07355076099997859,0.094782988649996,268.0,611.4499999999999,0.0,1247.2001274315676,8568.590336973364,12.64,0.06319999999999998,1.0,1000000000.0,1000000000.0,1000000000.0,0.0,74.1073820600127,0.0,0,0,0,0,0,0,0,0,0,0,query_payload_v1_negative_rerun_2026-08-01,50,0,,0,1,0,50,0,0.07410738206,0,0.0741073820600127,268.0,,,,,,,,0,,,,,,,,,,,,,,,,,,,,,,,,,,,,,,,,,,,,,,,,,,,,,,,,,,,,,,,,,,,,,,,,,,,,,,,,,,,,,,,,,,,,,,,,,,,,,,,0.02,0,0,0,0,0,0,0,0,0,0,0,0,0,0,0,0,0,0,0,0,0,query_payload_v1
/workspace/jigsaw_pkg/runs/noid_negative_arxiv_v4/results/prod_arxiv_pv1_s20260608_neg_filterall_component_b200_per_query.csv,/workspace/jigsaw_pkg/runs/noid_negative_arxiv_v4/results/prod_arxiv_pv1_s20260608_neg_filterall_component_b200_per_query.csv,arxiv,arxiv,20260608,arxiv,negative_label,100,all,filterall_component,type_feat32,50,0,0,50,0,0,50,0,0,2,0,0.07877506406000066,0.07664851200007661,0.08977806644999191,533.92,1100.1,0.0,664.1273956831191,3735.565515772301,20.42,0.10210000000000004,1.0,1000000000.0,1000000000.0,1000000000.0,0.0,78.77506406000066,0.0,0,0,0,0,0,0,0,0,0,0,query_payload_v1_negative_rerun_2026-08-01,50,0,,0,1,0,50,0,0.07877506406,0,0.07877506406000066,533.92,,,,,,,,0,,,,,,,,,,,,,,,,,,,,,,,,,,,,,,,,,,,,,,,,,,,,,,,,,,,,,,,,,,,,,,,,,,,,,,,,,,,,,,,,,,,,,,,,,,,,,,,0.04,0,0,0,0,0,0,0,0,0,0,0,0,0,0,0,0,0,0,0,0,0,query_payload_v1
/workspace/jigsaw_pkg/runs/noid_negative_arxiv_v4/results/prod_arxiv_pv1_s20260608_neg_filterall_component_b200_per_query.csv,/workspace/jigsaw_pkg/runs/noid_negative_arxiv_v4/results/prod_arxiv_pv1_s20260608_neg_filterall_component_b200_per_query.csv,arxiv,arxiv,20260608,arxiv,negative_structure,20,all,filterall_component,type_feat32,50,0,0,50,0,0,50,0,0,50,0,0.0726107173000105,0.07208047199998191,0.08227592800001844,19.9,21.0,19.88,8576.135538239543,36332.54060202643,5.84,0.0292,1.0,1000000000.0,1000000000.0,1000000000.0,0.0,65.82528774000366,6.785429560006833,0,0,0,0,0,0,0,0,0,0,query_payload_v1_negative_rerun_2026-08-01,50,0,,0,1,0,50,0.00678542956001,0.06582528774,0,0.0726107173000105,19.9,,,,,,,,0,,,,,,,,,,,,,,,,,,,,,,,,,,,,,,,,,,,,,,,,,,,,,,,,,,,,,,,,,,,,,,,,,,,,,,,,,,,,,,,,,,,,,,,,,,,,,,,1,0,0,0,0,0,0,0,0,0,0,0,0,0,0,0,0,0,0,0,0,0,query_payload_v1
/workspace/jigsaw_pkg/runs/noid_negative_arxiv_v4/results/prod_arxiv_pv1_s20260608_neg_filterall_component_b200_per_query.csv,/workspace/jigsaw_pkg/runs/noid_negative_arxiv_v4/results/prod_arxiv_pv1_s20260608_neg_filterall_component_b200_per_query.csv,arxiv,arxiv,20260608,arxiv,negative_structure,50,all,filterall_component,type_feat32,50,0,0,50,0,0,50,0,0,50,0,0.08938207027998715,0.08830651799996758,0.10077322705000141,50.54,52.55,50.2,3352.6843982913147,9346.865911488589,11.3,0.056499999999999995,1.0,1000000000.0,1000000000.0,1000000000.0,0.0,78.73829487999728,10.643775399989863,0,0,0,0,0,0,0,0,0,0,query_payload_v1_negative_rerun_2026-08-01,50,0,,0,1,0,50,0.0106437754,0.07873829488,0,0.08938207027998715,50.54,,,,,,,,0,,,,,,,,,,,,,,,,,,,,,,,,,,,,,,,,,,,,,,,,,,,,,,,,,,,,,,,,,,,,,,,,,,,,,,,,,,,,,,,,,,,,,,,,,,,,,,,1,0,0,0,0,0,0,0,0,0,0,0,0,0,0,0,0,0,0,0,0,0,query_payload_v1
/workspace/jigsaw_pkg/runs/noid_negative_arxiv_v4/results/prod_arxiv_pv1_s20260608_neg_filterall_component_b200_per_query.csv,/workspace/jigsaw_pkg/runs/noid_negative_arxiv_v4/results/prod_arxiv_pv1_s20260608_neg_filterall_component_b200_per_query.csv,arxiv,arxiv,20260608,arxiv,negative_structure,100,all,filterall_component,type_feat32,50,0,0,50,0,0,50,0,0,50,0,0.09159718268000006,0.09309829050005192,0.10042135700001609,100.5,102.55,100.14,1685.2853606933882,4632.00644358148,21.08,0.10540000000000002,1.0,1000000000.0,1000000000.0,1000000000.0,0.0,74.3428073400014,17.25437533999866,0,0,0,0,0,0,0,0,0,0,query_payload_v1_negative_rerun_2026-08-01,50,0,,0,1,0,50,0.01725437534,0.07434280734,0,0.09159718268000006,100.5,,,,,,,,0,,,,,,,,,,,,,,,,,,,,,,,,,,,,,,,,,,,,,,,,,,,,,,,,,,,,,,,,,,,,,,,,,,,,,,,,,,,,,,,,,,,,,,,,,,,,,,,1,0,0,0,0,0,0,0,0,0,0,0,0,0,0,0,0,0,0,0,0,0,query_payload_v1
runs\lightning_mag_full\gcp_cpux8_w1_v3_neural_seed1_verify_final\summary.csv,runs\lightning_mag_full\gcp_cpux8_w1_v3_neural_seed1_verify_final\results\prod_mag_rgcn_seed7202_s20260607_q50_types_all_sizes20_50_100_neural_component_b20_50_100_200_500_1000_per_query.csv,mag,mag,20260607,mag_rgcn_best,single,20,hybrid,neural_component,type_rel_feat32,50,50,50,0,50,0,0,0,0,47,0,2.7061759637200087,0.35335697900006835,10.299163671849811,53125.8,288510.9,79.64,2675.064926649048,1126489.208790852,1.0,0.015311320754716981,0.44339622641509435,18.5,389.2499999999997,990.9099999999991,18.233183018885097,1269.519752698117,6.978343396226892,0,0,0,29,6,3,5,6,1,0,,,,,,,,,,,,,,,,,,,,,,,,,,,,,,,,,,,,,,,,,,,,,,,,,,,,,,,,,,,,,,,,,,,,,,,,,,,,,,,,,,,,,,,,,,,,,,,,,,,,,,,,,,,,,,,,,,,,,,0,0,0,0,0,0,29,29,6,35,3,38,5,43,6,49,1,50,0,50,legacy_planted_id_v0_audited_equivalent_to_query_payload_v1
runs\lightning_mag_full\gcp_cpux8_w1_v3_neural_seed1_verify_final\summary.csv,runs\lightning_mag_full\gcp_cpux8_w1_v3_neural_seed1_verify_final\results\prod_mag_rgcn_seed7202_s20260607_q50_types_all_sizes20_50_100_neural_component_b20_50_100_200_500_1000_per_query.csv,mag,mag,20260607,mag_rgcn_best,single,50,hybrid,neural_component,type_rel_feat32,50,50,50,0,50,0,0,0,0,48,0,2.0950845704800303,0.31708714649994363,10.038516074800555,40459.48,237861.44999999966,139.48,1927.5913953808067,1133903.4209987472,1.0,0.01864130434782609,0.5108695652173914,8.0,214.94999999999982,883.1399999999979,23.054831728260346,1123.1337299891493,15.499188749997657,0,0,0,33,6,2,4,5,0,0,,,,,,,,,,,,,,,,,,,,,,,,,,,,,,,,,,,,,,,,,,,,,,,,,,,,,,,,,,,,,,,,,,,,,,,,,,,,,,,,,,,,,,,,,,,,,,,,,,,,,,,,,,,,,,,,,,,,,,0,0,0,0,0,0,33,33,6,39,2,41,4,45,5,50,0,50,0,50,legacy_planted_id_v0_audited_equivalent_to_query_payload_v1
runs\lightning_mag_full\gcp_cpux8_w1_v3_neural_seed1_verify_final\summary.csv,runs\lightning_mag_full\gcp_cpux8_w1_v3_neural_seed1_verify_final\results\prod_mag_rgcn_seed7202_s20260607_q50_types_all_sizes20_50_100_neural_component_b20_50_100_200_500_1000_per_query.csv,mag,mag,20260607,mag_rgcn_best,single,100,hybrid,neural_component,type_rel_feat32,50,50,50,0,50,0,0,0,0,50,0,1.569688716280043,0.33427727099979165,6.918909562550651,37836.1,220740.69999999978,203.32,695.7637659580848,470297.0558086024,1.0,0.026641025641025644,0.6410256410256411,6.0,104.7999999999999,529.349999999999,25.240377038425066,981.8917221410595,24.31899342307075,0,0,0,40,2,1,5,1,1,0,,,,,,,,,,,,,,,,,,,,,,,,,,,,,,,,,,,,,,,,,,,,,,,,,,,,,,,,,,,,,,,,,,,,,,,,,,,,,,,,,,,,,,,,,,,,,,,,,,,,,,,,,,,,,,,,,,,,,,0,0,0,0,0,0,40,40,2,42,1,43,5,48,1,49,1,50,0,50,legacy_planted_id_v0_audited_equivalent_to_query_payload_v1
corrected_connected_rerun::prod_mag_seed7202_s20260607_q50_types_multi_fine_multi_coarse_sizes20_50_100_neural_component_b20_50_100_200_500_1000_per_query.csv,C:\Users\Swastik\Desktop\Jigsaw\runs\lcr_mag_v3\results\prod_mag_seed7202_s20260607_q50_types_multi_fine_multi_coarse_sizes20_50_100_neural_component_b20_50_100_200_500_1000_per_query.csv,mag,mag,20260607,mag_rgcn_best,multi_fine,20,hybrid,neural_component,type_rel_feat32,50,50,50,0,50,0,0,0,0,50,0,1.9719130927599964,0.31666168249989823,10.091087699099894,33650.48,112627.04999999992,91.94,6955.802163420606,1386944.0403867946,1.0,0.022174418604651164,0.5813953488372093,8.0,215.99999999999983,433.4199999999993,18.95763876742358,1136.7854885930328,9.675611848825442,0,0,0,35,5,4,2,3,1,0,,,,,,,,,,,,,,,,,,,,,,,,,,,,,,,,,,,,,,,,,,,,,,,,,,,,,,,,,,,,,,,,,,,,,,,,,,,,,,,,,,,,,,,,,,,,,,,,,,,,,,,,,,,,,,,,,,,,,,0,0,0,0,0,0,35,35,5,40,4,44,2,46,3,49,1,50,0,50,legacy_planted_id_v0_audited_equivalent_to_query_payload_v1
corrected_connected_rerun::prod_mag_seed7202_s20260607_q50_types_multi_fine_multi_coarse_sizes20_50_100_neural_component_b20_50_100_200_500_1000_per_query.csv,C:\Users\Swastik\Desktop\Jigsaw\runs\lcr_mag_v3\results\prod_mag_seed7202_s20260607_q50_types_multi_fine_multi_coarse_sizes20_50_100_neural_component_b20_50_100_200_500_1000_per_query.csv,mag,mag,20260607,mag_rgcn_best,multi_fine,50,hybrid,neural_component,type_rel_feat32,50,50,50,0,50,0,0,0,0,50,0,0.8377771001200108,0.2907313189998604,3.977371737400243,15135.32,41457.749999999985,213.12,2185.6203094391367,185716.79316347354,1.0,0.03476190476190476,0.7777777777777778,4.5,66.55,157.0199999999998,20.742125809481387,627.3089424285712,37.59351798413581,0,0,0,43,3,2,2,0,0,0,,,,,,,,,,,,,,,,,,,,,,,,,,,,,,,,,,,,,,,,,,,,,,,,,,,,,,,,,,,,,,,,,,,,,,,,,,,,,,,,,,,,,,,,,,,,,,,,,,,,,,,,,,,,,,,,,,,,,,0,0,0,0,0,0,43,43,3,46,2,48,2,50,0,50,0,50,0,50,legacy_planted_id_v0_audited_equivalent_to_query_payload_v1
corrected_connected_rerun::prod_mag_seed7202_s20260607_q50_types_multi_fine_multi_coarse_sizes20_50_100_neural_component_b20_50_100_200_500_1000_per_query.csv,C:\Users\Swastik\Desktop\Jigsaw\runs\lcr_mag_v3\results\prod_mag_seed7202_s20260607_q50_types_multi_fine_multi_coarse_sizes20_50_100_neural_component_b20_50_100_200_500_1000_per_query.csv,mag,mag,20260607,mag_rgcn_best,multi_fine,100,hybrid,neural_component,type_rel_feat32,50,50,50,0,50,0,0,0,0,50,0,0.4742483058399921,0.31227894600010586,0.9548997061999647,14048.64,27413.299999999985,216.82,216.39348066359904,53859.635587261175,1.0,0.04490740740740741,0.9259259259259259,3.0,19.0,41.39999999999992,24.728511240726693,404.80498949999924,34.31381220369716,0,0,0,48,1,0,1,0,0,0,,,,,,,,,,,,,,,,,,,,,,,,,,,,,,,,,,,,,,,,,,,,,,,,,,,,,,,,,,,,,,,,,,,,,,,,,,,,,,,,,,,,,,,,,,,,,,,,,,,,,,,,,,,,,,,,,,,,,,0,0,0,0,0,0,48,48,1,49,0,49,1,50,0,50,0,50,0,50,legacy_planted_id_v0_audited_equivalent_to_query_payload_v1
runs\lightning_mag_full\gcp_cpux8_w1_v3_neural_seed1_verify_final\summary.csv,runs\lightning_mag_full\gcp_cpux8_w1_v3_neural_seed1_verify_final\results\prod_mag_rgcn_seed7202_s20260607_q50_types_all_sizes20_50_100_neural_component_b20_50_100_200_500_1000_per_query.csv,mag,mag,20260607,mag_rgcn_best,k_hop,20,hybrid,neural_component,type_rel_feat32,50,48,50,0,48,0,0,0,0,46,0,4.197413710499986,1.8285367834998851,13.59725730835002,63167.94,375300.19999999984,233.62,5334.151631581355,850750.2988972054,10.02,0.06344444444444444,0.3299496630215584,1100.0,1951.1,1990.02,18.90105764441951,1541.2335780518467,13.364092503703702,0,0,0,17,12,5,4,9,1,0,,,,,,,,,,,,,,,,,,,,,,,,,,,,,,,,,,,,,,,,,,,,,,,,,,,,,,,,,,,,,,,,,,,,,,,,,,,,,,,,,,,,,,,,,,,,,,,,,,,,,,,,,,,,,,,,,,,,,,0,0,0,0,0,0,17,17,12,29,5,34,4,38,9,47,1,48,0,48,legacy_planted_id_v0_audited_equivalent_to_query_payload_v1
runs\lightning_mag_full\gcp_cpux8_w1_v3_neural_seed1_verify_final\summary.csv,runs\lightning_mag_full\gcp_cpux8_w1_v3_neural_seed1_verify_final\results\prod_mag_rgcn_seed7202_s20260607_q50_types_all_sizes20_50_100_neural_component_b20_50_100_200_500_1000_per_query.csv,mag,mag,20260607,mag_rgcn_best,k_hop,50,hybrid,neural_component,type_rel_feat32,50,44,50,0,44,0,0,0,1,39,1,6.318691490000074,3.4724107024999284,15.997123891650062,159784.42,518847.1499999999,874.48,2612.4486829835746,643306.3652888065,28.64,0.07510909090909092,0.2222618974343416,1708.5,1995.1,1998.02,20.162186194102105,1764.931752563638,149.82324440608147,0,0,0,13,9,6,2,8,6,0,,,,,,,,,,,,,,,,,,,,,,,,,,,,,,,,,,,,,,,,,,,,,,,,,,,,,,,,,,,,,,,,,,,,,,,,,,,,,,,,,,,,,,,,,,,,,,,,,,,,,,,,,,,,,,,,,,,,,,0,0,0,0,0,0,13,13,9,22,6,28,2,30,8,38,6,44,0,44,legacy_planted_id_v0_audited_equivalent_to_query_payload_v1
runs\lightning_mag_full\gcp_cpux8_w1_v3_neural_seed1_verify_final\summary.csv,runs\lightning_mag_full\gcp_cpux8_w1_v3_neural_seed1_verify_final\results\prod_mag_rgcn_seed7202_s20260607_q50_types_all_sizes20_50_100_neural_component_b20_50_100_200_500_1000_per_query.csv,mag,mag,20260607,mag_rgcn_best,k_hop,100,hybrid,neural_component,type_rel_feat32,50,46,50,0,46,0,0,0,1,46,1,7.3775273233400185,6.315066089999618,16.530085468249215,137269.3,514212.25,714.18,1074.2803921642098,212241.11848419314,51.64,0.1446467391304348,0.2637552220725586,1832.0,1991.0,1996.55,24.38166812489924,1877.931135065212,126.83172453805385,0,0,0,11,5,2,12,9,7,0,,,,,,,,,,,,,,,,,,,,,,,,,,,,,,,,,,,,,,,,,,,,,,,,,,,,,,,,,,,,,,,,,,,,,,,,,,,,,,,,,,,,,,,,,,,,,,,,,,,,,,,,,,,,,,,,,,,,,,0,0,0,0,0,0,11,11,5,16,2,18,12,30,9,39,7,46,0,46,legacy_planted_id_v0_audited_equivalent_to_query_payload_v1
runs\lightning_mag_full\gcp_cpux8_w1_v3_neural_seed1_verify_final\summary.csv,runs\lightning_mag_full\gcp_cpux8_w1_v3_neural_seed1_verify_final\results\prod_mag_rgcn_seed7202_s20260607_q50_types_all_sizes20_50_100_neural_component_b20_50_100_200_500_1000_per_query.csv,mag,mag,20260607,mag_rgcn_best,degree_k_hop,20,hybrid,neural_component,type_rel_feat32,50,48,50,0,48,0,0,0,1,49,1,3.4733925919199917,1.4289669029997185,14.382733487399644,54100.4,280141.0,464.38,11804.990888600953,915559.9720376711,10.44,0.06859829059829059,0.3186181646965961,1154.5,1903.1999999999998,1946.08,19.162366264920735,1371.5801155384506,112.77569297436636,0,0,0,24,7,6,4,5,2,0,,,,,,,,,,,,,,,,,,,,,,,,,,,,,,,,,,,,,,,,,,,,,,,,,,,,,,,,,,,,,,,,,,,,,,,,,,,,,,,,,,,,,,,,,,,,,,,,,,,,,,,,,,,,,,,,,,,,,,0,0,0,0,0,0,24,24,7,31,6,37,4,41,5,46,2,48,0,48,legacy_planted_id_v0_audited_equivalent_to_query_payload_v1
runs\lightning_mag_full\gcp_cpux8_w1_v3_neural_seed1_verify_final\summary.csv,runs\lightning_mag_full\gcp_cpux8_w1_v3_neural_seed1_verify_final\results\prod_mag_rgcn_seed7202_s20260607_q50_types_all_sizes20_50_100_neural_component_b20_50_100_200_500_1000_per_query.csv,mag,mag,20260607,mag_rgcn_best,degree_k_hop,50,hybrid,neural_component,type_rel_feat32,50,45,50,0,45,0,0,0,3,44,3,5.470063383419959,3.723772332499834,16.21253267104995,83453.58,406957.09999999974,1040.14,2451.0137823452624,325700.1372739706,26.46,0.10841843971631206,0.26943244237887404,1678.0,1963.25,1988.06,22.199551269514934,1684.3916931134554,255.3470953333385,0,0,0,17,7,3,7,9,2,0,,,,,,,,,,,,,,,,,,,,,,,,,,,,,,,,,,,,,,,,,,,,,,,,,,,,,,,,,,,,,,,,,,,,,,,,,,,,,,,,,,,,,,,,,,,,,,,,,,,,,,,,,,,,,,,,,,,,,,0,0,0,0,0,0,17,17,7,24,3,27,7,34,9,43,2,45,0,45,legacy_planted_id_v0_audited_equivalent_to_query_payload_v1
runs\lightning_mag_full\gcp_cpux8_w1_v3_neural_seed1_verify_final\summary.csv,runs\lightning_mag_full\gcp_cpux8_w1_v3_neural_seed1_verify_final\results\prod_mag_rgcn_seed7202_s20260607_q50_types_all_sizes20_50_100_neural_component_b20_50_100_200_500_1000_per_query.csv,mag,mag,20260607,mag_rgcn_best,degree_k_hop,100,hybrid,neural_component,type_rel_feat32,50,41,50,0,41,0,0,0,4,44,4,8.440003397500023,4.1873877175003145,24.732148961149818,148894.0,549466.95,2173.74,1266.7335869710876,204250.5756057533,54.74,0.1618092485549133,0.2536845316741683,1898.5,1992.65,1998.53,26.872798271636704,1922.4934235664866,516.8139167514389,0,0,0,6,14,6,3,5,7,0,,,,,,,,,,,,,,,,,,,,,,,,,,,,,,,,,,,,,,,,,,,,,,,,,,,,,,,,,,,,,,,,,,,,,,,,,,,,,,,,,,,,,,,,,,,,,,,,,,,,,,,,,,,,,,,,,,,,,,0,0,0,0,0,0,6,6,14,20,6,26,3,29,5,34,7,41,0,41,legacy_planted_id_v0_audited_equivalent_to_query_payload_v1
runs\lightning_mag_full\gcp_cpux8_w1_v3_neural_seed1_verify_final\summary.csv,runs\lightning_mag_full\gcp_cpux8_w1_v3_neural_seed1_verify_final\results\prod_mag_rgcn_seed7202_s20260607_q50_types_all_sizes20_50_100_neural_component_b20_50_100_200_500_1000_per_query.csv,mag,mag,20260607,mag_rgcn_best,random_walk,20,hybrid,neural_component,type_rel_feat32,50,45,50,0,45,0,0,0,0,39,0,9.141141163720048,9.71196572899953,17.707076921400038,110867.6,401854.24999999994,235.54,7400.014108712697,814589.1673383191,12.32,0.053683962264150946,0.3907174479433373,1456.0,1907.4499999999998,1934.81,18.98643077827874,2145.592198254724,10.337321490570536,0,0,0,4,6,7,7,9,12,0,,,,,,,,,,,,,,,,,,,,,,,,,,,,,,,,,,,,,,,,,,,,,,,,,,,,,,,,,,,,,,,,,,,,,,,,,,,,,,,,,,,,,,,,,,,,,,,,,,,,,,,,,,,,,,,,,,,,,,0,0,0,0,0,0,4,4,6,10,7,17,7,24,9,33,12,45,0,45,legacy_planted_id_v0_audited_equivalent_to_query_payload_v1
runs\lightning_mag_full\gcp_cpux8_w1_v3_neural_seed1_verify_final\summary.csv,runs\lightning_mag_full\gcp_cpux8_w1_v3_neural_seed1_verify_final\results\prod_mag_rgcn_seed7202_s20260607_q50_types_all_sizes20_50_100_neural_component_b20_50_100_200_500_1000_per_query.csv,mag,mag,20260607,mag_rgcn_best,random_walk,50,hybrid,neural_component,type_rel_feat32,50,30,50,0,30,0,0,0,1,28,1,14.457553381519974,15.987506126502922,19.077644208550737,245342.14,512685.69999999995,1274.0,980.2615390660285,202583.48827741423,29.14,0.07015217391304349,0.3531537614714065,1772.5,1981.7,1997.06,20.317351811515266,2543.7856185217765,75.33637088401547,0,0,0,0,1,2,0,14,13,0,,,,,,,,,,,,,,,,,,,,,,,,,,,,,,,,,,,,,,,,,,,,,,,,,,,,,,,,,,,,,,,,,,,,,,,,,,,,,,,,,,,,,,,,,,,,,,,,,,,,,,,,,,,,,,,,,,,,,,0,0,0,0,0,0,0,0,1,1,2,3,0,3,14,17,13,30,0,30,legacy_planted_id_v0_audited_equivalent_to_query_payload_v1
runs\lightning_mag_full\gcp_cpux8_w1_v3_neural_seed1_verify_final\summary.csv,runs\lightning_mag_full\gcp_cpux8_w1_v3_neural_seed1_verify_final\results\prod_mag_rgcn_seed7202_s20260607_q50_types_all_sizes20_50_100_neural_component_b20_50_100_200_500_1000_per_query.csv,mag,mag,20260607,mag_rgcn_best,random_walk,100,hybrid,neural_component,type_rel_feat32,50,11,50,0,11,0,0,0,3,8,3,17.90601119881996,17.25997179849992,25.303985129050062,368715.76,559587.55,2567.98,454.5263697720165,92978.63478650321,58.56,0.09536026936026935,0.30744351435320905,1928.0,1995.6499999999999,1998.0,26.817216895670274,2804.319110363618,210.16088943772218,0,0,0,0,0,0,0,2,9,0,,,,,,,,,,,,,,,,,,,,,,,,,,,,,,,,,,,,,,,,,,,,,,,,,,,,,,,,,,,,,,,,,,,,,,,,,,,,,,,,,,,,,,,,,,,,,,,,,,,,,,,,,,,,,,,,,,,,,,0,0,0,0,0,0,0,0,0,0,0,0,0,0,2,2,9,11,0,11,legacy_planted_id_v0_audited_equivalent_to_query_payload_v1
corrected_connected_rerun::prod_mag_seed7202_s20260607_q50_types_multi_fine_multi_coarse_sizes20_50_100_neural_component_b20_50_100_200_500_1000_per_query.csv,C:\Users\Swastik\Desktop\Jigsaw\runs\lcr_mag_v3\results\prod_mag_seed7202_s20260607_q50_types_multi_fine_multi_coarse_sizes20_50_100_neural_component_b20_50_100_200_500_1000_per_query.csv,mag,mag,20260607,mag_rgcn_best,multi_coarse,20,hybrid,neural_component,type_rel_feat32,50,35,50,0,35,0,0,0,1,32,1,13.079811917040047,16.1607148399994,17.417397937650342,212741.5,474816.6499999997,356.5,2472.9800384662685,1571602.4658468005,4.26,0.013915384615384614,0.38724358974358974,974.5,1857.9499999999998,1915.1699999999998,18.064197357681714,2477.259572761549,38.08887282307558,0,0,0,1,1,1,5,14,13,0,,,,,,,,,,,,,,,,,,,,,,,,,,,,,,,,,,,,,,,,,,,,,,,,,,,,,,,,,,,,,,,,,,,,,,,,,,,,,,,,,,,,,,,,,,,,,,,,,,,,,,,,,,,,,,,,,,,,,,0,0,0,0,0,0,1,1,1,2,1,3,5,8,14,22,13,35,0,35,legacy_planted_id_v0_audited_equivalent_to_query_payload_v1
corrected_connected_rerun::prod_mag_seed7202_s20260607_q50_types_multi_fine_multi_coarse_sizes20_50_100_neural_component_b20_50_100_200_500_1000_per_query.csv,C:\Users\Swastik\Desktop\Jigsaw\runs\lcr_mag_v3\results\prod_mag_seed7202_s20260607_q50_types_multi_fine_multi_coarse_sizes20_50_100_neural_component_b20_50_100_200_500_1000_per_query.csv,mag,mag,20260607,mag_rgcn_best,multi_coarse,50,hybrid,neural_component,type_rel_feat32,50,36,50,0,36,0,0,0,0,34,1,13.291678737759975,15.730137422499865,18.393757257899637,335376.96,608826.25,513.22,262.88565962675847,404403.9794744951,4.16,0.016597744360902257,0.4482456140350877,639.0,1781.6499999999996,1921.9399999999998,20.90672271428342,2458.8609107857123,39.57494217668928,0,0,0,1,2,0,3,15,15,0,,,,,,,,,,,,,,,,,,,,,,,,,,,,,,,,,,,,,,,,,,,,,,,,,,,,,,,,,,,,,,,,,,,,,,,,,,,,,,,,,,,,,,,,,,,,,,,,,,,,,,,,,,,,,,,,,,,,,,0,0,0,0,0,0,1,1,2,3,0,3,3,6,15,21,15,36,0,36,legacy_planted_id_v0_audited_equivalent_to_query_payload_v1
corrected_connected_rerun::prod_mag_seed7202_s20260607_q50_types_multi_fine_multi_coarse_sizes20_50_100_neural_component_b20_50_100_200_500_1000_per_query.csv,C:\Users\Swastik\Desktop\Jigsaw\runs\lcr_mag_v3\results\prod_mag_seed7202_s20260607_q50_types_multi_fine_multi_coarse_sizes20_50_100_neural_component_b20_50_100_200_500_1000_per_query.csv,mag,mag,20260607,mag_rgcn_best,multi_coarse,100,hybrid,neural_component,type_rel_feat32,50,37,50,0,37,0,0,0,0,30,0,11.900390586439961,15.611739857999737,16.847155511500297,378823.74,649613.2,453.08,186.6521566129938,235629.56385222293,4.16,0.01950197628458498,0.48965744400527006,576.5,1569.249999999999,1833.1299999999997,25.362177300381667,2334.6380262213384,17.217820901183774,0,0,0,0,4,4,4,11,14,0,,,,,,,,,,,,,,,,,,,,,,,,,,,,,,,,,,,,,,,,,,,,,,,,,,,,,,,,,,,,,,,,,,,,,,,,,,,,,,,,,,,,,,,,,,,,,,,,,,,,,,,,,,,,,,,,,,,,,,0,0,0,0,0,0,0,0,4,4,4,8,4,12,11,23,14,37,0,37,legacy_planted_id_v0_audited_equivalent_to_query_payload_v1
/workspace/jigsaw_pkg/runs/noid_negative_mag_v3/results/prod_mag_pv1_s20260607_neg_neural_component_b20_50_100_200_500_1000_per_query.csv,/workspace/jigsaw_pkg/runs/noid_negative_mag_v3/results/prod_mag_pv1_s20260607_neg_neural_component_b20_50_100_200_500_1000_per_query.csv,mag,mag,20260607,mag_walkaware_best,negative_label,20,hybrid,neural_component,type_rel_feat32,50,0,0,50,0,0,50,0,0,10,0,8.828751451919906,8.783154793501126,10.0673434477007,190003.24,554441.7,0.0,9890.440111202239,680658.3980423171,10.54,0.03968666666666661,0.5262887387666801,1134.5,1978.75,1992.5700000000002,17.9410516399912,1471.4585753199844,0.0,0,0,0,0,0,0,0,0,0,0,query_payload_v1_negative_rerun_2026-08-01,50,0,,0,1,0,50,0,1.47145857532,0.01794105164,8.828751451919906,190003.24,,,,,,,,0,,,,,,,,,,,,,,,,,,,,,,,,,,,,,,,,,,,,,,,,,,,,,,,,,,,,,,,,,,,,,,,,,,,,,,,,,,,,,,,,,,,,,,,,,,,,,,,0.2,0,0,0,0,0,0,0,0,0,0,0,0,0,0,0,0,0,0,0,0,0,query_payload_v1
/workspace/jigsaw_pkg/runs/noid_negative_mag_v3/results/prod_mag_pv1_s20260607_neg_neural_component_b20_50_100_200_500_1000_per_query.csv,/workspace/jigsaw_pkg/runs/noid_negative_mag_v3/results/prod_mag_pv1_s20260607_neg_neural_component_b20_50_100_200_500_1000_per_query.csv,mag,mag,20260607,mag_walkaware_best,negative_label,50,hybrid,neural_component,type_rel_feat32,50,0,0,50,0,0,50,0,0,12,0,8.605029627460008,8.555964374499126,9.049254391298883,289472.26,574127.15,0.0,1881.3938131628422,408404.62514332496,23.94,0.09196666666666661,0.5231800244361895,1575.5,1991.5,1999.02,21.635079539992148,1434.171604576668,0.0,0,0,0,0,0,0,0,0,0,0,query_payload_v1_negative_rerun_2026-08-01,50,0,,0,1,0,50,0,1.43417160458,0.02163507954,8.605029627460008,289472.26,,,,,,,,0,,,,,,,,,,,,,,,,,,,,,,,,,,,,,,,,,,,,,,,,,,,,,,,,,,,,,,,,,,,,,,,,,,,,,,,,,,,,,,,,,,,,,,,,,,,,,,,0.24,0,0,0,0,0,0,0,0,0,0,0,0,0,0,0,0,0,0,0,0,0,query_payload_v1
/workspace/jigsaw_pkg/runs/noid_negative_mag_v3/results/prod_mag_pv1_s20260607_neg_neural_component_b20_50_100_200_500_1000_per_query.csv,/workspace/jigsaw_pkg/runs/noid_negative_mag_v3/results/prod_mag_pv1_s20260607_neg_neural_component_b20_50_100_200_500_1000_per_query.csv,mag,mag,20260607,mag_walkaware_best,negative_label,100,hybrid,neural_component,type_rel_feat32,50,0,0,50,0,0,50,0,0,9,0,8.781895958820023,8.733007286999964,9.20815654229914,349603.5,679431.5499999998,0.0,845.9496772458563,132380.18039059557,52.46,0.13631666666666656,0.4361286419104792,1814.5,1995.1,1997.02,27.53828185996099,1463.6493264700039,0.0,0,0,0,0,0,0,0,0,0,0,query_payload_v1_negative_rerun_2026-08-01,50,0,,0,1,0,50,0,1.46364932647,0.02753828186,8.781895958820023,349603.5,,,,,,,,0,,,,,,,,,,,,,,,,,,,,,,,,,,,,,,,,,,,,,,,,,,,,,,,,,,,,,,,,,,,,,,,,,,,,,,,,,,,,,,,,,,,,,,,,,,,,,,,0.18,0,0,0,0,0,0,0,0,0,0,0,0,0,0,0,0,0,0,0,0,0,query_payload_v1
/workspace/jigsaw_pkg/runs/noid_negative_mag_v3/results/prod_mag_pv1_s20260607_neg_neural_component_b20_50_100_200_500_1000_per_query.csv,/workspace/jigsaw_pkg/runs/noid_negative_mag_v3/results/prod_mag_pv1_s20260607_neg_neural_component_b20_50_100_200_500_1000_per_query.csv,mag,mag,20260607,mag_walkaware_best,negative_structure,20,hybrid,neural_component,type_rel_feat32,50,1,0,50,0,1,49,0,0,48,0,8.656195130779889,8.683204340999964,10.517797986350706,208021.1,508164.75,338.9,6983.8029824907835,765815.1759787045,11.24,0.05423569023569019,0.5753545737948584,1218.0,1959.9499999999998,1982.34,18.251464141444146,1444.9737607440904,12.298146794611096,0,0,0,0,0,1,0,0,0,0,query_payload_v1_negative_rerun_2026-08-01,50,0.02,,0.02,0.98,1,49,0.0122981467946,1.44497376074,0.0182514641414,8.656195130779889,208021.1,,,,,,,,0,,,,,,,,,,,,,,,,,,,,,,,,,,,,,,,,,,,,,,,,,,,,,,,,,,,,,,,,,,,,,,,,,,,,,,,,,,,,,,,,,,,,,,,,,,,,,,,0.96,0,0,0,0,0,0,0,0,0,0,0,1,1,0,1,0,1,0,1,0,1,query_payload_v1
/workspace/jigsaw_pkg/runs/noid_negative_mag_v3/results/prod_mag_pv1_s20260607_neg_neural_component_b20_50_100_200_500_1000_per_query.csv,/workspace/jigsaw_pkg/runs/noid_negative_mag_v3/results/prod_mag_pv1_s20260607_neg_neural_component_b20_50_100_200_500_1000_per_query.csv,mag,mag,20260607,mag_walkaware_best,negative_structure,50,hybrid,neural_component,type_rel_feat32,50,0,0,50,0,0,49,1,1,45,1,9.116409536500141,8.756244987500395,10.677918951001265,243537.2,549461.75,757.58,3013.645894848907,191508.12125521983,24.76,0.09484615384615386,0.535503339182796,1587.0,1958.05,1973.1799999999998,21.441055632128815,1448.8037058361192,75.67949424751639,0,0,0,0,0,0,0,0,0,0,query_payload_v1_negative_rerun_2026-08-01,50,0,,0,0.98,0,50,0.0756794942475,1.44880370584,0.0214410556321,9.116409536500141,243537.2,,,,,,,,1,,,,,,,,,,,,,,,,,,,,,,,,,,,,,,,,,,,,,,,,,,,,,,,,,,,,,,,,,,,,,,,,,,,,,,,,,,,,,,,,,,,,,,,,,,,,,,,0.9,0.02,0,0,0,0,0,0,0,0,0,0,0,0,0,0,0,0,0,0,0,0,query_payload_v1
/workspace/jigsaw_pkg/runs/noid_negative_mag_v3/results/prod_mag_pv1_s20260607_neg_neural_component_b20_50_100_200_500_1000_per_query.csv,/workspace/jigsaw_pkg/runs/noid_negative_mag_v3/results/prod_mag_pv1_s20260607_neg_neural_component_b20_50_100_200_500_1000_per_query.csv,mag,mag,20260607,mag_walkaware_best,negative_structure,100,hybrid,neural_component,type_rel_feat32,50,0,0,50,0,0,50,0,0,47,0,8.920162858379973,8.811938143499447,9.698523643700081,342185.66,675374.8999999999,512.08,1029.1324787357246,82609.57539439712,52.86,0.13639666666666683,0.44676658409697545,1847.5,1991.65,1998.02,27.492306179992738,1458.3172274733472,28.37658225664806,0,0,0,0,0,0,0,0,0,0,query_payload_v1_negative_rerun_2026-08-01,50,0,,0,1,0,50,0.0283765822566,1.45831722747,0.02749230618,8.920162858379973,342185.66,,,,,,,,0,,,,,,,,,,,,,,,,,,,,,,,,,,,,,,,,,,,,,,,,,,,,,,,,,,,,,,,,,,,,,,,,,,,,,,,,,,,,,,,,,,,,,,,,,,,,,,,0.94,0,0,0,0,0,0,0,0,0,0,0,0,0,0,0,0,0,0,0,0,0,query_payload_v1
runs\lightning_mag_full\jigsaw-mag-gcp-cpux8-mean-s20260607-v1\summary.csv,runs\lightning_mag_full\jigsaw-mag-gcp-cpux8-mean-s20260607-v1\results\prod_mag_rgcn_seed7202_s20260607_q50_types_all_sizes20_50_100_mean_feature_component_b20_50_100_200_500_1000_per_query.csv,mag,mag,20260607,mag,single,20,mean_feature,mean_feature_component,type_rel_feat32,50,41,50,0,41,0,0,0,0,40,0,4.695263629699998,3.563050797499784,10.764116714899949,104379.06,375049.69999999995,90.92,2732.0622351362545,1339258.1819236833,1.0,0.0032052631578947366,0.2,138.5,1506.3,1743.9799999999993,0.5960454420879183,1229.9033583631585,5.692333663156852,0,0,0,10,5,5,9,7,5,0,,,,,,,,,,,,,,,,,,,,,,,,,,,,,,,,,,,,,,,,,,,,,,,,,,,,,,,,,,,,,,,,,,,,,,,,,,,,,,,,,,,,,,,,,,,,,,,,,,,,,,,,,,,,,,,,,,,,,,0,0,0,0,0,0,10,10,5,15,5,20,9,29,7,36,5,41,0,41,legacy_planted_id_v0_audited_equivalent_to_query_payload_v1
runs\lightning_mag_full\jigsaw-mag-gcp-cpux8-mean-s20260607-v1\summary.csv,runs\lightning_mag_full\jigsaw-mag-gcp-cpux8-mean-s20260607-v1\results\prod_mag_rgcn_seed7202_s20260607_q50_types_all_sizes20_50_100_mean_feature_component_b20_50_100_200_500_1000_per_query.csv,mag,mag,20260607,mag,single,50,mean_feature,mean_feature_component,type_rel_feat32,50,42,50,0,42,0,0,0,0,41,0,4.826784683320074,3.3493346705004114,11.88690532680107,134366.72,551457.3499999995,134.32,2099.846589210901,242121.14937542708,1.0,0.005022598870056497,0.22598870056497175,137.0,1459.5,1819.8299999999995,0.6239211185451197,1356.3370692316382,7.16142888137708,0,0,0,16,4,3,6,6,7,0,,,,,,,,,,,,,,,,,,,,,,,,,,,,,,,,,,,,,,,,,,,,,,,,,,,,,,,,,,,,,,,,,,,,,,,,,,,,,,,,,,,,,,,,,,,,,,,,,,,,,,,,,,,,,,,,,,,,,,0,0,0,0,0,0,16,16,4,20,3,23,6,29,6,35,7,42,0,42,legacy_planted_id_v0_audited_equivalent_to_query_payload_v1
runs\lightning_mag_full\jigsaw-mag-gcp-cpux8-mean-s20260607-v1\summary.csv,runs\lightning_mag_full\jigsaw-mag-gcp-cpux8-mean-s20260607-v1\results\prod_mag_rgcn_seed7202_s20260607_q50_types_all_sizes20_50_100_mean_feature_component_b20_50_100_200_500_1000_per_query.csv,mag,mag,20260607,mag,single,100,mean_feature,mean_feature_component,type_rel_feat32,50,43,50,0,43,0,0,0,0,43,0,4.128491566259799,2.7589815169994836,11.536019531798683,149430.86,486130.69999999995,158.94,715.5630396126539,327367.7158900221,1.0,0.00717948717948718,0.2692307692307692,49.5,1364.6499999999996,1866.32,0.6170247244578301,1313.02170679483,10.212769570490565,0,0,0,20,5,4,2,8,4,0,,,,,,,,,,,,,,,,,,,,,,,,,,,,,,,,,,,,,,,,,,,,,,,,,,,,,,,,,,,,,,,,,,,,,,,,,,,,,,,,,,,,,,,,,,,,,,,,,,,,,,,,,,,,,,,,,,,,,,0,0,0,0,0,0,20,20,5,25,4,29,2,31,8,39,4,43,0,43,legacy_planted_id_v0_audited_equivalent_to_query_payload_v1
corrected_connected_rerun::prod_mag_seed7202_s20260607_q50_types_multi_fine_multi_coarse_sizes20_50_100_mean_feature_component_b20_50_100_200_500_1000_per_query.csv,C:\Users\Swastik\Desktop\Jigsaw\runs\lcr_mag_v3\results\prod_mag_seed7202_s20260607_q50_types_multi_fine_multi_coarse_sizes20_50_100_mean_feature_component_b20_50_100_200_500_1000_per_query.csv,mag,mag,20260607,mag,multi_fine,20,mean_feature,mean_feature_component,type_rel_feat32,50,43,50,0,43,0,0,0,0,42,0,4.607025099739876,1.3599785045007593,11.922571934150346,90385.3,338509.69999999995,83.5,6480.31211329954,1044002.3115758158,1.0,0.0066319018404907976,0.24539877300613497,59.0,1566.3999999999992,1876.9499999999998,0.6863010676616611,1408.5296919999726,4.668191355817642,0,0,0,21,4,3,0,7,8,0,,,,,,,,,,,,,,,,,,,,,,,,,,,,,,,,,,,,,,,,,,,,,,,,,,,,,,,,,,,,,,,,,,,,,,,,,,,,,,,,,,,,,,,,,,,,,,,,,,,,,,,,,,,,,,,,,,,,,,0,0,0,0,0,0,21,21,4,25,3,28,0,28,7,35,8,43,0,43,legacy_planted_id_v0_audited_equivalent_to_query_payload_v1
corrected_connected_rerun::prod_mag_seed7202_s20260607_q50_types_multi_fine_multi_coarse_sizes20_50_100_mean_feature_component_b20_50_100_200_500_1000_per_query.csv,C:\Users\Swastik\Desktop\Jigsaw\runs\lcr_mag_v3\results\prod_mag_seed7202_s20260607_q50_types_multi_fine_multi_coarse_sizes20_50_100_mean_feature_component_b20_50_100_200_500_1000_per_query.csv,mag,mag,20260607,mag,multi_fine,50,mean_feature,mean_feature_component,type_rel_feat32,50,40,50,0,40,0,0,0,0,40,0,4.600283364259958,1.6021921125002336,13.276323431347464,109470.8,476778.39999999985,192.14,2082.3261960229715,260278.0079632679,1.0,0.007740259740259742,0.2532467532467532,41.0,1594.3499999999995,1931.42,0.7221311493772014,1478.3897935649056,15.20870132469111,0,0,0,22,4,4,2,4,4,0,,,,,,,,,,,,,,,,,,,,,,,,,,,,,,,,,,,,,,,,,,,,,,,,,,,,,,,,,,,,,,,,,,,,,,,,,,,,,,,,,,,,,,,,,,,,,,,,,,,,,,,,,,,,,,,,,,,,,,0,0,0,0,0,0,22,22,4,26,4,30,2,32,4,36,4,40,0,40,legacy_planted_id_v0_audited_equivalent_to_query_payload_v1
corrected_connected_rerun::prod_mag_seed7202_s20260607_q50_types_multi_fine_multi_coarse_sizes20_50_100_mean_feature_component_b20_50_100_200_500_1000_per_query.csv,C:\Users\Swastik\Desktop\Jigsaw\runs\lcr_mag_v3\results\prod_mag_seed7202_s20260607_q50_types_multi_fine_multi_coarse_sizes20_50_100_mean_feature_component_b20_50_100_200_500_1000_per_query.csv,mag,mag,20260607,mag,multi_fine,100,mean_feature,mean_feature_component,type_rel_feat32,50,45,50,0,45,0,0,0,0,45,0,4.038107069019788,1.6614284169991151,13.374183091098073,136837.84,525427.2999999999,197.54,230.68533555678746,338973.3179710497,1.0,0.008072368421052632,0.29605263157894735,57.0,1466.75,1769.1899999999996,0.592333111734134,1317.7044042236048,10.620289532904568,0,0,0,22,2,4,6,6,5,0,,,,,,,,,,,,,,,,,,,,,,,,,,,,,,,,,,,,,,,,,,,,,,,,,,,,,,,,,,,,,,,,,,,,,,,,,,,,,,,,,,,,,,,,,,,,,,,,,,,,,,,,,,,,,,,,,,,,,,0,0,0,0,0,0,22,22,2,24,4,28,6,34,6,40,5,45,0,45,legacy_planted_id_v0_audited_equivalent_to_query_payload_v1
runs\lightning_mag_full\jigsaw-mag-gcp-cpux8-mean-s20260607-v1\summary.csv,runs\lightning_mag_full\jigsaw-mag-gcp-cpux8-mean-s20260607-v1\results\prod_mag_rgcn_seed7202_s20260607_q50_types_all_sizes20_50_100_mean_feature_component_b20_50_100_200_500_1000_per_query.csv,mag,mag,20260607,mag,k_hop,20,mean_feature,mean_feature_component,type_rel_feat32,50,42,50,0,42,0,0,0,0,39,0,4.827307654099959,4.574957477999305,10.804076608299487,94310.82,423225.39999999997,172.38,5458.522549877481,1023662.7042299326,10.02,0.032953125,0.28547813246802217,1687.0,1990.1,1995.51,0.6331932031429233,1250.7795587604135,6.331809494784106,0,0,0,12,3,4,7,10,6,0,,,,,,,,,,,,,,,,,,,,,,,,,,,,,,,,,,,,,,,,,,,,,,,,,,,,,,,,,,,,,,,,,,,,,,,,,,,,,,,,,,,,,,,,,,,,,,,,,,,,,,,,,,,,,,,,,,,,,,0,0,0,0,0,0,12,12,3,15,4,19,7,26,10,36,6,42,0,42,legacy_planted_id_v0_audited_equivalent_to_query_payload_v1
runs\lightning_mag_full\jigsaw-mag-gcp-cpux8-mean-s20260607-v1\summary.csv,runs\lightning_mag_full\jigsaw-mag-gcp-cpux8-mean-s20260607-v1\results\prod_mag_rgcn_seed7202_s20260607_q50_types_all_sizes20_50_100_mean_feature_component_b20_50_100_200_500_1000_per_query.csv,mag,mag,20260607,mag,k_hop,50,mean_feature,mean_feature_component,type_rel_feat32,50,38,50,0,38,0,0,0,1,37,1,7.1797470180798335,8.376597927999683,11.899808996949332,279604.5,623521.7999999999,1142.04,2561.0298567382833,276455.8227756221,28.64,0.047473684210526314,0.1916200061826873,1904.5,1998.1,1999.51,0.6141827630934833,1448.647808359634,125.85811665787348,0,0,0,7,5,0,4,9,13,0,,,,,,,,,,,,,,,,,,,,,,,,,,,,,,,,,,,,,,,,,,,,,,,,,,,,,,,,,,,,,,,,,,,,,,,,,,,,,,,,,,,,,,,,,,,,,,,,,,,,,,,,,,,,,,,,,,,,,,0,0,0,0,0,0,7,7,5,12,0,12,4,16,9,25,13,38,0,38,legacy_planted_id_v0_audited_equivalent_to_query_payload_v1
runs\lightning_mag_full\jigsaw-mag-gcp-cpux8-mean-s20260607-v1\summary.csv,runs\lightning_mag_full\jigsaw-mag-gcp-cpux8-mean-s20260607-v1\results\prod_mag_rgcn_seed7202_s20260607_q50_types_all_sizes20_50_100_mean_feature_component_b20_50_100_200_500_1000_per_query.csv,mag,mag,20260607,mag,k_hop,100,mean_feature,mean_feature_component,type_rel_feat32,50,35,50,0,35,0,0,0,1,34,1,7.898045182359856,8.26226065100036,14.202182638201243,216004.64,644915.8,633.38,969.7959828523879,275645.48979378364,51.64,0.09450862068965518,0.2207857693544302,1920.0,1997.5500000000002,1999.51,0.6418680561794111,1601.0550847197858,101.10982527156263,0,0,0,6,3,1,4,14,7,0,,,,,,,,,,,,,,,,,,,,,,,,,,,,,,,,,,,,,,,,,,,,,,,,,,,,,,,,,,,,,,,,,,,,,,,,,,,,,,,,,,,,,,,,,,,,,,,,,,,,,,,,,,,,,,,,,,,,,,0,0,0,0,0,0,6,6,3,9,1,10,4,14,14,28,7,35,0,35,legacy_planted_id_v0_audited_equivalent_to_query_payload_v1
runs\lightning_mag_full\jigsaw-mag-gcp-cpux8-mean-s20260607-v1\summary.csv,runs\lightning_mag_full\jigsaw-mag-gcp-cpux8-mean-s20260607-v1\results\prod_mag_rgcn_seed7202_s20260607_q50_types_all_sizes20_50_100_mean_feature_component_b20_50_100_200_500_1000_per_query.csv,mag,mag,20260607,mag,degree_k_hop,20,mean_feature,mean_feature_component,type_rel_feat32,50,41,50,0,41,0,0,0,1,40,1,4.860933077820018,3.7601372064998486,11.906114757450041,109534.0,472033.69999999995,383.48,11143.228082976135,828383.0958619196,10.44,0.041519125683060105,0.30685800547179526,1709.5,1944.5,1977.2799999999997,0.6485989781234662,1258.7523705245976,69.37142122950584,0,0,0,12,6,6,5,4,8,0,,,,,,,,,,,,,,,,,,,,,,,,,,,,,,,,,,,,,,,,,,,,,,,,,,,,,,,,,,,,,,,,,,,,,,,,,,,,,,,,,,,,,,,,,,,,,,,,,,,,,,,,,,,,,,,,,,,,,,0,0,0,0,0,0,12,12,6,18,6,24,5,29,4,33,8,41,0,41,legacy_planted_id_v0_audited_equivalent_to_query_payload_v1
runs\lightning_mag_full\jigsaw-mag-gcp-cpux8-mean-s20260607-v1\summary.csv,runs\lightning_mag_full\jigsaw-mag-gcp-cpux8-mean-s20260607-v1\results\prod_mag_rgcn_seed7202_s20260607_q50_types_all_sizes20_50_100_mean_feature_component_b20_50_100_200_500_1000_per_query.csv,mag,mag,20260607,mag,degree_k_hop,50,mean_feature,mean_feature_component,type_rel_feat32,50,30,50,0,30,0,0,0,3,29,3,6.701705694420053,7.634738435499912,12.759558411449735,171833.54,581872.3999999999,947.16,2306.233748406697,303533.38457798114,26.46,0.06812871287128713,0.24582261351989726,1853.0,1997.0,1999.02,0.6387625099516371,1483.2017446337031,175.63629853957715,0,0,0,11,3,4,4,4,4,0,,,,,,,,,,,,,,,,,,,,,,,,,,,,,,,,,,,,,,,,,,,,,,,,,,,,,,,,,,,,,,,,,,,,,,,,,,,,,,,,,,,,,,,,,,,,,,,,,,,,,,,,,,,,,,,,,,,,,,0,0,0,0,0,0,11,11,3,14,4,18,4,22,4,26,4,30,0,30,legacy_planted_id_v0_audited_equivalent_to_query_payload_v1
runs\lightning_mag_full\jigsaw-mag-gcp-cpux8-mean-s20260607-v1\summary.csv,runs\lightning_mag_full\jigsaw-mag-gcp-cpux8-mean-s20260607-v1\results\prod_mag_rgcn_seed7202_s20260607_q50_types_all_sizes20_50_100_mean_feature_component_b20_50_100_200_500_1000_per_query.csv,mag,mag,20260607,mag,degree_k_hop,100,mean_feature,mean_feature_component,type_rel_feat32,50,32,50,0,32,0,0,0,3,31,3,8.884143925480203,8.966954983499818,16.84382556709769,284877.02,681553.1,1547.82,1257.430727032804,319140.53506973933,54.74,0.08976078431372549,0.22070149917373885,1911.5,1998.5500000000002,1999.51,0.6534920469872019,1539.4225418980318,202.5664630980863,0,0,0,1,1,5,4,12,9,0,,,,,,,,,,,,,,,,,,,,,,,,,,,,,,,,,,,,,,,,,,,,,,,,,,,,,,,,,,,,,,,,,,,,,,,,,,,,,,,,,,,,,,,,,,,,,,,,,,,,,,,,,,,,,,,,,,,,,,0,0,0,0,0,0,1,1,1,2,5,7,4,11,12,23,9,32,0,32,legacy_planted_id_v0_audited_equivalent_to_query_payload_v1
runs\lightning_mag_full\jigsaw-mag-gcp-cpux8-mean-s20260607-v1\summary.csv,runs\lightning_mag_full\jigsaw-mag-gcp-cpux8-mean-s20260607-v1\results\prod_mag_rgcn_seed7202_s20260607_q50_types_all_sizes20_50_100_mean_feature_component_b20_50_100_200_500_1000_per_query.csv,mag,mag,20260607,mag,random_walk,20,mean_feature,mean_feature_component,type_rel_feat32,50,31,50,0,31,0,0,0,0,27,0,8.009748691840178,9.549462459500091,12.66543090079972,102666.58,332556.44999999995,177.12,7257.666462575841,826331.1685958866,12.32,0.041296296296296296,0.32626230277923507,1669.0,1991.2,1999.51,0.6560251975600074,1641.1104069136127,6.986031736629424,0,0,0,5,1,4,4,8,9,0,,,,,,,,,,,,,,,,,,,,,,,,,,,,,,,,,,,,,,,,,,,,,,,,,,,,,,,,,,,,,,,,,,,,,,,,,,,,,,,,,,,,,,,,,,,,,,,,,,,,,,,,,,,,,,,,,,,,,,0,0,0,0,0,0,5,5,1,6,4,10,4,14,8,22,9,31,0,31,legacy_planted_id_v0_audited_equivalent_to_query_payload_v1
runs\lightning_mag_full\jigsaw-mag-gcp-cpux8-mean-s20260607-v1\summary.csv,runs\lightning_mag_full\jigsaw-mag-gcp-cpux8-mean-s20260607-v1\results\prod_mag_rgcn_seed7202_s20260607_q50_types_all_sizes20_50_100_mean_feature_component_b20_50_100_200_500_1000_per_query.csv,mag,mag,20260607,mag,random_walk,50,mean_feature,mean_feature_component,type_rel_feat32,50,12,50,0,12,0,0,0,0,10,0,10.606680386240223,10.929104991001623,12.899155089499573,200075.22,387062.0,407.5,1126.3335517678993,261363.54652230872,29.14,0.05451724137931035,0.2962326742201073,1910.0,1998.0,1999.51,0.6431157448442436,1812.3253943000518,16.412603327572814,0,0,0,0,1,1,0,3,7,0,,,,,,,,,,,,,,,,,,,,,,,,,,,,,,,,,,,,,,,,,,,,,,,,,,,,,,,,,,,,,,,,,,,,,,,,,,,,,,,,,,,,,,,,,,,,,,,,,,,,,,,,,,,,,,,,,,,,,,0,0,0,0,0,0,0,0,1,1,1,2,0,2,3,5,7,12,0,12,legacy_planted_id_v0_audited_equivalent_to_query_payload_v1
runs\lightning_mag_full\jigsaw-mag-gcp-cpux8-mean-s20260607-v1\summary.csv,runs\lightning_mag_full\jigsaw-mag-gcp-cpux8-mean-s20260607-v1\results\prod_mag_rgcn_seed7202_s20260607_q50_types_all_sizes20_50_100_mean_feature_component_b20_50_100_200_500_1000_per_query.csv,mag,mag,20260607,mag,random_walk,100,mean_feature,mean_feature_component,type_rel_feat32,50,2,50,0,2,0,0,0,0,2,0,12.057839372839881,12.187343141999918,14.679144420201283,288619.54,442879.35,1552.54,528.7203486294572,103505.21587577088,58.56,0.08574581939799332,0.2763543061405931,1945.0,1996.2,2000.0,0.6565792641154121,1956.8217414815865,59.53935765551722,0,0,0,0,0,0,0,1,1,0,,,,,,,,,,,,,,,,,,,,,,,,,,,,,,,,,,,,,,,,,,,,,,,,,,,,,,,,,,,,,,,,,,,,,,,,,,,,,,,,,,,,,,,,,,,,,,,,,,,,,,,,,,,,,,,,,,,,,,0,0,0,0,0,0,0,0,0,0,0,0,0,0,1,1,1,2,0,2,legacy_planted_id_v0_audited_equivalent_to_query_payload_v1
corrected_connected_rerun::prod_mag_seed7202_s20260607_q50_types_multi_fine_multi_coarse_sizes20_50_100_mean_feature_component_b20_50_100_200_500_1000_per_query.csv,C:\Users\Swastik\Desktop\Jigsaw\runs\lcr_mag_v3\results\prod_mag_seed7202_s20260607_q50_types_multi_fine_multi_coarse_sizes20_50_100_mean_feature_component_b20_50_100_200_500_1000_per_query.csv,mag,mag,20260607,mag,multi_coarse,20,mean_feature,mean_feature_component,type_rel_feat32,50,20,50,0,20,0,0,0,0,15,0,10.41769457769973,10.8657778529996,14.260910996351322,204002.66,343663.6,75.1,2610.659917944851,1550533.3526266033,4.26,0.013312056737588653,0.3416666666666667,1579.5,1933.75,1969.48,0.7396468652728825,1844.7469338687513,2.362033808506096,0,0,0,2,0,0,1,6,11,0,,,,,,,,,,,,,,,,,,,,,,,,,,,,,,,,,,,,,,,,,,,,,,,,,,,,,,,,,,,,,,,,,,,,,,,,,,,,,,,,,,,,,,,,,,,,,,,,,,,,,,,,,,,,,,,,,,,,,,0,0,0,0,0,0,2,2,0,2,0,2,1,3,6,9,11,20,0,20,legacy_planted_id_v0_audited_equivalent_to_query_payload_v1
corrected_connected_rerun::prod_mag_seed7202_s20260607_q50_types_multi_fine_multi_coarse_sizes20_50_100_mean_feature_component_b20_50_100_200_500_1000_per_query.csv,C:\Users\Swastik\Desktop\Jigsaw\runs\lcr_mag_v3\results\prod_mag_seed7202_s20260607_q50_types_multi_fine_multi_coarse_sizes20_50_100_mean_feature_component_b20_50_100_200_500_1000_per_query.csv,mag,mag,20260607,mag,multi_coarse,50,mean_feature,mean_feature_component,type_rel_feat32,50,15,50,0,15,0,0,0,0,12,0,10.90573038655999,11.19272398299836,14.54298380344908,318228.06,508595.85,230.56,339.9419319547067,542636.2600669336,4.16,0.011628865979381443,0.3474799541809851,1465.5,1957.85,1985.3,0.6635719038149233,1863.2140760515397,10.622760127152764,0,0,0,0,0,1,0,6,8,0,,,,,,,,,,,,,,,,,,,,,,,,,,,,,,,,,,,,,,,,,,,,,,,,,,,,,,,,,,,,,,,,,,,,,,,,,,,,,,,,,,,,,,,,,,,,,,,,,,,,,,,,,,,,,,,,,,,,,,0,0,0,0,0,0,0,0,0,0,1,1,0,1,6,7,8,15,0,15,legacy_planted_id_v0_audited_equivalent_to_query_payload_v1
corrected_connected_rerun::prod_mag_seed7202_s20260607_q50_types_multi_fine_multi_coarse_sizes20_50_100_mean_feature_component_b20_50_100_200_500_1000_per_query.csv,C:\Users\Swastik\Desktop\Jigsaw\runs\lcr_mag_v3\results\prod_mag_seed7202_s20260607_q50_types_multi_fine_multi_coarse_sizes20_50_100_mean_feature_component_b20_50_100_200_500_1000_per_query.csv,mag,mag,20260607,mag,multi_coarse,100,mean_feature,mean_feature_component,type_rel_feat32,50,16,50,0,16,0,0,0,0,12,0,10.620341347939721,10.892316625999229,14.137013980900338,396543.64,565705.7,204.9,226.74921867400636,181994.42566104032,4.16,0.013786206896551726,0.3864942528735632,1353.5,1976.85,1996.06,0.6822415552709697,1823.634446555128,7.458889296547818,0,0,0,0,0,2,0,4,10,0,,,,,,,,,,,,,,,,,,,,,,,,,,,,,,,,,,,,,,,,,,,,,,,,,,,,,,,,,,,,,,,,,,,,,,,,,,,,,,,,,,,,,,,,,,,,,,,,,,,,,,,,,,,,,,,,,,,,,,0,0,0,0,0,0,0,0,0,0,2,2,0,2,4,6,10,16,0,16,legacy_planted_id_v0_audited_equivalent_to_query_payload_v1
/workspace/jigsaw_pkg/runs/noid_negative_mag_v3/results/prod_mag_pv1_s20260607_neg_mean_feature_component_b20_50_100_200_500_1000_per_query.csv,/workspace/jigsaw_pkg/runs/noid_negative_mag_v3/results/prod_mag_pv1_s20260607_neg_mean_feature_component_b20_50_100_200_500_1000_per_query.csv,mag,mag,20260607,mag,negative_label,20,mean_feature,mean_feature_component,type_rel_feat32,50,0,0,50,0,0,50,0,0,4,0,4.398854035420317,4.2743996775002415,5.833491641349701,185158.08,503164.05,0.0,10937.74971698637,1052142.2820071606,10.54,0.0052399999999999955,0.17093860932096225,1888.5,1999.0,1999.0,0.5632606598919665,733.1423392367196,0.0,0,0,0,0,0,0,0,0,0,0,query_payload_v1_negative_rerun_2026-08-01,50,0,,0,1,0,50,0,0.733142339237,0.000563260659892,4.398854035420317,185158.08,,,,,,,,0,,,,,,,,,,,,,,,,,,,,,,,,,,,,,,,,,,,,,,,,,,,,,,,,,,,,,,,,,,,,,,,,,,,,,,,,,,,,,,,,,,,,,,,,,,,,,,,0.08,0,0,0,0,0,0,0,0,0,0,0,0,0,0,0,0,0,0,0,0,0,query_payload_v1
/workspace/jigsaw_pkg/runs/noid_negative_mag_v3/results/prod_mag_pv1_s20260607_neg_mean_feature_component_b20_50_100_200_500_1000_per_query.csv,/workspace/jigsaw_pkg/runs/noid_negative_mag_v3/results/prod_mag_pv1_s20260607_neg_mean_feature_component_b20_50_100_200_500_1000_per_query.csv,mag,mag,20260607,mag,negative_label,50,mean_feature,mean_feature_component,type_rel_feat32,50,0,0,50,0,0,50,0,0,5,0,4.506309484719768,4.410017470000184,6.1566166555996,288396.6,541281.1499999999,0.0,2639.740883097686,1910516.8310050797,23.94,0.008453333333333311,0.13401234515827046,1948.5,1999.0,1999.0,0.5604936600502697,751.0515807866279,0.0,0,0,0,0,0,0,0,0,0,0,query_payload_v1_negative_rerun_2026-08-01,50,0,,0,1,0,50,0,0.751051580787,0.00056049366005,4.506309484719768,288396.6,,,,,,,,0,,,,,,,,,,,,,,,,,,,,,,,,,,,,,,,,,,,,,,,,,,,,,,,,,,,,,,,,,,,,,,,,,,,,,,,,,,,,,,,,,,,,,,,,,,,,,,,0.1,0,0,0,0,0,0,0,0,0,0,0,0,0,0,0,0,0,0,0,0,0,query_payload_v1
/workspace/jigsaw_pkg/runs/noid_negative_mag_v3/results/prod_mag_pv1_s20260607_neg_mean_feature_component_b20_50_100_200_500_1000_per_query.csv,/workspace/jigsaw_pkg/runs/noid_negative_mag_v3/results/prod_mag_pv1_s20260607_neg_mean_feature_component_b20_50_100_200_500_1000_per_query.csv,mag,mag,20260607,mag,negative_label,100,mean_feature,mean_feature_component,type_rel_feat32,50,0,0,50,0,0,50,0,0,8,0,4.635951732699814,4.480916203499419,6.2484780690503605,349136.36,633549.2999999999,0.0,1148.9925788915739,1414628.7349421666,52.46,0.02357999999999994,0.1617722557383492,1977.0,2000.0,2000.0,0.578320200129383,772.6586221166357,0.0,0,0,0,0,0,0,0,0,0,0,query_payload_v1_negative_rerun_2026-08-01,50,0,,0,1,0,50,0,0.772658622117,0.000578320200129,4.635951732699814,349136.36,,,,,,,,0,,,,,,,,,,,,,,,,,,,,,,,,,,,,,,,,,,,,,,,,,,,,,,,,,,,,,,,,,,,,,,,,,,,,,,,,,,,,,,,,,,,,,,,,,,,,,,,0.16,0,0,0,0,0,0,0,0,0,0,0,0,0,0,0,0,0,0,0,0,0,query_payload_v1
/workspace/jigsaw_pkg/runs/noid_negative_mag_v3/results/prod_mag_pv1_s20260607_neg_mean_feature_component_b20_50_100_200_500_1000_per_query.csv,/workspace/jigsaw_pkg/runs/noid_negative_mag_v3/results/prod_mag_pv1_s20260607_neg_mean_feature_component_b20_50_100_200_500_1000_per_query.csv,mag,mag,20260607,mag,negative_structure,20,mean_feature,mean_feature_component,type_rel_feat32,50,1,0,50,0,1,49,0,0,37,0,4.1881878563598,4.148775603999184,5.27686573565029,203171.2,539321.5,276.28,7706.683372512297,821008.9545036152,11.24,0.030607382550335505,0.3569005499917463,1797.0,1973.6499999999999,1986.63,0.5727571408976699,693.0400157751492,9.676067506696553,0,0,0,0,0,0,1,0,0,0,query_payload_v1_negative_rerun_2026-08-01,50,0.02,,0.02,0.98,1,49,0.0096760675067,0.693040015775,0.000572757140898,4.1881878563598,203171.2,,,,,,,,0,,,,,,,,,,,,,,,,,,,,,,,,,,,,,,,,,,,,,,,,,,,,,,,,,,,,,,,,,,,,,,,,,,,,,,,,,,,,,,,,,,,,,,,,,,,,,,,0.74,0,0,0,0,0,0,0,0,0,0,0,0,0,1,1,0,1,0,1,0,1,query_payload_v1
/workspace/jigsaw_pkg/runs/noid_negative_mag_v3/results/prod_mag_pv1_s20260607_neg_mean_feature_component_b20_50_100_200_500_1000_per_query.csv,/workspace/jigsaw_pkg/runs/noid_negative_mag_v3/results/prod_mag_pv1_s20260607_neg_mean_feature_component_b20_50_100_200_500_1000_per_query.csv,mag,mag,20260607,mag,negative_structure,50,mean_feature,mean_feature_component,type_rel_feat32,50,0,0,50,0,0,49,1,1,40,1,4.976562397400085,4.879064961500262,5.605802777901408,243181.34,631117.75,717.12,3375.8093155416373,200218.09274577367,24.76,0.05795333333333331,0.34353878737329435,1885.0,1995.1999999999998,1999.02,0.5752055999437289,758.931441950017,70.49562428333047,0,0,0,0,0,0,0,0,0,0,query_payload_v1_negative_rerun_2026-08-01,50,0,,0,0.98,0,50,0.0704956242833,0.75893144195,0.000575205599944,4.976562397400085,243181.34,,,,,,,,1,,,,,,,,,,,,,,,,,,,,,,,,,,,,,,,,,,,,,,,,,,,,,,,,,,,,,,,,,,,,,,,,,,,,,,,,,,,,,,,,,,,,,,,,,,,,,,,0.8,0.02,0,0,0,0,0,0,0,0,0,0,0,0,0,0,0,0,0,0,0,0,query_payload_v1
/workspace/jigsaw_pkg/runs/noid_negative_mag_v3/results/prod_mag_pv1_s20260607_neg_mean_feature_component_b20_50_100_200_500_1000_per_query.csv,/workspace/jigsaw_pkg/runs/noid_negative_mag_v3/results/prod_mag_pv1_s20260607_neg_mean_feature_component_b20_50_100_200_500_1000_per_query.csv,mag,mag,20260607,mag,negative_structure,100,mean_feature,mean_feature_component,type_rel_feat32,50,0,0,50,0,0,50,0,0,36,0,4.7583411533001705,4.921692768000412,5.921888152950668,334363.38,691874.45,381.58,1182.6496463646986,127858.98640084335,52.86,0.09435,0.3053174521643409,1906.5,1999.0,1999.51,0.5863723799666332,775.4907278933539,17.566130990007878,0,0,0,0,0,0,0,0,0,0,query_payload_v1_negative_rerun_2026-08-01,50,0,,0,1,0,50,0.01756613099,0.775490727893,0.000586372379967,4.7583411533001705,334363.38,,,,,,,,0,,,,,,,,,,,,,,,,,,,,,,,,,,,,,,,,,,,,,,,,,,,,,,,,,,,,,,,,,,,,,,,,,,,,,,,,,,,,,,,,,,,,,,,,,,,,,,,0.72,0,0,0,0,0,0,0,0,0,0,0,0,0,0,0,0,0,0,0,0,0,query_payload_v1
runs\lightning_mag_full\jigsaw-mag-gcp-cpux8-meanrrf-s20260607-dark-v5-rescue-v16\summary.csv,runs/lightning_mag_full/jigsaw-mag-gcp-cpux8-meanrrf-s20260607-dark-v5-rescue-v16/results\prod_mag_rgcn_seed7202_s20260607_q50_types_all_sizes20_50_100_mean_rrf_component_b20_50_100_200_500_1000_per_query.csv,mag,mag,20260607,mag_rgcn_best,single,20,coarse_mean_rrf,mean_rrf_component,type_rel_feat32,50,50,50,0,50,0,0,0,0,48,0,1.6117059697800142,0.7829372604999207,5.592605652149938,54386.0,304621.5999999999,88.42,2799.076587313302,757906.8963262368,1.0,0.013311320754716981,0.4339622641509434,26.5,576.4999999999999,807.2999999999997,20.968283830180802,753.2446892735977,6.993975716974941,0,0,0,24,12,5,4,3,2,0,,,,,,,,,,,,,,,,,,,,,,,,,,,,,,,,,,,,,,,,,,,,,,,,,,,,,,,,,,,,,,,,,,,,,,,,,,,,,,,,,,,,,,,,,,,,,,,,,,,,,,,,,,,,,,,,,,,,,,0,0,0,0,0,0,24,24,12,36,5,41,4,45,3,48,2,50,0,50,legacy_planted_id_v0_audited_equivalent_to_query_payload_v1
runs\lightning_mag_full\jigsaw-mag-gcp-cpux8-meanrrf-s20260607-dark-v5-rescue-v16\summary.csv,runs/lightning_mag_full/jigsaw-mag-gcp-cpux8-meanrrf-s20260607-dark-v5-rescue-v16/results\prod_mag_rgcn_seed7202_s20260607_q50_types_all_sizes20_50_100_mean_rrf_component_b20_50_100_200_500_1000_per_query.csv,mag,mag,20260607,mag_rgcn_best,single,50,coarse_mean_rrf,mean_rrf_component,type_rel_feat32,50,50,50,0,50,0,0,0,0,48,0,1.471556039979787,0.5478961720004918,6.11264538304931,41657.54,269461.7999999996,142.06,1987.4026591295146,258002.40533661796,1.0,0.01763440860215054,0.5053763440860215,17.0,320.54999999999995,658.3599999999996,25.407636161313956,776.3720137095578,14.787147569897511,0,0,0,30,9,4,3,3,1,0,,,,,,,,,,,,,,,,,,,,,,,,,,,,,,,,,,,,,,,,,,,,,,,,,,,,,,,,,,,,,,,,,,,,,,,,,,,,,,,,,,,,,,,,,,,,,,,,,,,,,,,,,,,,,,,,,,,,,,0,0,0,0,0,0,30,30,9,39,4,43,3,46,3,49,1,50,0,50,legacy_planted_id_v0_audited_equivalent_to_query_payload_v1
runs\lightning_mag_full\jigsaw-mag-gcp-cpux8-meanrrf-s20260607-dark-v5-rescue-v16\summary.csv,runs/lightning_mag_full/jigsaw-mag-gcp-cpux8-meanrrf-s20260607-dark-v5-rescue-v16/results\prod_mag_rgcn_seed7202_s20260607_q50_types_all_sizes20_50_100_mean_rrf_component_b20_50_100_200_500_1000_per_query.csv,mag,mag,20260607,mag_rgcn_best,single,100,coarse_mean_rrf,mean_rrf_component,type_rel_feat32,50,50,50,0,50,0,0,0,0,50,0,1.0539588555999218,0.4085889550005959,4.636328618098374,35619.2,167243.24999999977,203.32,702.1589400768609,252054.1516792181,1.0,0.02530769230769231,0.6410256410256411,12.5,148.69999999999985,432.8299999999997,31.585758679401085,650.811323051363,24.80332797422773,0,0,0,36,6,4,2,2,0,0,,,,,,,,,,,,,,,,,,,,,,,,,,,,,,,,,,,,,,,,,,,,,,,,,,,,,,,,,,,,,,,,,,,,,,,,,,,,,,,,,,,,,,,,,,,,,,,,,,,,,,,,,,,,,,,,,,,,,,0,0,0,0,0,0,36,36,6,42,4,46,2,48,2,50,0,50,0,50,legacy_planted_id_v0_audited_equivalent_to_query_payload_v1
corrected_connected_rerun::prod_mag_seed7202_s20260607_q50_types_multi_fine_multi_coarse_sizes20_50_100_mean_rrf_component_b20_50_100_200_500_1000_per_query.csv,C:\Users\Swastik\Desktop\Jigsaw\runs\lcr_mag_v3\results\prod_mag_seed7202_s20260607_q50_types_multi_fine_multi_coarse_sizes20_50_100_mean_rrf_component_b20_50_100_200_500_1000_per_query.csv,mag,mag,20260607,mag_rgcn_best,multi_fine,20,coarse_mean_rrf,mean_rrf_component,type_rel_feat32,50,50,50,0,50,0,0,0,0,50,0,1.257133529579878,0.43042255850104993,4.805073862402059,30466.5,114244.44999999992,91.94,6577.394792398,822347.7849379189,1.0,0.01856521739130435,0.532608695652174,10.0,263.3499999999999,442.0,23.4426511411861,674.4707946086237,8.753949728266573,0,0,0,31,6,7,2,4,0,0,,,,,,,,,,,,,,,,,,,,,,,,,,,,,,,,,,,,,,,,,,,,,,,,,,,,,,,,,,,,,,,,,,,,,,,,,,,,,,,,,,,,,,,,,,,,,,,,,,,,,,,,,,,,,,,,,,,,,,0,0,0,0,0,0,31,31,6,37,7,44,2,46,4,50,0,50,0,50,legacy_planted_id_v0_audited_equivalent_to_query_payload_v1
corrected_connected_rerun::prod_mag_seed7202_s20260607_q50_types_multi_fine_multi_coarse_sizes20_50_100_mean_rrf_component_b20_50_100_200_500_1000_per_query.csv,C:\Users\Swastik\Desktop\Jigsaw\runs\lcr_mag_v3\results\prod_mag_seed7202_s20260607_q50_types_multi_fine_multi_coarse_sizes20_50_100_mean_rrf_component_b20_50_100_200_500_1000_per_query.csv,mag,mag,20260607,mag_rgcn_best,multi_fine,50,coarse_mean_rrf,mean_rrf_component,type_rel_feat32,50,50,50,0,50,0,0,0,0,50,0,0.811189712660016,0.4031300829992688,1.845338602199716,22405.66,49526.99999999997,213.12,2125.455526064123,246081.1787442525,1.0,0.02482894736842105,0.6447368421052632,10.5,86.94999999999997,313.2199999999996,23.3662993949254,503.38852282895556,30.288919710528717,0,0,0,34,9,5,1,1,0,0,,,,,,,,,,,,,,,,,,,,,,,,,,,,,,,,,,,,,,,,,,,,,,,,,,,,,,,,,,,,,,,,,,,,,,,,,,,,,,,,,,,,,,,,,,,,,,,,,,,,,,,,,,,,,,,,,,,,,,0,0,0,0,0,0,34,34,9,43,5,48,1,49,1,50,0,50,0,50,legacy_planted_id_v0_audited_equivalent_to_query_payload_v1
corrected_connected_rerun::prod_mag_seed7202_s20260607_q50_types_multi_fine_multi_coarse_sizes20_50_100_mean_rrf_component_b20_50_100_200_500_1000_per_query.csv,C:\Users\Swastik\Desktop\Jigsaw\runs\lcr_mag_v3\results\prod_mag_seed7202_s20260607_q50_types_multi_fine_multi_coarse_sizes20_50_100_mean_rrf_component_b20_50_100_200_500_1000_per_query.csv,mag,mag,20260607,mag_rgcn_best,multi_fine,100,coarse_mean_rrf,mean_rrf_component,type_rel_feat32,50,50,50,0,50,0,0,0,0,50,0,0.4832243312200444,0.33325073000014527,1.2964375905015002,14817.08,32374.6,216.82,224.65482841908207,106207.11463570167,1.0,0.03931034482758621,0.8620689655172413,10.0,33.24999999999996,66.45999999999991,26.962729586243924,385.18446432759634,31.388235000028136,0,0,0,43,6,1,0,0,0,0,,,,,,,,,,,,,,,,,,,,,,,,,,,,,,,,,,,,,,,,,,,,,,,,,,,,,,,,,,,,,,,,,,,,,,,,,,,,,,,,,,,,,,,,,,,,,,,,,,,,,,,,,,,,,,,,,,,,,,0,0,0,0,0,0,43,43,6,49,1,50,0,50,0,50,0,50,0,50,legacy_planted_id_v0_audited_equivalent_to_query_payload_v1
runs\lightning_mag_full\jigsaw-mag-gcp-cpux8-meanrrf-s20260607-dark-v5-rescue-v16\summary.csv,runs/lightning_mag_full/jigsaw-mag-gcp-cpux8-meanrrf-s20260607-dark-v5-rescue-v16/results\prod_mag_rgcn_seed7202_s20260607_q50_types_all_sizes20_50_100_mean_rrf_component_b20_50_100_200_500_1000_per_query.csv,mag,mag,20260607,mag_rgcn_best,k_hop,20,coarse_mean_rrf,mean_rrf_component,type_rel_feat32,50,48,50,0,48,0,0,0,0,48,0,2.767072450379983,1.0765942535001614,10.101355299950113,68425.74,405582.39999999973,194.2,5412.115940448373,843734.9866881073,10.02,0.05270289855072464,0.3065628076337795,1076.0,1934.85,1979.8899999999999,23.96017538409939,992.6616725941863,9.900809427546742,0,0,0,20,7,6,4,8,3,0,,,,,,,,,,,,,,,,,,,,,,,,,,,,,,,,,,,,,,,,,,,,,,,,,,,,,,,,,,,,,,,,,,,,,,,,,,,,,,,,,,,,,,,,,,,,,,,,,,,,,,,,,,,,,,,,,,,,,,0,0,0,0,0,0,20,20,7,27,6,33,4,37,8,45,3,48,0,48,legacy_planted_id_v0_audited_equivalent_to_query_payload_v1
runs\lightning_mag_full\jigsaw-mag-gcp-cpux8-meanrrf-s20260607-dark-v5-rescue-v16\summary.csv,runs/lightning_mag_full/jigsaw-mag-gcp-cpux8-meanrrf-s20260607-dark-v5-rescue-v16/results\prod_mag_rgcn_seed7202_s20260607_q50_types_all_sizes20_50_100_mean_rrf_component_b20_50_100_200_500_1000_per_query.csv,mag,mag,20260607,mag_rgcn_best,k_hop,50,coarse_mean_rrf,mean_rrf_component,type_rel_feat32,50,47,50,0,47,0,0,0,0,41,0,4.800140633559895,3.326809001499896,11.058545128849847,217554.98,615193.6499999999,499.52,2551.7158616151983,684139.718749541,28.64,0.06516393442622952,0.20126626444513002,1853.0,1983.1999999999998,1998.0,25.760122234938446,1283.3351970272959,28.178637278686267,0,0,0,12,6,6,4,7,12,0,,,,,,,,,,,,,,,,,,,,,,,,,,,,,,,,,,,,,,,,,,,,,,,,,,,,,,,,,,,,,,,,,,,,,,,,,,,,,,,,,,,,,,,,,,,,,,,,,,,,,,,,,,,,,,,,,,,,,,0,0,0,0,0,0,12,12,6,18,6,24,4,28,7,35,12,47,0,47,legacy_planted_id_v0_audited_equivalent_to_query_payload_v1
runs\lightning_mag_full\jigsaw-mag-gcp-cpux8-meanrrf-s20260607-dark-v5-rescue-v16\summary.csv,runs/lightning_mag_full/jigsaw-mag-gcp-cpux8-meanrrf-s20260607-dark-v5-rescue-v16/results\prod_mag_rgcn_seed7202_s20260607_q50_types_all_sizes20_50_100_mean_rrf_component_b20_50_100_200_500_1000_per_query.csv,mag,mag,20260607,mag_rgcn_best,k_hop,100,coarse_mean_rrf,mean_rrf_component,type_rel_feat32,50,44,50,0,44,0,0,0,1,44,1,5.82047006034034,5.27893472300002,12.18879478785202,158303.26,578426.7999999998,615.18,990.2331012978423,221968.44370366907,51.64,0.13196825396825396,0.2369009331354548,1850.5,1976.65,1995.04,31.937074386217912,1418.3317625185794,121.47513175135173,0,0,0,10,4,5,9,11,5,0,,,,,,,,,,,,,,,,,,,,,,,,,,,,,,,,,,,,,,,,,,,,,,,,,,,,,,,,,,,,,,,,,,,,,,,,,,,,,,,,,,,,,,,,,,,,,,,,,,,,,,,,,,,,,,,,,,,,,,0,0,0,0,0,0,10,10,4,14,5,19,9,28,11,39,5,44,0,44,legacy_planted_id_v0_audited_equivalent_to_query_payload_v1
runs\lightning_mag_full\jigsaw-mag-gcp-cpux8-meanrrf-s20260607-dark-v5-rescue-v16\summary.csv,runs/lightning_mag_full/jigsaw-mag-gcp-cpux8-meanrrf-s20260607-dark-v5-rescue-v16/results\prod_mag_rgcn_seed7202_s20260607_q50_types_all_sizes20_50_100_mean_rrf_component_b20_50_100_200_500_1000_per_query.csv,mag,mag,20260607,mag_rgcn_best,degree_k_hop,20,coarse_mean_rrf,mean_rrf_component,type_rel_feat32,50,49,50,0,49,0,0,0,1,50,1,2.490735331699916,0.9217163365001397,9.39264033235008,68077.0,396015.79999999993,454.28,11511.446550230296,1113954.38080117,10.44,0.06403199999999999,0.29570267902032604,1228.5,1878.85,1939.1399999999999,23.660190368074836,888.802473207972,107.49165947199435,0,0,0,20,11,4,5,5,4,0,,,,,,,,,,,,,,,,,,,,,,,,,,,,,,,,,,,,,,,,,,,,,,,,,,,,,,,,,,,,,,,,,,,,,,,,,,,,,,,,,,,,,,,,,,,,,,,,,,,,,,,,,,,,,,,,,,,,,,0,0,0,0,0,0,20,20,11,31,4,35,5,40,5,45,4,49,0,49,legacy_planted_id_v0_audited_equivalent_to_query_payload_v1
runs\lightning_mag_full\jigsaw-mag-gcp-cpux8-meanrrf-s20260607-dark-v5-rescue-v16\summary.csv,runs/lightning_mag_full/jigsaw-mag-gcp-cpux8-meanrrf-s20260607-dark-v5-rescue-v16/results\prod_mag_rgcn_seed7202_s20260607_q50_types_all_sizes20_50_100_mean_rrf_component_b20_50_100_200_500_1000_per_query.csv,mag,mag,20260607,mag_rgcn_best,degree_k_hop,50,coarse_mean_rrf,mean_rrf_component,type_rel_feat32,50,42,50,0,42,0,0,0,3,42,3,4.518614321019995,2.4717148470008397,11.980591435349968,103024.92,450834.0499999996,1003.08,2435.5388428502074,428726.35872810433,26.46,0.09945098039215686,0.2613149994201692,1706.5,1982.15,1994.0,25.942805006730982,1240.8828031307373,235.7885436078231,0,0,0,15,7,7,3,6,4,0,,,,,,,,,,,,,,,,,,,,,,,,,,,,,,,,,,,,,,,,,,,,,,,,,,,,,,,,,,,,,,,,,,,,,,,,,,,,,,,,,,,,,,,,,,,,,,,,,,,,,,,,,,,,,,,,,,,,,,0,0,0,0,0,0,15,15,7,22,7,29,3,32,6,38,4,42,0,42,legacy_planted_id_v0_audited_equivalent_to_query_payload_v1
runs\lightning_mag_full\jigsaw-mag-gcp-cpux8-meanrrf-s20260607-dark-v5-rescue-v16\summary.csv,runs/lightning_mag_full/jigsaw-mag-gcp-cpux8-meanrrf-s20260607-dark-v5-rescue-v16/results\prod_mag_rgcn_seed7202_s20260607_q50_types_all_sizes20_50_100_mean_rrf_component_b20_50_100_200_500_1000_per_query.csv,mag,mag,20260607,mag_rgcn_best,degree_k_hop,100,coarse_mean_rrf,mean_rrf_component,type_rel_feat32,50,41,50,0,41,0,0,0,4,43,4,6.941114396680205,5.140873548500167,23.918179915951434,185245.32,640248.25,2179.18,1375.8238794933038,111778.1069100269,54.74,0.1397766497461929,0.23895230624540023,1823.0,1987.1,1988.51,31.25940002042293,1297.077843081267,464.62631851269356,0,0,0,4,8,7,8,7,7,0,,,,,,,,,,,,,,,,,,,,,,,,,,,,,,,,,,,,,,,,,,,,,,,,,,,,,,,,,,,,,,,,,,,,,,,,,,,,,,,,,,,,,,,,,,,,,,,,,,,,,,,,,,,,,,,,,,,,,,0,0,0,0,0,0,4,4,8,12,7,19,8,27,7,34,7,41,0,41,legacy_planted_id_v0_audited_equivalent_to_query_payload_v1
runs\lightning_mag_full\jigsaw-mag-gcp-cpux8-meanrrf-s20260607-dark-v5-rescue-v16\summary.csv,runs/lightning_mag_full/jigsaw-mag-gcp-cpux8-meanrrf-s20260607-dark-v5-rescue-v16/results\prod_mag_rgcn_seed7202_s20260607_q50_types_all_sizes20_50_100_mean_rrf_component_b20_50_100_200_500_1000_per_query.csv,mag,mag,20260607,mag_rgcn_best,random_walk,20,coarse_mean_rrf,mean_rrf_component,type_rel_feat32,50,45,50,0,45,0,0,0,0,39,0,6.823140343959949,7.176470163999966,12.590551976450246,92605.48,299297.45,229.58,7305.484109231479,763229.2364276601,12.32,0.05483181818181818,0.39592576687549247,1420.0,1927.75,1986.55,24.444213772757063,1540.8303083045273,9.883406231824665,0,0,0,5,2,8,5,13,12,0,,,,,,,,,,,,,,,,,,,,,,,,,,,,,,,,,,,,,,,,,,,,,,,,,,,,,,,,,,,,,,,,,,,,,,,,,,,,,,,,,,,,,,,,,,,,,,,,,,,,,,,,,,,,,,,,,,,,,,0,0,0,0,0,0,5,5,2,7,8,15,5,20,13,33,12,45,0,45,legacy_planted_id_v0_audited_equivalent_to_query_payload_v1
runs\lightning_mag_full\jigsaw-mag-gcp-cpux8-meanrrf-s20260607-dark-v5-rescue-v16\summary.csv,runs/lightning_mag_full/jigsaw-mag-gcp-cpux8-meanrrf-s20260607-dark-v5-rescue-v16/results\prod_mag_rgcn_seed7202_s20260607_q50_types_all_sizes20_50_100_mean_rrf_component_b20_50_100_200_500_1000_per_query.csv,mag,mag,20260607,mag_rgcn_best,random_walk,50,coarse_mean_rrf,mean_rrf_component,type_rel_feat32,50,32,50,0,32,0,0,0,0,26,0,10.689345760119922,11.82455179550061,13.409902123500114,210814.54,450426.75,624.48,1051.2682304613452,200627.87446469834,29.14,0.07018279569892473,0.35580631236740007,1816.5,1986.2,1994.1,26.814495329728814,1895.5523135376268,20.101048491032934,0,0,0,0,0,2,3,9,18,0,,,,,,,,,,,,,,,,,,,,,,,,,,,,,,,,,,,,,,,,,,,,,,,,,,,,,,,,,,,,,,,,,,,,,,,,,,,,,,,,,,,,,,,,,,,,,,,,,,,,,,,,,,,,,,,,,,,,,,0,0,0,0,0,0,0,0,0,0,2,2,3,5,9,14,18,32,0,32,legacy_planted_id_v0_audited_equivalent_to_query_payload_v1
runs\lightning_mag_full\jigsaw-mag-gcp-cpux8-meanrrf-s20260607-dark-v5-rescue-v16\summary.csv,runs/lightning_mag_full/jigsaw-mag-gcp-cpux8-meanrrf-s20260607-dark-v5-rescue-v16/results\prod_mag_rgcn_seed7202_s20260607_q50_types_all_sizes20_50_100_mean_rrf_component_b20_50_100_200_500_1000_per_query.csv,mag,mag,20260607,mag_rgcn_best,random_walk,100,coarse_mean_rrf,mean_rrf_component,type_rel_feat32,50,8,50,0,8,0,0,0,1,7,1,13.100165878200023,13.042495323998992,16.268688257348185,313868.18,484560.0,1986.26,473.9962304216649,85624.30022910115,58.56,0.09183333333333334,0.31087441365089935,1939.5,1996.55,1999.02,31.288299499974528,2078.240750690008,105.12022900999607,0,0,0,0,0,0,0,0,8,0,,,,,,,,,,,,,,,,,,,,,,,,,,,,,,,,,,,,,,,,,,,,,,,,,,,,,,,,,,,,,,,,,,,,,,,,,,,,,,,,,,,,,,,,,,,,,,,,,,,,,,,,,,,,,,,,,,,,,,0,0,0,0,0,0,0,0,0,0,0,0,0,0,0,0,8,8,0,8,legacy_planted_id_v0_audited_equivalent_to_query_payload_v1
corrected_connected_rerun::prod_mag_seed7202_s20260607_q50_types_multi_fine_multi_coarse_sizes20_50_100_mean_rrf_component_b20_50_100_200_500_1000_per_query.csv,C:\Users\Swastik\Desktop\Jigsaw\runs\lcr_mag_v3\results\prod_mag_seed7202_s20260607_q50_types_multi_fine_multi_coarse_sizes20_50_100_mean_rrf_component_b20_50_100_200_500_1000_per_query.csv,mag,mag,20260607,mag_rgcn_best,multi_coarse,20,coarse_mean_rrf,mean_rrf_component,type_rel_feat32,50,33,50,0,33,0,0,0,1,29,1,8.195067769439884,8.79642190550021,12.772181779350102,194800.12,370862.69999999995,334.9,2541.6311928291866,1524680.0795345004,4.26,0.016358490566037737,0.39905660377358493,1210.5,1897.1499999999996,1960.31,21.090362716989507,1511.3492434641332,34.88995831697671,0,0,0,2,0,0,3,17,11,0,,,,,,,,,,,,,,,,,,,,,,,,,,,,,,,,,,,,,,,,,,,,,,,,,,,,,,,,,,,,,,,,,,,,,,,,,,,,,,,,,,,,,,,,,,,,,,,,,,,,,,,,,,,,,,,,,,,,,,0,0,0,0,0,0,2,2,0,2,0,2,3,5,17,22,11,33,0,33,legacy_planted_id_v0_audited_equivalent_to_query_payload_v1
corrected_connected_rerun::prod_mag_seed7202_s20260607_q50_types_multi_fine_multi_coarse_sizes20_50_100_mean_rrf_component_b20_50_100_200_500_1000_per_query.csv,C:\Users\Swastik\Desktop\Jigsaw\runs\lcr_mag_v3\results\prod_mag_seed7202_s20260607_q50_types_multi_fine_multi_coarse_sizes20_50_100_mean_rrf_component_b20_50_100_200_500_1000_per_query.csv,mag,mag,20260607,mag_rgcn_best,multi_coarse,50,coarse_mean_rrf,mean_rrf_component,type_rel_feat32,50,33,50,0,33,0,0,0,0,32,1,8.65996101378034,9.048178812000515,12.696793193996292,306257.6,553845.0499999999,521.4,299.5919605024038,463137.48889922374,4.16,0.017645756457564575,0.45522755227552275,754.5,1762.6,1910.6899999999996,23.66202702972585,1548.7032650295862,49.07551980073462,0,0,0,1,1,1,2,13,15,0,,,,,,,,,,,,,,,,,,,,,,,,,,,,,,,,,,,,,,,,,,,,,,,,,,,,,,,,,,,,,,,,,,,,,,,,,,,,,,,,,,,,,,,,,,,,,,,,,,,,,,,,,,,,,,,,,,,,,,0,0,0,0,0,0,1,1,1,2,1,3,2,5,13,18,15,33,0,33,legacy_planted_id_v0_audited_equivalent_to_query_payload_v1
corrected_connected_rerun::prod_mag_seed7202_s20260607_q50_types_multi_fine_multi_coarse_sizes20_50_100_mean_rrf_component_b20_50_100_200_500_1000_per_query.csv,C:\Users\Swastik\Desktop\Jigsaw\runs\lcr_mag_v3\results\prod_mag_seed7202_s20260607_q50_types_multi_fine_multi_coarse_sizes20_50_100_mean_rrf_component_b20_50_100_200_500_1000_per_query.csv,mag,mag,20260607,mag_rgcn_best,multi_coarse,100,coarse_mean_rrf,mean_rrf_component,type_rel_feat32,50,36,50,0,36,0,0,0,0,31,0,7.940688012400133,9.134057616500286,12.54959383990208,363298.34,583168.35,398.02,206.22278061612738,144753.9049580191,4.16,0.020361216730038025,0.4986058301647655,723.0,1625.3499999999995,1847.7599999999998,26.736827019233615,1495.838993851751,13.797510406829316,0,0,0,1,2,4,1,10,18,0,,,,,,,,,,,,,,,,,,,,,,,,,,,,,,,,,,,,,,,,,,,,,,,,,,,,,,,,,,,,,,,,,,,,,,,,,,,,,,,,,,,,,,,,,,,,,,,,,,,,,,,,,,,,,,,,,,,,,,0,0,0,0,0,0,1,1,2,3,4,7,1,8,10,18,18,36,0,36,legacy_planted_id_v0_audited_equivalent_to_query_payload_v1
/workspace/jigsaw_pkg/runs/noid_negative_mag_v3/results/prod_mag_pv1_s20260607_neg_mean_rrf_component_b20_50_100_200_500_1000_per_query.csv,/workspace/jigsaw_pkg/runs/noid_negative_mag_v3/results/prod_mag_pv1_s20260607_neg_mean_rrf_component_b20_50_100_200_500_1000_per_query.csv,mag,mag,20260607,mag_walkaware_best,negative_label,20,coarse_mean_rrf,mean_rrf_component,type_rel_feat32,50,0,0,50,0,0,50,0,0,9,0,4.456507720879836,4.439797646000443,5.413794057400081,191183.86,545809.3,0.0,9320.670592657667,802968.0624408409,10.54,0.02773333333333327,0.414725112578054,1569.5,1941.1,1965.3799999999999,22.178567579940136,742.7512868133059,0.0,0,0,0,0,0,0,0,0,0,0,query_payload_v1_negative_rerun_2026-08-01,50,0,,0,1,0,50,0,0.742751286813,0.0221785675799,4.456507720879836,191183.86,,,,,,,,0,,,,,,,,,,,,,,,,,,,,,,,,,,,,,,,,,,,,,,,,,,,,,,,,,,,,,,,,,,,,,,,,,,,,,,,,,,,,,,,,,,,,,,,,,,,,,,,0.18,0,0,0,0,0,0,0,0,0,0,0,0,0,0,0,0,0,0,0,0,0,query_payload_v1
/workspace/jigsaw_pkg/runs/noid_negative_mag_v3/results/prod_mag_pv1_s20260607_neg_mean_rrf_component_b20_50_100_200_500_1000_per_query.csv,/workspace/jigsaw_pkg/runs/noid_negative_mag_v3/results/prod_mag_pv1_s20260607_neg_mean_rrf_component_b20_50_100_200_500_1000_per_query.csv,mag,mag,20260607,mag_walkaware_best,negative_label,50,coarse_mean_rrf,mean_rrf_component,type_rel_feat32,50,0,0,50,0,0,50,0,0,9,0,4.517892359439793,4.512095931000204,5.107206521348871,294525.18,562714.1499999999,0.0,1771.0269042437938,370663.29564052663,23.94,0.06092666666666663,0.40150187684424565,1663.0,1976.35,1997.06,26.220195919922844,752.9820599066321,0.0,0,0,0,0,0,0,0,0,0,0,query_payload_v1_negative_rerun_2026-08-01,50,0,,0,1,0,50,0,0.752982059907,0.0262201959199,4.517892359439793,294525.18,,,,,,,,0,,,,,,,,,,,,,,,,,,,,,,,,,,,,,,,,,,,,,,,,,,,,,,,,,,,,,,,,,,,,,,,,,,,,,,,,,,,,,,,,,,,,,,,,,,,,,,,0.18,0,0,0,0,0,0,0,0,0,0,0,0,0,0,0,0,0,0,0,0,0,query_payload_v1
/workspace/jigsaw_pkg/runs/noid_negative_mag_v3/results/prod_mag_pv1_s20260607_neg_mean_rrf_component_b20_50_100_200_500_1000_per_query.csv,/workspace/jigsaw_pkg/runs/noid_negative_mag_v3/results/prod_mag_pv1_s20260607_neg_mean_rrf_component_b20_50_100_200_500_1000_per_query.csv,mag,mag,20260607,mag_walkaware_best,negative_label,100,coarse_mean_rrf,mean_rrf_component,type_rel_feat32,50,0,0,50,0,0,50,0,0,10,0,4.673735755600028,4.60312484250062,5.224160589049461,357502.26,667675.1999999998,0.0,856.5738074377198,321116.33223898546,52.46,0.08742333333333327,0.3430686864013294,1923.0,1997.5500000000002,1999.02,32.621564400105854,778.9559592666714,0.0,0,0,0,0,0,0,0,0,0,0,query_payload_v1_negative_rerun_2026-08-01,50,0,,0,1,0,50,0,0.778955959267,0.0326215644001,4.673735755600028,357502.26,,,,,,,,0,,,,,,,,,,,,,,,,,,,,,,,,,,,,,,,,,,,,,,,,,,,,,,,,,,,,,,,,,,,,,,,,,,,,,,,,,,,,,,,,,,,,,,,,,,,,,,,0.2,0,0,0,0,0,0,0,0,0,0,0,0,0,0,0,0,0,0,0,0,0,query_payload_v1
/workspace/jigsaw_pkg/runs/noid_negative_mag_v3/results/prod_mag_pv1_s20260607_neg_mean_rrf_component_b20_50_100_200_500_1000_per_query.csv,/workspace/jigsaw_pkg/runs/noid_negative_mag_v3/results/prod_mag_pv1_s20260607_neg_mean_rrf_component_b20_50_100_200_500_1000_per_query.csv,mag,mag,20260607,mag_walkaware_best,negative_structure,20,coarse_mean_rrf,mean_rrf_component,type_rel_feat32,50,1,0,50,0,1,49,0,0,45,0,4.311304686260228,4.213320569001098,5.878131799101084,212789.92,543853.2,292.28,7042.391221716635,800381.9147558843,11.24,0.04607357859531768,0.5066271796819702,1462.0,1972.15,1980.51,21.69919396658049,707.9534361772854,13.000524735796102,0,0,0,0,0,0,0,1,0,0,query_payload_v1_negative_rerun_2026-08-01,50,0.02,,0.02,0.98,1,49,0.0130005247358,0.707953436177,0.0216991939666,4.311304686260228,212789.92,,,,,,,,0,,,,,,,,,,,,,,,,,,,,,,,,,,,,,,,,,,,,,,,,,,,,,,,,,,,,,,,,,,,,,,,,,,,,,,,,,,,,,,,,,,,,,,,,,,,,,,,0.9,0,0,0,0,0,0,0,0,0,0,0,0,0,0,0,1,1,0,1,0,1,query_payload_v1
/workspace/jigsaw_pkg/runs/noid_negative_mag_v3/results/prod_mag_pv1_s20260607_neg_mean_rrf_component_b20_50_100_200_500_1000_per_query.csv,/workspace/jigsaw_pkg/runs/noid_negative_mag_v3/results/prod_mag_pv1_s20260607_neg_mean_rrf_component_b20_50_100_200_500_1000_per_query.csv,mag,mag,20260607,mag_walkaware_best,negative_structure,50,coarse_mean_rrf,mean_rrf_component,type_rel_feat32,50,0,0,50,0,0,49,1,1,45,1,4.811539230919807,4.549282148999737,5.172775218599099,250060.02,633387.7,768.14,2924.288816621706,191983.00866750145,24.76,0.08084000000000001,0.47263429568414184,1737.5,1935.75,1945.5500000000002,25.98527128007845,727.9082824699829,74.01492268331822,0,0,0,0,0,0,0,0,0,0,query_payload_v1_negative_rerun_2026-08-01,50,0,,0,0.98,0,50,0.0740149226833,0.72790828247,0.0259852712801,4.811539230919807,250060.02,,,,,,,,1,,,,,,,,,,,,,,,,,,,,,,,,,,,,,,,,,,,,,,,,,,,,,,,,,,,,,,,,,,,,,,,,,,,,,,,,,,,,,,,,,,,,,,,,,,,,,,,0.9,0.02,0,0,0,0,0,0,0,0,0,0,0,0,0,0,0,0,0,0,0,0,query_payload_v1
/workspace/jigsaw_pkg/runs/noid_negative_mag_v3/results/prod_mag_pv1_s20260607_neg_mean_rrf_component_b20_50_100_200_500_1000_per_query.csv,/workspace/jigsaw_pkg/runs/noid_negative_mag_v3/results/prod_mag_pv1_s20260607_neg_mean_rrf_component_b20_50_100_200_500_1000_per_query.csv,mag,mag,20260607,mag_walkaware_best,negative_structure,100,coarse_mean_rrf,mean_rrf_component,type_rel_feat32,50,0,0,50,0,0,50,0,0,47,0,4.864175053580056,4.8059429735003505,6.729607212000154,341406.82,690614.55,515.88,1000.3021749221392,117386.4739055333,52.86,0.1195233333333334,0.39570413509027463,1857.5,1988.3,1993.51,31.378955239943025,782.2514518533324,28.44439041001048,0,0,0,0,0,0,0,0,0,0,query_payload_v1_negative_rerun_2026-08-01,50,0,,0,1,0,50,0.02844439041,0.782251451853,0.0313789552399,4.864175053580056,341406.82,,,,,,,,0,,,,,,,,,,,,,,,,,,,,,,,,,,,,,,,,,,,,,,,,,,,,,,,,,,,,,,,,,,,,,,,,,,,,,,,,,,,,,,,,,,,,,,,,,,,,,,,0.94,0,0,0,0,0,0,0,0,0,0,0,0,0,0,0,0,0,0,0,0,0,query_payload_v1
runs\lightning_mag_full\jigsaw-mag-gcp-cpux8-topo-s20260607-dark-v2-resume\summary.csv,runs\lightning_mag_full\jigsaw-mag-gcp-cpux8-topo-s20260607-dark-v2-resume\results\prod_mag_rgcn_seed7202_s20260607_q50_types_all_sizes20_50_100_topo_feature_component_b20_50_100_200_500_1000_per_query.csv,mag,mag,20260607,mag,single,20,topo_feature,topo_feature_component,type_rel_feat32,50,31,50,0,31,0,0,0,0,28,0,6.889710597900023,7.673337206999861,8.273338277849888,169856.34,374102.8,69.46,3325.5729474004916,5299741.14492089,1.0,0.0001814946619217082,0.09608540925266904,948.5,1801.8999999999996,1983.08,0.705108245545544,1223.8021569501814,2.1249957010681895,0,0,0,0,0,0,5,9,17,0,,,,,,,,,,,,,,,,,,,,,,,,,,,,,,,,,,,,,,,,,,,,,,,,,,,,,,,,,,,,,,,,,,,,,,,,,,,,,,,,,,,,,,,,,,,,,,,,,,,,,,,,,,,,,,,,,,,,,,0,0,0,0,0,0,0,0,0,0,0,0,5,5,9,14,17,31,0,31,legacy_planted_id_v0_audited_equivalent_to_query_payload_v1
runs\lightning_mag_full\jigsaw-mag-gcp-cpux8-topo-s20260607-dark-v2-resume\summary.csv,runs\lightning_mag_full\jigsaw-mag-gcp-cpux8-topo-s20260607-dark-v2-resume\results\prod_mag_rgcn_seed7202_s20260607_q50_types_all_sizes20_50_100_topo_feature_component_b20_50_100_200_500_1000_per_query.csv,mag,mag,20260607,mag,single,50,topo_feature,topo_feature_component,type_rel_feat32,50,31,50,0,31,0,0,0,0,29,0,6.852972959860181,7.723080503999881,9.578060552649639,194134.18,443395.75,72.16,2319.621477117108,3354079.1337004052,1.0,0.0003768115942028986,0.10144927536231885,866.5,1820.3000000000002,1963.46,0.7107003441894673,1239.1599408406034,2.320667829719136,0,0,0,1,0,1,3,10,16,0,,,,,,,,,,,,,,,,,,,,,,,,,,,,,,,,,,,,,,,,,,,,,,,,,,,,,,,,,,,,,,,,,,,,,,,,,,,,,,,,,,,,,,,,,,,,,,,,,,,,,,,,,,,,,,,,,,,,,,0,0,0,0,0,0,1,1,0,1,1,2,3,5,10,15,16,31,0,31,legacy_planted_id_v0_audited_equivalent_to_query_payload_v1
runs\lightning_mag_full\jigsaw-mag-gcp-cpux8-topo-s20260607-dark-v2-resume\summary.csv,runs\lightning_mag_full\jigsaw-mag-gcp-cpux8-topo-s20260607-dark-v2-resume\results\prod_mag_rgcn_seed7202_s20260607_q50_types_all_sizes20_50_100_topo_feature_component_b20_50_100_200_500_1000_per_query.csv,mag,mag,20260607,mag,single,100,topo_feature,topo_feature_component,type_rel_feat32,50,20,50,0,20,0,0,0,0,20,0,7.659375597719945,8.37852471049996,8.625511136850037,283102.22,519502.05,59.24,934.238058548899,2244497.6832086598,1.0,0.00019298245614035088,0.06666666666666667,1196.0,1924.0999999999997,1994.04,0.7502957227683382,1341.5784938982365,2.1716109649117388,0,0,0,0,1,1,0,8,10,0,,,,,,,,,,,,,,,,,,,,,,,,,,,,,,,,,,,,,,,,,,,,,,,,,,,,,,,,,,,,,,,,,,,,,,,,,,,,,,,,,,,,,,,,,,,,,,,,,,,,,,,,,,,,,,,,,,,,,,0,0,0,0,0,0,0,0,1,1,1,2,0,2,8,10,10,20,0,20,legacy_planted_id_v0_audited_equivalent_to_query_payload_v1
corrected_connected_rerun::prod_mag_seed7202_s20260607_q50_types_multi_fine_multi_coarse_sizes20_50_100_topo_feature_component_b20_50_100_200_500_1000_per_query.csv,C:\Users\Swastik\Desktop\Jigsaw\runs\lcr_mag_v3\results\prod_mag_seed7202_s20260607_q50_types_multi_fine_multi_coarse_sizes20_50_100_topo_feature_component_b20_50_100_200_500_1000_per_query.csv,mag,mag,20260607,mag,multi_fine,20,topo_feature,topo_feature_component,type_rel_feat32,50,33,50,0,33,0,0,0,0,33,0,6.730442240399425,8.081556086497585,8.328101276494817,142586.76,390300.25,36.44,6744.184724958823,5939215.633325686,1.0,0.0002427536231884058,0.10144927536231885,921.5,1730.6499999999999,1897.21,0.7356610325376202,1217.8412082716338,1.4418062934793483,0,0,0,0,0,1,5,11,16,0,,,,,,,,,,,,,,,,,,,,,,,,,,,,,,,,,,,,,,,,,,,,,,,,,,,,,,,,,,,,,,,,,,,,,,,,,,,,,,,,,,,,,,,,,,,,,,,,,,,,,,,,,,,,,,,,,,,,,,0,0,0,0,0,0,0,0,0,0,1,1,5,6,11,17,16,33,0,33,legacy_planted_id_v0_audited_equivalent_to_query_payload_v1
corrected_connected_rerun::prod_mag_seed7202_s20260607_q50_types_multi_fine_multi_coarse_sizes20_50_100_topo_feature_component_b20_50_100_200_500_1000_per_query.csv,C:\Users\Swastik\Desktop\Jigsaw\runs\lcr_mag_v3\results\prod_mag_seed7202_s20260607_q50_types_multi_fine_multi_coarse_sizes20_50_100_topo_feature_component_b20_50_100_200_500_1000_per_query.csv,mag,mag,20260607,mag,multi_fine,50,topo_feature,topo_feature_component,type_rel_feat32,50,22,50,0,22,0,0,0,0,22,0,7.431479682220306,8.187712043998545,9.977222912850085,252365.56,518033.7,45.06,2741.920902484009,2735103.8599888515,1.0,0.00024822695035460994,0.07801418439716312,1161.5,1869.85,1922.7199999999998,0.760300599438727,1315.9491545035917,1.6890870248313692,0,0,0,0,2,0,0,10,10,0,,,,,,,,,,,,,,,,,,,,,,,,,,,,,,,,,,,,,,,,,,,,,,,,,,,,,,,,,,,,,,,,,,,,,,,,,,,,,,,,,,,,,,,,,,,,,,,,,,,,,,,,,,,,,,,,,,,,,,0,0,0,0,0,0,0,0,2,2,0,2,0,2,10,12,10,22,0,22,legacy_planted_id_v0_audited_equivalent_to_query_payload_v1
corrected_connected_rerun::prod_mag_seed7202_s20260607_q50_types_multi_fine_multi_coarse_sizes20_50_100_topo_feature_component_b20_50_100_200_500_1000_per_query.csv,C:\Users\Swastik\Desktop\Jigsaw\runs\lcr_mag_v3\results\prod_mag_seed7202_s20260607_q50_types_multi_fine_multi_coarse_sizes20_50_100_topo_feature_component_b20_50_100_200_500_1000_per_query.csv,mag,mag,20260607,mag,multi_fine,100,topo_feature,topo_feature_component,type_rel_feat32,50,28,50,0,28,0,0,0,0,28,0,7.255853380299814,8.10269570750097,8.321631808000166,367239.46,547607.5499999999,116.36,270.5734042771685,3089844.8578995112,1.0,0.0002198581560283688,0.09929078014184398,802.5,1945.25,1985.69,0.7678843971690887,1282.9123107552837,3.5865155390096564,0,0,0,0,0,1,5,5,17,0,,,,,,,,,,,,,,,,,,,,,,,,,,,,,,,,,,,,,,,,,,,,,,,,,,,,,,,,,,,,,,,,,,,,,,,,,,,,,,,,,,,,,,,,,,,,,,,,,,,,,,,,,,,,,,,,,,,,,,0,0,0,0,0,0,0,0,0,0,1,1,5,6,5,11,17,28,0,28,legacy_planted_id_v0_audited_equivalent_to_query_payload_v1
runs\lightning_mag_full\jigsaw-mag-gcp-cpux8-topo-s20260607-dark-v2-resume\summary.csv,runs\lightning_mag_full\jigsaw-mag-gcp-cpux8-topo-s20260607-dark-v2-resume\results\prod_mag_rgcn_seed7202_s20260607_q50_types_all_sizes20_50_100_topo_feature_component_b20_50_100_200_500_1000_per_query.csv,mag,mag,20260607,mag,k_hop,20,topo_feature,topo_feature_component,type_rel_feat32,50,30,50,0,30,0,0,0,0,27,0,7.100631077900034,7.948323041500089,8.505653133050055,118347.1,333068.69999999995,70.2,5666.970894407033,2778508.090296676,10.02,0.0036099290780141845,0.09988445852807555,1911.5,1990.55,1996.08,0.6831759042417087,1256.906578102844,2.070563368793465,0,0,0,0,0,1,3,9,17,0,,,,,,,,,,,,,,,,,,,,,,,,,,,,,,,,,,,,,,,,,,,,,,,,,,,,,,,,,,,,,,,,,,,,,,,,,,,,,,,,,,,,,,,,,,,,,,,,,,,,,,,,,,,,,,,,,,,,,,0,0,0,0,0,0,0,0,0,0,1,1,3,4,9,13,17,30,0,30,legacy_planted_id_v0_audited_equivalent_to_query_payload_v1
runs\lightning_mag_full\jigsaw-mag-gcp-cpux8-topo-s20260607-dark-v2-resume\summary.csv,runs\lightning_mag_full\jigsaw-mag-gcp-cpux8-topo-s20260607-dark-v2-resume\results\prod_mag_rgcn_seed7202_s20260607_q50_types_all_sizes20_50_100_topo_feature_component_b20_50_100_200_500_1000_per_query.csv,mag,mag,20260607,mag,k_hop,50,topo_feature,topo_feature_component,type_rel_feat32,50,17,50,0,17,0,0,0,0,14,0,8.686588727959988,8.927771520500187,10.915447037749914,246911.06,416071.8,348.86,2882.314049805492,1516625.540514054,28.64,0.010395189003436426,0.1142641776118173,1964.5,1999.0,2000.0,0.7698932405434892,1471.8075456701015,20.73347287972462,0,0,0,0,0,0,3,3,11,0,,,,,,,,,,,,,,,,,,,,,,,,,,,,,,,,,,,,,,,,,,,,,,,,,,,,,,,,,,,,,,,,,,,,,,,,,,,,,,,,,,,,,,,,,,,,,,,,,,,,,,,,,,,,,,,,,,,,,,0,0,0,0,0,0,0,0,0,0,0,0,3,3,3,6,11,17,0,17,legacy_planted_id_v0_audited_equivalent_to_query_payload_v1
runs\lightning_mag_full\jigsaw-mag-gcp-cpux8-topo-s20260607-dark-v2-resume\summary.csv,runs\lightning_mag_full\jigsaw-mag-gcp-cpux8-topo-s20260607-dark-v2-resume\results\prod_mag_rgcn_seed7202_s20260607_q50_types_all_sizes20_50_100_topo_feature_component_b20_50_100_200_500_1000_per_query.csv,mag,mag,20260607,mag,k_hop,100,topo_feature,topo_feature_component,type_rel_feat32,50,16,50,0,16,0,0,0,0,12,0,8.341892343220024,8.34295441500035,9.073198288299999,228401.94,452349.7499999999,218.14,1229.8862844695411,757493.4461322257,51.64,0.022869127516778526,0.135540110772274,1969.5,1997.0,1998.0,0.7195027987133331,1394.5497048892614,5.096661422823257,0,0,0,0,0,0,0,2,14,0,,,,,,,,,,,,,,,,,,,,,,,,,,,,,,,,,,,,,,,,,,,,,,,,,,,,,,,,,,,,,,,,,,,,,,,,,,,,,,,,,,,,,,,,,,,,,,,,,,,,,,,,,,,,,,,,,,,,,,0,0,0,0,0,0,0,0,0,0,0,0,0,0,2,2,14,16,0,16,legacy_planted_id_v0_audited_equivalent_to_query_payload_v1
runs\lightning_mag_full\jigsaw-mag-gcp-cpux8-topo-s20260607-dark-v2-resume\summary.csv,runs\lightning_mag_full\jigsaw-mag-gcp-cpux8-topo-s20260607-dark-v2-resume\results\prod_mag_rgcn_seed7202_s20260607_q50_types_all_sizes20_50_100_topo_feature_component_b20_50_100_200_500_1000_per_query.csv,mag,mag,20260607,mag,degree_k_hop,20,topo_feature,topo_feature_component,type_rel_feat32,50,28,50,0,28,0,0,0,0,26,0,7.24560511534005,7.965787068000509,10.024625152449879,139161.4,363316.04999999993,281.2,13180.477495647203,2631132.0744746327,10.44,0.005104693140794224,0.0940261379685886,1824.0,1994.6,2000.0,0.7576127147646339,1287.0244477256358,20.846511722026502,0,0,0,0,3,0,1,9,15,0,,,,,,,,,,,,,,,,,,,,,,,,,,,,,,,,,,,,,,,,,,,,,,,,,,,,,,,,,,,,,,,,,,,,,,,,,,,,,,,,,,,,,,,,,,,,,,,,,,,,,,,,,,,,,,,,,,,,,,0,0,0,0,0,0,0,0,3,3,0,3,1,4,9,13,15,28,0,28,legacy_planted_id_v0_audited_equivalent_to_query_payload_v1
runs\lightning_mag_full\jigsaw-mag-gcp-cpux8-topo-s20260607-dark-v2-resume\summary.csv,runs\lightning_mag_full\jigsaw-mag-gcp-cpux8-topo-s20260607-dark-v2-resume\results\prod_mag_rgcn_seed7202_s20260607_q50_types_all_sizes20_50_100_topo_feature_component_b20_50_100_200_500_1000_per_query.csv,mag,mag,20260607,mag,degree_k_hop,50,topo_feature,topo_feature_component,type_rel_feat32,50,16,50,0,16,0,0,0,0,14,0,8.82214305805991,9.043578514499814,10.052492219850135,201157.58,419188.25,418.0,2538.9437233738736,1301021.4261335908,26.46,0.010138983050847457,0.11501505405120922,1945.0,1998.1,1999.51,0.7816847084387072,1486.2968108610048,8.98167355592905,0,0,0,0,0,0,1,3,12,0,,,,,,,,,,,,,,,,,,,,,,,,,,,,,,,,,,,,,,,,,,,,,,,,,,,,,,,,,,,,,,,,,,,,,,,,,,,,,,,,,,,,,,,,,,,,,,,,,,,,,,,,,,,,,,,,,,,,,,0,0,0,0,0,0,0,0,0,0,0,0,1,1,3,4,12,16,0,16,legacy_planted_id_v0_audited_equivalent_to_query_payload_v1
runs\lightning_mag_full\jigsaw-mag-gcp-cpux8-topo-s20260607-dark-v2-resume\summary.csv,runs\lightning_mag_full\jigsaw-mag-gcp-cpux8-topo-s20260607-dark-v2-resume\results\prod_mag_rgcn_seed7202_s20260607_q50_types_all_sizes20_50_100_topo_feature_component_b20_50_100_200_500_1000_per_query.csv,mag,mag,20260607,mag,degree_k_hop,100,topo_feature,topo_feature_component,type_rel_feat32,50,13,50,0,13,0,0,0,0,11,0,8.402818069360183,8.529207614501956,10.131054062400334,278299.36,499832.74999999994,333.34,1403.8731385645815,711667.1320575764,54.74,0.024010204081632652,0.13480569320849775,1975.5,1999.55,2000.0,0.7134531021069559,1424.0169324626136,5.033759605444763,0,0,0,0,1,0,0,2,10,0,,,,,,,,,,,,,,,,,,,,,,,,,,,,,,,,,,,,,,,,,,,,,,,,,,,,,,,,,,,,,,,,,,,,,,,,,,,,,,,,,,,,,,,,,,,,,,,,,,,,,,,,,,,,,,,,,,,,,,0,0,0,0,0,0,0,0,1,1,0,1,0,1,2,3,10,13,0,13,legacy_planted_id_v0_audited_equivalent_to_query_payload_v1
runs\lightning_mag_full\jigsaw-mag-gcp-cpux8-topo-s20260607-dark-v2-resume\summary.csv,runs\lightning_mag_full\jigsaw-mag-gcp-cpux8-topo-s20260607-dark-v2-resume\results\prod_mag_rgcn_seed7202_s20260607_q50_types_all_sizes20_50_100_topo_feature_component_b20_50_100_200_500_1000_per_query.csv,mag,mag,20260607,mag,random_walk,20,topo_feature,topo_feature_component,type_rel_feat32,50,19,50,0,19,0,0,0,0,17,0,7.911234474140111,8.059408356499944,9.321219517550364,133258.18,341415.1,31.84,10158.37240213486,3097624.6163764065,12.32,0.003932659932659933,0.10567453532905263,1817.0,1979.05,1997.02,0.712102309772438,1330.7970587474936,1.0605968316496226,0,0,0,0,0,0,0,3,16,0,,,,,,,,,,,,,,,,,,,,,,,,,,,,,,,,,,,,,,,,,,,,,,,,,,,,,,,,,,,,,,,,,,,,,,,,,,,,,,,,,,,,,,,,,,,,,,,,,,,,,,,,,,,,,,,,,,,,,,0,0,0,0,0,0,0,0,0,0,0,0,0,0,3,3,16,19,0,19,legacy_planted_id_v0_audited_equivalent_to_query_payload_v1
runs\lightning_mag_full\jigsaw-mag-gcp-cpux8-topo-s20260607-dark-v2-resume\summary.csv,runs\lightning_mag_full\jigsaw-mag-gcp-cpux8-topo-s20260607-dark-v2-resume\results\prod_mag_rgcn_seed7202_s20260607_q50_types_all_sizes20_50_100_topo_feature_component_b20_50_100_200_500_1000_per_query.csv,mag,mag,20260607,mag,random_walk,50,topo_feature,topo_feature_component,type_rel_feat32,50,6,50,0,6,0,0,0,0,3,0,9.290477983860068,9.036362702500014,10.97635213204967,224216.22,420449.0,545.22,1148.9836106129344,966128.9675424347,29.14,0.011986666666666666,0.11966811981256742,1953.5,1997.5500000000002,1999.51,0.7519504800075083,1530.2337085900117,18.17928871999963,0,0,0,0,0,0,0,0,6,0,,,,,,,,,,,,,,,,,,,,,,,,,,,,,,,,,,,,,,,,,,,,,,,,,,,,,,,,,,,,,,,,,,,,,,,,,,,,,,,,,,,,,,,,,,,,,,,,,,,,,,,,,,,,,,,,,,,,,,0,0,0,0,0,0,0,0,0,0,0,0,0,0,0,0,6,6,0,6,legacy_planted_id_v0_audited_equivalent_to_query_payload_v1
runs\lightning_mag_full\jigsaw-mag-gcp-cpux8-topo-s20260607-dark-v2-resume\summary.csv,runs\lightning_mag_full\jigsaw-mag-gcp-cpux8-topo-s20260607-dark-v2-resume\results\prod_mag_rgcn_seed7202_s20260607_q50_types_all_sizes20_50_100_topo_feature_component_b20_50_100_200_500_1000_per_query.csv,mag,mag,20260607,mag,random_walk,100,topo_feature,topo_feature_component,type_rel_feat32,50,1,50,0,1,0,0,0,0,1,0,8.907351237340153,8.65101655450053,10.537081270850422,315624.56,478369.75,503.98,509.15326365678374,294302.5441432719,58.56,0.02478,0.11677726296435419,1974.0,1998.5500000000002,1999.51,0.7259287400665926,1465.9522768800161,18.606262676676124,0,0,0,0,0,0,0,0,1,0,,,,,,,,,,,,,,,,,,,,,,,,,,,,,,,,,,,,,,,,,,,,,,,,,,,,,,,,,,,,,,,,,,,,,,,,,,,,,,,,,,,,,,,,,,,,,,,,,,,,,,,,,,,,,,,,,,,,,,0,0,0,0,0,0,0,0,0,0,0,0,0,0,0,0,1,1,0,1,legacy_planted_id_v0_audited_equivalent_to_query_payload_v1
corrected_connected_rerun::prod_mag_seed7202_s20260607_q50_types_multi_fine_multi_coarse_sizes20_50_100_topo_feature_component_b20_50_100_200_500_1000_per_query.csv,C:\Users\Swastik\Desktop\Jigsaw\runs\lcr_mag_v3\results\prod_mag_seed7202_s20260607_q50_types_multi_fine_multi_coarse_sizes20_50_100_topo_feature_component_b20_50_100_200_500_1000_per_query.csv,mag,mag,20260607,mag,multi_coarse,20,topo_feature,topo_feature_component,type_rel_feat32,50,11,50,0,11,0,0,0,0,8,0,8.264467588019906,8.142399338499672,10.100079829051356,229691.74,433729.49999999994,36.42,623.203242544813,5751405.757570504,4.26,0.002104026845637584,0.13008948545861299,1689.5,1941.1,1997.0,0.7343249128476698,1385.768957573803,0.886678000006824,0,0,0,0,0,0,0,2,9,0,,,,,,,,,,,,,,,,,,,,,,,,,,,,,,,,,,,,,,,,,,,,,,,,,,,,,,,,,,,,,,,,,,,,,,,,,,,,,,,,,,,,,,,,,,,,,,,,,,,,,,,,,,,,,,,,,,,,,,0,0,0,0,0,0,0,0,0,0,0,0,0,0,2,2,9,11,0,11,legacy_planted_id_v0_audited_equivalent_to_query_payload_v1
corrected_connected_rerun::prod_mag_seed7202_s20260607_q50_types_multi_fine_multi_coarse_sizes20_50_100_topo_feature_component_b20_50_100_200_500_1000_per_query.csv,C:\Users\Swastik\Desktop\Jigsaw\runs\lcr_mag_v3\results\prod_mag_seed7202_s20260607_q50_types_multi_fine_multi_coarse_sizes20_50_100_topo_feature_component_b20_50_100_200_500_1000_per_query.csv,mag,mag,20260607,mag,multi_coarse,50,topo_feature,topo_feature_component,type_rel_feat32,50,10,50,0,10,0,0,0,0,10,0,8.09626508419984,8.09477446049641,8.404181254502145,336056.26,504048.0,45.64,354.1100768441851,3481715.4533827193,4.16,0.0017290969899665552,0.14386845039018953,1687.0,1966.35,1991.08,0.7550101071559352,1352.6011849631643,1.2892973445012097,0,0,0,0,0,0,0,1,9,0,,,,,,,,,,,,,,,,,,,,,,,,,,,,,,,,,,,,,,,,,,,,,,,,,,,,,,,,,,,,,,,,,,,,,,,,,,,,,,,,,,,,,,,,,,,,,,,,,,,,,,,,,,,,,,,,,,,,,,0,0,0,0,0,0,0,0,0,0,0,0,0,0,1,1,9,10,0,10,legacy_planted_id_v0_audited_equivalent_to_query_payload_v1
corrected_connected_rerun::prod_mag_seed7202_s20260607_q50_types_multi_fine_multi_coarse_sizes20_50_100_topo_feature_component_b20_50_100_200_500_1000_per_query.csv,C:\Users\Swastik\Desktop\Jigsaw\runs\lcr_mag_v3\results\prod_mag_seed7202_s20260607_q50_types_multi_fine_multi_coarse_sizes20_50_100_topo_feature_component_b20_50_100_200_500_1000_per_query.csv,mag,mag,20260607,mag,multi_coarse,100,topo_feature,topo_feature_component,type_rel_feat32,50,5,50,0,5,0,0,0,0,5,0,8.330221440099923,8.217438524496174,9.49806693929913,434121.0,522697.4,67.08,247.1097177928663,1979201.4073910017,4.16,0.0012166666666666667,0.1205,1682.5,1976.0,1984.0,0.911828720199992,1387.101128523306,1.2691114933477365,0,0,0,0,0,0,0,0,5,0,,,,,,,,,,,,,,,,,,,,,,,,,,,,,,,,,,,,,,,,,,,,,,,,,,,,,,,,,,,,,,,,,,,,,,,,,,,,,,,,,,,,,,,,,,,,,,,,,,,,,,,,,,,,,,,,,,,,,,0,0,0,0,0,0,0,0,0,0,0,0,0,0,0,0,5,5,0,5,legacy_planted_id_v0_audited_equivalent_to_query_payload_v1
/workspace/jigsaw_pkg/runs/noid_negative_mag_v3/results/prod_mag_pv1_s20260607_neg_topo_feature_component_b20_50_100_200_500_1000_per_query.csv,/workspace/jigsaw_pkg/runs/noid_negative_mag_v3/results/prod_mag_pv1_s20260607_neg_topo_feature_component_b20_50_100_200_500_1000_per_query.csv,mag,mag,20260607,mag,negative_label,20,topo_feature,topo_feature_component,type_rel_feat32,50,0,0,50,0,0,50,0,0,4,0,3.5834484436996537,3.452075875499304,4.728316330549296,145541.1,369358.1,0.0,9926.441386527016,2609558.1398152853,10.54,0.0036700000000000014,0.09767931469402052,1833.5,1990.1,1995.08,0.8066881400554848,597.2414072832756,0.0,0,0,0,0,0,0,0,0,0,0,query_payload_v1_negative_rerun_2026-08-01,50,0,,0,1,0,50,0,0.597241407283,0.000806688140055,3.5834484436996537,145541.1,,,,,,,,0,,,,,,,,,,,,,,,,,,,,,,,,,,,,,,,,,,,,,,,,,,,,,,,,,,,,,,,,,,,,,,,,,,,,,,,,,,,,,,,,,,,,,,,,,,,,,,,0.08,0,0,0,0,0,0,0,0,0,0,0,0,0,0,0,0,0,0,0,0,0,query_payload_v1
/workspace/jigsaw_pkg/runs/noid_negative_mag_v3/results/prod_mag_pv1_s20260607_neg_topo_feature_component_b20_50_100_200_500_1000_per_query.csv,/workspace/jigsaw_pkg/runs/noid_negative_mag_v3/results/prod_mag_pv1_s20260607_neg_topo_feature_component_b20_50_100_200_500_1000_per_query.csv,mag,mag,20260607,mag,negative_label,50,topo_feature,topo_feature_component,type_rel_feat32,50,0,0,50,0,0,50,0,0,9,0,3.6652652213198964,3.5673064479997265,5.281223416300053,227971.6,411984.69999999995,0.0,2160.0994923773433,1506297.2629335327,23.94,0.010029999999999987,0.11673426388383902,1950.0,1994.1999999999998,1998.51,0.8769164999830537,610.8775368866493,0.0,0,0,0,0,0,0,0,0,0,0,query_payload_v1_negative_rerun_2026-08-01,50,0,,0,1,0,50,0,0.610877536887,0.000876916499983,3.6652652213198964,227971.6,,,,,,,,0,,,,,,,,,,,,,,,,,,,,,,,,,,,,,,,,,,,,,,,,,,,,,,,,,,,,,,,,,,,,,,,,,,,,,,,,,,,,,,,,,,,,,,,,,,,,,,,0.18,0,0,0,0,0,0,0,0,0,0,0,0,0,0,0,0,0,0,0,0,0,query_payload_v1
/workspace/jigsaw_pkg/runs/noid_negative_mag_v3/results/prod_mag_pv1_s20260607_neg_topo_feature_component_b20_50_100_200_500_1000_per_query.csv,/workspace/jigsaw_pkg/runs/noid_negative_mag_v3/results/prod_mag_pv1_s20260607_neg_topo_feature_component_b20_50_100_200_500_1000_per_query.csv,mag,mag,20260607,mag,negative_label,100,topo_feature,topo_feature_component,type_rel_feat32,50,0,0,50,0,0,50,0,0,3,0,3.708399182479898,3.6253582209988053,4.7385229769497945,272390.5,513763.6,0.0,1121.1014907796846,936395.8327689652,52.46,0.023089999999999958,0.14047031490893383,1978.5,1998.0,1999.51,0.9175547799895867,618.0665304133163,0.0,0,0,0,0,0,0,0,0,0,0,query_payload_v1_negative_rerun_2026-08-01,50,0,,0,1,0,50,0,0.618066530413,0.00091755477999,3.708399182479898,272390.5,,,,,,,,0,,,,,,,,,,,,,,,,,,,,,,,,,,,,,,,,,,,,,,,,,,,,,,,,,,,,,,,,,,,,,,,,,,,,,,,,,,,,,,,,,,,,,,,,,,,,,,,0.06,0,0,0,0,0,0,0,0,0,0,0,0,0,0,0,0,0,0,0,0,0,query_payload_v1
/workspace/jigsaw_pkg/runs/noid_negative_mag_v3/results/prod_mag_pv1_s20260607_neg_topo_feature_component_b20_50_100_200_500_1000_per_query.csv,/workspace/jigsaw_pkg/runs/noid_negative_mag_v3/results/prod_mag_pv1_s20260607_neg_topo_feature_component_b20_50_100_200_500_1000_per_query.csv,mag,mag,20260607,mag,negative_structure,20,topo_feature,topo_feature_component,type_rel_feat32,50,1,0,50,0,1,49,0,0,24,0,3.374039924739827,3.315565622999202,4.030024710450743,163405.68,345103.75,109.98,7539.76987294798,2894395.866959457,11.24,0.0045953177257525065,0.1129939706936558,1770.0,1953.65,1974.79,0.8188323277577746,561.8221248126895,2.3985983879505404,0,0,0,0,0,0,0,1,0,0,query_payload_v1_negative_rerun_2026-08-01,50,0.02,,0.02,0.98,1,49,0.00239859838795,0.561822124813,0.000818832327758,3.374039924739827,163405.68,,,,,,,,0,,,,,,,,,,,,,,,,,,,,,,,,,,,,,,,,,,,,,,,,,,,,,,,,,,,,,,,,,,,,,,,,,,,,,,,,,,,,,,,,,,,,,,,,,,,,,,,0.48,0,0,0,0,0,0,0,0,0,0,0,0,0,0,0,1,1,0,1,0,1,query_payload_v1
/workspace/jigsaw_pkg/runs/noid_negative_mag_v3/results/prod_mag_pv1_s20260607_neg_topo_feature_component_b20_50_100_200_500_1000_per_query.csv,/workspace/jigsaw_pkg/runs/noid_negative_mag_v3/results/prod_mag_pv1_s20260607_neg_topo_feature_component_b20_50_100_200_500_1000_per_query.csv,mag,mag,20260607,mag,negative_structure,50,topo_feature,topo_feature_component,type_rel_feat32,50,0,0,50,0,0,50,0,0,16,0,3.7347306144799948,3.5598378160007087,5.556651385849909,196959.04,414971.3,346.4,3992.564994685978,1657217.4575188234,24.76,0.008483333333333315,0.11194524674957376,1921.0,1986.2,1991.04,0.8669772200664738,607.2295316666623,15.2255707466702,0,0,0,0,0,0,0,0,0,0,query_payload_v1_negative_rerun_2026-08-01,50,0,,0,1,0,50,0.0152255707467,0.607229531667,0.000866977220066,3.7347306144799948,196959.04,,,,,,,,0,,,,,,,,,,,,,,,,,,,,,,,,,,,,,,,,,,,,,,,,,,,,,,,,,,,,,,,,,,,,,,,,,,,,,,,,,,,,,,,,,,,,,,,,,,,,,,,0.32,0,0,0,0,0,0,0,0,0,0,0,0,0,0,0,0,0,0,0,0,0,query_payload_v1
/workspace/jigsaw_pkg/runs/noid_negative_mag_v3/results/prod_mag_pv1_s20260607_neg_topo_feature_component_b20_50_100_200_500_1000_per_query.csv,/workspace/jigsaw_pkg/runs/noid_negative_mag_v3/results/prod_mag_pv1_s20260607_neg_topo_feature_component_b20_50_100_200_500_1000_per_query.csv,mag,mag,20260607,mag,negative_structure,100,topo_feature,topo_feature_component,type_rel_feat32,50,0,0,50,0,0,50,0,0,13,0,3.780318628479872,3.6916593909991207,4.468010931653042,261756.28,488184.2499999999,165.44,1435.0245405339404,684608.4463262295,52.86,0.022399999999999975,0.13416172888499275,1979.0,1997.0,1997.51,0.9745676799502689,626.8768140499742,3.176290696671155,0,0,0,0,0,0,0,0,0,0,query_payload_v1_negative_rerun_2026-08-01,50,0,,0,1,0,50,0.00317629069667,0.62687681405,0.00097456767995,3.780318628479872,261756.28,,,,,,,,0,,,,,,,,,,,,,,,,,,,,,,,,,,,,,,,,,,,,,,,,,,,,,,,,,,,,,,,,,,,,,,,,,,,,,,,,,,,,,,,,,,,,,,,,,,,,,,,0.26,0,0,0,0,0,0,0,0,0,0,0,0,0,0,0,0,0,0,0,0,0,query_payload_v1
runs\lightning_mag_full\jigsaw-mag-gcp-cpux8-random-s20260607-v3-resume\summary.csv,runs\lightning_mag_full\jigsaw-mag-gcp-cpux8-random-s20260607-v3-resume\results\prod_mag_rgcn_seed7202_s20260607_q50_types_all_sizes20_50_100_random_component_b20_50_100_200_500_1000_per_query.csv,mag,mag,20260607,mag,single,20,random,random_component,type_rel_feat32,50,31,50,0,31,0,0,0,0,28,0,8.175957175059962,9.222678303999771,9.773973053349925,206356.48,447894.04999999993,40.94,3944.971640794511,5308605.62894379,1.0,0.0001209964412811388,0.07829181494661921,1000000000.0,1000000000.0,1000000000.0,0.0,1453.291153142344,1.5054972241972908,0,0,0,0,0,2,1,11,17,0,,,,,,,,,,,,,,,,,,,,,,,,,,,,,,,,,,,,,,,,,,,,,,,,,,,,,,,,,,,,,,,,,,,,,,,,,,,,,,,,,,,,,,,,,,,,,,,,,,,,,,,,,,,,,,,,,,,,,,0,0,0,0,0,0,0,0,0,0,2,2,1,3,11,14,17,31,0,31,legacy_planted_id_v0_audited_equivalent_to_query_payload_v1
runs\lightning_mag_full\jigsaw-mag-gcp-cpux8-random-s20260607-v3-resume\summary.csv,runs\lightning_mag_full\jigsaw-mag-gcp-cpux8-random-s20260607-v3-resume\results\prod_mag_rgcn_seed7202_s20260607_q50_types_all_sizes20_50_100_random_component_b20_50_100_200_500_1000_per_query.csv,mag,mag,20260607,mag,single,50,random,random_component,type_rel_feat32,50,30,50,0,30,0,0,0,0,28,0,8.327040394879859,9.481830567000088,10.896235153950464,249474.78,522251.8999999999,104.78,2273.357452896428,3759927.9389236206,1.0,0.0002101449275362319,0.09057971014492754,1000000000.0,1000000000.0,1000000000.0,0.0,1504.6215799818615,3.9002306847795927,0,0,0,0,0,1,5,11,13,0,,,,,,,,,,,,,,,,,,,,,,,,,,,,,,,,,,,,,,,,,,,,,,,,,,,,,,,,,,,,,,,,,,,,,,,,,,,,,,,,,,,,,,,,,,,,,,,,,,,,,,,,,,,,,,,,,,,,,,0,0,0,0,0,0,0,0,0,0,1,1,5,6,11,17,13,30,0,30,legacy_planted_id_v0_audited_equivalent_to_query_payload_v1
runs\lightning_mag_full\jigsaw-mag-gcp-cpux8-random-s20260607-v3-resume\summary.csv,runs\lightning_mag_full\jigsaw-mag-gcp-cpux8-random-s20260607-v3-resume\results\prod_mag_rgcn_seed7202_s20260607_q50_types_all_sizes20_50_100_random_component_b20_50_100_200_500_1000_per_query.csv,mag,mag,20260607,mag,single,100,random,random_component,type_rel_feat32,50,23,50,0,23,0,0,0,0,23,0,8.223018729739888,9.434780483000395,10.789601161001428,329310.62,622853.0,73.72,624.9206905878394,1369630.1361246172,1.0,0.00043065693430656936,0.08029197080291971,1000000000.0,1000000000.0,1000000000.0,0.0,1497.500620697042,3.050242394178264,0,0,0,1,1,1,3,8,9,0,,,,,,,,,,,,,,,,,,,,,,,,,,,,,,,,,,,,,,,,,,,,,,,,,,,,,,,,,,,,,,,,,,,,,,,,,,,,,,,,,,,,,,,,,,,,,,,,,,,,,,,,,,,,,,,,,,,,,,0,0,0,0,0,0,1,1,1,2,1,3,3,6,8,14,9,23,0,23,legacy_planted_id_v0_audited_equivalent_to_query_payload_v1
corrected_connected_rerun::prod_mag_seed7202_s20260607_q50_types_multi_fine_multi_coarse_sizes20_50_100_random_component_b20_50_100_200_500_1000_per_query.csv,C:\Users\Swastik\Desktop\Jigsaw\runs\lcr_mag_v3\results\prod_mag_seed7202_s20260607_q50_types_multi_fine_multi_coarse_sizes20_50_100_random_component_b20_50_100_200_500_1000_per_query.csv,mag,mag,20260607,mag,multi_fine,20,random,random_component,type_rel_feat32,50,32,50,0,32,0,0,0,0,32,0,9.442567659659908,10.095104164500299,12.139334782998912,185214.74,467718.0,76.66,8775.790481241043,4393123.9332228545,1.0,0.00016197183098591548,0.09507042253521127,1000000000.0,1000000000.0,1000000000.0,0.0,1660.2348698309656,2.1890139119759495,0,0,0,0,0,0,3,10,19,0,,,,,,,,,,,,,,,,,,,,,,,,,,,,,,,,,,,,,,,,,,,,,,,,,,,,,,,,,,,,,,,,,,,,,,,,,,,,,,,,,,,,,,,,,,,,,,,,,,,,,,,,,,,,,,,,,,,,,,0,0,0,0,0,0,0,0,0,0,0,0,3,3,10,13,19,32,0,32,legacy_planted_id_v0_audited_equivalent_to_query_payload_v1
corrected_connected_rerun::prod_mag_seed7202_s20260607_q50_types_multi_fine_multi_coarse_sizes20_50_100_random_component_b20_50_100_200_500_1000_per_query.csv,C:\Users\Swastik\Desktop\Jigsaw\runs\lcr_mag_v3\results\prod_mag_seed7202_s20260607_q50_types_multi_fine_multi_coarse_sizes20_50_100_random_component_b20_50_100_200_500_1000_per_query.csv,mag,mag,20260607,mag,multi_fine,50,random,random_component,type_rel_feat32,50,28,50,0,28,0,0,0,0,28,0,7.807481482360017,9.842618943996968,11.704378355000607,240728.08,589087.2999999999,146.52,2022.8357503393966,2482255.863190156,1.0,0.0008492063492063492,0.09523809523809523,1000000000.0,1000000000.0,1000000000.0,0.0,1542.0003827975963,7.103085924629543,0,0,0,2,2,3,6,9,6,0,,,,,,,,,,,,,,,,,,,,,,,,,,,,,,,,,,,,,,,,,,,,,,,,,,,,,,,,,,,,,,,,,,,,,,,,,,,,,,,,,,,,,,,,,,,,,,,,,,,,,,,,,,,,,,,,,,,,,,0,0,0,0,0,0,2,2,2,4,3,7,6,13,9,22,6,28,0,28,legacy_planted_id_v0_audited_equivalent_to_query_payload_v1
corrected_connected_rerun::prod_mag_seed7202_s20260607_q50_types_multi_fine_multi_coarse_sizes20_50_100_random_component_b20_50_100_200_500_1000_per_query.csv,C:\Users\Swastik\Desktop\Jigsaw\runs\lcr_mag_v3\results\prod_mag_seed7202_s20260607_q50_types_multi_fine_multi_coarse_sizes20_50_100_random_component_b20_50_100_200_500_1000_per_query.csv,mag,mag,20260607,mag,multi_fine,100,random,random_component,type_rel_feat32,50,26,50,0,26,0,0,0,0,26,0,9.154920665479985,9.943075704499279,11.815452647899019,456640.5,651945.6,139.98,183.78561193251664,3369728.9863163712,1.0,0.00023404255319148937,0.09219858156028368,1000000000.0,1000000000.0,1000000000.0,0.0,1619.5147725673658,3.698111382986331,0,0,0,0,0,3,2,5,16,0,,,,,,,,,,,,,,,,,,,,,,,,,,,,,,,,,,,,,,,,,,,,,,,,,,,,,,,,,,,,,,,,,,,,,,,,,,,,,,,,,,,,,,,,,,,,,,,,,,,,,,,,,,,,,,,,,,,,,,0,0,0,0,0,0,0,0,0,0,3,3,2,5,5,10,16,26,0,26,legacy_planted_id_v0_audited_equivalent_to_query_payload_v1
runs\lightning_mag_full\jigsaw-mag-gcp-cpux8-random-s20260607-v3-resume\summary.csv,runs\lightning_mag_full\jigsaw-mag-gcp-cpux8-random-s20260607-v3-resume\results\prod_mag_rgcn_seed7202_s20260607_q50_types_all_sizes20_50_100_random_component_b20_50_100_200_500_1000_per_query.csv,mag,mag,20260607,mag,k_hop,20,random,random_component,type_rel_feat32,50,35,50,0,35,0,0,0,0,34,0,7.951503043959938,9.372121277500128,11.17828480250041,137887.12,430836.1,137.84,5175.776344026552,2503728.913793892,10.02,0.005680297397769517,0.1408490924727531,1000000000.0,1000000000.0,1000000000.0,0.0,1475.0276096877221,2.946933799254943,0,0,0,1,0,1,4,15,14,0,,,,,,,,,,,,,,,,,,,,,,,,,,,,,,,,,,,,,,,,,,,,,,,,,,,,,,,,,,,,,,,,,,,,,,,,,,,,,,,,,,,,,,,,,,,,,,,,,,,,,,,,,,,,,,,,,,,,,,0,0,0,0,0,0,1,1,0,1,1,2,4,6,15,21,14,35,0,35,legacy_planted_id_v0_audited_equivalent_to_query_payload_v1
runs\lightning_mag_full\jigsaw-mag-gcp-cpux8-random-s20260607-v3-resume\summary.csv,runs\lightning_mag_full\jigsaw-mag-gcp-cpux8-random-s20260607-v3-resume\results\prod_mag_rgcn_seed7202_s20260607_q50_types_all_sizes20_50_100_random_component_b20_50_100_200_500_1000_per_query.csv,mag,mag,20260607,mag,k_hop,50,random,random_component,type_rel_feat32,50,28,50,0,28,0,0,0,0,23,0,8.819215611539967,9.679024869501063,10.851809057150057,272661.3,512509.75,559.92,2526.7953816619947,1076041.8480090175,28.64,0.014946043165467627,0.13951329997832826,1000000000.0,1000000000.0,1000000000.0,0.0,1558.9272443597065,27.26261383093502,0,0,0,0,0,2,3,10,13,0,,,,,,,,,,,,,,,,,,,,,,,,,,,,,,,,,,,,,,,,,,,,,,,,,,,,,,,,,,,,,,,,,,,,,,,,,,,,,,,,,,,,,,,,,,,,,,,,,,,,,,,,,,,,,,,,,,,,,,0,0,0,0,0,0,0,0,0,0,2,2,3,5,10,15,13,28,0,28,legacy_planted_id_v0_audited_equivalent_to_query_payload_v1
runs\lightning_mag_full\jigsaw-mag-gcp-cpux8-random-s20260607-v3-resume\summary.csv,runs\lightning_mag_full\jigsaw-mag-gcp-cpux8-random-s20260607-v3-resume\results\prod_mag_rgcn_seed7202_s20260607_q50_types_all_sizes20_50_100_random_component_b20_50_100_200_500_1000_per_query.csv,mag,mag,20260607,mag,k_hop,100,random,random_component,type_rel_feat32,50,29,50,0,29,0,0,0,0,28,0,9.728337695679883,10.251416247499947,11.909649723149936,262071.6,542016.5,618.06,946.7858708337013,509941.75426126865,51.64,0.02499655172413793,0.14069201049450306,1000000000.0,1000000000.0,1000000000.0,0.0,1658.477408227578,18.82219447585032,0,0,0,0,0,0,2,6,21,0,,,,,,,,,,,,,,,,,,,,,,,,,,,,,,,,,,,,,,,,,,,,,,,,,,,,,,,,,,,,,,,,,,,,,,,,,,,,,,,,,,,,,,,,,,,,,,,,,,,,,,,,,,,,,,,,,,,,,,0,0,0,0,0,0,0,0,0,0,0,0,2,2,6,8,21,29,0,29,legacy_planted_id_v0_audited_equivalent_to_query_payload_v1
runs\lightning_mag_full\jigsaw-mag-gcp-cpux8-random-s20260607-v3-resume\summary.csv,runs\lightning_mag_full\jigsaw-mag-gcp-cpux8-random-s20260607-v3-resume\results\prod_mag_rgcn_seed7202_s20260607_q50_types_all_sizes20_50_100_random_component_b20_50_100_200_500_1000_per_query.csv,mag,mag,20260607,mag,degree_k_hop,20,random,random_component,type_rel_feat32,50,33,50,0,33,0,0,0,0,30,0,7.870362345959948,8.95358626499933,11.069679393000499,151013.46,417534.4,309.28,12616.609263006925,3443374.2089155605,10.44,0.0054323308270676695,0.1189334244923586,1000000000.0,1000000000.0,1000000000.0,0.0,1469.4363334736722,9.955084939851679,0,0,0,0,2,2,0,20,9,0,,,,,,,,,,,,,,,,,,,,,,,,,,,,,,,,,,,,,,,,,,,,,,,,,,,,,,,,,,,,,,,,,,,,,,,,,,,,,,,,,,,,,,,,,,,,,,,,,,,,,,,,,,,,,,,,,,,,,,0,0,0,0,0,0,0,0,2,2,2,4,0,4,20,24,9,33,0,33,legacy_planted_id_v0_audited_equivalent_to_query_payload_v1
runs\lightning_mag_full\jigsaw-mag-gcp-cpux8-random-s20260607-v3-resume\summary.csv,runs\lightning_mag_full\jigsaw-mag-gcp-cpux8-random-s20260607-v3-resume\results\prod_mag_rgcn_seed7202_s20260607_q50_types_all_sizes20_50_100_random_component_b20_50_100_200_500_1000_per_query.csv,mag,mag,20260607,mag,degree_k_hop,50,random,random_component,type_rel_feat32,50,30,50,0,30,0,0,0,2,30,2,9.41419994311942,9.798796644999129,12.502635318598095,218084.5,527038.95,982.36,2404.4818368300794,1143639.4081175155,26.46,0.01297872340425532,0.13547968672764854,1000000000.0,1000000000.0,1000000000.0,0.0,1556.896668343904,112.28771873400753,0,0,0,0,0,1,2,10,17,0,,,,,,,,,,,,,,,,,,,,,,,,,,,,,,,,,,,,,,,,,,,,,,,,,,,,,,,,,,,,,,,,,,,,,,,,,,,,,,,,,,,,,,,,,,,,,,,,,,,,,,,,,,,,,,,,,,,,,,0,0,0,0,0,0,0,0,0,0,1,1,2,3,10,13,17,30,0,30,legacy_planted_id_v0_audited_equivalent_to_query_payload_v1
runs\lightning_mag_full\jigsaw-mag-gcp-cpux8-random-s20260607-v3-resume\summary.csv,runs\lightning_mag_full\jigsaw-mag-gcp-cpux8-random-s20260607-v3-resume\results\prod_mag_rgcn_seed7202_s20260607_q50_types_all_sizes20_50_100_random_component_b20_50_100_200_500_1000_per_query.csv,mag,mag,20260607,mag,degree_k_hop,100,random,random_component,type_rel_feat32,50,25,50,0,25,0,0,0,0,21,0,9.909728415879927,10.21320910500026,12.154198641149058,314490.8,577804.1,1486.82,1278.6191217136325,579811.2223697035,54.74,0.024903780068728523,0.1415770291993682,1000000000.0,1000000000.0,1000000000.0,0.0,1662.1403126116695,40.56216434364427,0,0,0,0,0,0,1,7,17,0,,,,,,,,,,,,,,,,,,,,,,,,,,,,,,,,,,,,,,,,,,,,,,,,,,,,,,,,,,,,,,,,,,,,,,,,,,,,,,,,,,,,,,,,,,,,,,,,,,,,,,,,,,,,,,,,,,,,,,0,0,0,0,0,0,0,0,0,0,0,0,1,1,7,8,17,25,0,25,legacy_planted_id_v0_audited_equivalent_to_query_payload_v1
runs\lightning_mag_full\jigsaw-mag-gcp-cpux8-random-s20260607-v3-resume\summary.csv,runs\lightning_mag_full\jigsaw-mag-gcp-cpux8-random-s20260607-v3-resume\results\prod_mag_rgcn_seed7202_s20260607_q50_types_all_sizes20_50_100_random_component_b20_50_100_200_500_1000_per_query.csv,mag,mag,20260607,mag,random_walk,20,random,random_component,type_rel_feat32,50,31,50,0,31,0,0,0,0,28,0,8.612284772900084,9.527035607499784,11.164113029199754,151104.46,406890.04999999993,132.94,8769.966185593838,2175495.0309404465,12.32,0.006384341637010676,0.12619138324946308,1000000000.0,1000000000.0,1000000000.0,0.0,1528.8803594128246,3.554653558720447,0,0,0,0,0,0,3,13,15,0,,,,,,,,,,,,,,,,,,,,,,,,,,,,,,,,,,,,,,,,,,,,,,,,,,,,,,,,,,,,,,,,,,,,,,,,,,,,,,,,,,,,,,,,,,,,,,,,,,,,,,,,,,,,,,,,,,,,,,0,0,0,0,0,0,0,0,0,0,0,0,3,3,13,16,15,31,0,31,legacy_planted_id_v0_audited_equivalent_to_query_payload_v1
runs\lightning_mag_full\jigsaw-mag-gcp-cpux8-random-s20260607-v3-resume\summary.csv,runs\lightning_mag_full\jigsaw-mag-gcp-cpux8-random-s20260607-v3-resume\results\prod_mag_rgcn_seed7202_s20260607_q50_types_all_sizes20_50_100_random_component_b20_50_100_200_500_1000_per_query.csv,mag,mag,20260607,mag,random_walk,50,random,random_component,type_rel_feat32,50,21,50,0,21,0,0,0,0,20,0,10.287129276840005,10.301496022997526,12.312612448349954,266846.4,511173.94999999995,1158.66,996.5241349275625,853223.1323647369,29.14,0.013894915254237288,0.14752752551938067,1000000000.0,1000000000.0,1000000000.0,0.0,1701.0399780779446,42.541255284768184,0,0,0,0,0,0,0,5,16,0,,,,,,,,,,,,,,,,,,,,,,,,,,,,,,,,,,,,,,,,,,,,,,,,,,,,,,,,,,,,,,,,,,,,,,,,,,,,,,,,,,,,,,,,,,,,,,,,,,,,,,,,,,,,,,,,,,,,,,0,0,0,0,0,0,0,0,0,0,0,0,0,0,5,5,16,21,0,21,legacy_planted_id_v0_audited_equivalent_to_query_payload_v1
runs\lightning_mag_full\jigsaw-mag-gcp-cpux8-random-s20260607-v3-resume\summary.csv,runs\lightning_mag_full\jigsaw-mag-gcp-cpux8-random-s20260607-v3-resume\results\prod_mag_rgcn_seed7202_s20260607_q50_types_all_sizes20_50_100_random_component_b20_50_100_200_500_1000_per_query.csv,mag,mag,20260607,mag,random_walk,100,random,random_component,type_rel_feat32,50,16,50,0,16,0,0,0,2,15,2,11.946129315419993,10.821480508999684,15.9878112965996,384615.34,571473.7,2836.5,329.15645407415303,314356.60185340646,58.56,0.029283333333333335,0.15698732377981012,1000000000.0,1000000000.0,1000000000.0,0.0,1800.361670156661,190.65988241333798,0,0,0,0,0,0,0,0,16,0,,,,,,,,,,,,,,,,,,,,,,,,,,,,,,,,,,,,,,,,,,,,,,,,,,,,,,,,,,,,,,,,,,,,,,,,,,,,,,,,,,,,,,,,,,,,,,,,,,,,,,,,,,,,,,,,,,,,,,0,0,0,0,0,0,0,0,0,0,0,0,0,0,0,0,16,16,0,16,legacy_planted_id_v0_audited_equivalent_to_query_payload_v1
corrected_connected_rerun::prod_mag_seed7202_s20260607_q50_types_multi_fine_multi_coarse_sizes20_50_100_random_component_b20_50_100_200_500_1000_per_query.csv,C:\Users\Swastik\Desktop\Jigsaw\runs\lcr_mag_v3\results\prod_mag_seed7202_s20260607_q50_types_multi_fine_multi_coarse_sizes20_50_100_random_component_b20_50_100_200_500_1000_per_query.csv,mag,mag,20260607,mag,multi_coarse,20,random,random_component,type_rel_feat32,50,22,50,0,22,0,0,0,0,18,0,10.826804120420002,11.220473333999507,12.675764988949414,273827.48,517675.19999999995,104.92,2414.5812221360047,5029667.512687005,4.26,0.0021164383561643836,0.1500570776255708,1000000000.0,1000000000.0,1000000000.0,0.0,1851.0960217089107,2.8087934315003436,0,0,0,0,0,0,0,8,14,0,,,,,,,,,,,,,,,,,,,,,,,,,,,,,,,,,,,,,,,,,,,,,,,,,,,,,,,,,,,,,,,,,,,,,,,,,,,,,,,,,,,,,,,,,,,,,,,,,,,,,,,,,,,,,,,,,,,,,,0,0,0,0,0,0,0,0,0,0,0,0,0,0,8,8,14,22,0,22,legacy_planted_id_v0_audited_equivalent_to_query_payload_v1
corrected_connected_rerun::prod_mag_seed7202_s20260607_q50_types_multi_fine_multi_coarse_sizes20_50_100_random_component_b20_50_100_200_500_1000_per_query.csv,C:\Users\Swastik\Desktop\Jigsaw\runs\lcr_mag_v3\results\prod_mag_seed7202_s20260607_q50_types_multi_fine_multi_coarse_sizes20_50_100_random_component_b20_50_100_200_500_1000_per_query.csv,mag,mag,20260607,mag,multi_coarse,50,random,random_component,type_rel_feat32,50,17,50,0,17,0,0,0,0,15,0,10.196571273260087,10.038586557500821,11.61495295584973,409606.48,608656.8,435.22,218.33625891172207,3145576.3938966803,4.16,0.002334448160535117,0.1440356744704571,1000000000.0,1000000000.0,1000000000.0,0.0,1676.2369340067075,28.875319046818788,0,0,0,0,0,0,0,1,16,0,,,,,,,,,,,,,,,,,,,,,,,,,,,,,,,,,,,,,,,,,,,,,,,,,,,,,,,,,,,,,,,,,,,,,,,,,,,,,,,,,,,,,,,,,,,,,,,,,,,,,,,,,,,,,,,,,,,,,,0,0,0,0,0,0,0,0,0,0,0,0,0,0,1,1,16,17,0,17,legacy_planted_id_v0_audited_equivalent_to_query_payload_v1
corrected_connected_rerun::prod_mag_seed7202_s20260607_q50_types_multi_fine_multi_coarse_sizes20_50_100_random_component_b20_50_100_200_500_1000_per_query.csv,C:\Users\Swastik\Desktop\Jigsaw\runs\lcr_mag_v3\results\prod_mag_seed7202_s20260607_q50_types_multi_fine_multi_coarse_sizes20_50_100_random_component_b20_50_100_200_500_1000_per_query.csv,mag,mag,20260607,mag,multi_coarse,100,random,random_component,type_rel_feat32,50,13,50,0,13,0,0,0,0,11,0,9.97906578067981,9.989587894000579,11.352196819552045,504608.12,624868.7999999999,310.1,153.33695543615383,2505661.1378485905,4.16,0.0019966216216216214,0.16148648648648647,1000000000.0,1000000000.0,1000000000.0,0.0,1675.471468043866,10.1815354493455,0,0,0,0,0,0,0,4,9,0,,,,,,,,,,,,,,,,,,,,,,,,,,,,,,,,,,,,,,,,,,,,,,,,,,,,,,,,,,,,,,,,,,,,,,,,,,,,,,,,,,,,,,,,,,,,,,,,,,,,,,,,,,,,,,,,,,,,,,0,0,0,0,0,0,0,0,0,0,0,0,0,0,4,4,9,13,0,13,legacy_planted_id_v0_audited_equivalent_to_query_payload_v1
/workspace/jigsaw_pkg/runs/noid_negative_mag_v3/results/prod_mag_pv1_s20260607_neg_random_component_b20_50_100_200_500_1000_per_query.csv,/workspace/jigsaw_pkg/runs/noid_negative_mag_v3/results/prod_mag_pv1_s20260607_neg_random_component_b20_50_100_200_500_1000_per_query.csv,mag,mag,20260607,mag,negative_label,20,random,random_component,type_rel_feat32,50,0,0,50,0,0,50,0,0,3,0,4.400494978820189,4.2805917355008205,5.52541905844955,177372.5,463594.94999999995,0.0,9793.67718305339,2436058.0566953355,10.54,0.004946666666666664,0.149327938945586,1000000000.0,1000000000.0,1000000000.0,0.0,733.4158298033648,0.0,0,0,0,0,0,0,0,0,0,0,query_payload_v1_negative_rerun_2026-08-01,50,0,,0,1,0,50,0,0.733415829803,0,4.400494978820189,177372.5,,,,,,,,0,,,,,,,,,,,,,,,,,,,,,,,,,,,,,,,,,,,,,,,,,,,,,,,,,,,,,,,,,,,,,,,,,,,,,,,,,,,,,,,,,,,,,,,,,,,,,,,0.06,0,0,0,0,0,0,0,0,0,0,0,0,0,0,0,0,0,0,0,0,0,query_payload_v1
/workspace/jigsaw_pkg/runs/noid_negative_mag_v3/results/prod_mag_pv1_s20260607_neg_random_component_b20_50_100_200_500_1000_per_query.csv,/workspace/jigsaw_pkg/runs/noid_negative_mag_v3/results/prod_mag_pv1_s20260607_neg_random_component_b20_50_100_200_500_1000_per_query.csv,mag,mag,20260607,mag,negative_label,50,random,random_component,type_rel_feat32,50,0,0,50,0,0,50,0,0,7,0,4.533932157280069,4.364686526001151,6.039470261749875,277290.04,510218.94999999995,0.0,1858.9488211673267,1236069.4577614777,23.94,0.011683333333333313,0.1621626224625328,1000000000.0,1000000000.0,1000000000.0,0.0,755.6553595466781,0.0,0,0,0,0,0,0,0,0,0,0,query_payload_v1_negative_rerun_2026-08-01,50,0,,0,1,0,50,0,0.755655359547,0,4.533932157280069,277290.04,,,,,,,,0,,,,,,,,,,,,,,,,,,,,,,,,,,,,,,,,,,,,,,,,,,,,,,,,,,,,,,,,,,,,,,,,,,,,,,,,,,,,,,,,,,,,,,,,,,,,,,,0.14,0,0,0,0,0,0,0,0,0,0,0,0,0,0,0,0,0,0,0,0,0,query_payload_v1
/workspace/jigsaw_pkg/runs/noid_negative_mag_v3/results/prod_mag_pv1_s20260607_neg_random_component_b20_50_100_200_500_1000_per_query.csv,/workspace/jigsaw_pkg/runs/noid_negative_mag_v3/results/prod_mag_pv1_s20260607_neg_random_component_b20_50_100_200_500_1000_per_query.csv,mag,mag,20260607,mag,negative_label,100,random,random_component,type_rel_feat32,50,0,0,50,0,0,50,0,0,4,0,4.533294795339916,4.4943636640005025,5.387153443399755,333269.9,622581.8999999999,0.0,1016.3499521001277,763890.8258059561,52.46,0.02820333333333328,0.16464934610393323,1000000000.0,1000000000.0,1000000000.0,0.0,755.5491325566527,0.0,0,0,0,0,0,0,0,0,0,0,query_payload_v1_negative_rerun_2026-08-01,50,0,,0,1,0,50,0,0.755549132557,0,4.533294795339916,333269.9,,,,,,,,0,,,,,,,,,,,,,,,,,,,,,,,,,,,,,,,,,,,,,,,,,,,,,,,,,,,,,,,,,,,,,,,,,,,,,,,,,,,,,,,,,,,,,,,,,,,,,,,0.08,0,0,0,0,0,0,0,0,0,0,0,0,0,0,0,0,0,0,0,0,0,query_payload_v1
/workspace/jigsaw_pkg/runs/noid_negative_mag_v3/results/prod_mag_pv1_s20260607_neg_random_component_b20_50_100_200_500_1000_per_query.csv,/workspace/jigsaw_pkg/runs/noid_negative_mag_v3/results/prod_mag_pv1_s20260607_neg_random_component_b20_50_100_200_500_1000_per_query.csv,mag,mag,20260607,mag,negative_structure,20,random,random_component,type_rel_feat32,50,1,0,50,0,1,49,0,0,33,0,4.187143234959967,4.144499884499055,4.80818143534907,203664.38,431693.35,306.82,7055.959242898036,1628067.5144886044,11.24,0.0065886287625418006,0.1761980226912355,1000000000.0,1000000000.0,1000000000.0,0.0,693.0884838093547,7.102692605355536,0,0,0,0,0,0,0,1,0,0,query_payload_v1_negative_rerun_2026-08-01,50,0.02,,0.02,0.98,1,49,0.00710269260536,0.693088483809,0,4.187143234959967,203664.38,,,,,,,,0,,,,,,,,,,,,,,,,,,,,,,,,,,,,,,,,,,,,,,,,,,,,,,,,,,,,,,,,,,,,,,,,,,,,,,,,,,,,,,,,,,,,,,,,,,,,,,,0.66,0,0,0,0,0,0,0,0,0,0,0,0,0,0,0,1,1,0,1,0,1,query_payload_v1
/workspace/jigsaw_pkg/runs/noid_negative_mag_v3/results/prod_mag_pv1_s20260607_neg_random_component_b20_50_100_200_500_1000_per_query.csv,/workspace/jigsaw_pkg/runs/noid_negative_mag_v3/results/prod_mag_pv1_s20260607_neg_random_component_b20_50_100_200_500_1000_per_query.csv,mag,mag,20260607,mag,negative_structure,50,random,random_component,type_rel_feat32,50,0,0,50,0,0,50,0,0,34,0,4.668540905740156,4.488489799499348,6.011676081400718,241838.8,524345.45,529.18,3797.7659434471243,1508952.981551936,24.76,0.011313333333333309,0.15550316861360275,1000000000.0,1000000000.0,1000000000.0,0.0,751.7293698166819,26.36078114001066,0,0,0,0,0,0,0,0,0,0,query_payload_v1_negative_rerun_2026-08-01,50,0,,0,1,0,50,0.02636078114,0.751729369817,0,4.668540905740156,241838.8,,,,,,,,0,,,,,,,,,,,,,,,,,,,,,,,,,,,,,,,,,,,,,,,,,,,,,,,,,,,,,,,,,,,,,,,,,,,,,,,,,,,,,,,,,,,,,,,,,,,,,,,0.68,0,0,0,0,0,0,0,0,0,0,0,0,0,0,0,0,0,0,0,0,0,query_payload_v1
/workspace/jigsaw_pkg/runs/noid_negative_mag_v3/results/prod_mag_pv1_s20260607_neg_random_component_b20_50_100_200_500_1000_per_query.csv,/workspace/jigsaw_pkg/runs/noid_negative_mag_v3/results/prod_mag_pv1_s20260607_neg_random_component_b20_50_100_200_500_1000_per_query.csv,mag,mag,20260607,mag,negative_structure,100,random,random_component,type_rel_feat32,50,0,0,50,0,0,50,0,0,21,0,4.513771265720006,4.457207122499312,5.264553871349834,321215.88,586275.5,353.04,1251.2017435555222,858616.9875402444,52.86,0.02701666666666661,0.15902194309842896,1000000000.0,1000000000.0,1000000000.0,0.0,743.9731198500036,8.322091103330726,0,0,0,0,0,0,0,0,0,0,query_payload_v1_negative_rerun_2026-08-01,50,0,,0,1,0,50,0.00832209110333,0.74397311985,0,4.513771265720006,321215.88,,,,,,,,0,,,,,,,,,,,,,,,,,,,,,,,,,,,,,,,,,,,,,,,,,,,,,,,,,,,,,,,,,,,,,,,,,,,,,,,,,,,,,,,,,,,,,,,,,,,,,,,0.42,0,0,0,0,0,0,0,0,0,0,0,0,0,0,0,0,0,0,0,0,0,query_payload_v1
runs\lightning_mag_full\jigsaw-mag-gcp-cpux8-filterall-s20260607-dark-v1\summary.csv,runs\lightning_mag_full\jigsaw-mag-gcp-cpux8-filterall-s20260607-dark-v1\results\prod_mag_rgcn_seed7202_s20260607_q50_types_all_sizes20_50_100_filterall_component_b2000_per_query.csv,mag,mag,20260607,mag,single,20,all,filterall_component,type_rel_feat32,50,50,50,0,50,0,0,0,0,50,0,5.0250060076800125,5.060891571500008,5.251861586350083,355104.5,686766.4,109.84,1521.295332031138,242151.6082103581,1.0,0.0005,1.0,1000000000.0,1000000000.0,1000000000.0,0.0,5008.512479139995,16.493528540017905,0,0,0,0,0,0,0,0,0,50,,,,,,,,,,,,,,,,,,,,,,,,,,,,,,,,,,,,,,,,,,,,,,,,,,,,,,,,,,,,,,,,,,,,,,,,,,,,,,,,,,,,,,,,,,,,,,,,,,,,,,,,,,,,,,,,,,,,,,0,0,0,0,0,0,0,0,0,0,0,0,0,0,0,0,0,0,50,50,legacy_planted_id_v0_audited_equivalent_to_query_payload_v1
runs\lightning_mag_full\jigsaw-mag-gcp-cpux8-filterall-s20260607-dark-v1\summary.csv,runs\lightning_mag_full\jigsaw-mag-gcp-cpux8-filterall-s20260607-dark-v1\results\prod_mag_rgcn_seed7202_s20260607_q50_types_all_sizes20_50_100_filterall_component_b2000_per_query.csv,mag,mag,20260607,mag,single,50,all,filterall_component,type_rel_feat32,50,50,50,0,50,0,0,0,0,50,0,5.606178182280064,5.693427409999913,5.992153927900427,453126.72,829512.85,180.48,687.3140491858514,114171.05268306007,1.0,0.0005,1.0,1000000000.0,1000000000.0,1000000000.0,0.0,5576.51678268001,29.66139960005421,0,0,0,0,0,0,0,0,0,50,,,,,,,,,,,,,,,,,,,,,,,,,,,,,,,,,,,,,,,,,,,,,,,,,,,,,,,,,,,,,,,,,,,,,,,,,,,,,,,,,,,,,,,,,,,,,,,,,,,,,,,,,,,,,,,,,,,,,,0,0,0,0,0,0,0,0,0,0,0,0,0,0,0,0,0,0,50,50,legacy_planted_id_v0_audited_equivalent_to_query_payload_v1
runs\lightning_mag_full\jigsaw-mag-gcp-cpux8-filterall-s20260607-dark-v1\summary.csv,runs\lightning_mag_full\jigsaw-mag-gcp-cpux8-filterall-s20260607-dark-v1\results\prod_mag_rgcn_seed7202_s20260607_q50_types_all_sizes20_50_100_filterall_component_b2000_per_query.csv,mag,mag,20260607,mag,single,100,all,filterall_component,type_rel_feat32,50,50,50,0,50,0,0,0,0,50,0,5.911399946299916,5.886467259500478,6.349083798349511,580361.84,913686.1,203.74,32.86098609503641,59194.20595833424,1.0,0.0005,1.0,1000000000.0,1000000000.0,1000000000.0,0.0,5873.026870179929,38.37307611998767,0,0,0,0,0,0,0,0,0,50,,,,,,,,,,,,,,,,,,,,,,,,,,,,,,,,,,,,,,,,,,,,,,,,,,,,,,,,,,,,,,,,,,,,,,,,,,,,,,,,,,,,,,,,,,,,,,,,,,,,,,,,,,,,,,,,,,,,,,0,0,0,0,0,0,0,0,0,0,0,0,0,0,0,0,0,0,50,50,legacy_planted_id_v0_audited_equivalent_to_query_payload_v1
corrected_connected_rerun::prod_mag_seed7202_s20260607_q50_types_multi_fine_multi_coarse_sizes20_50_100_filterall_component_b2000_per_query.csv,C:\Users\Swastik\Desktop\Jigsaw\runs\lcr_mag_v3\results\prod_mag_seed7202_s20260607_q50_types_multi_fine_multi_coarse_sizes20_50_100_filterall_component_b2000_per_query.csv,mag,mag,20260607,mag,multi_fine,20,all,filterall_component,type_rel_feat32,50,50,50,0,50,0,0,0,0,50,0,5.291158690480443,5.246343795000939,5.882003687947508,308375.04,722352.95,91.94,1572.019396809403,460675.18724833423,1.0,0.0005,1.0,1000000000.0,1000000000.0,1000000000.0,0.0,5276.322760060358,14.835930420085788,0,0,0,0,0,0,0,0,0,50,,,,,,,,,,,,,,,,,,,,,,,,,,,,,,,,,,,,,,,,,,,,,,,,,,,,,,,,,,,,,,,,,,,,,,,,,,,,,,,,,,,,,,,,,,,,,,,,,,,,,,,,,,,,,,,,,,,,,,0,0,0,0,0,0,0,0,0,0,0,0,0,0,0,0,0,0,50,50,legacy_planted_id_v0_audited_equivalent_to_query_payload_v1
corrected_connected_rerun::prod_mag_seed7202_s20260607_q50_types_multi_fine_multi_coarse_sizes20_50_100_filterall_component_b2000_per_query.csv,C:\Users\Swastik\Desktop\Jigsaw\runs\lcr_mag_v3\results\prod_mag_seed7202_s20260607_q50_types_multi_fine_multi_coarse_sizes20_50_100_filterall_component_b2000_per_query.csv,mag,mag,20260607,mag,multi_fine,50,all,filterall_component,type_rel_feat32,50,50,50,0,50,0,0,0,0,50,0,5.33007330269982,5.324631107499954,5.708347814300396,521137.7,916417.45,213.12,622.1892192683155,108018.52595496594,1.0,0.0005,1.0,1000000000.0,1000000000.0,1000000000.0,0.0,5284.362922059735,45.71038064008462,0,0,0,0,0,0,0,0,0,50,,,,,,,,,,,,,,,,,,,,,,,,,,,,,,,,,,,,,,,,,,,,,,,,,,,,,,,,,,,,,,,,,,,,,,,,,,,,,,,,,,,,,,,,,,,,,,,,,,,,,,,,,,,,,,,,,,,,,,0,0,0,0,0,0,0,0,0,0,0,0,0,0,0,0,0,0,50,50,legacy_planted_id_v0_audited_equivalent_to_query_payload_v1
corrected_connected_rerun::prod_mag_seed7202_s20260607_q50_types_multi_fine_multi_coarse_sizes20_50_100_filterall_component_b2000_per_query.csv,C:\Users\Swastik\Desktop\Jigsaw\runs\lcr_mag_v3\results\prod_mag_seed7202_s20260607_q50_types_multi_fine_multi_coarse_sizes20_50_100_filterall_component_b2000_per_query.csv,mag,mag,20260607,mag,multi_fine,100,all,filterall_component,type_rel_feat32,50,50,50,0,50,0,0,0,0,50,0,5.3858319947007836,5.420636140999704,5.542910276901058,753457.56,954258.3,216.82,3.292123227776728,0.0,1.0,0.0005,1.0,1000000000.0,1000000000.0,1000000000.0,0.0,5351.229487720411,34.60250698037271,0,0,0,0,0,0,0,0,0,50,,,,,,,,,,,,,,,,,,,,,,,,,,,,,,,,,,,,,,,,,,,,,,,,,,,,,,,,,,,,,,,,,,,,,,,,,,,,,,,,,,,,,,,,,,,,,,,,,,,,,,,,,,,,,,,,,,,,,,0,0,0,0,0,0,0,0,0,0,0,0,0,0,0,0,0,0,50,50,legacy_planted_id_v0_audited_equivalent_to_query_payload_v1
runs\lightning_mag_full\jigsaw-mag-gcp-cpux8-filterall-s20260607-dark-v1\summary.csv,runs\lightning_mag_full\jigsaw-mag-gcp-cpux8-filterall-s20260607-dark-v1\results\prod_mag_rgcn_seed7202_s20260607_q50_types_all_sizes20_50_100_filterall_component_b2000_per_query.csv,mag,mag,20260607,mag,k_hop,20,all,filterall_component,type_rel_feat32,50,50,50,0,50,0,0,0,0,50,0,5.467864229700067,5.514863441999978,5.9720684626000775,255925.58,629734.0,341.46,2408.662246531646,461649.9128725617,10.02,0.00501,1.0,1000000000.0,1000000000.0,1000000000.0,0.0,5421.969057820038,45.89517188002901,0,0,0,0,0,0,0,0,0,50,,,,,,,,,,,,,,,,,,,,,,,,,,,,,,,,,,,,,,,,,,,,,,,,,,,,,,,,,,,,,,,,,,,,,,,,,,,,,,,,,,,,,,,,,,,,,,,,,,,,,,,,,,,,,,,,,,,,,,0,0,0,0,0,0,0,0,0,0,0,0,0,0,0,0,0,0,50,50,legacy_planted_id_v0_audited_equivalent_to_query_payload_v1
runs\lightning_mag_full\jigsaw-mag-gcp-cpux8-filterall-s20260607-dark-v1\summary.csv,runs\lightning_mag_full\jigsaw-mag-gcp-cpux8-filterall-s20260607-dark-v1\results\prod_mag_rgcn_seed7202_s20260607_q50_types_all_sizes20_50_100_filterall_component_b2000_per_query.csv,mag,mag,20260607,mag,k_hop,50,all,filterall_component,type_rel_feat32,50,48,50,0,48,0,0,0,2,50,2,6.606256491399781,6.0404823909993866,7.879504555199627,454768.36,708223.6499999999,1390.86,1660.9981865935056,199869.74310248316,28.64,0.01432,1.0,1000000000.0,1000000000.0,1000000000.0,0.0,5901.091945759854,705.1645456399274,0,0,0,0,0,0,0,0,0,48,,,,,,,,,,,,,,,,,,,,,,,,,,,,,,,,,,,,,,,,,,,,,,,,,,,,,,,,,,,,,,,,,,,,,,,,,,,,,,,,,,,,,,,,,,,,,,,,,,,,,,,,,,,,,,,,,,,,,,0,0,0,0,0,0,0,0,0,0,0,0,0,0,0,0,0,0,48,48,legacy_planted_id_v0_audited_equivalent_to_query_payload_v1
runs\lightning_mag_full\jigsaw-mag-gcp-cpux8-filterall-s20260607-dark-v1\summary.csv,runs\lightning_mag_full\jigsaw-mag-gcp-cpux8-filterall-s20260607-dark-v1\results\prod_mag_rgcn_seed7202_s20260607_q50_types_all_sizes20_50_100_filterall_component_b2000_per_query.csv,mag,mag,20260607,mag,k_hop,100,all,filterall_component,type_rel_feat32,50,49,50,0,49,0,0,0,1,50,1,6.499250203420015,6.027393164999012,6.933811281750513,406381.9,799505.3999999998,1047.36,107.8472564573458,55740.48800476804,51.64,0.02582,1.0,1000000000.0,1000000000.0,1000000000.0,0.0,5941.353426240057,557.896777179958,0,0,0,0,0,0,0,0,0,49,,,,,,,,,,,,,,,,,,,,,,,,,,,,,,,,,,,,,,,,,,,,,,,,,,,,,,,,,,,,,,,,,,,,,,,,,,,,,,,,,,,,,,,,,,,,,,,,,,,,,,,,,,,,,,,,,,,,,,0,0,0,0,0,0,0,0,0,0,0,0,0,0,0,0,0,0,49,49,legacy_planted_id_v0_audited_equivalent_to_query_payload_v1
runs\lightning_mag_full\jigsaw-mag-gcp-cpux8-filterall-s20260607-dark-v1\summary.csv,runs\lightning_mag_full\jigsaw-mag-gcp-cpux8-filterall-s20260607-dark-v1\results\prod_mag_rgcn_seed7202_s20260607_q50_types_all_sizes20_50_100_filterall_component_b2000_per_query.csv,mag,mag,20260607,mag,degree_k_hop,20,all,filterall_component,type_rel_feat32,50,49,50,0,49,0,0,0,1,50,1,6.025308805520026,5.682241795499976,6.762683593999869,275390.4,627101.0499999999,582.78,4766.838030191699,429436.3486866039,10.44,0.00522,1.0,1000000000.0,1000000000.0,1000000000.0,0.0,5648.314828979983,376.99397654004315,0,0,0,0,0,0,0,0,0,49,,,,,,,,,,,,,,,,,,,,,,,,,,,,,,,,,,,,,,,,,,,,,,,,,,,,,,,,,,,,,,,,,,,,,,,,,,,,,,,,,,,,,,,,,,,,,,,,,,,,,,,,,,,,,,,,,,,,,,0,0,0,0,0,0,0,0,0,0,0,0,0,0,0,0,0,0,49,49,legacy_planted_id_v0_audited_equivalent_to_query_payload_v1
runs\lightning_mag_full\jigsaw-mag-gcp-cpux8-filterall-s20260607-dark-v1\summary.csv,runs\lightning_mag_full\jigsaw-mag-gcp-cpux8-filterall-s20260607-dark-v1\results\prod_mag_rgcn_seed7202_s20260607_q50_types_all_sizes20_50_100_filterall_component_b2000_per_query.csv,mag,mag,20260607,mag,degree_k_hop,50,all,filterall_component,type_rel_feat32,50,47,50,0,47,0,0,0,3,50,3,6.690054091740076,5.85042791800015,10.223569314550314,353854.04,759044.75,1214.54,146.37573357839912,114272.12391859877,26.46,0.013229999999999999,1.0,1000000000.0,1000000000.0,1000000000.0,0.0,5847.502361820134,842.5517299199419,0,0,0,0,0,0,0,0,0,47,,,,,,,,,,,,,,,,,,,,,,,,,,,,,,,,,,,,,,,,,,,,,,,,,,,,,,,,,,,,,,,,,,,,,,,,,,,,,,,,,,,,,,,,,,,,,,,,,,,,,,,,,,,,,,,,,,,,,,0,0,0,0,0,0,0,0,0,0,0,0,0,0,0,0,0,0,47,47,legacy_planted_id_v0_audited_equivalent_to_query_payload_v1
runs\lightning_mag_full\jigsaw-mag-gcp-cpux8-filterall-s20260607-dark-v1\summary.csv,runs\lightning_mag_full\jigsaw-mag-gcp-cpux8-filterall-s20260607-dark-v1\results\prod_mag_rgcn_seed7202_s20260607_q50_types_all_sizes20_50_100_filterall_component_b2000_per_query.csv,mag,mag,20260607,mag,degree_k_hop,100,all,filterall_component,type_rel_feat32,50,45,50,0,45,0,0,0,5,50,5,8.013648849780038,5.941695486500066,26.992968597649813,482349.52,882098.4,2691.68,133.70771675357065,68888.08516126701,54.74,0.027370000000000002,1.0,1000000000.0,1000000000.0,1000000000.0,0.0,5783.151674440051,2230.4971753399877,0,0,0,0,0,0,0,0,0,45,,,,,,,,,,,,,,,,,,,,,,,,,,,,,,,,,,,,,,,,,,,,,,,,,,,,,,,,,,,,,,,,,,,,,,,,,,,,,,,,,,,,,,,,,,,,,,,,,,,,,,,,,,,,,,,,,,,,,,0,0,0,0,0,0,0,0,0,0,0,0,0,0,0,0,0,0,45,45,legacy_planted_id_v0_audited_equivalent_to_query_payload_v1
runs\lightning_mag_full\jigsaw-mag-gcp-cpux8-filterall-s20260607-dark-v1\summary.csv,runs\lightning_mag_full\jigsaw-mag-gcp-cpux8-filterall-s20260607-dark-v1\results\prod_mag_rgcn_seed7202_s20260607_q50_types_all_sizes20_50_100_filterall_component_b2000_per_query.csv,mag,mag,20260607,mag,random_walk,20,all,filterall_component,type_rel_feat32,50,50,50,0,50,0,0,0,0,50,0,5.577707200920049,5.572499318499922,6.006698296250146,237057.24,621036.3999999999,345.16,4195.362924803962,551387.7713073244,12.32,0.00616,1.0,1000000000.0,1000000000.0,1000000000.0,0.0,5524.9530288400265,52.75417208002182,0,0,0,0,0,0,0,0,0,50,,,,,,,,,,,,,,,,,,,,,,,,,,,,,,,,,,,,,,,,,,,,,,,,,,,,,,,,,,,,,,,,,,,,,,,,,,,,,,,,,,,,,,,,,,,,,,,,,,,,,,,,,,,,,,,,,,,,,,0,0,0,0,0,0,0,0,0,0,0,0,0,0,0,0,0,0,50,50,legacy_planted_id_v0_audited_equivalent_to_query_payload_v1
runs\lightning_mag_full\jigsaw-mag-gcp-cpux8-filterall-s20260607-dark-v1\summary.csv,runs\lightning_mag_full\jigsaw-mag-gcp-cpux8-filterall-s20260607-dark-v1\results\prod_mag_rgcn_seed7202_s20260607_q50_types_all_sizes20_50_100_filterall_component_b2000_per_query.csv,mag,mag,20260607,mag,random_walk,50,all,filterall_component,type_rel_feat32,50,49,50,0,49,0,0,0,1,50,1,6.593204354160098,6.1125344560000485,8.578509822999964,399000.0,765369.1499999999,1635.5,42.252454033894956,140568.8678792175,29.14,0.014570000000000001,1.0,1000000000.0,1000000000.0,1000000000.0,0.0,6029.519153780075,563.6852003800232,0,0,0,0,0,0,0,0,0,49,,,,,,,,,,,,,,,,,,,,,,,,,,,,,,,,,,,,,,,,,,,,,,,,,,,,,,,,,,,,,,,,,,,,,,,,,,,,,,,,,,,,,,,,,,,,,,,,,,,,,,,,,,,,,,,,,,,,,,0,0,0,0,0,0,0,0,0,0,0,0,0,0,0,0,0,0,49,49,legacy_planted_id_v0_audited_equivalent_to_query_payload_v1
runs\lightning_mag_full\jigsaw-mag-gcp-cpux8-filterall-s20260607-dark-v1\summary.csv,runs\lightning_mag_full\jigsaw-mag-gcp-cpux8-filterall-s20260607-dark-v1\results\prod_mag_rgcn_seed7202_s20260607_q50_types_all_sizes20_50_100_filterall_component_b2000_per_query.csv,mag,mag,20260607,mag,random_walk,100,all,filterall_component,type_rel_feat32,50,43,50,0,43,0,0,0,7,50,7,8.58297264524008,6.089054390999991,27.513606259000156,558751.84,849300.2,4111.24,8.611466871968194,51429.12571369104,58.56,0.02928,1.0,1000000000.0,1000000000.0,1000000000.0,0.0,5918.141026640042,2664.831618600037,0,0,0,0,0,0,0,0,0,43,,,,,,,,,,,,,,,,,,,,,,,,,,,,,,,,,,,,,,,,,,,,,,,,,,,,,,,,,,,,,,,,,,,,,,,,,,,,,,,,,,,,,,,,,,,,,,,,,,,,,,,,,,,,,,,,,,,,,,0,0,0,0,0,0,0,0,0,0,0,0,0,0,0,0,0,0,43,43,legacy_planted_id_v0_audited_equivalent_to_query_payload_v1
corrected_connected_rerun::prod_mag_seed7202_s20260607_q50_types_multi_fine_multi_coarse_sizes20_50_100_filterall_component_b2000_per_query.csv,C:\Users\Swastik\Desktop\Jigsaw\runs\lcr_mag_v3\results\prod_mag_seed7202_s20260607_q50_types_multi_fine_multi_coarse_sizes20_50_100_filterall_component_b2000_per_query.csv,mag,mag,20260607,mag,multi_coarse,20,all,filterall_component,type_rel_feat32,50,49,50,0,49,0,0,0,1,50,1,5.5045393706600585,5.274991733000206,5.844120138399376,419554.44,781711.7,372.02,1949.319131384372,668537.4765760067,4.26,0.00213,1.0,1000000000.0,1000000000.0,1000000000.0,0.0,5313.65177539985,190.88759526021022,0,0,0,0,0,0,0,0,0,49,,,,,,,,,,,,,,,,,,,,,,,,,,,,,,,,,,,,,,,,,,,,,,,,,,,,,,,,,,,,,,,,,,,,,,,,,,,,,,,,,,,,,,,,,,,,,,,,,,,,,,,,,,,,,,,,,,,,,,0,0,0,0,0,0,0,0,0,0,0,0,0,0,0,0,0,0,49,49,legacy_planted_id_v0_audited_equivalent_to_query_payload_v1
corrected_connected_rerun::prod_mag_seed7202_s20260607_q50_types_multi_fine_multi_coarse_sizes20_50_100_filterall_component_b2000_per_query.csv,C:\Users\Swastik\Desktop\Jigsaw\runs\lcr_mag_v3\results\prod_mag_seed7202_s20260607_q50_types_multi_fine_multi_coarse_sizes20_50_100_filterall_component_b2000_per_query.csv,mag,mag,20260607,mag,multi_coarse,50,all,filterall_component,type_rel_feat32,50,50,50,0,50,0,0,0,0,50,1,5.496296111539486,5.361573876498369,5.691703167949527,601542.04,889396.95,608.04,4.066284781818326,0.0,4.16,0.0020800000000000003,1.0,1000000000.0,1000000000.0,1000000000.0,0.0,5298.061056279766,198.23505525971996,0,0,0,0,0,0,0,0,0,50,,,,,,,,,,,,,,,,,,,,,,,,,,,,,,,,,,,,,,,,,,,,,,,,,,,,,,,,,,,,,,,,,,,,,,,,,,,,,,,,,,,,,,,,,,,,,,,,,,,,,,,,,,,,,,,,,,,,,,0,0,0,0,0,0,0,0,0,0,0,0,0,0,0,0,0,0,50,50,legacy_planted_id_v0_audited_equivalent_to_query_payload_v1
corrected_connected_rerun::prod_mag_seed7202_s20260607_q50_types_multi_fine_multi_coarse_sizes20_50_100_filterall_component_b2000_per_query.csv,C:\Users\Swastik\Desktop\Jigsaw\runs\lcr_mag_v3\results\prod_mag_seed7202_s20260607_q50_types_multi_fine_multi_coarse_sizes20_50_100_filterall_component_b2000_per_query.csv,mag,mag,20260607,mag,multi_coarse,100,all,filterall_component,type_rel_feat32,50,50,50,0,50,0,0,0,0,50,0,5.4774914652400915,5.423988535001627,5.85014893749976,769142.44,917827.8999999999,612.02,2.6263287144774528,0.0,4.16,0.0020800000000000003,1.0,1000000000.0,1000000000.0,1000000000.0,0.0,5387.457323779818,90.03414146027353,0,0,0,0,0,0,0,0,0,50,,,,,,,,,,,,,,,,,,,,,,,,,,,,,,,,,,,,,,,,,,,,,,,,,,,,,,,,,,,,,,,,,,,,,,,,,,,,,,,,,,,,,,,,,,,,,,,,,,,,,,,,,,,,,,,,,,,,,,0,0,0,0,0,0,0,0,0,0,0,0,0,0,0,0,0,0,50,50,legacy_planted_id_v0_audited_equivalent_to_query_payload_v1
/workspace/jigsaw_pkg/runs/noid_negative_mag_v3/results/prod_mag_pv1_s20260607_neg_filterall_component_b2000_per_query.csv,/workspace/jigsaw_pkg/runs/noid_negative_mag_v3/results/prod_mag_pv1_s20260607_neg_filterall_component_b2000_per_query.csv,mag,mag,20260607,mag,negative_label,20,all,filterall_component,type_rel_feat32,50,0,0,50,0,0,50,0,0,11,0,2.7512488180799664,2.758114825499433,2.9696339680499024,256945.08,635459.95,0.0,2919.008328263797,428861.74927949987,10.54,0.005270000000000004,1.0,1000000000.0,1000000000.0,1000000000.0,0.0,2751.2488180799664,0.0,0,0,0,0,0,0,0,0,0,0,query_payload_v1_negative_rerun_2026-08-01,50,0,,0,1,0,50,0,2.75124881808,0,2.7512488180799664,256945.08,,,,,,,,0,,,,,,,,,,,,,,,,,,,,,,,,,,,,,,,,,,,,,,,,,,,,,,,,,,,,,,,,,,,,,,,,,,,,,,,,,,,,,,,,,,,,,,,,,,,,,,,0.22,0,0,0,0,0,0,0,0,0,0,0,0,0,0,0,0,0,0,0,0,0,query_payload_v1
/workspace/jigsaw_pkg/runs/noid_negative_mag_v3/results/prod_mag_pv1_s20260607_neg_filterall_component_b2000_per_query.csv,/workspace/jigsaw_pkg/runs/noid_negative_mag_v3/results/prod_mag_pv1_s20260607_neg_filterall_component_b2000_per_query.csv,mag,mag,20260607,mag,negative_label,50,all,filterall_component,type_rel_feat32,50,0,0,50,0,0,50,0,0,12,0,2.781151494840033,2.7977854464998018,2.978060754149965,400505.06,728834.6499999998,0.0,308.57200738818267,138827.80268246893,23.94,0.011970000000000003,1.0,1000000000.0,1000000000.0,1000000000.0,0.0,2781.1514948400327,0.0,0,0,0,0,0,0,0,0,0,0,query_payload_v1_negative_rerun_2026-08-01,50,0,,0,1,0,50,0,2.78115149484,0,2.781151494840033,400505.06,,,,,,,,0,,,,,,,,,,,,,,,,,,,,,,,,,,,,,,,,,,,,,,,,,,,,,,,,,,,,,,,,,,,,,,,,,,,,,,,,,,,,,,,,,,,,,,,,,,,,,,,0.24,0,0,0,0,0,0,0,0,0,0,0,0,0,0,0,0,0,0,0,0,0,query_payload_v1
/workspace/jigsaw_pkg/runs/noid_negative_mag_v3/results/prod_mag_pv1_s20260607_neg_filterall_component_b2000_per_query.csv,/workspace/jigsaw_pkg/runs/noid_negative_mag_v3/results/prod_mag_pv1_s20260607_neg_filterall_component_b2000_per_query.csv,mag,mag,20260607,mag,negative_label,100,all,filterall_component,type_rel_feat32,50,0,0,50,0,0,50,0,0,12,0,2.8784187638399272,2.834591643999829,3.0346443974000064,471485.14,903485.4999999998,0.0,42.23142384952891,43004.48918492991,52.46,0.026230000000000003,1.0,1000000000.0,1000000000.0,1000000000.0,0.0,2878.418763839927,0.0,0,0,0,0,0,0,0,0,0,0,query_payload_v1_negative_rerun_2026-08-01,50,0,,0,1,0,50,0,2.87841876384,0,2.8784187638399272,471485.14,,,,,,,,0,,,,,,,,,,,,,,,,,,,,,,,,,,,,,,,,,,,,,,,,,,,,,,,,,,,,,,,,,,,,,,,,,,,,,,,,,,,,,,,,,,,,,,,,,,,,,,,0.24,0,0,0,0,0,0,0,0,0,0,0,0,0,0,0,0,0,0,0,0,0,query_payload_v1
/workspace/jigsaw_pkg/runs/noid_negative_mag_v3/results/prod_mag_pv1_s20260607_neg_filterall_component_b2000_per_query.csv,/workspace/jigsaw_pkg/runs/noid_negative_mag_v3/results/prod_mag_pv1_s20260607_neg_filterall_component_b2000_per_query.csv,mag,mag,20260607,mag,negative_structure,20,all,filterall_component,type_rel_feat32,50,1,0,50,0,1,49,0,0,50,0,2.724475675760041,2.7262702939997325,3.0032523129998934,294772.12,612703.7499999999,351.2,1877.2422598961298,469797.7569257109,11.24,0.0056200000000000035,1.0,1000000000.0,1000000000.0,1000000000.0,0.0,2693.7542195599963,30.721456200044486,0,0,0,0,0,0,0,0,0,1,query_payload_v1_negative_rerun_2026-08-01,50,0.02,,0.02,0.98,1,49,0.0307214562,2.69375421956,0,2.724475675760041,294772.12,,,,,,,,0,,,,,,,,,,,,,,,,,,,,,,,,,,,,,,,,,,,,,,,,,,,,,,,,,,,,,,,,,,,,,,,,,,,,,,,,,,,,,,,,,,,,,,,,,,,,,,,1,0,0,0,0,0,0,0,0,0,0,0,0,0,0,0,0,0,0,0,1,1,query_payload_v1
/workspace/jigsaw_pkg/runs/noid_negative_mag_v3/results/prod_mag_pv1_s20260607_neg_filterall_component_b2000_per_query.csv,/workspace/jigsaw_pkg/runs/noid_negative_mag_v3/results/prod_mag_pv1_s20260607_neg_filterall_component_b2000_per_query.csv,mag,mag,20260607,mag,negative_structure,50,all,filterall_component,type_rel_feat32,50,0,0,50,0,0,49,1,1,50,1,3.1423473257201113,2.805348255500121,3.128173956500177,343541.0,698889.8,802.56,555.1033907341198,101906.40064296784,24.76,0.01238,1.0,1000000000.0,1000000000.0,1000000000.0,0.0,2764.930629060036,377.4166966600751,0,0,0,0,0,0,0,0,0,0,query_payload_v1_negative_rerun_2026-08-01,50,0,,0,0.98,0,50,0.37741669666,2.76493062906,0,3.1423473257201113,343541.0,,,,,,,,1,,,,,,,,,,,,,,,,,,,,,,,,,,,,,,,,,,,,,,,,,,,,,,,,,,,,,,,,,,,,,,,,,,,,,,,,,,,,,,,,,,,,,,,,,,,,,,,1,0.02,0,0,0,0,0,0,0,0,0,0,0,0,0,0,0,0,0,0,0,0,query_payload_v1
/workspace/jigsaw_pkg/runs/noid_negative_mag_v3/results/prod_mag_pv1_s20260607_neg_filterall_component_b2000_per_query.csv,/workspace/jigsaw_pkg/runs/noid_negative_mag_v3/results/prod_mag_pv1_s20260607_neg_filterall_component_b2000_per_query.csv,mag,mag,20260607,mag,negative_structure,100,all,filterall_component,type_rel_feat32,50,0,0,50,0,0,50,0,0,50,0,2.90696379549996,2.9251118045008297,3.112278664999849,448818.02,867607.5499999998,552.34,70.64456578844543,28290.42414387135,52.86,0.02643,1.0,1000000000.0,1000000000.0,1000000000.0,0.0,2857.4690251000175,49.494770399942354,0,0,0,0,0,0,0,0,0,0,query_payload_v1_negative_rerun_2026-08-01,50,0,,0,1,0,50,0.0494947703999,2.8574690251,0,2.90696379549996,448818.02,,,,,,,,0,,,,,,,,,,,,,,,,,,,,,,,,,,,,,,,,,,,,,,,,,,,,,,,,,,,,,,,,,,,,,,,,,,,,,,,,,,,,,,,,,,,,,,,,,,,,,,,1,0,0,0,0,0,0,0,0,0,0,0,0,0,0,0,0,0,0,0,0,0,query_payload_v1
runs\lightning_mag_full\jigsaw-mag-gcp-cpux8-neural-s20260608-v5-resume\summary.csv,runs\lightning_mag_full\jigsaw-mag-gcp-cpux8-neural-s20260608-v5-resume\results\prod_mag_rgcn_seed7202_s20260608_q50_types_all_sizes20_50_100_neural_component_b20_50_100_200_500_1000_per_query.csv,mag,mag,20260608,mag_rgcn_best,single,20,hybrid,neural_component,type_rel_feat32,50,48,50,0,48,0,0,0,0,45,0,3.2065661233199787,1.375260484499961,12.302829020749895,69118.14,345716.5,87.04,3938.885482400939,1832374.3264564269,1.0,0.011636363636363637,0.371900826446281,22.5,1002.2999999999992,1532.539999999999,16.802246611566886,1319.253044628091,5.774279057850586,0,0,0,24,6,6,6,5,1,0,,,,,,,,,,,,,,,,,,,,,,,,,,,,,,,,,,,,,,,,,,,,,,,,,,,,,,,,,,,,,,,,,,,,,,,,,,,,,,,,,,,,,,,,,,,,,,,,,,,,,,,,,,,,,,,,,,,,,,0,0,0,0,0,0,24,24,6,30,6,36,6,42,5,47,1,48,0,48,legacy_planted_id_v0_audited_equivalent_to_query_payload_v1
runs\lightning_mag_full\jigsaw-mag-gcp-cpux8-neural-s20260608-v5-resume\summary.csv,runs\lightning_mag_full\jigsaw-mag-gcp-cpux8-neural-s20260608-v5-resume\results\prod_mag_rgcn_seed7202_s20260608_q50_types_all_sizes20_50_100_neural_component_b20_50_100_200_500_1000_per_query.csv,mag,mag,20260608,mag_rgcn_best,single,50,hybrid,neural_component,type_rel_feat32,50,50,50,0,50,0,0,0,0,50,0,1.770428527859931,0.3179167544999473,8.978022020699653,44165.2,284520.6499999998,142.38,829.6917772147768,371991.3955704142,1.0,0.02514814814814815,0.6172839506172839,4.5,194.94999999999948,396.0399999999998,23.460848851665318,1076.5171401851744,16.339975777745963,0,0,0,39,2,3,2,3,1,0,,,,,,,,,,,,,,,,,,,,,,,,,,,,,,,,,,,,,,,,,,,,,,,,,,,,,,,,,,,,,,,,,,,,,,,,,,,,,,,,,,,,,,,,,,,,,,,,,,,,,,,,,,,,,,,,,,,,,,0,0,0,0,0,0,39,39,2,41,3,44,2,46,3,49,1,50,0,50,legacy_planted_id_v0_audited_equivalent_to_query_payload_v1
runs\lightning_mag_full\jigsaw-mag-gcp-cpux8-neural-s20260608-v5-resume\summary.csv,runs\lightning_mag_full\jigsaw-mag-gcp-cpux8-neural-s20260608-v5-resume\results\prod_mag_rgcn_seed7202_s20260608_q50_types_all_sizes20_50_100_neural_component_b20_50_100_200_500_1000_per_query.csv,mag,mag,20260608,mag_rgcn_best,single,100,hybrid,neural_component,type_rel_feat32,50,50,50,0,50,0,0,0,0,50,0,1.5636692572999982,0.33787013899996055,5.865184493249625,39555.82,171599.44999999998,231.94,465.86558497720546,125564.33721820939,1.0,0.02308433734939759,0.6024096385542169,9.0,140.09999999999988,259.7299999999998,23.47473091567626,916.9675483975748,25.001883710857843,0,0,0,35,5,4,5,0,1,0,,,,,,,,,,,,,,,,,,,,,,,,,,,,,,,,,,,,,,,,,,,,,,,,,,,,,,,,,,,,,,,,,,,,,,,,,,,,,,,,,,,,,,,,,,,,,,,,,,,,,,,,,,,,,,,,,,,,,,0,0,0,0,0,0,35,35,5,40,4,44,5,49,0,49,1,50,0,50,legacy_planted_id_v0_audited_equivalent_to_query_payload_v1
corrected_connected_rerun::prod_mag_seed7202_s20260608_q50_types_multi_fine_multi_coarse_sizes20_50_100_neural_component_b20_50_100_200_500_1000_per_query.csv,C:\Users\Swastik\Desktop\Jigsaw\runs\lcr_mag_v3\results\prod_mag_seed7202_s20260608_q50_types_multi_fine_multi_coarse_sizes20_50_100_neural_component_b20_50_100_200_500_1000_per_query.csv,mag,mag,20260608,mag_rgcn_best,multi_fine,20,hybrid,neural_component,type_rel_feat32,50,50,50,0,50,0,0,0,0,49,0,2.025942189999914,0.34812640599920996,11.417787919800661,38092.44,252608.8499999996,122.4,1872.943039218551,915243.5266516199,1.0,0.02065168539325843,0.5393258426966292,6.5,230.9499999999996,543.0799999999995,15.914507292170507,1128.786075966213,9.383693696660242,0,0,0,34,5,5,3,0,3,0,,,,,,,,,,,,,,,,,,,,,,,,,,,,,,,,,,,,,,,,,,,,,,,,,,,,,,,,,,,,,,,,,,,,,,,,,,,,,,,,,,,,,,,,,,,,,,,,,,,,,,,,,,,,,,,,,,,,,,0,0,0,0,0,0,34,34,5,39,5,44,3,47,0,47,3,50,0,50,legacy_planted_id_v0_audited_equivalent_to_query_payload_v1
corrected_connected_rerun::prod_mag_seed7202_s20260608_q50_types_multi_fine_multi_coarse_sizes20_50_100_neural_component_b20_50_100_200_500_1000_per_query.csv,C:\Users\Swastik\Desktop\Jigsaw\runs\lcr_mag_v3\results\prod_mag_seed7202_s20260608_q50_types_multi_fine_multi_coarse_sizes20_50_100_neural_component_b20_50_100_200_500_1000_per_query.csv,mag,mag,20260608,mag_rgcn_best,multi_fine,50,hybrid,neural_component,type_rel_feat32,50,50,50,0,50,0,0,0,0,50,0,1.3255696272998465,0.2961717355028668,5.322244199098707,29350.84,76912.29999999999,188.12,1138.1910541301002,212653.9055824358,1.0,0.027810810810810816,0.6756756756756757,5.5,87.29999999999998,258.4699999999994,19.813938500118564,877.4315714325329,18.22358214844457,0,0,0,38,6,3,1,1,1,0,,,,,,,,,,,,,,,,,,,,,,,,,,,,,,,,,,,,,,,,,,,,,,,,,,,,,,,,,,,,,,,,,,,,,,,,,,,,,,,,,,,,,,,,,,,,,,,,,,,,,,,,,,,,,,,,,,,,,,0,0,0,0,0,0,38,38,6,44,3,47,1,48,1,49,1,50,0,50,legacy_planted_id_v0_audited_equivalent_to_query_payload_v1
corrected_connected_rerun::prod_mag_seed7202_s20260608_q50_types_multi_fine_multi_coarse_sizes20_50_100_neural_component_b20_50_100_200_500_1000_per_query.csv,C:\Users\Swastik\Desktop\Jigsaw\runs\lcr_mag_v3\results\prod_mag_seed7202_s20260608_q50_types_multi_fine_multi_coarse_sizes20_50_100_neural_component_b20_50_100_200_500_1000_per_query.csv,mag,mag,20260608,mag_rgcn_best,multi_fine,100,hybrid,neural_component,type_rel_feat32,50,50,50,0,50,0,0,0,0,50,0,0.7519205820000252,0.32846415500000603,4.130332686100103,18365.54,73996.49999999985,306.98,239.3251335237835,136468.6000888862,1.0,0.03778688524590164,0.819672131147541,2.0,36.599999999999966,97.9899999999999,24.00171916393879,574.6090194098415,41.71932649181845,0,0,0,45,2,0,3,0,0,0,,,,,,,,,,,,,,,,,,,,,,,,,,,,,,,,,,,,,,,,,,,,,,,,,,,,,,,,,,,,,,,,,,,,,,,,,,,,,,,,,,,,,,,,,,,,,,,,,,,,,,,,,,,,,,,,,,,,,,0,0,0,0,0,0,45,45,2,47,0,47,3,50,0,50,0,50,0,50,legacy_planted_id_v0_audited_equivalent_to_query_payload_v1
runs\lightning_mag_full\jigsaw-mag-gcp-cpux8-neural-s20260608-v5-resume\summary.csv,runs\lightning_mag_full\jigsaw-mag-gcp-cpux8-neural-s20260608-v5-resume\results\prod_mag_rgcn_seed7202_s20260608_q50_types_all_sizes20_50_100_neural_component_b20_50_100_200_500_1000_per_query.csv,mag,mag,20260608,mag_rgcn_best,k_hop,20,hybrid,neural_component,type_rel_feat32,50,49,50,0,49,0,0,0,0,47,0,3.26530873572,1.7453148360000341,12.789395523700442,46226.46,312939.3999999999,114.06,7016.737107944388,638162.7317335862,10.02,0.07047899159663866,0.32905558493793785,1335.0,1862.05,1931.1799999999998,17.656779285680997,1363.6184213193333,8.360039067221285,0,0,0,21,10,8,4,4,2,0,,,,,,,,,,,,,,,,,,,,,,,,,,,,,,,,,,,,,,,,,,,,,,,,,,,,,,,,,,,,,,,,,,,,,,,,,,,,,,,,,,,,,,,,,,,,,,,,,,,,,,,,,,,,,,,,,,,,,,0,0,0,0,0,0,21,21,10,31,8,39,4,43,4,47,2,49,0,49,legacy_planted_id_v0_audited_equivalent_to_query_payload_v1
runs\lightning_mag_full\jigsaw-mag-gcp-cpux8-neural-s20260608-v5-resume\summary.csv,runs\lightning_mag_full\jigsaw-mag-gcp-cpux8-neural-s20260608-v5-resume\results\prod_mag_rgcn_seed7202_s20260608_q50_types_all_sizes20_50_100_neural_component_b20_50_100_200_500_1000_per_query.csv,mag,mag,20260608,mag_rgcn_best,k_hop,50,hybrid,neural_component,type_rel_feat32,50,48,50,0,48,0,0,0,1,46,1,5.420601554799923,4.213427841499197,16.362512022149254,130569.38,545608.0,611.28,1230.4978199337427,365102.1173625099,27.2,0.10838157894736843,0.2537642717658252,1714.0,1985.85,1993.5300000000002,21.013568368385005,1707.04482625657,76.04779045393092,0,0,0,19,3,4,12,4,6,0,,,,,,,,,,,,,,,,,,,,,,,,,,,,,,,,,,,,,,,,,,,,,,,,,,,,,,,,,,,,,,,,,,,,,,,,,,,,,,,,,,,,,,,,,,,,,,,,,,,,,,,,,,,,,,,,,,,,,,0,0,0,0,0,0,19,19,3,22,4,26,12,38,4,42,6,48,0,48,legacy_planted_id_v0_audited_equivalent_to_query_payload_v1
runs\lightning_mag_full\jigsaw-mag-gcp-cpux8-neural-s20260608-v5-resume\summary.csv,runs\lightning_mag_full\jigsaw-mag-gcp-cpux8-neural-s20260608-v5-resume\results\prod_mag_rgcn_seed7202_s20260608_q50_types_all_sizes20_50_100_neural_component_b20_50_100_200_500_1000_per_query.csv,mag,mag,20260608,mag_rgcn_best,k_hop,100,hybrid,neural_component,type_rel_feat32,50,45,50,0,45,0,0,0,1,46,1,5.830753494000037,4.152595385500263,15.365895254048564,143395.32,506553.80000000005,916.12,880.7102623430533,276753.88101435354,53.88,0.1491875,0.22619963009716212,1870.5,1995.3000000000002,1999.0,23.449208137469668,1702.1688562125232,119.94161066248807,0,0,0,13,9,6,4,9,4,0,,,,,,,,,,,,,,,,,,,,,,,,,,,,,,,,,,,,,,,,,,,,,,,,,,,,,,,,,,,,,,,,,,,,,,,,,,,,,,,,,,,,,,,,,,,,,,,,,,,,,,,,,,,,,,,,,,,,,,0,0,0,0,0,0,13,13,9,22,6,28,4,32,9,41,4,45,0,45,legacy_planted_id_v0_audited_equivalent_to_query_payload_v1
runs\lightning_mag_full\jigsaw-mag-gcp-cpux8-neural-s20260608-v5-resume\summary.csv,runs\lightning_mag_full\jigsaw-mag-gcp-cpux8-neural-s20260608-v5-resume\results\prod_mag_rgcn_seed7202_s20260608_q50_types_all_sizes20_50_100_neural_component_b20_50_100_200_500_1000_per_query.csv,mag,mag,20260608,mag_rgcn_best,degree_k_hop,20,hybrid,neural_component,type_rel_feat32,50,49,50,0,49,0,0,0,0,48,0,3.9332731283799696,1.8821810054998878,15.012332752949668,60496.28,322543.9999999996,163.46,9116.966557571177,959819.5332082681,10.68,0.07446969696969696,0.38171114635018377,1149.0,1900.05,1949.63,16.962931651495307,1480.4418779545351,9.434307037877536,0,0,0,20,9,6,6,2,6,0,,,,,,,,,,,,,,,,,,,,,,,,,,,,,,,,,,,,,,,,,,,,,,,,,,,,,,,,,,,,,,,,,,,,,,,,,,,,,,,,,,,,,,,,,,,,,,,,,,,,,,,,,,,,,,,,,,,,,,0,0,0,0,0,0,20,20,9,29,6,35,6,41,2,43,6,49,0,49,legacy_planted_id_v0_audited_equivalent_to_query_payload_v1
runs\lightning_mag_full\jigsaw-mag-gcp-cpux8-neural-s20260608-v5-resume\summary.csv,runs\lightning_mag_full\jigsaw-mag-gcp-cpux8-neural-s20260608-v5-resume\results\prod_mag_rgcn_seed7202_s20260608_q50_types_all_sizes20_50_100_neural_component_b20_50_100_200_500_1000_per_query.csv,mag,mag,20260608,mag_rgcn_best,degree_k_hop,50,hybrid,neural_component,type_rel_feat32,50,47,50,0,47,0,0,0,0,45,0,4.903976364139967,3.912716337000006,14.843645242649984,100559.74,411061.09999999974,321.06,2786.311804486307,218120.17164770124,27.1,0.12211184210526316,0.3060260751097981,1636.0,1948.3000000000002,1968.08,20.012195657888523,1593.740038644723,19.410081138160923,0,0,0,13,9,7,9,8,1,0,,,,,,,,,,,,,,,,,,,,,,,,,,,,,,,,,,,,,,,,,,,,,,,,,,,,,,,,,,,,,,,,,,,,,,,,,,,,,,,,,,,,,,,,,,,,,,,,,,,,,,,,,,,,,,,,,,,,,,0,0,0,0,0,0,13,13,9,22,7,29,9,38,8,46,1,47,0,47,legacy_planted_id_v0_audited_equivalent_to_query_payload_v1
runs\lightning_mag_full\jigsaw-mag-gcp-cpux8-neural-s20260608-v5-resume\summary.csv,runs\lightning_mag_full\jigsaw-mag-gcp-cpux8-neural-s20260608-v5-resume\results\prod_mag_rgcn_seed7202_s20260608_q50_types_all_sizes20_50_100_neural_component_b20_50_100_200_500_1000_per_query.csv,mag,mag,20260608,mag_rgcn_best,degree_k_hop,100,hybrid,neural_component,type_rel_feat32,50,45,50,0,45,0,0,0,1,45,1,6.720584105760208,5.57163037050077,16.112838513700943,165945.62,539754.3499999999,967.06,845.1945728643536,146916.07520909494,52.28,0.14705747126436783,0.27039962317528476,1793.0,1996.0,1999.51,23.680107034521626,1782.9653660747506,148.23696316668884,0,0,0,11,8,5,5,12,4,0,,,,,,,,,,,,,,,,,,,,,,,,,,,,,,,,,,,,,,,,,,,,,,,,,,,,,,,,,,,,,,,,,,,,,,,,,,,,,,,,,,,,,,,,,,,,,,,,,,,,,,,,,,,,,,,,,,,,,,0,0,0,0,0,0,11,11,8,19,5,24,5,29,12,41,4,45,0,45,legacy_planted_id_v0_audited_equivalent_to_query_payload_v1
runs\lightning_mag_full\jigsaw-mag-gcp-cpux8-neural-s20260608-v5-resume\summary.csv,runs\lightning_mag_full\jigsaw-mag-gcp-cpux8-neural-s20260608-v5-resume\results\prod_mag_rgcn_seed7202_s20260608_q50_types_all_sizes20_50_100_neural_component_b20_50_100_200_500_1000_per_query.csv,mag,mag,20260608,mag_rgcn_best,random_walk,20,hybrid,neural_component,type_rel_feat32,50,46,50,0,46,0,0,0,0,39,0,9.62014530886001,10.139699116999964,17.012305498049933,145780.0,433894.6499999999,524.1,5074.749751287516,819751.9147596582,12.12,0.04884331797235023,0.386436492034215,1242.5,1900.25,1929.65,17.940200732750718,2190.271465548388,26.351877506913883,0,0,0,5,5,4,7,12,13,0,,,,,,,,,,,,,,,,,,,,,,,,,,,,,,,,,,,,,,,,,,,,,,,,,,,,,,,,,,,,,,,,,,,,,,,,,,,,,,,,,,,,,,,,,,,,,,,,,,,,,,,,,,,,,,,,,,,,,,0,0,0,0,0,0,5,5,5,10,4,14,7,21,12,33,13,46,0,46,legacy_planted_id_v0_audited_equivalent_to_query_payload_v1
runs\lightning_mag_full\jigsaw-mag-gcp-cpux8-neural-s20260608-v5-resume\summary.csv,runs\lightning_mag_full\jigsaw-mag-gcp-cpux8-neural-s20260608-v5-resume\results\prod_mag_rgcn_seed7202_s20260608_q50_types_all_sizes20_50_100_neural_component_b20_50_100_200_500_1000_per_query.csv,mag,mag,20260608,mag_rgcn_best,random_walk,50,hybrid,neural_component,type_rel_feat32,50,33,50,0,33,0,0,0,0,30,0,14.284466758079954,16.30738083599772,18.812776152851484,229903.82,515928.1499999999,497.16,1553.9912723537993,262917.02899292746,28.56,0.06863736263736264,0.3498195620437008,1847.5,1988.95,1994.51,21.020559523798337,2599.942825117218,16.25987782782871,0,0,0,1,1,2,2,8,19,0,,,,,,,,,,,,,,,,,,,,,,,,,,,,,,,,,,,,,,,,,,,,,,,,,,,,,,,,,,,,,,,,,,,,,,,,,,,,,,,,,,,,,,,,,,,,,,,,,,,,,,,,,,,,,,,,,,,,,,0,0,0,0,0,0,1,1,1,2,2,4,2,6,8,14,19,33,0,33,legacy_planted_id_v0_audited_equivalent_to_query_payload_v1
runs\lightning_mag_full\jigsaw-mag-gcp-cpux8-neural-s20260608-v5-resume\summary.csv,runs\lightning_mag_full\jigsaw-mag-gcp-cpux8-neural-s20260608-v5-resume\results\prod_mag_rgcn_seed7202_s20260608_q50_types_all_sizes20_50_100_neural_component_b20_50_100_200_500_1000_per_query.csv,mag,mag,20260608,mag_rgcn_best,random_walk,100,hybrid,neural_component,type_rel_feat32,50,15,50,0,15,0,0,0,3,13,3,17.41238315296014,16.3410639169997,29.556121139350534,414450.04,580652.7999999999,2886.0,248.1888900178722,80947.66604922831,56.66,0.09456418918918919,0.31372361377767755,1925.0,1997.5500000000002,1999.02,24.226396455996774,2655.849209969611,285.4317280304123,0,0,0,0,0,0,0,4,11,0,,,,,,,,,,,,,,,,,,,,,,,,,,,,,,,,,,,,,,,,,,,,,,,,,,,,,,,,,,,,,,,,,,,,,,,,,,,,,,,,,,,,,,,,,,,,,,,,,,,,,,,,,,,,,,,,,,,,,,0,0,0,0,0,0,0,0,0,0,0,0,0,0,4,4,11,15,0,15,legacy_planted_id_v0_audited_equivalent_to_query_payload_v1
corrected_connected_rerun::prod_mag_seed7202_s20260608_q50_types_multi_fine_multi_coarse_sizes20_50_100_neural_component_b20_50_100_200_500_1000_per_query.csv,C:\Users\Swastik\Desktop\Jigsaw\runs\lcr_mag_v3\results\prod_mag_seed7202_s20260608_q50_types_multi_fine_multi_coarse_sizes20_50_100_neural_component_b20_50_100_200_500_1000_per_query.csv,mag,mag,20260608,mag_rgcn_best,multi_coarse,20,hybrid,neural_component,type_rel_feat32,50,36,50,0,36,0,0,0,0,30,0,11.420401634480731,10.806029304501862,17.360571655450983,216437.88,490946.75,186.12,728.282642481152,1227180.9479271623,4.4,0.015694779116465864,0.39959839357429716,914.0,1712.4999999999995,1858.7999999999997,16.388293100270488,2286.013871413716,7.239468843458981,0,0,0,0,3,4,8,11,10,0,,,,,,,,,,,,,,,,,,,,,,,,,,,,,,,,,,,,,,,,,,,,,,,,,,,,,,,,,,,,,,,,,,,,,,,,,,,,,,,,,,,,,,,,,,,,,,,,,,,,,,,,,,,,,,,,,,,,,,0,0,0,0,0,0,0,0,3,3,4,7,8,15,11,26,10,36,0,36,legacy_planted_id_v0_audited_equivalent_to_query_payload_v1
corrected_connected_rerun::prod_mag_seed7202_s20260608_q50_types_multi_fine_multi_coarse_sizes20_50_100_neural_component_b20_50_100_200_500_1000_per_query.csv,C:\Users\Swastik\Desktop\Jigsaw\runs\lcr_mag_v3\results\prod_mag_seed7202_s20260608_q50_types_multi_fine_multi_coarse_sizes20_50_100_neural_component_b20_50_100_200_500_1000_per_query.csv,mag,mag,20260608,mag_rgcn_best,multi_coarse,50,hybrid,neural_component,type_rel_feat32,50,34,50,0,34,0,0,0,0,32,0,14.10371275156013,15.9748682029998,17.414344550998646,383160.68,609978.35,260.62,954.1174951001356,527772.0159266245,4.28,0.018370503597122303,0.4654676258992806,791.0,1836.3499999999997,1948.04,21.136582618544498,2526.6998024425006,9.93918165104758,0,0,0,1,0,0,2,13,18,0,,,,,,,,,,,,,,,,,,,,,,,,,,,,,,,,,,,,,,,,,,,,,,,,,,,,,,,,,,,,,,,,,,,,,,,,,,,,,,,,,,,,,,,,,,,,,,,,,,,,,,,,,,,,,,,,,,,,,,0,0,0,0,0,0,1,1,0,1,0,1,2,3,13,16,18,34,0,34,legacy_planted_id_v0_audited_equivalent_to_query_payload_v1
corrected_connected_rerun::prod_mag_seed7202_s20260608_q50_types_multi_fine_multi_coarse_sizes20_50_100_neural_component_b20_50_100_200_500_1000_per_query.csv,C:\Users\Swastik\Desktop\Jigsaw\runs\lcr_mag_v3\results\prod_mag_seed7202_s20260608_q50_types_multi_fine_multi_coarse_sizes20_50_100_neural_component_b20_50_100_200_500_1000_per_query.csv,mag,mag,20260608,mag_rgcn_best,multi_coarse,100,hybrid,neural_component,type_rel_feat32,50,37,50,0,37,0,0,0,1,33,1,13.875835377639996,16.00686333199974,17.492891371600066,412207.56,647232.7,333.7,201.11636359464225,174374.3532962269,4.4,0.01704029304029304,0.4607448107448107,731.5,1713.4499999999996,1905.9999999999998,24.136146058631994,2511.8815995457876,29.480191230768735,0,0,0,0,1,1,4,11,20,0,,,,,,,,,,,,,,,,,,,,,,,,,,,,,,,,,,,,,,,,,,,,,,,,,,,,,,,,,,,,,,,,,,,,,,,,,,,,,,,,,,,,,,,,,,,,,,,,,,,,,,,,,,,,,,,,,,,,,,0,0,0,0,0,0,0,0,1,1,1,2,4,6,11,17,20,37,0,37,legacy_planted_id_v0_audited_equivalent_to_query_payload_v1
/workspace/jigsaw_pkg/runs/noid_negative_mag_v3/results/prod_mag_pv1_s20260608_neg_neural_component_b20_50_100_200_500_1000_per_query.csv,/workspace/jigsaw_pkg/runs/noid_negative_mag_v3/results/prod_mag_pv1_s20260608_neg_neural_component_b20_50_100_200_500_1000_per_query.csv,mag,mag,20260608,mag_walkaware_best,negative_label,20,hybrid,neural_component,type_rel_feat32,50,0,0,50,0,0,50,0,0,5,0,8.506665167979918,8.46930265149922,9.110001693900312,201364.86,521370.8999999999,0.0,7089.089248598188,738507.2754100829,11.08,0.04407666666666659,0.5359665862459982,1355.5,1909.6999999999998,1941.02,17.57325338003284,1417.7775279966531,0.0,0,0,0,0,0,0,0,0,0,0,query_payload_v1_negative_rerun_2026-08-01,50,0,,0,1,0,50,0,1.417777528,0.01757325338,8.506665167979918,201364.86,,,,,,,,0,,,,,,,,,,,,,,,,,,,,,,,,,,,,,,,,,,,,,,,,,,,,,,,,,,,,,,,,,,,,,,,,,,,,,,,,,,,,,,,,,,,,,,,,,,,,,,,0.1,0,0,0,0,0,0,0,0,0,0,0,0,0,0,0,0,0,0,0,0,0,query_payload_v1
/workspace/jigsaw_pkg/runs/noid_negative_mag_v3/results/prod_mag_pv1_s20260608_neg_neural_component_b20_50_100_200_500_1000_per_query.csv,/workspace/jigsaw_pkg/runs/noid_negative_mag_v3/results/prod_mag_pv1_s20260608_neg_neural_component_b20_50_100_200_500_1000_per_query.csv,mag,mag,20260608,mag_walkaware_best,negative_label,50,hybrid,neural_component,type_rel_feat32,50,0,0,50,0,0,50,0,0,9,0,8.807600135400298,8.784255877500982,9.2451565358514,306667.64,594790.3999999999,0.0,1406.5424026815529,221628.00904163762,27.94,0.0836133333333333,0.4715848128654396,1789.0,1976.2,1993.12,20.73991018001834,1467.9333559000497,0.0,0,0,0,0,0,0,0,0,0,0,query_payload_v1_negative_rerun_2026-08-01,50,0,,0,1,0,50,0,1.4679333559,0.02073991018,8.807600135400298,306667.64,,,,,,,,0,,,,,,,,,,,,,,,,,,,,,,,,,,,,,,,,,,,,,,,,,,,,,,,,,,,,,,,,,,,,,,,,,,,,,,,,,,,,,,,,,,,,,,,,,,,,,,,0.18,0,0,0,0,0,0,0,0,0,0,0,0,0,0,0,0,0,0,0,0,0,query_payload_v1
/workspace/jigsaw_pkg/runs/noid_negative_mag_v3/results/prod_mag_pv1_s20260608_neg_neural_component_b20_50_100_200_500_1000_per_query.csv,/workspace/jigsaw_pkg/runs/noid_negative_mag_v3/results/prod_mag_pv1_s20260608_neg_neural_component_b20_50_100_200_500_1000_per_query.csv,mag,mag,20260608,mag_walkaware_best,negative_label,100,hybrid,neural_component,type_rel_feat32,50,0,0,50,0,0,50,0,0,6,0,8.908977090379704,8.855900207998275,9.885231843599556,282487.38,629046.0,0.0,730.5575796981691,144976.9664505393,52.76,0.1654833333333333,0.4728767569090188,1820.5,1988.55,1996.04,25.810946079909627,1484.829515063284,0.0,0,0,0,0,0,0,0,0,0,0,query_payload_v1_negative_rerun_2026-08-01,50,0,,0,1,0,50,0,1.48482951506,0.0258109460799,8.908977090379704,282487.38,,,,,,,,0,,,,,,,,,,,,,,,,,,,,,,,,,,,,,,,,,,,,,,,,,,,,,,,,,,,,,,,,,,,,,,,,,,,,,,,,,,,,,,,,,,,,,,,,,,,,,,,0.12,0,0,0,0,0,0,0,0,0,0,0,0,0,0,0,0,0,0,0,0,0,query_payload_v1
/workspace/jigsaw_pkg/runs/noid_negative_mag_v3/results/prod_mag_pv1_s20260608_neg_neural_component_b20_50_100_200_500_1000_per_query.csv,/workspace/jigsaw_pkg/runs/noid_negative_mag_v3/results/prod_mag_pv1_s20260608_neg_neural_component_b20_50_100_200_500_1000_per_query.csv,mag,mag,20260608,mag_walkaware_best,negative_structure,20,hybrid,neural_component,type_rel_feat32,50,0,0,50,0,0,49,1,1,49,1,8.679934293459956,8.482256336500086,9.666906467849593,196148.54,500374.19999999995,614.72,6002.1494146752275,506362.43103455915,11.0,0.05660677966101692,0.6125646152341068,1193.0,1849.75,1958.3,17.125696891575206,1413.108831199972,58.06647277629162,0,0,0,0,0,0,0,0,0,0,query_payload_v1_negative_rerun_2026-08-01,50,0,,0,0.98,0,50,0.0580664727763,1.4131088312,0.0171256968916,8.679934293459956,196148.54,,,,,,,,1,,,,,,,,,,,,,,,,,,,,,,,,,,,,,,,,,,,,,,,,,,,,,,,,,,,,,,,,,,,,,,,,,,,,,,,,,,,,,,,,,,,,,,,,,,,,,,,0.98,0.02,0,0,0,0,0,0,0,0,0,0,0,0,0,0,0,0,0,0,0,0,query_payload_v1
/workspace/jigsaw_pkg/runs/noid_negative_mag_v3/results/prod_mag_pv1_s20260608_neg_neural_component_b20_50_100_200_500_1000_per_query.csv,/workspace/jigsaw_pkg/runs/noid_negative_mag_v3/results/prod_mag_pv1_s20260608_neg_neural_component_b20_50_100_200_500_1000_per_query.csv,mag,mag,20260608,mag_walkaware_best,negative_structure,50,hybrid,neural_component,type_rel_feat32,50,0,0,50,0,0,50,0,0,47,0,9.198891065420394,8.816661290000411,11.229396071451081,241607.06,562156.55,699.38,4554.831801326728,367514.4656543886,27.16,0.10192999999999995,0.5234453929718975,1572.5,1982.35,1997.02,20.304529699824343,1464.7054298667294,68.44308103666965,0,0,0,0,0,0,0,0,0,0,query_payload_v1_negative_rerun_2026-08-01,50,0,,0,1,0,50,0.0684430810367,1.46470542987,0.0203045296998,9.198891065420394,241607.06,,,,,,,,0,,,,,,,,,,,,,,,,,,,,,,,,,,,,,,,,,,,,,,,,,,,,,,,,,,,,,,,,,,,,,,,,,,,,,,,,,,,,,,,,,,,,,,,,,,,,,,,0.94,0,0,0,0,0,0,0,0,0,0,0,0,0,0,0,0,0,0,0,0,0,query_payload_v1
/workspace/jigsaw_pkg/runs/noid_negative_mag_v3/results/prod_mag_pv1_s20260608_neg_neural_component_b20_50_100_200_500_1000_per_query.csv,/workspace/jigsaw_pkg/runs/noid_negative_mag_v3/results/prod_mag_pv1_s20260608_neg_neural_component_b20_50_100_200_500_1000_per_query.csv,mag,mag,20260608,mag_walkaware_best,negative_structure,100,hybrid,neural_component,type_rel_feat32,50,0,0,50,0,0,50,0,0,47,0,9.29482031540021,9.067576822502815,10.677966125851887,331859.76,658774.6499999999,796.34,1206.5545174767703,99616.39437905706,47.4,0.14240333333333322,0.4657679210512967,1744.5,1987.0,1993.02,26.447822539885237,1489.0776598500088,60.05905938335976,0,0,0,0,0,0,0,0,0,0,query_payload_v1_negative_rerun_2026-08-01,50,0,,0,1,0,50,0.0600590593834,1.48907765985,0.0264478225399,9.29482031540021,331859.76,,,,,,,,0,,,,,,,,,,,,,,,,,,,,,,,,,,,,,,,,,,,,,,,,,,,,,,,,,,,,,,,,,,,,,,,,,,,,,,,,,,,,,,,,,,,,,,,,,,,,,,,0.94,0,0,0,0,0,0,0,0,0,0,0,0,0,0,0,0,0,0,0,0,0,query_payload_v1
runs\lightning_mag_full\jigsaw-mag-gcp-cpux8-mean-s20260608-v2-resume\summary.csv,runs\lightning_mag_full\jigsaw-mag-gcp-cpux8-mean-s20260608-v2-resume\results\prod_mag_rgcn_seed7202_s20260608_q50_types_all_sizes20_50_100_mean_feature_component_b20_50_100_200_500_1000_per_query.csv,mag,mag,20260608,mag,single,20,mean_feature,mean_feature_component,type_rel_feat32,50,46,50,0,46,0,0,0,0,44,0,4.307512347200008,4.141541484499953,9.54448051645008,125272.16,444537.6,105.1,4057.239549081889,1348716.8815630707,1.0,0.004988700564971751,0.24858757062146894,160.5,1250.699999999999,1788.059999999999,0.6634508644186093,1212.3907646949194,4.420632819207413,0,0,0,16,2,4,4,15,5,0,,,,,,,,,,,,,,,,,,,,,,,,,,,,,,,,,,,,,,,,,,,,,,,,,,,,,,,,,,,,,,,,,,,,,,,,,,,,,,,,,,,,,,,,,,,,,,,,,,,,,,,,,,,,,,,,,,,,,,0,0,0,0,0,0,16,16,2,18,4,22,4,26,15,41,5,46,0,46,legacy_planted_id_v0_audited_equivalent_to_query_payload_v1
runs\lightning_mag_full\jigsaw-mag-gcp-cpux8-mean-s20260608-v2-resume\summary.csv,runs\lightning_mag_full\jigsaw-mag-gcp-cpux8-mean-s20260608-v2-resume\results\prod_mag_rgcn_seed7202_s20260608_q50_types_all_sizes20_50_100_mean_feature_component_b20_50_100_200_500_1000_per_query.csv,mag,mag,20260608,mag,single,50,mean_feature,mean_feature_component,type_rel_feat32,50,45,50,0,45,0,0,0,0,44,0,3.4325191998800983,1.6815893350003535,10.692766230300139,104578.42,469777.0,123.42,823.6680313708762,253746.68416071127,1.0,0.0084421768707483,0.2925170068027211,50.5,1578.9999999999986,1887.7499999999998,0.6375715783902631,1159.764670517045,7.758866857138051,0,0,0,22,3,5,5,6,4,0,,,,,,,,,,,,,,,,,,,,,,,,,,,,,,,,,,,,,,,,,,,,,,,,,,,,,,,,,,,,,,,,,,,,,,,,,,,,,,,,,,,,,,,,,,,,,,,,,,,,,,,,,,,,,,,,,,,,,,0,0,0,0,0,0,22,22,3,25,5,30,5,35,6,41,4,45,0,45,legacy_planted_id_v0_audited_equivalent_to_query_payload_v1
runs\lightning_mag_full\jigsaw-mag-gcp-cpux8-mean-s20260608-v2-resume\summary.csv,runs\lightning_mag_full\jigsaw-mag-gcp-cpux8-mean-s20260608-v2-resume\results\prod_mag_rgcn_seed7202_s20260608_q50_types_all_sizes20_50_100_mean_feature_component_b20_50_100_200_500_1000_per_query.csv,mag,mag,20260608,mag,single,100,mean_feature,mean_feature_component,type_rel_feat32,50,43,50,0,43,0,0,0,0,43,0,4.776406801860021,3.112242594500003,12.75176482659981,162623.48,545854.3499999999,211.46,465.639725614704,125750.33197390863,1.0,0.006642424242424243,0.2606060606060606,98.5,1577.749999999999,1860.8899999999999,0.7116686242625292,1434.1729381697073,13.223062393935283,0,0,0,19,4,2,5,8,5,0,,,,,,,,,,,,,,,,,,,,,,,,,,,,,,,,,,,,,,,,,,,,,,,,,,,,,,,,,,,,,,,,,,,,,,,,,,,,,,,,,,,,,,,,,,,,,,,,,,,,,,,,,,,,,,,,,,,,,,0,0,0,0,0,0,19,19,4,23,2,25,5,30,8,38,5,43,0,43,legacy_planted_id_v0_audited_equivalent_to_query_payload_v1
corrected_connected_rerun::prod_mag_seed7202_s20260608_q50_types_multi_fine_multi_coarse_sizes20_50_100_mean_feature_component_b20_50_100_200_500_1000_per_query.csv,C:\Users\Swastik\Desktop\Jigsaw\runs\lcr_mag_v3\results\prod_mag_seed7202_s20260608_q50_types_multi_fine_multi_coarse_sizes20_50_100_mean_feature_component_b20_50_100_200_500_1000_per_query.csv,mag,mag,20260608,mag,multi_fine,20,mean_feature,mean_feature_component,type_rel_feat32,50,47,50,0,47,0,0,0,0,46,0,3.5160693296200223,1.5221056594996298,11.765583409500868,71983.56,343612.44999999984,114.18,1795.595125135912,948606.623173403,1.0,0.00718421052631579,0.29605263157894735,40.0,1287.4499999999996,1739.3899999999994,0.5666506316282195,1151.2289949210742,5.372758243406918,0,0,0,17,9,4,5,5,7,0,,,,,,,,,,,,,,,,,,,,,,,,,,,,,,,,,,,,,,,,,,,,,,,,,,,,,,,,,,,,,,,,,,,,,,,,,,,,,,,,,,,,,,,,,,,,,,,,,,,,,,,,,,,,,,,,,,,,,,0,0,0,0,0,0,17,17,9,26,4,30,5,35,5,40,7,47,0,47,legacy_planted_id_v0_audited_equivalent_to_query_payload_v1
corrected_connected_rerun::prod_mag_seed7202_s20260608_q50_types_multi_fine_multi_coarse_sizes20_50_100_mean_feature_component_b20_50_100_200_500_1000_per_query.csv,C:\Users\Swastik\Desktop\Jigsaw\runs\lcr_mag_v3\results\prod_mag_seed7202_s20260608_q50_types_multi_fine_multi_coarse_sizes20_50_100_mean_feature_component_b20_50_100_200_500_1000_per_query.csv,mag,mag,20260608,mag,multi_fine,50,mean_feature,mean_feature_component,type_rel_feat32,50,39,50,0,39,0,0,0,0,39,0,3.9530749367598763,0.774666907500432,10.732306397500452,141765.46,477173.75,155.34,1153.9331265772298,373049.2123595866,1.0,0.008282051282051282,0.25,28.5,1533.85,1642.46,0.5535913334871367,1259.0526778460862,7.958519833361303,0,0,0,24,3,1,1,7,3,0,,,,,,,,,,,,,,,,,,,,,,,,,,,,,,,,,,,,,,,,,,,,,,,,,,,,,,,,,,,,,,,,,,,,,,,,,,,,,,,,,,,,,,,,,,,,,,,,,,,,,,,,,,,,,,,,,,,,,,0,0,0,0,0,0,24,24,3,27,1,28,1,29,7,36,3,39,0,39,legacy_planted_id_v0_audited_equivalent_to_query_payload_v1
corrected_connected_rerun::prod_mag_seed7202_s20260608_q50_types_multi_fine_multi_coarse_sizes20_50_100_mean_feature_component_b20_50_100_200_500_1000_per_query.csv,C:\Users\Swastik\Desktop\Jigsaw\runs\lcr_mag_v3\results\prod_mag_seed7202_s20260608_q50_types_multi_fine_multi_coarse_sizes20_50_100_mean_feature_component_b20_50_100_200_500_1000_per_query.csv,mag,mag,20260608,mag,multi_fine,100,mean_feature,mean_feature_component,type_rel_feat32,50,45,50,0,45,0,0,0,0,45,0,3.973612120520047,1.799612296002124,12.061178587050108,128511.0,451378.0499999998,272.5,267.937638974353,334903.508706615,1.0,0.007675496688741722,0.2980132450331126,61.0,1274.8999999999999,1531.3699999999994,0.7240120597372205,1299.1859421523766,16.579660668831153,0,0,0,19,5,9,0,7,5,0,,,,,,,,,,,,,,,,,,,,,,,,,,,,,,,,,,,,,,,,,,,,,,,,,,,,,,,,,,,,,,,,,,,,,,,,,,,,,,,,,,,,,,,,,,,,,,,,,,,,,,,,,,,,,,,,,,,,,,0,0,0,0,0,0,19,19,5,24,9,33,0,33,7,40,5,45,0,45,legacy_planted_id_v0_audited_equivalent_to_query_payload_v1
runs\lightning_mag_full\jigsaw-mag-gcp-cpux8-mean-s20260608-v2-resume\summary.csv,runs\lightning_mag_full\jigsaw-mag-gcp-cpux8-mean-s20260608-v2-resume\results\prod_mag_rgcn_seed7202_s20260608_q50_types_all_sizes20_50_100_mean_feature_component_b20_50_100_200_500_1000_per_query.csv,mag,mag,20260608,mag,k_hop,20,mean_feature,mean_feature_component,type_rel_feat32,50,42,50,0,42,0,0,0,0,40,0,4.256417498079918,2.7583159209998485,10.645775222450379,83754.7,481079.5,144.28,7051.049749176826,925298.2868477057,10.02,0.03858479532163742,0.2570373583531478,1754.5,1974.9499999999998,1984.53,0.6308165906699946,1237.6142953917943,6.952224514614564,0,0,0,15,5,5,6,7,4,0,,,,,,,,,,,,,,,,,,,,,,,,,,,,,,,,,,,,,,,,,,,,,,,,,,,,,,,,,,,,,,,,,,,,,,,,,,,,,,,,,,,,,,,,,,,,,,,,,,,,,,,,,,,,,,,,,,,,,,0,0,0,0,0,0,15,15,5,20,5,25,6,31,7,38,4,42,0,42,legacy_planted_id_v0_audited_equivalent_to_query_payload_v1
runs\lightning_mag_full\jigsaw-mag-gcp-cpux8-mean-s20260608-v2-resume\summary.csv,runs\lightning_mag_full\jigsaw-mag-gcp-cpux8-mean-s20260608-v2-resume\results\prod_mag_rgcn_seed7202_s20260608_q50_types_all_sizes20_50_100_mean_feature_component_b20_50_100_200_500_1000_per_query.csv,mag,mag,20260608,mag,k_hop,50,mean_feature,mean_feature_component,type_rel_feat32,50,37,50,0,37,0,0,0,0,34,0,6.327068589440005,6.36465412149937,12.304498725450092,213918.18,625209.1,311.68,1236.8540814397427,239031.10661584625,27.2,0.06410047846889952,0.2270111342564793,1845.5,1996.65,1999.0,0.6741123779386652,1499.2553947990382,14.39737779426424,0,0,0,11,3,2,5,8,8,0,,,,,,,,,,,,,,,,,,,,,,,,,,,,,,,,,,,,,,,,,,,,,,,,,,,,,,,,,,,,,,,,,,,,,,,,,,,,,,,,,,,,,,,,,,,,,,,,,,,,,,,,,,,,,,,,,,,,,,0,0,0,0,0,0,11,11,3,14,2,16,5,21,8,29,8,37,0,37,legacy_planted_id_v0_audited_equivalent_to_query_payload_v1
runs\lightning_mag_full\jigsaw-mag-gcp-cpux8-mean-s20260608-v2-resume\summary.csv,runs\lightning_mag_full\jigsaw-mag-gcp-cpux8-mean-s20260608-v2-resume\results\prod_mag_rgcn_seed7202_s20260608_q50_types_all_sizes20_50_100_mean_feature_component_b20_50_100_200_500_1000_per_query.csv,mag,mag,20260608,mag,k_hop,100,mean_feature,mean_feature_component,type_rel_feat32,50,32,50,0,32,0,0,0,0,32,0,8.131292340320034,9.338643041000068,13.495352101150548,265135.16,663822.05,612.46,825.5473163029809,102053.28489912157,53.88,0.08862396694214876,0.21614965824466265,1923.0,1997.5500000000002,1998.51,0.6975561074424067,1646.0674008140468,33.95167776447244,0,0,0,3,4,4,3,9,9,0,,,,,,,,,,,,,,,,,,,,,,,,,,,,,,,,,,,,,,,,,,,,,,,,,,,,,,,,,,,,,,,,,,,,,,,,,,,,,,,,,,,,,,,,,,,,,,,,,,,,,,,,,,,,,,,,,,,,,,0,0,0,0,0,0,3,3,4,7,4,11,3,14,9,23,9,32,0,32,legacy_planted_id_v0_audited_equivalent_to_query_payload_v1
runs\lightning_mag_full\jigsaw-mag-gcp-cpux8-mean-s20260608-v2-resume\summary.csv,runs\lightning_mag_full\jigsaw-mag-gcp-cpux8-mean-s20260608-v2-resume\results\prod_mag_rgcn_seed7202_s20260608_q50_types_all_sizes20_50_100_mean_feature_component_b20_50_100_200_500_1000_per_query.csv,mag,mag,20260608,mag,degree_k_hop,20,mean_feature,mean_feature_component,type_rel_feat32,50,41,50,0,41,0,0,0,0,38,0,5.10776857433997,4.594152562999852,12.108385133849856,131426.1,513548.54999999993,174.72,9404.276612109594,1209760.2902912109,10.68,0.032,0.2526082829001724,1805.5,1995.4,1999.0,0.6481721566045724,1282.7405210353395,7.100028040410663,0,0,0,11,3,7,3,8,9,0,,,,,,,,,,,,,,,,,,,,,,,,,,,,,,,,,,,,,,,,,,,,,,,,,,,,,,,,,,,,,,,,,,,,,,,,,,,,,,,,,,,,,,,,,,,,,,,,,,,,,,,,,,,,,,,,,,,,,,0,0,0,0,0,0,11,11,3,14,7,21,3,24,8,32,9,41,0,41,legacy_planted_id_v0_audited_equivalent_to_query_payload_v1
runs\lightning_mag_full\jigsaw-mag-gcp-cpux8-mean-s20260608-v2-resume\summary.csv,runs\lightning_mag_full\jigsaw-mag-gcp-cpux8-mean-s20260608-v2-resume\results\prod_mag_rgcn_seed7202_s20260608_q50_types_all_sizes20_50_100_mean_feature_component_b20_50_100_200_500_1000_per_query.csv,mag,mag,20260608,mag,degree_k_hop,50,mean_feature,mean_feature_component,type_rel_feat32,50,44,50,0,44,0,0,0,0,43,0,5.807897284599822,5.678784391499903,12.364596447749364,175790.9,520276.05000000005,435.5,2779.6294873719726,350238.445599839,27.1,0.07077560975609756,0.24181690334614311,1799.0,1998.5500000000002,2000.0,0.6851444878321207,1395.6606257853286,20.899687531700913,0,0,0,8,5,4,5,13,9,0,,,,,,,,,,,,,,,,,,,,,,,,,,,,,,,,,,,,,,,,,,,,,,,,,,,,,,,,,,,,,,,,,,,,,,,,,,,,,,,,,,,,,,,,,,,,,,,,,,,,,,,,,,,,,,,,,,,,,,0,0,0,0,0,0,8,8,5,13,4,17,5,22,13,35,9,44,0,44,legacy_planted_id_v0_audited_equivalent_to_query_payload_v1
runs\lightning_mag_full\jigsaw-mag-gcp-cpux8-mean-s20260608-v2-resume\summary.csv,runs\lightning_mag_full\jigsaw-mag-gcp-cpux8-mean-s20260608-v2-resume\results\prod_mag_rgcn_seed7202_s20260608_q50_types_all_sizes20_50_100_mean_feature_component_b20_50_100_200_500_1000_per_query.csv,mag,mag,20260608,mag,degree_k_hop,100,mean_feature,mean_feature_component,type_rel_feat32,50,34,50,0,34,0,0,0,1,34,1,8.317968800619965,9.75078466649984,14.04734650465084,255966.88,658280.35,913.78,896.4632709654958,92702.52980162213,52.28,0.09184913793103448,0.23226954440545672,1927.5,1998.5500000000002,1999.0,0.7651555559959888,1681.3322403706895,111.33344941809607,0,0,0,7,3,2,2,11,9,0,,,,,,,,,,,,,,,,,,,,,,,,,,,,,,,,,,,,,,,,,,,,,,,,,,,,,,,,,,,,,,,,,,,,,,,,,,,,,,,,,,,,,,,,,,,,,,,,,,,,,,,,,,,,,,,,,,,,,,0,0,0,0,0,0,7,7,3,10,2,12,2,14,11,25,9,34,0,34,legacy_planted_id_v0_audited_equivalent_to_query_payload_v1
runs\lightning_mag_full\jigsaw-mag-gcp-cpux8-mean-s20260608-v2-resume\summary.csv,runs\lightning_mag_full\jigsaw-mag-gcp-cpux8-mean-s20260608-v2-resume\results\prod_mag_rgcn_seed7202_s20260608_q50_types_all_sizes20_50_100_mean_feature_component_b20_50_100_200_500_1000_per_query.csv,mag,mag,20260608,mag,random_walk,20,mean_feature,mean_feature_component,type_rel_feat32,50,30,50,0,30,0,0,0,0,18,0,8.258534567759934,9.613538124000115,12.927365739799757,137739.38,308735.4,109.5,5589.118667870032,1069185.3885334297,12.12,0.03017131474103586,0.29417271073586987,1728.0,1963.55,1989.63,0.6538042907777708,1641.7697907410234,3.3566171792822805,0,0,0,3,2,3,4,9,9,0,,,,,,,,,,,,,,,,,,,,,,,,,,,,,,,,,,,,,,,,,,,,,,,,,,,,,,,,,,,,,,,,,,,,,,,,,,,,,,,,,,,,,,,,,,,,,,,,,,,,,,,,,,,,,,,,,,,,,,0,0,0,0,0,0,3,3,2,5,3,8,4,12,9,21,9,30,0,30,legacy_planted_id_v0_audited_equivalent_to_query_payload_v1
runs\lightning_mag_full\jigsaw-mag-gcp-cpux8-mean-s20260608-v2-resume\summary.csv,runs\lightning_mag_full\jigsaw-mag-gcp-cpux8-mean-s20260608-v2-resume\results\prod_mag_rgcn_seed7202_s20260608_q50_types_all_sizes20_50_100_mean_feature_component_b20_50_100_200_500_1000_per_query.csv,mag,mag,20260608,mag,random_walk,50,mean_feature,mean_feature_component,type_rel_feat32,50,17,50,0,17,0,0,0,0,13,0,11.432392872500078,11.746899548000329,13.378738748651177,191160.74,385827.19999999995,217.04,1698.5890371186463,246055.12006926883,28.56,0.061013651877133104,0.3088535318721597,1853.0,1988.65,1992.02,0.6938195119366523,1943.468764269642,7.451521139927793,0,0,0,0,0,1,1,2,13,0,,,,,,,,,,,,,,,,,,,,,,,,,,,,,,,,,,,,,,,,,,,,,,,,,,,,,,,,,,,,,,,,,,,,,,,,,,,,,,,,,,,,,,,,,,,,,,,,,,,,,,,,,,,,,,,,,,,,,,0,0,0,0,0,0,0,0,0,0,1,1,1,2,2,4,13,17,0,17,legacy_planted_id_v0_audited_equivalent_to_query_payload_v1
runs\lightning_mag_full\jigsaw-mag-gcp-cpux8-mean-s20260608-v2-resume\summary.csv,runs\lightning_mag_full\jigsaw-mag-gcp-cpux8-mean-s20260608-v2-resume\results\prod_mag_rgcn_seed7202_s20260608_q50_types_all_sizes20_50_100_mean_feature_component_b20_50_100_200_500_1000_per_query.csv,mag,mag,20260608,mag,random_walk,100,mean_feature,mean_feature_component,type_rel_feat32,50,1,50,0,1,0,0,0,0,0,0,11.993003302979924,12.247193635998428,13.77217370935059,324596.14,448921.44999999995,1167.68,361.21549363106914,100016.3646573115,56.66,0.07235000000000001,0.2503755366451454,1946.5,1998.0,1999.51,0.7149947799553047,1967.1523532899996,31.68153053998746,0,0,0,0,0,0,0,0,1,0,,,,,,,,,,,,,,,,,,,,,,,,,,,,,,,,,,,,,,,,,,,,,,,,,,,,,,,,,,,,,,,,,,,,,,,,,,,,,,,,,,,,,,,,,,,,,,,,,,,,,,,,,,,,,,,,,,,,,,0,0,0,0,0,0,0,0,0,0,0,0,0,0,0,0,1,1,0,1,legacy_planted_id_v0_audited_equivalent_to_query_payload_v1
corrected_connected_rerun::prod_mag_seed7202_s20260608_q50_types_multi_fine_multi_coarse_sizes20_50_100_mean_feature_component_b20_50_100_200_500_1000_per_query.csv,C:\Users\Swastik\Desktop\Jigsaw\runs\lcr_mag_v3\results\prod_mag_seed7202_s20260608_q50_types_multi_fine_multi_coarse_sizes20_50_100_mean_feature_component_b20_50_100_200_500_1000_per_query.csv,mag,mag,20260608,mag,multi_coarse,20,mean_feature,mean_feature_component,type_rel_feat32,50,22,50,0,22,0,0,0,0,15,0,8.90568489325984,9.433412831500846,11.689925815801598,223836.88,409453.1,65.92,832.0287100266942,1403354.4216393875,4.4,0.011908127208480565,0.34428739693757365,1502.0,1899.9,1956.06,0.5630786288445819,1571.2343042013804,2.2082564452345133,0,0,0,1,0,1,1,7,12,0,,,,,,,,,,,,,,,,,,,,,,,,,,,,,,,,,,,,,,,,,,,,,,,,,,,,,,,,,,,,,,,,,,,,,,,,,,,,,,,,,,,,,,,,,,,,,,,,,,,,,,,,,,,,,,,,,,,,,,0,0,0,0,0,0,1,1,0,1,1,2,1,3,7,10,12,22,0,22,legacy_planted_id_v0_audited_equivalent_to_query_payload_v1
corrected_connected_rerun::prod_mag_seed7202_s20260608_q50_types_multi_fine_multi_coarse_sizes20_50_100_mean_feature_component_b20_50_100_200_500_1000_per_query.csv,C:\Users\Swastik\Desktop\Jigsaw\runs\lcr_mag_v3\results\prod_mag_seed7202_s20260608_q50_types_multi_fine_multi_coarse_sizes20_50_100_mean_feature_component_b20_50_100_200_500_1000_per_query.csv,mag,mag,20260608,mag,multi_coarse,50,mean_feature,mean_feature_component,type_rel_feat32,50,15,50,0,15,0,0,0,0,14,0,10.50833763516006,10.646587483501207,14.290475661350317,320670.54,478574.54999999993,60.14,999.8707210762997,483093.35544646246,4.28,0.01181118881118881,0.33945221445221446,1418.5,1954.6499999999999,1986.69,0.6664829543742153,1834.6430744160732,2.4788897727484147,0,0,0,1,0,0,2,5,7,0,,,,,,,,,,,,,,,,,,,,,,,,,,,,,,,,,,,,,,,,,,,,,,,,,,,,,,,,,,,,,,,,,,,,,,,,,,,,,,,,,,,,,,,,,,,,,,,,,,,,,,,,,,,,,,,,,,,,,,0,0,0,0,0,0,1,1,0,1,0,1,2,3,5,8,7,15,0,15,legacy_planted_id_v0_audited_equivalent_to_query_payload_v1
corrected_connected_rerun::prod_mag_seed7202_s20260608_q50_types_multi_fine_multi_coarse_sizes20_50_100_mean_feature_component_b20_50_100_200_500_1000_per_query.csv,C:\Users\Swastik\Desktop\Jigsaw\runs\lcr_mag_v3\results\prod_mag_seed7202_s20260608_q50_types_multi_fine_multi_coarse_sizes20_50_100_mean_feature_component_b20_50_100_200_500_1000_per_query.csv,mag,mag,20260608,mag,multi_coarse,100,mean_feature,mean_feature_component,type_rel_feat32,50,14,50,0,14,0,0,0,0,13,0,11.411376177220008,11.100103264999234,16.306033736149217,383203.32,566309.9999999999,137.3,247.7197779990026,205900.52055253956,4.4,0.011553633217993079,0.34123414071510955,1553.0,1953.9499999999998,1972.1,0.711013003452397,1969.0249016090143,5.261634242198292,0,0,0,0,1,0,1,5,7,0,,,,,,,,,,,,,,,,,,,,,,,,,,,,,,,,,,,,,,,,,,,,,,,,,,,,,,,,,,,,,,,,,,,,,,,,,,,,,,,,,,,,,,,,,,,,,,,,,,,,,,,,,,,,,,,,,,,,,,0,0,0,0,0,0,0,0,1,1,0,1,1,2,5,7,7,14,0,14,legacy_planted_id_v0_audited_equivalent_to_query_payload_v1
/workspace/jigsaw_pkg/runs/noid_negative_mag_v3/results/prod_mag_pv1_s20260608_neg_mean_feature_component_b20_50_100_200_500_1000_per_query.csv,/workspace/jigsaw_pkg/runs/noid_negative_mag_v3/results/prod_mag_pv1_s20260608_neg_mean_feature_component_b20_50_100_200_500_1000_per_query.csv,mag,mag,20260608,mag,negative_label,20,mean_feature,mean_feature_component,type_rel_feat32,50,0,0,50,0,0,50,0,0,3,0,4.16820789197951,4.125140001998261,4.968429312550869,198516.56,503795.30000000005,0.0,9429.337419425272,2604678.5036880053,11.08,0.008939999999999984,0.20891303549391815,1772.5,1997.5500000000002,1999.51,0.5637977200603927,694.7013153299183,0.0,0,0,0,0,0,0,0,0,0,0,query_payload_v1_negative_rerun_2026-08-01,50,0,,0,1,0,50,0,0.69470131533,0.00056379772006,4.16820789197951,198516.56,,,,,,,,0,,,,,,,,,,,,,,,,,,,,,,,,,,,,,,,,,,,,,,,,,,,,,,,,,,,,,,,,,,,,,,,,,,,,,,,,,,,,,,,,,,,,,,,,,,,,,,,0.06,0,0,0,0,0,0,0,0,0,0,0,0,0,0,0,0,0,0,0,0,0,query_payload_v1
/workspace/jigsaw_pkg/runs/noid_negative_mag_v3/results/prod_mag_pv1_s20260608_neg_mean_feature_component_b20_50_100_200_500_1000_per_query.csv,/workspace/jigsaw_pkg/runs/noid_negative_mag_v3/results/prod_mag_pv1_s20260608_neg_mean_feature_component_b20_50_100_200_500_1000_per_query.csv,mag,mag,20260608,mag,negative_label,50,mean_feature,mean_feature_component,type_rel_feat32,50,0,0,50,0,0,50,0,0,7,0,4.4258328224401335,4.381692688499243,4.8236757670501,308851.28,548850.1,0.0,2319.2074087742585,1350676.4828595433,27.94,0.013943333333333289,0.16337608061645825,1947.5,1996.55,1998.51,0.5664181799511425,737.6388037400224,0.0,0,0,0,0,0,0,0,0,0,0,query_payload_v1_negative_rerun_2026-08-01,50,0,,0,1,0,50,0,0.73763880374,0.000566418179951,4.4258328224401335,308851.28,,,,,,,,0,,,,,,,,,,,,,,,,,,,,,,,,,,,,,,,,,,,,,,,,,,,,,,,,,,,,,,,,,,,,,,,,,,,,,,,,,,,,,,,,,,,,,,,,,,,,,,,0.14,0,0,0,0,0,0,0,0,0,0,0,0,0,0,0,0,0,0,0,0,0,query_payload_v1
/workspace/jigsaw_pkg/runs/noid_negative_mag_v3/results/prod_mag_pv1_s20260608_neg_mean_feature_component_b20_50_100_200_500_1000_per_query.csv,/workspace/jigsaw_pkg/runs/noid_negative_mag_v3/results/prod_mag_pv1_s20260608_neg_mean_feature_component_b20_50_100_200_500_1000_per_query.csv,mag,mag,20260608,mag,negative_label,100,mean_feature,mean_feature_component,type_rel_feat32,50,0,0,50,0,0,50,0,0,3,0,4.62153804432026,4.48505400850172,6.071715327152195,283985.04,576112.0,0.0,1058.5615674298022,1633263.945498254,52.76,0.021339999999999963,0.14664433747140967,1985.0,1999.0,1999.0,0.5676095000308123,770.2563407200432,0.0,0,0,0,0,0,0,0,0,0,0,query_payload_v1_negative_rerun_2026-08-01,50,0,,0,1,0,50,0,0.77025634072,0.000567609500031,4.62153804432026,283985.04,,,,,,,,0,,,,,,,,,,,,,,,,,,,,,,,,,,,,,,,,,,,,,,,,,,,,,,,,,,,,,,,,,,,,,,,,,,,,,,,,,,,,,,,,,,,,,,,,,,,,,,,0.06,0,0,0,0,0,0,0,0,0,0,0,0,0,0,0,0,0,0,0,0,0,query_payload_v1
/workspace/jigsaw_pkg/runs/noid_negative_mag_v3/results/prod_mag_pv1_s20260608_neg_mean_feature_component_b20_50_100_200_500_1000_per_query.csv,/workspace/jigsaw_pkg/runs/noid_negative_mag_v3/results/prod_mag_pv1_s20260608_neg_mean_feature_component_b20_50_100_200_500_1000_per_query.csv,mag,mag,20260608,mag,negative_structure,20,mean_feature,mean_feature_component,type_rel_feat32,50,0,0,50,0,0,49,1,1,40,1,4.660210428519458,4.363631513499058,5.510834337499636,194410.28,555645.2,586.12,5973.5804202910695,839007.3587168478,11.0,0.029233333333333267,0.3909330253080255,1639.0,1959.5500000000002,1988.0,0.5691981199561269,724.6230554732574,52.07868261331896,0,0,0,0,0,0,0,0,0,0,query_payload_v1_negative_rerun_2026-08-01,50,0,,0,0.98,0,50,0.0520786826133,0.724623055473,0.000569198119956,4.660210428519458,194410.28,,,,,,,,1,,,,,,,,,,,,,,,,,,,,,,,,,,,,,,,,,,,,,,,,,,,,,,,,,,,,,,,,,,,,,,,,,,,,,,,,,,,,,,,,,,,,,,,,,,,,,,,0.8,0.02,0,0,0,0,0,0,0,0,0,0,0,0,0,0,0,0,0,0,0,0,query_payload_v1
/workspace/jigsaw_pkg/runs/noid_negative_mag_v3/results/prod_mag_pv1_s20260608_neg_mean_feature_component_b20_50_100_200_500_1000_per_query.csv,/workspace/jigsaw_pkg/runs/noid_negative_mag_v3/results/prod_mag_pv1_s20260608_neg_mean_feature_component_b20_50_100_200_500_1000_per_query.csv,mag,mag,20260608,mag,negative_structure,50,mean_feature,mean_feature_component,type_rel_feat32,50,0,0,50,0,0,50,0,0,42,0,4.854766562479199,4.880841348000104,5.951648842800205,220574.26,612974.6499999999,523.12,4488.494201538225,185932.06185143715,27.16,0.06730999999999998,0.3646743443347088,1841.0,1991.65,1998.51,0.5893438400016748,786.269827109924,22.857933303275786,0,0,0,0,0,0,0,0,0,0,query_payload_v1_negative_rerun_2026-08-01,50,0,,0,1,0,50,0.0228579333033,0.78626982711,0.000589343840002,4.854766562479199,220574.26,,,,,,,,0,,,,,,,,,,,,,,,,,,,,,,,,,,,,,,,,,,,,,,,,,,,,,,,,,,,,,,,,,,,,,,,,,,,,,,,,,,,,,,,,,,,,,,,,,,,,,,,0.84,0,0,0,0,0,0,0,0,0,0,0,0,0,0,0,0,0,0,0,0,0,query_payload_v1
/workspace/jigsaw_pkg/runs/noid_negative_mag_v3/results/prod_mag_pv1_s20260608_neg_mean_feature_component_b20_50_100_200_500_1000_per_query.csv,/workspace/jigsaw_pkg/runs/noid_negative_mag_v3/results/prod_mag_pv1_s20260608_neg_mean_feature_component_b20_50_100_200_500_1000_per_query.csv,mag,mag,20260608,mag,negative_structure,100,mean_feature,mean_feature_component,type_rel_feat32,50,0,0,50,0,0,50,0,0,33,0,4.909758952039811,4.973800169997958,6.266595786898051,324417.3,658958.5,639.64,1103.4906660029474,304719.89867322275,47.4,0.08283666666666664,0.30834447777304885,1916.5,1998.5500000000002,1999.0,0.5941617599819438,792.9619809066268,25.331177766674955,0,0,0,0,0,0,0,0,0,0,query_payload_v1_negative_rerun_2026-08-01,50,0,,0,1,0,50,0.0253311777667,0.792961980907,0.000594161759982,4.909758952039811,324417.3,,,,,,,,0,,,,,,,,,,,,,,,,,,,,,,,,,,,,,,,,,,,,,,,,,,,,,,,,,,,,,,,,,,,,,,,,,,,,,,,,,,,,,,,,,,,,,,,,,,,,,,,0.66,0,0,0,0,0,0,0,0,0,0,0,0,0,0,0,0,0,0,0,0,0,query_payload_v1
runs\lightning_mag_full\jigsaw-mag-gcp-cpux8-meanrrf-s20260608-dark-v2-resume\summary.csv,runs\lightning_mag_full\jigsaw-mag-gcp-cpux8-meanrrf-s20260608-dark-v2-resume\results\prod_mag_rgcn_seed7202_s20260608_q50_types_all_sizes20_50_100_mean_rrf_component_b20_50_100_200_500_1000_per_query.csv,mag,mag,20260608,mag_rgcn_best,single,20,coarse_mean_rrf,mean_rrf_component,type_rel_feat32,50,49,50,0,49,0,0,0,0,48,0,1.9633850209600132,1.2418036640000878,6.478124311550007,68230.06,309516.9499999997,114.72,3878.35068518234,1323537.775636534,1.0,0.010419354838709679,0.3870967741935484,36.0,428.7999999999997,802.2599999999987,20.796699217742702,785.1579765725837,6.529531879034457,0,0,0,21,7,7,8,6,0,0,,,,,,,,,,,,,,,,,,,,,,,,,,,,,,,,,,,,,,,,,,,,,,,,,,,,,,,,,,,,,,,,,,,,,,,,,,,,,,,,,,,,,,,,,,,,,,,,,,,,,,,,,,,,,,,,,,,,,,0,0,0,0,0,0,21,21,7,28,7,35,8,43,6,49,0,49,0,49,legacy_planted_id_v0_audited_equivalent_to_query_payload_v1
runs\lightning_mag_full\jigsaw-mag-gcp-cpux8-meanrrf-s20260608-dark-v2-resume\summary.csv,runs\lightning_mag_full\jigsaw-mag-gcp-cpux8-meanrrf-s20260608-dark-v2-resume\results\prod_mag_rgcn_seed7202_s20260608_q50_types_all_sizes20_50_100_mean_rrf_component_b20_50_100_200_500_1000_per_query.csv,mag,mag,20260608,mag_rgcn_best,single,50,coarse_mean_rrf,mean_rrf_component,type_rel_feat32,50,50,50,0,50,0,0,0,0,50,0,1.0802067695398363,0.4981148734996168,4.40687211194863,43788.8,328577.1499999996,142.18,808.0157385930305,255253.05375667344,1.0,0.023144578313253013,0.6024096385542169,7.5,305.3499999999992,450.9099999999999,23.248213662664494,636.4906576987142,14.236311903596835,0,0,0,35,6,3,3,3,0,0,,,,,,,,,,,,,,,,,,,,,,,,,,,,,,,,,,,,,,,,,,,,,,,,,,,,,,,,,,,,,,,,,,,,,,,,,,,,,,,,,,,,,,,,,,,,,,,,,,,,,,,,,,,,,,,,,,,,,,0,0,0,0,0,0,35,35,6,41,3,44,3,47,3,50,0,50,0,50,legacy_planted_id_v0_audited_equivalent_to_query_payload_v1
runs\lightning_mag_full\jigsaw-mag-gcp-cpux8-meanrrf-s20260608-dark-v2-resume\summary.csv,runs\lightning_mag_full\jigsaw-mag-gcp-cpux8-meanrrf-s20260608-dark-v2-resume\results\prod_mag_rgcn_seed7202_s20260608_q50_types_all_sizes20_50_100_mean_rrf_component_b20_50_100_200_500_1000_per_query.csv,mag,mag,20260608,mag_rgcn_best,single,100,coarse_mean_rrf,mean_rrf_component,type_rel_feat32,50,50,50,0,50,0,0,0,0,50,0,1.342050581320027,0.5959677435000685,5.29029147444969,53482.04,274100.5,231.94,458.44259979005204,132089.4396679513,1.0,0.017670212765957448,0.5319148936170213,16.0,246.84999999999968,377.4999999999999,27.22952699996603,691.5190859042759,22.337606287227903,0,0,0,27,13,2,5,3,0,0,,,,,,,,,,,,,,,,,,,,,,,,,,,,,,,,,,,,,,,,,,,,,,,,,,,,,,,,,,,,,,,,,,,,,,,,,,,,,,,,,,,,,,,,,,,,,,,,,,,,,,,,,,,,,,,,,,,,,,0,0,0,0,0,0,27,27,13,40,2,42,5,47,3,50,0,50,0,50,legacy_planted_id_v0_audited_equivalent_to_query_payload_v1
corrected_connected_rerun::prod_mag_seed7202_s20260608_q50_types_multi_fine_multi_coarse_sizes20_50_100_mean_rrf_component_b20_50_100_200_500_1000_per_query.csv,C:\Users\Swastik\Desktop\Jigsaw\runs\lcr_mag_v3\results\prod_mag_seed7202_s20260608_q50_types_multi_fine_multi_coarse_sizes20_50_100_mean_rrf_component_b20_50_100_200_500_1000_per_query.csv,mag,mag,20260608,mag_rgcn_best,multi_fine,20,coarse_mean_rrf,mean_rrf_component,type_rel_feat32,50,50,50,0,50,0,0,0,0,50,0,0.9555423902998519,0.39746456750071957,3.884514274198952,21856.12,88134.99999999997,138.76,1867.9573314512347,985086.9250402983,1.0,0.021891566265060242,0.5903614457831325,11.0,163.5499999999999,280.1099999999999,20.071405735025,564.1870997469048,11.440846216861377,0,0,0,32,8,6,3,1,0,0,,,,,,,,,,,,,,,,,,,,,,,,,,,,,,,,,,,,,,,,,,,,,,,,,,,,,,,,,,,,,,,,,,,,,,,,,,,,,,,,,,,,,,,,,,,,,,,,,,,,,,,,,,,,,,,,,,,,,,0,0,0,0,0,0,32,32,8,40,6,46,3,49,1,50,0,50,0,50,legacy_planted_id_v0_audited_equivalent_to_query_payload_v1
corrected_connected_rerun::prod_mag_seed7202_s20260608_q50_types_multi_fine_multi_coarse_sizes20_50_100_mean_rrf_component_b20_50_100_200_500_1000_per_query.csv,C:\Users\Swastik\Desktop\Jigsaw\runs\lcr_mag_v3\results\prod_mag_seed7202_s20260608_q50_types_multi_fine_multi_coarse_sizes20_50_100_mean_rrf_component_b20_50_100_200_500_1000_per_query.csv,mag,mag,20260608,mag_rgcn_best,multi_fine,50,coarse_mean_rrf,mean_rrf_component,type_rel_feat32,50,50,50,0,50,0,0,0,0,50,0,1.0146822351598166,0.34990493100031017,4.393366018248792,29114.34,72877.04999999999,188.12,1141.9531480651613,176840.42223886357,1.0,0.02285365853658537,0.6097560975609756,10.0,183.44999999999993,294.90999999999974,23.872439597276177,601.9265998901152,16.782080085382713,0,0,0,33,8,5,2,2,0,0,,,,,,,,,,,,,,,,,,,,,,,,,,,,,,,,,,,,,,,,,,,,,,,,,,,,,,,,,,,,,,,,,,,,,,,,,,,,,,,,,,,,,,,,,,,,,,,,,,,,,,,,,,,,,,,,,,,,,,0,0,0,0,0,0,33,33,8,41,5,46,2,48,2,50,0,50,0,50,legacy_planted_id_v0_audited_equivalent_to_query_payload_v1
corrected_connected_rerun::prod_mag_seed7202_s20260608_q50_types_multi_fine_multi_coarse_sizes20_50_100_mean_rrf_component_b20_50_100_200_500_1000_per_query.csv,C:\Users\Swastik\Desktop\Jigsaw\runs\lcr_mag_v3\results\prod_mag_seed7202_s20260608_q50_types_multi_fine_multi_coarse_sizes20_50_100_mean_rrf_component_b20_50_100_200_500_1000_per_query.csv,mag,mag,20260608,mag_rgcn_best,multi_fine,100,coarse_mean_rrf,mean_rrf_component,type_rel_feat32,50,50,50,0,50,0,0,0,0,50,0,0.7220275307802149,0.37691949649979506,2.079309947549243,20555.74,63808.49999999983,306.98,250.13204368522162,67036.9669787639,1.0,0.03174626865671642,0.746268656716418,9.5,58.299999999999926,194.17999999999978,25.870642358571406,499.57352188075265,39.25299362687037,0,0,0,39,8,1,1,1,0,0,,,,,,,,,,,,,,,,,,,,,,,,,,,,,,,,,,,,,,,,,,,,,,,,,,,,,,,,,,,,,,,,,,,,,,,,,,,,,,,,,,,,,,,,,,,,,,,,,,,,,,,,,,,,,,,,,,,,,,0,0,0,0,0,0,39,39,8,47,1,48,1,49,1,50,0,50,0,50,legacy_planted_id_v0_audited_equivalent_to_query_payload_v1
runs\lightning_mag_full\jigsaw-mag-gcp-cpux8-meanrrf-s20260608-dark-v2-resume\summary.csv,runs\lightning_mag_full\jigsaw-mag-gcp-cpux8-meanrrf-s20260608-dark-v2-resume\results\prod_mag_rgcn_seed7202_s20260608_q50_types_all_sizes20_50_100_mean_rrf_component_b20_50_100_200_500_1000_per_query.csv,mag,mag,20260608,mag_rgcn_best,k_hop,20,coarse_mean_rrf,mean_rrf_component,type_rel_feat32,50,50,50,0,50,0,0,0,0,49,0,2.033047565380011,1.0336577890002445,6.146978702349861,53712.58,379662.09999999974,166.86,7191.909501766209,680647.35790318,10.02,0.06170731707317073,0.2769284464406415,1411.5,1945.6,1981.87,22.341813861798503,816.4023574308923,10.039742317079858,0,0,0,21,8,8,5,6,2,0,,,,,,,,,,,,,,,,,,,,,,,,,,,,,,,,,,,,,,,,,,,,,,,,,,,,,,,,,,,,,,,,,,,,,,,,,,,,,,,,,,,,,,,,,,,,,,,,,,,,,,,,,,,,,,,,,,,,,,0,0,0,0,0,0,21,21,8,29,8,37,5,42,6,48,2,50,0,50,legacy_planted_id_v0_audited_equivalent_to_query_payload_v1
runs\lightning_mag_full\jigsaw-mag-gcp-cpux8-meanrrf-s20260608-dark-v2-resume\summary.csv,runs\lightning_mag_full\jigsaw-mag-gcp-cpux8-meanrrf-s20260608-dark-v2-resume\results\prod_mag_rgcn_seed7202_s20260608_q50_types_all_sizes20_50_100_mean_rrf_component_b20_50_100_200_500_1000_per_query.csv,mag,mag,20260608,mag_rgcn_best,k_hop,50,coarse_mean_rrf,mean_rrf_component,type_rel_feat32,50,47,50,0,47,0,0,0,1,44,1,3.8554837462000022,3.5872913055000026,9.534708603649875,146793.74,500465.44999999995,535.58,1245.0753629877051,182401.1605316557,27.2,0.09857324840764332,0.22896883966675402,1702.0,1976.25,1995.0,37.105846363057275,1140.1839206878994,87.67714498089106,0,0,0,17,3,5,10,11,1,0,,,,,,,,,,,,,,,,,,,,,,,,,,,,,,,,,,,,,,,,,,,,,,,,,,,,,,,,,,,,,,,,,,,,,,,,,,,,,,,,,,,,,,,,,,,,,,,,,,,,,,,,,,,,,,,,,,,,,,0,0,0,0,0,0,17,17,3,20,5,25,10,35,11,46,1,47,0,47,legacy_planted_id_v0_audited_equivalent_to_query_payload_v1
runs\lightning_mag_full\jigsaw-mag-gcp-cpux8-meanrrf-s20260608-dark-v2-resume\summary.csv,runs\lightning_mag_full\jigsaw-mag-gcp-cpux8-meanrrf-s20260608-dark-v2-resume\results\prod_mag_rgcn_seed7202_s20260608_q50_types_all_sizes20_50_100_mean_rrf_component_b20_50_100_200_500_1000_per_query.csv,mag,mag,20260608,mag_rgcn_best,k_hop,100,coarse_mean_rrf,mean_rrf_component,type_rel_feat32,50,46,50,0,46,0,0,0,1,47,1,4.789291026260016,3.8979147800000646,12.679917554901383,171537.46,611290.0999999999,906.16,823.0780704343154,98843.16871547153,53.88,0.13172832369942197,0.21164944684314016,1860.5,1985.65,1992.0,27.134158618405756,1262.9039269306272,121.28423094799015,0,0,0,12,5,8,5,11,5,0,,,,,,,,,,,,,,,,,,,,,,,,,,,,,,,,,,,,,,,,,,,,,,,,,,,,,,,,,,,,,,,,,,,,,,,,,,,,,,,,,,,,,,,,,,,,,,,,,,,,,,,,,,,,,,,,,,,,,,0,0,0,0,0,0,12,12,5,17,8,25,5,30,11,41,5,46,0,46,legacy_planted_id_v0_audited_equivalent_to_query_payload_v1
runs\lightning_mag_full\jigsaw-mag-gcp-cpux8-meanrrf-s20260608-dark-v2-resume\summary.csv,runs\lightning_mag_full\jigsaw-mag-gcp-cpux8-meanrrf-s20260608-dark-v2-resume\results\prod_mag_rgcn_seed7202_s20260608_q50_types_all_sizes20_50_100_mean_rrf_component_b20_50_100_200_500_1000_per_query.csv,mag,mag,20260608,mag_rgcn_best,degree_k_hop,20,coarse_mean_rrf,mean_rrf_component,type_rel_feat32,50,47,50,0,47,0,0,0,0,46,0,2.582040948180038,1.099077866500238,8.991367767649693,79806.34,487775.74999999994,150.82,9062.2108390894,862504.7425967631,10.68,0.0589645390070922,0.3225212215356145,1239.0,1921.5499999999997,1981.85,21.50581121280774,905.7157572978831,9.90160021276858,0,0,0,14,14,6,6,3,4,0,,,,,,,,,,,,,,,,,,,,,,,,,,,,,,,,,,,,,,,,,,,,,,,,,,,,,,,,,,,,,,,,,,,,,,,,,,,,,,,,,,,,,,,,,,,,,,,,,,,,,,,,,,,,,,,,,,,,,,0,0,0,0,0,0,14,14,14,28,6,34,6,40,3,43,4,47,0,47,legacy_planted_id_v0_audited_equivalent_to_query_payload_v1
runs\lightning_mag_full\jigsaw-mag-gcp-cpux8-meanrrf-s20260608-dark-v2-resume\summary.csv,runs\lightning_mag_full\jigsaw-mag-gcp-cpux8-meanrrf-s20260608-dark-v2-resume\results\prod_mag_rgcn_seed7202_s20260608_q50_types_all_sizes20_50_100_mean_rrf_component_b20_50_100_200_500_1000_per_query.csv,mag,mag,20260608,mag_rgcn_best,degree_k_hop,50,coarse_mean_rrf,mean_rrf_component,type_rel_feat32,50,47,50,0,47,0,0,0,0,46,0,3.7091378570199733,2.98950366400004,10.115796993799833,114337.64,466417.6999999997,384.84,2644.789490099237,183044.1747510398,27.1,0.10886503067484664,0.2806268494924294,1683.0,1969.25,1994.51,24.055516957082965,1114.7169679447813,23.05538083435141,0,0,0,13,6,7,8,11,2,0,,,,,,,,,,,,,,,,,,,,,,,,,,,,,,,,,,,,,,,,,,,,,,,,,,,,,,,,,,,,,,,,,,,,,,,,,,,,,,,,,,,,,,,,,,,,,,,,,,,,,,,,,,,,,,,,,,,,,,0,0,0,0,0,0,13,13,6,19,7,26,8,34,11,45,2,47,0,47,legacy_planted_id_v0_audited_equivalent_to_query_payload_v1
runs\lightning_mag_full\jigsaw-mag-gcp-cpux8-meanrrf-s20260608-dark-v2-resume\summary.csv,runs\lightning_mag_full\jigsaw-mag-gcp-cpux8-meanrrf-s20260608-dark-v2-resume\results\prod_mag_rgcn_seed7202_s20260608_q50_types_all_sizes20_50_100_mean_rrf_component_b20_50_100_200_500_1000_per_query.csv,mag,mag,20260608,mag_rgcn_best,degree_k_hop,100,coarse_mean_rrf,mean_rrf_component,type_rel_feat32,50,44,50,0,44,0,0,0,1,44,1,5.37536852050016,4.126720917000512,11.531574923000198,188742.18,640451.35,932.06,858.8935505863519,103191.29435659821,52.28,0.1325054347826087,0.25217036415384064,1827.0,1980.75,1999.02,27.74152564139691,1319.9446313913284,140.7533361358891,0,0,0,11,5,7,6,8,7,0,,,,,,,,,,,,,,,,,,,,,,,,,,,,,,,,,,,,,,,,,,,,,,,,,,,,,,,,,,,,,,,,,,,,,,,,,,,,,,,,,,,,,,,,,,,,,,,,,,,,,,,,,,,,,,,,,,,,,,0,0,0,0,0,0,11,11,5,16,7,23,6,29,8,37,7,44,0,44,legacy_planted_id_v0_audited_equivalent_to_query_payload_v1
runs\lightning_mag_full\jigsaw-mag-gcp-cpux8-meanrrf-s20260608-dark-v2-resume\summary.csv,runs\lightning_mag_full\jigsaw-mag-gcp-cpux8-meanrrf-s20260608-dark-v2-resume\results\prod_mag_rgcn_seed7202_s20260608_q50_types_all_sizes20_50_100_mean_rrf_component_b20_50_100_200_500_1000_per_query.csv,mag,mag,20260608,mag_rgcn_best,random_walk,20,coarse_mean_rrf,mean_rrf_component,type_rel_feat32,50,41,50,0,41,0,0,0,0,32,0,6.602573849079908,6.183692112999324,11.840604647149917,126478.28,397063.69999999995,438.08,5225.42156950142,837360.1913595247,12.12,0.04472645739910314,0.35473430149966684,1311.0,1915.85,1948.06,21.503600367638516,1457.5640059058014,22.83371810314662,0,0,0,3,2,8,8,14,6,0,,,,,,,,,,,,,,,,,,,,,,,,,,,,,,,,,,,,,,,,,,,,,,,,,,,,,,,,,,,,,,,,,,,,,,,,,,,,,,,,,,,,,,,,,,,,,,,,,,,,,,,,,,,,,,,,,,,,,,0,0,0,0,0,0,3,3,2,5,8,13,8,21,14,35,6,41,0,41,legacy_planted_id_v0_audited_equivalent_to_query_payload_v1
runs\lightning_mag_full\jigsaw-mag-gcp-cpux8-meanrrf-s20260608-dark-v2-resume\summary.csv,runs\lightning_mag_full\jigsaw-mag-gcp-cpux8-meanrrf-s20260608-dark-v2-resume\results\prod_mag_rgcn_seed7202_s20260608_q50_types_all_sizes20_50_100_mean_rrf_component_b20_50_100_200_500_1000_per_query.csv,mag,mag,20260608,mag_rgcn_best,random_walk,50,coarse_mean_rrf,mean_rrf_component,type_rel_feat32,50,30,50,0,30,0,0,0,0,23,0,10.748721979659992,12.274012193500198,13.982901403949644,188716.28,438210.05,344.4,1548.3609192795693,220660.43869060642,28.56,0.07147619047619048,0.35342090315503233,1765.0,1984.1,1993.04,27.48257567033108,1959.027472945054,9.602926260073142,0,0,0,1,0,4,2,6,17,0,,,,,,,,,,,,,,,,,,,,,,,,,,,,,,,,,,,,,,,,,,,,,,,,,,,,,,,,,,,,,,,,,,,,,,,,,,,,,,,,,,,,,,,,,,,,,,,,,,,,,,,,,,,,,,,,,,,,,,0,0,0,0,0,0,1,1,0,1,4,5,2,7,6,13,17,30,0,30,legacy_planted_id_v0_audited_equivalent_to_query_payload_v1
runs\lightning_mag_full\jigsaw-mag-gcp-cpux8-meanrrf-s20260608-dark-v2-resume\summary.csv,runs\lightning_mag_full\jigsaw-mag-gcp-cpux8-meanrrf-s20260608-dark-v2-resume\results\prod_mag_rgcn_seed7202_s20260608_q50_types_all_sizes20_50_100_mean_rrf_component_b20_50_100_200_500_1000_per_query.csv,mag,mag,20260608,mag_rgcn_best,random_walk,100,coarse_mean_rrf,mean_rrf_component,type_rel_feat32,50,12,50,0,12,0,0,0,0,8,0,12.187533136519852,12.631241318499633,14.367003926400592,353366.98,487005.4,1493.56,299.8310379180513,79651.15070440609,56.66,0.08586287625418061,0.2994224109004789,1933.5,1995.1,1999.51,28.285953872809507,1980.9615925217147,57.087426963210305,0,0,0,0,0,0,0,1,11,0,,,,,,,,,,,,,,,,,,,,,,,,,,,,,,,,,,,,,,,,,,,,,,,,,,,,,,,,,,,,,,,,,,,,,,,,,,,,,,,,,,,,,,,,,,,,,,,,,,,,,,,,,,,,,,,,,,,,,,0,0,0,0,0,0,0,0,0,0,0,0,0,0,1,1,11,12,0,12,legacy_planted_id_v0_audited_equivalent_to_query_payload_v1
corrected_connected_rerun::prod_mag_seed7202_s20260608_q50_types_multi_fine_multi_coarse_sizes20_50_100_mean_rrf_component_b20_50_100_200_500_1000_per_query.csv,C:\Users\Swastik\Desktop\Jigsaw\runs\lcr_mag_v3\results\prod_mag_seed7202_s20260608_q50_types_multi_fine_multi_coarse_sizes20_50_100_mean_rrf_component_b20_50_100_200_500_1000_per_query.csv,mag,mag,20260608,mag_rgcn_best,multi_coarse,20,coarse_mean_rrf,mean_rrf_component,type_rel_feat32,50,37,50,0,37,0,0,0,0,31,0,7.9090307174798,8.730109997,12.03971691009974,216332.46,445670.79999999993,234.02,774.6040261813145,1199850.7769900123,4.4,0.0171,0.4307692307692308,891.0,1782.0,1855.48,20.262557942274164,1512.9231736307631,8.044272038429112,0,0,0,1,2,1,6,12,15,0,,,,,,,,,,,,,,,,,,,,,,,,,,,,,,,,,,,,,,,,,,,,,,,,,,,,,,,,,,,,,,,,,,,,,,,,,,,,,,,,,,,,,,,,,,,,,,,,,,,,,,,,,,,,,,,,,,,,,,0,0,0,0,0,0,1,1,2,3,1,4,6,10,12,22,15,37,0,37,legacy_planted_id_v0_audited_equivalent_to_query_payload_v1
corrected_connected_rerun::prod_mag_seed7202_s20260608_q50_types_multi_fine_multi_coarse_sizes20_50_100_mean_rrf_component_b20_50_100_200_500_1000_per_query.csv,C:\Users\Swastik\Desktop\Jigsaw\runs\lcr_mag_v3\results\prod_mag_seed7202_s20260608_q50_types_multi_fine_multi_coarse_sizes20_50_100_mean_rrf_component_b20_50_100_200_500_1000_per_query.csv,mag,mag,20260608,mag_rgcn_best,multi_coarse,50,coarse_mean_rrf,mean_rrf_component,type_rel_feat32,50,28,50,0,28,0,0,0,0,28,0,8.908061184219841,9.356960942999649,12.763830003551174,335873.24,545713.5,125.8,967.7758645203803,393706.6525985968,4.28,0.017771739130434783,0.4464975845410628,996.0,1938.75,1960.63,24.84730371029202,1609.1167570398218,4.662443000004556,0,0,0,1,1,0,3,9,14,0,,,,,,,,,,,,,,,,,,,,,,,,,,,,,,,,,,,,,,,,,,,,,,,,,,,,,,,,,,,,,,,,,,,,,,,,,,,,,,,,,,,,,,,,,,,,,,,,,,,,,,,,,,,,,,,,,,,,,,0,0,0,0,0,0,1,1,1,2,0,2,3,5,9,14,14,28,0,28,legacy_planted_id_v0_audited_equivalent_to_query_payload_v1
corrected_connected_rerun::prod_mag_seed7202_s20260608_q50_types_multi_fine_multi_coarse_sizes20_50_100_mean_rrf_component_b20_50_100_200_500_1000_per_query.csv,C:\Users\Swastik\Desktop\Jigsaw\runs\lcr_mag_v3\results\prod_mag_seed7202_s20260608_q50_types_multi_fine_multi_coarse_sizes20_50_100_mean_rrf_component_b20_50_100_200_500_1000_per_query.csv,mag,mag,20260608,mag_rgcn_best,multi_coarse,100,coarse_mean_rrf,mean_rrf_component,type_rel_feat32,50,35,50,0,35,0,0,0,0,32,0,9.820848068240156,9.881413458499992,13.368116105802528,387752.94,585437.8999999999,277.76,222.52609637489306,156274.14471809572,4.4,0.01707857142857143,0.4660714285714286,843.5,1774.5999999999995,1942.6999999999998,26.363391232007416,1744.2853226642846,9.43754666431492,0,0,0,0,1,1,0,13,20,0,,,,,,,,,,,,,,,,,,,,,,,,,,,,,,,,,,,,,,,,,,,,,,,,,,,,,,,,,,,,,,,,,,,,,,,,,,,,,,,,,,,,,,,,,,,,,,,,,,,,,,,,,,,,,,,,,,,,,,0,0,0,0,0,0,0,0,1,1,1,2,0,2,13,15,20,35,0,35,legacy_planted_id_v0_audited_equivalent_to_query_payload_v1
/workspace/jigsaw_pkg/runs/noid_negative_mag_v3/results/prod_mag_pv1_s20260608_neg_mean_rrf_component_b20_50_100_200_500_1000_per_query.csv,/workspace/jigsaw_pkg/runs/noid_negative_mag_v3/results/prod_mag_pv1_s20260608_neg_mean_rrf_component_b20_50_100_200_500_1000_per_query.csv,mag,mag,20260608,mag_walkaware_best,negative_label,20,coarse_mean_rrf,mean_rrf_component,type_rel_feat32,50,0,0,50,0,0,50,0,0,5,0,4.455733087040135,4.243414681500326,6.42200264725252,201727.1,512407.89999999997,0.0,6298.475296066601,767333.8109041388,11.08,0.03256999999999994,0.42655926589750126,1573.5,1976.65,1992.5900000000001,21.702237780082214,742.6221811733558,0.0,0,0,0,0,0,0,0,0,0,0,query_payload_v1_negative_rerun_2026-08-01,50,0,,0,1,0,50,0,0.742622181173,0.0217022377801,4.455733087040135,201727.1,,,,,,,,0,,,,,,,,,,,,,,,,,,,,,,,,,,,,,,,,,,,,,,,,,,,,,,,,,,,,,,,,,,,,,,,,,,,,,,,,,,,,,,,,,,,,,,,,,,,,,,,0.1,0,0,0,0,0,0,0,0,0,0,0,0,0,0,0,0,0,0,0,0,0,query_payload_v1
/workspace/jigsaw_pkg/runs/noid_negative_mag_v3/results/prod_mag_pv1_s20260608_neg_mean_rrf_component_b20_50_100_200_500_1000_per_query.csv,/workspace/jigsaw_pkg/runs/noid_negative_mag_v3/results/prod_mag_pv1_s20260608_neg_mean_rrf_component_b20_50_100_200_500_1000_per_query.csv,mag,mag,20260608,mag_walkaware_best,negative_label,50,coarse_mean_rrf,mean_rrf_component,type_rel_feat32,50,0,0,50,0,0,50,0,0,9,0,4.64393442579978,4.577571341998919,6.134148099649609,314695.68,579828.15,0.0,1320.0487516379042,251304.2143384395,27.94,0.05443999999999993,0.36431879844700205,1783.0,1986.9,1997.0,25.20742631975736,773.98907096663,0.0,0,0,0,0,0,0,0,0,0,0,query_payload_v1_negative_rerun_2026-08-01,50,0,,0,1,0,50,0,0.773989070967,0.0252074263198,4.64393442579978,314695.68,,,,,,,,0,,,,,,,,,,,,,,,,,,,,,,,,,,,,,,,,,,,,,,,,,,,,,,,,,,,,,,,,,,,,,,,,,,,,,,,,,,,,,,,,,,,,,,,,,,,,,,,0.18,0,0,0,0,0,0,0,0,0,0,0,0,0,0,0,0,0,0,0,0,0,query_payload_v1
/workspace/jigsaw_pkg/runs/noid_negative_mag_v3/results/prod_mag_pv1_s20260608_neg_mean_rrf_component_b20_50_100_200_500_1000_per_query.csv,/workspace/jigsaw_pkg/runs/noid_negative_mag_v3/results/prod_mag_pv1_s20260608_neg_mean_rrf_component_b20_50_100_200_500_1000_per_query.csv,mag,mag,20260608,mag_walkaware_best,negative_label,100,coarse_mean_rrf,mean_rrf_component,type_rel_feat32,50,0,0,50,0,0,50,0,0,6,0,4.691292881339723,4.656718499998533,5.194065518350362,287448.64,620644.0,0.0,751.3448191123247,212560.59098684046,52.76,0.11109333333333335,0.3774366465019591,1878.5,1996.55,1998.51,30.653791059921787,781.8821468899539,0.0,0,0,0,0,0,0,0,0,0,0,query_payload_v1_negative_rerun_2026-08-01,50,0,,0,1,0,50,0,0.78188214689,0.0306537910599,4.691292881339723,287448.64,,,,,,,,0,,,,,,,,,,,,,,,,,,,,,,,,,,,,,,,,,,,,,,,,,,,,,,,,,,,,,,,,,,,,,,,,,,,,,,,,,,,,,,,,,,,,,,,,,,,,,,,0.12,0,0,0,0,0,0,0,0,0,0,0,0,0,0,0,0,0,0,0,0,0,query_payload_v1
/workspace/jigsaw_pkg/runs/noid_negative_mag_v3/results/prod_mag_pv1_s20260608_neg_mean_rrf_component_b20_50_100_200_500_1000_per_query.csv,/workspace/jigsaw_pkg/runs/noid_negative_mag_v3/results/prod_mag_pv1_s20260608_neg_mean_rrf_component_b20_50_100_200_500_1000_per_query.csv,mag,mag,20260608,mag_walkaware_best,negative_structure,20,coarse_mean_rrf,mean_rrf_component,type_rel_feat32,50,0,0,50,0,0,49,1,1,48,1,4.439449806980155,4.222781822999423,5.122435481149658,191133.94,560197.3999999999,601.56,6045.902376641481,585785.734556249,11.0,0.04690540540540534,0.5365407680665034,1316.5,1898.95,1944.6399999999999,21.400278878384082,691.8075849020526,58.09947708783855,0,0,0,0,0,0,0,0,0,0,query_payload_v1_negative_rerun_2026-08-01,50,0,,0,0.98,0,50,0.0580994770878,0.691807584902,0.0214002788784,4.439449806980155,191133.94,,,,,,,,1,,,,,,,,,,,,,,,,,,,,,,,,,,,,,,,,,,,,,,,,,,,,,,,,,,,,,,,,,,,,,,,,,,,,,,,,,,,,,,,,,,,,,,,,,,,,,,,0.96,0.02,0,0,0,0,0,0,0,0,0,0,0,0,0,0,0,0,0,0,0,0,query_payload_v1
/workspace/jigsaw_pkg/runs/noid_negative_mag_v3/results/prod_mag_pv1_s20260608_neg_mean_rrf_component_b20_50_100_200_500_1000_per_query.csv,/workspace/jigsaw_pkg/runs/noid_negative_mag_v3/results/prod_mag_pv1_s20260608_neg_mean_rrf_component_b20_50_100_200_500_1000_per_query.csv,mag,mag,20260608,mag_walkaware_best,negative_structure,50,coarse_mean_rrf,mean_rrf_component,type_rel_feat32,50,0,0,50,0,0,50,0,0,44,0,4.949862425780557,4.829411011000957,6.892393209247075,231139.88,618219.6499999999,684.08,4492.3252206414045,169856.82754587973,27.16,0.09196666666666665,0.4784110180902952,1639.5,1978.7999999999997,1994.5500000000002,24.9513857599959,780.2854538733966,44.69161709002947,0,0,0,0,0,0,0,0,0,0,query_payload_v1_negative_rerun_2026-08-01,50,0,,0,1,0,50,0.04469161709,0.780285453873,0.02495138576,4.949862425780557,231139.88,,,,,,,,0,,,,,,,,,,,,,,,,,,,,,,,,,,,,,,,,,,,,,,,,,,,,,,,,,,,,,,,,,,,,,,,,,,,,,,,,,,,,,,,,,,,,,,,,,,,,,,,0.88,0,0,0,0,0,0,0,0,0,0,0,0,0,0,0,0,0,0,0,0,0,query_payload_v1
/workspace/jigsaw_pkg/runs/noid_negative_mag_v3/results/prod_mag_pv1_s20260608_neg_mean_rrf_component_b20_50_100_200_500_1000_per_query.csv,/workspace/jigsaw_pkg/runs/noid_negative_mag_v3/results/prod_mag_pv1_s20260608_neg_mean_rrf_component_b20_50_100_200_500_1000_per_query.csv,mag,mag,20260608,mag_walkaware_best,negative_structure,100,coarse_mean_rrf,mean_rrf_component,type_rel_feat32,50,0,0,50,0,0,50,0,0,45,0,4.7869148293599935,4.6133620464979685,6.151496251900426,332641.94,681878.9999999999,696.86,1135.4614380912813,113365.82437077157,47.4,0.12041333333333329,0.4126769707550193,1839.5,1984.05,1993.0,29.968338059916277,760.7720541532884,37.04708407337724,0,0,0,0,0,0,0,0,0,0,query_payload_v1_negative_rerun_2026-08-01,50,0,,0,1,0,50,0.0370470840734,0.760772054153,0.0299683380599,4.7869148293599935,332641.94,,,,,,,,0,,,,,,,,,,,,,,,,,,,,,,,,,,,,,,,,,,,,,,,,,,,,,,,,,,,,,,,,,,,,,,,,,,,,,,,,,,,,,,,,,,,,,,,,,,,,,,,0.9,0,0,0,0,0,0,0,0,0,0,0,0,0,0,0,0,0,0,0,0,0,query_payload_v1
runs\lightning_mag_full\jigsaw-mag-gcp-cpux8-topo-s20260608-dark-v1\summary.csv,runs\lightning_mag_full\jigsaw-mag-gcp-cpux8-topo-s20260608-dark-v1\results\prod_mag_rgcn_seed7202_s20260608_q50_types_all_sizes20_50_100_topo_feature_component_b20_50_100_200_500_1000_per_query.csv,mag,mag,20260608,mag,single,20,topo_feature,topo_feature_component,type_rel_feat32,50,29,50,0,29,0,0,0,0,26,0,7.298464592540001,8.067573574500045,8.497336607499868,185921.7,403008.1,38.58,4516.821025390326,3604192.614511056,1.0,0.00010839160839160839,0.07692307692307693,1039.0,1859.4499999999998,1954.58,0.7292556853327413,1274.6791087727265,1.2762395734276888,0,0,0,0,0,1,0,11,17,0,,,,,,,,,,,,,,,,,,,,,,,,,,,,,,,,,,,,,,,,,,,,,,,,,,,,,,,,,,,,,,,,,,,,,,,,,,,,,,,,,,,,,,,,,,,,,,,,,,,,,,,,,,,,,,,,,,,,,,0,0,0,0,0,0,0,0,0,0,1,1,0,1,11,12,17,29,0,29,legacy_planted_id_v0_audited_equivalent_to_query_payload_v1
runs\lightning_mag_full\jigsaw-mag-gcp-cpux8-topo-s20260608-dark-v1\summary.csv,runs\lightning_mag_full\jigsaw-mag-gcp-cpux8-topo-s20260608-dark-v1\results\prod_mag_rgcn_seed7202_s20260608_q50_types_all_sizes20_50_100_topo_feature_component_b20_50_100_200_500_1000_per_query.csv,mag,mag,20260608,mag,single,50,topo_feature,topo_feature_component,type_rel_feat32,50,23,50,0,23,0,0,0,0,23,0,6.479245345459986,7.765595306499563,8.05813051869868,189215.06,435252.94999999984,80.36,1080.0335446638303,4855573.966803416,1.0,0.0005092936802973978,0.08178438661710037,1126.0,1896.4499999999998,1940.02,0.7181934982337363,1201.9955450557595,2.3251511263940223,0,0,0,1,2,0,5,8,7,0,,,,,,,,,,,,,,,,,,,,,,,,,,,,,,,,,,,,,,,,,,,,,,,,,,,,,,,,,,,,,,,,,,,,,,,,,,,,,,,,,,,,,,,,,,,,,,,,,,,,,,,,,,,,,,,,,,,,,,0,0,0,0,0,0,1,1,2,3,0,3,5,8,8,16,7,23,0,23,legacy_planted_id_v0_audited_equivalent_to_query_payload_v1
runs\lightning_mag_full\jigsaw-mag-gcp-cpux8-topo-s20260608-dark-v1\summary.csv,runs\lightning_mag_full\jigsaw-mag-gcp-cpux8-topo-s20260608-dark-v1\results\prod_mag_rgcn_seed7202_s20260608_q50_types_all_sizes20_50_100_topo_feature_component_b20_50_100_200_500_1000_per_query.csv,mag,mag,20260608,mag,single,100,topo_feature,topo_feature_component,type_rel_feat32,50,24,50,0,24,0,0,0,0,24,0,7.352104612820003,8.159887481999249,9.354498956849056,270735.12,538247.8999999999,103.88,500.59734024348626,2202962.354704753,1.0,0.0003260869565217391,0.08695652173913043,1062.5,1938.35,1983.71,0.842138623244429,1328.3848740108913,3.518135557949764,0,0,0,0,2,2,0,10,10,0,,,,,,,,,,,,,,,,,,,,,,,,,,,,,,,,,,,,,,,,,,,,,,,,,,,,,,,,,,,,,,,,,,,,,,,,,,,,,,,,,,,,,,,,,,,,,,,,,,,,,,,,,,,,,,,,,,,,,,0,0,0,0,0,0,0,0,2,2,2,4,0,4,10,14,10,24,0,24,legacy_planted_id_v0_audited_equivalent_to_query_payload_v1
corrected_connected_rerun::prod_mag_seed7202_s20260608_q50_types_multi_fine_multi_coarse_sizes20_50_100_topo_feature_component_b20_50_100_200_500_1000_per_query.csv,C:\Users\Swastik\Desktop\Jigsaw\runs\lcr_mag_v3\results\prod_mag_seed7202_s20260608_q50_types_multi_fine_multi_coarse_sizes20_50_100_topo_feature_component_b20_50_100_200_500_1000_per_query.csv,mag,mag,20260608,mag,multi_fine,20,topo_feature,topo_feature_component,type_rel_feat32,50,23,50,0,23,0,0,0,0,22,0,7.303474364019603,8.057339615503224,8.248608364200482,166370.22,404869.85,44.32,2413.4131900273796,6353194.775333275,1.0,0.00024381625441696116,0.07420494699646643,1214.5,1896.9499999999998,1941.0699999999997,0.6634529822434743,1289.032963321475,1.3335320883488233,0,0,0,0,1,2,2,3,15,0,,,,,,,,,,,,,,,,,,,,,,,,,,,,,,,,,,,,,,,,,,,,,,,,,,,,,,,,,,,,,,,,,,,,,,,,,,,,,,,,,,,,,,,,,,,,,,,,,,,,,,,,,,,,,,,,,,,,,,0,0,0,0,0,0,0,0,1,1,2,3,2,5,3,8,15,23,0,23,legacy_planted_id_v0_audited_equivalent_to_query_payload_v1
corrected_connected_rerun::prod_mag_seed7202_s20260608_q50_types_multi_fine_multi_coarse_sizes20_50_100_topo_feature_component_b20_50_100_200_500_1000_per_query.csv,C:\Users\Swastik\Desktop\Jigsaw\runs\lcr_mag_v3\results\prod_mag_seed7202_s20260608_q50_types_multi_fine_multi_coarse_sizes20_50_100_topo_feature_component_b20_50_100_200_500_1000_per_query.csv,mag,mag,20260608,mag,multi_fine,50,topo_feature,topo_feature_component,type_rel_feat32,50,26,50,0,26,0,0,0,0,26,0,6.703328887500102,8.162005064999903,8.42170940240012,245104.4,484601.8999999999,78.34,1800.379074540156,2909848.2081364533,1.0,0.0004981412639405205,0.09665427509293681,994.0,1859.5,1949.6799999999998,0.6479129369160096,1243.4162317323648,2.5556804423753197,0,0,0,1,1,2,3,10,9,0,,,,,,,,,,,,,,,,,,,,,,,,,,,,,,,,,,,,,,,,,,,,,,,,,,,,,,,,,,,,,,,,,,,,,,,,,,,,,,,,,,,,,,,,,,,,,,,,,,,,,,,,,,,,,,,,,,,,,,0,0,0,0,0,0,1,1,1,2,2,4,3,7,10,17,9,26,0,26,legacy_planted_id_v0_audited_equivalent_to_query_payload_v1
corrected_connected_rerun::prod_mag_seed7202_s20260608_q50_types_multi_fine_multi_coarse_sizes20_50_100_topo_feature_component_b20_50_100_200_500_1000_per_query.csv,C:\Users\Swastik\Desktop\Jigsaw\runs\lcr_mag_v3\results\prod_mag_seed7202_s20260608_q50_types_multi_fine_multi_coarse_sizes20_50_100_topo_feature_component_b20_50_100_200_500_1000_per_query.csv,mag,mag,20260608,mag,multi_fine,100,topo_feature,topo_feature_component,type_rel_feat32,50,26,50,0,26,0,0,0,0,26,0,7.027031411240095,8.150894233500367,9.841240813003242,324778.6,526785.1499999999,108.36,279.77293361444305,3108623.6554838615,1.0,0.00032967032967032967,0.09523809523809523,967.0,1828.8999999999999,1945.62,0.6574694172887732,1283.7588322637691,3.2432577069442603,0,0,0,0,1,3,2,10,10,0,,,,,,,,,,,,,,,,,,,,,,,,,,,,,,,,,,,,,,,,,,,,,,,,,,,,,,,,,,,,,,,,,,,,,,,,,,,,,,,,,,,,,,,,,,,,,,,,,,,,,,,,,,,,,,,,,,,,,,0,0,0,0,0,0,0,0,1,1,3,4,2,6,10,16,10,26,0,26,legacy_planted_id_v0_audited_equivalent_to_query_payload_v1
runs\lightning_mag_full\jigsaw-mag-gcp-cpux8-topo-s20260608-dark-v1\summary.csv,runs\lightning_mag_full\jigsaw-mag-gcp-cpux8-topo-s20260608-dark-v1\results\prod_mag_rgcn_seed7202_s20260608_q50_types_all_sizes20_50_100_topo_feature_component_b20_50_100_200_500_1000_per_query.csv,mag,mag,20260608,mag,k_hop,20,topo_feature,topo_feature_component,type_rel_feat32,50,30,50,0,30,0,0,0,0,28,0,7.061540065559911,8.105866034500195,9.451383798499933,115515.46,354617.19999999995,64.32,8238.341555017827,2939413.0259826127,10.02,0.0032382671480144405,0.07963493586237268,1854.0,1987.85,1993.5300000000002,0.7840044981872412,1272.7034053068483,1.942815913352393,0,0,0,0,0,1,5,10,14,0,,,,,,,,,,,,,,,,,,,,,,,,,,,,,,,,,,,,,,,,,,,,,,,,,,,,,,,,,,,,,,,,,,,,,,,,,,,,,,,,,,,,,,,,,,,,,,,,,,,,,,,,,,,,,,,,,,,,,,0,0,0,0,0,0,0,0,0,0,1,1,5,6,10,16,14,30,0,30,legacy_planted_id_v0_audited_equivalent_to_query_payload_v1
runs\lightning_mag_full\jigsaw-mag-gcp-cpux8-topo-s20260608-dark-v1\summary.csv,runs\lightning_mag_full\jigsaw-mag-gcp-cpux8-topo-s20260608-dark-v1\results\prod_mag_rgcn_seed7202_s20260608_q50_types_all_sizes20_50_100_topo_feature_component_b20_50_100_200_500_1000_per_query.csv,mag,mag,20260608,mag,k_hop,50,topo_feature,topo_feature_component,type_rel_feat32,50,24,50,0,24,0,0,0,0,19,0,8.84717854122002,9.442128071999832,11.582620041650717,216975.78,426220.25,190.66,1225.2366586878934,1618529.588737953,27.2,0.012100694444444443,0.11077608742734965,1948.0,1997.0,1998.51,0.8694234306163808,1531.5611018472293,4.407394892357136,0,0,0,0,0,2,2,2,18,0,,,,,,,,,,,,,,,,,,,,,,,,,,,,,,,,,,,,,,,,,,,,,,,,,,,,,,,,,,,,,,,,,,,,,,,,,,,,,,,,,,,,,,,,,,,,,,,,,,,,,,,,,,,,,,,,,,,,,,0,0,0,0,0,0,0,0,0,0,2,2,2,4,2,6,18,24,0,24,legacy_planted_id_v0_audited_equivalent_to_query_payload_v1
runs\lightning_mag_full\jigsaw-mag-gcp-cpux8-topo-s20260608-dark-v1\summary.csv,runs\lightning_mag_full\jigsaw-mag-gcp-cpux8-topo-s20260608-dark-v1\results\prod_mag_rgcn_seed7202_s20260608_q50_types_all_sizes20_50_100_topo_feature_component_b20_50_100_200_500_1000_per_query.csv,mag,mag,20260608,mag,k_hop,100,topo_feature,topo_feature_component,type_rel_feat32,50,10,50,0,10,0,0,0,0,8,0,8.244268584759958,8.211567809499684,8.635876186101449,276595.48,450846.9,150.76,1002.2516615947787,879928.2737721541,53.88,0.026632107023411372,0.14266543742665622,1968.5,1998.5500000000002,2000.0,0.7468693912782949,1375.0746609632224,3.5655706019877527,0,0,0,0,0,0,0,1,9,0,,,,,,,,,,,,,,,,,,,,,,,,,,,,,,,,,,,,,,,,,,,,,,,,,,,,,,,,,,,,,,,,,,,,,,,,,,,,,,,,,,,,,,,,,,,,,,,,,,,,,,,,,,,,,,,,,,,,,,0,0,0,0,0,0,0,0,0,0,0,0,0,0,1,1,9,10,0,10,legacy_planted_id_v0_audited_equivalent_to_query_payload_v1
runs\lightning_mag_full\jigsaw-mag-gcp-cpux8-topo-s20260608-dark-v1\summary.csv,runs\lightning_mag_full\jigsaw-mag-gcp-cpux8-topo-s20260608-dark-v1\results\prod_mag_rgcn_seed7202_s20260608_q50_types_all_sizes20_50_100_topo_feature_component_b20_50_100_200_500_1000_per_query.csv,mag,mag,20260608,mag,degree_k_hop,20,topo_feature,topo_feature_component,type_rel_feat32,50,22,50,0,22,0,0,0,0,20,0,7.603279614519933,8.19782318649959,8.790217510999309,154065.04,335665.0,73.64,12246.5699742637,3604386.6153367143,10.68,0.0034027777777777776,0.07961879657651716,1860.0,1983.1,1994.0,0.7625869548617301,1318.4120740069336,1.6017479583325667,0,0,0,0,0,0,1,10,11,0,,,,,,,,,,,,,,,,,,,,,,,,,,,,,,,,,,,,,,,,,,,,,,,,,,,,,,,,,,,,,,,,,,,,,,,,,,,,,,,,,,,,,,,,,,,,,,,,,,,,,,,,,,,,,,,,,,,,,,0,0,0,0,0,0,0,0,0,0,0,0,1,1,10,11,11,22,0,22,legacy_planted_id_v0_audited_equivalent_to_query_payload_v1
runs\lightning_mag_full\jigsaw-mag-gcp-cpux8-topo-s20260608-dark-v1\summary.csv,runs\lightning_mag_full\jigsaw-mag-gcp-cpux8-topo-s20260608-dark-v1\results\prod_mag_rgcn_seed7202_s20260608_q50_types_all_sizes20_50_100_topo_feature_component_b20_50_100_200_500_1000_per_query.csv,mag,mag,20260608,mag,degree_k_hop,50,topo_feature,topo_feature_component,type_rel_feat32,50,18,50,0,18,0,0,0,0,15,0,8.229532059499833,8.386124223500246,9.99673153624899,188608.78,416796.05,128.36,3315.6263383906894,1382605.295830082,27.1,0.012639175257731958,0.11357662596578068,1955.5,1995.55,1997.51,0.804214546099711,1411.2189473917076,2.7899975395353676,0,0,0,0,1,0,0,5,12,0,,,,,,,,,,,,,,,,,,,,,,,,,,,,,,,,,,,,,,,,,,,,,,,,,,,,,,,,,,,,,,,,,,,,,,,,,,,,,,,,,,,,,,,,,,,,,,,,,,,,,,,,,,,,,,,,,,,,,,0,0,0,0,0,0,0,0,1,1,0,1,0,1,5,6,12,18,0,18,legacy_planted_id_v0_audited_equivalent_to_query_payload_v1
runs\lightning_mag_full\jigsaw-mag-gcp-cpux8-topo-s20260608-dark-v1\summary.csv,runs\lightning_mag_full\jigsaw-mag-gcp-cpux8-topo-s20260608-dark-v1\results\prod_mag_rgcn_seed7202_s20260608_q50_types_all_sizes20_50_100_topo_feature_component_b20_50_100_200_500_1000_per_query.csv,mag,mag,20260608,mag,degree_k_hop,100,topo_feature,topo_feature_component,type_rel_feat32,50,16,50,0,16,0,0,0,1,14,1,8.413020291479807,8.476914934499291,9.731717100299281,269304.92,460093.6499999999,432.24,1064.456857929151,580683.7783114546,52.28,0.022517123287671234,0.12827655862538695,1978.5,1997.5500000000002,1998.51,0.7189617536101177,1379.1982456917588,61.387420657523116,0,0,0,0,0,0,2,4,10,0,,,,,,,,,,,,,,,,,,,,,,,,,,,,,,,,,,,,,,,,,,,,,,,,,,,,,,,,,,,,,,,,,,,,,,,,,,,,,,,,,,,,,,,,,,,,,,,,,,,,,,,,,,,,,,,,,,,,,,0,0,0,0,0,0,0,0,0,0,0,0,2,2,4,6,10,16,0,16,legacy_planted_id_v0_audited_equivalent_to_query_payload_v1
runs\lightning_mag_full\jigsaw-mag-gcp-cpux8-topo-s20260608-dark-v1\summary.csv,runs\lightning_mag_full\jigsaw-mag-gcp-cpux8-topo-s20260608-dark-v1\results\prod_mag_rgcn_seed7202_s20260608_q50_types_all_sizes20_50_100_topo_feature_component_b20_50_100_200_500_1000_per_query.csv,mag,mag,20260608,mag,random_walk,20,topo_feature,topo_feature_component,type_rel_feat32,50,14,50,0,14,0,0,0,0,12,0,8.471254107739888,8.45809958399991,9.343486394749903,181005.9,328193.15,69.2,5959.03858457956,3479852.8211565954,12.12,0.005410774410774411,0.11283436639942877,1892.0,1999.0,1999.51,0.8290080538676873,1424.477817878774,1.659237296291198,0,0,0,0,0,0,0,3,11,0,,,,,,,,,,,,,,,,,,,,,,,,,,,,,,,,,,,,,,,,,,,,,,,,,,,,,,,,,,,,,,,,,,,,,,,,,,,,,,,,,,,,,,,,,,,,,,,,,,,,,,,,,,,,,,,,,,,,,,0,0,0,0,0,0,0,0,0,0,0,0,0,0,3,3,11,14,0,14,legacy_planted_id_v0_audited_equivalent_to_query_payload_v1
runs\lightning_mag_full\jigsaw-mag-gcp-cpux8-topo-s20260608-dark-v1\summary.csv,runs\lightning_mag_full\jigsaw-mag-gcp-cpux8-topo-s20260608-dark-v1\results\prod_mag_rgcn_seed7202_s20260608_q50_types_all_sizes20_50_100_topo_feature_component_b20_50_100_200_500_1000_per_query.csv,mag,mag,20260608,mag,random_walk,50,topo_feature,topo_feature_component,type_rel_feat32,50,12,50,0,12,0,0,0,0,11,0,9.088150249539886,8.924678986499202,11.002742783349138,208799.28,416086.55,384.24,1709.7335849378849,1091439.5531415723,28.56,0.012830000000000001,0.12369652360751199,1930.5,1996.55,1998.0,0.9374074999686854,1501.6366663733183,13.055041883329372,0,0,0,0,0,0,0,0,12,0,,,,,,,,,,,,,,,,,,,,,,,,,,,,,,,,,,,,,,,,,,,,,,,,,,,,,,,,,,,,,,,,,,,,,,,,,,,,,,,,,,,,,,,,,,,,,,,,,,,,,,,,,,,,,,,,,,,,,,0,0,0,0,0,0,0,0,0,0,0,0,0,0,0,0,12,12,0,12,legacy_planted_id_v0_audited_equivalent_to_query_payload_v1
runs\lightning_mag_full\jigsaw-mag-gcp-cpux8-topo-s20260608-dark-v1\summary.csv,runs\lightning_mag_full\jigsaw-mag-gcp-cpux8-topo-s20260608-dark-v1\results\prod_mag_rgcn_seed7202_s20260608_q50_types_all_sizes20_50_100_topo_feature_component_b20_50_100_200_500_1000_per_query.csv,mag,mag,20260608,mag,random_walk,100,topo_feature,topo_feature_component,type_rel_feat32,50,2,50,0,2,0,0,0,0,2,0,8.825857079480157,8.712377193500288,10.593650864052321,354106.18,486595.65,198.72,377.5215486508148,262313.3736898189,56.66,0.028226666666666667,0.12398193838276854,1978.5,1998.0,2000.0,0.7676446201730869,1467.5319740666844,3.44420584667508,0,0,0,0,0,0,0,0,2,0,,,,,,,,,,,,,,,,,,,,,,,,,,,,,,,,,,,,,,,,,,,,,,,,,,,,,,,,,,,,,,,,,,,,,,,,,,,,,,,,,,,,,,,,,,,,,,,,,,,,,,,,,,,,,,,,,,,,,,0,0,0,0,0,0,0,0,0,0,0,0,0,0,0,0,2,2,0,2,legacy_planted_id_v0_audited_equivalent_to_query_payload_v1
corrected_connected_rerun::prod_mag_seed7202_s20260608_q50_types_multi_fine_multi_coarse_sizes20_50_100_topo_feature_component_b20_50_100_200_500_1000_per_query.csv,C:\Users\Swastik\Desktop\Jigsaw\runs\lcr_mag_v3\results\prod_mag_seed7202_s20260608_q50_types_multi_fine_multi_coarse_sizes20_50_100_topo_feature_component_b20_50_100_200_500_1000_per_query.csv,mag,mag,20260608,mag,multi_coarse,20,topo_feature,topo_feature_component,type_rel_feat32,50,17,50,0,17,0,0,0,0,14,0,8.185337231200247,8.156659773499996,9.900521830548769,253964.86,422978.6,77.84,907.9319576048491,6766755.434930176,4.4,0.0013859060402684564,0.15000000000000002,1774.0,1995.1,1997.51,0.6512846411468544,1371.5333594664664,1.845370600688896,0,0,0,0,0,0,0,2,15,0,,,,,,,,,,,,,,,,,,,,,,,,,,,,,,,,,,,,,,,,,,,,,,,,,,,,,,,,,,,,,,,,,,,,,,,,,,,,,,,,,,,,,,,,,,,,,,,,,,,,,,,,,,,,,,,,,,,,,,0,0,0,0,0,0,0,0,0,0,0,0,0,0,2,2,15,17,0,17,legacy_planted_id_v0_audited_equivalent_to_query_payload_v1
corrected_connected_rerun::prod_mag_seed7202_s20260608_q50_types_multi_fine_multi_coarse_sizes20_50_100_topo_feature_component_b20_50_100_200_500_1000_per_query.csv,C:\Users\Swastik\Desktop\Jigsaw\runs\lcr_mag_v3\results\prod_mag_seed7202_s20260608_q50_types_multi_fine_multi_coarse_sizes20_50_100_topo_feature_component_b20_50_100_200_500_1000_per_query.csv,mag,mag,20260608,mag,multi_coarse,50,topo_feature,topo_feature_component,type_rel_feat32,50,10,50,0,10,0,0,0,0,9,0,8.366335748420134,8.246647001999008,9.897853402850433,357911.62,497932.69999999995,45.18,1102.269906584443,3146414.9385623634,4.28,0.002665551839464883,0.16354515050167223,1726.0,1951.25,1987.69,0.6556309697369695,1397.6686791672505,1.3841215719020263,0,0,0,0,0,0,0,1,9,0,,,,,,,,,,,,,,,,,,,,,,,,,,,,,,,,,,,,,,,,,,,,,,,,,,,,,,,,,,,,,,,,,,,,,,,,,,,,,,,,,,,,,,,,,,,,,,,,,,,,,,,,,,,,,,,,,,,,,,0,0,0,0,0,0,0,0,0,0,0,0,0,0,1,1,9,10,0,10,legacy_planted_id_v0_audited_equivalent_to_query_payload_v1
corrected_connected_rerun::prod_mag_seed7202_s20260608_q50_types_multi_fine_multi_coarse_sizes20_50_100_topo_feature_component_b20_50_100_200_500_1000_per_query.csv,C:\Users\Swastik\Desktop\Jigsaw\runs\lcr_mag_v3\results\prod_mag_seed7202_s20260608_q50_types_multi_fine_multi_coarse_sizes20_50_100_topo_feature_component_b20_50_100_200_500_1000_per_query.csv,mag,mag,20260608,mag,multi_coarse,100,topo_feature,topo_feature_component,type_rel_feat32,50,5,50,0,5,0,0,0,0,2,0,8.484098246299277,8.303611650500898,9.580561096800384,419179.36,535009.3,62.2,269.62624751743874,2362871.1602790365,4.4,0.0010333333333333334,0.12605555555555553,1586.0,1978.1,1990.1399999999999,0.7101731600141648,1412.6179067132352,1.398467669977587,0,0,0,0,0,0,0,0,5,0,,,,,,,,,,,,,,,,,,,,,,,,,,,,,,,,,,,,,,,,,,,,,,,,,,,,,,,,,,,,,,,,,,,,,,,,,,,,,,,,,,,,,,,,,,,,,,,,,,,,,,,,,,,,,,,,,,,,,,0,0,0,0,0,0,0,0,0,0,0,0,0,0,0,0,5,5,0,5,legacy_planted_id_v0_audited_equivalent_to_query_payload_v1
/workspace/jigsaw_pkg/runs/noid_negative_mag_v3/results/prod_mag_pv1_s20260608_neg_topo_feature_component_b20_50_100_200_500_1000_per_query.csv,/workspace/jigsaw_pkg/runs/noid_negative_mag_v3/results/prod_mag_pv1_s20260608_neg_topo_feature_component_b20_50_100_200_500_1000_per_query.csv,mag,mag,20260608,mag,negative_label,20,topo_feature,topo_feature_component,type_rel_feat32,50,0,0,50,0,0,50,0,0,2,0,3.4594301351606553,3.3363525320000917,4.301985981098551,157005.14,369621.0,0.0,8915.921980067871,2930997.4907532856,11.08,0.006449999999999996,0.12871626820891544,1865.0,1985.1,1996.04,0.7077945800119778,576.5716891934426,0.0,0,0,0,0,0,0,0,0,0,0,query_payload_v1_negative_rerun_2026-08-01,50,0,,0,1,0,50,0,0.576571689193,0.000707794580012,3.4594301351606553,157005.14,,,,,,,,0,,,,,,,,,,,,,,,,,,,,,,,,,,,,,,,,,,,,,,,,,,,,,,,,,,,,,,,,,,,,,,,,,,,,,,,,,,,,,,,,,,,,,,,,,,,,,,,0.04,0,0,0,0,0,0,0,0,0,0,0,0,0,0,0,0,0,0,0,0,0,query_payload_v1
/workspace/jigsaw_pkg/runs/noid_negative_mag_v3/results/prod_mag_pv1_s20260608_neg_topo_feature_component_b20_50_100_200_500_1000_per_query.csv,/workspace/jigsaw_pkg/runs/noid_negative_mag_v3/results/prod_mag_pv1_s20260608_neg_topo_feature_component_b20_50_100_200_500_1000_per_query.csv,mag,mag,20260608,mag,negative_label,50,topo_feature,topo_feature_component,type_rel_feat32,50,0,0,50,0,0,50,0,0,1,0,3.6273429469602707,3.5136565655002414,4.57221402750183,236617.12,412293.29999999993,0.0,2180.4290194511095,1293279.9502605756,27.94,0.011249999999999977,0.1189930560078422,1954.0,1995.0,1999.51,0.716454760004126,604.5571578267118,0.0,0,0,0,0,0,0,0,0,0,0,query_payload_v1_negative_rerun_2026-08-01,50,0,,0,1,0,50,0,0.604557157827,0.000716454760004,3.6273429469602707,236617.12,,,,,,,,0,,,,,,,,,,,,,,,,,,,,,,,,,,,,,,,,,,,,,,,,,,,,,,,,,,,,,,,,,,,,,,,,,,,,,,,,,,,,,,,,,,,,,,,,,,,,,,,0.02,0,0,0,0,0,0,0,0,0,0,0,0,0,0,0,0,0,0,0,0,0,query_payload_v1
/workspace/jigsaw_pkg/runs/noid_negative_mag_v3/results/prod_mag_pv1_s20260608_neg_topo_feature_component_b20_50_100_200_500_1000_per_query.csv,/workspace/jigsaw_pkg/runs/noid_negative_mag_v3/results/prod_mag_pv1_s20260608_neg_topo_feature_component_b20_50_100_200_500_1000_per_query.csv,mag,mag,20260608,mag,negative_label,100,topo_feature,topo_feature_component,type_rel_feat32,50,0,0,50,0,0,50,0,0,1,0,3.6389560334006457,3.5218863845011583,5.299566800750199,224911.66,427651.94999999995,0.0,904.9731730091911,770834.3627475182,52.76,0.02566666666666663,0.14465555506995564,1972.5,1998.5500000000002,1999.51,0.7015510199198616,606.4926722334409,0.0,0,0,0,0,0,0,0,0,0,0,query_payload_v1_negative_rerun_2026-08-01,50,0,,0,1,0,50,0,0.606492672233,0.00070155101992,3.6389560334006457,224911.66,,,,,,,,0,,,,,,,,,,,,,,,,,,,,,,,,,,,,,,,,,,,,,,,,,,,,,,,,,,,,,,,,,,,,,,,,,,,,,,,,,,,,,,,,,,,,,,,,,,,,,,,0.02,0,0,0,0,0,0,0,0,0,0,0,0,0,0,0,0,0,0,0,0,0,query_payload_v1
/workspace/jigsaw_pkg/runs/noid_negative_mag_v3/results/prod_mag_pv1_s20260608_neg_topo_feature_component_b20_50_100_200_500_1000_per_query.csv,/workspace/jigsaw_pkg/runs/noid_negative_mag_v3/results/prod_mag_pv1_s20260608_neg_topo_feature_component_b20_50_100_200_500_1000_per_query.csv,mag,mag,20260608,mag,negative_structure,20,topo_feature,topo_feature_component,type_rel_feat32,50,0,0,50,0,0,50,0,0,25,0,3.447983914780016,3.3616943364995677,3.9960597507494633,166270.8,393120.35,269.78,7073.827303345971,3221457.814392187,11.0,0.0034066666666666677,0.1010367511029275,1875.5,1979.4,1992.5500000000002,0.724753539871017,559.5371033733196,15.126882423349647,0,0,0,0,0,0,0,0,0,0,query_payload_v1_negative_rerun_2026-08-01,50,0,,0,1,0,50,0.0151268824233,0.559537103373,0.000724753539871,3.447983914780016,166270.8,,,,,,,,0,,,,,,,,,,,,,,,,,,,,,,,,,,,,,,,,,,,,,,,,,,,,,,,,,,,,,,,,,,,,,,,,,,,,,,,,,,,,,,,,,,,,,,,,,,,,,,,0.5,0,0,0,0,0,0,0,0,0,0,0,0,0,0,0,0,0,0,0,0,0,query_payload_v1
/workspace/jigsaw_pkg/runs/noid_negative_mag_v3/results/prod_mag_pv1_s20260608_neg_topo_feature_component_b20_50_100_200_500_1000_per_query.csv,/workspace/jigsaw_pkg/runs/noid_negative_mag_v3/results/prod_mag_pv1_s20260608_neg_topo_feature_component_b20_50_100_200_500_1000_per_query.csv,mag,mag,20260608,mag,negative_structure,50,topo_feature,topo_feature_component,type_rel_feat32,50,0,0,50,0,0,50,0,0,15,0,3.717682863560185,3.4450118230015505,5.306611396101107,189378.1,401077.44999999995,70.88,4966.44063780196,1485202.3783720746,27.16,0.010416666666666656,0.12432543712179628,1940.0,1998.0,1999.51,0.6878409600540181,617.7752120533781,1.8385985399860754,0,0,0,0,0,0,0,0,0,0,query_payload_v1_negative_rerun_2026-08-01,50,0,,0,1,0,50,0.00183859853999,0.617775212053,0.000687840960054,3.717682863560185,189378.1,,,,,,,,0,,,,,,,,,,,,,,,,,,,,,,,,,,,,,,,,,,,,,,,,,,,,,,,,,,,,,,,,,,,,,,,,,,,,,,,,,,,,,,,,,,,,,,,,,,,,,,,0.3,0,0,0,0,0,0,0,0,0,0,0,0,0,0,0,0,0,0,0,0,0,query_payload_v1
/workspace/jigsaw_pkg/runs/noid_negative_mag_v3/results/prod_mag_pv1_s20260608_neg_topo_feature_component_b20_50_100_200_500_1000_per_query.csv,/workspace/jigsaw_pkg/runs/noid_negative_mag_v3/results/prod_mag_pv1_s20260608_neg_topo_feature_component_b20_50_100_200_500_1000_per_query.csv,mag,mag,20260608,mag,negative_structure,100,topo_feature,topo_feature_component,type_rel_feat32,50,0,0,50,0,0,50,0,0,12,0,3.466109383159928,3.2788395565003157,4.786579517997957,263869.04,522131.75,103.42,1296.3249225490667,959319.7333264401,47.4,0.021136666666666613,0.13660477788718578,1974.0,1998.1,2000.0,0.6865938002010807,575.8461320499919,1.8387651433295105,0,0,0,0,0,0,0,0,0,0,query_payload_v1_negative_rerun_2026-08-01,50,0,,0,1,0,50,0.00183876514333,0.57584613205,0.000686593800201,3.466109383159928,263869.04,,,,,,,,0,,,,,,,,,,,,,,,,,,,,,,,,,,,,,,,,,,,,,,,,,,,,,,,,,,,,,,,,,,,,,,,,,,,,,,,,,,,,,,,,,,,,,,,,,,,,,,,0.24,0,0,0,0,0,0,0,0,0,0,0,0,0,0,0,0,0,0,0,0,0,query_payload_v1
runs\lightning_mag_full\jigsaw-mag-gcp-cpux8-random-s20260608-v3-resume\summary.csv,runs\lightning_mag_full\jigsaw-mag-gcp-cpux8-random-s20260608-v3-resume\results\prod_mag_rgcn_seed7202_s20260608_q50_types_all_sizes20_50_100_random_component_b20_50_100_200_500_1000_per_query.csv,mag,mag,20260608,mag,single,20,random,random_component,type_rel_feat32,50,34,50,0,34,0,0,0,0,29,0,8.210435807400007,9.898222156500083,10.739777174849882,192665.3,475236.35,64.72,4577.059974021047,5232360.797035921,1.0,0.00041573033707865167,0.08614232209737828,1000000000.0,1000000000.0,1000000000.0,0.0,1535.4314231460708,2.103372247188758,0,0,0,1,1,2,4,10,16,0,,,,,,,,,,,,,,,,,,,,,,,,,,,,,,,,,,,,,,,,,,,,,,,,,,,,,,,,,,,,,,,,,,,,,,,,,,,,,,,,,,,,,,,,,,,,,,,,,,,,,,,,,,,,,,,,,,,,,,0,0,0,0,0,0,1,1,1,2,2,4,4,8,10,18,16,34,0,34,legacy_planted_id_v0_audited_equivalent_to_query_payload_v1
runs\lightning_mag_full\jigsaw-mag-gcp-cpux8-random-s20260608-v3-resume\summary.csv,runs\lightning_mag_full\jigsaw-mag-gcp-cpux8-random-s20260608-v3-resume\results\prod_mag_rgcn_seed7202_s20260608_q50_types_all_sizes20_50_100_random_component_b20_50_100_200_500_1000_per_query.csv,mag,mag,20260608,mag,single,50,random,random_component,type_rel_feat32,50,31,50,0,31,0,0,0,0,30,0,8.35306685626012,10.051726672998939,10.77720419445086,246415.28,526198.95,85.9,737.9161084188086,3929834.4867015113,1.0,0.00029368029739776954,0.09293680297397769,1000000000.0,1000000000.0,1000000000.0,0.0,1549.6155861821712,2.9990711152490754,0,0,0,0,1,2,3,15,10,0,,,,,,,,,,,,,,,,,,,,,,,,,,,,,,,,,,,,,,,,,,,,,,,,,,,,,,,,,,,,,,,,,,,,,,,,,,,,,,,,,,,,,,,,,,,,,,,,,,,,,,,,,,,,,,,,,,,,,,0,0,0,0,0,0,0,0,1,1,2,3,3,6,15,21,10,31,0,31,legacy_planted_id_v0_audited_equivalent_to_query_payload_v1
runs\lightning_mag_full\jigsaw-mag-gcp-cpux8-random-s20260608-v3-resume\summary.csv,runs\lightning_mag_full\jigsaw-mag-gcp-cpux8-random-s20260608-v3-resume\results\prod_mag_rgcn_seed7202_s20260608_q50_types_all_sizes20_50_100_random_component_b20_50_100_200_500_1000_per_query.csv,mag,mag,20260608,mag,single,100,random,random_component,type_rel_feat32,50,24,50,0,24,0,0,0,0,20,0,9.561586884620004,10.275009695999984,12.417065208750135,370820.2,648375.8999999999,115.84,358.62586622742657,2111778.629618064,1.0,0.00037500000000000006,0.07142857142857142,1000000000.0,1000000000.0,1000000000.0,0.0,1703.2644101464273,4.161819250001843,0,0,0,1,1,1,1,6,14,0,,,,,,,,,,,,,,,,,,,,,,,,,,,,,,,,,,,,,,,,,,,,,,,,,,,,,,,,,,,,,,,,,,,,,,,,,,,,,,,,,,,,,,,,,,,,,,,,,,,,,,,,,,,,,,,,,,,,,,0,0,0,0,0,0,1,1,1,2,1,3,1,4,6,10,14,24,0,24,legacy_planted_id_v0_audited_equivalent_to_query_payload_v1
corrected_connected_rerun::prod_mag_seed7202_s20260608_q50_types_multi_fine_multi_coarse_sizes20_50_100_random_component_b20_50_100_200_500_1000_per_query.csv,C:\Users\Swastik\Desktop\Jigsaw\runs\lcr_mag_v3\results\prod_mag_seed7202_s20260608_q50_types_multi_fine_multi_coarse_sizes20_50_100_random_component_b20_50_100_200_500_1000_per_query.csv,mag,mag,20260608,mag,multi_fine,20,random,random_component,type_rel_feat32,50,25,50,0,25,0,0,0,0,24,0,8.89007777213994,10.036072778999824,11.749206611200112,208530.18,484975.89999999997,91.08,2196.4724201634117,3863848.5662299935,1.0,0.00038989169675090254,0.07581227436823104,1000000000.0,1000000000.0,1000000000.0,0.0,1602.545071898904,2.16210718772739,0,0,0,1,1,0,4,6,13,0,,,,,,,,,,,,,,,,,,,,,,,,,,,,,,,,,,,,,,,,,,,,,,,,,,,,,,,,,,,,,,,,,,,,,,,,,,,,,,,,,,,,,,,,,,,,,,,,,,,,,,,,,,,,,,,,,,,,,,0,0,0,0,0,0,1,1,1,2,0,2,4,6,6,12,13,25,0,25,legacy_planted_id_v0_audited_equivalent_to_query_payload_v1
corrected_connected_rerun::prod_mag_seed7202_s20260608_q50_types_multi_fine_multi_coarse_sizes20_50_100_random_component_b20_50_100_200_500_1000_per_query.csv,C:\Users\Swastik\Desktop\Jigsaw\runs\lcr_mag_v3\results\prod_mag_seed7202_s20260608_q50_types_multi_fine_multi_coarse_sizes20_50_100_random_component_b20_50_100_200_500_1000_per_query.csv,mag,mag,20260608,mag,multi_fine,50,random,random_component,type_rel_feat32,50,22,50,0,22,0,0,0,0,22,0,9.04242518342,10.128416933000153,11.673809084449976,339161.8,595492.75,101.16,1528.1241946377932,2709087.35038065,1.0,0.00021071428571428573,0.075,1000000000.0,1000000000.0,1000000000.0,0.0,1612.246250357144,2.472532396427596,0,0,0,0,0,2,3,8,9,0,,,,,,,,,,,,,,,,,,,,,,,,,,,,,,,,,,,,,,,,,,,,,,,,,,,,,,,,,,,,,,,,,,,,,,,,,,,,,,,,,,,,,,,,,,,,,,,,,,,,,,,,,,,,,,,,,,,,,,0,0,0,0,0,0,0,0,0,0,2,2,3,5,8,13,9,22,0,22,legacy_planted_id_v0_audited_equivalent_to_query_payload_v1
corrected_connected_rerun::prod_mag_seed7202_s20260608_q50_types_multi_fine_multi_coarse_sizes20_50_100_random_component_b20_50_100_200_500_1000_per_query.csv,C:\Users\Swastik\Desktop\Jigsaw\runs\lcr_mag_v3\results\prod_mag_seed7202_s20260608_q50_types_multi_fine_multi_coarse_sizes20_50_100_random_component_b20_50_100_200_500_1000_per_query.csv,mag,mag,20260608,mag,multi_fine,100,random,random_component,type_rel_feat32,50,28,50,0,28,0,0,0,0,28,0,9.343883568940363,10.060857636000492,12.322009898900205,436999.22,625414.3499999999,177.22,198.43824207360186,3301282.206794587,1.0,0.0003286219081272085,0.0989399293286219,1000000000.0,1000000000.0,1000000000.0,0.0,1646.218441795109,4.644379572446494,0,0,0,1,0,0,2,8,17,0,,,,,,,,,,,,,,,,,,,,,,,,,,,,,,,,,,,,,,,,,,,,,,,,,,,,,,,,,,,,,,,,,,,,,,,,,,,,,,,,,,,,,,,,,,,,,,,,,,,,,,,,,,,,,,,,,,,,,,0,0,0,0,0,0,1,1,0,1,0,1,2,3,8,11,17,28,0,28,legacy_planted_id_v0_audited_equivalent_to_query_payload_v1
runs\lightning_mag_full\jigsaw-mag-gcp-cpux8-random-s20260608-v3-resume\summary.csv,runs\lightning_mag_full\jigsaw-mag-gcp-cpux8-random-s20260608-v3-resume\results\prod_mag_rgcn_seed7202_s20260608_q50_types_all_sizes20_50_100_random_component_b20_50_100_200_500_1000_per_query.csv,mag,mag,20260608,mag,k_hop,20,random,random_component,type_rel_feat32,50,36,50,0,36,0,0,0,0,35,0,8.801412690060042,10.002072211499808,12.66474250219985,153246.48,402490.35,167.34,9515.585498963977,2068741.8541515756,10.02,0.0056268115942028985,0.1384458184729924,1000000000.0,1000000000.0,1000000000.0,0.0,1589.7892634239195,4.669557239131739,0,0,0,0,0,1,4,13,18,0,,,,,,,,,,,,,,,,,,,,,,,,,,,,,,,,,,,,,,,,,,,,,,,,,,,,,,,,,,,,,,,,,,,,,,,,,,,,,,,,,,,,,,,,,,,,,,,,,,,,,,,,,,,,,,,,,,,,,,0,0,0,0,0,0,0,0,0,0,1,1,4,5,13,18,18,36,0,36,legacy_planted_id_v0_audited_equivalent_to_query_payload_v1
runs\lightning_mag_full\jigsaw-mag-gcp-cpux8-random-s20260608-v3-resume\summary.csv,runs\lightning_mag_full\jigsaw-mag-gcp-cpux8-random-s20260608-v3-resume\results\prod_mag_rgcn_seed7202_s20260608_q50_types_all_sizes20_50_100_random_component_b20_50_100_200_500_1000_per_query.csv,mag,mag,20260608,mag,k_hop,50,random,random_component,type_rel_feat32,50,36,50,0,36,0,0,0,0,28,0,8.720996068080074,9.820729315499761,11.251480665400242,236561.4,506736.44999999995,322.46,1136.5838330935524,1053282.9886578608,27.2,0.013566787003610109,0.13668267209963816,1000000000.0,1000000000.0,1000000000.0,0.0,1565.8091880830502,8.37782781588015,0,0,0,0,1,0,4,11,20,0,,,,,,,,,,,,,,,,,,,,,,,,,,,,,,,,,,,,,,,,,,,,,,,,,,,,,,,,,,,,,,,,,,,,,,,,,,,,,,,,,,,,,,,,,,,,,,,,,,,,,,,,,,,,,,,,,,,,,,0,0,0,0,0,0,0,0,1,1,0,1,4,5,11,16,20,36,0,36,legacy_planted_id_v0_audited_equivalent_to_query_payload_v1
runs\lightning_mag_full\jigsaw-mag-gcp-cpux8-random-s20260608-v3-resume\summary.csv,runs\lightning_mag_full\jigsaw-mag-gcp-cpux8-random-s20260608-v3-resume\results\prod_mag_rgcn_seed7202_s20260608_q50_types_all_sizes20_50_100_random_component_b20_50_100_200_500_1000_per_query.csv,mag,mag,20260608,mag,k_hop,100,random,random_component,type_rel_feat32,50,21,50,0,21,0,0,0,0,15,0,10.0375312647999,10.220801002999906,12.290661296199708,325595.74,561129.7,573.5,883.5955998462355,635129.2079638983,53.88,0.027231292517006803,0.14648951458766005,1000000000.0,1000000000.0,1000000000.0,0.0,1688.9573752142733,18.10576505781868,0,0,0,0,0,0,0,6,15,0,,,,,,,,,,,,,,,,,,,,,,,,,,,,,,,,,,,,,,,,,,,,,,,,,,,,,,,,,,,,,,,,,,,,,,,,,,,,,,,,,,,,,,,,,,,,,,,,,,,,,,,,,,,,,,,,,,,,,,0,0,0,0,0,0,0,0,0,0,0,0,0,0,6,6,15,21,0,21,legacy_planted_id_v0_audited_equivalent_to_query_payload_v1
runs\lightning_mag_full\jigsaw-mag-gcp-cpux8-random-s20260608-v3-resume\summary.csv,runs\lightning_mag_full\jigsaw-mag-gcp-cpux8-random-s20260608-v3-resume\results\prod_mag_rgcn_seed7202_s20260608_q50_types_all_sizes20_50_100_random_component_b20_50_100_200_500_1000_per_query.csv,mag,mag,20260608,mag,degree_k_hop,20,random,random_component,type_rel_feat32,50,35,50,0,35,0,0,0,0,34,0,8.531027393560107,9.9357519590003,12.153523865900386,174839.9,427565.85,249.58,11285.461824224889,2518534.978124487,10.68,0.005324723247232472,0.12447548893717766,1000000000.0,1000000000.0,1000000000.0,0.0,1566.925522022146,7.0647719926338,0,0,0,1,0,0,4,16,14,0,,,,,,,,,,,,,,,,,,,,,,,,,,,,,,,,,,,,,,,,,,,,,,,,,,,,,,,,,,,,,,,,,,,,,,,,,,,,,,,,,,,,,,,,,,,,,,,,,,,,,,,,,,,,,,,,,,,,,,0,0,0,0,0,0,1,1,0,1,0,1,4,5,16,21,14,35,0,35,legacy_planted_id_v0_audited_equivalent_to_query_payload_v1
runs\lightning_mag_full\jigsaw-mag-gcp-cpux8-random-s20260608-v3-resume\summary.csv,runs\lightning_mag_full\jigsaw-mag-gcp-cpux8-random-s20260608-v3-resume\results\prod_mag_rgcn_seed7202_s20260608_q50_types_all_sizes20_50_100_random_component_b20_50_100_200_500_1000_per_query.csv,mag,mag,20260608,mag,degree_k_hop,50,random,random_component,type_rel_feat32,50,30,50,0,30,0,0,0,0,29,0,8.41396854408002,9.7716899065,10.575942137350147,211514.92,509277.9,418.34,3038.661115768754,1342948.1879369442,27.1,0.014518382352941176,0.13422973456860404,1000000000.0,1000000000.0,1000000000.0,0.0,1534.5804131691164,12.104980963240518,0,0,0,1,0,1,4,12,12,0,,,,,,,,,,,,,,,,,,,,,,,,,,,,,,,,,,,,,,,,,,,,,,,,,,,,,,,,,,,,,,,,,,,,,,,,,,,,,,,,,,,,,,,,,,,,,,,,,,,,,,,,,,,,,,,,,,,,,,0,0,0,0,0,0,1,1,0,1,1,2,4,6,12,18,12,30,0,30,legacy_planted_id_v0_audited_equivalent_to_query_payload_v1
runs\lightning_mag_full\jigsaw-mag-gcp-cpux8-random-s20260608-v3-resume\summary.csv,runs\lightning_mag_full\jigsaw-mag-gcp-cpux8-random-s20260608-v3-resume\results\prod_mag_rgcn_seed7202_s20260608_q50_types_all_sizes20_50_100_random_component_b20_50_100_200_500_1000_per_query.csv,mag,mag,20260608,mag,degree_k_hop,100,random,random_component,type_rel_feat32,50,30,50,0,30,0,0,0,0,29,0,8.453582432299754,10.02775685199913,10.808868932898939,273805.26,549659.7,341.72,931.3979427459903,551080.7074564203,52.28,0.029985130111524167,0.13685066621333142,1000000000.0,1000000000.0,1000000000.0,0.0,1561.6247477434652,9.673102126377762,0,0,0,0,3,1,4,8,14,0,,,,,,,,,,,,,,,,,,,,,,,,,,,,,,,,,,,,,,,,,,,,,,,,,,,,,,,,,,,,,,,,,,,,,,,,,,,,,,,,,,,,,,,,,,,,,,,,,,,,,,,,,,,,,,,,,,,,,,0,0,0,0,0,0,0,0,3,3,1,4,4,8,8,16,14,30,0,30,legacy_planted_id_v0_audited_equivalent_to_query_payload_v1
runs\lightning_mag_full\jigsaw-mag-gcp-cpux8-random-s20260608-v3-resume\summary.csv,runs\lightning_mag_full\jigsaw-mag-gcp-cpux8-random-s20260608-v3-resume\results\prod_mag_rgcn_seed7202_s20260608_q50_types_all_sizes20_50_100_random_component_b20_50_100_200_500_1000_per_query.csv,mag,mag,20260608,mag,random_walk,20,random,random_component,type_rel_feat32,50,31,50,0,31,0,0,0,0,22,0,9.499794781539949,10.37287431150071,11.817859958500296,212833.06,403508.65,472.82,5684.257081911677,2832792.17333768,12.12,0.007221052631578947,0.14987727299646805,1000000000.0,1000000000.0,1000000000.0,0.0,1647.899297336834,18.731366091227148,0,0,0,0,0,0,1,13,17,0,,,,,,,,,,,,,,,,,,,,,,,,,,,,,,,,,,,,,,,,,,,,,,,,,,,,,,,,,,,,,,,,,,,,,,,,,,,,,,,,,,,,,,,,,,,,,,,,,,,,,,,,,,,,,,,,,,,,,,0,0,0,0,0,0,0,0,0,0,0,0,1,1,13,14,17,31,0,31,legacy_planted_id_v0_audited_equivalent_to_query_payload_v1
runs\lightning_mag_full\jigsaw-mag-gcp-cpux8-random-s20260608-v3-resume\summary.csv,runs\lightning_mag_full\jigsaw-mag-gcp-cpux8-random-s20260608-v3-resume\results\prod_mag_rgcn_seed7202_s20260608_q50_types_all_sizes20_50_100_random_component_b20_50_100_200_500_1000_per_query.csv,mag,mag,20260608,mag,random_walk,50,random,random_component,type_rel_feat32,50,25,50,0,25,0,0,0,1,20,1,9.97388924220004,9.980450126499932,11.796615510900164,247453.12,488358.14999999997,698.58,1562.8212101203942,1292299.1553901993,28.56,0.013227891156462586,0.1461200594016312,1000000000.0,1000000000.0,1000000000.0,0.0,1651.0882473163304,45.15141972449266,0,0,0,0,0,0,0,6,19,0,,,,,,,,,,,,,,,,,,,,,,,,,,,,,,,,,,,,,,,,,,,,,,,,,,,,,,,,,,,,,,,,,,,,,,,,,,,,,,,,,,,,,,,,,,,,,,,,,,,,,,,,,,,,,,,,,,,,,,0,0,0,0,0,0,0,0,0,0,0,0,0,0,6,6,19,25,0,25,legacy_planted_id_v0_audited_equivalent_to_query_payload_v1
runs\lightning_mag_full\jigsaw-mag-gcp-cpux8-random-s20260608-v3-resume\summary.csv,runs\lightning_mag_full\jigsaw-mag-gcp-cpux8-random-s20260608-v3-resume\results\prod_mag_rgcn_seed7202_s20260608_q50_types_all_sizes20_50_100_random_component_b20_50_100_200_500_1000_per_query.csv,mag,mag,20260608,mag,random_walk,100,random,random_component,type_rel_feat32,50,9,50,0,9,0,0,0,3,7,3,11.53813695883975,10.374810608000644,18.186107511700065,432711.76,586663.6,2565.72,242.54131755684648,304626.7624009104,56.66,0.028963333333333334,0.16014607346643903,1000000000.0,1000000000.0,1000000000.0,0.0,1727.7609041499575,195.26192232333415,0,0,0,0,0,0,0,0,9,0,,,,,,,,,,,,,,,,,,,,,,,,,,,,,,,,,,,,,,,,,,,,,,,,,,,,,,,,,,,,,,,,,,,,,,,,,,,,,,,,,,,,,,,,,,,,,,,,,,,,,,,,,,,,,,,,,,,,,,0,0,0,0,0,0,0,0,0,0,0,0,0,0,0,0,9,9,0,9,legacy_planted_id_v0_audited_equivalent_to_query_payload_v1
corrected_connected_rerun::prod_mag_seed7202_s20260608_q50_types_multi_fine_multi_coarse_sizes20_50_100_random_component_b20_50_100_200_500_1000_per_query.csv,C:\Users\Swastik\Desktop\Jigsaw\runs\lcr_mag_v3\results\prod_mag_seed7202_s20260608_q50_types_multi_fine_multi_coarse_sizes20_50_100_random_component_b20_50_100_200_500_1000_per_query.csv,mag,mag,20260608,mag,multi_coarse,20,random,random_component,type_rel_feat32,50,20,50,0,20,0,0,0,0,19,0,10.234161119799928,10.26762414100017,11.192959340649487,306519.64,501948.94999999995,139.72,637.5145255920738,5766577.245336682,4.4,0.001787878787878788,0.1451739618406285,1000000000.0,1000000000.0,1000000000.0,0.0,1718.5148828989747,4.407864542090679,0,0,0,0,0,0,0,3,17,0,,,,,,,,,,,,,,,,,,,,,,,,,,,,,,,,,,,,,,,,,,,,,,,,,,,,,,,,,,,,,,,,,,,,,,,,,,,,,,,,,,,,,,,,,,,,,,,,,,,,,,,,,,,,,,,,,,,,,,0,0,0,0,0,0,0,0,0,0,0,0,0,0,3,3,17,20,0,20,legacy_planted_id_v0_audited_equivalent_to_query_payload_v1
corrected_connected_rerun::prod_mag_seed7202_s20260608_q50_types_multi_fine_multi_coarse_sizes20_50_100_random_component_b20_50_100_200_500_1000_per_query.csv,C:\Users\Swastik\Desktop\Jigsaw\runs\lcr_mag_v3\results\prod_mag_seed7202_s20260608_q50_types_multi_fine_multi_coarse_sizes20_50_100_random_component_b20_50_100_200_500_1000_per_query.csv,mag,mag,20260608,mag,multi_coarse,50,random,random_component,type_rel_feat32,50,10,50,0,10,0,0,0,0,10,0,10.166960250340052,10.253001214999585,11.730062298749134,416790.2,587231.0,51.88,824.9628901950438,3977937.1688384847,4.28,0.0020101694915254237,0.13005649717514126,1000000000.0,1000000000.0,1000000000.0,0.0,1721.623336400012,1.590265352539156,0,0,0,0,0,0,0,5,5,0,,,,,,,,,,,,,,,,,,,,,,,,,,,,,,,,,,,,,,,,,,,,,,,,,,,,,,,,,,,,,,,,,,,,,,,,,,,,,,,,,,,,,,,,,,,,,,,,,,,,,,,,,,,,,,,,,,,,,,0,0,0,0,0,0,0,0,0,0,0,0,0,0,5,5,5,10,0,10,legacy_planted_id_v0_audited_equivalent_to_query_payload_v1
corrected_connected_rerun::prod_mag_seed7202_s20260608_q50_types_multi_fine_multi_coarse_sizes20_50_100_random_component_b20_50_100_200_500_1000_per_query.csv,C:\Users\Swastik\Desktop\Jigsaw\runs\lcr_mag_v3\results\prod_mag_seed7202_s20260608_q50_types_multi_fine_multi_coarse_sizes20_50_100_random_component_b20_50_100_200_500_1000_per_query.csv,mag,mag,20260608,mag,multi_coarse,100,random,random_component,type_rel_feat32,50,9,50,0,9,0,0,0,0,7,0,10.298348461119986,10.145516717000191,11.705676047549831,500192.56,637359.45,230.82,165.51564383278352,2187563.9629477346,4.4,0.002247491638795987,0.1508361204013378,1000000000.0,1000000000.0,1000000000.0,0.0,1715.9574968026782,6.174352882938009,0,0,0,0,0,0,0,1,8,0,,,,,,,,,,,,,,,,,,,,,,,,,,,,,,,,,,,,,,,,,,,,,,,,,,,,,,,,,,,,,,,,,,,,,,,,,,,,,,,,,,,,,,,,,,,,,,,,,,,,,,,,,,,,,,,,,,,,,,0,0,0,0,0,0,0,0,0,0,0,0,0,0,1,1,8,9,0,9,legacy_planted_id_v0_audited_equivalent_to_query_payload_v1
/workspace/jigsaw_pkg/runs/noid_negative_mag_v3/results/prod_mag_pv1_s20260608_neg_random_component_b20_50_100_200_500_1000_per_query.csv,/workspace/jigsaw_pkg/runs/noid_negative_mag_v3/results/prod_mag_pv1_s20260608_neg_random_component_b20_50_100_200_500_1000_per_query.csv,mag,mag,20260608,mag,negative_label,20,random,random_component,type_rel_feat32,50,0,0,50,0,0,50,0,0,3,0,4.239154392039782,4.234017841497916,4.861849394802084,189647.3,464414.05,0.0,8746.800954975557,2942677.4384545614,11.08,0.006086666666666662,0.15675578179989952,1000000000.0,1000000000.0,1000000000.0,0.0,706.5257320066303,0.0,0,0,0,0,0,0,0,0,0,0,query_payload_v1_negative_rerun_2026-08-01,50,0,,0,1,0,50,0,0.706525732007,0,4.239154392039782,189647.3,,,,,,,,0,,,,,,,,,,,,,,,,,,,,,,,,,,,,,,,,,,,,,,,,,,,,,,,,,,,,,,,,,,,,,,,,,,,,,,,,,,,,,,,,,,,,,,,,,,,,,,,0.06,0,0,0,0,0,0,0,0,0,0,0,0,0,0,0,0,0,0,0,0,0,query_payload_v1
/workspace/jigsaw_pkg/runs/noid_negative_mag_v3/results/prod_mag_pv1_s20260608_neg_random_component_b20_50_100_200_500_1000_per_query.csv,/workspace/jigsaw_pkg/runs/noid_negative_mag_v3/results/prod_mag_pv1_s20260608_neg_random_component_b20_50_100_200_500_1000_per_query.csv,mag,mag,20260608,mag,negative_label,50,random,random_component,type_rel_feat32,50,0,0,50,0,0,50,0,0,4,0,4.516540010360114,4.390779503501108,5.125943226749949,291753.72,519063.05,0.0,1622.0910649539503,1140637.9631348231,27.94,0.014509999999999964,0.15250140828955916,1000000000.0,1000000000.0,1000000000.0,0.0,752.7566683933522,0.0,0,0,0,0,0,0,0,0,0,0,query_payload_v1_negative_rerun_2026-08-01,50,0,,0,1,0,50,0,0.752756668393,0,4.516540010360114,291753.72,,,,,,,,0,,,,,,,,,,,,,,,,,,,,,,,,,,,,,,,,,,,,,,,,,,,,,,,,,,,,,,,,,,,,,,,,,,,,,,,,,,,,,,,,,,,,,,,,,,,,,,,0.08,0,0,0,0,0,0,0,0,0,0,0,0,0,0,0,0,0,0,0,0,0,query_payload_v1
/workspace/jigsaw_pkg/runs/noid_negative_mag_v3/results/prod_mag_pv1_s20260608_neg_random_component_b20_50_100_200_500_1000_per_query.csv,/workspace/jigsaw_pkg/runs/noid_negative_mag_v3/results/prod_mag_pv1_s20260608_neg_random_component_b20_50_100_200_500_1000_per_query.csv,mag,mag,20260608,mag,negative_label,100,random,random_component,type_rel_feat32,50,0,0,50,0,0,50,0,0,4,0,4.712973148600431,4.518410332501844,6.30196843134927,272394.48,545556.35,0.0,717.9284487231796,673587.9254771621,52.76,0.02265666666666663,0.1469980662500026,1000000000.0,1000000000.0,1000000000.0,0.0,785.4955247667385,0.0,0,0,0,0,0,0,0,0,0,0,query_payload_v1_negative_rerun_2026-08-01,50,0,,0,1,0,50,0,0.785495524767,0,4.712973148600431,272394.48,,,,,,,,0,,,,,,,,,,,,,,,,,,,,,,,,,,,,,,,,,,,,,,,,,,,,,,,,,,,,,,,,,,,,,,,,,,,,,,,,,,,,,,,,,,,,,,,,,,,,,,,0.08,0,0,0,0,0,0,0,0,0,0,0,0,0,0,0,0,0,0,0,0,0,query_payload_v1
/workspace/jigsaw_pkg/runs/noid_negative_mag_v3/results/prod_mag_pv1_s20260608_neg_random_component_b20_50_100_200_500_1000_per_query.csv,/workspace/jigsaw_pkg/runs/noid_negative_mag_v3/results/prod_mag_pv1_s20260608_neg_random_component_b20_50_100_200_500_1000_per_query.csv,mag,mag,20260608,mag,negative_structure,20,random,random_component,type_rel_feat32,50,0,0,50,0,0,49,1,1,28,1,4.69601322614024,4.354143955000836,6.189558392251637,195325.92,486416.94999999995,528.92,7393.249918029286,1890446.5332671232,11.0,0.006501672240802667,0.1698322293812164,1000000000.0,1000000000.0,1000000000.0,0.0,738.0753212709409,47.21117139465103,0,0,0,0,0,0,0,0,0,0,query_payload_v1_negative_rerun_2026-08-01,50,0,,0,0.98,0,50,0.0472111713947,0.738075321271,0,4.69601322614024,195325.92,,,,,,,,1,,,,,,,,,,,,,,,,,,,,,,,,,,,,,,,,,,,,,,,,,,,,,,,,,,,,,,,,,,,,,,,,,,,,,,,,,,,,,,,,,,,,,,,,,,,,,,,0.56,0.02,0,0,0,0,0,0,0,0,0,0,0,0,0,0,0,0,0,0,0,0,query_payload_v1
/workspace/jigsaw_pkg/runs/noid_negative_mag_v3/results/prod_mag_pv1_s20260608_neg_random_component_b20_50_100_200_500_1000_per_query.csv,/workspace/jigsaw_pkg/runs/noid_negative_mag_v3/results/prod_mag_pv1_s20260608_neg_random_component_b20_50_100_200_500_1000_per_query.csv,mag,mag,20260608,mag,negative_structure,50,random,random_component,type_rel_feat32,50,0,0,50,0,0,50,0,0,30,0,4.632192255560222,4.507769428500069,6.091555024748596,230042.46,503246.4999999999,402.94,4849.053723733564,1436237.1738649951,27.16,0.01170666666666664,0.15698999334921288,1000000000.0,1000000000.0,1000000000.0,0.0,762.593029710024,9.439012883346246,0,0,0,0,0,0,0,0,0,0,query_payload_v1_negative_rerun_2026-08-01,50,0,,0,1,0,50,0.00943901288335,0.76259302971,0,4.632192255560222,230042.46,,,,,,,,0,,,,,,,,,,,,,,,,,,,,,,,,,,,,,,,,,,,,,,,,,,,,,,,,,,,,,,,,,,,,,,,,,,,,,,,,,,,,,,,,,,,,,,,,,,,,,,,0.6,0,0,0,0,0,0,0,0,0,0,0,0,0,0,0,0,0,0,0,0,0,query_payload_v1
/workspace/jigsaw_pkg/runs/noid_negative_mag_v3/results/prod_mag_pv1_s20260608_neg_random_component_b20_50_100_200_500_1000_per_query.csv,/workspace/jigsaw_pkg/runs/noid_negative_mag_v3/results/prod_mag_pv1_s20260608_neg_random_component_b20_50_100_200_500_1000_per_query.csv,mag,mag,20260608,mag,negative_structure,100,random,random_component,type_rel_feat32,50,0,0,50,0,0,50,0,0,25,0,4.935417503880307,4.6148205014997075,6.736984599799779,323236.56,617177.85,714.16,1064.6873046911223,832220.9594808521,47.4,0.023383333333333277,0.15664733303028033,1000000000.0,1000000000.0,1000000000.0,0.0,793.9966466500604,28.572937329990964,0,0,0,0,0,0,0,0,0,0,query_payload_v1_negative_rerun_2026-08-01,50,0,,0,1,0,50,0.02857293733,0.79399664665,0,4.935417503880307,323236.56,,,,,,,,0,,,,,,,,,,,,,,,,,,,,,,,,,,,,,,,,,,,,,,,,,,,,,,,,,,,,,,,,,,,,,,,,,,,,,,,,,,,,,,,,,,,,,,,,,,,,,,,0.5,0,0,0,0,0,0,0,0,0,0,0,0,0,0,0,0,0,0,0,0,0,query_payload_v1
runs\lightning_mag_full\jigsaw-mag-gcp-cpux8-filterall-s20260608-dark-v1\summary.csv,runs\lightning_mag_full\jigsaw-mag-gcp-cpux8-filterall-s20260608-dark-v1\results\prod_mag_rgcn_seed7202_s20260608_q50_types_all_sizes20_50_100_filterall_component_b2000_per_query.csv,mag,mag,20260608,mag,single,20,all,filterall_component,type_rel_feat32,50,50,50,0,50,0,0,0,0,50,0,5.789478990740013,5.804701473000023,6.167839378950129,378001.26,731943.1499999999,131.66,1630.6004315436,403949.70059345034,1.0,0.0005,1.0,1000000000.0,1000000000.0,1000000000.0,0.0,5770.80867680002,18.67031393999241,0,0,0,0,0,0,0,0,0,50,,,,,,,,,,,,,,,,,,,,,,,,,,,,,,,,,,,,,,,,,,,,,,,,,,,,,,,,,,,,,,,,,,,,,,,,,,,,,,,,,,,,,,,,,,,,,,,,,,,,,,,,,,,,,,,,,,,,,,0,0,0,0,0,0,0,0,0,0,0,0,0,0,0,0,0,0,50,50,legacy_planted_id_v0_audited_equivalent_to_query_payload_v1
runs\lightning_mag_full\jigsaw-mag-gcp-cpux8-filterall-s20260608-dark-v1\summary.csv,runs\lightning_mag_full\jigsaw-mag-gcp-cpux8-filterall-s20260608-dark-v1\results\prod_mag_rgcn_seed7202_s20260608_q50_types_all_sizes20_50_100_filterall_component_b2000_per_query.csv,mag,mag,20260608,mag,single,50,all,filterall_component,type_rel_feat32,50,50,50,0,50,0,0,0,0,50,0,5.311088594560024,5.31753360050061,5.5859300467002875,464394.38,861029.2499999998,144.96,37.43871625559224,77699.90763040664,1.0,0.0005,1.0,1000000000.0,1000000000.0,1000000000.0,0.0,5286.928532799993,24.160061760030658,0,0,0,0,0,0,0,0,0,50,,,,,,,,,,,,,,,,,,,,,,,,,,,,,,,,,,,,,,,,,,,,,,,,,,,,,,,,,,,,,,,,,,,,,,,,,,,,,,,,,,,,,,,,,,,,,,,,,,,,,,,,,,,,,,,,,,,,,,0,0,0,0,0,0,0,0,0,0,0,0,0,0,0,0,0,0,50,50,legacy_planted_id_v0_audited_equivalent_to_query_payload_v1
runs\lightning_mag_full\jigsaw-mag-gcp-cpux8-filterall-s20260608-dark-v1\summary.csv,runs\lightning_mag_full\jigsaw-mag-gcp-cpux8-filterall-s20260608-dark-v1\results\prod_mag_rgcn_seed7202_s20260608_q50_types_all_sizes20_50_100_filterall_component_b2000_per_query.csv,mag,mag,20260608,mag,single,100,all,filterall_component,type_rel_feat32,50,50,50,0,50,0,0,0,0,50,0,5.311519019040116,5.297887167499994,5.65947648400047,589619.56,956192.45,231.94,14.107525331636696,53187.79312089277,1.0,0.0005,1.0,1000000000.0,1000000000.0,1000000000.0,0.0,5231.084087460094,80.43493158002093,0,0,0,0,0,0,0,0,0,50,,,,,,,,,,,,,,,,,,,,,,,,,,,,,,,,,,,,,,,,,,,,,,,,,,,,,,,,,,,,,,,,,,,,,,,,,,,,,,,,,,,,,,,,,,,,,,,,,,,,,,,,,,,,,,,,,,,,,,0,0,0,0,0,0,0,0,0,0,0,0,0,0,0,0,0,0,50,50,legacy_planted_id_v0_audited_equivalent_to_query_payload_v1
corrected_connected_rerun::prod_mag_seed7202_s20260608_q50_types_multi_fine_multi_coarse_sizes20_50_100_filterall_component_b2000_per_query.csv,C:\Users\Swastik\Desktop\Jigsaw\runs\lcr_mag_v3\results\prod_mag_seed7202_s20260608_q50_types_multi_fine_multi_coarse_sizes20_50_100_filterall_component_b2000_per_query.csv,mag,mag,20260608,mag,multi_fine,20,all,filterall_component,type_rel_feat32,50,50,50,0,50,0,0,0,0,50,0,5.747356317640006,5.7001967644998786,6.215859334500021,339443.92,736759.7,138.76,105.90415164352517,494507.6686062369,1.0,0.0005,1.0,1000000000.0,1000000000.0,1000000000.0,0.0,5727.653518459988,19.70279918001779,0,0,0,0,0,0,0,0,0,50,,,,,,,,,,,,,,,,,,,,,,,,,,,,,,,,,,,,,,,,,,,,,,,,,,,,,,,,,,,,,,,,,,,,,,,,,,,,,,,,,,,,,,,,,,,,,,,,,,,,,,,,,,,,,,,,,,,,,,0,0,0,0,0,0,0,0,0,0,0,0,0,0,0,0,0,0,50,50,legacy_planted_id_v0_audited_equivalent_to_query_payload_v1
corrected_connected_rerun::prod_mag_seed7202_s20260608_q50_types_multi_fine_multi_coarse_sizes20_50_100_filterall_component_b2000_per_query.csv,C:\Users\Swastik\Desktop\Jigsaw\runs\lcr_mag_v3\results\prod_mag_seed7202_s20260608_q50_types_multi_fine_multi_coarse_sizes20_50_100_filterall_component_b2000_per_query.csv,mag,mag,20260608,mag,multi_fine,50,all,filterall_component,type_rel_feat32,50,50,50,0,50,0,0,0,0,50,0,6.15463639896002,6.175783394500058,6.659821244649958,569766.36,895257.55,188.12,450.8734141001055,67207.79447855505,1.0,0.0005,1.0,1000000000.0,1000000000.0,1000000000.0,0.0,6123.749445719996,30.886953240024013,0,0,0,0,0,0,0,0,0,50,,,,,,,,,,,,,,,,,,,,,,,,,,,,,,,,,,,,,,,,,,,,,,,,,,,,,,,,,,,,,,,,,,,,,,,,,,,,,,,,,,,,,,,,,,,,,,,,,,,,,,,,,,,,,,,,,,,,,,0,0,0,0,0,0,0,0,0,0,0,0,0,0,0,0,0,0,50,50,legacy_planted_id_v0_audited_equivalent_to_query_payload_v1
corrected_connected_rerun::prod_mag_seed7202_s20260608_q50_types_multi_fine_multi_coarse_sizes20_50_100_filterall_component_b2000_per_query.csv,C:\Users\Swastik\Desktop\Jigsaw\runs\lcr_mag_v3\results\prod_mag_seed7202_s20260608_q50_types_multi_fine_multi_coarse_sizes20_50_100_filterall_component_b2000_per_query.csv,mag,mag,20260608,mag,multi_fine,100,all,filterall_component,type_rel_feat32,50,50,50,0,50,0,0,0,0,50,0,6.240484443899995,6.228718616500146,6.705329018849762,719579.68,922049.3999999999,306.98,4.159002494015265,23021.81788440567,1.0,0.0005,1.0,1000000000.0,1000000000.0,1000000000.0,0.0,6185.365280240004,55.11916365999241,0,0,0,0,0,0,0,0,0,50,,,,,,,,,,,,,,,,,,,,,,,,,,,,,,,,,,,,,,,,,,,,,,,,,,,,,,,,,,,,,,,,,,,,,,,,,,,,,,,,,,,,,,,,,,,,,,,,,,,,,,,,,,,,,,,,,,,,,,0,0,0,0,0,0,0,0,0,0,0,0,0,0,0,0,0,0,50,50,legacy_planted_id_v0_audited_equivalent_to_query_payload_v1
runs\lightning_mag_full\jigsaw-mag-gcp-cpux8-filterall-s20260608-dark-v1\summary.csv,runs\lightning_mag_full\jigsaw-mag-gcp-cpux8-filterall-s20260608-dark-v1\results\prod_mag_rgcn_seed7202_s20260608_q50_types_all_sizes20_50_100_filterall_component_b2000_per_query.csv,mag,mag,20260608,mag,k_hop,20,all,filterall_component,type_rel_feat32,50,50,50,0,50,0,0,0,0,50,0,5.482674229700033,5.495732780500248,5.874898020050045,258278.88,645817.2,308.84,2176.092953743001,370184.89283606934,10.02,0.00501,1.0,1000000000.0,1000000000.0,1000000000.0,0.0,5440.862859060007,41.811370640025416,0,0,0,0,0,0,0,0,0,50,,,,,,,,,,,,,,,,,,,,,,,,,,,,,,,,,,,,,,,,,,,,,,,,,,,,,,,,,,,,,,,,,,,,,,,,,,,,,,,,,,,,,,,,,,,,,,,,,,,,,,,,,,,,,,,,,,,,,,0,0,0,0,0,0,0,0,0,0,0,0,0,0,0,0,0,0,50,50,legacy_planted_id_v0_audited_equivalent_to_query_payload_v1
runs\lightning_mag_full\jigsaw-mag-gcp-cpux8-filterall-s20260608-dark-v1\summary.csv,runs\lightning_mag_full\jigsaw-mag-gcp-cpux8-filterall-s20260608-dark-v1\results\prod_mag_rgcn_seed7202_s20260608_q50_types_all_sizes20_50_100_filterall_component_b2000_per_query.csv,mag,mag,20260608,mag,k_hop,50,all,filterall_component,type_rel_feat32,50,49,50,0,49,0,0,0,1,50,1,5.469540120560068,5.27324258399949,5.722069543900488,403107.94,714882.5,744.54,36.57884676491469,97790.20131540373,27.2,0.013600000000000001,1.0,1000000000.0,1000000000.0,1000000000.0,0.0,5176.27996862002,293.2601519400487,0,0,0,0,0,0,0,0,0,49,,,,,,,,,,,,,,,,,,,,,,,,,,,,,,,,,,,,,,,,,,,,,,,,,,,,,,,,,,,,,,,,,,,,,,,,,,,,,,,,,,,,,,,,,,,,,,,,,,,,,,,,,,,,,,,,,,,,,,0,0,0,0,0,0,0,0,0,0,0,0,0,0,0,0,0,0,49,49,legacy_planted_id_v0_audited_equivalent_to_query_payload_v1
runs\lightning_mag_full\jigsaw-mag-gcp-cpux8-filterall-s20260608-dark-v1\summary.csv,runs\lightning_mag_full\jigsaw-mag-gcp-cpux8-filterall-s20260608-dark-v1\results\prod_mag_rgcn_seed7202_s20260608_q50_types_all_sizes20_50_100_filterall_component_b2000_per_query.csv,mag,mag,20260608,mag,k_hop,100,all,filterall_component,type_rel_feat32,50,49,50,0,49,0,0,0,1,50,1,5.785853705579975,5.333076031999553,7.141240452250257,482645.06,801202.75,1230.24,68.04495720531261,56635.91778512887,53.88,0.02694,1.0,1000000000.0,1000000000.0,1000000000.0,0.0,5279.7586401398075,506.0950654401677,0,0,0,0,0,0,0,0,0,49,,,,,,,,,,,,,,,,,,,,,,,,,,,,,,,,,,,,,,,,,,,,,,,,,,,,,,,,,,,,,,,,,,,,,,,,,,,,,,,,,,,,,,,,,,,,,,,,,,,,,,,,,,,,,,,,,,,,,,0,0,0,0,0,0,0,0,0,0,0,0,0,0,0,0,0,0,49,49,legacy_planted_id_v0_audited_equivalent_to_query_payload_v1
runs\lightning_mag_full\jigsaw-mag-gcp-cpux8-filterall-s20260608-dark-v1\summary.csv,runs\lightning_mag_full\jigsaw-mag-gcp-cpux8-filterall-s20260608-dark-v1\results\prod_mag_rgcn_seed7202_s20260608_q50_types_all_sizes20_50_100_filterall_component_b2000_per_query.csv,mag,mag,20260608,mag,degree_k_hop,20,all,filterall_component,type_rel_feat32,50,50,50,0,50,0,0,0,0,50,0,5.443160914679993,5.457635783999876,5.751333021149957,302650.58,594274.75,395.76,4846.053583539454,513269.9225124941,10.68,0.00534,1.0,1000000000.0,1000000000.0,1000000000.0,0.0,5392.19777176002,50.9631429199726,0,0,0,0,0,0,0,0,0,50,,,,,,,,,,,,,,,,,,,,,,,,,,,,,,,,,,,,,,,,,,,,,,,,,,,,,,,,,,,,,,,,,,,,,,,,,,,,,,,,,,,,,,,,,,,,,,,,,,,,,,,,,,,,,,,,,,,,,,0,0,0,0,0,0,0,0,0,0,0,0,0,0,0,0,0,0,50,50,legacy_planted_id_v0_audited_equivalent_to_query_payload_v1
runs\lightning_mag_full\jigsaw-mag-gcp-cpux8-filterall-s20260608-dark-v1\summary.csv,runs\lightning_mag_full\jigsaw-mag-gcp-cpux8-filterall-s20260608-dark-v1\results\prod_mag_rgcn_seed7202_s20260608_q50_types_all_sizes20_50_100_filterall_component_b2000_per_query.csv,mag,mag,20260608,mag,degree_k_hop,50,all,filterall_component,type_rel_feat32,50,50,50,0,50,0,0,0,0,50,0,5.328535642600036,5.283975059000113,5.847661063850273,360169.78,748153.1499999998,560.18,481.87669418225465,108812.89212555008,27.1,0.01355,1.0,1000000000.0,1000000000.0,1000000000.0,0.0,5239.753024640049,88.78261795998696,0,0,0,0,0,0,0,0,0,50,,,,,,,,,,,,,,,,,,,,,,,,,,,,,,,,,,,,,,,,,,,,,,,,,,,,,,,,,,,,,,,,,,,,,,,,,,,,,,,,,,,,,,,,,,,,,,,,,,,,,,,,,,,,,,,,,,,,,,0,0,0,0,0,0,0,0,0,0,0,0,0,0,0,0,0,0,50,50,legacy_planted_id_v0_audited_equivalent_to_query_payload_v1
runs\lightning_mag_full\jigsaw-mag-gcp-cpux8-filterall-s20260608-dark-v1\summary.csv,runs\lightning_mag_full\jigsaw-mag-gcp-cpux8-filterall-s20260608-dark-v1\results\prod_mag_rgcn_seed7202_s20260608_q50_types_all_sizes20_50_100_filterall_component_b2000_per_query.csv,mag,mag,20260608,mag,degree_k_hop,100,all,filterall_component,type_rel_feat32,50,49,50,0,49,0,0,0,1,50,1,5.664194813100003,5.200209970999822,5.72991090965097,489263.46,816457.7499999999,1209.5,87.02120342010623,40176.34604482041,52.28,0.02614,1.0,1000000000.0,1000000000.0,1000000000.0,0.0,5094.983853219892,569.2109598801107,0,0,0,0,0,0,0,0,0,49,,,,,,,,,,,,,,,,,,,,,,,,,,,,,,,,,,,,,,,,,,,,,,,,,,,,,,,,,,,,,,,,,,,,,,,,,,,,,,,,,,,,,,,,,,,,,,,,,,,,,,,,,,,,,,,,,,,,,,0,0,0,0,0,0,0,0,0,0,0,0,0,0,0,0,0,0,49,49,legacy_planted_id_v0_audited_equivalent_to_query_payload_v1
runs\lightning_mag_full\jigsaw-mag-gcp-cpux8-filterall-s20260608-dark-v1\summary.csv,runs\lightning_mag_full\jigsaw-mag-gcp-cpux8-filterall-s20260608-dark-v1\results\prod_mag_rgcn_seed7202_s20260608_q50_types_all_sizes20_50_100_filterall_component_b2000_per_query.csv,mag,mag,20260608,mag,random_walk,20,all,filterall_component,type_rel_feat32,50,50,50,0,50,0,0,0,0,50,0,5.571513514179915,5.513695584999823,6.114963264699963,332876.98,611577.0,623.24,2220.685206229591,584013.9505325153,12.12,0.006059999999999999,1.0,1000000000.0,1000000000.0,1000000000.0,0.0,5452.433838799961,119.07967537995319,0,0,0,0,0,0,0,0,0,50,,,,,,,,,,,,,,,,,,,,,,,,,,,,,,,,,,,,,,,,,,,,,,,,,,,,,,,,,,,,,,,,,,,,,,,,,,,,,,,,,,,,,,,,,,,,,,,,,,,,,,,,,,,,,,,,,,,,,,0,0,0,0,0,0,0,0,0,0,0,0,0,0,0,0,0,0,50,50,legacy_planted_id_v0_audited_equivalent_to_query_payload_v1
runs\lightning_mag_full\jigsaw-mag-gcp-cpux8-filterall-s20260608-dark-v1\summary.csv,runs\lightning_mag_full\jigsaw-mag-gcp-cpux8-filterall-s20260608-dark-v1\results\prod_mag_rgcn_seed7202_s20260608_q50_types_all_sizes20_50_100_filterall_component_b2000_per_query.csv,mag,mag,20260608,mag,random_walk,50,all,filterall_component,type_rel_feat32,50,49,50,0,49,0,0,0,1,50,1,5.59295569125994,5.306012971499513,6.083995093350721,372013.82,750237.25,1058.24,202.8347442464318,197424.67175935057,28.56,0.01428,1.0,1000000000.0,1000000000.0,1000000000.0,0.0,5268.242352579982,324.7133386799578,0,0,0,0,0,0,0,0,0,49,,,,,,,,,,,,,,,,,,,,,,,,,,,,,,,,,,,,,,,,,,,,,,,,,,,,,,,,,,,,,,,,,,,,,,,,,,,,,,,,,,,,,,,,,,,,,,,,,,,,,,,,,,,,,,,,,,,,,,0,0,0,0,0,0,0,0,0,0,0,0,0,0,0,0,0,0,49,49,legacy_planted_id_v0_audited_equivalent_to_query_payload_v1
runs\lightning_mag_full\jigsaw-mag-gcp-cpux8-filterall-s20260608-dark-v1\summary.csv,runs\lightning_mag_full\jigsaw-mag-gcp-cpux8-filterall-s20260608-dark-v1\results\prod_mag_rgcn_seed7202_s20260608_q50_types_all_sizes20_50_100_filterall_component_b2000_per_query.csv,mag,mag,20260608,mag,random_walk,100,all,filterall_component,type_rel_feat32,50,47,50,0,47,0,0,0,3,50,3,6.9490694509000965,5.4551543119996495,18.531652779649853,627327.64,862600.2,3594.82,5.127265624284546,3729.201024553966,56.66,0.02833,1.0,1000000000.0,1000000000.0,1000000000.0,0.0,5277.789617299968,1671.2798336001288,0,0,0,0,0,0,0,0,0,47,,,,,,,,,,,,,,,,,,,,,,,,,,,,,,,,,,,,,,,,,,,,,,,,,,,,,,,,,,,,,,,,,,,,,,,,,,,,,,,,,,,,,,,,,,,,,,,,,,,,,,,,,,,,,,,,,,,,,,0,0,0,0,0,0,0,0,0,0,0,0,0,0,0,0,0,0,47,47,legacy_planted_id_v0_audited_equivalent_to_query_payload_v1
corrected_connected_rerun::prod_mag_seed7202_s20260608_q50_types_multi_fine_multi_coarse_sizes20_50_100_filterall_component_b2000_per_query.csv,C:\Users\Swastik\Desktop\Jigsaw\runs\lcr_mag_v3\results\prod_mag_seed7202_s20260608_q50_types_multi_fine_multi_coarse_sizes20_50_100_filterall_component_b2000_per_query.csv,mag,mag,20260608,mag,multi_coarse,20,all,filterall_component,type_rel_feat32,50,50,50,0,50,0,0,0,0,50,0,5.929978554879986,5.946478039999988,6.461639117950062,469512.14,766977.25,310.34,17.702667455861633,796925.4779202279,4.4,0.0022,1.0,1000000000.0,1000000000.0,1000000000.0,0.0,5878.784002200005,51.194552679980916,0,0,0,0,0,0,0,0,0,50,,,,,,,,,,,,,,,,,,,,,,,,,,,,,,,,,,,,,,,,,,,,,,,,,,,,,,,,,,,,,,,,,,,,,,,,,,,,,,,,,,,,,,,,,,,,,,,,,,,,,,,,,,,,,,,,,,,,,,0,0,0,0,0,0,0,0,0,0,0,0,0,0,0,0,0,0,50,50,legacy_planted_id_v0_audited_equivalent_to_query_payload_v1
corrected_connected_rerun::prod_mag_seed7202_s20260608_q50_types_multi_fine_multi_coarse_sizes20_50_100_filterall_component_b2000_per_query.csv,C:\Users\Swastik\Desktop\Jigsaw\runs\lcr_mag_v3\results\prod_mag_seed7202_s20260608_q50_types_multi_fine_multi_coarse_sizes20_50_100_filterall_component_b2000_per_query.csv,mag,mag,20260608,mag,multi_coarse,50,all,filterall_component,type_rel_feat32,50,50,50,0,50,0,0,0,0,50,0,6.16355189732004,6.102069655500145,6.705370918999574,635153.74,884064.05,327.92,521.9589385212632,132085.16931348538,4.28,0.00214,1.0,1000000000.0,1000000000.0,1000000000.0,0.0,6106.8531200800235,56.69877724001708,0,0,0,0,0,0,0,0,0,50,,,,,,,,,,,,,,,,,,,,,,,,,,,,,,,,,,,,,,,,,,,,,,,,,,,,,,,,,,,,,,,,,,,,,,,,,,,,,,,,,,,,,,,,,,,,,,,,,,,,,,,,,,,,,,,,,,,,,,0,0,0,0,0,0,0,0,0,0,0,0,0,0,0,0,0,0,50,50,legacy_planted_id_v0_audited_equivalent_to_query_payload_v1
corrected_connected_rerun::prod_mag_seed7202_s20260608_q50_types_multi_fine_multi_coarse_sizes20_50_100_filterall_component_b2000_per_query.csv,C:\Users\Swastik\Desktop\Jigsaw\runs\lcr_mag_v3\results\prod_mag_seed7202_s20260608_q50_types_multi_fine_multi_coarse_sizes20_50_100_filterall_component_b2000_per_query.csv,mag,mag,20260608,mag,multi_coarse,100,all,filterall_component,type_rel_feat32,50,49,50,0,49,0,0,0,1,50,1,6.72991114290001,6.2594890145001045,6.887826867999979,736754.24,936311.6,844.12,3.001317556921813,0.0,4.4,0.0022,1.0,1000000000.0,1000000000.0,1000000000.0,0.0,6240.841090860031,489.0700520399787,0,0,0,0,0,0,0,0,0,49,,,,,,,,,,,,,,,,,,,,,,,,,,,,,,,,,,,,,,,,,,,,,,,,,,,,,,,,,,,,,,,,,,,,,,,,,,,,,,,,,,,,,,,,,,,,,,,,,,,,,,,,,,,,,,,,,,,,,,0,0,0,0,0,0,0,0,0,0,0,0,0,0,0,0,0,0,49,49,legacy_planted_id_v0_audited_equivalent_to_query_payload_v1
/workspace/jigsaw_pkg/runs/noid_negative_mag_v3/results/prod_mag_pv1_s20260608_neg_filterall_component_b2000_per_query.csv,/workspace/jigsaw_pkg/runs/noid_negative_mag_v3/results/prod_mag_pv1_s20260608_neg_filterall_component_b2000_per_query.csv,mag,mag,20260608,mag,negative_label,20,all,filterall_component,type_rel_feat32,50,0,0,50,0,0,50,0,0,5,0,2.6835297039200667,2.6932882725004674,2.912929468449965,279068.48,635645.9,0.0,1219.209106301914,491029.53141473053,11.08,0.005540000000000002,1.0,1000000000.0,1000000000.0,1000000000.0,0.0,2683.529703920067,0.0,0,0,0,0,0,0,0,0,0,0,query_payload_v1_negative_rerun_2026-08-01,50,0,,0,1,0,50,0,2.68352970392,0,2.6835297039200667,279068.48,,,,,,,,0,,,,,,,,,,,,,,,,,,,,,,,,,,,,,,,,,,,,,,,,,,,,,,,,,,,,,,,,,,,,,,,,,,,,,,,,,,,,,,,,,,,,,,,,,,,,,,,0.1,0,0,0,0,0,0,0,0,0,0,0,0,0,0,0,0,0,0,0,0,0,query_payload_v1
/workspace/jigsaw_pkg/runs/noid_negative_mag_v3/results/prod_mag_pv1_s20260608_neg_filterall_component_b2000_per_query.csv,/workspace/jigsaw_pkg/runs/noid_negative_mag_v3/results/prod_mag_pv1_s20260608_neg_filterall_component_b2000_per_query.csv,mag,mag,20260608,mag,negative_label,50,all,filterall_component,type_rel_feat32,50,0,0,50,0,0,50,0,0,9,0,2.7670320196799367,2.7775518650005324,2.996601272449152,411601.64,696596.2,0.0,151.07523086559368,128127.27228847514,27.94,0.013969999999999998,1.0,1000000000.0,1000000000.0,1000000000.0,0.0,2767.032019679936,0.0,0,0,0,0,0,0,0,0,0,0,query_payload_v1_negative_rerun_2026-08-01,50,0,,0,1,0,50,0,2.76703201968,0,2.7670320196799367,411601.64,,,,,,,,0,,,,,,,,,,,,,,,,,,,,,,,,,,,,,,,,,,,,,,,,,,,,,,,,,,,,,,,,,,,,,,,,,,,,,,,,,,,,,,,,,,,,,,,,,,,,,,,0.18,0,0,0,0,0,0,0,0,0,0,0,0,0,0,0,0,0,0,0,0,0,query_payload_v1
/workspace/jigsaw_pkg/runs/noid_negative_mag_v3/results/prod_mag_pv1_s20260608_neg_filterall_component_b2000_per_query.csv,/workspace/jigsaw_pkg/runs/noid_negative_mag_v3/results/prod_mag_pv1_s20260608_neg_filterall_component_b2000_per_query.csv,mag,mag,20260608,mag,negative_label,100,all,filterall_component,type_rel_feat32,50,0,0,50,0,0,50,0,0,8,0,2.718313736640048,2.6980379035003352,2.9126380779493957,391668.48,718037.25,0.0,20.171517368126132,47660.116940651125,52.76,0.026380000000000004,1.0,1000000000.0,1000000000.0,1000000000.0,0.0,2718.313736640048,0.0,0,0,0,0,0,0,0,0,0,0,query_payload_v1_negative_rerun_2026-08-01,50,0,,0,1,0,50,0,2.71831373664,0,2.718313736640048,391668.48,,,,,,,,0,,,,,,,,,,,,,,,,,,,,,,,,,,,,,,,,,,,,,,,,,,,,,,,,,,,,,,,,,,,,,,,,,,,,,,,,,,,,,,,,,,,,,,,,,,,,,,,0.16,0,0,0,0,0,0,0,0,0,0,0,0,0,0,0,0,0,0,0,0,0,query_payload_v1
/workspace/jigsaw_pkg/runs/noid_negative_mag_v3/results/prod_mag_pv1_s20260608_neg_filterall_component_b2000_per_query.csv,/workspace/jigsaw_pkg/runs/noid_negative_mag_v3/results/prod_mag_pv1_s20260608_neg_filterall_component_b2000_per_query.csv,mag,mag,20260608,mag,negative_structure,20,all,filterall_component,type_rel_feat32,50,0,0,50,0,0,49,1,1,50,1,3.0597943229799056,2.8033140545003334,3.005018420050328,298114.7,704687.2499999998,619.62,1251.0646461135796,389331.2297726037,11.0,0.005500000000000002,1.0,1000000000.0,1000000000.0,1000000000.0,0.0,2760.8600719798774,298.93425100002787,0,0,0,0,0,0,0,0,0,0,query_payload_v1_negative_rerun_2026-08-01,50,0,,0,0.98,0,50,0.298934251,2.76086007198,0,3.0597943229799056,298114.7,,,,,,,,1,,,,,,,,,,,,,,,,,,,,,,,,,,,,,,,,,,,,,,,,,,,,,,,,,,,,,,,,,,,,,,,,,,,,,,,,,,,,,,,,,,,,,,,,,,,,,,,1,0.02,0,0,0,0,0,0,0,0,0,0,0,0,0,0,0,0,0,0,0,0,query_payload_v1
/workspace/jigsaw_pkg/runs/noid_negative_mag_v3/results/prod_mag_pv1_s20260608_neg_filterall_component_b2000_per_query.csv,/workspace/jigsaw_pkg/runs/noid_negative_mag_v3/results/prod_mag_pv1_s20260608_neg_filterall_component_b2000_per_query.csv,mag,mag,20260608,mag,negative_structure,50,all,filterall_component,type_rel_feat32,50,0,0,50,0,0,49,1,1,50,1,2.8333763257397733,2.690199138000935,2.8873736150002514,329896.66,691942.95,734.36,1726.0471319324945,128784.17624146756,27.16,0.013579999999999998,1.0,1000000000.0,1000000000.0,1000000000.0,0.0,2660.8881851398473,172.48814059992583,0,0,0,0,0,0,0,0,0,0,query_payload_v1_negative_rerun_2026-08-01,50,0,,0,0.98,0,50,0.1724881406,2.66088818514,0,2.8333763257397733,329896.66,,,,,,,,1,,,,,,,,,,,,,,,,,,,,,,,,,,,,,,,,,,,,,,,,,,,,,,,,,,,,,,,,,,,,,,,,,,,,,,,,,,,,,,,,,,,,,,,,,,,,,,,1,0.02,0,0,0,0,0,0,0,0,0,0,0,0,0,0,0,0,0,0,0,0,query_payload_v1
/workspace/jigsaw_pkg/runs/noid_negative_mag_v3/results/prod_mag_pv1_s20260608_neg_filterall_component_b2000_per_query.csv,/workspace/jigsaw_pkg/runs/noid_negative_mag_v3/results/prod_mag_pv1_s20260608_neg_filterall_component_b2000_per_query.csv,mag,mag,20260608,mag,negative_structure,100,all,filterall_component,type_rel_feat32,50,0,0,50,0,0,50,0,0,50,0,2.9312849051000014,2.7857878799995888,2.98895810545182,456319.6,914832.1,950.14,53.800366409889236,55763.981351987335,47.4,0.023700000000000002,1.0,1000000000.0,1000000000.0,1000000000.0,0.0,2747.5254974999552,183.75940760004596,0,0,0,0,0,0,0,0,0,0,query_payload_v1_negative_rerun_2026-08-01,50,0,,0,1,0,50,0.1837594076,2.7475254975,0,2.9312849051000014,456319.6,,,,,,,,0,,,,,,,,,,,,,,,,,,,,,,,,,,,,,,,,,,,,,,,,,,,,,,,,,,,,,,,,,,,,,,,,,,,,,,,,,,,,,,,,,,,,,,,,,,,,,,,1,0,0,0,0,0,0,0,0,0,0,0,0,0,0,0,0,0,0,0,0,0,query_payload_v1
