source_file,file,dataset,dataset_guess,seed,model,query_type,target_query_size,method,method_label,signature,queries,solved,positive_queries,negative_queries,positive_solved,false_positives,correct_no_match,negative_timeouts,unknown_within_budget,contained,timeouts,avg_total_s,p50_total_s,p95_total_s,avg_candidate_nodes,p95_candidate_nodes,avg_component_solver_nodes,avg_node_reduction_factor,avg_edge_reduction_factor_diag,avg_true_parts,avg_precision_at_budget,avg_recall_at_budget,p50_max_true_rank,p95_max_true_rank,p99_max_true_rank,avg_retrieval_ms,avg_candidate_ms,avg_solver_ms,solved_at_2,solved_at_5,solved_at_10,solved_at_20,solved_at_50,solved_at_100,solved_at_200,solved_at_500,solved_at_1000,solved_at_2000,source_bundle,source_rows,solved_rate,positive_solved_rate,false_positive_rate,correct_no_match_rate,solved_total,unsolved,avg_solver_time_per_query,avg_candidate_time_per_query,avg_retrieval_time,avg_total_time_per_query,avg_pruned_nodes,avg_signature_nodes,avg_overlap_nodes,avg_candidate_node_fraction,hit_rows,avg_max_true_coarse_rank,impossible_rows,pruned_fullcov_rows,solver_timeouts,coarse_budget,fullcov,fullcov_rate,recall,avg_max_true_rank,variant,checkpoint,query_seed,budget,impossible,avg_true_coarse,max_true_coarse,wins,losses,exact_mcnemar_p,seed_k,seed_fullcov,avg_seed_recall,expanded_fullcov,avg_expanded_recall,fine_pool_fullcov,avg_fine_pool_recall,fine_fullcov_at_25,avg_fine_recall_at_25,fine_fullcov_at_50,avg_fine_recall_at_50,fine_fullcov_at_75,avg_fine_recall_at_75,fine_fullcov_at_100,avg_fine_recall_at_100,fine_fullcov_at_150,avg_fine_recall_at_150,fine_fullcov_at_200,avg_fine_recall_at_200,fine_fullcov_at_250,avg_fine_recall_at_250,fine_fullcov_at_300,avg_fine_recall_at_300,fine_fullcov_at_400,avg_fine_recall_at_400,fine_fullcov_at_625,avg_fine_recall_at_625,fine_fullcov_at_750,avg_fine_recall_at_750,impossible_at_budget,avg_true_coarse_count,max_true_coarse_count,avg_query_nodes,avg_retrieval_time_seconds,avg_fused_retrieval_time_seconds,avg_seed_precision,avg_expanded_precision,avg_prefix_precision_at_1,avg_prefix_norm_precision_at_1,avg_prefix_precision_at_2,avg_prefix_norm_precision_at_2,avg_prefix_precision_at_5,avg_prefix_norm_precision_at_5,avg_prefix_precision_at_10,avg_prefix_norm_precision_at_10,overlap1_node_fullcov,avg_overlap1_node_recall,avg_overlap1_candidate_nodes,avg_model_load_time_seconds,avg_faiss_build_time_seconds,avg_overlap1_metric_time_seconds,avg_signature_pruning_time_seconds,avg_sig_type_candidate_nodes,avg_sig_type_candidate_fraction,avg_sig_type_reduction_vs_overlap,avg_sig_type_degree_candidate_nodes,avg_sig_type_degree_candidate_fraction,avg_sig_type_degree_reduction_vs_overlap,avg_sig_type_rel_candidate_nodes,avg_sig_type_rel_candidate_fraction,avg_sig_type_rel_reduction_vs_overlap,avg_sig_type_feat8_candidate_nodes,avg_sig_type_feat8_candidate_fraction,avg_sig_type_feat8_reduction_vs_overlap,avg_sig_type_rel_feat8_candidate_nodes,avg_sig_type_rel_feat8_candidate_fraction,avg_sig_type_rel_feat8_reduction_vs_overlap,avg_sig_type_feat16_candidate_nodes,avg_sig_type_feat16_candidate_fraction,avg_sig_type_feat16_reduction_vs_overlap,avg_sig_type_rel_feat16_candidate_nodes,avg_sig_type_rel_feat16_candidate_fraction,avg_sig_type_rel_feat16_reduction_vs_overlap,avg_sig_type_feat32_candidate_nodes,avg_sig_type_feat32_candidate_fraction,avg_sig_type_feat32_reduction_vs_overlap,avg_sig_type_rel_feat32_candidate_nodes,avg_sig_type_rel_feat32_candidate_fraction,avg_sig_type_rel_feat32_reduction_vs_overlap,contained_rate,timeout_rate,first_solved_at_2,solved_by_2,first_solved_at_5,solved_by_5,first_solved_at_10,solved_by_10,first_solved_at_20,solved_by_20,first_solved_at_50,solved_by_50,first_solved_at_100,solved_by_100,first_solved_at_200,solved_by_200,first_solved_at_500,solved_by_500,first_solved_at_1000,solved_by_1000,first_solved_at_2000,solved_by_2000
runs\lightning_completion\jigsaw-cora-clean-full-gcp-cpux8-v3\summary.csv,C:\Users\Swastik\Desktop\Jigsaw\runs\lightning_completion\jigsaw-cora-clean-full-gcp-cpux8-v3\results\prod_cora_clean_s20260607_q50_types_all_sizes20_50_100_neural_component_b2_5_10_20_per_query.csv,cora,cora,20260607,cora_jigsaw,k_hop,20,hybrid,neural_component,type_feat32,50,50,50,0,50,0,0,0,0,50,0,0.016869215940007506,0.014323410499997635,0.04023030854999655,195.82,1474.4499999999925,19.92,987.9419449555843,1815.5116143102543,2.5,0.8222222222222222,0.7759259259259259,2.0,9.549999999999997,11.0,5.0893025185185135,9.709371129633626,5.910273259262214,46,4,0,0,0,0,0,0,0,0,,,,,,,,,,,,,,,,,,,,,,,,,,,,,,,,,,,,,,,,,,,,,,,,,,,,,,,,,,,,,,,,,,,,,,,,,,,,,,,,,,,,,,,,,,,,,,,,,,,,,,,,,,,,,,,,,,,,,,46,46,4,50,0,50,0,50,0,50,0,50,0,50,0,50,0,50,0,50
runs\lightning_completion\jigsaw-cora-clean-full-gcp-cpux8-v3\summary.csv,C:\Users\Swastik\Desktop\Jigsaw\runs\lightning_completion\jigsaw-cora-clean-full-gcp-cpux8-v3\results\prod_cora_clean_s20260607_q50_types_all_sizes20_50_100_neural_component_b2_5_10_20_per_query.csv,cora,cora,20260607,cora_jigsaw,k_hop,50,hybrid,neural_component,type_feat32,50,50,50,0,50,0,0,0,0,50,0,0.03858018857999923,0.02185738550002725,0.08459640205005597,938.16,3238.0499999999993,50.64,390.0757462168792,502.59270965979965,5.16,0.9462686567164179,0.5080490405117271,8.0,18.0,19.509999999999998,7.214688119408642,19.95011179104298,8.841073716419134,35,13,2,0,0,0,0,0,0,0,,,,,,,,,,,,,,,,,,,,,,,,,,,,,,,,,,,,,,,,,,,,,,,,,,,,,,,,,,,,,,,,,,,,,,,,,,,,,,,,,,,,,,,,,,,,,,,,,,,,,,,,,,,,,,,,,,,,,,35,35,13,48,2,50,0,50,0,50,0,50,0,50,0,50,0,50,0,50
runs\lightning_completion\jigsaw-cora-clean-full-gcp-cpux8-v3\summary.csv,C:\Users\Swastik\Desktop\Jigsaw\runs\lightning_completion\jigsaw-cora-clean-full-gcp-cpux8-v3\results\prod_cora_clean_s20260607_q50_types_all_sizes20_50_100_neural_component_b2_5_10_20_per_query.csv,cora,cora,20260607,cora_jigsaw,k_hop,100,hybrid,neural_component,type_feat32,50,50,50,0,50,0,0,0,0,50,0,0.07900934286000279,0.07213912800000344,0.16009366800002167,2471.44,6745.549999999999,100.42,196.40221427978278,148.6069501422286,6.7,0.8955555555555554,0.4639426006092673,13.5,19.549999999999997,20.0,9.511041499996509,32.56383148888884,11.330247877779382,19,23,7,1,0,0,0,0,0,0,,,,,,,,,,,,,,,,,,,,,,,,,,,,,,,,,,,,,,,,,,,,,,,,,,,,,,,,,,,,,,,,,,,,,,,,,,,,,,,,,,,,,,,,,,,,,,,,,,,,,,,,,,,,,,,,,,,,,,19,19,23,42,7,49,1,50,0,50,0,50,0,50,0,50,0,50,0,50
runs\lightning_completion\jigsaw-cora-clean-full-gcp-cpux8-v3\summary.csv,C:\Users\Swastik\Desktop\Jigsaw\runs\lightning_completion\jigsaw-cora-clean-full-gcp-cpux8-v3\results\prod_cora_clean_s20260607_q50_types_all_sizes20_50_100_neural_component_b2_5_10_20_per_query.csv,cora,cora,20260607,cora_jigsaw,degree_k_hop,20,hybrid,neural_component,type_feat32,50,50,50,0,50,0,0,0,0,50,0,0.021614448279998442,0.01588538549998475,0.05632334904995559,252.74,2802.6999999999994,19.52,1033.671406162465,1940.3325381118752,2.86,0.8767857142857143,0.7449404761904762,3.0,16.0,16.509999999999998,6.0799774285728505,12.628886999997187,6.669727535715708,45,4,1,0,0,0,0,0,0,0,,,,,,,,,,,,,,,,,,,,,,,,,,,,,,,,,,,,,,,,,,,,,,,,,,,,,,,,,,,,,,,,,,,,,,,,,,,,,,,,,,,,,,,,,,,,,,,,,,,,,,,,,,,,,,,,,,,,,,45,45,4,49,1,50,0,50,0,50,0,50,0,50,0,50,0,50,0,50
runs\lightning_completion\jigsaw-cora-clean-full-gcp-cpux8-v3\summary.csv,C:\Users\Swastik\Desktop\Jigsaw\runs\lightning_completion\jigsaw-cora-clean-full-gcp-cpux8-v3\results\prod_cora_clean_s20260607_q50_types_all_sizes20_50_100_neural_component_b2_5_10_20_per_query.csv,cora,cora,20260607,cora_jigsaw,degree_k_hop,50,hybrid,neural_component,type_feat32,50,50,50,0,50,0,0,0,0,50,0,0.03705871763999994,0.02242087100003687,0.08466804605000672,963.66,3031.3999999999996,50.24,391.6818497216281,447.57439145958597,5.22,0.956060606060606,0.49458874458874463,7.0,16.0,17.509999999999998,7.429739303030615,19.32019951515103,8.754586575758015,35,14,1,0,0,0,0,0,0,0,,,,,,,,,,,,,,,,,,,,,,,,,,,,,,,,,,,,,,,,,,,,,,,,,,,,,,,,,,,,,,,,,,,,,,,,,,,,,,,,,,,,,,,,,,,,,,,,,,,,,,,,,,,,,,,,,,,,,,35,35,14,49,1,50,0,50,0,50,0,50,0,50,0,50,0,50,0,50
runs\lightning_completion\jigsaw-cora-clean-full-gcp-cpux8-v3\summary.csv,C:\Users\Swastik\Desktop\Jigsaw\runs\lightning_completion\jigsaw-cora-clean-full-gcp-cpux8-v3\results\prod_cora_clean_s20260607_q50_types_all_sizes20_50_100_neural_component_b2_5_10_20_per_query.csv,cora,cora,20260607,cora_jigsaw,degree_k_hop,100,hybrid,neural_component,type_feat32,50,50,50,0,50,0,0,0,0,50,0,0.07424050960000272,0.06873550750003687,0.17491455550003243,2243.64,6906.15,100.5,196.3080764434889,164.5751512428105,6.94,0.9181818181818181,0.464127886002886,14.0,20.0,20.0,9.530861863636114,31.188415681819365,10.993692045454912,21,22,5,2,0,0,0,0,0,0,,,,,,,,,,,,,,,,,,,,,,,,,,,,,,,,,,,,,,,,,,,,,,,,,,,,,,,,,,,,,,,,,,,,,,,,,,,,,,,,,,,,,,,,,,,,,,,,,,,,,,,,,,,,,,,,,,,,,,21,21,22,43,5,48,2,50,0,50,0,50,0,50,0,50,0,50,0,50
runs\lightning_completion\jigsaw-cora-clean-full-gcp-cpux8-v3\summary.csv,C:\Users\Swastik\Desktop\Jigsaw\runs\lightning_completion\jigsaw-cora-clean-full-gcp-cpux8-v3\results\prod_cora_clean_s20260607_q50_types_all_sizes20_50_100_neural_component_b2_5_10_20_per_query.csv,cora,cora,20260607,cora_jigsaw,random_walk,20,hybrid,neural_component,type_feat32,50,50,50,0,50,0,0,0,0,50,0,0.02835135928000227,0.015449806000020772,0.05811330995002208,845.68,3187.25,20.58,960.197807378129,1788.4666393768116,2.98,0.8202898550724638,0.7265700483091787,4.0,18.0,19.019999999999996,5.608574449274454,15.553480652173498,4.99098259420496,33,15,2,0,0,0,0,0,0,0,,,,,,,,,,,,,,,,,,,,,,,,,,,,,,,,,,,,,,,,,,,,,,,,,,,,,,,,,,,,,,,,,,,,,,,,,,,,,,,,,,,,,,,,,,,,,,,,,,,,,,,,,,,,,,,,,,,,,,33,33,15,48,2,50,0,50,0,50,0,50,0,50,0,50,0,50,0,50
runs\lightning_completion\jigsaw-cora-clean-full-gcp-cpux8-v3\summary.csv,C:\Users\Swastik\Desktop\Jigsaw\runs\lightning_completion\jigsaw-cora-clean-full-gcp-cpux8-v3\results\prod_cora_clean_s20260607_q50_types_all_sizes20_50_100_neural_component_b2_5_10_20_per_query.csv,cora,cora,20260607,cora_jigsaw,random_walk,50,hybrid,neural_component,type_feat32,50,50,50,0,50,0,0,0,0,50,0,0.09324078497999835,0.06352527300001043,0.23800720394999642,3684.6,11609.4,52.02,384.03536955403297,397.10775248013005,5.62,0.8243801652892562,0.6281221303948576,10.5,19.549999999999997,20.0,6.9846614132200004,33.901219421487674,4.62803057024718,5,28,8,9,0,0,0,0,0,0,,,,,,,,,,,,,,,,,,,,,,,,,,,,,,,,,,,,,,,,,,,,,,,,,,,,,,,,,,,,,,,,,,,,,,,,,,,,,,,,,,,,,,,,,,,,,,,,,,,,,,,,,,,,,,,,,,,,,,5,5,28,33,8,41,9,50,0,50,0,50,0,50,0,50,0,50,0,50
runs\lightning_completion\jigsaw-cora-clean-full-gcp-cpux8-v3\summary.csv,C:\Users\Swastik\Desktop\Jigsaw\runs\lightning_completion\jigsaw-cora-clean-full-gcp-cpux8-v3\results\prod_cora_clean_s20260607_q50_types_all_sizes20_50_100_neural_component_b2_5_10_20_per_query.csv,cora,cora,20260607,cora_jigsaw,random_walk,100,hybrid,neural_component,type_feat32,50,50,50,0,50,0,0,0,0,50,0,0.19204273310000416,0.18939056449997338,0.29140796305001404,7107.2,11813.75,103.1,191.42713783155327,145.18249660947686,8.04,0.7801775147928994,0.5951343528266605,15.0,20.0,20.0,9.417678455622468,51.26176855029753,5.555608106508437,1,5,18,26,0,0,0,0,0,0,,,,,,,,,,,,,,,,,,,,,,,,,,,,,,,,,,,,,,,,,,,,,,,,,,,,,,,,,,,,,,,,,,,,,,,,,,,,,,,,,,,,,,,,,,,,,,,,,,,,,,,,,,,,,,,,,,,,,,1,1,5,6,18,24,26,50,0,50,0,50,0,50,0,50,0,50,0,50
runs\lightning_completion\jigsaw-cora-clean-full-gcp-cpux8-v3\summary.csv,C:\Users\Swastik\Desktop\Jigsaw\runs\lightning_completion\jigsaw-cora-clean-full-gcp-cpux8-v3\results\prod_cora_clean_s20260607_q50_types_all_sizes20_50_100_neural_component_b2_5_10_20_per_query.csv,cora,cora,20260607,cora_jigsaw,single,20,hybrid,neural_component,type_feat32,50,50,50,0,50,0,0,0,0,50,0,0.016880924679994677,0.015493796000015436,0.025313280550011537,20.22,21.0,20.2,980.4554495504495,1818.6527817141455,1.0,0.5,1.0,1.0,1.0,1.0,6.302884100002757,9.368651320004346,7.512273359990331,50,0,0,0,0,0,0,0,0,0,,,,,,,,,,,,,,,,,,,,,,,,,,,,,,,,,,,,,,,,,,,,,,,,,,,,,,,,,,,,,,,,,,,,,,,,,,,,,,,,,,,,,,,,,,,,,,,,,,,,,,,,,,,,,,,,,,,,,,50,50,0,50,0,50,0,50,0,50,0,50,0,50,0,50,0,50,0,50
runs\lightning_completion\jigsaw-cora-clean-full-gcp-cpux8-v3\summary.csv,C:\Users\Swastik\Desktop\Jigsaw\runs\lightning_completion\jigsaw-cora-clean-full-gcp-cpux8-v3\results\prod_cora_clean_s20260607_q50_types_all_sizes20_50_100_neural_component_b2_5_10_20_per_query.csv,cora,cora,20260607,cora_jigsaw,single,50,hybrid,neural_component,type_feat32,50,50,50,0,50,0,0,0,0,50,0,0.0233675833399991,0.021110146000012264,0.036430268049997494,50.42,53.55,50.2,393.248086386438,597.1284314097937,1.0,0.5,1.0,1.0,1.0,1.0,7.3495638200017765,11.262781780002342,12.104801559996758,50,0,0,0,0,0,0,0,0,0,,,,,,,,,,,,,,,,,,,,,,,,,,,,,,,,,,,,,,,,,,,,,,,,,,,,,,,,,,,,,,,,,,,,,,,,,,,,,,,,,,,,,,,,,,,,,,,,,,,,,,,,,,,,,,,,,,,,,,50,50,0,50,0,50,0,50,0,50,0,50,0,50,0,50,0,50,0,50
runs\lightning_completion\jigsaw-cora-clean-full-gcp-cpux8-v3\summary.csv,C:\Users\Swastik\Desktop\Jigsaw\runs\lightning_completion\jigsaw-cora-clean-full-gcp-cpux8-v3\results\prod_cora_clean_s20260607_q50_types_all_sizes20_50_100_neural_component_b2_5_10_20_per_query.csv,cora,cora,20260607,cora_jigsaw,single,100,hybrid,neural_component,type_feat32,50,50,50,0,50,0,0,0,0,50,0,0.036442481600004156,0.03200667650000355,0.05747459449997905,100.6,103.0,100.4,196.77079873312778,240.49349510813653,1.0,0.5,1.0,1.0,1.0,1.0,9.672241700006907,15.347879120001835,21.094602480002322,50,0,0,0,0,0,0,0,0,0,,,,,,,,,,,,,,,,,,,,,,,,,,,,,,,,,,,,,,,,,,,,,,,,,,,,,,,,,,,,,,,,,,,,,,,,,,,,,,,,,,,,,,,,,,,,,,,,,,,,,,,,,,,,,,,,,,,,,,50,50,0,50,0,50,0,50,0,50,0,50,0,50,0,50,0,50,0,50
runs\lightning_completion\jigsaw-cora-clean-full-gcp-cpux8-v3\summary.csv,C:\Users\Swastik\Desktop\Jigsaw\runs\lightning_completion\jigsaw-cora-clean-full-gcp-cpux8-v3\results\prod_cora_clean_s20260607_q50_types_all_sizes20_50_100_neural_component_b2_5_10_20_per_query.csv,cora,cora,20260607,cora_jigsaw,negative_label,20,hybrid,neural_component,type_feat32,50,0,0,50,0,0,50,0,0,36,0,0.24703023607999625,0.30999652850002235,0.36640711164992007,11447.94,18874.25,0.0,495.5280774974059,846.8671080078518,2.9,0.44975000000000004,0.882,4.0,12.0,17.039999999999992,5.6282648000001245,61.757559019999064,0.0,0,0,0,0,0,0,0,0,0,0,,,,,,,,,,,,,,,,,,,,,,,,,,,,,,,,,,,,,,,,,,,,,,,,,,,,,,,,,,,,,,,,,,,,,,,,,,,,,,,,,,,,,,,,,,,,,,,,,,,,,,,,,,,,,,,,,,,,,,0,0,0,0,0,0,0,0,0,0,0,0,0,0,0,0,0,0,0,0
runs\lightning_completion\jigsaw-cora-clean-full-gcp-cpux8-v3\summary.csv,C:\Users\Swastik\Desktop\Jigsaw\runs\lightning_completion\jigsaw-cora-clean-full-gcp-cpux8-v3\results\prod_cora_clean_s20260607_q50_types_all_sizes20_50_100_neural_component_b2_5_10_20_per_query.csv,cora,cora,20260607,cora_jigsaw,negative_label,50,hybrid,neural_component,type_feat32,50,0,0,50,0,0,50,0,0,33,0,0.23377826953999034,0.23552117800002748,0.3670144536000464,10179.6,18980.25,0.0,263.5696773927413,266.69686799192584,4.88,0.5795,0.7737261904761905,9.0,19.0,20.0,6.983497440003248,58.44456738499758,0.0,0,0,0,0,0,0,0,0,0,0,,,,,,,,,,,,,,,,,,,,,,,,,,,,,,,,,,,,,,,,,,,,,,,,,,,,,,,,,,,,,,,,,,,,,,,,,,,,,,,,,,,,,,,,,,,,,,,,,,,,,,,,,,,,,,,,,,,,,,0,0,0,0,0,0,0,0,0,0,0,0,0,0,0,0,0,0,0,0
runs\lightning_completion\jigsaw-cora-clean-full-gcp-cpux8-v3\summary.csv,C:\Users\Swastik\Desktop\Jigsaw\runs\lightning_completion\jigsaw-cora-clean-full-gcp-cpux8-v3\results\prod_cora_clean_s20260607_q50_types_all_sizes20_50_100_neural_component_b2_5_10_20_per_query.csv,cora,cora,20260607,cora_jigsaw,negative_label,100,hybrid,neural_component,type_feat32,50,0,0,50,0,0,50,0,0,19,0,0.1987082533400064,0.159487914500005,0.3855609734500149,6525.6,19009.75,0.0,169.41580558959936,171.4876386017104,6.94,0.66975,0.6819305555555556,14.0,20.0,20.0,9.373061659999848,49.677063335001606,0.0,0,0,0,0,0,0,0,0,0,0,,,,,,,,,,,,,,,,,,,,,,,,,,,,,,,,,,,,,,,,,,,,,,,,,,,,,,,,,,,,,,,,,,,,,,,,,,,,,,,,,,,,,,,,,,,,,,,,,,,,,,,,,,,,,,,,,,,,,,0,0,0,0,0,0,0,0,0,0,0,0,0,0,0,0,0,0,0,0
runs\lightning_completion\jigsaw-cora-clean-full-gcp-cpux8-v3\summary.csv,C:\Users\Swastik\Desktop\Jigsaw\runs\lightning_completion\jigsaw-cora-clean-full-gcp-cpux8-v3\results\prod_cora_clean_s20260607_q50_types_all_sizes20_50_100_neural_component_b2_5_10_20_per_query.csv,cora,cora,20260607,cora_jigsaw,negative_structure,20,hybrid,neural_component,type_feat32,50,0,0,50,0,0,50,0,0,50,0,0.12265955103997499,0.11555273849998571,0.16073321749991293,369.92,2899.7,20.1,989.1375143730949,1946.113239914702,3.02,0.47825,0.9065714285714286,3.0,12.099999999999994,15.039999999999992,5.822291200005338,24.219090279995044,6.445797479998703,0,0,0,0,0,0,0,0,0,0,,,,,,,,,,,,,,,,,,,,,,,,,,,,,,,,,,,,,,,,,,,,,,,,,,,,,,,,,,,,,,,,,,,,,,,,,,,,,,,,,,,,,,,,,,,,,,,,,,,,,,,,,,,,,,,,,,,,,,0,0,0,0,0,0,0,0,0,0,0,0,0,0,0,0,0,0,0,0
runs\lightning_completion\jigsaw-cora-clean-full-gcp-cpux8-v3\summary.csv,C:\Users\Swastik\Desktop\Jigsaw\runs\lightning_completion\jigsaw-cora-clean-full-gcp-cpux8-v3\results\prod_cora_clean_s20260607_q50_types_all_sizes20_50_100_neural_component_b2_5_10_20_per_query.csv,cora,cora,20260607,cora_jigsaw,negative_structure,50,hybrid,neural_component,type_feat32,50,0,0,50,0,0,50,0,0,50,0,0.15189085512001385,0.14204587500000798,0.2314856403999215,967.72,3150.1499999999987,50.12,395.39659178974927,574.6896744051874,4.94,0.60925,0.8009265873015873,8.0,18.0,19.509999999999998,7.626970380000557,28.362310450001473,9.610403330001986,0,0,0,0,0,0,0,0,0,0,,,,,,,,,,,,,,,,,,,,,,,,,,,,,,,,,,,,,,,,,,,,,,,,,,,,,,,,,,,,,,,,,,,,,,,,,,,,,,,,,,,,,,,,,,,,,,,,,,,,,,,,,,,,,,,,,,,,,,0,0,0,0,0,0,0,0,0,0,0,0,0,0,0,0,0,0,0,0
runs\lightning_completion\jigsaw-cora-clean-full-gcp-cpux8-v3\summary.csv,C:\Users\Swastik\Desktop\Jigsaw\runs\lightning_completion\jigsaw-cora-clean-full-gcp-cpux8-v3\results\prod_cora_clean_s20260607_q50_types_all_sizes20_50_100_neural_component_b2_5_10_20_per_query.csv,cora,cora,20260607,cora_jigsaw,negative_structure,100,hybrid,neural_component,type_feat32,50,0,0,50,0,0,50,0,0,50,0,0.19103283665999243,0.18274750749998248,0.25389757040006194,2157.32,6839.049999999999,101.12,193.85031219011154,218.02488049607598,6.68,0.6785,0.7060427489177489,12.0,19.0,19.509999999999998,9.929091959999141,34.293011729998,13.465197435000107,0,0,0,0,0,0,0,0,0,0,,,,,,,,,,,,,,,,,,,,,,,,,,,,,,,,,,,,,,,,,,,,,,,,,,,,,,,,,,,,,,,,,,,,,,,,,,,,,,,,,,,,,,,,,,,,,,,,,,,,,,,,,,,,,,,,,,,,,,0,0,0,0,0,0,0,0,0,0,0,0,0,0,0,0,0,0,0,0
runs\lightning_completion\jigsaw-cora-clean-full-gcp-cpux8-v3\summary.csv,C:\Users\Swastik\Desktop\Jigsaw\runs\lightning_completion\jigsaw-cora-clean-full-gcp-cpux8-v3\results\prod_cora_clean_s20260608_q50_types_all_sizes20_50_100_neural_component_b2_5_10_20_per_query.csv,cora,cora,20260608,cora_jigsaw,k_hop,20,hybrid,neural_component,type_feat32,50,50,50,0,50,0,0,0,0,50,0,0.022102788140000485,0.015000294999936159,0.06917895995002249,395.28,2722.1999999999994,20.1,980.6941849949567,1701.8293574485426,2.74,0.8758620689655172,0.7626436781609196,3.0,13.0,14.019999999999996,5.265684603418306,13.198132655181075,5.855995051715895,42,8,0,0,0,0,0,0,0,0,,,,,,,,,,,,,,,,,,,,,,,,,,,,,,,,,,,,,,,,,,,,,,,,,,,,,,,,,,,,,,,,,,,,,,,,,,,,,,,,,,,,,,,,,,,,,,,,,,,,,,,,,,,,,,,,,,,,,,42,42,8,50,0,50,0,50,0,50,0,50,0,50,0,50,0,50,0,50
runs\lightning_completion\jigsaw-cora-clean-full-gcp-cpux8-v3\summary.csv,C:\Users\Swastik\Desktop\Jigsaw\runs\lightning_completion\jigsaw-cora-clean-full-gcp-cpux8-v3\results\prod_cora_clean_s20260608_q50_types_all_sizes20_50_100_neural_component_b2_5_10_20_per_query.csv,cora,cora,20260608,cora_jigsaw,k_hop,50,hybrid,neural_component,type_feat32,50,50,50,0,50,0,0,0,0,50,0,0.040612529060003906,0.02149479899992457,0.10308114804996646,1089.3,2994.6499999999996,49.96,395.8652965538819,483.98898731548377,4.72,0.8891304347826087,0.5556130664826318,7.0,19.0,20.0,6.69018192754753,21.138828507251883,8.290540376808918,35,12,2,1,0,0,0,0,0,0,,,,,,,,,,,,,,,,,,,,,,,,,,,,,,,,,,,,,,,,,,,,,,,,,,,,,,,,,,,,,,,,,,,,,,,,,,,,,,,,,,,,,,,,,,,,,,,,,,,,,,,,,,,,,,,,,,,,,,35,35,12,47,2,49,1,50,0,50,0,50,0,50,0,50,0,50,0,50
runs\lightning_completion\jigsaw-cora-clean-full-gcp-cpux8-v3\summary.csv,C:\Users\Swastik\Desktop\Jigsaw\runs\lightning_completion\jigsaw-cora-clean-full-gcp-cpux8-v3\results\prod_cora_clean_s20260608_q50_types_all_sizes20_50_100_neural_component_b2_5_10_20_per_query.csv,cora,cora,20260608,cora_jigsaw,k_hop,100,hybrid,neural_component,type_feat32,50,50,50,0,50,0,0,0,0,50,0,0.06923435670001708,0.05352132149994304,0.17063240339996344,2122.02,6838.7,100.46,195.93199751626327,162.95706609137906,6.74,0.9098837209302325,0.4774505855901205,12.0,19.0,20.0,8.365830523250098,29.4226180116269,10.829914953499314,25,15,9,1,0,0,0,0,0,0,,,,,,,,,,,,,,,,,,,,,,,,,,,,,,,,,,,,,,,,,,,,,,,,,,,,,,,,,,,,,,,,,,,,,,,,,,,,,,,,,,,,,,,,,,,,,,,,,,,,,,,,,,,,,,,,,,,,,,25,25,15,40,9,49,1,50,0,50,0,50,0,50,0,50,0,50,0,50
runs\lightning_completion\jigsaw-cora-clean-full-gcp-cpux8-v3\summary.csv,C:\Users\Swastik\Desktop\Jigsaw\runs\lightning_completion\jigsaw-cora-clean-full-gcp-cpux8-v3\results\prod_cora_clean_s20260608_q50_types_all_sizes20_50_100_neural_component_b2_5_10_20_per_query.csv,cora,cora,20260608,cora_jigsaw,degree_k_hop,20,hybrid,neural_component,type_feat32,50,50,50,0,50,0,0,0,0,50,0,0.023033932540001842,0.014224609500047336,0.06451674650007813,504.6,3093.6499999999996,19.96,999.3480791250097,1747.384558092597,3.12,0.8457627118644068,0.6840193704600483,4.0,9.0,16.079999999999984,5.024194813570876,13.924782593221607,5.595499220339276,42,7,1,0,0,0,0,0,0,0,,,,,,,,,,,,,,,,,,,,,,,,,,,,,,,,,,,,,,,,,,,,,,,,,,,,,,,,,,,,,,,,,,,,,,,,,,,,,,,,,,,,,,,,,,,,,,,,,,,,,,,,,,,,,,,,,,,,,,42,42,7,49,1,50,0,50,0,50,0,50,0,50,0,50,0,50,0,50
runs\lightning_completion\jigsaw-cora-clean-full-gcp-cpux8-v3\summary.csv,C:\Users\Swastik\Desktop\Jigsaw\runs\lightning_completion\jigsaw-cora-clean-full-gcp-cpux8-v3\results\prod_cora_clean_s20260608_q50_types_all_sizes20_50_100_neural_component_b2_5_10_20_per_query.csv,cora,cora,20260608,cora_jigsaw,degree_k_hop,50,hybrid,neural_component,type_feat32,50,50,50,0,50,0,0,0,0,50,0,0.031070780380009638,0.021233089499901325,0.06342629905009288,524.52,3015.2,49.94,394.15012879073396,494.9549732308758,4.12,0.94,0.5932738095238095,5.0,14.199999999999989,19.0,6.820798649990441,16.22019821666451,9.672118766676855,41,8,1,0,0,0,0,0,0,0,,,,,,,,,,,,,,,,,,,,,,,,,,,,,,,,,,,,,,,,,,,,,,,,,,,,,,,,,,,,,,,,,,,,,,,,,,,,,,,,,,,,,,,,,,,,,,,,,,,,,,,,,,,,,,,,,,,,,,41,41,8,49,1,50,0,50,0,50,0,50,0,50,0,50,0,50,0,50
runs\lightning_completion\jigsaw-cora-clean-full-gcp-cpux8-v3\summary.csv,C:\Users\Swastik\Desktop\Jigsaw\runs\lightning_completion\jigsaw-cora-clean-full-gcp-cpux8-v3\results\prod_cora_clean_s20260608_q50_types_all_sizes20_50_100_neural_component_b2_5_10_20_per_query.csv,cora,cora,20260608,cora_jigsaw,degree_k_hop,100,hybrid,neural_component,type_feat32,50,50,50,0,50,0,0,0,0,50,0,0.07531196352003007,0.03662285799998699,0.21326093450006728,2171.28,6871.1,100.62,195.37742015687184,163.66344497554843,6.78,0.875,0.4745744785517513,12.5,18.0,19.509999999999998,8.769822681805614,31.974082272742262,10.81680609091119,27,11,9,3,0,0,0,0,0,0,,,,,,,,,,,,,,,,,,,,,,,,,,,,,,,,,,,,,,,,,,,,,,,,,,,,,,,,,,,,,,,,,,,,,,,,,,,,,,,,,,,,,,,,,,,,,,,,,,,,,,,,,,,,,,,,,,,,,,27,27,11,38,9,47,3,50,0,50,0,50,0,50,0,50,0,50,0,50
runs\lightning_completion\jigsaw-cora-clean-full-gcp-cpux8-v3\summary.csv,C:\Users\Swastik\Desktop\Jigsaw\runs\lightning_completion\jigsaw-cora-clean-full-gcp-cpux8-v3\results\prod_cora_clean_s20260608_q50_types_all_sizes20_50_100_neural_component_b2_5_10_20_per_query.csv,cora,cora,20260608,cora_jigsaw,random_walk,20,hybrid,neural_component,type_feat32,50,50,50,0,50,0,0,0,0,50,0,0.03899284352002269,0.035179263000031824,0.07928216099996915,1335.56,3002.7,20.82,958.9076250277902,1541.4806341235553,3.18,0.8278481012658229,0.7432489451476794,3.0,16.64999999999999,20.0,5.447709050632868,20.074856075955758,4.604158810134552,24,23,3,0,0,0,0,0,0,0,,,,,,,,,,,,,,,,,,,,,,,,,,,,,,,,,,,,,,,,,,,,,,,,,,,,,,,,,,,,,,,,,,,,,,,,,,,,,,,,,,,,,,,,,,,,,,,,,,,,,,,,,,,,,,,,,,,,,,24,24,23,47,3,50,0,50,0,50,0,50,0,50,0,50,0,50,0,50
runs\lightning_completion\jigsaw-cora-clean-full-gcp-cpux8-v3\summary.csv,C:\Users\Swastik\Desktop\Jigsaw\runs\lightning_completion\jigsaw-cora-clean-full-gcp-cpux8-v3\results\prod_cora_clean_s20260608_q50_types_all_sizes20_50_100_neural_component_b2_5_10_20_per_query.csv,cora,cora,20260608,cora_jigsaw,random_walk,50,hybrid,neural_component,type_feat32,50,50,50,0,50,0,0,0,0,50,0,0.09094799352000336,0.06362880600011067,0.17203952900000555,3484.94,6891.45,51.26,383.8387017421638,410.0300108687882,5.4,0.794672131147541,0.6190378610460577,10.0,20.0,20.0,6.9912380245989985,32.584888557367464,4.68887927869949,3,28,13,6,0,0,0,0,0,0,,,,,,,,,,,,,,,,,,,,,,,,,,,,,,,,,,,,,,,,,,,,,,,,,,,,,,,,,,,,,,,,,,,,,,,,,,,,,,,,,,,,,,,,,,,,,,,,,,,,,,,,,,,,,,,,,,,,,,3,3,28,31,13,44,6,50,0,50,0,50,0,50,0,50,0,50,0,50
runs\lightning_completion\jigsaw-cora-clean-full-gcp-cpux8-v3\summary.csv,C:\Users\Swastik\Desktop\Jigsaw\runs\lightning_completion\jigsaw-cora-clean-full-gcp-cpux8-v3\results\prod_cora_clean_s20260608_q50_types_all_sizes20_50_100_neural_component_b2_5_10_20_per_query.csv,cora,cora,20260608,cora_jigsaw,random_walk,100,hybrid,neural_component,type_feat32,50,50,50,0,50,0,0,0,0,50,0,0.18226697232004427,0.18284280149987353,0.27336194989992463,6838.56,11725.45,103.04,192.1566008797591,158.6379369787396,8.76,0.7831428571428573,0.5791401455687171,17.0,20.0,20.0,8.415564257123021,46.96776792001141,5.1085098857155185,1,2,18,29,0,0,0,0,0,0,,,,,,,,,,,,,,,,,,,,,,,,,,,,,,,,,,,,,,,,,,,,,,,,,,,,,,,,,,,,,,,,,,,,,,,,,,,,,,,,,,,,,,,,,,,,,,,,,,,,,,,,,,,,,,,,,,,,,,1,1,2,3,18,21,29,50,0,50,0,50,0,50,0,50,0,50,0,50
runs\lightning_completion\jigsaw-cora-clean-full-gcp-cpux8-v3\summary.csv,C:\Users\Swastik\Desktop\Jigsaw\runs\lightning_completion\jigsaw-cora-clean-full-gcp-cpux8-v3\results\prod_cora_clean_s20260608_q50_types_all_sizes20_50_100_neural_component_b2_5_10_20_per_query.csv,cora,cora,20260608,cora_jigsaw,single,20,hybrid,neural_component,type_feat32,50,50,50,0,50,0,0,0,0,50,0,0.01734948578001422,0.016145843999993303,0.02529204839996737,20.46,23.64999999999999,20.3,971.4507220779221,1648.1620075293727,1.0,0.5,1.0,1.0,1.0,1.0,6.629826220018913,9.505631900015032,7.8438538799991875,50,0,0,0,0,0,0,0,0,0,,,,,,,,,,,,,,,,,,,,,,,,,,,,,,,,,,,,,,,,,,,,,,,,,,,,,,,,,,,,,,,,,,,,,,,,,,,,,,,,,,,,,,,,,,,,,,,,,,,,,,,,,,,,,,,,,,,,,,50,50,0,50,0,50,0,50,0,50,0,50,0,50,0,50,0,50,0,50
runs\lightning_completion\jigsaw-cora-clean-full-gcp-cpux8-v3\summary.csv,C:\Users\Swastik\Desktop\Jigsaw\runs\lightning_completion\jigsaw-cora-clean-full-gcp-cpux8-v3\results\prod_cora_clean_s20260608_q50_types_all_sizes20_50_100_neural_component_b2_5_10_20_per_query.csv,cora,cora,20260608,cora_jigsaw,single,50,hybrid,neural_component,type_feat32,50,50,50,0,50,0,0,0,0,50,0,0.020866043879991594,0.019924318499988658,0.02806915249988151,50.2,52.0,50.18,394.8104704968522,563.1982447813226,1.0,0.5,1.0,1.0,1.0,1.509999999999998,6.044702959975439,10.172012739985803,10.69403114000579,50,0,0,0,0,0,0,0,0,0,,,,,,,,,,,,,,,,,,,,,,,,,,,,,,,,,,,,,,,,,,,,,,,,,,,,,,,,,,,,,,,,,,,,,,,,,,,,,,,,,,,,,,,,,,,,,,,,,,,,,,,,,,,,,,,,,,,,,,50,50,0,50,0,50,0,50,0,50,0,50,0,50,0,50,0,50,0,50
runs\lightning_completion\jigsaw-cora-clean-full-gcp-cpux8-v3\summary.csv,C:\Users\Swastik\Desktop\Jigsaw\runs\lightning_completion\jigsaw-cora-clean-full-gcp-cpux8-v3\results\prod_cora_clean_s20260608_q50_types_all_sizes20_50_100_neural_component_b2_5_10_20_per_query.csv,cora,cora,20260608,cora_jigsaw,single,100,hybrid,neural_component,type_feat32,50,50,50,0,50,0,0,0,0,50,0,0.033395900459981934,0.031358953499989184,0.04875834950013312,101.12,104.55,100.56,195.80221217371772,250.08559023307185,1.0,0.5,1.0,1.0,1.0,1.0,9.011965079980655,14.02379703999486,19.37210341998707,50,0,0,0,0,0,0,0,0,0,,,,,,,,,,,,,,,,,,,,,,,,,,,,,,,,,,,,,,,,,,,,,,,,,,,,,,,,,,,,,,,,,,,,,,,,,,,,,,,,,,,,,,,,,,,,,,,,,,,,,,,,,,,,,,,,,,,,,,50,50,0,50,0,50,0,50,0,50,0,50,0,50,0,50,0,50,0,50
runs\lightning_completion\jigsaw-cora-clean-full-gcp-cpux8-v3\summary.csv,C:\Users\Swastik\Desktop\Jigsaw\runs\lightning_completion\jigsaw-cora-clean-full-gcp-cpux8-v3\results\prod_cora_clean_s20260608_q50_types_all_sizes20_50_100_neural_component_b2_5_10_20_per_query.csv,cora,cora,20260608,cora_jigsaw,negative_label,20,hybrid,neural_component,type_feat32,50,0,0,50,0,0,50,0,0,39,0,0.2535718196199605,0.3196333199998662,0.3561650379501543,12754.32,18859.15,0.0,402.3357471191025,690.2563378225165,2.58,0.42025,0.8935833333333334,3.0,16.549999999999997,19.509999999999998,5.239541959995222,63.39295490499012,0.0,0,0,0,0,0,0,0,0,0,0,,,,,,,,,,,,,,,,,,,,,,,,,,,,,,,,,,,,,,,,,,,,,,,,,,,,,,,,,,,,,,,,,,,,,,,,,,,,,,,,,,,,,,,,,,,,,,,,,,,,,,,,,,,,,,,,,,,,,,0,0,0,0,0,0,0,0,0,0,0,0,0,0,0,0,0,0,0,0
runs\lightning_completion\jigsaw-cora-clean-full-gcp-cpux8-v3\summary.csv,C:\Users\Swastik\Desktop\Jigsaw\runs\lightning_completion\jigsaw-cora-clean-full-gcp-cpux8-v3\results\prod_cora_clean_s20260608_q50_types_all_sizes20_50_100_neural_component_b2_5_10_20_per_query.csv,cora,cora,20260608,cora_jigsaw,negative_label,50,hybrid,neural_component,type_feat32,50,0,0,50,0,0,50,0,0,32,0,0.22356058474002566,0.21851599450008052,0.36495375010009634,9608.94,18914.9,0.0,260.9551515659425,291.7992756713279,5.26,0.60675,0.7550059523809525,10.0,18.0,18.509999999999998,6.579351620034686,55.890146185006415,0.0,0,0,0,0,0,0,0,0,0,0,,,,,,,,,,,,,,,,,,,,,,,,,,,,,,,,,,,,,,,,,,,,,,,,,,,,,,,,,,,,,,,,,,,,,,,,,,,,,,,,,,,,,,,,,,,,,,,,,,,,,,,,,,,,,,,,,,,,,,0,0,0,0,0,0,0,0,0,0,0,0,0,0,0,0,0,0,0,0
runs\lightning_completion\jigsaw-cora-clean-full-gcp-cpux8-v3\summary.csv,C:\Users\Swastik\Desktop\Jigsaw\runs\lightning_completion\jigsaw-cora-clean-full-gcp-cpux8-v3\results\prod_cora_clean_s20260608_q50_types_all_sizes20_50_100_neural_component_b2_5_10_20_per_query.csv,cora,cora,20260608,cora_jigsaw,negative_label,100,hybrid,neural_component,type_feat32,50,0,0,50,0,0,50,0,0,26,0,0.18369979037995562,0.14208183300013388,0.3625544719499544,5267.38,18717.3,0.0,181.81164045402394,175.10029075481657,6.9,0.66375,0.6945542929292929,15.0,20.0,20.0,8.792038359983962,45.92494759498891,0.0,0,0,0,0,0,0,0,0,0,0,,,,,,,,,,,,,,,,,,,,,,,,,,,,,,,,,,,,,,,,,,,,,,,,,,,,,,,,,,,,,,,,,,,,,,,,,,,,,,,,,,,,,,,,,,,,,,,,,,,,,,,,,,,,,,,,,,,,,,0,0,0,0,0,0,0,0,0,0,0,0,0,0,0,0,0,0,0,0
runs\lightning_completion\jigsaw-cora-clean-full-gcp-cpux8-v3\summary.csv,C:\Users\Swastik\Desktop\Jigsaw\runs\lightning_completion\jigsaw-cora-clean-full-gcp-cpux8-v3\results\prod_cora_clean_s20260608_q50_types_all_sizes20_50_100_neural_component_b2_5_10_20_per_query.csv,cora,cora,20260608,cora_jigsaw,negative_structure,20,hybrid,neural_component,type_feat32,50,0,0,50,0,0,50,0,0,50,0,0.12221576580000601,0.10919024850011283,0.17841983600029607,191.96,1532.949999999992,19.78,1003.9727541581226,1901.1393164643562,2.92,0.4545,0.891452380952381,3.0,14.0,17.039999999999992,5.209425619996182,24.475599664992842,6.078341785008661,0,0,0,0,0,0,0,0,0,0,,,,,,,,,,,,,,,,,,,,,,,,,,,,,,,,,,,,,,,,,,,,,,,,,,,,,,,,,,,,,,,,,,,,,,,,,,,,,,,,,,,,,,,,,,,,,,,,,,,,,,,,,,,,,,,,,,,,,,0,0,0,0,0,0,0,0,0,0,0,0,0,0,0,0,0,0,0,0
runs\lightning_completion\jigsaw-cora-clean-full-gcp-cpux8-v3\summary.csv,C:\Users\Swastik\Desktop\Jigsaw\runs\lightning_completion\jigsaw-cora-clean-full-gcp-cpux8-v3\results\prod_cora_clean_s20260608_q50_types_all_sizes20_50_100_neural_component_b2_5_10_20_per_query.csv,cora,cora,20260608,cora_jigsaw,negative_structure,50,hybrid,neural_component,type_feat32,50,0,0,50,0,0,50,0,0,50,0,0.15245502902001135,0.14192992399989635,0.20479552694964687,915.72,3111.3,50.22,391.50485288679175,589.5226889574061,4.8,0.5915,0.8022123015873016,6.0,18.0,19.509999999999998,7.12931419999677,28.451915810006767,9.661841444996071,0,0,0,0,0,0,0,0,0,0,,,,,,,,,,,,,,,,,,,,,,,,,,,,,,,,,,,,,,,,,,,,,,,,,,,,,,,,,,,,,,,,,,,,,,,,,,,,,,,,,,,,,,,,,,,,,,,,,,,,,,,,,,,,,,,,,,,,,,0,0,0,0,0,0,0,0,0,0,0,0,0,0,0,0,0,0,0,0
runs\lightning_completion\jigsaw-cora-clean-full-gcp-cpux8-v3\summary.csv,C:\Users\Swastik\Desktop\Jigsaw\runs\lightning_completion\jigsaw-cora-clean-full-gcp-cpux8-v3\results\prod_cora_clean_s20260608_q50_types_all_sizes20_50_100_neural_component_b2_5_10_20_per_query.csv,cora,cora,20260608,cora_jigsaw,negative_structure,100,hybrid,neural_component,type_feat32,50,0,0,50,0,0,50,0,0,50,0,0.18700427638002565,0.1734110765000878,0.2675731678500938,1866.54,6763.8,100.7,196.06691688870575,201.31501310175656,6.58,0.67325,0.7065221861471862,13.0,20.0,20.0,8.668697220000467,33.47173154000757,13.279337554998847,0,0,0,0,0,0,0,0,0,0,,,,,,,,,,,,,,,,,,,,,,,,,,,,,,,,,,,,,,,,,,,,,,,,,,,,,,,,,,,,,,,,,,,,,,,,,,,,,,,,,,,,,,,,,,,,,,,,,,,,,,,,,,,,,,,,,,,,,,0,0,0,0,0,0,0,0,0,0,0,0,0,0,0,0,0,0,0,0
runs\lightning_completion\jigsaw-cora-clean-full-gcp-cpux8-v3\summary.csv,C:\Users\Swastik\Desktop\Jigsaw\runs\lightning_completion\jigsaw-cora-clean-full-gcp-cpux8-v3\results\prod_cora_clean_s20260607_q50_types_all_sizes20_50_100_random_component_b2_5_10_20_per_query.csv,cora,cora,20260607,cora,k_hop,20,random,random_component,type_feat32,50,50,50,0,50,0,0,0,0,50,0,0.16236485121999295,0.15031948749998492,0.258099084649956,7856.3,11746.25,19.92,986.4562481908157,979.4269703495125,2.5,0.09968750000000001,0.3205208333333333,1000000000.0,1000000000.0,1000000000.0,0.0,48.56008109999834,2.1789349062494523,6,2,18,24,0,0,0,0,0,0,,,,,,,,,,,,,,,,,,,,,,,,,,,,,,,,,,,,,,,,,,,,,,,,,,,,,,,,,,,,,,,,,,,,,,,,,,,,,,,,,,,,,,,,,,,,,,,,,,,,,,,,,,,,,,,,,,,,,,6,6,2,8,18,26,24,50,0,50,0,50,0,50,0,50,0,50,0,50
runs\lightning_completion\jigsaw-cora-clean-full-gcp-cpux8-v3\summary.csv,C:\Users\Swastik\Desktop\Jigsaw\runs\lightning_completion\jigsaw-cora-clean-full-gcp-cpux8-v3\results\prod_cora_clean_s20260607_q50_types_all_sizes20_50_100_random_component_b2_5_10_20_per_query.csv,cora,cora,20260607,cora,k_hop,50,random,random_component,type_feat32,50,50,50,0,50,0,0,0,0,50,0,0.2090891172600095,0.24210797599999978,0.271008692749939,9643.28,11878.15,50.64,383.6030186120642,182.03095074922786,5.16,0.27303370786516856,0.4275682182985554,1000000000.0,1000000000.0,1000000000.0,0.0,55.60556020786339,3.127337898880863,3,2,9,36,0,0,0,0,0,0,,,,,,,,,,,,,,,,,,,,,,,,,,,,,,,,,,,,,,,,,,,,,,,,,,,,,,,,,,,,,,,,,,,,,,,,,,,,,,,,,,,,,,,,,,,,,,,,,,,,,,,,,,,,,,,,,,,,,,3,3,2,5,9,14,36,50,0,50,0,50,0,50,0,50,0,50,0,50
runs\lightning_completion\jigsaw-cora-clean-full-gcp-cpux8-v3\summary.csv,C:\Users\Swastik\Desktop\Jigsaw\runs\lightning_completion\jigsaw-cora-clean-full-gcp-cpux8-v3\results\prod_cora_clean_s20260607_q50_types_all_sizes20_50_100_random_component_b2_5_10_20_per_query.csv,cora,cora,20260607,cora,k_hop,100,random,random_component,type_feat32,50,50,50,0,50,0,0,0,0,50,0,0.236691492260004,0.2591106104999312,0.33964389885008467,9858.54,11910.45,100.42,194.14179892311412,80.0295963102128,6.7,0.3173913043478261,0.4166388261496957,1000000000.0,1000000000.0,1000000000.0,0.0,59.10207418478285,5.2162661032617095,1,5,3,41,0,0,0,0,0,0,,,,,,,,,,,,,,,,,,,,,,,,,,,,,,,,,,,,,,,,,,,,,,,,,,,,,,,,,,,,,,,,,,,,,,,,,,,,,,,,,,,,,,,,,,,,,,,,,,,,,,,,,,,,,,,,,,,,,,1,1,5,6,3,9,41,50,0,50,0,50,0,50,0,50,0,50,0,50
runs\lightning_completion\jigsaw-cora-clean-full-gcp-cpux8-v3\summary.csv,C:\Users\Swastik\Desktop\Jigsaw\runs\lightning_completion\jigsaw-cora-clean-full-gcp-cpux8-v3\results\prod_cora_clean_s20260607_q50_types_all_sizes20_50_100_random_component_b2_5_10_20_per_query.csv,cora,cora,20260607,cora,degree_k_hop,20,random,random_component,type_feat32,50,50,50,0,50,0,0,0,0,50,0,0.18178474093998603,0.21997423200014055,0.2800240909498427,8652.52,11621.0,19.52,1019.0082689518495,638.6882387951732,2.86,0.13567251461988303,0.38323586744639376,1000000000.0,1000000000.0,1000000000.0,0.0,51.133047280697006,2.0203857426907113,4,2,13,31,0,0,0,0,0,0,,,,,,,,,,,,,,,,,,,,,,,,,,,,,,,,,,,,,,,,,,,,,,,,,,,,,,,,,,,,,,,,,,,,,,,,,,,,,,,,,,,,,,,,,,,,,,,,,,,,,,,,,,,,,,,,,,,,,,4,4,2,6,13,19,31,50,0,50,0,50,0,50,0,50,0,50,0,50
runs\lightning_completion\jigsaw-cora-clean-full-gcp-cpux8-v3\summary.csv,C:\Users\Swastik\Desktop\Jigsaw\runs\lightning_completion\jigsaw-cora-clean-full-gcp-cpux8-v3\results\prod_cora_clean_s20260607_q50_types_all_sizes20_50_100_random_component_b2_5_10_20_per_query.csv,cora,cora,20260607,cora,degree_k_hop,50,random,random_component,type_feat32,50,50,50,0,50,0,0,0,0,50,0,0.18747848678000992,0.23356027650004307,0.3276717835499198,8259.82,11758.15,50.24,386.7955400451623,189.68275471577275,5.22,0.2599397590361446,0.39128896538535096,1000000000.0,1000000000.0,1000000000.0,0.0,53.10096118072434,3.368462548194312,2,9,10,29,0,0,0,0,0,0,,,,,,,,,,,,,,,,,,,,,,,,,,,,,,,,,,,,,,,,,,,,,,,,,,,,,,,,,,,,,,,,,,,,,,,,,,,,,,,,,,,,,,,,,,,,,,,,,,,,,,,,,,,,,,,,,,,,,,2,2,9,11,10,21,29,50,0,50,0,50,0,50,0,50,0,50,0,50
runs\lightning_completion\jigsaw-cora-clean-full-gcp-cpux8-v3\summary.csv,C:\Users\Swastik\Desktop\Jigsaw\runs\lightning_completion\jigsaw-cora-clean-full-gcp-cpux8-v3\results\prod_cora_clean_s20260607_q50_types_all_sizes20_50_100_random_component_b2_5_10_20_per_query.csv,cora,cora,20260607,cora,degree_k_hop,100,random,random_component,type_feat32,50,50,50,0,50,0,0,0,0,50,0,0.21515431631999263,0.24357305449990463,0.2756805309000242,9568.02,11947.35,100.5,193.794442054924,81.30875876765157,6.94,0.3125,0.3932738095238095,1000000000.0,1000000000.0,1000000000.0,0.0,54.76989963888804,4.995188227776579,1,2,13,34,0,0,0,0,0,0,,,,,,,,,,,,,,,,,,,,,,,,,,,,,,,,,,,,,,,,,,,,,,,,,,,,,,,,,,,,,,,,,,,,,,,,,,,,,,,,,,,,,,,,,,,,,,,,,,,,,,,,,,,,,,,,,,,,,,1,1,2,3,13,16,34,50,0,50,0,50,0,50,0,50,0,50,0,50
runs\lightning_completion\jigsaw-cora-clean-full-gcp-cpux8-v3\summary.csv,C:\Users\Swastik\Desktop\Jigsaw\runs\lightning_completion\jigsaw-cora-clean-full-gcp-cpux8-v3\results\prod_cora_clean_s20260607_q50_types_all_sizes20_50_100_random_component_b2_5_10_20_per_query.csv,cora,cora,20260607,cora,random_walk,20,random,random_component,type_feat32,50,50,50,0,50,0,0,0,0,50,0,0.1806634206199965,0.2202024675000871,0.24989542444994867,8404.28,11636.55,20.58,948.5628089156721,694.2432751272889,2.98,0.1670588235294118,0.4183333333333333,1000000000.0,1000000000.0,1000000000.0,0.0,51.04389428823411,2.0924058941177996,1,8,11,30,0,0,0,0,0,0,,,,,,,,,,,,,,,,,,,,,,,,,,,,,,,,,,,,,,,,,,,,,,,,,,,,,,,,,,,,,,,,,,,,,,,,,,,,,,,,,,,,,,,,,,,,,,,,,,,,,,,,,,,,,,,,,,,,,,1,1,8,9,11,20,30,50,0,50,0,50,0,50,0,50,0,50,0,50
runs\lightning_completion\jigsaw-cora-clean-full-gcp-cpux8-v3\summary.csv,C:\Users\Swastik\Desktop\Jigsaw\runs\lightning_completion\jigsaw-cora-clean-full-gcp-cpux8-v3\results\prod_cora_clean_s20260607_q50_types_all_sizes20_50_100_random_component_b2_5_10_20_per_query.csv,cora,cora,20260607,cora,random_walk,50,random,random_component,type_feat32,50,50,50,0,50,0,0,0,0,50,0,0.2319353302400009,0.23965789649992075,0.32467244854989874,10597.1,11966.3,52.02,379.36929792246207,211.71956242693685,5.62,0.28871794871794876,0.4612820512820513,1000000000.0,1000000000.0,1000000000.0,0.0,56.67043007692416,2.800167420511967,0,1,3,46,0,0,0,0,0,0,,,,,,,,,,,,,,,,,,,,,,,,,,,,,,,,,,,,,,,,,,,,,,,,,,,,,,,,,,,,,,,,,,,,,,,,,,,,,,,,,,,,,,,,,,,,,,,,,,,,,,,,,,,,,,,,,,,,,,0,0,1,1,3,4,46,50,0,50,0,50,0,50,0,50,0,50,0,50
runs\lightning_completion\jigsaw-cora-clean-full-gcp-cpux8-v3\summary.csv,C:\Users\Swastik\Desktop\Jigsaw\runs\lightning_completion\jigsaw-cora-clean-full-gcp-cpux8-v3\results\prod_cora_clean_s20260607_q50_types_all_sizes20_50_100_random_component_b2_5_10_20_per_query.csv,cora,cora,20260607,cora,random_walk,100,random,random_component,type_feat32,50,50,50,0,50,0,0,0,0,50,0,0.2589703408799937,0.25892543900005194,0.3194253078999849,11333.78,12003.95,103.1,188.0615922296437,92.37163671915371,8.04,0.3829145728643216,0.4477934405070083,1000000000.0,1000000000.0,1000000000.0,0.0,60.54162439195649,4.5263004522630395,0,0,1,49,0,0,0,0,0,0,,,,,,,,,,,,,,,,,,,,,,,,,,,,,,,,,,,,,,,,,,,,,,,,,,,,,,,,,,,,,,,,,,,,,,,,,,,,,,,,,,,,,,,,,,,,,,,,,,,,,,,,,,,,,,,,,,,,,,0,0,0,0,1,1,49,50,0,50,0,50,0,50,0,50,0,50,0,50
runs\lightning_completion\jigsaw-cora-clean-full-gcp-cpux8-v3\summary.csv,C:\Users\Swastik\Desktop\Jigsaw\runs\lightning_completion\jigsaw-cora-clean-full-gcp-cpux8-v3\results\prod_cora_clean_s20260607_q50_types_all_sizes20_50_100_random_component_b2_5_10_20_per_query.csv,cora,cora,20260607,cora,single,20,random,random_component,type_feat32,50,50,50,0,50,0,0,0,0,50,0,0.15573516116002226,0.1296147345000236,0.2511713555000483,7481.76,11659.6,20.2,965.6321205461205,590.2468814226647,1.0,0.04129032258064516,0.3225806451612903,1000000000.0,1000000000.0,1000000000.0,0.0,47.96479252903766,2.272356232259837,4,9,15,22,0,0,0,0,0,0,,,,,,,,,,,,,,,,,,,,,,,,,,,,,,,,,,,,,,,,,,,,,,,,,,,,,,,,,,,,,,,,,,,,,,,,,,,,,,,,,,,,,,,,,,,,,,,,,,,,,,,,,,,,,,,,,,,,,,4,4,9,13,15,28,22,50,0,50,0,50,0,50,0,50,0,50,0,50
runs\lightning_completion\jigsaw-cora-clean-full-gcp-cpux8-v3\summary.csv,C:\Users\Swastik\Desktop\Jigsaw\runs\lightning_completion\jigsaw-cora-clean-full-gcp-cpux8-v3\results\prod_cora_clean_s20260607_q50_types_all_sizes20_50_100_random_component_b2_5_10_20_per_query.csv,cora,cora,20260607,cora,single,50,random,random_component,type_feat32,50,50,50,0,50,0,0,0,0,50,0,0.16228618996000022,0.16429915800000572,0.2828503595499967,7205.44,11922.7,50.2,387.63701065224626,204.7273089889584,1.0,0.05506756756756757,0.33783783783783783,1000000000.0,1000000000.0,1000000000.0,0.0,50.684056405406245,4.142359121620862,9,7,11,23,0,0,0,0,0,0,,,,,,,,,,,,,,,,,,,,,,,,,,,,,,,,,,,,,,,,,,,,,,,,,,,,,,,,,,,,,,,,,,,,,,,,,,,,,,,,,,,,,,,,,,,,,,,,,,,,,,,,,,,,,,,,,,,,,,9,9,7,16,11,27,23,50,0,50,0,50,0,50,0,50,0,50,0,50
runs\lightning_completion\jigsaw-cora-clean-full-gcp-cpux8-v3\summary.csv,C:\Users\Swastik\Desktop\Jigsaw\runs\lightning_completion\jigsaw-cora-clean-full-gcp-cpux8-v3\results\prod_cora_clean_s20260607_q50_types_all_sizes20_50_100_random_component_b2_5_10_20_per_query.csv,cora,cora,20260607,cora,single,100,random,random_component,type_feat32,50,50,50,0,50,0,0,0,0,50,0,0.20382594401999085,0.22687913149991346,0.2917690449500242,8565.4,11937.349999999999,100.42,193.55156828004095,75.02077802256561,1.0,0.026488095238095238,0.2976190476190476,1000000000.0,1000000000.0,1000000000.0,0.0,54.87212446428473,5.790358874998263,0,7,18,25,0,0,0,0,0,0,,,,,,,,,,,,,,,,,,,,,,,,,,,,,,,,,,,,,,,,,,,,,,,,,,,,,,,,,,,,,,,,,,,,,,,,,,,,,,,,,,,,,,,,,,,,,,,,,,,,,,,,,,,,,,,,,,,,,,0,0,7,7,18,25,25,50,0,50,0,50,0,50,0,50,0,50,0,50
runs\lightning_completion\jigsaw-cora-clean-full-gcp-cpux8-v3\summary.csv,C:\Users\Swastik\Desktop\Jigsaw\runs\lightning_completion\jigsaw-cora-clean-full-gcp-cpux8-v3\results\prod_cora_clean_s20260607_q50_types_all_sizes20_50_100_random_component_b2_5_10_20_per_query.csv,cora,cora,20260607,cora,negative_label,20,random,random_component,type_feat32,50,0,0,50,0,0,50,0,0,29,0,0.27933306809997704,0.30918620249997275,0.380367391449937,14512.5,18874.25,0.0,491.2086326896226,347.5274876985527,2.9,0.12575,0.43477380952380956,1000000000.0,1000000000.0,1000000000.0,0.0,69.83326702499426,0.0,0,0,0,0,0,0,0,0,0,0,,,,,,,,,,,,,,,,,,,,,,,,,,,,,,,,,,,,,,,,,,,,,,,,,,,,,,,,,,,,,,,,,,,,,,,,,,,,,,,,,,,,,,,,,,,,,,,,,,,,,,,,,,,,,,,,,,,,,,0,0,0,0,0,0,0,0,0,0,0,0,0,0,0,0,0,0,0,0
runs\lightning_completion\jigsaw-cora-clean-full-gcp-cpux8-v3\summary.csv,C:\Users\Swastik\Desktop\Jigsaw\runs\lightning_completion\jigsaw-cora-clean-full-gcp-cpux8-v3\results\prod_cora_clean_s20260607_q50_types_all_sizes20_50_100_random_component_b2_5_10_20_per_query.csv,cora,cora,20260607,cora,negative_label,50,random,random_component,type_feat32,50,0,0,50,0,0,50,0,0,19,0,0.2798209374200064,0.2516290000000936,0.3854746319499611,13164.74,18980.25,0.0,261.38135960356226,139.65842356646633,4.88,0.2525,0.4744880952380952,1000000000.0,1000000000.0,1000000000.0,0.0,69.95523435500161,0.0,0,0,0,0,0,0,0,0,0,0,,,,,,,,,,,,,,,,,,,,,,,,,,,,,,,,,,,,,,,,,,,,,,,,,,,,,,,,,,,,,,,,,,,,,,,,,,,,,,,,,,,,,,,,,,,,,,,,,,,,,,,,,,,,,,,,,,,,,,0,0,0,0,0,0,0,0,0,0,0,0,0,0,0,0,0,0,0,0
runs\lightning_completion\jigsaw-cora-clean-full-gcp-cpux8-v3\summary.csv,C:\Users\Swastik\Desktop\Jigsaw\runs\lightning_completion\jigsaw-cora-clean-full-gcp-cpux8-v3\results\prod_cora_clean_s20260607_q50_types_all_sizes20_50_100_random_component_b2_5_10_20_per_query.csv,cora,cora,20260607,cora,negative_label,100,random,random_component,type_feat32,50,0,0,50,0,0,50,0,0,15,0,0.2476316352399772,0.24279116299993575,0.3792213373498725,10796.48,19009.75,0.0,167.09187855859366,96.65495177413405,6.94,0.36424999999999996,0.4763492063492063,1000000000.0,1000000000.0,1000000000.0,0.0,61.9079088099943,0.0,0,0,0,0,0,0,0,0,0,0,,,,,,,,,,,,,,,,,,,,,,,,,,,,,,,,,,,,,,,,,,,,,,,,,,,,,,,,,,,,,,,,,,,,,,,,,,,,,,,,,,,,,,,,,,,,,,,,,,,,,,,,,,,,,,,,,,,,,,0,0,0,0,0,0,0,0,0,0,0,0,0,0,0,0,0,0,0,0
runs\lightning_completion\jigsaw-cora-clean-full-gcp-cpux8-v3\summary.csv,C:\Users\Swastik\Desktop\Jigsaw\runs\lightning_completion\jigsaw-cora-clean-full-gcp-cpux8-v3\results\prod_cora_clean_s20260607_q50_types_all_sizes20_50_100_random_component_b2_5_10_20_per_query.csv,cora,cora,20260607,cora,negative_structure,20,random,random_component,type_feat32,50,0,0,50,0,0,50,0,0,50,0,0.19931928005995814,0.2139842374999148,0.27459515500001425,8130.04,11788.05,20.1,977.8221544199546,864.5580315562136,3.02,0.14925,0.4624166666666667,1000000000.0,1000000000.0,1000000000.0,0.0,46.96725858499576,2.862561429993775,0,0,0,0,0,0,0,0,0,0,,,,,,,,,,,,,,,,,,,,,,,,,,,,,,,,,,,,,,,,,,,,,,,,,,,,,,,,,,,,,,,,,,,,,,,,,,,,,,,,,,,,,,,,,,,,,,,,,,,,,,,,,,,,,,,,,,,,,,0,0,0,0,0,0,0,0,0,0,0,0,0,0,0,0,0,0,0,0
runs\lightning_completion\jigsaw-cora-clean-full-gcp-cpux8-v3\summary.csv,C:\Users\Swastik\Desktop\Jigsaw\runs\lightning_completion\jigsaw-cora-clean-full-gcp-cpux8-v3\results\prod_cora_clean_s20260607_q50_types_all_sizes20_50_100_random_component_b2_5_10_20_per_query.csv,cora,cora,20260607,cora,negative_structure,50,random,random_component,type_feat32,50,0,0,50,0,0,50,0,0,50,0,0.21755635481998298,0.234164261500041,0.29230719494996715,8577.32,11870.55,50.12,391.21520481898585,264.9405001725327,4.94,0.22025000000000003,0.44698809523809524,1000000000.0,1000000000.0,1000000000.0,0.0,50.164037764993736,4.225050940002006,0,0,0,0,0,0,0,0,0,0,,,,,,,,,,,,,,,,,,,,,,,,,,,,,,,,,,,,,,,,,,,,,,,,,,,,,,,,,,,,,,,,,,,,,,,,,,,,,,,,,,,,,,,,,,,,,,,,,,,,,,,,,,,,,,,,,,,,,,0,0,0,0,0,0,0,0,0,0,0,0,0,0,0,0,0,0,0,0
runs\lightning_completion\jigsaw-cora-clean-full-gcp-cpux8-v3\summary.csv,C:\Users\Swastik\Desktop\Jigsaw\runs\lightning_completion\jigsaw-cora-clean-full-gcp-cpux8-v3\results\prod_cora_clean_s20260607_q50_types_all_sizes20_50_100_random_component_b2_5_10_20_per_query.csv,cora,cora,20260607,cora,negative_structure,100,random,random_component,type_feat32,50,0,0,50,0,0,50,0,0,50,0,0.24838275595999448,0.2565780124999151,0.3216050483999595,9002.94,11967.85,101.12,190.99515928486755,108.37166605372462,6.68,0.332,0.4661603535353535,1000000000.0,1000000000.0,1000000000.0,0.0,55.563012365001896,6.532676624996725,0,0,0,0,0,0,0,0,0,0,,,,,,,,,,,,,,,,,,,,,,,,,,,,,,,,,,,,,,,,,,,,,,,,,,,,,,,,,,,,,,,,,,,,,,,,,,,,,,,,,,,,,,,,,,,,,,,,,,,,,,,,,,,,,,,,,,,,,,0,0,0,0,0,0,0,0,0,0,0,0,0,0,0,0,0,0,0,0
runs\lightning_completion\jigsaw-cora-clean-full-gcp-cpux8-v3\summary.csv,C:\Users\Swastik\Desktop\Jigsaw\runs\lightning_completion\jigsaw-cora-clean-full-gcp-cpux8-v3\results\prod_cora_clean_s20260608_q50_types_all_sizes20_50_100_random_component_b2_5_10_20_per_query.csv,cora,cora,20260608,cora,k_hop,20,random,random_component,type_feat32,50,50,50,0,50,0,0,0,0,50,0,0.1719149954999557,0.2128486399999474,0.2909190754998463,8401.44,11731.4,20.08,963.9147881841914,606.3503606619773,2.74,0.13023952095808383,0.37954091816367264,1000000000.0,1000000000.0,1000000000.0,0.0,49.45773726345731,2.013818275451582,4,6,9,31,0,0,0,0,0,0,,,,,,,,,,,,,,,,,,,,,,,,,,,,,,,,,,,,,,,,,,,,,,,,,,,,,,,,,,,,,,,,,,,,,,,,,,,,,,,,,,,,,,,,,,,,,,,,,,,,,,,,,,,,,,,,,,,,,,4,4,6,10,9,19,31,50,0,50,0,50,0,50,0,50,0,50,0,50
runs\lightning_completion\jigsaw-cora-clean-full-gcp-cpux8-v3\summary.csv,C:\Users\Swastik\Desktop\Jigsaw\runs\lightning_completion\jigsaw-cora-clean-full-gcp-cpux8-v3\results\prod_cora_clean_s20260608_q50_types_all_sizes20_50_100_random_component_b2_5_10_20_per_query.csv,cora,cora,20260608,cora,k_hop,50,random,random_component,type_feat32,50,50,50,0,50,0,0,0,0,50,0,0.19612575453992576,0.23703903899968282,0.30469854499981464,8995.42,11907.8,49.96,392.19097793569483,197.60017272181824,4.72,0.24098837209302326,0.39805740125507566,1000000000.0,1000000000.0,1000000000.0,0.0,53.88422567440039,3.129075063950125,4,6,4,36,0,0,0,0,0,0,,,,,,,,,,,,,,,,,,,,,,,,,,,,,,,,,,,,,,,,,,,,,,,,,,,,,,,,,,,,,,,,,,,,,,,,,,,,,,,,,,,,,,,,,,,,,,,,,,,,,,,,,,,,,,,,,,,,,,4,4,6,10,4,14,36,50,0,50,0,50,0,50,0,50,0,50,0,50
runs\lightning_completion\jigsaw-cora-clean-full-gcp-cpux8-v3\summary.csv,C:\Users\Swastik\Desktop\Jigsaw\runs\lightning_completion\jigsaw-cora-clean-full-gcp-cpux8-v3\results\prod_cora_clean_s20260608_q50_types_all_sizes20_50_100_random_component_b2_5_10_20_per_query.csv,cora,cora,20260608,cora,k_hop,100,random,random_component,type_feat32,50,50,50,0,50,0,0,0,0,50,0,0.23839012444002036,0.2599044080002386,0.3323839684504037,9902.26,12055.65,100.48,192.96193536077269,75.71466500195056,6.74,0.3153846153846154,0.4166977863406435,1000000000.0,1000000000.0,1000000000.0,0.0,60.37567717583563,5.1161152527414,1,5,5,39,0,0,0,0,0,0,,,,,,,,,,,,,,,,,,,,,,,,,,,,,,,,,,,,,,,,,,,,,,,,,,,,,,,,,,,,,,,,,,,,,,,,,,,,,,,,,,,,,,,,,,,,,,,,,,,,,,,,,,,,,,,,,,,,,,1,1,5,6,5,11,39,50,0,50,0,50,0,50,0,50,0,50,0,50
runs\lightning_completion\jigsaw-cora-clean-full-gcp-cpux8-v3\summary.csv,C:\Users\Swastik\Desktop\Jigsaw\runs\lightning_completion\jigsaw-cora-clean-full-gcp-cpux8-v3\results\prod_cora_clean_s20260608_q50_types_all_sizes20_50_100_random_component_b2_5_10_20_per_query.csv,cora,cora,20260608,cora,degree_k_hop,20,random,random_component,type_feat32,50,50,50,0,50,0,0,0,0,50,0,0.15736593665995316,0.2007480900003884,0.25750248079975785,7503.48,11756.349999999999,19.96,988.4777137296629,710.3306530285903,3.12,0.18270440251572329,0.391749026654687,1000000000.0,1000000000.0,1000000000.0,0.0,47.294680446531814,2.1914631572270413,6,8,7,29,0,0,0,0,0,0,,,,,,,,,,,,,,,,,,,,,,,,,,,,,,,,,,,,,,,,,,,,,,,,,,,,,,,,,,,,,,,,,,,,,,,,,,,,,,,,,,,,,,,,,,,,,,,,,,,,,,,,,,,,,,,,,,,,,,6,6,8,14,7,21,29,50,0,50,0,50,0,50,0,50,0,50,0,50
runs\lightning_completion\jigsaw-cora-clean-full-gcp-cpux8-v3\summary.csv,C:\Users\Swastik\Desktop\Jigsaw\runs\lightning_completion\jigsaw-cora-clean-full-gcp-cpux8-v3\results\prod_cora_clean_s20260608_q50_types_all_sizes20_50_100_random_component_b2_5_10_20_per_query.csv,cora,cora,20260608,cora,degree_k_hop,50,random,random_component,type_feat32,50,50,50,0,50,0,0,0,0,50,0,0.18798406822004834,0.2312101794998398,0.30153901249998394,8557.2,11833.0,49.94,390.43167230348087,178.71594315945518,4.12,0.22994011976047904,0.39720558882235524,1000000000.0,1000000000.0,1000000000.0,0.0,52.94541110778684,3.337244047916265,4,7,7,32,0,0,0,0,0,0,,,,,,,,,,,,,,,,,,,,,,,,,,,,,,,,,,,,,,,,,,,,,,,,,,,,,,,,,,,,,,,,,,,,,,,,,,,,,,,,,,,,,,,,,,,,,,,,,,,,,,,,,,,,,,,,,,,,,,4,4,7,11,7,18,32,50,0,50,0,50,0,50,0,50,0,50,0,50
runs\lightning_completion\jigsaw-cora-clean-full-gcp-cpux8-v3\summary.csv,C:\Users\Swastik\Desktop\Jigsaw\runs\lightning_completion\jigsaw-cora-clean-full-gcp-cpux8-v3\results\prod_cora_clean_s20260608_q50_types_all_sizes20_50_100_random_component_b2_5_10_20_per_query.csv,cora,cora,20260608,cora,degree_k_hop,100,random,random_component,type_feat32,50,50,50,0,50,0,0,0,0,50,0,0.22403066585993656,0.2562386115000663,0.34525804014967887,9270.32,11877.35,100.68,190.7282888294029,78.71879088768475,6.78,0.3282857142857143,0.4023603380746238,1000000000.0,1000000000.0,1000000000.0,0.0,58.60404035425485,5.404721320012738,2,4,11,33,0,0,0,0,0,0,,,,,,,,,,,,,,,,,,,,,,,,,,,,,,,,,,,,,,,,,,,,,,,,,,,,,,,,,,,,,,,,,,,,,,,,,,,,,,,,,,,,,,,,,,,,,,,,,,,,,,,,,,,,,,,,,,,,,,2,2,4,6,11,17,33,50,0,50,0,50,0,50,0,50,0,50,0,50
runs\lightning_completion\jigsaw-cora-clean-full-gcp-cpux8-v3\summary.csv,C:\Users\Swastik\Desktop\Jigsaw\runs\lightning_completion\jigsaw-cora-clean-full-gcp-cpux8-v3\results\prod_cora_clean_s20260608_q50_types_all_sizes20_50_100_random_component_b2_5_10_20_per_query.csv,cora,cora,20260608,cora,random_walk,20,random,random_component,type_feat32,50,50,50,0,50,0,0,0,0,50,0,0.19870461830007116,0.21964048900008493,0.30160993239933304,9415.82,11792.150000000001,20.82,947.3460963615595,654.1276140339291,3.18,0.14972375690607737,0.390147329650092,1000000000.0,1000000000.0,1000000000.0,0.0,52.9397585745886,1.9510199613426602,2,2,9,37,0,0,0,0,0,0,,,,,,,,,,,,,,,,,,,,,,,,,,,,,,,,,,,,,,,,,,,,,,,,,,,,,,,,,,,,,,,,,,,,,,,,,,,,,,,,,,,,,,,,,,,,,,,,,,,,,,,,,,,,,,,,,,,,,,2,2,2,4,9,13,37,50,0,50,0,50,0,50,0,50,0,50,0,50
runs\lightning_completion\jigsaw-cora-clean-full-gcp-cpux8-v3\summary.csv,C:\Users\Swastik\Desktop\Jigsaw\runs\lightning_completion\jigsaw-cora-clean-full-gcp-cpux8-v3\results\prod_cora_clean_s20260608_q50_types_all_sizes20_50_100_random_component_b2_5_10_20_per_query.csv,cora,cora,20260608,cora,random_walk,50,random,random_component,type_feat32,50,50,50,0,50,0,0,0,0,50,0,0.2348763380199398,0.2382853590004288,0.318220404599856,10561.28,11932.349999999999,51.3,375.52681684541267,209.7973201389318,5.4,0.25880829015544043,0.4395139402911424,1000000000.0,1000000000.0,1000000000.0,0.0,57.951590911896986,2.897201321248037,0,0,7,43,0,0,0,0,0,0,,,,,,,,,,,,,,,,,,,,,,,,,,,,,,,,,,,,,,,,,,,,,,,,,,,,,,,,,,,,,,,,,,,,,,,,,,,,,,,,,,,,,,,,,,,,,,,,,,,,,,,,,,,,,,,,,,,,,,0,0,0,0,7,7,43,50,0,50,0,50,0,50,0,50,0,50,0,50
runs\lightning_completion\jigsaw-cora-clean-full-gcp-cpux8-v3\summary.csv,C:\Users\Swastik\Desktop\Jigsaw\runs\lightning_completion\jigsaw-cora-clean-full-gcp-cpux8-v3\results\prod_cora_clean_s20260608_q50_types_all_sizes20_50_100_random_component_b2_5_10_20_per_query.csv,cora,cora,20260608,cora,random_walk,100,random,random_component,type_feat32,50,50,50,0,50,0,0,0,0,50,0,0.2731600406800135,0.27104340349956146,0.3436627845497696,11290.18,12026.4,103.04,186.83825413682055,97.14945082881897,8.76,0.4542929292929293,0.46598510916692737,1000000000.0,1000000000.0,1000000000.0,0.0,64.37628403030504,4.603524222223617,0,1,0,49,0,0,0,0,0,0,,,,,,,,,,,,,,,,,,,,,,,,,,,,,,,,,,,,,,,,,,,,,,,,,,,,,,,,,,,,,,,,,,,,,,,,,,,,,,,,,,,,,,,,,,,,,,,,,,,,,,,,,,,,,,,,,,,,,,0,0,1,1,0,1,49,50,0,50,0,50,0,50,0,50,0,50,0,50
runs\lightning_completion\jigsaw-cora-clean-full-gcp-cpux8-v3\summary.csv,C:\Users\Swastik\Desktop\Jigsaw\runs\lightning_completion\jigsaw-cora-clean-full-gcp-cpux8-v3\results\prod_cora_clean_s20260608_q50_types_all_sizes20_50_100_random_component_b2_5_10_20_per_query.csv,cora,cora,20260608,cora,single,20,random,random_component,type_feat32,50,50,50,0,50,0,0,0,0,50,0,0.14628249250004047,0.12035575049992531,0.2644675560501582,7171.98,11803.25,20.3,949.3093552681261,551.5433941116072,1.0,0.05,0.3333333333333333,1000000000.0,1000000000.0,1000000000.0,0.0,46.449720013350394,2.311110819996429,7,8,13,22,0,0,0,0,0,0,,,,,,,,,,,,,,,,,,,,,,,,,,,,,,,,,,,,,,,,,,,,,,,,,,,,,,,,,,,,,,,,,,,,,,,,,,,,,,,,,,,,,,,,,,,,,,,,,,,,,,,,,,,,,,,,,,,,,,7,7,8,15,13,28,22,50,0,50,0,50,0,50,0,50,0,50,0,50
runs\lightning_completion\jigsaw-cora-clean-full-gcp-cpux8-v3\summary.csv,C:\Users\Swastik\Desktop\Jigsaw\runs\lightning_completion\jigsaw-cora-clean-full-gcp-cpux8-v3\results\prod_cora_clean_s20260608_q50_types_all_sizes20_50_100_random_component_b2_5_10_20_per_query.csv,cora,cora,20260608,cora,single,50,random,random_component,type_feat32,50,50,50,0,50,0,0,0,0,50,0,0.19654938842003503,0.24216057900002852,0.3106496518499625,8729.32,11882.5,50.18,388.79838232862215,170.94352636823655,1.0,0.0318452380952381,0.2976190476190476,1000000000.0,1000000000.0,1000000000.0,0.0,55.185586898820326,3.311254892856769,3,7,9,31,0,0,0,0,0,0,,,,,,,,,,,,,,,,,,,,,,,,,,,,,,,,,,,,,,,,,,,,,,,,,,,,,,,,,,,,,,,,,,,,,,,,,,,,,,,,,,,,,,,,,,,,,,,,,,,,,,,,,,,,,,,,,,,,,,3,3,7,10,9,19,31,50,0,50,0,50,0,50,0,50,0,50,0,50
runs\lightning_completion\jigsaw-cora-clean-full-gcp-cpux8-v3\summary.csv,C:\Users\Swastik\Desktop\Jigsaw\runs\lightning_completion\jigsaw-cora-clean-full-gcp-cpux8-v3\results\prod_cora_clean_s20260608_q50_types_all_sizes20_50_100_random_component_b2_5_10_20_per_query.csv,cora,cora,20260608,cora,single,100,random,random_component,type_feat32,50,50,50,0,50,0,0,0,0,50,0,0.17714592113992694,0.16709339749968422,0.2988492954000321,7387.34,11895.5,100.56,192.8029170587207,86.17472093665796,1.0,0.04900662251655629,0.33112582781456956,1000000000.0,1000000000.0,1000000000.0,0.0,52.54687957612505,6.110710205307712,7,7,14,22,0,0,0,0,0,0,,,,,,,,,,,,,,,,,,,,,,,,,,,,,,,,,,,,,,,,,,,,,,,,,,,,,,,,,,,,,,,,,,,,,,,,,,,,,,,,,,,,,,,,,,,,,,,,,,,,,,,,,,,,,,,,,,,,,,7,7,7,14,14,28,22,50,0,50,0,50,0,50,0,50,0,50,0,50
runs\lightning_completion\jigsaw-cora-clean-full-gcp-cpux8-v3\summary.csv,C:\Users\Swastik\Desktop\Jigsaw\runs\lightning_completion\jigsaw-cora-clean-full-gcp-cpux8-v3\results\prod_cora_clean_s20260608_q50_types_all_sizes20_50_100_random_component_b2_5_10_20_per_query.csv,cora,cora,20260608,cora,negative_label,20,random,random_component,type_feat32,50,0,0,50,0,0,50,0,0,31,0,0.2820971397000176,0.32601814450003985,0.40314877904975216,14463.42,18859.15,0.0,401.1017847649617,458.105580784911,2.58,0.13575,0.5059166666666667,1000000000.0,1000000000.0,1000000000.0,0.0,70.5242849250044,0.0,0,0,0,0,0,0,0,0,0,0,,,,,,,,,,,,,,,,,,,,,,,,,,,,,,,,,,,,,,,,,,,,,,,,,,,,,,,,,,,,,,,,,,,,,,,,,,,,,,,,,,,,,,,,,,,,,,,,,,,,,,,,,,,,,,,,,,,,,,0,0,0,0,0,0,0,0,0,0,0,0,0,0,0,0,0,0,0,0
runs\lightning_completion\jigsaw-cora-clean-full-gcp-cpux8-v3\summary.csv,C:\Users\Swastik\Desktop\Jigsaw\runs\lightning_completion\jigsaw-cora-clean-full-gcp-cpux8-v3\results\prod_cora_clean_s20260608_q50_types_all_sizes20_50_100_random_component_b2_5_10_20_per_query.csv,cora,cora,20260608,cora,negative_label,50,random,random_component,type_feat32,50,0,0,50,0,0,50,0,0,23,0,0.2700357000400072,0.2498827184995207,0.412415360349996,12644.3,18914.9,0.0,258.8147359814923,157.53786231335246,5.26,0.27925,0.47829166666666667,1000000000.0,1000000000.0,1000000000.0,0.0,67.5089250100018,0.0,0,0,0,0,0,0,0,0,0,0,,,,,,,,,,,,,,,,,,,,,,,,,,,,,,,,,,,,,,,,,,,,,,,,,,,,,,,,,,,,,,,,,,,,,,,,,,,,,,,,,,,,,,,,,,,,,,,,,,,,,,,,,,,,,,,,,,,,,,0,0,0,0,0,0,0,0,0,0,0,0,0,0,0,0,0,0,0,0
runs\lightning_completion\jigsaw-cora-clean-full-gcp-cpux8-v3\summary.csv,C:\Users\Swastik\Desktop\Jigsaw\runs\lightning_completion\jigsaw-cora-clean-full-gcp-cpux8-v3\results\prod_cora_clean_s20260608_q50_types_all_sizes20_50_100_random_component_b2_5_10_20_per_query.csv,cora,cora,20260608,cora,negative_label,100,random,random_component,type_feat32,50,0,0,50,0,0,50,0,0,10,0,0.2447982001400396,0.24959507350013155,0.3663209245499502,10359.08,18717.3,0.0,178.89576048418255,88.20573118762408,6.9,0.33025,0.4618169191919192,1000000000.0,1000000000.0,1000000000.0,0.0,61.199550035009906,0.0,0,0,0,0,0,0,0,0,0,0,,,,,,,,,,,,,,,,,,,,,,,,,,,,,,,,,,,,,,,,,,,,,,,,,,,,,,,,,,,,,,,,,,,,,,,,,,,,,,,,,,,,,,,,,,,,,,,,,,,,,,,,,,,,,,,,,,,,,,0,0,0,0,0,0,0,0,0,0,0,0,0,0,0,0,0,0,0,0
runs\lightning_completion\jigsaw-cora-clean-full-gcp-cpux8-v3\summary.csv,C:\Users\Swastik\Desktop\Jigsaw\runs\lightning_completion\jigsaw-cora-clean-full-gcp-cpux8-v3\results\prod_cora_clean_s20260608_q50_types_all_sizes20_50_100_random_component_b2_5_10_20_per_query.csv,cora,cora,20260608,cora,negative_structure,20,random,random_component,type_feat32,50,0,0,50,0,0,50,0,0,50,0,0.20534684181990087,0.22034967950003193,0.2867796413993119,8850.22,11859.35,19.78,1000.2883429027113,784.0092980286539,2.92,0.1375,0.4523690476190476,1000000000.0,1000000000.0,1000000000.0,0.0,48.74445295497253,2.592257500002688,0,0,0,0,0,0,0,0,0,0,,,,,,,,,,,,,,,,,,,,,,,,,,,,,,,,,,,,,,,,,,,,,,,,,,,,,,,,,,,,,,,,,,,,,,,,,,,,,,,,,,,,,,,,,,,,,,,,,,,,,,,,,,,,,,,,,,,,,,0,0,0,0,0,0,0,0,0,0,0,0,0,0,0,0,0,0,0,0
runs\lightning_completion\jigsaw-cora-clean-full-gcp-cpux8-v3\summary.csv,C:\Users\Swastik\Desktop\Jigsaw\runs\lightning_completion\jigsaw-cora-clean-full-gcp-cpux8-v3\results\prod_cora_clean_s20260608_q50_types_all_sizes20_50_100_random_component_b2_5_10_20_per_query.csv,cora,cora,20260608,cora,negative_structure,50,random,random_component,type_feat32,50,0,0,50,0,0,50,0,0,50,0,0.22376023635997627,0.23660454999958347,0.3238418839497399,9372.18,11842.349999999999,50.22,382.31024160533366,238.36506798229078,4.8,0.24,0.4506984126984127,1000000000.0,1000000000.0,1000000000.0,0.0,52.25283903500667,3.6872200549873924,0,0,0,0,0,0,0,0,0,0,,,,,,,,,,,,,,,,,,,,,,,,,,,,,,,,,,,,,,,,,,,,,,,,,,,,,,,,,,,,,,,,,,,,,,,,,,,,,,,,,,,,,,,,,,,,,,,,,,,,,,,,,,,,,,,,,,,,,,0,0,0,0,0,0,0,0,0,0,0,0,0,0,0,0,0,0,0,0
runs\lightning_completion\jigsaw-cora-clean-full-gcp-cpux8-v3\summary.csv,C:\Users\Swastik\Desktop\Jigsaw\runs\lightning_completion\jigsaw-cora-clean-full-gcp-cpux8-v3\results\prod_cora_clean_s20260608_q50_types_all_sizes20_50_100_random_component_b2_5_10_20_per_query.csv,cora,cora,20260608,cora,negative_structure,100,random,random_component,type_feat32,50,0,0,50,0,0,50,0,0,50,0,0.2517315527000756,0.263669512500428,0.3357498399998121,9164.52,11953.55,100.7,192.418013947941,95.31226793269283,6.58,0.32875,0.4608371212121212,1000000000.0,1000000000.0,1000000000.0,0.0,56.80003926500376,6.132848910015127,0,0,0,0,0,0,0,0,0,0,,,,,,,,,,,,,,,,,,,,,,,,,,,,,,,,,,,,,,,,,,,,,,,,,,,,,,,,,,,,,,,,,,,,,,,,,,,,,,,,,,,,,,,,,,,,,,,,,,,,,,,,,,,,,,,,,,,,,,0,0,0,0,0,0,0,0,0,0,0,0,0,0,0,0,0,0,0,0
runs\lightning_completion\jigsaw-cora-clean-full-gcp-cpux8-v3\summary.csv,C:\Users\Swastik\Desktop\Jigsaw\runs\lightning_completion\jigsaw-cora-clean-full-gcp-cpux8-v3\results\prod_cora_clean_s20260607_q50_types_all_sizes20_50_100_mean_feature_component_b2_5_10_20_per_query.csv,cora,cora,20260607,cora,k_hop,20,mean_feature,mean_feature_component,type_feat32,50,50,50,0,50,0,0,0,0,50,0,0.022901945960004468,0.014784979499893325,0.05291275849996849,454.28,2710.2499999999995,19.92,985.1766248415738,1655.3261196154233,2.5,0.7140350877192982,0.7187134502923977,3.5,12.0,13.529999999999994,0.3004872280678427,14.101084807014542,5.988341473691132,45,4,0,1,0,0,0,0,0,0,,,,,,,,,,,,,,,,,,,,,,,,,,,,,,,,,,,,,,,,,,,,,,,,,,,,,,,,,,,,,,,,,,,,,,,,,,,,,,,,,,,,,,,,,,,,,,,,,,,,,,,,,,,,,,,,,,,,,,45,45,4,49,0,49,1,50,0,50,0,50,0,50,0,50,0,50,0,50
runs\lightning_completion\jigsaw-cora-clean-full-gcp-cpux8-v3\summary.csv,C:\Users\Swastik\Desktop\Jigsaw\runs\lightning_completion\jigsaw-cora-clean-full-gcp-cpux8-v3\results\prod_cora_clean_s20260607_q50_types_all_sizes20_50_100_mean_feature_component_b2_5_10_20_per_query.csv,cora,cora,20260607,cora,k_hop,50,mean_feature,mean_feature_component,type_feat32,50,50,50,0,50,0,0,0,0,50,0,0.04759667764000369,0.021981110000069748,0.12467116855009971,1354.52,5906.05,50.64,389.880948673876,462.39168944133996,5.16,0.824,0.4905238095238095,9.5,19.0,19.0,0.3555910666773343,23.849592133333317,7.88152629333581,33,11,4,2,0,0,0,0,0,0,,,,,,,,,,,,,,,,,,,,,,,,,,,,,,,,,,,,,,,,,,,,,,,,,,,,,,,,,,,,,,,,,,,,,,,,,,,,,,,,,,,,,,,,,,,,,,,,,,,,,,,,,,,,,,,,,,,,,,33,33,11,44,4,48,2,50,0,50,0,50,0,50,0,50,0,50,0,50
runs\lightning_completion\jigsaw-cora-clean-full-gcp-cpux8-v3\summary.csv,C:\Users\Swastik\Desktop\Jigsaw\runs\lightning_completion\jigsaw-cora-clean-full-gcp-cpux8-v3\results\prod_cora_clean_s20260607_q50_types_all_sizes20_50_100_mean_feature_component_b2_5_10_20_per_query.csv,cora,cora,20260607,cora,k_hop,100,mean_feature,mean_feature_component,type_feat32,50,50,50,0,50,0,0,0,0,50,0,0.08132163448004576,0.06731145250012105,0.1939189290500507,2682.16,6311.449999999999,100.42,196.8736206965438,147.51936346259504,6.7,0.85,0.48503592627303965,13.0,19.0,20.0,0.4209283092818295,32.07332569073496,9.845042597948423,20,16,11,3,0,0,0,0,0,0,,,,,,,,,,,,,,,,,,,,,,,,,,,,,,,,,,,,,,,,,,,,,,,,,,,,,,,,,,,,,,,,,,,,,,,,,,,,,,,,,,,,,,,,,,,,,,,,,,,,,,,,,,,,,,,,,,,,,,20,20,16,36,11,47,3,50,0,50,0,50,0,50,0,50,0,50,0,50
runs\lightning_completion\jigsaw-cora-clean-full-gcp-cpux8-v3\summary.csv,C:\Users\Swastik\Desktop\Jigsaw\runs\lightning_completion\jigsaw-cora-clean-full-gcp-cpux8-v3\results\prod_cora_clean_s20260607_q50_types_all_sizes20_50_100_mean_feature_component_b2_5_10_20_per_query.csv,cora,cora,20260607,cora,degree_k_hop,20,mean_feature,mean_feature_component,type_feat32,50,50,50,0,50,0,0,0,0,50,0,0.03406310602000758,0.014919034999991254,0.11391603905011606,1130.64,5717.2,19.52,1034.613929971989,1531.8537810291355,2.86,0.6873239436619718,0.689906103286385,4.0,14.099999999999994,17.509999999999998,0.3022049577403252,19.244052478879766,4.744050352111488,36,8,5,1,0,0,0,0,0,0,,,,,,,,,,,,,,,,,,,,,,,,,,,,,,,,,,,,,,,,,,,,,,,,,,,,,,,,,,,,,,,,,,,,,,,,,,,,,,,,,,,,,,,,,,,,,,,,,,,,,,,,,,,,,,,,,,,,,,36,36,8,44,5,49,1,50,0,50,0,50,0,50,0,50,0,50,0,50
runs\lightning_completion\jigsaw-cora-clean-full-gcp-cpux8-v3\summary.csv,C:\Users\Swastik\Desktop\Jigsaw\runs\lightning_completion\jigsaw-cora-clean-full-gcp-cpux8-v3\results\prod_cora_clean_s20260607_q50_types_all_sizes20_50_100_mean_feature_component_b2_5_10_20_per_query.csv,cora,cora,20260607,cora,degree_k_hop,50,mean_feature,mean_feature_component,type_feat32,50,50,50,0,50,0,0,0,0,50,0,0.04652169236001327,0.02059048600000324,0.14075934390014594,1238.02,5969.299999999999,50.22,393.16796820091986,454.61496517172395,5.22,0.8474025974025974,0.5415945165945165,9.0,17.0,17.509999999999998,0.3232509870010538,23.017338584423527,7.191552558442236,34,8,5,3,0,0,0,0,0,0,,,,,,,,,,,,,,,,,,,,,,,,,,,,,,,,,,,,,,,,,,,,,,,,,,,,,,,,,,,,,,,,,,,,,,,,,,,,,,,,,,,,,,,,,,,,,,,,,,,,,,,,,,,,,,,,,,,,,,34,34,8,42,5,47,3,50,0,50,0,50,0,50,0,50,0,50,0,50
runs\lightning_completion\jigsaw-cora-clean-full-gcp-cpux8-v3\summary.csv,C:\Users\Swastik\Desktop\Jigsaw\runs\lightning_completion\jigsaw-cora-clean-full-gcp-cpux8-v3\results\prod_cora_clean_s20260607_q50_types_all_sizes20_50_100_mean_feature_component_b2_5_10_20_per_query.csv,cora,cora,20260607,cora,degree_k_hop,100,mean_feature,mean_feature_component,type_feat32,50,50,50,0,50,0,0,0,0,50,0,0.08891468676000841,0.06872683799997503,0.24717077899973672,2595.36,10295.399999999998,100.5,195.82926250396707,168.8241960454186,6.94,0.8448979591836734,0.5020367670877875,13.0,19.0,20.0,0.4641671836805249,35.54661196938942,9.818024132655689,22,14,8,6,0,0,0,0,0,0,,,,,,,,,,,,,,,,,,,,,,,,,,,,,,,,,,,,,,,,,,,,,,,,,,,,,,,,,,,,,,,,,,,,,,,,,,,,,,,,,,,,,,,,,,,,,,,,,,,,,,,,,,,,,,,,,,,,,,22,22,14,36,8,44,6,50,0,50,0,50,0,50,0,50,0,50,0,50
runs\lightning_completion\jigsaw-cora-clean-full-gcp-cpux8-v3\summary.csv,C:\Users\Swastik\Desktop\Jigsaw\runs\lightning_completion\jigsaw-cora-clean-full-gcp-cpux8-v3\results\prod_cora_clean_s20260607_q50_types_all_sizes20_50_100_mean_feature_component_b2_5_10_20_per_query.csv,cora,cora,20260607,cora,random_walk,20,mean_feature,mean_feature_component,type_feat32,50,50,50,0,50,0,0,0,0,50,0,0.046214536320017034,0.05077946400012934,0.11599299405006036,1783.96,5780.65,20.58,958.2444398514031,1462.940264722604,2.98,0.6701149425287356,0.7021072796934866,5.0,13.0,16.059999999999988,0.3123949655130035,22.44825209195944,4.111826252877934,22,20,7,1,0,0,0,0,0,0,,,,,,,,,,,,,,,,,,,,,,,,,,,,,,,,,,,,,,,,,,,,,,,,,,,,,,,,,,,,,,,,,,,,,,,,,,,,,,,,,,,,,,,,,,,,,,,,,,,,,,,,,,,,,,,,,,,,,,22,22,20,42,7,49,1,50,0,50,0,50,0,50,0,50,0,50,0,50
runs\lightning_completion\jigsaw-cora-clean-full-gcp-cpux8-v3\summary.csv,C:\Users\Swastik\Desktop\Jigsaw\runs\lightning_completion\jigsaw-cora-clean-full-gcp-cpux8-v3\results\prod_cora_clean_s20260607_q50_types_all_sizes20_50_100_mean_feature_component_b2_5_10_20_per_query.csv,cora,cora,20260607,cora,random_walk,50,mean_feature,mean_feature_component,type_feat32,50,50,50,0,50,0,0,0,0,50,0,0.1405429473999925,0.12101388249982392,0.2678342363999433,5699.82,11151.95,52.02,382.60946100275,311.50794232481593,5.62,0.6889261744966443,0.6352535421327368,11.0,18.0,19.019999999999996,0.3566730000030603,43.32348928858667,3.83857359731685,3,13,16,18,0,0,0,0,0,0,,,,,,,,,,,,,,,,,,,,,,,,,,,,,,,,,,,,,,,,,,,,,,,,,,,,,,,,,,,,,,,,,,,,,,,,,,,,,,,,,,,,,,,,,,,,,,,,,,,,,,,,,,,,,,,,,,,,,,3,3,13,16,16,32,18,50,0,50,0,50,0,50,0,50,0,50,0,50
runs\lightning_completion\jigsaw-cora-clean-full-gcp-cpux8-v3\summary.csv,C:\Users\Swastik\Desktop\Jigsaw\runs\lightning_completion\jigsaw-cora-clean-full-gcp-cpux8-v3\results\prod_cora_clean_s20260607_q50_types_all_sizes20_50_100_mean_feature_component_b2_5_10_20_per_query.csv,cora,cora,20260607,cora,random_walk,100,mean_feature,mean_feature_component,type_feat32,50,50,50,0,50,0,0,0,0,50,0,0.1745154734600055,0.17536491500015927,0.297365556949876,6467.26,11021.1,103.1,191.79722342342237,144.36848872290346,8.04,0.7691176470588236,0.5985315338256515,14.5,19.0,20.0,0.4035017235497328,46.07113838235765,5.256942047055738,1,5,17,27,0,0,0,0,0,0,,,,,,,,,,,,,,,,,,,,,,,,,,,,,,,,,,,,,,,,,,,,,,,,,,,,,,,,,,,,,,,,,,,,,,,,,,,,,,,,,,,,,,,,,,,,,,,,,,,,,,,,,,,,,,,,,,,,,,1,1,5,6,17,23,27,50,0,50,0,50,0,50,0,50,0,50,0,50
runs\lightning_completion\jigsaw-cora-clean-full-gcp-cpux8-v3\summary.csv,C:\Users\Swastik\Desktop\Jigsaw\runs\lightning_completion\jigsaw-cora-clean-full-gcp-cpux8-v3\results\prod_cora_clean_s20260607_q50_types_all_sizes20_50_100_mean_feature_component_b2_5_10_20_per_query.csv,cora,cora,20260607,cora,single,20,mean_feature,mean_feature_component,type_feat32,50,50,50,0,50,0,0,0,0,50,0,0.01941674566000529,0.014501735000067129,0.03792464045005195,306.84,1494.4999999999925,20.2,979.5129257409258,1654.2373163115742,1.0,0.4345454545454545,0.9090909090909091,1.0,3.6499999999999915,7.019999999999996,0.27224932727304724,11.429189945455288,6.222397018185885,47,1,2,0,0,0,0,0,0,0,,,,,,,,,,,,,,,,,,,,,,,,,,,,,,,,,,,,,,,,,,,,,,,,,,,,,,,,,,,,,,,,,,,,,,,,,,,,,,,,,,,,,,,,,,,,,,,,,,,,,,,,,,,,,,,,,,,,,,47,47,1,48,2,50,0,50,0,50,0,50,0,50,0,50,0,50,0,50
runs\lightning_completion\jigsaw-cora-clean-full-gcp-cpux8-v3\summary.csv,C:\Users\Swastik\Desktop\Jigsaw\runs\lightning_completion\jigsaw-cora-clean-full-gcp-cpux8-v3\results\prod_cora_clean_s20260607_q50_types_all_sizes20_50_100_mean_feature_component_b2_5_10_20_per_query.csv,cora,cora,20260607,cora,single,50,mean_feature,mean_feature_component,type_feat32,50,50,50,0,50,0,0,0,0,50,0,0.02713877756001466,0.02139568450002116,0.05372176395003973,262.36,2591.9999999999986,50.2,392.6846263945174,553.5673874451873,1.0,0.44074074074074077,0.9259259259259259,1.0,3.0,3.509999999999998,0.371396851859471,13.583807611121722,11.544690129632592,46,4,0,0,0,0,0,0,0,0,,,,,,,,,,,,,,,,,,,,,,,,,,,,,,,,,,,,,,,,,,,,,,,,,,,,,,,,,,,,,,,,,,,,,,,,,,,,,,,,,,,,,,,,,,,,,,,,,,,,,,,,,,,,,,,,,,,,,,46,46,4,50,0,50,0,50,0,50,0,50,0,50,0,50,0,50,0,50
runs\lightning_completion\jigsaw-cora-clean-full-gcp-cpux8-v3\summary.csv,C:\Users\Swastik\Desktop\Jigsaw\runs\lightning_completion\jigsaw-cora-clean-full-gcp-cpux8-v3\results\prod_cora_clean_s20260607_q50_types_all_sizes20_50_100_mean_feature_component_b2_5_10_20_per_query.csv,cora,cora,20260607,cora,single,100,mean_feature,mean_feature_component,type_feat32,50,50,50,0,50,0,0,0,0,50,0,0.03273342510002749,0.0303930660001015,0.0432219420499905,100.56,102.0,100.4,196.84692608666268,240.49349510813653,1.0,0.5,1.0,1.0,1.0,1.0,0.3845100999933493,13.622169080026651,19.111256020000837,50,0,0,0,0,0,0,0,0,0,,,,,,,,,,,,,,,,,,,,,,,,,,,,,,,,,,,,,,,,,,,,,,,,,,,,,,,,,,,,,,,,,,,,,,,,,,,,,,,,,,,,,,,,,,,,,,,,,,,,,,,,,,,,,,,,,,,,,,50,50,0,50,0,50,0,50,0,50,0,50,0,50,0,50,0,50,0,50
runs\lightning_completion\jigsaw-cora-clean-full-gcp-cpux8-v3\summary.csv,C:\Users\Swastik\Desktop\Jigsaw\runs\lightning_completion\jigsaw-cora-clean-full-gcp-cpux8-v3\results\prod_cora_clean_s20260607_q50_types_all_sizes20_50_100_mean_feature_component_b2_5_10_20_per_query.csv,cora,cora,20260607,cora,negative_label,20,mean_feature,mean_feature_component,type_feat32,50,0,0,50,0,0,50,0,0,31,0,0.2687258182800224,0.31796868850000237,0.3839545029500355,13661.16,18874.25,0.0,484.5537137293559,512.8603674143905,2.9,0.15675,0.48554761904761906,17.0,20.0,20.0,0.34162416000981466,67.1814545700056,0.0,0,0,0,0,0,0,0,0,0,0,,,,,,,,,,,,,,,,,,,,,,,,,,,,,,,,,,,,,,,,,,,,,,,,,,,,,,,,,,,,,,,,,,,,,,,,,,,,,,,,,,,,,,,,,,,,,,,,,,,,,,,,,,,,,,,,,,,,,,0,0,0,0,0,0,0,0,0,0,0,0,0,0,0,0,0,0,0,0
runs\lightning_completion\jigsaw-cora-clean-full-gcp-cpux8-v3\summary.csv,C:\Users\Swastik\Desktop\Jigsaw\runs\lightning_completion\jigsaw-cora-clean-full-gcp-cpux8-v3\results\prod_cora_clean_s20260607_q50_types_all_sizes20_50_100_mean_feature_component_b2_5_10_20_per_query.csv,cora,cora,20260607,cora,negative_label,50,mean_feature,mean_feature_component,type_feat32,50,0,0,50,0,0,50,0,0,19,0,0.2579713831000049,0.2246577225001829,0.3445430239997336,13158.9,18980.25,0.0,261.34686981957134,134.6041374432101,4.88,0.245,0.46138690476190475,19.0,20.0,20.0,0.34703673998137674,64.49284577500123,0.0,0,0,0,0,0,0,0,0,0,0,,,,,,,,,,,,,,,,,,,,,,,,,,,,,,,,,,,,,,,,,,,,,,,,,,,,,,,,,,,,,,,,,,,,,,,,,,,,,,,,,,,,,,,,,,,,,,,,,,,,,,,,,,,,,,,,,,,,,,0,0,0,0,0,0,0,0,0,0,0,0,0,0,0,0,0,0,0,0
runs\lightning_completion\jigsaw-cora-clean-full-gcp-cpux8-v3\summary.csv,C:\Users\Swastik\Desktop\Jigsaw\runs\lightning_completion\jigsaw-cora-clean-full-gcp-cpux8-v3\results\prod_cora_clean_s20260607_q50_types_all_sizes20_50_100_mean_feature_component_b2_5_10_20_per_query.csv,cora,cora,20260607,cora,negative_label,100,mean_feature,mean_feature_component,type_feat32,50,0,0,50,0,0,50,0,0,12,0,0.23522590232002585,0.23045923349980058,0.34684768505017016,11229.78,19009.75,0.0,167.54101627445496,90.45710875544908,6.94,0.34825,0.44667460317460317,19.0,20.0,20.0,0.3933657199877416,58.80647558000646,0.0,0,0,0,0,0,0,0,0,0,0,,,,,,,,,,,,,,,,,,,,,,,,,,,,,,,,,,,,,,,,,,,,,,,,,,,,,,,,,,,,,,,,,,,,,,,,,,,,,,,,,,,,,,,,,,,,,,,,,,,,,,,,,,,,,,,,,,,,,,0,0,0,0,0,0,0,0,0,0,0,0,0,0,0,0,0,0,0,0
runs\lightning_completion\jigsaw-cora-clean-full-gcp-cpux8-v3\summary.csv,C:\Users\Swastik\Desktop\Jigsaw\runs\lightning_completion\jigsaw-cora-clean-full-gcp-cpux8-v3\results\prod_cora_clean_s20260607_q50_types_all_sizes20_50_100_mean_feature_component_b2_5_10_20_per_query.csv,cora,cora,20260607,cora,negative_structure,20,mean_feature,mean_feature_component,type_feat32,50,0,0,50,0,0,50,0,0,50,0,0.1232222641599992,0.11446157900002163,0.17901685454995112,1020.92,4670.649999999992,20.1,988.109306580887,1840.7918290535122,3.02,0.41674999999999995,0.8398690476190477,6.0,15.0,17.54999999999999,0.31964099999640894,24.817240054998138,5.988325985001666,0,0,0,0,0,0,0,0,0,0,,,,,,,,,,,,,,,,,,,,,,,,,,,,,,,,,,,,,,,,,,,,,,,,,,,,,,,,,,,,,,,,,,,,,,,,,,,,,,,,,,,,,,,,,,,,,,,,,,,,,,,,,,,,,,,,,,,,,,0,0,0,0,0,0,0,0,0,0,0,0,0,0,0,0,0,0,0,0
runs\lightning_completion\jigsaw-cora-clean-full-gcp-cpux8-v3\summary.csv,C:\Users\Swastik\Desktop\Jigsaw\runs\lightning_completion\jigsaw-cora-clean-full-gcp-cpux8-v3\results\prod_cora_clean_s20260607_q50_types_all_sizes20_50_100_mean_feature_component_b2_5_10_20_per_query.csv,cora,cora,20260607,cora,negative_structure,50,mean_feature,mean_feature_component,type_feat32,50,0,0,50,0,0,50,0,0,50,0,0.15558735529994464,0.14514113949974217,0.22912547744974743,1527.68,5943.05,50.12,394.95376823440876,549.3977718399973,4.94,0.5557500000000001,0.755063492063492,9.5,17.549999999999997,19.509999999999998,0.37396465997517225,30.096733179993862,8.8001056449923,0,0,0,0,0,0,0,0,0,0,,,,,,,,,,,,,,,,,,,,,,,,,,,,,,,,,,,,,,,,,,,,,,,,,,,,,,,,,,,,,,,,,,,,,,,,,,,,,,,,,,,,,,,,,,,,,,,,,,,,,,,,,,,,,,,,,,,,,,0,0,0,0,0,0,0,0,0,0,0,0,0,0,0,0,0,0,0,0
runs\lightning_completion\jigsaw-cora-clean-full-gcp-cpux8-v3\summary.csv,C:\Users\Swastik\Desktop\Jigsaw\runs\lightning_completion\jigsaw-cora-clean-full-gcp-cpux8-v3\results\prod_cora_clean_s20260607_q50_types_all_sizes20_50_100_mean_feature_component_b2_5_10_20_per_query.csv,cora,cora,20260607,cora,negative_structure,100,mean_feature,mean_feature_component,type_feat32,50,0,0,50,0,0,50,0,0,50,0,0.1865484153199668,0.17271046549990388,0.2685798830497901,2399.28,10513.25,101.12,194.87312449487388,213.2281964873441,6.68,0.6425,0.6794525613275613,13.5,19.549999999999997,20.0,0.46555518002151075,34.32608340999195,12.31102041999975,0,0,0,0,0,0,0,0,0,0,,,,,,,,,,,,,,,,,,,,,,,,,,,,,,,,,,,,,,,,,,,,,,,,,,,,,,,,,,,,,,,,,,,,,,,,,,,,,,,,,,,,,,,,,,,,,,,,,,,,,,,,,,,,,,,,,,,,,,0,0,0,0,0,0,0,0,0,0,0,0,0,0,0,0,0,0,0,0
runs\lightning_completion\jigsaw-cora-clean-full-gcp-cpux8-v3\summary.csv,C:\Users\Swastik\Desktop\Jigsaw\runs\lightning_completion\jigsaw-cora-clean-full-gcp-cpux8-v3\results\prod_cora_clean_s20260608_q50_types_all_sizes20_50_100_mean_feature_component_b2_5_10_20_per_query.csv,cora,cora,20260608,cora,k_hop,20,mean_feature,mean_feature_component,type_feat32,50,50,50,0,50,0,0,0,0,50,0,0.02651764773998366,0.015444038499481394,0.06250564094973468,680.74,2901.25,20.08,981.5749817811437,1564.386393527947,2.74,0.7370967741935485,0.6986559139784946,4.0,14.549999999999997,17.019999999999996,0.3154703709447682,15.720522725785251,5.664677064524151,40,9,0,1,0,0,0,0,0,0,,,,,,,,,,,,,,,,,,,,,,,,,,,,,,,,,,,,,,,,,,,,,,,,,,,,,,,,,,,,,,,,,,,,,,,,,,,,,,,,,,,,,,,,,,,,,,,,,,,,,,,,,,,,,,,,,,,,,,40,40,9,49,0,49,1,50,0,50,0,50,0,50,0,50,0,50,0,50
runs\lightning_completion\jigsaw-cora-clean-full-gcp-cpux8-v3\summary.csv,C:\Users\Swastik\Desktop\Jigsaw\runs\lightning_completion\jigsaw-cora-clean-full-gcp-cpux8-v3\results\prod_cora_clean_s20260608_q50_types_all_sizes20_50_100_mean_feature_component_b2_5_10_20_per_query.csv,cora,cora,20260608,cora,k_hop,50,mean_feature,mean_feature_component,type_feat32,50,50,50,0,50,0,0,0,0,50,0,0.046488693400024206,0.02115156400009255,0.14866199730024604,1406.56,5921.75,49.96,395.56078886157417,438.73245060584105,4.72,0.7719178082191781,0.5089639051967819,8.5,19.0,19.509999999999998,0.36847954796852816,24.186707890393873,7.654862931540515,35,9,4,2,0,0,0,0,0,0,,,,,,,,,,,,,,,,,,,,,,,,,,,,,,,,,,,,,,,,,,,,,,,,,,,,,,,,,,,,,,,,,,,,,,,,,,,,,,,,,,,,,,,,,,,,,,,,,,,,,,,,,,,,,,,,,,,,,,35,35,9,44,4,48,2,50,0,50,0,50,0,50,0,50,0,50,0,50
runs\lightning_completion\jigsaw-cora-clean-full-gcp-cpux8-v3\summary.csv,C:\Users\Swastik\Desktop\Jigsaw\runs\lightning_completion\jigsaw-cora-clean-full-gcp-cpux8-v3\results\prod_cora_clean_s20260608_q50_types_all_sizes20_50_100_mean_feature_component_b2_5_10_20_per_query.csv,cora,cora,20260608,cora,k_hop,100,mean_feature,mean_feature_component,type_feat32,50,50,50,0,50,0,0,0,0,50,0,0.08214007516003222,0.05651080550023835,0.2650630853499706,2317.26,10829.55,100.48,195.82652206410003,163.19151172092606,6.74,0.8244565217391304,0.48323177426438296,12.0,19.0,19.0,0.4432198151997237,34.08743905435052,10.553906141319164,25,15,3,7,0,0,0,0,0,0,,,,,,,,,,,,,,,,,,,,,,,,,,,,,,,,,,,,,,,,,,,,,,,,,,,,,,,,,,,,,,,,,,,,,,,,,,,,,,,,,,,,,,,,,,,,,,,,,,,,,,,,,,,,,,,,,,,,,,25,25,15,40,3,43,7,50,0,50,0,50,0,50,0,50,0,50,0,50
runs\lightning_completion\jigsaw-cora-clean-full-gcp-cpux8-v3\summary.csv,C:\Users\Swastik\Desktop\Jigsaw\runs\lightning_completion\jigsaw-cora-clean-full-gcp-cpux8-v3\results\prod_cora_clean_s20260608_q50_types_all_sizes20_50_100_mean_feature_component_b2_5_10_20_per_query.csv,cora,cora,20260608,cora,degree_k_hop,20,mean_feature,mean_feature_component,type_feat32,50,50,50,0,50,0,0,0,0,50,0,0.031222815259943672,0.019362403500053915,0.10692979500004184,826.5,5767.549999999999,19.96,996.0123644252167,1597.3991230011525,3.12,0.7492537313432837,0.6617626154939588,5.0,14.649999999999991,18.019999999999996,0.30954085077067234,17.744416014920716,5.556192388022323,37,9,4,0,0,0,0,0,0,0,,,,,,,,,,,,,,,,,,,,,,,,,,,,,,,,,,,,,,,,,,,,,,,,,,,,,,,,,,,,,,,,,,,,,,,,,,,,,,,,,,,,,,,,,,,,,,,,,,,,,,,,,,,,,,,,,,,,,,37,37,9,46,4,50,0,50,0,50,0,50,0,50,0,50,0,50,0,50
runs\lightning_completion\jigsaw-cora-clean-full-gcp-cpux8-v3\summary.csv,C:\Users\Swastik\Desktop\Jigsaw\runs\lightning_completion\jigsaw-cora-clean-full-gcp-cpux8-v3\results\prod_cora_clean_s20260608_q50_types_all_sizes20_50_100_mean_feature_component_b2_5_10_20_per_query.csv,cora,cora,20260608,cora,degree_k_hop,50,mean_feature,mean_feature_component,type_feat32,50,50,50,0,50,0,0,0,0,50,0,0.029608176000037928,0.02149959950020275,0.05985223854979722,521.12,2756.75,49.94,394.8163039674767,494.41217343031684,4.12,0.8338983050847458,0.5207021791767554,9.0,16.549999999999997,17.509999999999998,0.37567661022768656,15.820395305073069,9.271279271230261,43,6,0,1,0,0,0,0,0,0,,,,,,,,,,,,,,,,,,,,,,,,,,,,,,,,,,,,,,,,,,,,,,,,,,,,,,,,,,,,,,,,,,,,,,,,,,,,,,,,,,,,,,,,,,,,,,,,,,,,,,,,,,,,,,,,,,,,,,43,43,6,49,0,49,1,50,0,50,0,50,0,50,0,50,0,50,0,50
runs\lightning_completion\jigsaw-cora-clean-full-gcp-cpux8-v3\summary.csv,C:\Users\Swastik\Desktop\Jigsaw\runs\lightning_completion\jigsaw-cora-clean-full-gcp-cpux8-v3\results\prod_cora_clean_s20260608_q50_types_all_sizes20_50_100_mean_feature_component_b2_5_10_20_per_query.csv,cora,cora,20260608,cora,degree_k_hop,100,mean_feature,mean_feature_component,type_feat32,50,50,50,0,50,0,0,0,0,50,0,0.06828222797995295,0.06559161549944292,0.15245946595014168,2066.9,5982.7,100.68,194.69877226020782,158.5442818793687,6.78,0.8702247191011236,0.46561238387081083,12.5,19.0,19.0,0.4131023146216107,27.85157783144702,10.509224404481603,22,19,7,2,0,0,0,0,0,0,,,,,,,,,,,,,,,,,,,,,,,,,,,,,,,,,,,,,,,,,,,,,,,,,,,,,,,,,,,,,,,,,,,,,,,,,,,,,,,,,,,,,,,,,,,,,,,,,,,,,,,,,,,,,,,,,,,,,,22,22,19,41,7,48,2,50,0,50,0,50,0,50,0,50,0,50,0,50
runs\lightning_completion\jigsaw-cora-clean-full-gcp-cpux8-v3\summary.csv,C:\Users\Swastik\Desktop\Jigsaw\runs\lightning_completion\jigsaw-cora-clean-full-gcp-cpux8-v3\results\prod_cora_clean_s20260608_q50_types_all_sizes20_50_100_mean_feature_component_b2_5_10_20_per_query.csv,cora,cora,20260608,cora,random_walk,20,mean_feature,mean_feature_component,type_feat32,50,50,50,0,50,0,0,0,0,50,0,0.0642943804999868,0.050361556000325436,0.17198991650020615,2372.8,6035.799999999999,20.82,964.9816673558327,1334.8405516612645,3.18,0.6151960784313726,0.6844771241830065,5.5,14.0,17.019999999999996,0.3367828235241177,27.81780430391158,3.6990488823564602,18,15,14,3,0,0,0,0,0,0,,,,,,,,,,,,,,,,,,,,,,,,,,,,,,,,,,,,,,,,,,,,,,,,,,,,,,,,,,,,,,,,,,,,,,,,,,,,,,,,,,,,,,,,,,,,,,,,,,,,,,,,,,,,,,,,,,,,,,18,18,15,33,14,47,3,50,0,50,0,50,0,50,0,50,0,50,0,50
runs\lightning_completion\jigsaw-cora-clean-full-gcp-cpux8-v3\summary.csv,C:\Users\Swastik\Desktop\Jigsaw\runs\lightning_completion\jigsaw-cora-clean-full-gcp-cpux8-v3\results\prod_cora_clean_s20260608_q50_types_all_sizes20_50_100_mean_feature_component_b2_5_10_20_per_query.csv,cora,cora,20260608,cora,random_walk,50,mean_feature,mean_feature_component,type_feat32,50,50,50,0,50,0,0,0,0,50,0,0.1146484678399429,0.10828331749985409,0.2643457362498337,4586.22,10424.949999999999,51.3,382.99715701721243,350.29621794656134,5.4,0.7075,0.6369132653061225,10.0,17.549999999999997,19.0,0.4029268000164978,36.968495778553134,3.977385592855041,2,17,20,11,0,0,0,0,0,0,,,,,,,,,,,,,,,,,,,,,,,,,,,,,,,,,,,,,,,,,,,,,,,,,,,,,,,,,,,,,,,,,,,,,,,,,,,,,,,,,,,,,,,,,,,,,,,,,,,,,,,,,,,,,,,,,,,,,,2,2,17,19,20,39,11,50,0,50,0,50,0,50,0,50,0,50,0,50
runs\lightning_completion\jigsaw-cora-clean-full-gcp-cpux8-v3\summary.csv,C:\Users\Swastik\Desktop\Jigsaw\runs\lightning_completion\jigsaw-cora-clean-full-gcp-cpux8-v3\results\prod_cora_clean_s20260608_q50_types_all_sizes20_50_100_mean_feature_component_b2_5_10_20_per_query.csv,cora,cora,20260608,cora,random_walk,100,mean_feature,mean_feature_component,type_feat32,50,50,50,0,50,0,0,0,0,50,0,0.1908240379200106,0.1809905420002451,0.319527384549815,6901.22,11233.3,103.04,191.3465338904471,150.1642023808388,8.76,0.7779329608938548,0.5913928405548518,15.0,20.0,20.0,0.4242366480485549,48.22159759219201,5.081206296079106,1,1,16,32,0,0,0,0,0,0,,,,,,,,,,,,,,,,,,,,,,,,,,,,,,,,,,,,,,,,,,,,,,,,,,,,,,,,,,,,,,,,,,,,,,,,,,,,,,,,,,,,,,,,,,,,,,,,,,,,,,,,,,,,,,,,,,,,,,1,1,1,2,16,18,32,50,0,50,0,50,0,50,0,50,0,50,0,50
runs\lightning_completion\jigsaw-cora-clean-full-gcp-cpux8-v3\summary.csv,C:\Users\Swastik\Desktop\Jigsaw\runs\lightning_completion\jigsaw-cora-clean-full-gcp-cpux8-v3\results\prod_cora_clean_s20260608_q50_types_all_sizes20_50_100_mean_feature_component_b2_5_10_20_per_query.csv,cora,cora,20260608,cora,single,20,mean_feature,mean_feature_component,type_feat32,50,50,50,0,50,0,0,0,0,50,0,0.01972164653989239,0.014766553999834287,0.029501277450140084,232.88,1214.349999999994,20.3,968.3476436896437,1526.7986485606277,1.0,0.4444444444444444,0.9259259259259259,1.0,2.549999999999997,6.039999999999992,0.30544396295058335,11.955567722183062,6.305216111050632,47,2,1,0,0,0,0,0,0,0,,,,,,,,,,,,,,,,,,,,,,,,,,,,,,,,,,,,,,,,,,,,,,,,,,,,,,,,,,,,,,,,,,,,,,,,,,,,,,,,,,,,,,,,,,,,,,,,,,,,,,,,,,,,,,,,,,,,,,47,47,2,49,1,50,0,50,0,50,0,50,0,50,0,50,0,50,0,50
runs\lightning_completion\jigsaw-cora-clean-full-gcp-cpux8-v3\summary.csv,C:\Users\Swastik\Desktop\Jigsaw\runs\lightning_completion\jigsaw-cora-clean-full-gcp-cpux8-v3\results\prod_cora_clean_s20260608_q50_types_all_sizes20_50_100_mean_feature_component_b2_5_10_20_per_query.csv,cora,cora,20260608,cora,single,50,mean_feature,mean_feature_component,type_feat32,50,50,50,0,50,0,0,0,0,50,0,0.025366855460042644,0.021375368500002878,0.03835593049996077,152.56,54.0,50.18,393.9766624497476,541.9220989614886,1.0,0.46923076923076923,0.9615384615384616,1.0,1.5499999999999972,3.509999999999998,0.37631686539568293,12.297390730780604,12.093816442337321,48,2,0,0,0,0,0,0,0,0,,,,,,,,,,,,,,,,,,,,,,,,,,,,,,,,,,,,,,,,,,,,,,,,,,,,,,,,,,,,,,,,,,,,,,,,,,,,,,,,,,,,,,,,,,,,,,,,,,,,,,,,,,,,,,,,,,,,,,48,48,2,50,0,50,0,50,0,50,0,50,0,50,0,50,0,50,0,50
runs\lightning_completion\jigsaw-cora-clean-full-gcp-cpux8-v3\summary.csv,C:\Users\Swastik\Desktop\Jigsaw\runs\lightning_completion\jigsaw-cora-clean-full-gcp-cpux8-v3\results\prod_cora_clean_s20260608_q50_types_all_sizes20_50_100_mean_feature_component_b2_5_10_20_per_query.csv,cora,cora,20260608,cora,single,100,mean_feature,mean_feature_component,type_feat32,50,50,50,0,50,0,0,0,0,50,0,0.032699252819966204,0.02989385849991777,0.04999787090005155,202.98,107.0,100.56,195.86850691086187,240.8777481301906,1.0,0.46923076923076923,0.9615384615384616,1.0,1.0,3.509999999999998,0.4292414615485121,13.950192615372824,17.491396634594683,48,2,0,0,0,0,0,0,0,0,,,,,,,,,,,,,,,,,,,,,,,,,,,,,,,,,,,,,,,,,,,,,,,,,,,,,,,,,,,,,,,,,,,,,,,,,,,,,,,,,,,,,,,,,,,,,,,,,,,,,,,,,,,,,,,,,,,,,,48,48,2,50,0,50,0,50,0,50,0,50,0,50,0,50,0,50,0,50
runs\lightning_completion\jigsaw-cora-clean-full-gcp-cpux8-v3\summary.csv,C:\Users\Swastik\Desktop\Jigsaw\runs\lightning_completion\jigsaw-cora-clean-full-gcp-cpux8-v3\results\prod_cora_clean_s20260608_q50_types_all_sizes20_50_100_mean_feature_component_b2_5_10_20_per_query.csv,cora,cora,20260608,cora,negative_label,20,mean_feature,mean_feature_component,type_feat32,50,0,0,50,0,0,50,0,0,31,0,0.2813631643399367,0.3197573729994474,0.402881368949852,15017.26,18859.15,0.0,392.5388061677945,371.7234085683201,2.58,0.11075000000000002,0.4218333333333333,16.0,20.0,20.0,0.3395360200192954,70.34079108498418,0.0,0,0,0,0,0,0,0,0,0,0,,,,,,,,,,,,,,,,,,,,,,,,,,,,,,,,,,,,,,,,,,,,,,,,,,,,,,,,,,,,,,,,,,,,,,,,,,,,,,,,,,,,,,,,,,,,,,,,,,,,,,,,,,,,,,,,,,,,,,0,0,0,0,0,0,0,0,0,0,0,0,0,0,0,0,0,0,0,0
runs\lightning_completion\jigsaw-cora-clean-full-gcp-cpux8-v3\summary.csv,C:\Users\Swastik\Desktop\Jigsaw\runs\lightning_completion\jigsaw-cora-clean-full-gcp-cpux8-v3\results\prod_cora_clean_s20260608_q50_types_all_sizes20_50_100_mean_feature_component_b2_5_10_20_per_query.csv,cora,cora,20260608,cora,negative_label,50,mean_feature,mean_feature_component,type_feat32,50,0,0,50,0,0,50,0,0,20,0,0.254494882400013,0.23506661550027275,0.362069243599808,12473.7,18914.9,0.0,258.55101105810724,164.62005527225747,5.26,0.25625,0.4508253968253968,19.0,20.0,20.0,0.3667666199726227,63.62372060000325,0.0,0,0,0,0,0,0,0,0,0,0,,,,,,,,,,,,,,,,,,,,,,,,,,,,,,,,,,,,,,,,,,,,,,,,,,,,,,,,,,,,,,,,,,,,,,,,,,,,,,,,,,,,,,,,,,,,,,,,,,,,,,,,,,,,,,,,,,,,,,0,0,0,0,0,0,0,0,0,0,0,0,0,0,0,0,0,0,0,0
runs\lightning_completion\jigsaw-cora-clean-full-gcp-cpux8-v3\summary.csv,C:\Users\Swastik\Desktop\Jigsaw\runs\lightning_completion\jigsaw-cora-clean-full-gcp-cpux8-v3\results\prod_cora_clean_s20260608_q50_types_all_sizes20_50_100_mean_feature_component_b2_5_10_20_per_query.csv,cora,cora,20260608,cora,negative_label,100,mean_feature,mean_feature_component,type_feat32,50,0,0,50,0,0,50,0,0,8,0,0.2235892397399948,0.2235347009996076,0.35340282195020334,9913.62,18717.3,0.0,179.68897319646905,98.85087878773948,6.9,0.32975,0.44072168109668114,19.0,20.0,20.0,0.38891173997399164,55.8973099349987,0.0,0,0,0,0,0,0,0,0,0,0,,,,,,,,,,,,,,,,,,,,,,,,,,,,,,,,,,,,,,,,,,,,,,,,,,,,,,,,,,,,,,,,,,,,,,,,,,,,,,,,,,,,,,,,,,,,,,,,,,,,,,,,,,,,,,,,,,,,,,0,0,0,0,0,0,0,0,0,0,0,0,0,0,0,0,0,0,0,0
runs\lightning_completion\jigsaw-cora-clean-full-gcp-cpux8-v3\summary.csv,C:\Users\Swastik\Desktop\Jigsaw\runs\lightning_completion\jigsaw-cora-clean-full-gcp-cpux8-v3\results\prod_cora_clean_s20260608_q50_types_all_sizes20_50_100_mean_feature_component_b2_5_10_20_per_query.csv,cora,cora,20260608,cora,negative_structure,20,mean_feature,mean_feature_component,type_feat32,50,0,0,50,0,0,50,0,0,50,0,0.1251173216799907,0.11252507899985176,0.19678028599942082,990.92,5890.8,19.78,1006.0291697425381,1785.77909066861,2.92,0.413,0.8573333333333334,4.5,16.19999999999999,18.509999999999998,0.31615875995157694,25.248777270023766,6.030553149973912,0,0,0,0,0,0,0,0,0,0,,,,,,,,,,,,,,,,,,,,,,,,,,,,,,,,,,,,,,,,,,,,,,,,,,,,,,,,,,,,,,,,,,,,,,,,,,,,,,,,,,,,,,,,,,,,,,,,,,,,,,,,,,,,,,,,,,,,,,0,0,0,0,0,0,0,0,0,0,0,0,0,0,0,0,0,0,0,0
runs\lightning_completion\jigsaw-cora-clean-full-gcp-cpux8-v3\summary.csv,C:\Users\Swastik\Desktop\Jigsaw\runs\lightning_completion\jigsaw-cora-clean-full-gcp-cpux8-v3\results\prod_cora_clean_s20260608_q50_types_all_sizes20_50_100_mean_feature_component_b2_5_10_20_per_query.csv,cora,cora,20260608,cora,negative_structure,50,mean_feature,mean_feature_component,type_feat32,50,0,0,50,0,0,50,0,0,50,0,0.14566309701992394,0.13030626649992882,0.21902090079986458,1258.1,5914.049999999999,50.22,390.48301444700417,573.8644614417695,4.8,0.5615,0.7613234126984127,9.0,19.0,20.0,0.35851197998454154,27.79422456998418,8.621549684996808,0,0,0,0,0,0,0,0,0,0,,,,,,,,,,,,,,,,,,,,,,,,,,,,,,,,,,,,,,,,,,,,,,,,,,,,,,,,,,,,,,,,,,,,,,,,,,,,,,,,,,,,,,,,,,,,,,,,,,,,,,,,,,,,,,,,,,,,,,0,0,0,0,0,0,0,0,0,0,0,0,0,0,0,0,0,0,0,0
runs\lightning_completion\jigsaw-cora-clean-full-gcp-cpux8-v3\summary.csv,C:\Users\Swastik\Desktop\Jigsaw\runs\lightning_completion\jigsaw-cora-clean-full-gcp-cpux8-v3\results\prod_cora_clean_s20260608_q50_types_all_sizes20_50_100_mean_feature_component_b2_5_10_20_per_query.csv,cora,cora,20260608,cora,negative_structure,100,mean_feature,mean_feature_component,type_feat32,50,0,0,50,0,0,50,0,0,50,0,0.19286024097998053,0.17218294799999967,0.27117393744954366,1100.0,3126.75,100.7,196.42974270374853,218.07517138822814,6.58,0.65225,0.6833814935064935,13.0,18.099999999999994,20.0,0.5191772399939509,32.96425381999825,15.250806424996881,0,0,0,0,0,0,0,0,0,0,,,,,,,,,,,,,,,,,,,,,,,,,,,,,,,,,,,,,,,,,,,,,,,,,,,,,,,,,,,,,,,,,,,,,,,,,,,,,,,,,,,,,,,,,,,,,,,,,,,,,,,,,,,,,,,,,,,,,,0,0,0,0,0,0,0,0,0,0,0,0,0,0,0,0,0,0,0,0
runs\lightning_completion\jigsaw-cora-clean-full-gcp-cpux8-v3\summary.csv,C:\Users\Swastik\Desktop\Jigsaw\runs\lightning_completion\jigsaw-cora-clean-full-gcp-cpux8-v3\results\prod_cora_clean_s20260607_q50_types_all_sizes20_50_100_mean_rrf_component_b2_5_10_20_per_query.csv,cora,cora,20260607,cora_jigsaw,k_hop,20,coarse_mean_rrf,mean_rrf_component,type_feat32,50,50,50,0,50,0,0,0,0,50,0,0.01568912749998617,0.015039172999991024,0.01691089744998635,68.96,22.549999999999997,19.92,981.1293167183245,1849.1190566055293,2.5,0.8098039215686273,0.7607843137254902,2.5,6.549999999999997,7.509999999999998,5.9547695293798935,8.617214019607797,6.764283529398252,49,1,0,0,0,0,0,0,0,0,,,,,,,,,,,,,,,,,,,,,,,,,,,,,,,,,,,,,,,,,,,,,,,,,,,,,,,,,,,,,,,,,,,,,,,,,,,,,,,,,,,,,,,,,,,,,,,,,,,,,,,,,,,,,,,,,,,,,,49,49,1,50,0,50,0,50,0,50,0,50,0,50,0,50,0,50,0,50
runs\lightning_completion\jigsaw-cora-clean-full-gcp-cpux8-v3\summary.csv,C:\Users\Swastik\Desktop\Jigsaw\runs\lightning_completion\jigsaw-cora-clean-full-gcp-cpux8-v3\results\prod_cora_clean_s20260607_q50_types_all_sizes20_50_100_mean_rrf_component_b2_5_10_20_per_query.csv,cora,cora,20260607,cora_jigsaw,k_hop,50,coarse_mean_rrf,mean_rrf_component,type_feat32,50,50,50,0,50,0,0,0,0,50,0,0.03244360062004034,0.021005505500056643,0.07353789290017398,719.58,2836.8499999999995,50.64,389.93211051296043,524.5702105295032,5.16,0.9523809523809523,0.48834089191232044,7.0,14.0,16.019999999999996,7.036712936500378,16.751399888898092,8.997489492086306,39,9,2,0,0,0,0,0,0,0,,,,,,,,,,,,,,,,,,,,,,,,,,,,,,,,,,,,,,,,,,,,,,,,,,,,,,,,,,,,,,,,,,,,,,,,,,,,,,,,,,,,,,,,,,,,,,,,,,,,,,,,,,,,,,,,,,,,,,39,39,9,48,2,50,0,50,0,50,0,50,0,50,0,50,0,50,0,50
runs\lightning_completion\jigsaw-cora-clean-full-gcp-cpux8-v3\summary.csv,C:\Users\Swastik\Desktop\Jigsaw\runs\lightning_completion\jigsaw-cora-clean-full-gcp-cpux8-v3\results\prod_cora_clean_s20260607_q50_types_all_sizes20_50_100_mean_rrf_component_b2_5_10_20_per_query.csv,cora,cora,20260607,cora_jigsaw,k_hop,100,coarse_mean_rrf,mean_rrf_component,type_feat32,50,50,50,0,50,0,0,0,0,50,0,0.06640332377997765,0.06848507500012602,0.155084291000071,1882.82,5983.700000000001,100.42,196.56195436404028,161.60755418118455,6.7,0.9409638554216867,0.4587662337662338,9.0,16.549999999999997,18.019999999999996,10.08052795181499,27.919542566262106,12.082459710832866,23,21,6,0,0,0,0,0,0,0,,,,,,,,,,,,,,,,,,,,,,,,,,,,,,,,,,,,,,,,,,,,,,,,,,,,,,,,,,,,,,,,,,,,,,,,,,,,,,,,,,,,,,,,,,,,,,,,,,,,,,,,,,,,,,,,,,,,,,23,23,21,44,6,50,0,50,0,50,0,50,0,50,0,50,0,50,0,50
runs\lightning_completion\jigsaw-cora-clean-full-gcp-cpux8-v3\summary.csv,C:\Users\Swastik\Desktop\Jigsaw\runs\lightning_completion\jigsaw-cora-clean-full-gcp-cpux8-v3\results\prod_cora_clean_s20260607_q50_types_all_sizes20_50_100_mean_rrf_component_b2_5_10_20_per_query.csv,cora,cora,20260607,cora_jigsaw,degree_k_hop,20,coarse_mean_rrf,mean_rrf_component,type_feat32,50,50,50,0,50,0,0,0,0,50,0,0.019897988040015663,0.014766832499844895,0.051159825050081056,339.3,2716.3499999999995,19.52,1034.613929971989,1873.8357314103932,2.86,0.8620689655172413,0.75,3.0,8.549999999999997,16.54999999999999,5.525007155166224,11.353643793113562,5.79979417241718,43,6,1,0,0,0,0,0,0,0,,,,,,,,,,,,,,,,,,,,,,,,,,,,,,,,,,,,,,,,,,,,,,,,,,,,,,,,,,,,,,,,,,,,,,,,,,,,,,,,,,,,,,,,,,,,,,,,,,,,,,,,,,,,,,,,,,,,,,43,43,6,49,1,50,0,50,0,50,0,50,0,50,0,50,0,50,0,50
runs\lightning_completion\jigsaw-cora-clean-full-gcp-cpux8-v3\summary.csv,C:\Users\Swastik\Desktop\Jigsaw\runs\lightning_completion\jigsaw-cora-clean-full-gcp-cpux8-v3\results\prod_cora_clean_s20260607_q50_types_all_sizes20_50_100_mean_rrf_component_b2_5_10_20_per_query.csv,cora,cora,20260607,cora_jigsaw,degree_k_hop,50,coarse_mean_rrf,mean_rrf_component,type_feat32,50,50,50,0,50,0,0,0,0,50,0,0.03644056022000768,0.021160462999887386,0.09389036549999899,915.72,3053.1499999999996,50.24,393.2588100015283,468.44014627930875,5.22,0.9514705882352942,0.5276610644257703,6.0,12.0,14.509999999999998,6.777716882328043,18.58708775000316,8.207441823531902,36,10,4,0,0,0,0,0,0,0,,,,,,,,,,,,,,,,,,,,,,,,,,,,,,,,,,,,,,,,,,,,,,,,,,,,,,,,,,,,,,,,,,,,,,,,,,,,,,,,,,,,,,,,,,,,,,,,,,,,,,,,,,,,,,,,,,,,,,36,36,10,46,4,50,0,50,0,50,0,50,0,50,0,50,0,50,0,50
runs\lightning_completion\jigsaw-cora-clean-full-gcp-cpux8-v3\summary.csv,C:\Users\Swastik\Desktop\Jigsaw\runs\lightning_completion\jigsaw-cora-clean-full-gcp-cpux8-v3\results\prod_cora_clean_s20260607_q50_types_all_sizes20_50_100_mean_rrf_component_b2_5_10_20_per_query.csv,cora,cora,20260607,cora_jigsaw,degree_k_hop,100,coarse_mean_rrf,mean_rrf_component,type_feat32,50,50,50,0,50,0,0,0,0,50,0,0.06630466549995617,0.05484896049983945,0.16194943384981558,1600.78,6016.049999999999,100.5,196.6979133101192,195.91555193981247,6.94,0.9506024096385542,0.47169152801682923,10.0,17.0,19.0,9.597898783124082,28.25892920479298,11.683640373493871,24,20,5,1,0,0,0,0,0,0,,,,,,,,,,,,,,,,,,,,,,,,,,,,,,,,,,,,,,,,,,,,,,,,,,,,,,,,,,,,,,,,,,,,,,,,,,,,,,,,,,,,,,,,,,,,,,,,,,,,,,,,,,,,,,,,,,,,,,24,24,20,44,5,49,1,50,0,50,0,50,0,50,0,50,0,50,0,50
runs\lightning_completion\jigsaw-cora-clean-full-gcp-cpux8-v3\summary.csv,C:\Users\Swastik\Desktop\Jigsaw\runs\lightning_completion\jigsaw-cora-clean-full-gcp-cpux8-v3\results\prod_cora_clean_s20260607_q50_types_all_sizes20_50_100_mean_rrf_component_b2_5_10_20_per_query.csv,cora,cora,20260607,cora_jigsaw,random_walk,20,coarse_mean_rrf,mean_rrf_component,type_feat32,50,50,50,0,50,0,0,0,0,50,0,0.02980041200002688,0.01571617650006374,0.06678638184982898,915.12,3116.95,20.58,960.2834913608131,1742.0336520106953,2.98,0.8211267605633802,0.7401408450704225,4.0,13.099999999999994,17.059999999999988,5.84103264784805,16.003139929593168,4.983065704228581,31,17,2,0,0,0,0,0,0,0,,,,,,,,,,,,,,,,,,,,,,,,,,,,,,,,,,,,,,,,,,,,,,,,,,,,,,,,,,,,,,,,,,,,,,,,,,,,,,,,,,,,,,,,,,,,,,,,,,,,,,,,,,,,,,,,,,,,,,31,31,17,48,2,50,0,50,0,50,0,50,0,50,0,50,0,50,0,50
runs\lightning_completion\jigsaw-cora-clean-full-gcp-cpux8-v3\summary.csv,C:\Users\Swastik\Desktop\Jigsaw\runs\lightning_completion\jigsaw-cora-clean-full-gcp-cpux8-v3\results\prod_cora_clean_s20260607_q50_types_all_sizes20_50_100_mean_rrf_component_b2_5_10_20_per_query.csv,cora,cora,20260607,cora_jigsaw,random_walk,50,coarse_mean_rrf,mean_rrf_component,type_feat32,50,50,50,0,50,0,0,0,0,50,0,0.08848440170000686,0.0641385444999969,0.17003721800008406,3324.52,6696.0,52.02,384.4180196325446,400.5423949776999,5.62,0.8701680672268908,0.6497599039615846,7.5,16.549999999999997,19.019999999999996,7.291959579824757,32.16370953782261,5.014610504197074,4,27,15,4,0,0,0,0,0,0,,,,,,,,,,,,,,,,,,,,,,,,,,,,,,,,,,,,,,,,,,,,,,,,,,,,,,,,,,,,,,,,,,,,,,,,,,,,,,,,,,,,,,,,,,,,,,,,,,,,,,,,,,,,,,,,,,,,,,4,4,27,31,15,46,4,50,0,50,0,50,0,50,0,50,0,50,0,50
runs\lightning_completion\jigsaw-cora-clean-full-gcp-cpux8-v3\summary.csv,C:\Users\Swastik\Desktop\Jigsaw\runs\lightning_completion\jigsaw-cora-clean-full-gcp-cpux8-v3\results\prod_cora_clean_s20260607_q50_types_all_sizes20_50_100_mean_rrf_component_b2_5_10_20_per_query.csv,cora,cora,20260607,cora_jigsaw,random_walk,100,coarse_mean_rrf,mean_rrf_component,type_feat32,50,50,50,0,50,0,0,0,0,50,0,0.14404390424000213,0.1425354589998733,0.25509861305013143,5292.06,11264.2,103.06,191.42097406964717,156.4590905007794,8.04,0.871,0.5928328523328523,12.0,17.549999999999997,19.509999999999998,9.284365426663802,41.89315433333377,6.121480413333605,1,8,31,10,0,0,0,0,0,0,,,,,,,,,,,,,,,,,,,,,,,,,,,,,,,,,,,,,,,,,,,,,,,,,,,,,,,,,,,,,,,,,,,,,,,,,,,,,,,,,,,,,,,,,,,,,,,,,,,,,,,,,,,,,,,,,,,,,,1,1,8,9,31,40,10,50,0,50,0,50,0,50,0,50,0,50,0,50
runs\lightning_completion\jigsaw-cora-clean-full-gcp-cpux8-v3\summary.csv,C:\Users\Swastik\Desktop\Jigsaw\runs\lightning_completion\jigsaw-cora-clean-full-gcp-cpux8-v3\results\prod_cora_clean_s20260607_q50_types_all_sizes20_50_100_mean_rrf_component_b2_5_10_20_per_query.csv,cora,cora,20260607,cora_jigsaw,single,20,coarse_mean_rrf,mean_rrf_component,type_feat32,50,50,50,0,50,0,0,0,0,50,0,0.015938702139983434,0.013884859500080893,0.02262282550010468,64.02,21.549999999999997,20.2,981.3979733599734,1783.293152370265,1.0,0.4843137254901961,0.9803921568627451,1.0,1.5499999999999972,3.019999999999996,5.252237509814543,9.169918921561118,6.456259647050091,49,1,0,0,0,0,0,0,0,0,,,,,,,,,,,,,,,,,,,,,,,,,,,,,,,,,,,,,,,,,,,,,,,,,,,,,,,,,,,,,,,,,,,,,,,,,,,,,,,,,,,,,,,,,,,,,,,,,,,,,,,,,,,,,,,,,,,,,,49,49,1,50,0,50,0,50,0,50,0,50,0,50,0,50,0,50,0,50
runs\lightning_completion\jigsaw-cora-clean-full-gcp-cpux8-v3\summary.csv,C:\Users\Swastik\Desktop\Jigsaw\runs\lightning_completion\jigsaw-cora-clean-full-gcp-cpux8-v3\results\prod_cora_clean_s20260607_q50_types_all_sizes20_50_100_mean_rrf_component_b2_5_10_20_per_query.csv,cora,cora,20260607,cora_jigsaw,single,50,coarse_mean_rrf,mean_rrf_component,type_feat32,50,50,50,0,50,0,0,0,0,50,0,0.02372396545998072,0.021056135500089113,0.035574337899822686,106.72,55.0,50.2,392.6835801475788,585.2383819851306,1.0,0.4843137254901961,0.9803921568627451,1.0,1.0,2.019999999999996,7.492816529386747,11.738830999993475,11.519958666654288,49,1,0,0,0,0,0,0,0,0,,,,,,,,,,,,,,,,,,,,,,,,,,,,,,,,,,,,,,,,,,,,,,,,,,,,,,,,,,,,,,,,,,,,,,,,,,,,,,,,,,,,,,,,,,,,,,,,,,,,,,,,,,,,,,,,,,,,,,49,49,1,50,0,50,0,50,0,50,0,50,0,50,0,50,0,50,0,50
runs\lightning_completion\jigsaw-cora-clean-full-gcp-cpux8-v3\summary.csv,C:\Users\Swastik\Desktop\Jigsaw\runs\lightning_completion\jigsaw-cora-clean-full-gcp-cpux8-v3\results\prod_cora_clean_s20260607_q50_types_all_sizes20_50_100_mean_rrf_component_b2_5_10_20_per_query.csv,cora,cora,20260607,cora_jigsaw,single,100,coarse_mean_rrf,mean_rrf_component,type_feat32,50,50,50,0,50,0,0,0,0,50,0,0.03640981252000529,0.03202350300011858,0.05640434000004006,100.6,103.0,100.4,196.7715672440965,240.49349510813653,1.0,0.5,1.0,1.0,1.0,1.0,10.169242140018468,15.368270459994164,21.041542060011125,50,0,0,0,0,0,0,0,0,0,,,,,,,,,,,,,,,,,,,,,,,,,,,,,,,,,,,,,,,,,,,,,,,,,,,,,,,,,,,,,,,,,,,,,,,,,,,,,,,,,,,,,,,,,,,,,,,,,,,,,,,,,,,,,,,,,,,,,,50,50,0,50,0,50,0,50,0,50,0,50,0,50,0,50,0,50,0,50
runs\lightning_completion\jigsaw-cora-clean-full-gcp-cpux8-v3\summary.csv,C:\Users\Swastik\Desktop\Jigsaw\runs\lightning_completion\jigsaw-cora-clean-full-gcp-cpux8-v3\results\prod_cora_clean_s20260607_q50_types_all_sizes20_50_100_mean_rrf_component_b2_5_10_20_per_query.csv,cora,cora,20260607,cora_jigsaw,negative_label,20,coarse_mean_rrf,mean_rrf_component,type_feat32,50,0,0,50,0,0,50,0,0,35,0,0.24854032386003838,0.3076766950000547,0.398682409450123,12151.34,18874.25,0.0,493.1854550367158,730.6545378030277,2.9,0.31325,0.7324166666666666,7.5,17.0,19.509999999999998,5.496788700020261,62.13508096500959,0.0,0,0,0,0,0,0,0,0,0,0,,,,,,,,,,,,,,,,,,,,,,,,,,,,,,,,,,,,,,,,,,,,,,,,,,,,,,,,,,,,,,,,,,,,,,,,,,,,,,,,,,,,,,,,,,,,,,,,,,,,,,,,,,,,,,,,,,,,,,0,0,0,0,0,0,0,0,0,0,0,0,0,0,0,0,0,0,0,0
runs\lightning_completion\jigsaw-cora-clean-full-gcp-cpux8-v3\summary.csv,C:\Users\Swastik\Desktop\Jigsaw\runs\lightning_completion\jigsaw-cora-clean-full-gcp-cpux8-v3\results\prod_cora_clean_s20260607_q50_types_all_sizes20_50_100_mean_rrf_component_b2_5_10_20_per_query.csv,cora,cora,20260607,cora_jigsaw,negative_label,50,coarse_mean_rrf,mean_rrf_component,type_feat32,50,0,0,50,0,0,50,0,0,28,0,0.22115701887996692,0.20565855400013788,0.35144027294994656,10152.64,18980.25,0.0,263.1943552570216,257.07060636486926,4.88,0.46149999999999997,0.6798630952380953,11.0,19.549999999999997,20.0,6.876303540020672,55.28925471999173,0.0,0,0,0,0,0,0,0,0,0,0,,,,,,,,,,,,,,,,,,,,,,,,,,,,,,,,,,,,,,,,,,,,,,,,,,,,,,,,,,,,,,,,,,,,,,,,,,,,,,,,,,,,,,,,,,,,,,,,,,,,,,,,,,,,,,,,,,,,,,0,0,0,0,0,0,0,0,0,0,0,0,0,0,0,0,0,0,0,0
runs\lightning_completion\jigsaw-cora-clean-full-gcp-cpux8-v3\summary.csv,C:\Users\Swastik\Desktop\Jigsaw\runs\lightning_completion\jigsaw-cora-clean-full-gcp-cpux8-v3\results\prod_cora_clean_s20260607_q50_types_all_sizes20_50_100_mean_rrf_component_b2_5_10_20_per_query.csv,cora,cora,20260607,cora_jigsaw,negative_label,100,coarse_mean_rrf,mean_rrf_component,type_feat32,50,0,0,50,0,0,50,0,0,15,0,0.2069686408200323,0.17964059650000763,0.3711215770003264,7693.06,19009.75,0.0,168.87854078793043,146.72252415664443,6.94,0.56675,0.6076785714285715,15.5,20.0,20.0,9.39063726002587,51.742160205008076,0.0,0,0,0,0,0,0,0,0,0,0,,,,,,,,,,,,,,,,,,,,,,,,,,,,,,,,,,,,,,,,,,,,,,,,,,,,,,,,,,,,,,,,,,,,,,,,,,,,,,,,,,,,,,,,,,,,,,,,,,,,,,,,,,,,,,,,,,,,,,0,0,0,0,0,0,0,0,0,0,0,0,0,0,0,0,0,0,0,0
runs\lightning_completion\jigsaw-cora-clean-full-gcp-cpux8-v3\summary.csv,C:\Users\Swastik\Desktop\Jigsaw\runs\lightning_completion\jigsaw-cora-clean-full-gcp-cpux8-v3\results\prod_cora_clean_s20260607_q50_types_all_sizes20_50_100_mean_rrf_component_b2_5_10_20_per_query.csv,cora,cora,20260607,cora_jigsaw,negative_structure,20,coarse_mean_rrf,mean_rrf_component,type_feat32,50,0,0,50,0,0,50,0,0,50,0,0.12758925758000259,0.11312978899968584,0.1916376810500992,370.66,2960.199999999999,20.1,988.109306580887,1944.809965101638,3.02,0.47575,0.9064166666666666,3.0,7.0,11.54999999999999,5.597050700007458,25.54657232999716,6.350742065003487,0,0,0,0,0,0,0,0,0,0,,,,,,,,,,,,,,,,,,,,,,,,,,,,,,,,,,,,,,,,,,,,,,,,,,,,,,,,,,,,,,,,,,,,,,,,,,,,,,,,,,,,,,,,,,,,,,,,,,,,,,,,,,,,,,,,,,,,,,0,0,0,0,0,0,0,0,0,0,0,0,0,0,0,0,0,0,0,0
runs\lightning_completion\jigsaw-cora-clean-full-gcp-cpux8-v3\summary.csv,C:\Users\Swastik\Desktop\Jigsaw\runs\lightning_completion\jigsaw-cora-clean-full-gcp-cpux8-v3\results\prod_cora_clean_s20260607_q50_types_all_sizes20_50_100_mean_rrf_component_b2_5_10_20_per_query.csv,cora,cora,20260607,cora_jigsaw,negative_structure,50,coarse_mean_rrf,mean_rrf_component,type_feat32,50,0,0,50,0,0,50,0,0,50,0,0.15010751704004177,0.13943849400050112,0.21681197795001023,947.52,3080.0999999999995,50.12,394.9368448817553,574.1159274509887,4.94,0.61925,0.8196547619047619,6.0,12.0,14.019999999999996,7.546458599995276,27.8134214800059,9.713457780004546,0,0,0,0,0,0,0,0,0,0,,,,,,,,,,,,,,,,,,,,,,,,,,,,,,,,,,,,,,,,,,,,,,,,,,,,,,,,,,,,,,,,,,,,,,,,,,,,,,,,,,,,,,,,,,,,,,,,,,,,,,,,,,,,,,,,,,,,,,0,0,0,0,0,0,0,0,0,0,0,0,0,0,0,0,0,0,0,0
runs\lightning_completion\jigsaw-cora-clean-full-gcp-cpux8-v3\summary.csv,C:\Users\Swastik\Desktop\Jigsaw\runs\lightning_completion\jigsaw-cora-clean-full-gcp-cpux8-v3\results\prod_cora_clean_s20260607_q50_types_all_sizes20_50_100_mean_rrf_component_b2_5_10_20_per_query.csv,cora,cora,20260607,cora_jigsaw,negative_structure,100,coarse_mean_rrf,mean_rrf_component,type_feat32,50,0,0,50,0,0,50,0,0,50,0,0.19178403872001581,0.18034058700004607,0.25581420040027747,1509.12,4727.4499999999925,101.12,194.69440268521913,228.21064395929506,6.68,0.7045,0.7367606421356422,10.0,16.0,18.019999999999996,9.743021760000374,33.31396089500231,14.632048785001643,0,0,0,0,0,0,0,0,0,0,,,,,,,,,,,,,,,,,,,,,,,,,,,,,,,,,,,,,,,,,,,,,,,,,,,,,,,,,,,,,,,,,,,,,,,,,,,,,,,,,,,,,,,,,,,,,,,,,,,,,,,,,,,,,,,,,,,,,,0,0,0,0,0,0,0,0,0,0,0,0,0,0,0,0,0,0,0,0
runs\lightning_completion\jigsaw-cora-clean-full-gcp-cpux8-v3\summary.csv,C:\Users\Swastik\Desktop\Jigsaw\runs\lightning_completion\jigsaw-cora-clean-full-gcp-cpux8-v3\results\prod_cora_clean_s20260608_q50_types_all_sizes20_50_100_mean_rrf_component_b2_5_10_20_per_query.csv,cora,cora,20260608,cora_jigsaw,k_hop,20,coarse_mean_rrf,mean_rrf_component,type_feat32,50,50,50,0,50,0,0,0,0,50,0,0.019323709079990294,0.014284729000110019,0.049373301600326144,347.6,2748.0499999999993,20.1,980.6324579716198,1699.551397537602,2.74,0.8192982456140352,0.7233918128654971,3.0,6.549999999999997,10.019999999999996,5.066365964849913,11.243631368455553,5.706990631535933,43,7,0,0,0,0,0,0,0,0,,,,,,,,,,,,,,,,,,,,,,,,,,,,,,,,,,,,,,,,,,,,,,,,,,,,,,,,,,,,,,,,,,,,,,,,,,,,,,,,,,,,,,,,,,,,,,,,,,,,,,,,,,,,,,,,,,,,,,43,43,7,50,0,50,0,50,0,50,0,50,0,50,0,50,0,50,0,50
runs\lightning_completion\jigsaw-cora-clean-full-gcp-cpux8-v3\summary.csv,C:\Users\Swastik\Desktop\Jigsaw\runs\lightning_completion\jigsaw-cora-clean-full-gcp-cpux8-v3\results\prod_cora_clean_s20260608_q50_types_all_sizes20_50_100_mean_rrf_component_b2_5_10_20_per_query.csv,cora,cora,20260608,cora_jigsaw,k_hop,50,coarse_mean_rrf,mean_rrf_component,type_feat32,50,50,50,0,50,0,0,0,0,50,0,0.03545620507999047,0.02242130900003758,0.10072005079969111,617.96,4506.099999999991,49.96,396.94002958555603,548.6861224467762,4.72,0.9103174603174603,0.5475497606449987,6.0,13.0,17.0,8.382832238133968,18.316303507906433,9.823541793673304,41,6,2,1,0,0,0,0,0,0,,,,,,,,,,,,,,,,,,,,,,,,,,,,,,,,,,,,,,,,,,,,,,,,,,,,,,,,,,,,,,,,,,,,,,,,,,,,,,,,,,,,,,,,,,,,,,,,,,,,,,,,,,,,,,,,,,,,,,41,41,6,47,2,49,1,50,0,50,0,50,0,50,0,50,0,50,0,50
runs\lightning_completion\jigsaw-cora-clean-full-gcp-cpux8-v3\summary.csv,C:\Users\Swastik\Desktop\Jigsaw\runs\lightning_completion\jigsaw-cora-clean-full-gcp-cpux8-v3\results\prod_cora_clean_s20260608_q50_types_all_sizes20_50_100_mean_rrf_component_b2_5_10_20_per_query.csv,cora,cora,20260608,cora_jigsaw,k_hop,100,coarse_mean_rrf,mean_rrf_component,type_feat32,50,50,50,0,50,0,0,0,0,50,0,0.06172547141994983,0.035775044000047274,0.1546975701000292,1605.38,6126.699999999999,100.46,196.01654146412767,177.46003396510525,6.74,0.941139240506329,0.46558578552249436,9.0,17.099999999999994,19.0,9.632530012690431,26.920860291117112,12.145893772142273,28,17,3,2,0,0,0,0,0,0,,,,,,,,,,,,,,,,,,,,,,,,,,,,,,,,,,,,,,,,,,,,,,,,,,,,,,,,,,,,,,,,,,,,,,,,,,,,,,,,,,,,,,,,,,,,,,,,,,,,,,,,,,,,,,,,,,,,,,28,28,17,45,3,48,2,50,0,50,0,50,0,50,0,50,0,50,0,50
runs\lightning_completion\jigsaw-cora-clean-full-gcp-cpux8-v3\summary.csv,C:\Users\Swastik\Desktop\Jigsaw\runs\lightning_completion\jigsaw-cora-clean-full-gcp-cpux8-v3\results\prod_cora_clean_s20260608_q50_types_all_sizes20_50_100_mean_rrf_component_b2_5_10_20_per_query.csv,cora,cora,20260608,cora_jigsaw,degree_k_hop,20,coarse_mean_rrf,mean_rrf_component,type_feat32,50,50,50,0,50,0,0,0,0,50,0,0.021750200339984076,0.014644359999920198,0.053900431450142595,479.24,2942.149999999999,19.96,1001.1474427613732,1758.9497153560399,3.12,0.87,0.7100000000000001,3.0,7.0,10.0,5.334641149981205,12.55649846665771,5.56866848332902,40,10,0,0,0,0,0,0,0,0,,,,,,,,,,,,,,,,,,,,,,,,,,,,,,,,,,,,,,,,,,,,,,,,,,,,,,,,,,,,,,,,,,,,,,,,,,,,,,,,,,,,,,,,,,,,,,,,,,,,,,,,,,,,,,,,,,,,,,40,40,10,50,0,50,0,50,0,50,0,50,0,50,0,50,0,50,0,50
runs\lightning_completion\jigsaw-cora-clean-full-gcp-cpux8-v3\summary.csv,C:\Users\Swastik\Desktop\Jigsaw\runs\lightning_completion\jigsaw-cora-clean-full-gcp-cpux8-v3\results\prod_cora_clean_s20260608_q50_types_all_sizes20_50_100_mean_rrf_component_b2_5_10_20_per_query.csv,cora,cora,20260608,cora_jigsaw,degree_k_hop,50,coarse_mean_rrf,mean_rrf_component,type_feat32,50,50,50,0,50,0,0,0,0,50,0,0.02863113150000572,0.021119358999840188,0.06329266050056502,381.32,2792.1000000000004,49.94,395.42531935209206,511.88452823592485,4.12,0.9086206896551725,0.5508004926108374,5.0,11.0,14.509999999999998,7.855644241395755,14.724456724126929,9.957553189671106,42,8,0,0,0,0,0,0,0,0,,,,,,,,,,,,,,,,,,,,,,,,,,,,,,,,,,,,,,,,,,,,,,,,,,,,,,,,,,,,,,,,,,,,,,,,,,,,,,,,,,,,,,,,,,,,,,,,,,,,,,,,,,,,,,,,,,,,,,42,42,8,50,0,50,0,50,0,50,0,50,0,50,0,50,0,50,0,50
runs\lightning_completion\jigsaw-cora-clean-full-gcp-cpux8-v3\summary.csv,C:\Users\Swastik\Desktop\Jigsaw\runs\lightning_completion\jigsaw-cora-clean-full-gcp-cpux8-v3\results\prod_cora_clean_s20260608_q50_types_all_sizes20_50_100_mean_rrf_component_b2_5_10_20_per_query.csv,cora,cora,20260608,cora_jigsaw,degree_k_hop,100,coarse_mean_rrf,mean_rrf_component,type_feat32,50,50,50,0,50,0,0,0,0,50,0,0.06362870477999422,0.046505987500040646,0.137442449999844,1696.08,6286.2,100.64,195.16538876942602,171.28517861498372,6.78,0.9461538461538461,0.46054454804454803,9.0,15.549999999999997,18.529999999999994,9.440537435868745,27.579421512795168,13.208209756431899,29,15,5,1,0,0,0,0,0,0,,,,,,,,,,,,,,,,,,,,,,,,,,,,,,,,,,,,,,,,,,,,,,,,,,,,,,,,,,,,,,,,,,,,,,,,,,,,,,,,,,,,,,,,,,,,,,,,,,,,,,,,,,,,,,,,,,,,,,29,29,15,44,5,49,1,50,0,50,0,50,0,50,0,50,0,50,0,50
runs\lightning_completion\jigsaw-cora-clean-full-gcp-cpux8-v3\summary.csv,C:\Users\Swastik\Desktop\Jigsaw\runs\lightning_completion\jigsaw-cora-clean-full-gcp-cpux8-v3\results\prod_cora_clean_s20260608_q50_types_all_sizes20_50_100_mean_rrf_component_b2_5_10_20_per_query.csv,cora,cora,20260608,cora_jigsaw,random_walk,20,coarse_mean_rrf,mean_rrf_component,type_feat32,50,50,50,0,50,0,0,0,0,50,0,0.03423050641998998,0.028977953500088915,0.07289541150005334,1204.22,2971.2,20.82,963.3743682990117,1570.6676314321812,3.18,0.8512820512820514,0.7566239316239316,4.0,9.549999999999997,15.509999999999998,5.351644615366706,17.600568205119625,4.342064115386772,23,26,1,0,0,0,0,0,0,0,,,,,,,,,,,,,,,,,,,,,,,,,,,,,,,,,,,,,,,,,,,,,,,,,,,,,,,,,,,,,,,,,,,,,,,,,,,,,,,,,,,,,,,,,,,,,,,,,,,,,,,,,,,,,,,,,,,,,,23,23,26,49,1,50,0,50,0,50,0,50,0,50,0,50,0,50,0,50
runs\lightning_completion\jigsaw-cora-clean-full-gcp-cpux8-v3\summary.csv,C:\Users\Swastik\Desktop\Jigsaw\runs\lightning_completion\jigsaw-cora-clean-full-gcp-cpux8-v3\results\prod_cora_clean_s20260608_q50_types_all_sizes20_50_100_mean_rrf_component_b2_5_10_20_per_query.csv,cora,cora,20260608,cora_jigsaw,random_walk,50,coarse_mean_rrf,mean_rrf_component,type_feat32,50,50,50,0,50,0,0,0,0,50,0,0.07506179072006489,0.06529900749978879,0.13731432355027662,3016.16,6175.65,51.3,384.29196608469016,409.5001309637097,5.4,0.8600877192982456,0.6356203007518797,8.0,17.549999999999997,18.509999999999998,7.9387056754704215,27.946030298277005,4.975807736839175,2,33,14,1,0,0,0,0,0,0,,,,,,,,,,,,,,,,,,,,,,,,,,,,,,,,,,,,,,,,,,,,,,,,,,,,,,,,,,,,,,,,,,,,,,,,,,,,,,,,,,,,,,,,,,,,,,,,,,,,,,,,,,,,,,,,,,,,,,2,2,33,35,14,49,1,50,0,50,0,50,0,50,0,50,0,50,0,50
runs\lightning_completion\jigsaw-cora-clean-full-gcp-cpux8-v3\summary.csv,C:\Users\Swastik\Desktop\Jigsaw\runs\lightning_completion\jigsaw-cora-clean-full-gcp-cpux8-v3\results\prod_cora_clean_s20260608_q50_types_all_sizes20_50_100_mean_rrf_component_b2_5_10_20_per_query.csv,cora,cora,20260608,cora_jigsaw,random_walk,100,coarse_mean_rrf,mean_rrf_component,type_feat32,50,50,50,0,50,0,0,0,0,50,0,0.16109699550001097,0.1515543635002814,0.27176494795003237,5723.28,11563.7,103.04,191.91631668669456,160.21159183369767,8.76,0.8629746835443037,0.5804350536945474,13.5,19.0,20.0,9.341685981064098,44.95774889241021,6.02231297468187,1,7,25,17,0,0,0,0,0,0,,,,,,,,,,,,,,,,,,,,,,,,,,,,,,,,,,,,,,,,,,,,,,,,,,,,,,,,,,,,,,,,,,,,,,,,,,,,,,,,,,,,,,,,,,,,,,,,,,,,,,,,,,,,,,,,,,,,,,1,1,7,8,25,33,17,50,0,50,0,50,0,50,0,50,0,50,0,50
runs\lightning_completion\jigsaw-cora-clean-full-gcp-cpux8-v3\summary.csv,C:\Users\Swastik\Desktop\Jigsaw\runs\lightning_completion\jigsaw-cora-clean-full-gcp-cpux8-v3\results\prod_cora_clean_s20260608_q50_types_all_sizes20_50_100_mean_rrf_component_b2_5_10_20_per_query.csv,cora,cora,20260608,cora_jigsaw,single,20,coarse_mean_rrf,mean_rrf_component,type_feat32,50,50,50,0,50,0,0,0,0,50,0,0.016964016059955612,0.014647109000179626,0.021021005500074352,135.24,27.099999999999994,20.3,970.2326913086913,1585.0547209349884,1.0,0.46923076923076923,0.9615384615384616,1.0,1.0,3.0,5.570522250038196,9.740192826904185,6.571361076899288,48,2,0,0,0,0,0,0,0,0,,,,,,,,,,,,,,,,,,,,,,,,,,,,,,,,,,,,,,,,,,,,,,,,,,,,,,,,,,,,,,,,,,,,,,,,,,,,,,,,,,,,,,,,,,,,,,,,,,,,,,,,,,,,,,,,,,,,,,48,48,2,50,0,50,0,50,0,50,0,50,0,50,0,50,0,50,0,50
runs\lightning_completion\jigsaw-cora-clean-full-gcp-cpux8-v3\summary.csv,C:\Users\Swastik\Desktop\Jigsaw\runs\lightning_completion\jigsaw-cora-clean-full-gcp-cpux8-v3\results\prod_cora_clean_s20260608_q50_types_all_sizes20_50_100_mean_rrf_component_b2_5_10_20_per_query.csv,cora,cora,20260608,cora_jigsaw,single,50,coarse_mean_rrf,mean_rrf_component,type_feat32,50,50,50,0,50,0,0,0,0,50,0,0.023360908419954286,0.020092203999865887,0.03709968899997875,50.26,52.55,50.18,394.3563563615609,563.1982447813226,1.0,0.5,1.0,1.0,1.0,1.509999999999998,7.38770103996103,11.476243739962229,11.884664679992056,50,0,0,0,0,0,0,0,0,0,,,,,,,,,,,,,,,,,,,,,,,,,,,,,,,,,,,,,,,,,,,,,,,,,,,,,,,,,,,,,,,,,,,,,,,,,,,,,,,,,,,,,,,,,,,,,,,,,,,,,,,,,,,,,,,,,,,,,,50,50,0,50,0,50,0,50,0,50,0,50,0,50,0,50,0,50,0,50
runs\lightning_completion\jigsaw-cora-clean-full-gcp-cpux8-v3\summary.csv,C:\Users\Swastik\Desktop\Jigsaw\runs\lightning_completion\jigsaw-cora-clean-full-gcp-cpux8-v3\results\prod_cora_clean_s20260608_q50_types_all_sizes20_50_100_mean_rrf_component_b2_5_10_20_per_query.csv,cora,cora,20260608,cora_jigsaw,single,100,coarse_mean_rrf,mean_rrf_component,type_feat32,50,50,50,0,50,0,0,0,0,50,0,0.03336366964001172,0.03121639849996427,0.04556785350002883,101.22,106.1,100.56,195.61815893061143,250.08559023307185,1.0,0.5,1.0,1.0,1.0,1.509999999999998,9.693207259997507,13.813694040018163,19.54997559999356,50,0,0,0,0,0,0,0,0,0,,,,,,,,,,,,,,,,,,,,,,,,,,,,,,,,,,,,,,,,,,,,,,,,,,,,,,,,,,,,,,,,,,,,,,,,,,,,,,,,,,,,,,,,,,,,,,,,,,,,,,,,,,,,,,,,,,,,,,50,50,0,50,0,50,0,50,0,50,0,50,0,50,0,50,0,50,0,50
runs\lightning_completion\jigsaw-cora-clean-full-gcp-cpux8-v3\summary.csv,C:\Users\Swastik\Desktop\Jigsaw\runs\lightning_completion\jigsaw-cora-clean-full-gcp-cpux8-v3\results\prod_cora_clean_s20260608_q50_types_all_sizes20_50_100_mean_rrf_component_b2_5_10_20_per_query.csv,cora,cora,20260608,cora_jigsaw,negative_label,20,coarse_mean_rrf,mean_rrf_component,type_feat32,50,0,0,50,0,0,50,0,0,37,0,0.2594522831200902,0.3187373645000662,0.35328465950065036,13392.36,18859.15,0.0,403.22433494395557,594.0015240924565,2.58,0.26225000000000004,0.7086666666666666,7.0,16.099999999999994,18.529999999999994,5.7933053599481354,64.86307078002255,0.0,0,0,0,0,0,0,0,0,0,0,,,,,,,,,,,,,,,,,,,,,,,,,,,,,,,,,,,,,,,,,,,,,,,,,,,,,,,,,,,,,,,,,,,,,,,,,,,,,,,,,,,,,,,,,,,,,,,,,,,,,,,,,,,,,,,,,,,,,,0,0,0,0,0,0,0,0,0,0,0,0,0,0,0,0,0,0,0,0
runs\lightning_completion\jigsaw-cora-clean-full-gcp-cpux8-v3\summary.csv,C:\Users\Swastik\Desktop\Jigsaw\runs\lightning_completion\jigsaw-cora-clean-full-gcp-cpux8-v3\results\prod_cora_clean_s20260608_q50_types_all_sizes20_50_100_mean_rrf_component_b2_5_10_20_per_query.csv,cora,cora,20260608,cora_jigsaw,negative_label,50,coarse_mean_rrf,mean_rrf_component,type_feat32,50,0,0,50,0,0,50,0,0,28,0,0.2382124260000728,0.23694801800024834,0.4291104109496472,10131.6,18914.9,0.0,260.5327306585356,258.16447788520895,5.26,0.46075000000000005,0.6440119047619048,12.0,19.0,20.0,7.820625159984047,59.5531065000182,0.0,0,0,0,0,0,0,0,0,0,0,,,,,,,,,,,,,,,,,,,,,,,,,,,,,,,,,,,,,,,,,,,,,,,,,,,,,,,,,,,,,,,,,,,,,,,,,,,,,,,,,,,,,,,,,,,,,,,,,,,,,,,,,,,,,,,,,,,,,,0,0,0,0,0,0,0,0,0,0,0,0,0,0,0,0,0,0,0,0
runs\lightning_completion\jigsaw-cora-clean-full-gcp-cpux8-v3\summary.csv,C:\Users\Swastik\Desktop\Jigsaw\runs\lightning_completion\jigsaw-cora-clean-full-gcp-cpux8-v3\results\prod_cora_clean_s20260608_q50_types_all_sizes20_50_100_mean_rrf_component_b2_5_10_20_per_query.csv,cora,cora,20260608,cora_jigsaw,negative_label,100,coarse_mean_rrf,mean_rrf_component,type_feat32,50,0,0,50,0,0,50,0,0,18,0,0.19038226740001846,0.17456298699994477,0.36648420350052224,6433.66,18717.3,0.0,181.55989293256883,152.9228772048999,6.9,0.54725,0.6141428571428571,16.0,20.0,20.0,9.823202440002206,47.595566850004616,0.0,0,0,0,0,0,0,0,0,0,0,,,,,,,,,,,,,,,,,,,,,,,,,,,,,,,,,,,,,,,,,,,,,,,,,,,,,,,,,,,,,,,,,,,,,,,,,,,,,,,,,,,,,,,,,,,,,,,,,,,,,,,,,,,,,,,,,,,,,,0,0,0,0,0,0,0,0,0,0,0,0,0,0,0,0,0,0,0,0
runs\lightning_completion\jigsaw-cora-clean-full-gcp-cpux8-v3\summary.csv,C:\Users\Swastik\Desktop\Jigsaw\runs\lightning_completion\jigsaw-cora-clean-full-gcp-cpux8-v3\results\prod_cora_clean_s20260608_q50_types_all_sizes20_50_100_mean_rrf_component_b2_5_10_20_per_query.csv,cora,cora,20260608,cora_jigsaw,negative_structure,20,coarse_mean_rrf,mean_rrf_component,type_feat32,50,0,0,50,0,0,50,0,0,50,0,0.12871737668005154,0.11472408500048914,0.19438118909999957,397.04,2735.55,19.78,1006.9716935520619,1866.4398737711715,2.92,0.47,0.9195833333333333,3.0,8.549999999999997,10.509999999999998,6.0430648799683695,25.61441319000096,6.564930980011923,0,0,0,0,0,0,0,0,0,0,,,,,,,,,,,,,,,,,,,,,,,,,,,,,,,,,,,,,,,,,,,,,,,,,,,,,,,,,,,,,,,,,,,,,,,,,,,,,,,,,,,,,,,,,,,,,,,,,,,,,,,,,,,,,,,,,,,,,,0,0,0,0,0,0,0,0,0,0,0,0,0,0,0,0,0,0,0,0
runs\lightning_completion\jigsaw-cora-clean-full-gcp-cpux8-v3\summary.csv,C:\Users\Swastik\Desktop\Jigsaw\runs\lightning_completion\jigsaw-cora-clean-full-gcp-cpux8-v3\results\prod_cora_clean_s20260608_q50_types_all_sizes20_50_100_mean_rrf_component_b2_5_10_20_per_query.csv,cora,cora,20260608,cora_jigsaw,negative_structure,50,coarse_mean_rrf,mean_rrf_component,type_feat32,50,0,0,50,0,0,50,0,0,50,0,0.1549990434800293,0.13990127399893026,0.2396716508505051,831.6,2945.6,50.22,391.49450337815927,596.6400710873742,4.8,0.606,0.813327380952381,6.0,14.0,15.509999999999998,8.013846739968358,28.785028760003115,9.964732110004206,0,0,0,0,0,0,0,0,0,0,,,,,,,,,,,,,,,,,,,,,,,,,,,,,,,,,,,,,,,,,,,,,,,,,,,,,,,,,,,,,,,,,,,,,,,,,,,,,,,,,,,,,,,,,,,,,,,,,,,,,,,,,,,,,,,,,,,,,,0,0,0,0,0,0,0,0,0,0,0,0,0,0,0,0,0,0,0,0
runs\lightning_completion\jigsaw-cora-clean-full-gcp-cpux8-v3\summary.csv,C:\Users\Swastik\Desktop\Jigsaw\runs\lightning_completion\jigsaw-cora-clean-full-gcp-cpux8-v3\results\prod_cora_clean_s20260608_q50_types_all_sizes20_50_100_mean_rrf_component_b2_5_10_20_per_query.csv,cora,cora,20260608,cora_jigsaw,negative_structure,100,coarse_mean_rrf,mean_rrf_component,type_feat32,50,0,0,50,0,0,50,0,0,50,0,0.19771452729989505,0.17621082599953297,0.28300801239913653,1133.38,4788.399999999991,100.7,196.4312573418714,216.21417579290548,6.58,0.6992499999999999,0.7346733405483405,9.0,17.099999999999994,19.509999999999998,10.017108760011979,33.83375662498793,15.594875199985836,0,0,0,0,0,0,0,0,0,0,,,,,,,,,,,,,,,,,,,,,,,,,,,,,,,,,,,,,,,,,,,,,,,,,,,,,,,,,,,,,,,,,,,,,,,,,,,,,,,,,,,,,,,,,,,,,,,,,,,,,,,,,,,,,,,,,,,,,,0,0,0,0,0,0,0,0,0,0,0,0,0,0,0,0,0,0,0,0
runs\lightning_completion\jigsaw-cora-clean-full-gcp-cpux8-v3\summary.csv,C:\Users\Swastik\Desktop\Jigsaw\runs\lightning_completion\jigsaw-cora-clean-full-gcp-cpux8-v3\results\prod_cora_clean_s20260607_q50_types_all_sizes20_50_100_topo_feature_component_b2_5_10_20_per_query.csv,cora,cora,20260607,cora,k_hop,20,topo_feature,topo_feature_component,type_feat32,50,50,50,0,50,0,0,0,0,50,0,0.15865693519997875,0.12511576050019357,0.3057116784500408,7238.14,11461.2,19.92,991.7726357791065,715.5522718501779,2.5,0.16071428571428573,0.41893939393939394,13.5,20.0,20.0,0.2240235519292429,49.246425941552026,2.265566006493024,5,9,13,23,0,0,0,0,0,0,,,,,,,,,,,,,,,,,,,,,,,,,,,,,,,,,,,,,,,,,,,,,,,,,,,,,,,,,,,,,,,,,,,,,,,,,,,,,,,,,,,,,,,,,,,,,,,,,,,,,,,,,,,,,,,,,,,,,,5,5,9,14,13,27,23,50,0,50,0,50,0,50,0,50,0,50,0,50
runs\lightning_completion\jigsaw-cora-clean-full-gcp-cpux8-v3\summary.csv,C:\Users\Swastik\Desktop\Jigsaw\runs\lightning_completion\jigsaw-cora-clean-full-gcp-cpux8-v3\results\prod_cora_clean_s20260607_q50_types_all_sizes20_50_100_topo_feature_component_b2_5_10_20_per_query.csv,cora,cora,20260607,cora,k_hop,50,topo_feature,topo_feature_component,type_feat32,50,50,50,0,50,0,0,0,0,50,0,0.21296770070000093,0.2527861234998454,0.3237528613503968,9119.68,11740.0,50.64,384.4694450888886,189.18383601631214,5.16,0.3002923976608187,0.43374408242829293,18.0,20.0,20.0,0.2581615321549456,58.81748890643441,3.45376860818574,4,3,11,32,0,0,0,0,0,0,,,,,,,,,,,,,,,,,,,,,,,,,,,,,,,,,,,,,,,,,,,,,,,,,,,,,,,,,,,,,,,,,,,,,,,,,,,,,,,,,,,,,,,,,,,,,,,,,,,,,,,,,,,,,,,,,,,,,,4,4,3,7,11,18,32,50,0,50,0,50,0,50,0,50,0,50,0,50
runs\lightning_completion\jigsaw-cora-clean-full-gcp-cpux8-v3\summary.csv,C:\Users\Swastik\Desktop\Jigsaw\runs\lightning_completion\jigsaw-cora-clean-full-gcp-cpux8-v3\results\prod_cora_clean_s20260607_q50_types_all_sizes20_50_100_topo_feature_component_b2_5_10_20_per_query.csv,cora,cora,20260607,cora,k_hop,100,topo_feature,topo_feature_component,type_feat32,50,50,50,0,50,0,0,0,0,50,0,0.242521775780001,0.26549982200015165,0.34147213155005146,9741.4,11779.5,100.42,194.325658036805,78.44192173732326,6.7,0.39502762430939226,0.45477087369352565,18.0,20.0,20.0,0.2596035801164146,61.829070093920144,5.165895591163005,2,2,9,37,0,0,0,0,0,0,,,,,,,,,,,,,,,,,,,,,,,,,,,,,,,,,,,,,,,,,,,,,,,,,,,,,,,,,,,,,,,,,,,,,,,,,,,,,,,,,,,,,,,,,,,,,,,,,,,,,,,,,,,,,,,,,,,,,,2,2,2,4,9,13,37,50,0,50,0,50,0,50,0,50,0,50,0,50
runs\lightning_completion\jigsaw-cora-clean-full-gcp-cpux8-v3\summary.csv,C:\Users\Swastik\Desktop\Jigsaw\runs\lightning_completion\jigsaw-cora-clean-full-gcp-cpux8-v3\results\prod_cora_clean_s20260607_q50_types_all_sizes20_50_100_topo_feature_component_b2_5_10_20_per_query.csv,cora,cora,20260607,cora,degree_k_hop,20,topo_feature,topo_feature_component,type_feat32,50,50,50,0,50,0,0,0,0,50,0,0.192850997620003,0.229434444999697,0.30405624744998927,9115.16,11572.3,19.52,1020.9678243819267,611.2615184328204,2.86,0.13771428571428573,0.38857142857142857,15.0,20.0,20.0,0.21619714855140565,53.12427492572169,1.9760101085648785,1,4,14,31,0,0,0,0,0,0,,,,,,,,,,,,,,,,,,,,,,,,,,,,,,,,,,,,,,,,,,,,,,,,,,,,,,,,,,,,,,,,,,,,,,,,,,,,,,,,,,,,,,,,,,,,,,,,,,,,,,,,,,,,,,,,,,,,,,1,1,4,5,14,19,31,50,0,50,0,50,0,50,0,50,0,50,0,50
runs\lightning_completion\jigsaw-cora-clean-full-gcp-cpux8-v3\summary.csv,C:\Users\Swastik\Desktop\Jigsaw\runs\lightning_completion\jigsaw-cora-clean-full-gcp-cpux8-v3\results\prod_cora_clean_s20260607_q50_types_all_sizes20_50_100_topo_feature_component_b2_5_10_20_per_query.csv,cora,cora,20260607,cora,degree_k_hop,50,topo_feature,topo_feature_component,type_feat32,50,50,50,0,50,0,0,0,0,50,0,0.21386501645999942,0.24700808549994235,0.30835323350027,9448.16,11705.849999999999,50.22,385.7800798929673,174.84355896193503,5.22,0.3005681818181818,0.45720824314574315,17.5,20.0,20.0,0.2441297386235936,57.549717789779145,3.2073891590843315,4,4,4,38,0,0,0,0,0,0,,,,,,,,,,,,,,,,,,,,,,,,,,,,,,,,,,,,,,,,,,,,,,,,,,,,,,,,,,,,,,,,,,,,,,,,,,,,,,,,,,,,,,,,,,,,,,,,,,,,,,,,,,,,,,,,,,,,,,4,4,4,8,4,12,38,50,0,50,0,50,0,50,0,50,0,50,0,50
runs\lightning_completion\jigsaw-cora-clean-full-gcp-cpux8-v3\summary.csv,C:\Users\Swastik\Desktop\Jigsaw\runs\lightning_completion\jigsaw-cora-clean-full-gcp-cpux8-v3\results\prod_cora_clean_s20260607_q50_types_all_sizes20_50_100_topo_feature_component_b2_5_10_20_per_query.csv,cora,cora,20260607,cora,degree_k_hop,100,topo_feature,topo_feature_component,type_feat32,50,50,50,0,50,0,0,0,0,50,0,0.23926723407998451,0.2669796834996987,0.3395280485997546,10018.6,11769.75,100.5,193.3744075779183,76.35744445147333,6.94,0.40741758241758247,0.45204953776382345,18.0,20.0,20.0,0.2686558956009241,60.49457466483445,5.238181950545908,1,1,13,35,0,0,0,0,0,0,,,,,,,,,,,,,,,,,,,,,,,,,,,,,,,,,,,,,,,,,,,,,,,,,,,,,,,,,,,,,,,,,,,,,,,,,,,,,,,,,,,,,,,,,,,,,,,,,,,,,,,,,,,,,,,,,,,,,,1,1,1,2,13,15,35,50,0,50,0,50,0,50,0,50,0,50,0,50
runs\lightning_completion\jigsaw-cora-clean-full-gcp-cpux8-v3\summary.csv,C:\Users\Swastik\Desktop\Jigsaw\runs\lightning_completion\jigsaw-cora-clean-full-gcp-cpux8-v3\results\prod_cora_clean_s20260607_q50_types_all_sizes20_50_100_topo_feature_component_b2_5_10_20_per_query.csv,cora,cora,20260607,cora,random_walk,20,topo_feature,topo_feature_component,type_feat32,50,50,50,0,50,0,0,0,0,50,0,0.1967810699800202,0.23196620700002768,0.3159770969002351,8923.14,11642.0,20.58,956.171612236234,711.736964781248,2.98,0.17219101123595507,0.4275280898876404,15.5,20.0,20.0,0.24264226403012001,53.27358834269714,2.001993112364718,2,1,14,33,0,0,0,0,0,0,,,,,,,,,,,,,,,,,,,,,,,,,,,,,,,,,,,,,,,,,,,,,,,,,,,,,,,,,,,,,,,,,,,,,,,,,,,,,,,,,,,,,,,,,,,,,,,,,,,,,,,,,,,,,,,,,,,,,,2,2,1,3,14,17,33,50,0,50,0,50,0,50,0,50,0,50,0,50
runs\lightning_completion\jigsaw-cora-clean-full-gcp-cpux8-v3\summary.csv,C:\Users\Swastik\Desktop\Jigsaw\runs\lightning_completion\jigsaw-cora-clean-full-gcp-cpux8-v3\results\prod_cora_clean_s20260607_q50_types_all_sizes20_50_100_topo_feature_component_b2_5_10_20_per_query.csv,cora,cora,20260607,cora,random_walk,50,topo_feature,topo_feature_component,type_feat32,50,50,50,0,50,0,0,0,0,50,0,0.24060806662000686,0.2448265620002985,0.29894714349970847,10924.58,11745.3,52.02,377.17689462834954,206.85090786012302,5.62,0.3197969543147208,0.4780235275159133,18.0,20.0,20.0,0.21018369542972198,58.34379842132003,2.7242387918796815,0,0,3,47,0,0,0,0,0,0,,,,,,,,,,,,,,,,,,,,,,,,,,,,,,,,,,,,,,,,,,,,,,,,,,,,,,,,,,,,,,,,,,,,,,,,,,,,,,,,,,,,,,,,,,,,,,,,,,,,,,,,,,,,,,,,,,,,,,0,0,0,0,3,3,47,50,0,50,0,50,0,50,0,50,0,50,0,50
runs\lightning_completion\jigsaw-cora-clean-full-gcp-cpux8-v3\summary.csv,C:\Users\Swastik\Desktop\Jigsaw\runs\lightning_completion\jigsaw-cora-clean-full-gcp-cpux8-v3\results\prod_cora_clean_s20260607_q50_types_all_sizes20_50_100_topo_feature_component_b2_5_10_20_per_query.csv,cora,cora,20260607,cora,random_walk,100,topo_feature,topo_feature_component,type_feat32,50,50,50,0,50,0,0,0,0,50,0,0.2751861252600065,0.26529026349987817,0.33904881290027333,11279.9,11797.4,103.1,188.4872782268596,95.30246335531714,8.04,0.436,0.4747976190476191,19.0,20.0,20.0,0.2519715199878192,64.1546126000037,4.641918714997928,0,0,0,50,0,0,0,0,0,0,,,,,,,,,,,,,,,,,,,,,,,,,,,,,,,,,,,,,,,,,,,,,,,,,,,,,,,,,,,,,,,,,,,,,,,,,,,,,,,,,,,,,,,,,,,,,,,,,,,,,,,,,,,,,,,,,,,,,,0,0,0,0,0,0,50,50,0,50,0,50,0,50,0,50,0,50,0,50
runs\lightning_completion\jigsaw-cora-clean-full-gcp-cpux8-v3\summary.csv,C:\Users\Swastik\Desktop\Jigsaw\runs\lightning_completion\jigsaw-cora-clean-full-gcp-cpux8-v3\results\prod_cora_clean_s20260607_q50_types_all_sizes20_50_100_topo_feature_component_b2_5_10_20_per_query.csv,cora,cora,20260607,cora,single,20,topo_feature,topo_feature_component,type_feat32,50,50,50,0,50,0,0,0,0,50,0,0.15972976192002078,0.16932453800006897,0.24512003495013915,7661.12,11500.65,20.2,966.0381881162316,589.5968113195663,1.0,0.04419354838709678,0.3225806451612903,10.0,20.0,20.0,0.2040276580623134,49.303953374198,2.2217762774216094,6,6,15,23,0,0,0,0,0,0,,,,,,,,,,,,,,,,,,,,,,,,,,,,,,,,,,,,,,,,,,,,,,,,,,,,,,,,,,,,,,,,,,,,,,,,,,,,,,,,,,,,,,,,,,,,,,,,,,,,,,,,,,,,,,,,,,,,,,6,6,6,12,15,27,23,50,0,50,0,50,0,50,0,50,0,50,0,50
runs\lightning_completion\jigsaw-cora-clean-full-gcp-cpux8-v3\summary.csv,C:\Users\Swastik\Desktop\Jigsaw\runs\lightning_completion\jigsaw-cora-clean-full-gcp-cpux8-v3\results\prod_cora_clean_s20260607_q50_types_all_sizes20_50_100_topo_feature_component_b2_5_10_20_per_query.csv,cora,cora,20260607,cora,single,50,topo_feature,topo_feature_component,type_feat32,50,50,50,0,50,0,0,0,0,50,0,0.1848653968400231,0.2421301100000619,0.3302813825003113,8099.32,11663.0,50.2,387.268383275824,190.4918637853216,1.0,0.04182389937106919,0.31446540880503143,11.0,19.0,19.509999999999998,0.23423132701705443,54.684683610075695,3.4490889811265375,6,6,11,27,0,0,0,0,0,0,,,,,,,,,,,,,,,,,,,,,,,,,,,,,,,,,,,,,,,,,,,,,,,,,,,,,,,,,,,,,,,,,,,,,,,,,,,,,,,,,,,,,,,,,,,,,,,,,,,,,,,,,,,,,,,,,,,,,,6,6,6,12,11,23,27,50,0,50,0,50,0,50,0,50,0,50,0,50
runs\lightning_completion\jigsaw-cora-clean-full-gcp-cpux8-v3\summary.csv,C:\Users\Swastik\Desktop\Jigsaw\runs\lightning_completion\jigsaw-cora-clean-full-gcp-cpux8-v3\results\prod_cora_clean_s20260607_q50_types_all_sizes20_50_100_topo_feature_component_b2_5_10_20_per_query.csv,cora,cora,20260607,cora,single,100,topo_feature,topo_feature_component,type_feat32,50,50,50,0,50,0,0,0,0,50,0,0.20679727597999317,0.2681617635000748,0.3085537558501982,8528.16,11805.1,100.42,193.59886833015017,76.36291440386286,1.0,0.034451219512195125,0.3048780487804878,11.0,18.0,20.0,0.27266475610315133,57.21757651218972,5.830373481710633,3,9,9,29,0,0,0,0,0,0,,,,,,,,,,,,,,,,,,,,,,,,,,,,,,,,,,,,,,,,,,,,,,,,,,,,,,,,,,,,,,,,,,,,,,,,,,,,,,,,,,,,,,,,,,,,,,,,,,,,,,,,,,,,,,,,,,,,,,3,3,9,12,9,21,29,50,0,50,0,50,0,50,0,50,0,50,0,50
runs\lightning_completion\jigsaw-cora-clean-full-gcp-cpux8-v3\summary.csv,C:\Users\Swastik\Desktop\Jigsaw\runs\lightning_completion\jigsaw-cora-clean-full-gcp-cpux8-v3\results\prod_cora_clean_s20260607_q50_types_all_sizes20_50_100_topo_feature_component_b2_5_10_20_per_query.csv,cora,cora,20260607,cora,negative_label,20,topo_feature,topo_feature_component,type_feat32,50,0,0,50,0,0,50,0,0,31,0,0.28463616922002527,0.32838959750006325,0.3911214514500556,13927.16,18874.25,0.0,490.1609395406533,416.9722149076081,2.9,0.17425000000000002,0.4946547619047619,16.0,20.0,20.0,0.24410797999280476,71.15904230500632,0.0,0,0,0,0,0,0,0,0,0,0,,,,,,,,,,,,,,,,,,,,,,,,,,,,,,,,,,,,,,,,,,,,,,,,,,,,,,,,,,,,,,,,,,,,,,,,,,,,,,,,,,,,,,,,,,,,,,,,,,,,,,,,,,,,,,,,,,,,,,0,0,0,0,0,0,0,0,0,0,0,0,0,0,0,0,0,0,0,0
runs\lightning_completion\jigsaw-cora-clean-full-gcp-cpux8-v3\summary.csv,C:\Users\Swastik\Desktop\Jigsaw\runs\lightning_completion\jigsaw-cora-clean-full-gcp-cpux8-v3\results\prod_cora_clean_s20260607_q50_types_all_sizes20_50_100_topo_feature_component_b2_5_10_20_per_query.csv,cora,cora,20260607,cora,negative_label,50,topo_feature,topo_feature_component,type_feat32,50,0,0,50,0,0,50,0,0,20,0,0.2795921500999839,0.24897092600008364,0.39767707299997707,12716.56,18980.25,0.0,261.76519908646185,159.8821277446381,4.88,0.263,0.4725535714285714,18.0,20.0,20.0,0.24676815999555402,69.89803752499597,0.0,0,0,0,0,0,0,0,0,0,0,,,,,,,,,,,,,,,,,,,,,,,,,,,,,,,,,,,,,,,,,,,,,,,,,,,,,,,,,,,,,,,,,,,,,,,,,,,,,,,,,,,,,,,,,,,,,,,,,,,,,,,,,,,,,,,,,,,,,,0,0,0,0,0,0,0,0,0,0,0,0,0,0,0,0,0,0,0,0
runs\lightning_completion\jigsaw-cora-clean-full-gcp-cpux8-v3\summary.csv,C:\Users\Swastik\Desktop\Jigsaw\runs\lightning_completion\jigsaw-cora-clean-full-gcp-cpux8-v3\results\prod_cora_clean_s20260607_q50_types_all_sizes20_50_100_topo_feature_component_b2_5_10_20_per_query.csv,cora,cora,20260607,cora,negative_label,100,topo_feature,topo_feature_component,type_feat32,50,0,0,50,0,0,50,0,0,10,0,0.2534717472200555,0.25092232800000147,0.36533724509980625,11202.1,19009.75,0.0,167.64009539125814,89.50656593483171,6.94,0.40175,0.4896884920634921,19.0,20.0,20.0,0.21109034003529814,63.36793680501387,0.0,0,0,0,0,0,0,0,0,0,0,,,,,,,,,,,,,,,,,,,,,,,,,,,,,,,,,,,,,,,,,,,,,,,,,,,,,,,,,,,,,,,,,,,,,,,,,,,,,,,,,,,,,,,,,,,,,,,,,,,,,,,,,,,,,,,,,,,,,,0,0,0,0,0,0,0,0,0,0,0,0,0,0,0,0,0,0,0,0
runs\lightning_completion\jigsaw-cora-clean-full-gcp-cpux8-v3\summary.csv,C:\Users\Swastik\Desktop\Jigsaw\runs\lightning_completion\jigsaw-cora-clean-full-gcp-cpux8-v3\results\prod_cora_clean_s20260607_q50_types_all_sizes20_50_100_topo_feature_component_b2_5_10_20_per_query.csv,cora,cora,20260607,cora,negative_structure,20,topo_feature,topo_feature_component,type_feat32,50,0,0,50,0,0,50,0,0,50,0,0.1855801654400011,0.1695491329998049,0.27809661205011477,6852.16,11545.65,20.1,981.4470187165775,1035.091326269189,3.02,0.17775000000000002,0.5153809523809524,15.5,20.0,20.0,0.2204707799864991,43.11569118000307,3.279350179997209,0,0,0,0,0,0,0,0,0,0,,,,,,,,,,,,,,,,,,,,,,,,,,,,,,,,,,,,,,,,,,,,,,,,,,,,,,,,,,,,,,,,,,,,,,,,,,,,,,,,,,,,,,,,,,,,,,,,,,,,,,,,,,,,,,,,,,,,,,0,0,0,0,0,0,0,0,0,0,0,0,0,0,0,0,0,0,0,0
runs\lightning_completion\jigsaw-cora-clean-full-gcp-cpux8-v3\summary.csv,C:\Users\Swastik\Desktop\Jigsaw\runs\lightning_completion\jigsaw-cora-clean-full-gcp-cpux8-v3\results\prod_cora_clean_s20260607_q50_types_all_sizes20_50_100_topo_feature_component_b2_5_10_20_per_query.csv,cora,cora,20260607,cora,negative_structure,50,topo_feature,topo_feature_component,type_feat32,50,0,0,50,0,0,50,0,0,50,0,0.23459118285999922,0.25238600550005685,0.3277957915499769,8728.88,11741.1,50.12,391.0655983760023,271.7081848729191,4.94,0.29025,0.5054146825396826,16.0,20.0,20.0,0.2678998199871785,54.386364805000085,4.261430909999717,0,0,0,0,0,0,0,0,0,0,,,,,,,,,,,,,,,,,,,,,,,,,,,,,,,,,,,,,,,,,,,,,,,,,,,,,,,,,,,,,,,,,,,,,,,,,,,,,,,,,,,,,,,,,,,,,,,,,,,,,,,,,,,,,,,,,,,,,,0,0,0,0,0,0,0,0,0,0,0,0,0,0,0,0,0,0,0,0
runs\lightning_completion\jigsaw-cora-clean-full-gcp-cpux8-v3\summary.csv,C:\Users\Swastik\Desktop\Jigsaw\runs\lightning_completion\jigsaw-cora-clean-full-gcp-cpux8-v3\results\prod_cora_clean_s20260607_q50_types_all_sizes20_50_100_topo_feature_component_b2_5_10_20_per_query.csv,cora,cora,20260607,cora,negative_structure,100,topo_feature,topo_feature_component,type_feat32,50,0,0,50,0,0,50,0,0,50,0,0.24276931988002615,0.2546076545000915,0.3277045469499967,8989.24,11794.3,101.12,191.00800383617076,108.96529874823499,6.68,0.363,0.4847242063492063,19.0,20.0,20.0,0.2508331600120073,54.52383811499999,6.16849185500655,0,0,0,0,0,0,0,0,0,0,,,,,,,,,,,,,,,,,,,,,,,,,,,,,,,,,,,,,,,,,,,,,,,,,,,,,,,,,,,,,,,,,,,,,,,,,,,,,,,,,,,,,,,,,,,,,,,,,,,,,,,,,,,,,,,,,,,,,,0,0,0,0,0,0,0,0,0,0,0,0,0,0,0,0,0,0,0,0
runs\lightning_completion\jigsaw-cora-clean-full-gcp-cpux8-v3\summary.csv,C:\Users\Swastik\Desktop\Jigsaw\runs\lightning_completion\jigsaw-cora-clean-full-gcp-cpux8-v3\results\prod_cora_clean_s20260608_q50_types_all_sizes20_50_100_topo_feature_component_b2_5_10_20_per_query.csv,cora,cora,20260608,cora,k_hop,20,topo_feature,topo_feature_component,type_feat32,50,50,50,0,50,0,0,0,0,50,0,0.17595478198010825,0.21900499000048512,0.30416174194945145,8248.14,11565.0,20.1,973.2148328445729,610.2128071534994,2.74,0.15181818181818182,0.3888888888888889,15.0,20.0,20.0,0.2004531212178611,51.28472175152968,2.0349091515334186,3,8,10,29,0,0,0,0,0,0,,,,,,,,,,,,,,,,,,,,,,,,,,,,,,,,,,,,,,,,,,,,,,,,,,,,,,,,,,,,,,,,,,,,,,,,,,,,,,,,,,,,,,,,,,,,,,,,,,,,,,,,,,,,,,,,,,,,,,3,3,8,11,10,21,29,50,0,50,0,50,0,50,0,50,0,50,0,50
runs\lightning_completion\jigsaw-cora-clean-full-gcp-cpux8-v3\summary.csv,C:\Users\Swastik\Desktop\Jigsaw\runs\lightning_completion\jigsaw-cora-clean-full-gcp-cpux8-v3\results\prod_cora_clean_s20260608_q50_types_all_sizes20_50_100_topo_feature_component_b2_5_10_20_per_query.csv,cora,cora,20260608,cora,k_hop,50,topo_feature,topo_feature_component,type_feat32,50,50,50,0,50,0,0,0,0,50,0,0.19964728322001066,0.2491767844999231,0.3014759224000727,8860.9,11728.75,49.96,392.23260820768706,196.0546325150596,4.72,0.26794117647058824,0.4149136321195145,15.0,20.0,20.0,0.2441999058405867,55.43962296470882,3.280166217647253,2,4,16,28,0,0,0,0,0,0,,,,,,,,,,,,,,,,,,,,,,,,,,,,,,,,,,,,,,,,,,,,,,,,,,,,,,,,,,,,,,,,,,,,,,,,,,,,,,,,,,,,,,,,,,,,,,,,,,,,,,,,,,,,,,,,,,,,,,2,2,4,6,16,22,28,50,0,50,0,50,0,50,0,50,0,50,0,50
runs\lightning_completion\jigsaw-cora-clean-full-gcp-cpux8-v3\summary.csv,C:\Users\Swastik\Desktop\Jigsaw\runs\lightning_completion\jigsaw-cora-clean-full-gcp-cpux8-v3\results\prod_cora_clean_s20260608_q50_types_all_sizes20_50_100_topo_feature_component_b2_5_10_20_per_query.csv,cora,cora,20260608,cora,k_hop,100,topo_feature,topo_feature_component,type_feat32,50,50,50,0,50,0,0,0,0,50,0,0.23982509062005192,0.26680894850005643,0.33937924549979925,9650.6,11795.0,100.48,193.93955870886012,77.64189798874699,6.74,0.4158333333333333,0.464404962321629,18.0,20.0,20.0,0.26978777777660273,61.32192906667721,5.296151661114992,0,6,8,36,0,0,0,0,0,0,,,,,,,,,,,,,,,,,,,,,,,,,,,,,,,,,,,,,,,,,,,,,,,,,,,,,,,,,,,,,,,,,,,,,,,,,,,,,,,,,,,,,,,,,,,,,,,,,,,,,,,,,,,,,,,,,,,,,,0,0,6,6,8,14,36,50,0,50,0,50,0,50,0,50,0,50,0,50
runs\lightning_completion\jigsaw-cora-clean-full-gcp-cpux8-v3\summary.csv,C:\Users\Swastik\Desktop\Jigsaw\runs\lightning_completion\jigsaw-cora-clean-full-gcp-cpux8-v3\results\prod_cora_clean_s20260608_q50_types_all_sizes20_50_100_topo_feature_component_b2_5_10_20_per_query.csv,cora,cora,20260608,cora,degree_k_hop,20,topo_feature,topo_feature_component,type_feat32,50,50,50,0,50,0,0,0,0,50,0,0.18080266283992386,0.2278970944998946,0.3100678613995342,8284.62,11625.7,19.96,992.2093433088651,672.9722990794634,3.12,0.16863905325443787,0.3937588052972668,13.0,20.0,20.0,0.21654725441235234,51.45060722481998,2.0413048579977313,1,8,12,29,0,0,0,0,0,0,,,,,,,,,,,,,,,,,,,,,,,,,,,,,,,,,,,,,,,,,,,,,,,,,,,,,,,,,,,,,,,,,,,,,,,,,,,,,,,,,,,,,,,,,,,,,,,,,,,,,,,,,,,,,,,,,,,,,,1,1,8,9,12,21,29,50,0,50,0,50,0,50,0,50,0,50,0,50
runs\lightning_completion\jigsaw-cora-clean-full-gcp-cpux8-v3\summary.csv,C:\Users\Swastik\Desktop\Jigsaw\runs\lightning_completion\jigsaw-cora-clean-full-gcp-cpux8-v3\results\prod_cora_clean_s20260608_q50_types_all_sizes20_50_100_topo_feature_component_b2_5_10_20_per_query.csv,cora,cora,20260608,cora,degree_k_hop,50,topo_feature,topo_feature_component,type_feat32,50,50,50,0,50,0,0,0,0,50,0,0.20514092629998232,0.24602559449999717,0.3153126575500209,8882.7,11672.1,49.94,390.2417289792553,176.44076552624506,4.12,0.2543859649122807,0.4229392926761347,17.0,20.0,20.0,0.242076175440778,56.66333947369316,3.3193875146057588,3,6,8,33,0,0,0,0,0,0,,,,,,,,,,,,,,,,,,,,,,,,,,,,,,,,,,,,,,,,,,,,,,,,,,,,,,,,,,,,,,,,,,,,,,,,,,,,,,,,,,,,,,,,,,,,,,,,,,,,,,,,,,,,,,,,,,,,,,3,3,6,9,8,17,33,50,0,50,0,50,0,50,0,50,0,50,0,50
runs\lightning_completion\jigsaw-cora-clean-full-gcp-cpux8-v3\summary.csv,C:\Users\Swastik\Desktop\Jigsaw\runs\lightning_completion\jigsaw-cora-clean-full-gcp-cpux8-v3\results\prod_cora_clean_s20260608_q50_types_all_sizes20_50_100_topo_feature_component_b2_5_10_20_per_query.csv,cora,cora,20260608,cora,degree_k_hop,100,topo_feature,topo_feature_component,type_feat32,50,50,50,0,50,0,0,0,0,50,0,0.26161683947995695,0.2713322884999343,0.3856994315500515,9841.56,11780.6,100.64,191.7975558301969,79.44907004232603,6.78,0.3880434782608696,0.4587478041282389,18.0,20.0,20.0,0.2517316249949268,65.66732667390279,5.424205793476829,0,5,6,39,0,0,0,0,0,0,,,,,,,,,,,,,,,,,,,,,,,,,,,,,,,,,,,,,,,,,,,,,,,,,,,,,,,,,,,,,,,,,,,,,,,,,,,,,,,,,,,,,,,,,,,,,,,,,,,,,,,,,,,,,,,,,,,,,,0,0,5,5,6,11,39,50,0,50,0,50,0,50,0,50,0,50,0,50
runs\lightning_completion\jigsaw-cora-clean-full-gcp-cpux8-v3\summary.csv,C:\Users\Swastik\Desktop\Jigsaw\runs\lightning_completion\jigsaw-cora-clean-full-gcp-cpux8-v3\results\prod_cora_clean_s20260608_q50_types_all_sizes20_50_100_topo_feature_component_b2_5_10_20_per_query.csv,cora,cora,20260608,cora,random_walk,20,topo_feature,topo_feature_component,type_feat32,50,50,50,0,50,0,0,0,0,50,0,0.20765759739988426,0.22857038499978444,0.3009127944994361,9803.9,11676.2,20.82,946.3541764864765,632.1989535529799,3.18,0.14919354838709678,0.4175627240143369,16.0,20.0,20.0,0.21446934409786697,53.9859777903036,1.835956994611518,0,1,12,37,0,0,0,0,0,0,,,,,,,,,,,,,,,,,,,,,,,,,,,,,,,,,,,,,,,,,,,,,,,,,,,,,,,,,,,,,,,,,,,,,,,,,,,,,,,,,,,,,,,,,,,,,,,,,,,,,,,,,,,,,,,,,,,,,,0,0,1,1,12,13,37,50,0,50,0,50,0,50,0,50,0,50,0,50
runs\lightning_completion\jigsaw-cora-clean-full-gcp-cpux8-v3\summary.csv,C:\Users\Swastik\Desktop\Jigsaw\runs\lightning_completion\jigsaw-cora-clean-full-gcp-cpux8-v3\results\prod_cora_clean_s20260608_q50_types_all_sizes20_50_100_topo_feature_component_b2_5_10_20_per_query.csv,cora,cora,20260608,cora,random_walk,50,topo_feature,topo_feature_component,type_feat32,50,50,50,0,50,0,0,0,0,50,0,0.24231572680000682,0.25975291700001435,0.3248461870005485,10155.7,11754.5,51.3,377.16569332733167,226.48889799189405,5.4,0.28750000000000003,0.46659226190476194,16.0,20.0,20.0,0.2639592083658234,60.08460027083373,3.018453583334709,1,1,3,45,0,0,0,0,0,0,,,,,,,,,,,,,,,,,,,,,,,,,,,,,,,,,,,,,,,,,,,,,,,,,,,,,,,,,,,,,,,,,,,,,,,,,,,,,,,,,,,,,,,,,,,,,,,,,,,,,,,,,,,,,,,,,,,,,,1,1,1,2,3,5,45,50,0,50,0,50,0,50,0,50,0,50,0,50
runs\lightning_completion\jigsaw-cora-clean-full-gcp-cpux8-v3\summary.csv,C:\Users\Swastik\Desktop\Jigsaw\runs\lightning_completion\jigsaw-cora-clean-full-gcp-cpux8-v3\results\prod_cora_clean_s20260608_q50_types_all_sizes20_50_100_topo_feature_component_b2_5_10_20_per_query.csv,cora,cora,20260608,cora,random_walk,100,topo_feature,topo_feature_component,type_feat32,50,50,50,0,50,0,0,0,0,50,0,0.2768587283999841,0.2722310735005067,0.3490727865503686,11289.24,11801.650000000001,103.04,187.58299928358053,97.39831806911441,8.76,0.4949748743718593,0.484683504658379,19.0,20.0,20.0,0.2918799899469459,64.9166277135672,4.645866859293128,0,0,1,49,0,0,0,0,0,0,,,,,,,,,,,,,,,,,,,,,,,,,,,,,,,,,,,,,,,,,,,,,,,,,,,,,,,,,,,,,,,,,,,,,,,,,,,,,,,,,,,,,,,,,,,,,,,,,,,,,,,,,,,,,,,,,,,,,,0,0,0,0,1,1,49,50,0,50,0,50,0,50,0,50,0,50,0,50
runs\lightning_completion\jigsaw-cora-clean-full-gcp-cpux8-v3\summary.csv,C:\Users\Swastik\Desktop\Jigsaw\runs\lightning_completion\jigsaw-cora-clean-full-gcp-cpux8-v3\results\prod_cora_clean_s20260608_q50_types_all_sizes20_50_100_topo_feature_component_b2_5_10_20_per_query.csv,cora,cora,20260608,cora,single,20,topo_feature,topo_feature_component,type_feat32,50,50,50,0,50,0,0,0,0,50,0,0.17061641686009352,0.14924151249988427,0.25849716444995463,7898.38,11416.7,20.3,946.3093201710832,515.6306164024166,1.0,0.0325,0.3125,8.5,18.549999999999997,19.509999999999998,0.26066830002378083,51.044606612524035,2.273023656255191,1,8,21,20,0,0,0,0,0,0,,,,,,,,,,,,,,,,,,,,,,,,,,,,,,,,,,,,,,,,,,,,,,,,,,,,,,,,,,,,,,,,,,,,,,,,,,,,,,,,,,,,,,,,,,,,,,,,,,,,,,,,,,,,,,,,,,,,,,1,1,8,9,21,30,20,50,0,50,0,50,0,50,0,50,0,50,0,50
runs\lightning_completion\jigsaw-cora-clean-full-gcp-cpux8-v3\summary.csv,C:\Users\Swastik\Desktop\Jigsaw\runs\lightning_completion\jigsaw-cora-clean-full-gcp-cpux8-v3\results\prod_cora_clean_s20260608_q50_types_all_sizes20_50_100_topo_feature_component_b2_5_10_20_per_query.csv,cora,cora,20260608,cora,single,50,topo_feature,topo_feature_component,type_feat32,50,50,50,0,50,0,0,0,0,50,0,0.1837228676000086,0.17030791250022048,0.32672270835009837,8016.56,11637.35,50.18,389.88776992306333,180.28688036369655,1.0,0.038050314465408804,0.31446540880503143,10.0,18.0,19.0,0.24713570437941015,54.207645433970754,3.5668412326986245,4,6,17,23,0,0,0,0,0,0,,,,,,,,,,,,,,,,,,,,,,,,,,,,,,,,,,,,,,,,,,,,,,,,,,,,,,,,,,,,,,,,,,,,,,,,,,,,,,,,,,,,,,,,,,,,,,,,,,,,,,,,,,,,,,,,,,,,,,4,4,6,10,17,27,23,50,0,50,0,50,0,50,0,50,0,50,0,50
runs\lightning_completion\jigsaw-cora-clean-full-gcp-cpux8-v3\summary.csv,C:\Users\Swastik\Desktop\Jigsaw\runs\lightning_completion\jigsaw-cora-clean-full-gcp-cpux8-v3\results\prod_cora_clean_s20260608_q50_types_all_sizes20_50_100_topo_feature_component_b2_5_10_20_per_query.csv,cora,cora,20260608,cora,single,100,topo_feature,topo_feature_component,type_feat32,50,50,50,0,50,0,0,0,0,50,0,0.19035619256007522,0.15995387199996003,0.31265026880009816,7636.3,11676.55,100.56,193.20152926952,84.3766919323967,1.0,0.04318181818181818,0.3246753246753247,9.0,19.0,20.0,0.2862862207981474,55.531037207812275,6.272921415588767,5,7,17,21,0,0,0,0,0,0,,,,,,,,,,,,,,,,,,,,,,,,,,,,,,,,,,,,,,,,,,,,,,,,,,,,,,,,,,,,,,,,,,,,,,,,,,,,,,,,,,,,,,,,,,,,,,,,,,,,,,,,,,,,,,,,,,,,,,5,5,7,12,17,29,21,50,0,50,0,50,0,50,0,50,0,50,0,50
runs\lightning_completion\jigsaw-cora-clean-full-gcp-cpux8-v3\summary.csv,C:\Users\Swastik\Desktop\Jigsaw\runs\lightning_completion\jigsaw-cora-clean-full-gcp-cpux8-v3\results\prod_cora_clean_s20260608_q50_types_all_sizes20_50_100_topo_feature_component_b2_5_10_20_per_query.csv,cora,cora,20260608,cora,negative_label,20,topo_feature,topo_feature_component,type_feat32,50,0,0,50,0,0,50,0,0,33,0,0.2891075614200054,0.32964806150016557,0.3679897144999359,14387.78,18859.15,0.0,397.08286544006114,464.07286259881425,2.58,0.13724999999999998,0.45975,14.0,19.549999999999997,20.0,0.2710474999912549,72.27689035500134,0.0,0,0,0,0,0,0,0,0,0,0,,,,,,,,,,,,,,,,,,,,,,,,,,,,,,,,,,,,,,,,,,,,,,,,,,,,,,,,,,,,,,,,,,,,,,,,,,,,,,,,,,,,,,,,,,,,,,,,,,,,,,,,,,,,,,,,,,,,,,0,0,0,0,0,0,0,0,0,0,0,0,0,0,0,0,0,0,0,0
runs\lightning_completion\jigsaw-cora-clean-full-gcp-cpux8-v3\summary.csv,C:\Users\Swastik\Desktop\Jigsaw\runs\lightning_completion\jigsaw-cora-clean-full-gcp-cpux8-v3\results\prod_cora_clean_s20260608_q50_types_all_sizes20_50_100_topo_feature_component_b2_5_10_20_per_query.csv,cora,cora,20260608,cora,negative_label,50,topo_feature,topo_feature_component,type_feat32,50,0,0,50,0,0,50,0,0,20,0,0.27346065151986293,0.2563173894998272,0.41504656544966556,12349.02,18914.9,0.0,258.5156527018768,179.22195754831722,5.26,0.29875,0.48263690476190474,18.0,20.0,20.0,0.229877480014693,68.36516287996574,0.0,0,0,0,0,0,0,0,0,0,0,,,,,,,,,,,,,,,,,,,,,,,,,,,,,,,,,,,,,,,,,,,,,,,,,,,,,,,,,,,,,,,,,,,,,,,,,,,,,,,,,,,,,,,,,,,,,,,,,,,,,,,,,,,,,,,,,,,,,,0,0,0,0,0,0,0,0,0,0,0,0,0,0,0,0,0,0,0,0
runs\lightning_completion\jigsaw-cora-clean-full-gcp-cpux8-v3\summary.csv,C:\Users\Swastik\Desktop\Jigsaw\runs\lightning_completion\jigsaw-cora-clean-full-gcp-cpux8-v3\results\prod_cora_clean_s20260608_q50_types_all_sizes20_50_100_topo_feature_component_b2_5_10_20_per_query.csv,cora,cora,20260608,cora,negative_label,100,topo_feature,topo_feature_component,type_feat32,50,0,0,50,0,0,50,0,0,9,0,0.3430507774799571,0.36131176050025715,0.521812588050102,10525.7,18717.3,0.0,179.41063507169983,91.22882455810596,6.9,0.38675,0.47840710678210674,18.0,20.0,20.0,0.23128535998694133,85.76269436998928,0.0,0,0,0,0,0,0,0,0,0,0,,,,,,,,,,,,,,,,,,,,,,,,,,,,,,,,,,,,,,,,,,,,,,,,,,,,,,,,,,,,,,,,,,,,,,,,,,,,,,,,,,,,,,,,,,,,,,,,,,,,,,,,,,,,,,,,,,,,,,0,0,0,0,0,0,0,0,0,0,0,0,0,0,0,0,0,0,0,0
runs\lightning_completion\jigsaw-cora-clean-full-gcp-cpux8-v3\summary.csv,C:\Users\Swastik\Desktop\Jigsaw\runs\lightning_completion\jigsaw-cora-clean-full-gcp-cpux8-v3\results\prod_cora_clean_s20260608_q50_types_all_sizes20_50_100_topo_feature_component_b2_5_10_20_per_query.csv,cora,cora,20260608,cora,negative_structure,20,topo_feature,topo_feature_component,type_feat32,50,0,0,50,0,0,50,0,0,50,0,0.22447545439995337,0.2358845899998414,0.3118971426001508,9272.82,11573.25,19.78,996.432563681932,739.0274644546132,2.92,0.15200000000000002,0.4425595238095238,17.0,20.0,20.0,0.23498370001107105,53.643274304986335,2.4755892950020097,0,0,0,0,0,0,0,0,0,0,,,,,,,,,,,,,,,,,,,,,,,,,,,,,,,,,,,,,,,,,,,,,,,,,,,,,,,,,,,,,,,,,,,,,,,,,,,,,,,,,,,,,,,,,,,,,,,,,,,,,,,,,,,,,,,,,,,,,,0,0,0,0,0,0,0,0,0,0,0,0,0,0,0,0,0,0,0,0
runs\lightning_completion\jigsaw-cora-clean-full-gcp-cpux8-v3\summary.csv,C:\Users\Swastik\Desktop\Jigsaw\runs\lightning_completion\jigsaw-cora-clean-full-gcp-cpux8-v3\results\prod_cora_clean_s20260608_q50_types_all_sizes20_50_100_topo_feature_component_b2_5_10_20_per_query.csv,cora,cora,20260608,cora,negative_structure,50,topo_feature,topo_feature_component,type_feat32,50,0,0,50,0,0,50,0,0,50,0,0.2295841153398851,0.25013811899975735,0.32813206045032073,8345.64,11667.650000000001,50.22,384.4721346681189,280.0612051603069,4.8,0.2675,0.4788670634920635,16.0,20.0,20.0,0.2873825999813562,53.02217822498733,4.373850609983947,0,0,0,0,0,0,0,0,0,0,,,,,,,,,,,,,,,,,,,,,,,,,,,,,,,,,,,,,,,,,,,,,,,,,,,,,,,,,,,,,,,,,,,,,,,,,,,,,,,,,,,,,,,,,,,,,,,,,,,,,,,,,,,,,,,,,,,,,,0,0,0,0,0,0,0,0,0,0,0,0,0,0,0,0,0,0,0,0
runs\lightning_completion\jigsaw-cora-clean-full-gcp-cpux8-v3\summary.csv,C:\Users\Swastik\Desktop\Jigsaw\runs\lightning_completion\jigsaw-cora-clean-full-gcp-cpux8-v3\results\prod_cora_clean_s20260608_q50_types_all_sizes20_50_100_topo_feature_component_b2_5_10_20_per_query.csv,cora,cora,20260608,cora,negative_structure,100,topo_feature,topo_feature_component,type_feat32,50,0,0,50,0,0,50,0,0,50,0,0.33002057898000203,0.3656505539997852,0.38708786750048607,9696.72,11746.55,100.7,192.25423646918804,88.62027121841935,6.58,0.38675,0.49497601010101006,17.0,20.0,20.0,0.29776675998618884,75.74819363499728,6.756951110003229,0,0,0,0,0,0,0,0,0,0,,,,,,,,,,,,,,,,,,,,,,,,,,,,,,,,,,,,,,,,,,,,,,,,,,,,,,,,,,,,,,,,,,,,,,,,,,,,,,,,,,,,,,,,,,,,,,,,,,,,,,,,,,,,,,,,,,,,,,0,0,0,0,0,0,0,0,0,0,0,0,0,0,0,0,0,0,0,0
runs\lightning_completion\jigsaw-cora-clean-full-gcp-cpux8-v3\summary.csv,C:\Users\Swastik\Desktop\Jigsaw\runs\lightning_completion\jigsaw-cora-clean-full-gcp-cpux8-v3\results\prod_cora_clean_s20260607_q50_types_all_sizes20_50_100_filterall_component_b20_per_query.csv,cora,cora,20260607,cora,k_hop,20,all,filterall_component,type_feat32,50,50,50,0,50,0,0,0,0,50,0,0.04883355806001419,0.04366978849998304,0.08482276245015327,21.04,23.0,19.92,955.9709416777285,1851.5901962753235,2.5,0.125,1.0,1000000000.0,1000000000.0,1000000000.0,0.0,42.38995088000138,6.443607180012805,0,0,0,50,0,0,0,0,0,0,,,,,,,,,,,,,,,,,,,,,,,,,,,,,,,,,,,,,,,,,,,,,,,,,,,,,,,,,,,,,,,,,,,,,,,,,,,,,,,,,,,,,,,,,,,,,,,,,,,,,,,,,,,,,,,,,,,,,,0,0,0,0,0,0,50,50,0,50,0,50,0,50,0,50,0,50,0,50
runs\lightning_completion\jigsaw-cora-clean-full-gcp-cpux8-v3\summary.csv,C:\Users\Swastik\Desktop\Jigsaw\runs\lightning_completion\jigsaw-cora-clean-full-gcp-cpux8-v3\results\prod_cora_clean_s20260607_q50_types_all_sizes20_50_100_filterall_component_b20_per_query.csv,cora,cora,20260607,cora,k_hop,50,all,filterall_component,type_feat32,50,50,50,0,50,0,0,0,0,50,0,0.057690847259982546,0.05248241850006252,0.08961952944993071,51.96,58.099999999999994,50.64,382.4194604117739,636.3411147574698,5.16,0.258,1.0,1000000000.0,1000000000.0,1000000000.0,0.0,46.15451253998799,11.536334719994557,0,0,0,50,0,0,0,0,0,0,,,,,,,,,,,,,,,,,,,,,,,,,,,,,,,,,,,,,,,,,,,,,,,,,,,,,,,,,,,,,,,,,,,,,,,,,,,,,,,,,,,,,,,,,,,,,,,,,,,,,,,,,,,,,,,,,,,,,,0,0,0,0,0,0,50,50,0,50,0,50,0,50,0,50,0,50,0,50
runs\lightning_completion\jigsaw-cora-clean-full-gcp-cpux8-v3\summary.csv,C:\Users\Swastik\Desktop\Jigsaw\runs\lightning_completion\jigsaw-cora-clean-full-gcp-cpux8-v3\results\prod_cora_clean_s20260607_q50_types_all_sizes20_50_100_filterall_component_b20_per_query.csv,cora,cora,20260607,cora,k_hop,100,all,filterall_component,type_feat32,50,50,50,0,50,0,0,0,0,50,0,0.06840267553994636,0.06302288749998297,0.10680872349995521,102.26,106.1,100.42,193.68725592405215,257.1979631661776,6.7,0.335,1.0,1000000000.0,1000000000.0,1000000000.0,0.0,49.12454379998508,19.27813173996128,0,0,0,50,0,0,0,0,0,0,,,,,,,,,,,,,,,,,,,,,,,,,,,,,,,,,,,,,,,,,,,,,,,,,,,,,,,,,,,,,,,,,,,,,,,,,,,,,,,,,,,,,,,,,,,,,,,,,,,,,,,,,,,,,,,,,,,,,,0,0,0,0,0,0,50,50,0,50,0,50,0,50,0,50,0,50,0,50
runs\lightning_completion\jigsaw-cora-clean-full-gcp-cpux8-v3\summary.csv,C:\Users\Swastik\Desktop\Jigsaw\runs\lightning_completion\jigsaw-cora-clean-full-gcp-cpux8-v3\results\prod_cora_clean_s20260607_q50_types_all_sizes20_50_100_filterall_component_b20_per_query.csv,cora,cora,20260607,cora,degree_k_hop,20,all,filterall_component,type_feat32,50,50,50,0,50,0,0,0,0,50,0,0.04787096385999576,0.043650707999745464,0.06885120295012256,20.02,21.549999999999997,19.52,1013.5133178884201,2085.1476958010676,2.86,0.14300000000000002,1.0,1000000000.0,1000000000.0,1000000000.0,0.0,41.46892485999615,6.402038999999604,0,0,0,50,0,0,0,0,0,0,,,,,,,,,,,,,,,,,,,,,,,,,,,,,,,,,,,,,,,,,,,,,,,,,,,,,,,,,,,,,,,,,,,,,,,,,,,,,,,,,,,,,,,,,,,,,,,,,,,,,,,,,,,,,,,,,,,,,,0,0,0,0,0,0,50,50,0,50,0,50,0,50,0,50,0,50,0,50
runs\lightning_completion\jigsaw-cora-clean-full-gcp-cpux8-v3\summary.csv,C:\Users\Swastik\Desktop\Jigsaw\runs\lightning_completion\jigsaw-cora-clean-full-gcp-cpux8-v3\results\prod_cora_clean_s20260607_q50_types_all_sizes20_50_100_filterall_component_b20_per_query.csv,cora,cora,20260607,cora,degree_k_hop,50,all,filterall_component,type_feat32,50,50,50,0,50,0,0,0,0,50,0,0.059673136119999984,0.05218944300008843,0.09834679900006904,52.1,55.0,50.24,382.1353656877689,587.1858860432222,5.22,0.261,1.0,1000000000.0,1000000000.0,1000000000.0,0.0,47.934105899989845,11.739030220010136,0,0,0,50,0,0,0,0,0,0,,,,,,,,,,,,,,,,,,,,,,,,,,,,,,,,,,,,,,,,,,,,,,,,,,,,,,,,,,,,,,,,,,,,,,,,,,,,,,,,,,,,,,,,,,,,,,,,,,,,,,,,,,,,,,,,,,,,,,0,0,0,0,0,0,50,50,0,50,0,50,0,50,0,50,0,50,0,50
runs\lightning_completion\jigsaw-cora-clean-full-gcp-cpux8-v3\summary.csv,C:\Users\Swastik\Desktop\Jigsaw\runs\lightning_completion\jigsaw-cora-clean-full-gcp-cpux8-v3\results\prod_cora_clean_s20260607_q50_types_all_sizes20_50_100_filterall_component_b20_per_query.csv,cora,cora,20260607,cora,degree_k_hop,100,all,filterall_component,type_feat32,50,50,50,0,50,0,0,0,0,50,0,0.0679287544599947,0.06332261250008742,0.09681946344999233,102.8,108.55,100.5,192.82465303172503,266.67255808743505,6.94,0.34700000000000003,1.0,1000000000.0,1000000000.0,1000000000.0,0.0,48.47841570001037,19.450338759984334,0,0,0,50,0,0,0,0,0,0,,,,,,,,,,,,,,,,,,,,,,,,,,,,,,,,,,,,,,,,,,,,,,,,,,,,,,,,,,,,,,,,,,,,,,,,,,,,,,,,,,,,,,,,,,,,,,,,,,,,,,,,,,,,,,,,,,,,,,0,0,0,0,0,0,50,50,0,50,0,50,0,50,0,50,0,50,0,50
runs\lightning_completion\jigsaw-cora-clean-full-gcp-cpux8-v3\summary.csv,C:\Users\Swastik\Desktop\Jigsaw\runs\lightning_completion\jigsaw-cora-clean-full-gcp-cpux8-v3\results\prod_cora_clean_s20260607_q50_types_all_sizes20_50_100_filterall_component_b20_per_query.csv,cora,cora,20260607,cora,random_walk,20,all,filterall_component,type_feat32,50,50,50,0,50,0,0,0,0,50,0,0.05022533683999427,0.04359789300008288,0.08536231049997696,21.46,25.549999999999997,20.58,936.4550030548661,2206.6125824682163,2.98,0.149,1.0,1000000000.0,1000000000.0,1000000000.0,0.0,43.49901997999041,6.7263168600038625,0,0,0,50,0,0,0,0,0,0,,,,,,,,,,,,,,,,,,,,,,,,,,,,,,,,,,,,,,,,,,,,,,,,,,,,,,,,,,,,,,,,,,,,,,,,,,,,,,,,,,,,,,,,,,,,,,,,,,,,,,,,,,,,,,,,,,,,,,0,0,0,0,0,0,50,50,0,50,0,50,0,50,0,50,0,50,0,50
runs\lightning_completion\jigsaw-cora-clean-full-gcp-cpux8-v3\summary.csv,C:\Users\Swastik\Desktop\Jigsaw\runs\lightning_completion\jigsaw-cora-clean-full-gcp-cpux8-v3\results\prod_cora_clean_s20260607_q50_types_all_sizes20_50_100_filterall_component_b20_per_query.csv,cora,cora,20260607,cora,random_walk,50,all,filterall_component,type_feat32,50,50,50,0,50,0,0,0,0,50,0,0.05929806345999168,0.052442142000018066,0.09481628204998739,52.78,59.0,52.02,376.17182058257663,746.2367054030376,5.62,0.281,1.0,1000000000.0,1000000000.0,1000000000.0,0.0,47.77871455998593,11.519348900005753,0,0,0,50,0,0,0,0,0,0,,,,,,,,,,,,,,,,,,,,,,,,,,,,,,,,,,,,,,,,,,,,,,,,,,,,,,,,,,,,,,,,,,,,,,,,,,,,,,,,,,,,,,,,,,,,,,,,,,,,,,,,,,,,,,,,,,,,,,0,0,0,0,0,0,50,50,0,50,0,50,0,50,0,50,0,50,0,50
runs\lightning_completion\jigsaw-cora-clean-full-gcp-cpux8-v3\summary.csv,C:\Users\Swastik\Desktop\Jigsaw\runs\lightning_completion\jigsaw-cora-clean-full-gcp-cpux8-v3\results\prod_cora_clean_s20260607_q50_types_all_sizes20_50_100_filterall_component_b20_per_query.csv,cora,cora,20260607,cora,random_walk,100,all,filterall_component,type_feat32,50,50,50,0,50,0,0,0,0,50,0,0.07148083785999461,0.06263111250007114,0.1173405820499056,105.94,115.19999999999999,103.1,187.309995070682,342.5545868010102,8.04,0.402,1.0,1000000000.0,1000000000.0,1000000000.0,0.0,51.515947499988215,19.964890360006393,0,0,0,50,0,0,0,0,0,0,,,,,,,,,,,,,,,,,,,,,,,,,,,,,,,,,,,,,,,,,,,,,,,,,,,,,,,,,,,,,,,,,,,,,,,,,,,,,,,,,,,,,,,,,,,,,,,,,,,,,,,,,,,,,,,,,,,,,,0,0,0,0,0,0,50,50,0,50,0,50,0,50,0,50,0,50,0,50
runs\lightning_completion\jigsaw-cora-clean-full-gcp-cpux8-v3\summary.csv,C:\Users\Swastik\Desktop\Jigsaw\runs\lightning_completion\jigsaw-cora-clean-full-gcp-cpux8-v3\results\prod_cora_clean_s20260607_q50_types_all_sizes20_50_100_filterall_component_b20_per_query.csv,cora,cora,20260607,cora,single,20,all,filterall_component,type_feat32,50,50,50,0,50,0,0,0,0,50,0,0.0506146218999811,0.045745297500047855,0.08602306854994594,20.68,22.549999999999997,20.2,959.5262054322488,1818.6527817141455,1.0,0.05,1.0,1000000000.0,1000000000.0,1000000000.0,0.0,43.34019204000015,7.274429859980955,0,0,0,50,0,0,0,0,0,0,,,,,,,,,,,,,,,,,,,,,,,,,,,,,,,,,,,,,,,,,,,,,,,,,,,,,,,,,,,,,,,,,,,,,,,,,,,,,,,,,,,,,,,,,,,,,,,,,,,,,,,,,,,,,,,,,,,,,,0,0,0,0,0,0,50,50,0,50,0,50,0,50,0,50,0,50,0,50
runs\lightning_completion\jigsaw-cora-clean-full-gcp-cpux8-v3\summary.csv,C:\Users\Swastik\Desktop\Jigsaw\runs\lightning_completion\jigsaw-cora-clean-full-gcp-cpux8-v3\results\prod_cora_clean_s20260607_q50_types_all_sizes20_50_100_filterall_component_b20_per_query.csv,cora,cora,20260607,cora,single,50,all,filterall_component,type_feat32,50,50,50,0,50,0,0,0,0,50,0,0.05708884211997429,0.0527137080000557,0.08407981449981888,51.74,55.55,50.2,384.1720001863434,595.6730847716485,1.0,0.05,1.0,1000000000.0,1000000000.0,1000000000.0,0.0,45.61710681997738,11.471735299996908,0,0,0,50,0,0,0,0,0,0,,,,,,,,,,,,,,,,,,,,,,,,,,,,,,,,,,,,,,,,,,,,,,,,,,,,,,,,,,,,,,,,,,,,,,,,,,,,,,,,,,,,,,,,,,,,,,,,,,,,,,,,,,,,,,,,,,,,,,0,0,0,0,0,0,50,50,0,50,0,50,0,50,0,50,0,50,0,50
runs\lightning_completion\jigsaw-cora-clean-full-gcp-cpux8-v3\summary.csv,C:\Users\Swastik\Desktop\Jigsaw\runs\lightning_completion\jigsaw-cora-clean-full-gcp-cpux8-v3\results\prod_cora_clean_s20260607_q50_types_all_sizes20_50_100_filterall_component_b20_per_query.csv,cora,cora,20260607,cora,single,100,all,filterall_component,type_feat32,50,50,50,0,50,0,0,0,0,50,0,0.07034366711998245,0.06319918299993788,0.11014493294999278,102.94,107.1,100.42,192.45086217249667,240.15632175558054,1.0,0.05,1.0,1000000000.0,1000000000.0,1000000000.0,0.0,50.53839517998313,19.80527193999933,0,0,0,50,0,0,0,0,0,0,,,,,,,,,,,,,,,,,,,,,,,,,,,,,,,,,,,,,,,,,,,,,,,,,,,,,,,,,,,,,,,,,,,,,,,,,,,,,,,,,,,,,,,,,,,,,,,,,,,,,,,,,,,,,,,,,,,,,,0,0,0,0,0,0,50,50,0,50,0,50,0,50,0,50,0,50,0,50
runs\lightning_completion\jigsaw-cora-clean-full-gcp-cpux8-v3\summary.csv,C:\Users\Swastik\Desktop\Jigsaw\runs\lightning_completion\jigsaw-cora-clean-full-gcp-cpux8-v3\results\prod_cora_clean_s20260607_q50_types_all_sizes20_50_100_filterall_component_b20_per_query.csv,cora,cora,20260607,cora,negative_label,20,all,filterall_component,type_feat32,50,0,0,50,0,0,50,0,0,27,0,0.09584840793999319,0.14083575899996958,0.15377927744999625,9678.42,18874.25,0.0,480.7836043514754,1143.463540291969,2.9,0.145,1.0,1000000000.0,1000000000.0,1000000000.0,0.0,95.8484079399932,0.0,0,0,0,0,0,0,0,0,0,0,,,,,,,,,,,,,,,,,,,,,,,,,,,,,,,,,,,,,,,,,,,,,,,,,,,,,,,,,,,,,,,,,,,,,,,,,,,,,,,,,,,,,,,,,,,,,,,,,,,,,,,,,,,,,,,,,,,,,,0,0,0,0,0,0,0,0,0,0,0,0,0,0,0,0,0,0,0,0
runs\lightning_completion\jigsaw-cora-clean-full-gcp-cpux8-v3\summary.csv,C:\Users\Swastik\Desktop\Jigsaw\runs\lightning_completion\jigsaw-cora-clean-full-gcp-cpux8-v3\results\prod_cora_clean_s20260607_q50_types_all_sizes20_50_100_filterall_component_b20_per_query.csv,cora,cora,20260607,cora,negative_label,50,all,filterall_component,type_feat32,50,0,0,50,0,0,50,0,0,17,0,0.0808938806200058,0.04319419800003743,0.16020058449997804,6407.7,18980.25,0.0,259.01803750540086,446.850408763607,4.88,0.244,1.0,1000000000.0,1000000000.0,1000000000.0,0.0,80.8938806200058,0.0,0,0,0,0,0,0,0,0,0,0,,,,,,,,,,,,,,,,,,,,,,,,,,,,,,,,,,,,,,,,,,,,,,,,,,,,,,,,,,,,,,,,,,,,,,,,,,,,,,,,,,,,,,,,,,,,,,,,,,,,,,,,,,,,,,,,,,,,,,0,0,0,0,0,0,0,0,0,0,0,0,0,0,0,0,0,0,0,0
runs\lightning_completion\jigsaw-cora-clean-full-gcp-cpux8-v3\summary.csv,C:\Users\Swastik\Desktop\Jigsaw\runs\lightning_completion\jigsaw-cora-clean-full-gcp-cpux8-v3\results\prod_cora_clean_s20260607_q50_types_all_sizes20_50_100_filterall_component_b20_per_query.csv,cora,cora,20260607,cora,negative_label,100,all,filterall_component,type_feat32,50,0,0,50,0,0,50,0,0,10,0,0.06401828913998997,0.04538416249999955,0.16358157845003235,2733.6,19009.75,0.0,165.1034666651679,244.53457690308812,6.94,0.34700000000000003,1.0,1000000000.0,1000000000.0,1000000000.0,0.0,64.01828913998997,0.0,0,0,0,0,0,0,0,0,0,0,,,,,,,,,,,,,,,,,,,,,,,,,,,,,,,,,,,,,,,,,,,,,,,,,,,,,,,,,,,,,,,,,,,,,,,,,,,,,,,,,,,,,,,,,,,,,,,,,,,,,,,,,,,,,,,,,,,,,,0,0,0,0,0,0,0,0,0,0,0,0,0,0,0,0,0,0,0,0
runs\lightning_completion\jigsaw-cora-clean-full-gcp-cpux8-v3\summary.csv,C:\Users\Swastik\Desktop\Jigsaw\runs\lightning_completion\jigsaw-cora-clean-full-gcp-cpux8-v3\results\prod_cora_clean_s20260607_q50_types_all_sizes20_50_100_filterall_component_b20_per_query.csv,cora,cora,20260607,cora,negative_structure,20,all,filterall_component,type_feat32,50,0,0,50,0,0,50,0,0,50,0,0.05048030590000508,0.04535704300019461,0.08588135455001975,21.02,23.099999999999994,20.1,960.8089022302838,1996.8992665213239,3.02,0.151,1.0,1000000000.0,1000000000.0,1000000000.0,0.0,43.60023519999686,6.880070700008218,0,0,0,0,0,0,0,0,0,0,,,,,,,,,,,,,,,,,,,,,,,,,,,,,,,,,,,,,,,,,,,,,,,,,,,,,,,,,,,,,,,,,,,,,,,,,,,,,,,,,,,,,,,,,,,,,,,,,,,,,,,,,,,,,,,,,,,,,,0,0,0,0,0,0,0,0,0,0,0,0,0,0,0,0,0,0,0,0
runs\lightning_completion\jigsaw-cora-clean-full-gcp-cpux8-v3\summary.csv,C:\Users\Swastik\Desktop\Jigsaw\runs\lightning_completion\jigsaw-cora-clean-full-gcp-cpux8-v3\results\prod_cora_clean_s20260607_q50_types_all_sizes20_50_100_filterall_component_b20_per_query.csv,cora,cora,20260607,cora,negative_structure,50,all,filterall_component,type_feat32,50,0,0,50,0,0,50,0,0,50,0,0.05690889453998352,0.052060792499901254,0.09408193450009321,50.88,54.55,50.12,389.751609300372,628.4418773916743,4.94,0.247,1.0,1000000000.0,1000000000.0,1000000000.0,0.0,46.47243871999308,10.436455819990442,0,0,0,0,0,0,0,0,0,0,,,,,,,,,,,,,,,,,,,,,,,,,,,,,,,,,,,,,,,,,,,,,,,,,,,,,,,,,,,,,,,,,,,,,,,,,,,,,,,,,,,,,,,,,,,,,,,,,,,,,,,,,,,,,,,,,,,,,,0,0,0,0,0,0,0,0,0,0,0,0,0,0,0,0,0,0,0,0
runs\lightning_completion\jigsaw-cora-clean-full-gcp-cpux8-v3\summary.csv,C:\Users\Swastik\Desktop\Jigsaw\runs\lightning_completion\jigsaw-cora-clean-full-gcp-cpux8-v3\results\prod_cora_clean_s20260607_q50_types_all_sizes20_50_100_filterall_component_b20_per_query.csv,cora,cora,20260607,cora,negative_structure,100,all,filterall_component,type_feat32,50,0,0,50,0,0,50,0,0,50,0,0.06425996745997509,0.059561337499872025,0.09587062200006355,105.0,125.84999999999998,101.12,189.30860595991308,256.69109052916315,6.68,0.33399999999999996,1.0,1000000000.0,1000000000.0,1000000000.0,0.0,47.435634559983555,16.824332899991532,0,0,0,0,0,0,0,0,0,0,,,,,,,,,,,,,,,,,,,,,,,,,,,,,,,,,,,,,,,,,,,,,,,,,,,,,,,,,,,,,,,,,,,,,,,,,,,,,,,,,,,,,,,,,,,,,,,,,,,,,,,,,,,,,,,,,,,,,,0,0,0,0,0,0,0,0,0,0,0,0,0,0,0,0,0,0,0,0
runs\lightning_completion\jigsaw-cora-clean-full-gcp-cpux8-v3\summary.csv,C:\Users\Swastik\Desktop\Jigsaw\runs\lightning_completion\jigsaw-cora-clean-full-gcp-cpux8-v3\results\prod_cora_clean_s20260608_q50_types_all_sizes20_50_100_filterall_component_b20_per_query.csv,cora,cora,20260608,cora,k_hop,20,all,filterall_component,type_feat32,50,50,50,0,50,0,0,0,0,50,0,0.06708178585993664,0.0704405814999518,0.0788856179995264,20.96,24.64999999999999,20.1,956.336427210589,1905.3328294698179,2.74,0.137,1.0,1000000000.0,1000000000.0,1000000000.0,0.0,58.98540983993371,8.096376020002936,0,0,0,50,0,0,0,0,0,0,,,,,,,,,,,,,,,,,,,,,,,,,,,,,,,,,,,,,,,,,,,,,,,,,,,,,,,,,,,,,,,,,,,,,,,,,,,,,,,,,,,,,,,,,,,,,,,,,,,,,,,,,,,,,,,,,,,,,,0,0,0,0,0,0,50,50,0,50,0,50,0,50,0,50,0,50,0,50
runs\lightning_completion\jigsaw-cora-clean-full-gcp-cpux8-v3\summary.csv,C:\Users\Swastik\Desktop\Jigsaw\runs\lightning_completion\jigsaw-cora-clean-full-gcp-cpux8-v3\results\prod_cora_clean_s20260608_q50_types_all_sizes20_50_100_filterall_component_b20_per_query.csv,cora,cora,20260608,cora,k_hop,50,all,filterall_component,type_feat32,50,50,50,0,50,0,0,0,0,50,0,0.06509581975999026,0.05620149850028611,0.08713684549993558,50.84,53.0,49.96,390.33307765711174,637.4428701906203,4.72,0.23600000000000002,1.0,1000000000.0,1000000000.0,1000000000.0,0.0,52.58897747999981,12.506842279990451,0,0,0,50,0,0,0,0,0,0,,,,,,,,,,,,,,,,,,,,,,,,,,,,,,,,,,,,,,,,,,,,,,,,,,,,,,,,,,,,,,,,,,,,,,,,,,,,,,,,,,,,,,,,,,,,,,,,,,,,,,,,,,,,,,,,,,,,,,0,0,0,0,0,0,50,50,0,50,0,50,0,50,0,50,0,50,0,50
runs\lightning_completion\jigsaw-cora-clean-full-gcp-cpux8-v3\summary.csv,C:\Users\Swastik\Desktop\Jigsaw\runs\lightning_completion\jigsaw-cora-clean-full-gcp-cpux8-v3\results\prod_cora_clean_s20260608_q50_types_all_sizes20_50_100_filterall_component_b20_per_query.csv,cora,cora,20260608,cora,k_hop,100,all,filterall_component,type_feat32,50,50,50,0,50,0,0,0,0,50,0,0.08463399899996148,0.09112323149997792,0.09915463085028477,103.0,108.55,100.48,192.35873728260506,259.0065958730231,6.74,0.337,1.0,1000000000.0,1000000000.0,1000000000.0,0.0,62.22734783997112,22.40665115999036,0,0,0,50,0,0,0,0,0,0,,,,,,,,,,,,,,,,,,,,,,,,,,,,,,,,,,,,,,,,,,,,,,,,,,,,,,,,,,,,,,,,,,,,,,,,,,,,,,,,,,,,,,,,,,,,,,,,,,,,,,,,,,,,,,,,,,,,,,0,0,0,0,0,0,50,50,0,50,0,50,0,50,0,50,0,50,0,50
runs\lightning_completion\jigsaw-cora-clean-full-gcp-cpux8-v3\summary.csv,C:\Users\Swastik\Desktop\Jigsaw\runs\lightning_completion\jigsaw-cora-clean-full-gcp-cpux8-v3\results\prod_cora_clean_s20260608_q50_types_all_sizes20_50_100_filterall_component_b20_per_query.csv,cora,cora,20260608,cora,degree_k_hop,20,all,filterall_component,type_feat32,50,50,50,0,50,0,0,0,0,50,0,0.0622797838799761,0.05883225750017118,0.07631311849997927,20.88,24.099999999999994,19.96,972.9226477655195,2013.2661714421745,3.12,0.156,1.0,1000000000.0,1000000000.0,1000000000.0,0.0,54.32111006000014,7.958673819975957,0,0,0,50,0,0,0,0,0,0,,,,,,,,,,,,,,,,,,,,,,,,,,,,,,,,,,,,,,,,,,,,,,,,,,,,,,,,,,,,,,,,,,,,,,,,,,,,,,,,,,,,,,,,,,,,,,,,,,,,,,,,,,,,,,,,,,,,,,0,0,0,0,0,0,50,50,0,50,0,50,0,50,0,50,0,50,0,50
runs\lightning_completion\jigsaw-cora-clean-full-gcp-cpux8-v3\summary.csv,C:\Users\Swastik\Desktop\Jigsaw\runs\lightning_completion\jigsaw-cora-clean-full-gcp-cpux8-v3\results\prod_cora_clean_s20260608_q50_types_all_sizes20_50_100_filterall_component_b20_per_query.csv,cora,cora,20260608,cora,degree_k_hop,50,all,filterall_component,type_feat32,50,50,50,0,50,0,0,0,0,50,0,0.07607376932000989,0.07989255600023171,0.08267797800012885,51.6,56.55,49.94,385.6473507416293,569.4597173647306,4.12,0.20600000000000002,1.0,1000000000.0,1000000000.0,1000000000.0,0.0,62.56540214000779,13.508367180002097,0,0,0,50,0,0,0,0,0,0,,,,,,,,,,,,,,,,,,,,,,,,,,,,,,,,,,,,,,,,,,,,,,,,,,,,,,,,,,,,,,,,,,,,,,,,,,,,,,,,,,,,,,,,,,,,,,,,,,,,,,,,,,,,,,,,,,,,,,0,0,0,0,0,0,50,50,0,50,0,50,0,50,0,50,0,50,0,50
runs\lightning_completion\jigsaw-cora-clean-full-gcp-cpux8-v3\summary.csv,C:\Users\Swastik\Desktop\Jigsaw\runs\lightning_completion\jigsaw-cora-clean-full-gcp-cpux8-v3\results\prod_cora_clean_s20260608_q50_types_all_sizes20_50_100_filterall_component_b20_per_query.csv,cora,cora,20260608,cora,degree_k_hop,100,all,filterall_component,type_feat32,50,50,50,0,50,0,0,0,0,50,0,0.07014773544005948,0.06487094200019783,0.0952307235000262,104.52,122.55,100.68,189.95478427603118,256.7959999658147,6.78,0.33899999999999997,1.0,1000000000.0,1000000000.0,1000000000.0,0.0,49.944956180079316,20.20277925998016,0,0,0,50,0,0,0,0,0,0,,,,,,,,,,,,,,,,,,,,,,,,,,,,,,,,,,,,,,,,,,,,,,,,,,,,,,,,,,,,,,,,,,,,,,,,,,,,,,,,,,,,,,,,,,,,,,,,,,,,,,,,,,,,,,,,,,,,,,0,0,0,0,0,0,50,50,0,50,0,50,0,50,0,50,0,50,0,50
runs\lightning_completion\jigsaw-cora-clean-full-gcp-cpux8-v3\summary.csv,C:\Users\Swastik\Desktop\Jigsaw\runs\lightning_completion\jigsaw-cora-clean-full-gcp-cpux8-v3\results\prod_cora_clean_s20260608_q50_types_all_sizes20_50_100_filterall_component_b20_per_query.csv,cora,cora,20260608,cora,random_walk,20,all,filterall_component,type_feat32,50,50,50,0,50,0,0,0,0,50,0,0.0689386530199954,0.07014002200003233,0.0786908530502842,21.24,25.0,20.82,939.35438855053,2178.248194704024,3.18,0.159,1.0,1000000000.0,1000000000.0,1000000000.0,0.0,60.5197242200029,8.4189287999925,0,0,0,50,0,0,0,0,0,0,,,,,,,,,,,,,,,,,,,,,,,,,,,,,,,,,,,,,,,,,,,,,,,,,,,,,,,,,,,,,,,,,,,,,,,,,,,,,,,,,,,,,,,,,,,,,,,,,,,,,,,,,,,,,,,,,,,,,,0,0,0,0,0,0,50,50,0,50,0,50,0,50,0,50,0,50,0,50
runs\lightning_completion\jigsaw-cora-clean-full-gcp-cpux8-v3\summary.csv,C:\Users\Swastik\Desktop\Jigsaw\runs\lightning_completion\jigsaw-cora-clean-full-gcp-cpux8-v3\results\prod_cora_clean_s20260608_q50_types_all_sizes20_50_100_filterall_component_b20_per_query.csv,cora,cora,20260608,cora,random_walk,50,all,filterall_component,type_feat32,50,50,50,0,50,0,0,0,0,50,0,0.06834201868000492,0.06378646749999461,0.09845660599983147,53.36,58.64999999999999,51.3,372.96622274931275,750.1923407450449,5.4,0.27,1.0,1000000000.0,1000000000.0,1000000000.0,0.0,55.380191200029,12.96182747997591,0,0,0,50,0,0,0,0,0,0,,,,,,,,,,,,,,,,,,,,,,,,,,,,,,,,,,,,,,,,,,,,,,,,,,,,,,,,,,,,,,,,,,,,,,,,,,,,,,,,,,,,,,,,,,,,,,,,,,,,,,,,,,,,,,,,,,,,,,0,0,0,0,0,0,50,50,0,50,0,50,0,50,0,50,0,50,0,50
runs\lightning_completion\jigsaw-cora-clean-full-gcp-cpux8-v3\summary.csv,C:\Users\Swastik\Desktop\Jigsaw\runs\lightning_completion\jigsaw-cora-clean-full-gcp-cpux8-v3\results\prod_cora_clean_s20260608_q50_types_all_sizes20_50_100_filterall_component_b20_per_query.csv,cora,cora,20260608,cora,random_walk,100,all,filterall_component,type_feat32,50,50,50,0,50,0,0,0,0,50,0,0.08158749370001715,0.0850601889999325,0.10283274299999903,106.48,119.59999999999997,103.04,186.5074624530855,356.502568550481,8.76,0.43800000000000006,1.0,1000000000.0,1000000000.0,1000000000.0,0.0,59.674287839961835,21.913205860055314,0,0,0,50,0,0,0,0,0,0,,,,,,,,,,,,,,,,,,,,,,,,,,,,,,,,,,,,,,,,,,,,,,,,,,,,,,,,,,,,,,,,,,,,,,,,,,,,,,,,,,,,,,,,,,,,,,,,,,,,,,,,,,,,,,,,,,,,,,0,0,0,0,0,0,50,50,0,50,0,50,0,50,0,50,0,50,0,50
runs\lightning_completion\jigsaw-cora-clean-full-gcp-cpux8-v3\summary.csv,C:\Users\Swastik\Desktop\Jigsaw\runs\lightning_completion\jigsaw-cora-clean-full-gcp-cpux8-v3\results\prod_cora_clean_s20260608_q50_types_all_sizes20_50_100_filterall_component_b20_per_query.csv,cora,cora,20260608,cora,single,20,all,filterall_component,type_feat32,50,50,50,0,50,0,0,0,0,50,0,0.05254811930003598,0.04820299299990438,0.07103674200018303,21.58,26.299999999999983,20.3,938.9404976602607,1640.128383321069,1.0,0.05,1.0,1000000000.0,1000000000.0,1000000000.0,0.0,45.08054828004788,7.4675710199881,0,0,0,50,0,0,0,0,0,0,,,,,,,,,,,,,,,,,,,,,,,,,,,,,,,,,,,,,,,,,,,,,,,,,,,,,,,,,,,,,,,,,,,,,,,,,,,,,,,,,,,,,,,,,,,,,,,,,,,,,,,,,,,,,,,,,,,,,,0,0,0,0,0,0,50,50,0,50,0,50,0,50,0,50,0,50,0,50
runs\lightning_completion\jigsaw-cora-clean-full-gcp-cpux8-v3\summary.csv,C:\Users\Swastik\Desktop\Jigsaw\runs\lightning_completion\jigsaw-cora-clean-full-gcp-cpux8-v3\results\prod_cora_clean_s20260608_q50_types_all_sizes20_50_100_filterall_component_b20_per_query.csv,cora,cora,20260608,cora,single,50,all,filterall_component,type_feat32,50,50,50,0,50,0,0,0,0,50,0,0.07464657872003044,0.07911318700007541,0.0903795254999295,51.34,54.55,50.18,386.8137000619525,562.8099815487964,1.0,0.05,1.0,1000000000.0,1000000000.0,1000000000.0,0.0,61.128374780028025,13.518203940002422,0,0,0,50,0,0,0,0,0,0,,,,,,,,,,,,,,,,,,,,,,,,,,,,,,,,,,,,,,,,,,,,,,,,,,,,,,,,,,,,,,,,,,,,,,,,,,,,,,,,,,,,,,,,,,,,,,,,,,,,,,,,,,,,,,,,,,,,,,0,0,0,0,0,0,50,50,0,50,0,50,0,50,0,50,0,50,0,50
runs\lightning_completion\jigsaw-cora-clean-full-gcp-cpux8-v3\summary.csv,C:\Users\Swastik\Desktop\Jigsaw\runs\lightning_completion\jigsaw-cora-clean-full-gcp-cpux8-v3\results\prod_cora_clean_s20260608_q50_types_all_sizes20_50_100_filterall_component_b20_per_query.csv,cora,cora,20260608,cora,single,100,all,filterall_component,type_feat32,50,50,50,0,50,0,0,0,0,50,0,0.0824989548600297,0.08212667150041852,0.11431335695046982,103.82,109.1,100.56,190.88109657424644,249.78817476485307,1.0,0.05,1.0,1000000000.0,1000000000.0,1000000000.0,0.0,60.20350065999992,22.29545420002978,0,0,0,50,0,0,0,0,0,0,,,,,,,,,,,,,,,,,,,,,,,,,,,,,,,,,,,,,,,,,,,,,,,,,,,,,,,,,,,,,,,,,,,,,,,,,,,,,,,,,,,,,,,,,,,,,,,,,,,,,,,,,,,,,,,,,,,,,,0,0,0,0,0,0,50,50,0,50,0,50,0,50,0,50,0,50,0,50
runs\lightning_completion\jigsaw-cora-clean-full-gcp-cpux8-v3\summary.csv,C:\Users\Swastik\Desktop\Jigsaw\runs\lightning_completion\jigsaw-cora-clean-full-gcp-cpux8-v3\results\prod_cora_clean_s20260608_q50_types_all_sizes20_50_100_filterall_component_b20_per_query.csv,cora,cora,20260608,cora,negative_label,20,all,filterall_component,type_feat32,50,0,0,50,0,0,50,0,0,30,0,0.1301235497399557,0.15772084350010118,0.2453463858999156,11165.06,18859.15,0.0,382.8043230009197,940.3241335551199,2.58,0.129,1.0,1000000000.0,1000000000.0,1000000000.0,0.0,130.1235497399557,0.0,0,0,0,0,0,0,0,0,0,0,,,,,,,,,,,,,,,,,,,,,,,,,,,,,,,,,,,,,,,,,,,,,,,,,,,,,,,,,,,,,,,,,,,,,,,,,,,,,,,,,,,,,,,,,,,,,,,,,,,,,,,,,,,,,,,,,,,,,,0,0,0,0,0,0,0,0,0,0,0,0,0,0,0,0,0,0,0,0
runs\lightning_completion\jigsaw-cora-clean-full-gcp-cpux8-v3\summary.csv,C:\Users\Swastik\Desktop\Jigsaw\runs\lightning_completion\jigsaw-cora-clean-full-gcp-cpux8-v3\results\prod_cora_clean_s20260608_q50_types_all_sizes20_50_100_filterall_component_b20_per_query.csv,cora,cora,20260608,cora,negative_label,50,all,filterall_component,type_feat32,50,0,0,50,0,0,50,0,0,18,0,0.09913122877998831,0.06842824199998176,0.20802985194984547,6374.68,18914.9,0.0,255.4760845146219,434.31064155062325,5.26,0.263,1.0,1000000000.0,1000000000.0,1000000000.0,0.0,99.1312287799883,0.0,0,0,0,0,0,0,0,0,0,0,,,,,,,,,,,,,,,,,,,,,,,,,,,,,,,,,,,,,,,,,,,,,,,,,,,,,,,,,,,,,,,,,,,,,,,,,,,,,,,,,,,,,,,,,,,,,,,,,,,,,,,,,,,,,,,,,,,,,,0,0,0,0,0,0,0,0,0,0,0,0,0,0,0,0,0,0,0,0
runs\lightning_completion\jigsaw-cora-clean-full-gcp-cpux8-v3\summary.csv,C:\Users\Swastik\Desktop\Jigsaw\runs\lightning_completion\jigsaw-cora-clean-full-gcp-cpux8-v3\results\prod_cora_clean_s20260608_q50_types_all_sizes20_50_100_filterall_component_b20_per_query.csv,cora,cora,20260608,cora,negative_label,100,all,filterall_component,type_feat32,50,0,0,50,0,0,50,0,0,7,0,0.07431515465998018,0.06886332699991726,0.18156964339989362,1606.1,18717.3,0.0,177.376872306159,238.80431234085128,6.9,0.345,1.0,1000000000.0,1000000000.0,1000000000.0,0.0,74.31515465998018,0.0,0,0,0,0,0,0,0,0,0,0,,,,,,,,,,,,,,,,,,,,,,,,,,,,,,,,,,,,,,,,,,,,,,,,,,,,,,,,,,,,,,,,,,,,,,,,,,,,,,,,,,,,,,,,,,,,,,,,,,,,,,,,,,,,,,,,,,,,,,0,0,0,0,0,0,0,0,0,0,0,0,0,0,0,0,0,0,0,0
runs\lightning_completion\jigsaw-cora-clean-full-gcp-cpux8-v3\summary.csv,C:\Users\Swastik\Desktop\Jigsaw\runs\lightning_completion\jigsaw-cora-clean-full-gcp-cpux8-v3\results\prod_cora_clean_s20260608_q50_types_all_sizes20_50_100_filterall_component_b20_per_query.csv,cora,cora,20260608,cora,negative_structure,20,all,filterall_component,type_feat32,50,0,0,50,0,0,50,0,0,50,0,0.06440359782001906,0.06923233649990834,0.07086412854996524,20.1,21.0,19.78,992.6624684438368,1933.117695834204,2.92,0.146,1.0,1000000000.0,1000000000.0,1000000000.0,0.0,56.793544800002564,7.610053020016494,0,0,0,0,0,0,0,0,0,0,,,,,,,,,,,,,,,,,,,,,,,,,,,,,,,,,,,,,,,,,,,,,,,,,,,,,,,,,,,,,,,,,,,,,,,,,,,,,,,,,,,,,,,,,,,,,,,,,,,,,,,,,,,,,,,,,,,,,,0,0,0,0,0,0,0,0,0,0,0,0,0,0,0,0,0,0,0,0
runs\lightning_completion\jigsaw-cora-clean-full-gcp-cpux8-v3\summary.csv,C:\Users\Swastik\Desktop\Jigsaw\runs\lightning_completion\jigsaw-cora-clean-full-gcp-cpux8-v3\results\prod_cora_clean_s20260608_q50_types_all_sizes20_50_100_filterall_component_b20_per_query.csv,cora,cora,20260608,cora,negative_structure,50,all,filterall_component,type_feat32,50,0,0,50,0,0,50,0,0,50,0,0.07123408351998478,0.07854748149998159,0.08827617589984128,52.48,56.55,50.22,379.28781598765374,638.515371195572,4.8,0.24,1.0,1000000000.0,1000000000.0,1000000000.0,0.0,59.291172079974785,11.942911440009993,0,0,0,0,0,0,0,0,0,0,,,,,,,,,,,,,,,,,,,,,,,,,,,,,,,,,,,,,,,,,,,,,,,,,,,,,,,,,,,,,,,,,,,,,,,,,,,,,,,,,,,,,,,,,,,,,,,,,,,,,,,,,,,,,,,,,,,,,,0,0,0,0,0,0,0,0,0,0,0,0,0,0,0,0,0,0,0,0
runs\lightning_completion\jigsaw-cora-clean-full-gcp-cpux8-v3\summary.csv,C:\Users\Swastik\Desktop\Jigsaw\runs\lightning_completion\jigsaw-cora-clean-full-gcp-cpux8-v3\results\prod_cora_clean_s20260608_q50_types_all_sizes20_50_100_filterall_component_b20_per_query.csv,cora,cora,20260608,cora,negative_structure,100,all,filterall_component,type_feat32,50,0,0,50,0,0,50,0,0,50,0,0.08044420876000913,0.08783988100003626,0.09093184999999265,103.76,114.49999999999997,100.7,191.2139519089153,238.4999040762616,6.58,0.32899999999999996,1.0,1000000000.0,1000000000.0,1000000000.0,0.0,60.99776354001733,19.4464452199918,0,0,0,0,0,0,0,0,0,0,,,,,,,,,,,,,,,,,,,,,,,,,,,,,,,,,,,,,,,,,,,,,,,,,,,,,,,,,,,,,,,,,,,,,,,,,,,,,,,,,,,,,,,,,,,,,,,,,,,,,,,,,,,,,,,,,,,,,,0,0,0,0,0,0,0,0,0,0,0,0,0,0,0,0,0,0,0,0
corrected_connected_rerun::prod_cora_connected_mf_mc_s20260607_q50_types_multi_fine_multi_coarse_sizes20_50_100_filterall_component_b20_per_query.csv,runs/lightning_connected_reruns/jigsaw-cora-mf-mc-connected-gcp-cpux8-v3/results/prod_cora_connected_mf_mc_s20260607_q50_types_multi_fine_multi_coarse_sizes20_50_100_filterall_component_b20_per_query.csv,cora,cora,20260607,cora,multi_coarse,100,all,filterall_component,type_feat32,50,50,50,0,50,0,0,0,0,50,0,0.0680890044600119,0.06290616349997435,0.11225595040004915,104.2,109.55,100.78,190.30220145968187,290.37439931900195,3.84,0.192,1.0,1000000000.0,1000000000.0,1000000000.0,0.0,49.64099780000879,18.448006660003102,0,0,0,50,0,0,0,0,0,0,,,,,,,,,,,,,,,,,,,,,,,,,,,,,,,,,,,,,,,,,,,,,,,,,,,,,,,,,,,,,,,,,,,,,,,,,,,,,,,,,,,,,,,,,,,,,,,,,,,,,,,,,,,,,,,,,,,,,,0,0,0,0,0,0,50,50,0,50,0,50,0,50,0,50,0,50,0,50
corrected_connected_rerun::prod_cora_connected_mf_mc_s20260607_q50_types_multi_fine_multi_coarse_sizes20_50_100_filterall_component_b20_per_query.csv,runs/lightning_connected_reruns/jigsaw-cora-mf-mc-connected-gcp-cpux8-v3/results/prod_cora_connected_mf_mc_s20260607_q50_types_multi_fine_multi_coarse_sizes20_50_100_filterall_component_b20_per_query.csv,cora,cora,20260607,cora,multi_coarse,20,all,filterall_component,type_feat32,50,50,50,0,50,0,0,0,0,50,0,0.05104536986000085,0.04623164949992997,0.08731748344999346,20.96,23.0,20.4,946.8970454921889,2352.015196936125,3.32,0.166,1.0,1000000000.0,1000000000.0,1000000000.0,0.0,44.44010852000247,6.605261339998378,0,0,0,50,0,0,0,0,0,0,,,,,,,,,,,,,,,,,,,,,,,,,,,,,,,,,,,,,,,,,,,,,,,,,,,,,,,,,,,,,,,,,,,,,,,,,,,,,,,,,,,,,,,,,,,,,,,,,,,,,,,,,,,,,,,,,,,,,,0,0,0,0,0,0,50,50,0,50,0,50,0,50,0,50,0,50,0,50
corrected_connected_rerun::prod_cora_connected_mf_mc_s20260607_q50_types_multi_fine_multi_coarse_sizes20_50_100_filterall_component_b20_per_query.csv,runs/lightning_connected_reruns/jigsaw-cora-mf-mc-connected-gcp-cpux8-v3/results/prod_cora_connected_mf_mc_s20260607_q50_types_multi_fine_multi_coarse_sizes20_50_100_filterall_component_b20_per_query.csv,cora,cora,20260607,cora,multi_coarse,50,all,filterall_component,type_feat32,50,50,50,0,50,0,0,0,0,50,0,0.05760136634000219,0.05232512949999091,0.09676885899995681,51.42,56.0,50.68,385.48520307968886,677.3911418265893,3.5,0.175,1.0,1000000000.0,1000000000.0,1000000000.0,0.0,47.01953614000786,10.581830199994329,0,0,0,50,0,0,0,0,0,0,,,,,,,,,,,,,,,,,,,,,,,,,,,,,,,,,,,,,,,,,,,,,,,,,,,,,,,,,,,,,,,,,,,,,,,,,,,,,,,,,,,,,,,,,,,,,,,,,,,,,,,,,,,,,,,,,,,,,,0,0,0,0,0,0,50,50,0,50,0,50,0,50,0,50,0,50,0,50
corrected_connected_rerun::prod_cora_connected_mf_mc_s20260607_q50_types_multi_fine_multi_coarse_sizes20_50_100_filterall_component_b20_per_query.csv,runs/lightning_connected_reruns/jigsaw-cora-mf-mc-connected-gcp-cpux8-v3/results/prod_cora_connected_mf_mc_s20260607_q50_types_multi_fine_multi_coarse_sizes20_50_100_filterall_component_b20_per_query.csv,cora,cora,20260607,cora,multi_fine,100,all,filterall_component,type_feat32,50,50,50,0,50,0,0,0,0,50,0,0.06659448799999154,0.06166264899991347,0.10287887034994578,103.66,118.59999999999997,100.64,191.52275424435868,252.08635576087195,1.0,0.05,1.0,1000000000.0,1000000000.0,1000000000.0,0.0,48.944825659998514,17.64966233999303,0,0,0,50,0,0,0,0,0,0,,,,,,,,,,,,,,,,,,,,,,,,,,,,,,,,,,,,,,,,,,,,,,,,,,,,,,,,,,,,,,,,,,,,,,,,,,,,,,,,,,,,,,,,,,,,,,,,,,,,,,,,,,,,,,,,,,,,,,0,0,0,0,0,0,50,50,0,50,0,50,0,50,0,50,0,50,0,50
corrected_connected_rerun::prod_cora_connected_mf_mc_s20260607_q50_types_multi_fine_multi_coarse_sizes20_50_100_filterall_component_b20_per_query.csv,runs/lightning_connected_reruns/jigsaw-cora-mf-mc-connected-gcp-cpux8-v3/results/prod_cora_connected_mf_mc_s20260607_q50_types_multi_fine_multi_coarse_sizes20_50_100_filterall_component_b20_per_query.csv,cora,cora,20260607,cora,multi_fine,20,all,filterall_component,type_feat32,50,50,50,0,50,0,0,0,0,50,0,0.048622343219994944,0.04530777549996401,0.06767407734995455,21.92,33.89999999999995,20.34,933.8559223524156,1962.596515798049,1.0,0.05,1.0,1000000000.0,1000000000.0,1000000000.0,0.0,42.39202263999914,6.230320579995805,0,0,0,50,0,0,0,0,0,0,,,,,,,,,,,,,,,,,,,,,,,,,,,,,,,,,,,,,,,,,,,,,,,,,,,,,,,,,,,,,,,,,,,,,,,,,,,,,,,,,,,,,,,,,,,,,,,,,,,,,,,,,,,,,,,,,,,,,,0,0,0,0,0,0,50,50,0,50,0,50,0,50,0,50,0,50,0,50
corrected_connected_rerun::prod_cora_connected_mf_mc_s20260607_q50_types_multi_fine_multi_coarse_sizes20_50_100_filterall_component_b20_per_query.csv,runs/lightning_connected_reruns/jigsaw-cora-mf-mc-connected-gcp-cpux8-v3/results/prod_cora_connected_mf_mc_s20260607_q50_types_multi_fine_multi_coarse_sizes20_50_100_filterall_component_b20_per_query.csv,cora,cora,20260607,cora,multi_fine,50,all,filterall_component,type_feat32,50,50,50,0,50,0,0,0,0,50,0,0.056889649140014174,0.05202326500000254,0.0924859985000296,51.52,55.0,50.48,384.58356343785925,600.4480521334957,1.0,0.05,1.0,1000000000.0,1000000000.0,1000000000.0,0.0,46.482313340009114,10.407335800005058,0,0,0,50,0,0,0,0,0,0,,,,,,,,,,,,,,,,,,,,,,,,,,,,,,,,,,,,,,,,,,,,,,,,,,,,,,,,,,,,,,,,,,,,,,,,,,,,,,,,,,,,,,,,,,,,,,,,,,,,,,,,,,,,,,,,,,,,,,0,0,0,0,0,0,50,50,0,50,0,50,0,50,0,50,0,50,0,50
corrected_connected_rerun::prod_cora_connected_mf_mc_s20260607_q50_types_multi_fine_multi_coarse_sizes20_50_100_mean_feature_component_b2_5_10_20_per_query.csv,runs/lightning_connected_reruns/jigsaw-cora-mf-mc-connected-gcp-cpux8-v3/results/prod_cora_connected_mf_mc_s20260607_q50_types_multi_fine_multi_coarse_sizes20_50_100_mean_feature_component_b2_5_10_20_per_query.csv,cora,cora,20260607,cora,multi_coarse,100,mean_feature,mean_feature_component,type_feat32,50,50,50,0,50,0,0,0,0,50,0,0.16570707452001443,0.13489474699991888,0.32590906955007315,6467.18,11465.15,100.78,193.3284368487397,103.52979160416608,3.84,0.55,0.693400447427293,8.0,16.0,17.0,0.38998847652014806,49.36721204027002,6.239188805372407,2,12,21,15,0,0,0,0,0,0,,,,,,,,,,,,,,,,,,,,,,,,,,,,,,,,,,,,,,,,,,,,,,,,,,,,,,,,,,,,,,,,,,,,,,,,,,,,,,,,,,,,,,,,,,,,,,,,,,,,,,,,,,,,,,,,,,,,,,2,2,12,14,21,35,15,50,0,50,0,50,0,50,0,50,0,50,0,50
corrected_connected_rerun::prod_cora_connected_mf_mc_s20260607_q50_types_multi_fine_multi_coarse_sizes20_50_100_mean_feature_component_b2_5_10_20_per_query.csv,runs/lightning_connected_reruns/jigsaw-cora-mf-mc-connected-gcp-cpux8-v3/results/prod_cora_connected_mf_mc_s20260607_q50_types_multi_fine_multi_coarse_sizes20_50_100_mean_feature_component_b2_5_10_20_per_query.csv,cora,cora,20260607,cora,multi_coarse,20,mean_feature,mean_feature_component,type_feat32,50,50,50,0,50,0,0,0,0,50,0,0.11372239858000284,0.10185991300005526,0.23356255389999206,5335.04,11275.0,20.4,964.4905749105966,895.7154607427542,3.32,0.5288321167883212,0.6982968369829684,7.0,13.0,17.0,0.33477383211351625,38.92979670802952,2.5747283211685965,2,19,19,10,0,0,0,0,0,0,,,,,,,,,,,,,,,,,,,,,,,,,,,,,,,,,,,,,,,,,,,,,,,,,,,,,,,,,,,,,,,,,,,,,,,,,,,,,,,,,,,,,,,,,,,,,,,,,,,,,,,,,,,,,,,,,,,,,,2,2,19,21,19,40,10,50,0,50,0,50,0,50,0,50,0,50,0,50
corrected_connected_rerun::prod_cora_connected_mf_mc_s20260607_q50_types_multi_fine_multi_coarse_sizes20_50_100_mean_feature_component_b2_5_10_20_per_query.csv,runs/lightning_connected_reruns/jigsaw-cora-mf-mc-connected-gcp-cpux8-v3/results/prod_cora_connected_mf_mc_s20260607_q50_types_multi_fine_multi_coarse_sizes20_50_100_mean_feature_component_b2_5_10_20_per_query.csv,cora,cora,20260607,cora,multi_coarse,50,mean_feature,mean_feature_component,type_feat32,50,50,50,0,50,0,0,0,0,50,0,0.12989285564002329,0.11687870749995,0.2413115334500503,6371.24,11424.0,50.68,387.0589305942898,236.7105376764131,3.5,0.5026845637583893,0.6957494407158837,7.0,12.549999999999997,13.509999999999998,0.3768250000031009,39.938933919468475,3.6492726711433674,1,13,22,14,0,0,0,0,0,0,,,,,,,,,,,,,,,,,,,,,,,,,,,,,,,,,,,,,,,,,,,,,,,,,,,,,,,,,,,,,,,,,,,,,,,,,,,,,,,,,,,,,,,,,,,,,,,,,,,,,,,,,,,,,,,,,,,,,,1,1,13,14,22,36,14,50,0,50,0,50,0,50,0,50,0,50,0,50
corrected_connected_rerun::prod_cora_connected_mf_mc_s20260607_q50_types_multi_fine_multi_coarse_sizes20_50_100_mean_feature_component_b2_5_10_20_per_query.csv,runs/lightning_connected_reruns/jigsaw-cora-mf-mc-connected-gcp-cpux8-v3/results/prod_cora_connected_mf_mc_s20260607_q50_types_multi_fine_multi_coarse_sizes20_50_100_mean_feature_component_b2_5_10_20_per_query.csv,cora,cora,20260607,cora,multi_fine,100,mean_feature,mean_feature_component,type_feat32,50,50,50,0,50,0,0,0,0,50,0,0.029461275559997377,0.028967207999983202,0.034768616499945885,101.02,103.55,100.6,195.98989713477712,252.94391628985835,1.0,0.5,1.0,1.0,1.0,1.0,0.37253401999805646,12.68937688000733,16.771898679990045,50,0,0,0,0,0,0,0,0,0,,,,,,,,,,,,,,,,,,,,,,,,,,,,,,,,,,,,,,,,,,,,,,,,,,,,,,,,,,,,,,,,,,,,,,,,,,,,,,,,,,,,,,,,,,,,,,,,,,,,,,,,,,,,,,,,,,,,,,50,50,0,50,0,50,0,50,0,50,0,50,0,50,0,50,0,50,0,50
corrected_connected_rerun::prod_cora_connected_mf_mc_s20260607_q50_types_multi_fine_multi_coarse_sizes20_50_100_mean_feature_component_b2_5_10_20_per_query.csv,runs/lightning_connected_reruns/jigsaw-cora-mf-mc-connected-gcp-cpux8-v3/results/prod_cora_connected_mf_mc_s20260607_q50_types_multi_fine_multi_coarse_sizes20_50_100_mean_feature_component_b2_5_10_20_per_query.csv,cora,cora,20260607,cora,multi_fine,20,mean_feature,mean_feature_component,type_feat32,50,50,50,0,50,0,0,0,0,50,0,0.014201400060012475,0.013657859000034023,0.016883300450018623,20.5,23.0,20.34,967.963129087541,1978.9689821644781,1.0,0.5,1.0,1.0,1.0,2.0,0.21495442000286857,8.008641980018183,6.192758079994292,50,0,0,0,0,0,0,0,0,0,,,,,,,,,,,,,,,,,,,,,,,,,,,,,,,,,,,,,,,,,,,,,,,,,,,,,,,,,,,,,,,,,,,,,,,,,,,,,,,,,,,,,,,,,,,,,,,,,,,,,,,,,,,,,,,,,,,,,,50,50,0,50,0,50,0,50,0,50,0,50,0,50,0,50,0,50,0,50
corrected_connected_rerun::prod_cora_connected_mf_mc_s20260607_q50_types_multi_fine_multi_coarse_sizes20_50_100_mean_feature_component_b2_5_10_20_per_query.csv,runs/lightning_connected_reruns/jigsaw-cora-mf-mc-connected-gcp-cpux8-v3/results/prod_cora_connected_mf_mc_s20260607_q50_types_multi_fine_multi_coarse_sizes20_50_100_mean_feature_component_b2_5_10_20_per_query.csv,cora,cora,20260607,cora,multi_fine,50,mean_feature,mean_feature_component,type_feat32,50,50,50,0,50,0,0,0,0,50,0,0.019302383840006314,0.01895174400004862,0.022279031399972376,50.7,54.0,50.48,390.697567770803,600.548274952712,1.0,0.5,1.0,1.0,1.0,1.0,0.26212258000896327,9.68496539999478,9.617418440011534,50,0,0,0,0,0,0,0,0,0,,,,,,,,,,,,,,,,,,,,,,,,,,,,,,,,,,,,,,,,,,,,,,,,,,,,,,,,,,,,,,,,,,,,,,,,,,,,,,,,,,,,,,,,,,,,,,,,,,,,,,,,,,,,,,,,,,,,,,50,50,0,50,0,50,0,50,0,50,0,50,0,50,0,50,0,50,0,50
corrected_connected_rerun::prod_cora_connected_mf_mc_s20260607_q50_types_multi_fine_multi_coarse_sizes20_50_100_mean_rrf_component_b2_5_10_20_per_query.csv,runs/lightning_connected_reruns/jigsaw-cora-mf-mc-connected-gcp-cpux8-v3/results/prod_cora_connected_mf_mc_s20260607_q50_types_multi_fine_multi_coarse_sizes20_50_100_mean_rrf_component_b2_5_10_20_per_query.csv,cora,cora,20260607,cora_jigsaw,multi_coarse,100,coarse_mean_rrf,mean_rrf_component,type_feat32,50,50,50,0,50,0,0,0,0,50,0,0.08698279827998476,0.07005525400006718,0.18996323660002182,3553.8,6823.2,100.78,194.12258074393338,137.27866644654122,3.84,0.8091743119266055,0.7611620795107034,4.0,8.0,13.079999999999984,7.8348980458849,32.03737276146721,7.862993422012042,3,36,10,1,0,0,0,0,0,0,,,,,,,,,,,,,,,,,,,,,,,,,,,,,,,,,,,,,,,,,,,,,,,,,,,,,,,,,,,,,,,,,,,,,,,,,,,,,,,,,,,,,,,,,,,,,,,,,,,,,,,,,,,,,,,,,,,,,,3,3,36,39,10,49,1,50,0,50,0,50,0,50,0,50,0,50,0,50
corrected_connected_rerun::prod_cora_connected_mf_mc_s20260607_q50_types_multi_fine_multi_coarse_sizes20_50_100_mean_rrf_component_b2_5_10_20_per_query.csv,runs/lightning_connected_reruns/jigsaw-cora-mf-mc-connected-gcp-cpux8-v3/results/prod_cora_connected_mf_mc_s20260607_q50_types_multi_fine_multi_coarse_sizes20_50_100_mean_rrf_component_b2_5_10_20_per_query.csv,cora,cora,20260607,cora_jigsaw,multi_coarse,20,coarse_mean_rrf,mean_rrf_component,type_feat32,50,50,50,0,50,0,0,0,0,50,0,0.054811738940002214,0.05198090199996841,0.09109799105005434,2771.06,4697.149999999992,20.4,967.1467783738001,1210.4090959367825,3.32,0.8009999999999999,0.7901666666666667,4.0,5.549999999999997,6.509999999999998,5.964720429994941,23.790226279998024,3.615643190003084,3,44,3,0,0,0,0,0,0,0,,,,,,,,,,,,,,,,,,,,,,,,,,,,,,,,,,,,,,,,,,,,,,,,,,,,,,,,,,,,,,,,,,,,,,,,,,,,,,,,,,,,,,,,,,,,,,,,,,,,,,,,,,,,,,,,,,,,,,3,3,44,47,3,50,0,50,0,50,0,50,0,50,0,50,0,50,0,50
corrected_connected_rerun::prod_cora_connected_mf_mc_s20260607_q50_types_multi_fine_multi_coarse_sizes20_50_100_mean_rrf_component_b2_5_10_20_per_query.csv,runs/lightning_connected_reruns/jigsaw-cora-mf-mc-connected-gcp-cpux8-v3/results/prod_cora_connected_mf_mc_s20260607_q50_types_multi_fine_multi_coarse_sizes20_50_100_mean_rrf_component_b2_5_10_20_per_query.csv,cora,cora,20260607,cora_jigsaw,multi_coarse,50,coarse_mean_rrf,mean_rrf_component,type_feat32,50,50,50,0,50,0,0,0,0,50,0,0.06836467491999883,0.05597025750000739,0.1350249073000498,3119.1,6662.049999999999,50.68,389.14724408255455,341.7662668312162,3.5,0.7855140186915888,0.7839563862928348,4.0,7.0,9.529999999999994,6.91829709345792,26.975421000007568,4.970688775692821,4,36,9,1,0,0,0,0,0,0,,,,,,,,,,,,,,,,,,,,,,,,,,,,,,,,,,,,,,,,,,,,,,,,,,,,,,,,,,,,,,,,,,,,,,,,,,,,,,,,,,,,,,,,,,,,,,,,,,,,,,,,,,,,,,,,,,,,,,4,4,36,40,9,49,1,50,0,50,0,50,0,50,0,50,0,50,0,50
corrected_connected_rerun::prod_cora_connected_mf_mc_s20260607_q50_types_multi_fine_multi_coarse_sizes20_50_100_mean_rrf_component_b2_5_10_20_per_query.csv,runs/lightning_connected_reruns/jigsaw-cora-mf-mc-connected-gcp-cpux8-v3/results/prod_cora_connected_mf_mc_s20260607_q50_types_multi_fine_multi_coarse_sizes20_50_100_mean_rrf_component_b2_5_10_20_per_query.csv,cora,cora,20260607,cora_jigsaw,multi_fine,100,coarse_mean_rrf,mean_rrf_component,type_feat32,50,50,50,0,50,0,0,0,0,50,0,0.029163915359995372,0.029107822000014494,0.030912790549905367,101.06,104.0,100.6,195.92273869007434,252.94391628985835,1.0,0.5,1.0,1.0,1.0,1.0,7.450632199993379,12.441720339998028,16.722195019997343,50,0,0,0,0,0,0,0,0,0,,,,,,,,,,,,,,,,,,,,,,,,,,,,,,,,,,,,,,,,,,,,,,,,,,,,,,,,,,,,,,,,,,,,,,,,,,,,,,,,,,,,,,,,,,,,,,,,,,,,,,,,,,,,,,,,,,,,,,50,50,0,50,0,50,0,50,0,50,0,50,0,50,0,50,0,50,0,50
corrected_connected_rerun::prod_cora_connected_mf_mc_s20260607_q50_types_multi_fine_multi_coarse_sizes20_50_100_mean_rrf_component_b2_5_10_20_per_query.csv,runs/lightning_connected_reruns/jigsaw-cora-mf-mc-connected-gcp-cpux8-v3/results/prod_cora_connected_mf_mc_s20260607_q50_types_multi_fine_multi_coarse_sizes20_50_100_mean_rrf_component_b2_5_10_20_per_query.csv,cora,cora,20260607,cora_jigsaw,multi_fine,20,coarse_mean_rrf,mean_rrf_component,type_feat32,50,50,50,0,50,0,0,0,0,50,0,0.017773982999992766,0.017316833499933182,0.026686576550008563,20.54,23.549999999999997,20.34,966.5381672016009,1978.9689821644781,1.0,0.5,1.0,1.0,1.0,1.509999999999998,6.563016219995461,10.145654199998262,7.628328799994506,50,0,0,0,0,0,0,0,0,0,,,,,,,,,,,,,,,,,,,,,,,,,,,,,,,,,,,,,,,,,,,,,,,,,,,,,,,,,,,,,,,,,,,,,,,,,,,,,,,,,,,,,,,,,,,,,,,,,,,,,,,,,,,,,,,,,,,,,,50,50,0,50,0,50,0,50,0,50,0,50,0,50,0,50,0,50,0,50
corrected_connected_rerun::prod_cora_connected_mf_mc_s20260607_q50_types_multi_fine_multi_coarse_sizes20_50_100_mean_rrf_component_b2_5_10_20_per_query.csv,runs/lightning_connected_reruns/jigsaw-cora-mf-mc-connected-gcp-cpux8-v3/results/prod_cora_connected_mf_mc_s20260607_q50_types_multi_fine_multi_coarse_sizes20_50_100_mean_rrf_component_b2_5_10_20_per_query.csv,cora,cora,20260607,cora_jigsaw,multi_fine,50,coarse_mean_rrf,mean_rrf_component,type_feat32,50,50,50,0,50,0,0,0,0,50,0,0.024028377280003496,0.021142364500065014,0.03712920199998848,50.68,54.0,50.48,390.84683624742433,600.548274952712,1.0,0.5,1.0,1.0,1.0,1.0,7.835013379992688,11.732717440002034,12.295659840001463,50,0,0,0,0,0,0,0,0,0,,,,,,,,,,,,,,,,,,,,,,,,,,,,,,,,,,,,,,,,,,,,,,,,,,,,,,,,,,,,,,,,,,,,,,,,,,,,,,,,,,,,,,,,,,,,,,,,,,,,,,,,,,,,,,,,,,,,,,50,50,0,50,0,50,0,50,0,50,0,50,0,50,0,50,0,50,0,50
corrected_connected_rerun::prod_cora_connected_mf_mc_s20260607_q50_types_multi_fine_multi_coarse_sizes20_50_100_neural_component_b2_5_10_20_per_query.csv,runs/lightning_connected_reruns/jigsaw-cora-mf-mc-connected-gcp-cpux8-v3/results/prod_cora_connected_mf_mc_s20260607_q50_types_multi_fine_multi_coarse_sizes20_50_100_neural_component_b2_5_10_20_per_query.csv,cora,cora,20260607,cora_jigsaw,multi_coarse,100,hybrid,neural_component,type_feat32,50,50,50,0,50,0,0,0,0,50,0,0.09234244603999286,0.07296147500005645,0.2171404435999533,3525.24,6946.0,100.78,194.40449128623825,139.99404746569962,3.84,0.8355140186915888,0.7735202492211838,4.0,9.099999999999994,13.529999999999994,9.33321133645167,34.25988271027814,8.890793009344693,5,35,8,2,0,0,0,0,0,0,,,,,,,,,,,,,,,,,,,,,,,,,,,,,,,,,,,,,,,,,,,,,,,,,,,,,,,,,,,,,,,,,,,,,,,,,,,,,,,,,,,,,,,,,,,,,,,,,,,,,,,,,,,,,,,,,,,,,,5,5,35,40,8,48,2,50,0,50,0,50,0,50,0,50,0,50,0,50
corrected_connected_rerun::prod_cora_connected_mf_mc_s20260607_q50_types_multi_fine_multi_coarse_sizes20_50_100_neural_component_b2_5_10_20_per_query.csv,runs/lightning_connected_reruns/jigsaw-cora-mf-mc-connected-gcp-cpux8-v3/results/prod_cora_connected_mf_mc_s20260607_q50_types_multi_fine_multi_coarse_sizes20_50_100_neural_component_b2_5_10_20_per_query.csv,cora,cora,20260607,cora_jigsaw,multi_coarse,20,hybrid,neural_component,type_feat32,50,50,50,0,50,0,0,0,0,50,0,0.049460999540002604,0.04864978000006204,0.09530396739999669,2266.66,3241.1,20.4,971.7625372670808,1395.8324410330713,3.32,0.8442708333333333,0.8085069444444444,3.0,5.549999999999997,10.54999999999999,5.995802781248116,22.124759572916375,3.636177687501648,8,39,2,1,0,0,0,0,0,0,,,,,,,,,,,,,,,,,,,,,,,,,,,,,,,,,,,,,,,,,,,,,,,,,,,,,,,,,,,,,,,,,,,,,,,,,,,,,,,,,,,,,,,,,,,,,,,,,,,,,,,,,,,,,,,,,,,,,,8,8,39,47,2,49,1,50,0,50,0,50,0,50,0,50,0,50,0,50
corrected_connected_rerun::prod_cora_connected_mf_mc_s20260607_q50_types_multi_fine_multi_coarse_sizes20_50_100_neural_component_b2_5_10_20_per_query.csv,runs/lightning_connected_reruns/jigsaw-cora-mf-mc-connected-gcp-cpux8-v3/results/prod_cora_connected_mf_mc_s20260607_q50_types_multi_fine_multi_coarse_sizes20_50_100_neural_component_b2_5_10_20_per_query.csv,cora,cora,20260607,cora_jigsaw,multi_coarse,50,hybrid,neural_component,type_feat32,50,50,50,0,50,0,0,0,0,50,0,0.06162915431999636,0.0572340794999775,0.11792299704999605,2853.04,6282.25,50.68,388.4531322655962,343.0957829052999,3.5,0.836,0.7903333333333333,3.0,7.0,8.019999999999996,7.013997599999016,25.22352818999707,5.591048970001111,5,40,5,0,0,0,0,0,0,0,,,,,,,,,,,,,,,,,,,,,,,,,,,,,,,,,,,,,,,,,,,,,,,,,,,,,,,,,,,,,,,,,,,,,,,,,,,,,,,,,,,,,,,,,,,,,,,,,,,,,,,,,,,,,,,,,,,,,,5,5,40,45,5,50,0,50,0,50,0,50,0,50,0,50,0,50,0,50
corrected_connected_rerun::prod_cora_connected_mf_mc_s20260607_q50_types_multi_fine_multi_coarse_sizes20_50_100_neural_component_b2_5_10_20_per_query.csv,runs/lightning_connected_reruns/jigsaw-cora-mf-mc-connected-gcp-cpux8-v3/results/prod_cora_connected_mf_mc_s20260607_q50_types_multi_fine_multi_coarse_sizes20_50_100_neural_component_b2_5_10_20_per_query.csv,cora,cora,20260607,cora_jigsaw,multi_fine,100,hybrid,neural_component,type_feat32,50,50,50,0,50,0,0,0,0,50,0,0.03282475383999213,0.03141417549997527,0.044676585000001975,101.08,104.0,100.6,195.88429075782253,252.94391628985835,1.0,0.5,1.0,1.0,1.0,1.0,9.650526120003633,13.769934839997404,19.054818999994723,50,0,0,0,0,0,0,0,0,0,,,,,,,,,,,,,,,,,,,,,,,,,,,,,,,,,,,,,,,,,,,,,,,,,,,,,,,,,,,,,,,,,,,,,,,,,,,,,,,,,,,,,,,,,,,,,,,,,,,,,,,,,,,,,,,,,,,,,,50,50,0,50,0,50,0,50,0,50,0,50,0,50,0,50,0,50,0,50
corrected_connected_rerun::prod_cora_connected_mf_mc_s20260607_q50_types_multi_fine_multi_coarse_sizes20_50_100_neural_component_b2_5_10_20_per_query.csv,runs/lightning_connected_reruns/jigsaw-cora-mf-mc-connected-gcp-cpux8-v3/results/prod_cora_connected_mf_mc_s20260607_q50_types_multi_fine_multi_coarse_sizes20_50_100_neural_component_b2_5_10_20_per_query.csv,cora,cora,20260607,cora_jigsaw,multi_fine,20,hybrid,neural_component,type_feat32,50,50,50,0,50,0,0,0,0,50,0,0.015567564999990964,0.014515754999990804,0.02080233444998214,20.5,23.0,20.34,968.0376368985704,1978.9689821644781,1.0,0.5,1.0,1.0,1.0,1.0,5.719229739999037,8.755975519998174,6.81158947999279,50,0,0,0,0,0,0,0,0,0,,,,,,,,,,,,,,,,,,,,,,,,,,,,,,,,,,,,,,,,,,,,,,,,,,,,,,,,,,,,,,,,,,,,,,,,,,,,,,,,,,,,,,,,,,,,,,,,,,,,,,,,,,,,,,,,,,,,,,50,50,0,50,0,50,0,50,0,50,0,50,0,50,0,50,0,50,0,50
corrected_connected_rerun::prod_cora_connected_mf_mc_s20260607_q50_types_multi_fine_multi_coarse_sizes20_50_100_neural_component_b2_5_10_20_per_query.csv,runs/lightning_connected_reruns/jigsaw-cora-mf-mc-connected-gcp-cpux8-v3/results/prod_cora_connected_mf_mc_s20260607_q50_types_multi_fine_multi_coarse_sizes20_50_100_neural_component_b2_5_10_20_per_query.csv,cora,cora,20260607,cora_jigsaw,multi_fine,50,hybrid,neural_component,type_feat32,50,50,50,0,50,0,0,0,0,50,0,0.020330240120007375,0.019419259999978067,0.027183388450038135,50.7,54.55,50.48,390.71061644209664,600.548274952712,1.0,0.5,1.0,1.0,1.0,1.0,6.337260600005266,10.061583780001229,10.268656340006146,50,0,0,0,0,0,0,0,0,0,,,,,,,,,,,,,,,,,,,,,,,,,,,,,,,,,,,,,,,,,,,,,,,,,,,,,,,,,,,,,,,,,,,,,,,,,,,,,,,,,,,,,,,,,,,,,,,,,,,,,,,,,,,,,,,,,,,,,,50,50,0,50,0,50,0,50,0,50,0,50,0,50,0,50,0,50,0,50
corrected_connected_rerun::prod_cora_connected_mf_mc_s20260607_q50_types_multi_fine_multi_coarse_sizes20_50_100_random_component_b2_5_10_20_per_query.csv,runs/lightning_connected_reruns/jigsaw-cora-mf-mc-connected-gcp-cpux8-v3/results/prod_cora_connected_mf_mc_s20260607_q50_types_multi_fine_multi_coarse_sizes20_50_100_random_component_b2_5_10_20_per_query.csv,cora,cora,20260607,cora,multi_coarse,100,random,random_component,type_feat32,50,50,50,0,50,0,0,0,0,50,0,0.2512295390999816,0.24679404949989703,0.33577937994996887,11232.36,11921.1,100.78,190.34062700811904,77.47732422331912,3.84,0.19948979591836735,0.467687074829932,1000000000.0,1000000000.0,1000000000.0,0.0,59.64813978060851,4.441028357141894,0,1,2,47,0,0,0,0,0,0,,,,,,,,,,,,,,,,,,,,,,,,,,,,,,,,,,,,,,,,,,,,,,,,,,,,,,,,,,,,,,,,,,,,,,,,,,,,,,,,,,,,,,,,,,,,,,,,,,,,,,,,,,,,,,,,,,,,,,0,0,1,1,2,3,47,50,0,50,0,50,0,50,0,50,0,50,0,50
corrected_connected_rerun::prod_cora_connected_mf_mc_s20260607_q50_types_multi_fine_multi_coarse_sizes20_50_100_random_component_b2_5_10_20_per_query.csv,runs/lightning_connected_reruns/jigsaw-cora-mf-mc-connected-gcp-cpux8-v3/results/prod_cora_connected_mf_mc_s20260607_q50_types_multi_fine_multi_coarse_sizes20_50_100_random_component_b2_5_10_20_per_query.csv,cora,cora,20260607,cora,multi_coarse,20,random,random_component,type_feat32,50,50,50,0,50,0,0,0,0,50,0,0.21374428287999309,0.2180110430000184,0.2935479898999858,10890.14,11872.45,20.4,946.8970454921889,609.6577803761533,3.32,0.1579896907216495,0.4218213058419244,1000000000.0,1000000000.0,1000000000.0,0.0,53.39232708247238,1.69640561855677,0,0,6,44,0,0,0,0,0,0,,,,,,,,,,,,,,,,,,,,,,,,,,,,,,,,,,,,,,,,,,,,,,,,,,,,,,,,,,,,,,,,,,,,,,,,,,,,,,,,,,,,,,,,,,,,,,,,,,,,,,,,,,,,,,,,,,,,,,0,0,0,0,6,6,44,50,0,50,0,50,0,50,0,50,0,50,0,50
corrected_connected_rerun::prod_cora_connected_mf_mc_s20260607_q50_types_multi_fine_multi_coarse_sizes20_50_100_random_component_b2_5_10_20_per_query.csv,runs/lightning_connected_reruns/jigsaw-cora-mf-mc-connected-gcp-cpux8-v3/results/prod_cora_connected_mf_mc_s20260607_q50_types_multi_fine_multi_coarse_sizes20_50_100_random_component_b2_5_10_20_per_query.csv,cora,cora,20260607,cora,multi_coarse,50,random,random_component,type_feat32,50,50,50,0,50,0,0,0,0,50,0,0.2459024506799926,0.23935266600000205,0.3194215675000578,11121.44,11859.95,50.68,386.64395293963287,179.66129823324312,3.5,0.18392857142857144,0.4607993197278911,1000000000.0,1000000000.0,1000000000.0,0.0,59.807443428568966,2.9227735816332325,0,1,2,47,0,0,0,0,0,0,,,,,,,,,,,,,,,,,,,,,,,,,,,,,,,,,,,,,,,,,,,,,,,,,,,,,,,,,,,,,,,,,,,,,,,,,,,,,,,,,,,,,,,,,,,,,,,,,,,,,,,,,,,,,,,,,,,,,,0,0,1,1,2,3,47,50,0,50,0,50,0,50,0,50,0,50,0,50
corrected_connected_rerun::prod_cora_connected_mf_mc_s20260607_q50_types_multi_fine_multi_coarse_sizes20_50_100_random_component_b2_5_10_20_per_query.csv,runs/lightning_connected_reruns/jigsaw-cora-mf-mc-connected-gcp-cpux8-v3/results/prod_cora_connected_mf_mc_s20260607_q50_types_multi_fine_multi_coarse_sizes20_50_100_random_component_b2_5_10_20_per_query.csv,cora,cora,20260607,cora,multi_fine,100,random,random_component,type_feat32,50,50,50,0,50,0,0,0,0,50,0,0.1692472171600116,0.1522271360000218,0.31947995145002894,7280.2,11927.75,100.6,193.25046342183256,87.94727750892578,1.0,0.05302013422818792,0.33557046979865773,1000000000.0,1000000000.0,1000000000.0,0.0,50.89157271141217,5.902795463088366,8,9,9,24,0,0,0,0,0,0,,,,,,,,,,,,,,,,,,,,,,,,,,,,,,,,,,,,,,,,,,,,,,,,,,,,,,,,,,,,,,,,,,,,,,,,,,,,,,,,,,,,,,,,,,,,,,,,,,,,,,,,,,,,,,,,,,,,,,8,8,9,17,9,26,24,50,0,50,0,50,0,50,0,50,0,50,0,50
corrected_connected_rerun::prod_cora_connected_mf_mc_s20260607_q50_types_multi_fine_multi_coarse_sizes20_50_100_random_component_b2_5_10_20_per_query.csv,runs/lightning_connected_reruns/jigsaw-cora-mf-mc-connected-gcp-cpux8-v3/results/prod_cora_connected_mf_mc_s20260607_q50_types_multi_fine_multi_coarse_sizes20_50_100_random_component_b2_5_10_20_per_query.csv,cora,cora,20260607,cora,multi_fine,20,random,random_component,type_feat32,50,50,50,0,50,0,0,0,0,50,0,0.17440217684000003,0.21199357949996056,0.29069053584999266,8540.54,11741.35,20.34,947.4306390630727,592.8589498175916,1.0,0.03353293413173653,0.2994011976047904,1000000000.0,1000000000.0,1000000000.0,0.0,50.254383407183965,1.9618372035944855,4,5,11,30,0,0,0,0,0,0,,,,,,,,,,,,,,,,,,,,,,,,,,,,,,,,,,,,,,,,,,,,,,,,,,,,,,,,,,,,,,,,,,,,,,,,,,,,,,,,,,,,,,,,,,,,,,,,,,,,,,,,,,,,,,,,,,,,,,4,4,5,9,11,20,30,50,0,50,0,50,0,50,0,50,0,50,0,50
corrected_connected_rerun::prod_cora_connected_mf_mc_s20260607_q50_types_multi_fine_multi_coarse_sizes20_50_100_random_component_b2_5_10_20_per_query.csv,runs/lightning_connected_reruns/jigsaw-cora-mf-mc-connected-gcp-cpux8-v3/results/prod_cora_connected_mf_mc_s20260607_q50_types_multi_fine_multi_coarse_sizes20_50_100_random_component_b2_5_10_20_per_query.csv,cora,cora,20260607,cora,multi_fine,50,random,random_component,type_feat32,50,50,50,0,50,0,0,0,0,50,0,0.18777363946000264,0.2209514990000514,0.2808538724499556,8683.84,11820.3,50.48,386.19461884134694,182.2568936526938,1.0,0.030059523809523807,0.2976190476190476,1000000000.0,1000000000.0,1000000000.0,0.0,52.55270889285887,3.332302851189541,2,7,12,29,0,0,0,0,0,0,,,,,,,,,,,,,,,,,,,,,,,,,,,,,,,,,,,,,,,,,,,,,,,,,,,,,,,,,,,,,,,,,,,,,,,,,,,,,,,,,,,,,,,,,,,,,,,,,,,,,,,,,,,,,,,,,,,,,,2,2,7,9,12,21,29,50,0,50,0,50,0,50,0,50,0,50,0,50
corrected_connected_rerun::prod_cora_connected_mf_mc_s20260607_q50_types_multi_fine_multi_coarse_sizes20_50_100_topo_feature_component_b2_5_10_20_per_query.csv,runs/lightning_connected_reruns/jigsaw-cora-mf-mc-connected-gcp-cpux8-v3/results/prod_cora_connected_mf_mc_s20260607_q50_types_multi_fine_multi_coarse_sizes20_50_100_topo_feature_component_b2_5_10_20_per_query.csv,cora,cora,20260607,cora,multi_coarse,100,topo_feature,topo_feature_component,type_feat32,50,50,50,0,50,0,0,0,0,50,0,0.2491030035999961,0.25312700899991114,0.28892294780007427,11271.1,11792.85,100.78,190.48914935758637,77.12538479596246,3.84,0.2048469387755102,0.47891156462585033,17.0,20.0,20.0,0.21080916326528792,59.142237617347675,4.404446974488064,0,0,4,46,0,0,0,0,0,0,,,,,,,,,,,,,,,,,,,,,,,,,,,,,,,,,,,,,,,,,,,,,,,,,,,,,,,,,,,,,,,,,,,,,,,,,,,,,,,,,,,,,,,,,,,,,,,,,,,,,,,,,,,,,,,,,,,,,,0,0,0,0,4,4,46,50,0,50,0,50,0,50,0,50,0,50,0,50
corrected_connected_rerun::prod_cora_connected_mf_mc_s20260607_q50_types_multi_fine_multi_coarse_sizes20_50_100_topo_feature_component_b2_5_10_20_per_query.csv,runs/lightning_connected_reruns/jigsaw-cora-mf-mc-connected-gcp-cpux8-v3/results/prod_cora_connected_mf_mc_s20260607_q50_types_multi_fine_multi_coarse_sizes20_50_100_topo_feature_component_b2_5_10_20_per_query.csv,cora,cora,20260607,cora,multi_coarse,20,topo_feature,topo_feature_component,type_feat32,50,50,50,0,50,0,0,0,0,50,0,0.209862341260025,0.22349597999993875,0.29618068600005354,10119.14,11580.25,20.4,953.75772473179,684.1619843717939,3.32,0.1723684210526316,0.4393859649122807,14.5,20.0,20.0,0.18881459999599765,53.462446473691365,1.7644854368415366,0,2,6,42,0,0,0,0,0,0,,,,,,,,,,,,,,,,,,,,,,,,,,,,,,,,,,,,,,,,,,,,,,,,,,,,,,,,,,,,,,,,,,,,,,,,,,,,,,,,,,,,,,,,,,,,,,,,,,,,,,,,,,,,,,,,,,,,,,0,0,2,2,6,8,42,50,0,50,0,50,0,50,0,50,0,50,0,50
corrected_connected_rerun::prod_cora_connected_mf_mc_s20260607_q50_types_multi_fine_multi_coarse_sizes20_50_100_topo_feature_component_b2_5_10_20_per_query.csv,runs/lightning_connected_reruns/jigsaw-cora-mf-mc-connected-gcp-cpux8-v3/results/prod_cora_connected_mf_mc_s20260607_q50_types_multi_fine_multi_coarse_sizes20_50_100_topo_feature_component_b2_5_10_20_per_query.csv,cora,cora,20260607,cora,multi_coarse,50,topo_feature,topo_feature_component,type_feat32,50,50,50,0,50,0,0,0,0,50,0,0.2446719120200032,0.24279749999999467,0.31921652460007977,10712.14,11684.75,50.68,387.79332646825407,188.5045648285018,3.5,0.18041237113402062,0.45257731958762887,17.0,20.0,20.0,0.26118654638298955,60.121273030929814,2.938498108246278,0,0,6,44,0,0,0,0,0,0,,,,,,,,,,,,,,,,,,,,,,,,,,,,,,,,,,,,,,,,,,,,,,,,,,,,,,,,,,,,,,,,,,,,,,,,,,,,,,,,,,,,,,,,,,,,,,,,,,,,,,,,,,,,,,,,,,,,,,0,0,0,0,6,6,44,50,0,50,0,50,0,50,0,50,0,50,0,50
corrected_connected_rerun::prod_cora_connected_mf_mc_s20260607_q50_types_multi_fine_multi_coarse_sizes20_50_100_topo_feature_component_b2_5_10_20_per_query.csv,runs/lightning_connected_reruns/jigsaw-cora-mf-mc-connected-gcp-cpux8-v3/results/prod_cora_connected_mf_mc_s20260607_q50_types_multi_fine_multi_coarse_sizes20_50_100_topo_feature_component_b2_5_10_20_per_query.csv,cora,cora,20260607,cora,multi_fine,100,topo_feature,topo_feature_component,type_feat32,50,50,50,0,50,0,0,0,0,50,0,0.175990715479993,0.22736481999999114,0.26523075205006985,7914.2,11805.5,100.64,193.99489203580376,84.12404397628976,1.0,0.043910256410256414,0.32051282051282054,10.5,17.0,17.0,0.19465573716942322,50.85893683974154,5.548343762820323,6,7,12,25,0,0,0,0,0,0,,,,,,,,,,,,,,,,,,,,,,,,,,,,,,,,,,,,,,,,,,,,,,,,,,,,,,,,,,,,,,,,,,,,,,,,,,,,,,,,,,,,,,,,,,,,,,,,,,,,,,,,,,,,,,,,,,,,,,6,6,7,13,12,25,25,50,0,50,0,50,0,50,0,50,0,50,0,50
corrected_connected_rerun::prod_cora_connected_mf_mc_s20260607_q50_types_multi_fine_multi_coarse_sizes20_50_100_topo_feature_component_b2_5_10_20_per_query.csv,runs/lightning_connected_reruns/jigsaw-cora-mf-mc-connected-gcp-cpux8-v3/results/prod_cora_connected_mf_mc_s20260607_q50_types_multi_fine_multi_coarse_sizes20_50_100_topo_feature_component_b2_5_10_20_per_query.csv,cora,cora,20260607,cora,multi_fine,20,topo_feature,topo_feature_component,type_feat32,50,50,50,0,50,0,0,0,0,50,0,0.15025124742000118,0.12891894150004646,0.28604689705001646,7117.24,11473.7,20.34,945.7466164400577,667.1715614919564,1.0,0.05168918918918919,0.33783783783783783,8.5,19.0,20.0,0.18876281756000615,48.424839121624956,2.335717439186246,7,9,13,21,0,0,0,0,0,0,,,,,,,,,,,,,,,,,,,,,,,,,,,,,,,,,,,,,,,,,,,,,,,,,,,,,,,,,,,,,,,,,,,,,,,,,,,,,,,,,,,,,,,,,,,,,,,,,,,,,,,,,,,,,,,,,,,,,,7,7,9,16,13,29,21,50,0,50,0,50,0,50,0,50,0,50,0,50
corrected_connected_rerun::prod_cora_connected_mf_mc_s20260607_q50_types_multi_fine_multi_coarse_sizes20_50_100_topo_feature_component_b2_5_10_20_per_query.csv,runs/lightning_connected_reruns/jigsaw-cora-mf-mc-connected-gcp-cpux8-v3/results/prod_cora_connected_mf_mc_s20260607_q50_types_multi_fine_multi_coarse_sizes20_50_100_topo_feature_component_b2_5_10_20_per_query.csv,cora,cora,20260607,cora,multi_fine,50,topo_feature,topo_feature_component,type_feat32,50,50,50,0,50,0,0,0,0,50,0,0.16814793287998556,0.16787450300000728,0.311702235449917,7611.32,11675.599999999999,50.48,386.98605556340254,199.33527434941303,1.0,0.04738562091503268,0.32679738562091504,10.0,20.0,20.0,0.20360686928181607,51.30703415685881,3.6432707058815605,7,6,14,23,0,0,0,0,0,0,,,,,,,,,,,,,,,,,,,,,,,,,,,,,,,,,,,,,,,,,,,,,,,,,,,,,,,,,,,,,,,,,,,,,,,,,,,,,,,,,,,,,,,,,,,,,,,,,,,,,,,,,,,,,,,,,,,,,,7,7,6,13,14,27,23,50,0,50,0,50,0,50,0,50,0,50,0,50
corrected_connected_rerun::prod_cora_connected_mf_mc_s20260608_q50_types_multi_fine_multi_coarse_sizes20_50_100_filterall_component_b20_per_query.csv,runs/lightning_connected_reruns/jigsaw-cora-mf-mc-connected-gcp-cpux8-v3/results/prod_cora_connected_mf_mc_s20260608_q50_types_multi_fine_multi_coarse_sizes20_50_100_filterall_component_b20_per_query.csv,cora,cora,20260608,cora,multi_coarse,100,all,filterall_component,type_feat32,50,50,50,0,50,0,0,0,0,50,0,0.06996419678000165,0.06076028499990116,0.11724236595008505,103.58,107.55,100.68,191.27962827673767,289.81782658892126,3.86,0.193,1.0,1000000000.0,1000000000.0,1000000000.0,0.0,51.03939007999543,18.92480670000623,0,0,0,50,0,0,0,0,0,0,,,,,,,,,,,,,,,,,,,,,,,,,,,,,,,,,,,,,,,,,,,,,,,,,,,,,,,,,,,,,,,,,,,,,,,,,,,,,,,,,,,,,,,,,,,,,,,,,,,,,,,,,,,,,,,,,,,,,,0,0,0,0,0,0,50,50,0,50,0,50,0,50,0,50,0,50,0,50
corrected_connected_rerun::prod_cora_connected_mf_mc_s20260608_q50_types_multi_fine_multi_coarse_sizes20_50_100_filterall_component_b20_per_query.csv,runs/lightning_connected_reruns/jigsaw-cora-mf-mc-connected-gcp-cpux8-v3/results/prod_cora_connected_mf_mc_s20260608_q50_types_multi_fine_multi_coarse_sizes20_50_100_filterall_component_b20_per_query.csv,cora,cora,20260608,cora,multi_coarse,20,all,filterall_component,type_feat32,50,50,50,0,50,0,0,0,0,50,0,0.055538024640027286,0.049631559499971445,0.08785624005004138,21.1,23.099999999999994,20.24,950.4367426696111,2325.845530267249,3.08,0.154,1.0,1000000000.0,1000000000.0,1000000000.0,0.0,47.81900622001558,7.719018420011707,0,0,0,50,0,0,0,0,0,0,,,,,,,,,,,,,,,,,,,,,,,,,,,,,,,,,,,,,,,,,,,,,,,,,,,,,,,,,,,,,,,,,,,,,,,,,,,,,,,,,,,,,,,,,,,,,,,,,,,,,,,,,,,,,,,,,,,,,,0,0,0,0,0,0,50,50,0,50,0,50,0,50,0,50,0,50,0,50
corrected_connected_rerun::prod_cora_connected_mf_mc_s20260608_q50_types_multi_fine_multi_coarse_sizes20_50_100_filterall_component_b20_per_query.csv,runs/lightning_connected_reruns/jigsaw-cora-mf-mc-connected-gcp-cpux8-v3/results/prod_cora_connected_mf_mc_s20260608_q50_types_multi_fine_multi_coarse_sizes20_50_100_filterall_component_b20_per_query.csv,cora,cora,20260608,cora,multi_coarse,50,all,filterall_component,type_feat32,50,50,50,0,50,0,0,0,0,50,0,0.06135142739997718,0.054429774999789515,0.09740222639978809,51.48,54.0,50.58,384.81338600995565,708.9361245989069,3.56,0.17800000000000002,1.0,1000000000.0,1000000000.0,1000000000.0,0.0,49.127529440002036,12.223897959975147,0,0,0,50,0,0,0,0,0,0,,,,,,,,,,,,,,,,,,,,,,,,,,,,,,,,,,,,,,,,,,,,,,,,,,,,,,,,,,,,,,,,,,,,,,,,,,,,,,,,,,,,,,,,,,,,,,,,,,,,,,,,,,,,,,,,,,,,,,0,0,0,0,0,0,50,50,0,50,0,50,0,50,0,50,0,50,0,50
corrected_connected_rerun::prod_cora_connected_mf_mc_s20260608_q50_types_multi_fine_multi_coarse_sizes20_50_100_filterall_component_b20_per_query.csv,runs/lightning_connected_reruns/jigsaw-cora-mf-mc-connected-gcp-cpux8-v3/results/prod_cora_connected_mf_mc_s20260608_q50_types_multi_fine_multi_coarse_sizes20_50_100_filterall_component_b20_per_query.csv,cora,cora,20260608,cora,multi_fine,100,all,filterall_component,type_feat32,50,50,50,0,50,0,0,0,0,50,0,0.06906185227999231,0.06171762949998083,0.11298328799998669,103.48,109.74999999999999,100.58,191.59355780405727,252.25060024302485,1.0,0.05,1.0,1000000000.0,1000000000.0,1000000000.0,0.0,49.9722285200005,19.08962375999181,0,0,0,50,0,0,0,0,0,0,,,,,,,,,,,,,,,,,,,,,,,,,,,,,,,,,,,,,,,,,,,,,,,,,,,,,,,,,,,,,,,,,,,,,,,,,,,,,,,,,,,,,,,,,,,,,,,,,,,,,,,,,,,,,,,,,,,,,,0,0,0,0,0,0,50,50,0,50,0,50,0,50,0,50,0,50,0,50
corrected_connected_rerun::prod_cora_connected_mf_mc_s20260608_q50_types_multi_fine_multi_coarse_sizes20_50_100_filterall_component_b20_per_query.csv,runs/lightning_connected_reruns/jigsaw-cora-mf-mc-connected-gcp-cpux8-v3/results/prod_cora_connected_mf_mc_s20260608_q50_types_multi_fine_multi_coarse_sizes20_50_100_filterall_component_b20_per_query.csv,cora,cora,20260608,cora,multi_fine,20,all,filterall_component,type_feat32,50,50,50,0,50,0,0,0,0,50,0,0.051275289860000156,0.044271360499919865,0.08621660900004144,21.94,33.449999999999946,20.26,931.6096281258344,1992.7032211967621,1.0,0.05,1.0,1000000000.0,1000000000.0,1000000000.0,0.0,44.531768440015185,6.7435214199849725,0,0,0,50,0,0,0,0,0,0,,,,,,,,,,,,,,,,,,,,,,,,,,,,,,,,,,,,,,,,,,,,,,,,,,,,,,,,,,,,,,,,,,,,,,,,,,,,,,,,,,,,,,,,,,,,,,,,,,,,,,,,,,,,,,,,,,,,,,0,0,0,0,0,0,50,50,0,50,0,50,0,50,0,50,0,50,0,50
corrected_connected_rerun::prod_cora_connected_mf_mc_s20260608_q50_types_multi_fine_multi_coarse_sizes20_50_100_filterall_component_b20_per_query.csv,runs/lightning_connected_reruns/jigsaw-cora-mf-mc-connected-gcp-cpux8-v3/results/prod_cora_connected_mf_mc_s20260608_q50_types_multi_fine_multi_coarse_sizes20_50_100_filterall_component_b20_per_query.csv,cora,cora,20260608,cora,multi_fine,50,all,filterall_component,type_feat32,50,50,50,0,50,0,0,0,0,50,0,0.0597913342800166,0.05329702499989253,0.08435257799993678,52.3,56.55,50.48,380.5581097028135,614.554229401036,1.0,0.05,1.0,1000000000.0,1000000000.0,1000000000.0,0.0,48.27025482002682,11.521079459989778,0,0,0,50,0,0,0,0,0,0,,,,,,,,,,,,,,,,,,,,,,,,,,,,,,,,,,,,,,,,,,,,,,,,,,,,,,,,,,,,,,,,,,,,,,,,,,,,,,,,,,,,,,,,,,,,,,,,,,,,,,,,,,,,,,,,,,,,,,0,0,0,0,0,0,50,50,0,50,0,50,0,50,0,50,0,50,0,50
corrected_connected_rerun::prod_cora_connected_mf_mc_s20260608_q50_types_multi_fine_multi_coarse_sizes20_50_100_mean_feature_component_b2_5_10_20_per_query.csv,runs/lightning_connected_reruns/jigsaw-cora-mf-mc-connected-gcp-cpux8-v3/results/prod_cora_connected_mf_mc_s20260608_q50_types_multi_fine_multi_coarse_sizes20_50_100_mean_feature_component_b2_5_10_20_per_query.csv,cora,cora,20260608,cora,multi_coarse,100,mean_feature,mean_feature_component,type_feat32,50,50,50,0,50,0,0,0,0,50,0,0.2202590826199912,0.19815030949985157,0.3994101440499661,6373.72,11534.0,100.68,193.55278399653344,104.05920015394398,3.86,0.5469387755102041,0.6943310657596372,7.0,15.549999999999997,18.509999999999998,0.4462098299348568,67.0865302516967,7.831525061225479,3,14,16,17,0,0,0,0,0,0,,,,,,,,,,,,,,,,,,,,,,,,,,,,,,,,,,,,,,,,,,,,,,,,,,,,,,,,,,,,,,,,,,,,,,,,,,,,,,,,,,,,,,,,,,,,,,,,,,,,,,,,,,,,,,,,,,,,,,3,3,14,17,16,33,17,50,0,50,0,50,0,50,0,50,0,50,0,50
corrected_connected_rerun::prod_cora_connected_mf_mc_s20260608_q50_types_multi_fine_multi_coarse_sizes20_50_100_mean_feature_component_b2_5_10_20_per_query.csv,runs/lightning_connected_reruns/jigsaw-cora-mf-mc-connected-gcp-cpux8-v3/results/prod_cora_connected_mf_mc_s20260608_q50_types_multi_fine_multi_coarse_sizes20_50_100_mean_feature_component_b2_5_10_20_per_query.csv,cora,cora,20260608,cora,multi_coarse,20,mean_feature,mean_feature_component,type_feat32,50,50,50,0,50,0,0,0,0,50,0,0.1528891266000005,0.15414139799997884,0.32928833905015154,5353.04,11198.199999999999,20.24,972.012628616997,885.9198834657317,3.08,0.4565693430656934,0.6767639902676399,6.5,17.099999999999994,19.0,0.31043264233096496,52.85263012408649,2.9463211897823087,3,18,18,11,0,0,0,0,0,0,,,,,,,,,,,,,,,,,,,,,,,,,,,,,,,,,,,,,,,,,,,,,,,,,,,,,,,,,,,,,,,,,,,,,,,,,,,,,,,,,,,,,,,,,,,,,,,,,,,,,,,,,,,,,,,,,,,,,,3,3,18,21,18,39,11,50,0,50,0,50,0,50,0,50,0,50,0,50
corrected_connected_rerun::prod_cora_connected_mf_mc_s20260608_q50_types_multi_fine_multi_coarse_sizes20_50_100_mean_feature_component_b2_5_10_20_per_query.csv,runs/lightning_connected_reruns/jigsaw-cora-mf-mc-connected-gcp-cpux8-v3/results/prod_cora_connected_mf_mc_s20260608_q50_types_multi_fine_multi_coarse_sizes20_50_100_mean_feature_component_b2_5_10_20_per_query.csv,cora,cora,20260608,cora,multi_coarse,50,mean_feature,mean_feature_component,type_feat32,50,50,50,0,50,0,0,0,0,50,0,0.17949444310001128,0.16288067049998745,0.35835155029997734,5787.32,11216.05,50.58,388.7614296327917,268.3516221553168,3.56,0.5256944444444445,0.6895833333333333,7.0,13.549999999999997,15.0,0.4066460138811105,57.622045159725126,4.702414250001002,1,17,19,13,0,0,0,0,0,0,,,,,,,,,,,,,,,,,,,,,,,,,,,,,,,,,,,,,,,,,,,,,,,,,,,,,,,,,,,,,,,,,,,,,,,,,,,,,,,,,,,,,,,,,,,,,,,,,,,,,,,,,,,,,,,,,,,,,,1,1,17,18,19,37,13,50,0,50,0,50,0,50,0,50,0,50,0,50
corrected_connected_rerun::prod_cora_connected_mf_mc_s20260608_q50_types_multi_fine_multi_coarse_sizes20_50_100_mean_feature_component_b2_5_10_20_per_query.csv,runs/lightning_connected_reruns/jigsaw-cora-mf-mc-connected-gcp-cpux8-v3/results/prod_cora_connected_mf_mc_s20260608_q50_types_multi_fine_multi_coarse_sizes20_50_100_mean_feature_component_b2_5_10_20_per_query.csv,cora,cora,20260608,cora,multi_fine,100,mean_feature,mean_feature_component,type_feat32,50,50,50,0,50,0,0,0,0,50,0,0.04078256982000084,0.040382716000067376,0.04557553899997515,101.02,103.55,100.58,195.9733596174742,252.57535889620445,1.0,0.5,1.0,1.0,1.0,1.0,0.4532547600069847,17.98489193999785,22.797677880002993,50,0,0,0,0,0,0,0,0,0,,,,,,,,,,,,,,,,,,,,,,,,,,,,,,,,,,,,,,,,,,,,,,,,,,,,,,,,,,,,,,,,,,,,,,,,,,,,,,,,,,,,,,,,,,,,,,,,,,,,,,,,,,,,,,,,,,,,,,50,50,0,50,0,50,0,50,0,50,0,50,0,50,0,50,0,50,0,50
corrected_connected_rerun::prod_cora_connected_mf_mc_s20260608_q50_types_multi_fine_multi_coarse_sizes20_50_100_mean_feature_component_b2_5_10_20_per_query.csv,runs/lightning_connected_reruns/jigsaw-cora-mf-mc-connected-gcp-cpux8-v3/results/prod_cora_connected_mf_mc_s20260608_q50_types_multi_fine_multi_coarse_sizes20_50_100_mean_feature_component_b2_5_10_20_per_query.csv,cora,cora,20260608,cora,multi_fine,20,mean_feature,mean_feature_component,type_feat32,50,50,50,0,50,0,0,0,0,50,0,0.016935666459999082,0.015388924499916357,0.02320726605005348,20.44,22.549999999999997,20.26,969.9091554677207,2019.3892833949992,1.0,0.5,1.0,1.0,1.0,2.0,0.2306378200069048,9.918954359993677,7.016712100005407,50,0,0,0,0,0,0,0,0,0,,,,,,,,,,,,,,,,,,,,,,,,,,,,,,,,,,,,,,,,,,,,,,,,,,,,,,,,,,,,,,,,,,,,,,,,,,,,,,,,,,,,,,,,,,,,,,,,,,,,,,,,,,,,,,,,,,,,,,50,50,0,50,0,50,0,50,0,50,0,50,0,50,0,50,0,50,0,50
corrected_connected_rerun::prod_cora_connected_mf_mc_s20260608_q50_types_multi_fine_multi_coarse_sizes20_50_100_mean_feature_component_b2_5_10_20_per_query.csv,runs/lightning_connected_reruns/jigsaw-cora-mf-mc-connected-gcp-cpux8-v3/results/prod_cora_connected_mf_mc_s20260608_q50_types_multi_fine_multi_coarse_sizes20_50_100_mean_feature_component_b2_5_10_20_per_query.csv,cora,cora,20260608,cora,multi_fine,50,mean_feature,mean_feature_component,type_feat32,50,50,50,0,50,0,0,0,0,50,0,0.027902411420011503,0.027727823999953216,0.030808881950031265,50.76,54.0,50.48,390.19620494388664,616.6266106008688,1.0,0.5,1.0,1.0,1.0,1.0,0.40991358000837863,14.156608120001692,13.745803300009811,50,0,0,0,0,0,0,0,0,0,,,,,,,,,,,,,,,,,,,,,,,,,,,,,,,,,,,,,,,,,,,,,,,,,,,,,,,,,,,,,,,,,,,,,,,,,,,,,,,,,,,,,,,,,,,,,,,,,,,,,,,,,,,,,,,,,,,,,,50,50,0,50,0,50,0,50,0,50,0,50,0,50,0,50,0,50,0,50
corrected_connected_rerun::prod_cora_connected_mf_mc_s20260608_q50_types_multi_fine_multi_coarse_sizes20_50_100_mean_rrf_component_b2_5_10_20_per_query.csv,runs/lightning_connected_reruns/jigsaw-cora-mf-mc-connected-gcp-cpux8-v3/results/prod_cora_connected_mf_mc_s20260608_q50_types_multi_fine_multi_coarse_sizes20_50_100_mean_rrf_component_b2_5_10_20_per_query.csv,cora,cora,20260608,cora_jigsaw,multi_coarse,100,coarse_mean_rrf,mean_rrf_component,type_feat32,50,50,50,0,50,0,0,0,0,50,0,0.13509298464001632,0.1126452269999163,0.23695019550019653,3676.94,6649.7,100.68,194.77791507832706,135.80969729031375,3.86,0.7973214285714285,0.7619047619047619,5.0,9.099999999999994,10.0,10.537889357141442,49.50336541964617,10.806002723218253,5,28,17,0,0,0,0,0,0,0,,,,,,,,,,,,,,,,,,,,,,,,,,,,,,,,,,,,,,,,,,,,,,,,,,,,,,,,,,,,,,,,,,,,,,,,,,,,,,,,,,,,,,,,,,,,,,,,,,,,,,,,,,,,,,,,,,,,,,5,5,28,33,17,50,0,50,0,50,0,50,0,50,0,50,0,50,0,50
corrected_connected_rerun::prod_cora_connected_mf_mc_s20260608_q50_types_multi_fine_multi_coarse_sizes20_50_100_mean_rrf_component_b2_5_10_20_per_query.csv,runs/lightning_connected_reruns/jigsaw-cora-mf-mc-connected-gcp-cpux8-v3/results/prod_cora_connected_mf_mc_s20260608_q50_types_multi_fine_multi_coarse_sizes20_50_100_mean_rrf_component_b2_5_10_20_per_query.csv,cora,cora,20260608,cora_jigsaw,multi_coarse,20,coarse_mean_rrf,mean_rrf_component,type_feat32,50,50,50,0,50,0,0,0,0,50,0,0.07222132964000139,0.06803059199995687,0.16492918645000143,2676.18,6153.75,20.22,978.0533493962179,1214.1830959686665,3.08,0.7693877551020408,0.8018707482993197,3.5,6.0,8.509999999999998,5.7275583265399455,32.87000961224563,3.9776075510203834,9,34,7,0,0,0,0,0,0,0,,,,,,,,,,,,,,,,,,,,,,,,,,,,,,,,,,,,,,,,,,,,,,,,,,,,,,,,,,,,,,,,,,,,,,,,,,,,,,,,,,,,,,,,,,,,,,,,,,,,,,,,,,,,,,,,,,,,,,9,9,34,43,7,50,0,50,0,50,0,50,0,50,0,50,0,50,0,50
corrected_connected_rerun::prod_cora_connected_mf_mc_s20260608_q50_types_multi_fine_multi_coarse_sizes20_50_100_mean_rrf_component_b2_5_10_20_per_query.csv,runs/lightning_connected_reruns/jigsaw-cora-mf-mc-connected-gcp-cpux8-v3/results/prod_cora_connected_mf_mc_s20260608_q50_types_multi_fine_multi_coarse_sizes20_50_100_mean_rrf_component_b2_5_10_20_per_query.csv,cora,cora,20260608,cora_jigsaw,multi_coarse,50,coarse_mean_rrf,mean_rrf_component,type_feat32,50,50,50,0,50,0,0,0,0,50,0,0.08971824854002079,0.08128203150010904,0.1864918265001108,3106.26,6702.149999999999,50.58,389.11132890863337,348.222881186369,3.56,0.8106796116504854,0.7766990291262136,4.0,6.0,7.509999999999998,7.3431728543703425,37.289161854377184,6.263385980584371,5,37,8,0,0,0,0,0,0,0,,,,,,,,,,,,,,,,,,,,,,,,,,,,,,,,,,,,,,,,,,,,,,,,,,,,,,,,,,,,,,,,,,,,,,,,,,,,,,,,,,,,,,,,,,,,,,,,,,,,,,,,,,,,,,,,,,,,,,5,5,37,42,8,50,0,50,0,50,0,50,0,50,0,50,0,50,0,50
corrected_connected_rerun::prod_cora_connected_mf_mc_s20260608_q50_types_multi_fine_multi_coarse_sizes20_50_100_mean_rrf_component_b2_5_10_20_per_query.csv,runs/lightning_connected_reruns/jigsaw-cora-mf-mc-connected-gcp-cpux8-v3/results/prod_cora_connected_mf_mc_s20260608_q50_types_multi_fine_multi_coarse_sizes20_50_100_mean_rrf_component_b2_5_10_20_per_query.csv,cora,cora,20260608,cora_jigsaw,multi_fine,100,coarse_mean_rrf,mean_rrf_component,type_feat32,50,50,50,0,50,0,0,0,0,50,0,0.040011140220010476,0.040270736500019666,0.04161162755002579,101.16,104.55,100.58,195.71026452397203,252.57535889620445,1.0,0.5,1.0,1.0,1.0,1.0,9.826468599994769,17.652816540003187,22.358323680007288,50,0,0,0,0,0,0,0,0,0,,,,,,,,,,,,,,,,,,,,,,,,,,,,,,,,,,,,,,,,,,,,,,,,,,,,,,,,,,,,,,,,,,,,,,,,,,,,,,,,,,,,,,,,,,,,,,,,,,,,,,,,,,,,,,,,,,,,,,50,50,0,50,0,50,0,50,0,50,0,50,0,50,0,50,0,50,0,50
corrected_connected_rerun::prod_cora_connected_mf_mc_s20260608_q50_types_multi_fine_multi_coarse_sizes20_50_100_mean_rrf_component_b2_5_10_20_per_query.csv,runs/lightning_connected_reruns/jigsaw-cora-mf-mc-connected-gcp-cpux8-v3/results/prod_cora_connected_mf_mc_s20260608_q50_types_multi_fine_multi_coarse_sizes20_50_100_mean_rrf_component_b2_5_10_20_per_query.csv,cora,cora,20260608,cora_jigsaw,multi_fine,20,coarse_mean_rrf,mean_rrf_component,type_feat32,50,50,50,0,50,0,0,0,0,50,0,0.018801541379998524,0.01882147549997626,0.019819662550060003,20.48,23.0,20.26,968.8321450592885,2017.9313293720106,1.0,0.5,1.0,1.0,1.0,1.0,5.446285620016624,11.448150399999122,7.3533909799994035,50,0,0,0,0,0,0,0,0,0,,,,,,,,,,,,,,,,,,,,,,,,,,,,,,,,,,,,,,,,,,,,,,,,,,,,,,,,,,,,,,,,,,,,,,,,,,,,,,,,,,,,,,,,,,,,,,,,,,,,,,,,,,,,,,,,,,,,,,50,50,0,50,0,50,0,50,0,50,0,50,0,50,0,50,0,50,0,50
corrected_connected_rerun::prod_cora_connected_mf_mc_s20260608_q50_types_multi_fine_multi_coarse_sizes20_50_100_mean_rrf_component_b2_5_10_20_per_query.csv,runs/lightning_connected_reruns/jigsaw-cora-mf-mc-connected-gcp-cpux8-v3/results/prod_cora_connected_mf_mc_s20260608_q50_types_multi_fine_multi_coarse_sizes20_50_100_mean_rrf_component_b2_5_10_20_per_query.csv,cora,cora,20260608,cora_jigsaw,multi_fine,50,coarse_mean_rrf,mean_rrf_component,type_feat32,50,50,50,0,50,0,0,0,0,50,0,0.026398608159991,0.02635321549996661,0.0281580759999656,50.84,54.0,50.48,389.62134919639493,616.6266106008688,1.0,0.5,1.0,1.0,1.0,1.0,7.074865040019631,13.75068548000172,12.647922679989279,50,0,0,0,0,0,0,0,0,0,,,,,,,,,,,,,,,,,,,,,,,,,,,,,,,,,,,,,,,,,,,,,,,,,,,,,,,,,,,,,,,,,,,,,,,,,,,,,,,,,,,,,,,,,,,,,,,,,,,,,,,,,,,,,,,,,,,,,,50,50,0,50,0,50,0,50,0,50,0,50,0,50,0,50,0,50,0,50
corrected_connected_rerun::prod_cora_connected_mf_mc_s20260608_q50_types_multi_fine_multi_coarse_sizes20_50_100_neural_component_b2_5_10_20_per_query.csv,runs/lightning_connected_reruns/jigsaw-cora-mf-mc-connected-gcp-cpux8-v3/results/prod_cora_connected_mf_mc_s20260608_q50_types_multi_fine_multi_coarse_sizes20_50_100_neural_component_b2_5_10_20_per_query.csv,cora,cora,20260608,cora_jigsaw,multi_coarse,100,hybrid,neural_component,type_feat32,50,50,50,0,50,0,0,0,0,50,0,0.09602028280000469,0.07285410250000268,0.19503796420007108,3933.08,6911.75,100.68,194.03510431405735,132.5157871756592,3.86,0.8048672566371682,0.7700589970501475,4.5,10.0,11.019999999999996,7.6161031593033615,34.771340946903834,7.715509849558416,5,28,16,1,0,0,0,0,0,0,,,,,,,,,,,,,,,,,,,,,,,,,,,,,,,,,,,,,,,,,,,,,,,,,,,,,,,,,,,,,,,,,,,,,,,,,,,,,,,,,,,,,,,,,,,,,,,,,,,,,,,,,,,,,,,,,,,,,,5,5,28,33,16,49,1,50,0,50,0,50,0,50,0,50,0,50,0,50
corrected_connected_rerun::prod_cora_connected_mf_mc_s20260608_q50_types_multi_fine_multi_coarse_sizes20_50_100_neural_component_b2_5_10_20_per_query.csv,runs/lightning_connected_reruns/jigsaw-cora-mf-mc-connected-gcp-cpux8-v3/results/prod_cora_connected_mf_mc_s20260608_q50_types_multi_fine_multi_coarse_sizes20_50_100_neural_component_b2_5_10_20_per_query.csv,cora,cora,20260608,cora_jigsaw,multi_coarse,20,hybrid,neural_component,type_feat32,50,50,50,0,50,0,0,0,0,50,0,0.04502399857997488,0.046257055499950184,0.09536382494998745,1960.52,3205.8999999999996,20.22,977.3567013630916,1398.1407351463374,3.08,0.8625,0.8303030303030302,3.0,5.0,7.529999999999994,5.846863511362957,21.51207689771633,4.0697404772693995,14,34,2,0,0,0,0,0,0,0,,,,,,,,,,,,,,,,,,,,,,,,,,,,,,,,,,,,,,,,,,,,,,,,,,,,,,,,,,,,,,,,,,,,,,,,,,,,,,,,,,,,,,,,,,,,,,,,,,,,,,,,,,,,,,,,,,,,,,14,14,34,48,2,50,0,50,0,50,0,50,0,50,0,50,0,50,0,50
corrected_connected_rerun::prod_cora_connected_mf_mc_s20260608_q50_types_multi_fine_multi_coarse_sizes20_50_100_neural_component_b2_5_10_20_per_query.csv,runs/lightning_connected_reruns/jigsaw-cora-mf-mc-connected-gcp-cpux8-v3/results/prod_cora_connected_mf_mc_s20260608_q50_types_multi_fine_multi_coarse_sizes20_50_100_neural_component_b2_5_10_20_per_query.csv,cora,cora,20260608,cora_jigsaw,multi_coarse,50,hybrid,neural_component,type_feat32,50,50,50,0,50,0,0,0,0,50,0,0.06556760076000728,0.05746006400011083,0.13007336600007874,3065.18,6867.25,50.58,388.6801088650604,351.7783986360335,3.56,0.8333333333333334,0.7867647058823529,4.0,7.0,9.019999999999996,5.811058794124308,26.916184382355144,5.224796382354306,6,36,8,0,0,0,0,0,0,0,,,,,,,,,,,,,,,,,,,,,,,,,,,,,,,,,,,,,,,,,,,,,,,,,,,,,,,,,,,,,,,,,,,,,,,,,,,,,,,,,,,,,,,,,,,,,,,,,,,,,,,,,,,,,,,,,,,,,,6,6,36,42,8,50,0,50,0,50,0,50,0,50,0,50,0,50,0,50
corrected_connected_rerun::prod_cora_connected_mf_mc_s20260608_q50_types_multi_fine_multi_coarse_sizes20_50_100_neural_component_b2_5_10_20_per_query.csv,runs/lightning_connected_reruns/jigsaw-cora-mf-mc-connected-gcp-cpux8-v3/results/prod_cora_connected_mf_mc_s20260608_q50_types_multi_fine_multi_coarse_sizes20_50_100_neural_component_b2_5_10_20_per_query.csv,cora,cora,20260608,cora_jigsaw,multi_fine,100,hybrid,neural_component,type_feat32,50,50,50,0,50,0,0,0,0,50,0,0.03316537210001343,0.03066904200005638,0.05284144395000111,100.98,103.0,100.58,196.04959462649848,252.57535889620445,1.0,0.5,1.0,1.0,1.0,1.0,7.561249579975993,14.170449660016402,18.994922439997026,50,0,0,0,0,0,0,0,0,0,,,,,,,,,,,,,,,,,,,,,,,,,,,,,,,,,,,,,,,,,,,,,,,,,,,,,,,,,,,,,,,,,,,,,,,,,,,,,,,,,,,,,,,,,,,,,,,,,,,,,,,,,,,,,,,,,,,,,,50,50,0,50,0,50,0,50,0,50,0,50,0,50,0,50,0,50,0,50
corrected_connected_rerun::prod_cora_connected_mf_mc_s20260608_q50_types_multi_fine_multi_coarse_sizes20_50_100_neural_component_b2_5_10_20_per_query.csv,runs/lightning_connected_reruns/jigsaw-cora-mf-mc-connected-gcp-cpux8-v3/results/prod_cora_connected_mf_mc_s20260608_q50_types_multi_fine_multi_coarse_sizes20_50_100_neural_component_b2_5_10_20_per_query.csv,cora,cora,20260608,cora_jigsaw,multi_fine,20,hybrid,neural_component,type_feat32,50,50,50,0,50,0,0,0,0,50,0,0.015599607399983596,0.01467673799993463,0.021251987049976148,20.44,23.0,20.26,970.4918065499718,2019.3892833949992,1.0,0.5,1.0,1.0,1.0,1.0,5.554011039998841,8.958500419992106,6.641106979991491,50,0,0,0,0,0,0,0,0,0,,,,,,,,,,,,,,,,,,,,,,,,,,,,,,,,,,,,,,,,,,,,,,,,,,,,,,,,,,,,,,,,,,,,,,,,,,,,,,,,,,,,,,,,,,,,,,,,,,,,,,,,,,,,,,,,,,,,,,50,50,0,50,0,50,0,50,0,50,0,50,0,50,0,50,0,50,0,50
corrected_connected_rerun::prod_cora_connected_mf_mc_s20260608_q50_types_multi_fine_multi_coarse_sizes20_50_100_neural_component_b2_5_10_20_per_query.csv,runs/lightning_connected_reruns/jigsaw-cora-mf-mc-connected-gcp-cpux8-v3/results/prod_cora_connected_mf_mc_s20260608_q50_types_multi_fine_multi_coarse_sizes20_50_100_neural_component_b2_5_10_20_per_query.csv,cora,cora,20260608,cora_jigsaw,multi_fine,50,hybrid,neural_component,type_feat32,50,50,50,0,50,0,0,0,0,50,0,0.02386385455999516,0.02175949749994288,0.03432005550004078,50.78,54.0,50.48,390.0705090462533,616.6266106008688,1.0,0.5,1.0,1.0,1.0,1.0,6.374419059995944,11.85965113999373,12.004203420001431,50,0,0,0,0,0,0,0,0,0,,,,,,,,,,,,,,,,,,,,,,,,,,,,,,,,,,,,,,,,,,,,,,,,,,,,,,,,,,,,,,,,,,,,,,,,,,,,,,,,,,,,,,,,,,,,,,,,,,,,,,,,,,,,,,,,,,,,,,50,50,0,50,0,50,0,50,0,50,0,50,0,50,0,50,0,50,0,50
corrected_connected_rerun::prod_cora_connected_mf_mc_s20260608_q50_types_multi_fine_multi_coarse_sizes20_50_100_random_component_b2_5_10_20_per_query.csv,runs/lightning_connected_reruns/jigsaw-cora-mf-mc-connected-gcp-cpux8-v3/results/prod_cora_connected_mf_mc_s20260608_q50_types_multi_fine_multi_coarse_sizes20_50_100_random_component_b2_5_10_20_per_query.csv,cora,cora,20260608,cora,multi_coarse,100,random,random_component,type_feat32,50,50,50,0,50,0,0,0,0,50,0,0.2581061496800157,0.2508350540001061,0.34674952240002305,11231.06,11951.900000000001,100.68,191.39273197019887,77.33998680859618,3.86,0.20153061224489796,0.4614795918367347,1000000000.0,1000000000.0,1000000000.0,0.0,61.20354895408385,4.639856576532413,0,0,4,46,0,0,0,0,0,0,,,,,,,,,,,,,,,,,,,,,,,,,,,,,,,,,,,,,,,,,,,,,,,,,,,,,,,,,,,,,,,,,,,,,,,,,,,,,,,,,,,,,,,,,,,,,,,,,,,,,,,,,,,,,,,,,,,,,,0,0,0,0,4,4,46,50,0,50,0,50,0,50,0,50,0,50,0,50
corrected_connected_rerun::prod_cora_connected_mf_mc_s20260608_q50_types_multi_fine_multi_coarse_sizes20_50_100_random_component_b2_5_10_20_per_query.csv,runs/lightning_connected_reruns/jigsaw-cora-mf-mc-connected-gcp-cpux8-v3/results/prod_cora_connected_mf_mc_s20260608_q50_types_multi_fine_multi_coarse_sizes20_50_100_random_component_b2_5_10_20_per_query.csv,cora,cora,20260608,cora,multi_coarse,20,random,random_component,type_feat32,50,50,50,0,50,0,0,0,0,50,0,0.20780726745999345,0.21883294649995833,0.3012088334499367,10209.6,11826.3,20.24,962.7640600044501,644.2868842830936,3.08,0.16058201058201058,0.4396825396825397,1000000000.0,1000000000.0,1000000000.0,0.0,53.16882658729914,1.8066409947097166,0,3,5,42,0,0,0,0,0,0,,,,,,,,,,,,,,,,,,,,,,,,,,,,,,,,,,,,,,,,,,,,,,,,,,,,,,,,,,,,,,,,,,,,,,,,,,,,,,,,,,,,,,,,,,,,,,,,,,,,,,,,,,,,,,,,,,,,,,0,0,3,3,5,8,42,50,0,50,0,50,0,50,0,50,0,50,0,50
corrected_connected_rerun::prod_cora_connected_mf_mc_s20260608_q50_types_multi_fine_multi_coarse_sizes20_50_100_random_component_b2_5_10_20_per_query.csv,runs/lightning_connected_reruns/jigsaw-cora-mf-mc-connected-gcp-cpux8-v3/results/prod_cora_connected_mf_mc_s20260608_q50_types_multi_fine_multi_coarse_sizes20_50_100_random_component_b2_5_10_20_per_query.csv,cora,cora,20260608,cora,multi_coarse,50,random,random_component,type_feat32,50,50,50,0,50,0,0,0,0,50,0,0.24231297227998083,0.23893152600004441,0.309202483900043,11203.14,11945.25,50.58,385.11192296319854,184.16488759515636,3.56,0.1568877551020408,0.4364795918367347,1000000000.0,1000000000.0,1000000000.0,0.0,58.97720173979163,2.8373320051014392,0,0,4,46,0,0,0,0,0,0,,,,,,,,,,,,,,,,,,,,,,,,,,,,,,,,,,,,,,,,,,,,,,,,,,,,,,,,,,,,,,,,,,,,,,,,,,,,,,,,,,,,,,,,,,,,,,,,,,,,,,,,,,,,,,,,,,,,,,0,0,0,0,4,4,46,50,0,50,0,50,0,50,0,50,0,50,0,50
corrected_connected_rerun::prod_cora_connected_mf_mc_s20260608_q50_types_multi_fine_multi_coarse_sizes20_50_100_random_component_b2_5_10_20_per_query.csv,runs/lightning_connected_reruns/jigsaw-cora-mf-mc-connected-gcp-cpux8-v3/results/prod_cora_connected_mf_mc_s20260608_q50_types_multi_fine_multi_coarse_sizes20_50_100_random_component_b2_5_10_20_per_query.csv,cora,cora,20260608,cora,multi_fine,100,random,random_component,type_feat32,50,50,50,0,50,0,0,0,0,50,0,0.19184496203997697,0.2329674614999817,0.32503821199993577,8290.1,11912.95,100.58,193.68417570128787,80.87589777968452,1.0,0.035582822085889566,0.3067484662576687,1000000000.0,1000000000.0,1000000000.0,0.0,53.33713361963061,5.5110142453929924,4,5,15,26,0,0,0,0,0,0,,,,,,,,,,,,,,,,,,,,,,,,,,,,,,,,,,,,,,,,,,,,,,,,,,,,,,,,,,,,,,,,,,,,,,,,,,,,,,,,,,,,,,,,,,,,,,,,,,,,,,,,,,,,,,,,,,,,,,4,4,5,9,15,24,26,50,0,50,0,50,0,50,0,50,0,50,0,50
corrected_connected_rerun::prod_cora_connected_mf_mc_s20260608_q50_types_multi_fine_multi_coarse_sizes20_50_100_random_component_b2_5_10_20_per_query.csv,runs/lightning_connected_reruns/jigsaw-cora-mf-mc-connected-gcp-cpux8-v3/results/prod_cora_connected_mf_mc_s20260608_q50_types_multi_fine_multi_coarse_sizes20_50_100_random_component_b2_5_10_20_per_query.csv,cora,cora,20260608,cora,multi_fine,20,random,random_component,type_feat32,50,50,50,0,50,0,0,0,0,50,0,0.1700624517200049,0.21125049549993946,0.2860107499000947,8231.72,11539.35,20.26,950.9578071638507,630.0577675173697,1.0,0.03515151515151515,0.30303030303030304,1000000000.0,1000000000.0,1000000000.0,0.0,49.48333281212275,2.050743466666614,4,7,9,30,0,0,0,0,0,0,,,,,,,,,,,,,,,,,,,,,,,,,,,,,,,,,,,,,,,,,,,,,,,,,,,,,,,,,,,,,,,,,,,,,,,,,,,,,,,,,,,,,,,,,,,,,,,,,,,,,,,,,,,,,,,,,,,,,,4,4,7,11,9,20,30,50,0,50,0,50,0,50,0,50,0,50,0,50
corrected_connected_rerun::prod_cora_connected_mf_mc_s20260608_q50_types_multi_fine_multi_coarse_sizes20_50_100_random_component_b2_5_10_20_per_query.csv,runs/lightning_connected_reruns/jigsaw-cora-mf-mc-connected-gcp-cpux8-v3/results/prod_cora_connected_mf_mc_s20260608_q50_types_multi_fine_multi_coarse_sizes20_50_100_random_component_b2_5_10_20_per_query.csv,cora,cora,20260608,cora,multi_fine,50,random,random_component,type_feat32,50,50,50,0,50,0,0,0,0,50,0,0.20509769637998715,0.23427739549998705,0.3310155425000175,9236.26,11819.650000000001,50.48,381.6275755172379,179.11542678980712,1.0,0.02457142857142857,0.2857142857142857,1000000000.0,1000000000.0,1000000000.0,0.0,55.354918862853346,3.24442296000013,1,5,12,32,0,0,0,0,0,0,,,,,,,,,,,,,,,,,,,,,,,,,,,,,,,,,,,,,,,,,,,,,,,,,,,,,,,,,,,,,,,,,,,,,,,,,,,,,,,,,,,,,,,,,,,,,,,,,,,,,,,,,,,,,,,,,,,,,,1,1,5,6,12,18,32,50,0,50,0,50,0,50,0,50,0,50,0,50
corrected_connected_rerun::prod_cora_connected_mf_mc_s20260608_q50_types_multi_fine_multi_coarse_sizes20_50_100_topo_feature_component_b2_5_10_20_per_query.csv,runs/lightning_connected_reruns/jigsaw-cora-mf-mc-connected-gcp-cpux8-v3/results/prod_cora_connected_mf_mc_s20260608_q50_types_multi_fine_multi_coarse_sizes20_50_100_topo_feature_component_b2_5_10_20_per_query.csv,cora,cora,20260608,cora,multi_coarse,100,topo_feature,topo_feature_component,type_feat32,50,50,50,0,50,0,0,0,0,50,0,0.2781361369799902,0.26847098449979967,0.35187331854996273,11568.06,11796.45,100.68,191.38435314446255,75.84540414517544,3.86,0.1957286432160804,0.45343383584589614,18.0,20.0,20.0,0.21400082915309912,65.2580552864281,4.625396216081996,0,0,1,49,0,0,0,0,0,0,,,,,,,,,,,,,,,,,,,,,,,,,,,,,,,,,,,,,,,,,,,,,,,,,,,,,,,,,,,,,,,,,,,,,,,,,,,,,,,,,,,,,,,,,,,,,,,,,,,,,,,,,,,,,,,,,,,,,,0,0,0,0,1,1,49,50,0,50,0,50,0,50,0,50,0,50,0,50
corrected_connected_rerun::prod_cora_connected_mf_mc_s20260608_q50_types_multi_fine_multi_coarse_sizes20_50_100_topo_feature_component_b2_5_10_20_per_query.csv,runs/lightning_connected_reruns/jigsaw-cora-mf-mc-connected-gcp-cpux8-v3/results/prod_cora_connected_mf_mc_s20260608_q50_types_multi_fine_multi_coarse_sizes20_50_100_topo_feature_component_b2_5_10_20_per_query.csv,cora,cora,20260608,cora,multi_coarse,20,topo_feature,topo_feature_component,type_feat32,50,50,50,0,50,0,0,0,0,50,0,0.22683047842000634,0.23485094049993904,0.32887260500007187,10219.08,11616.8,20.24,966.5117169286854,655.0912590459159,3.08,0.17566137566137568,0.46022927689594356,15.0,20.0,20.0,0.21094700530428537,58.13856251322872,1.869500560847021,0,1,9,40,0,0,0,0,0,0,,,,,,,,,,,,,,,,,,,,,,,,,,,,,,,,,,,,,,,,,,,,,,,,,,,,,,,,,,,,,,,,,,,,,,,,,,,,,,,,,,,,,,,,,,,,,,,,,,,,,,,,,,,,,,,,,,,,,,0,0,1,1,9,10,40,50,0,50,0,50,0,50,0,50,0,50,0,50
corrected_connected_rerun::prod_cora_connected_mf_mc_s20260608_q50_types_multi_fine_multi_coarse_sizes20_50_100_topo_feature_component_b2_5_10_20_per_query.csv,runs/lightning_connected_reruns/jigsaw-cora-mf-mc-connected-gcp-cpux8-v3/results/prod_cora_connected_mf_mc_s20260608_q50_types_multi_fine_multi_coarse_sizes20_50_100_topo_feature_component_b2_5_10_20_per_query.csv,cora,cora,20260608,cora,multi_coarse,50,topo_feature,topo_feature_component,type_feat32,50,50,50,0,50,0,0,0,0,50,0,0.24215564473998938,0.2420673905000399,0.32387650599995366,10916.88,11729.65,50.58,385.7501743804762,189.34058259260433,3.56,0.20824742268041235,0.46675257731958764,16.5,20.0,20.0,0.22675988660389473,59.47001280927668,2.941235835050483,0,2,2,46,0,0,0,0,0,0,,,,,,,,,,,,,,,,,,,,,,,,,,,,,,,,,,,,,,,,,,,,,,,,,,,,,,,,,,,,,,,,,,,,,,,,,,,,,,,,,,,,,,,,,,,,,,,,,,,,,,,,,,,,,,,,,,,,,,0,0,2,2,2,4,46,50,0,50,0,50,0,50,0,50,0,50,0,50
corrected_connected_rerun::prod_cora_connected_mf_mc_s20260608_q50_types_multi_fine_multi_coarse_sizes20_50_100_topo_feature_component_b2_5_10_20_per_query.csv,runs/lightning_connected_reruns/jigsaw-cora-mf-mc-connected-gcp-cpux8-v3/results/prod_cora_connected_mf_mc_s20260608_q50_types_multi_fine_multi_coarse_sizes20_50_100_topo_feature_component_b2_5_10_20_per_query.csv,cora,cora,20260608,cora,multi_fine,100,topo_feature,topo_feature_component,type_feat32,50,50,50,0,50,0,0,0,0,50,0,0.18775983711997696,0.2032975239999928,0.3135316754999735,7858.26,11744.7,100.58,192.78251144900915,84.00451384530511,1.0,0.04326923076923077,0.32051282051282054,9.5,18.549999999999997,19.509999999999998,0.21126167949421124,54.17131832692016,6.008116647431431,6,5,16,23,0,0,0,0,0,0,,,,,,,,,,,,,,,,,,,,,,,,,,,,,,,,,,,,,,,,,,,,,,,,,,,,,,,,,,,,,,,,,,,,,,,,,,,,,,,,,,,,,,,,,,,,,,,,,,,,,,,,,,,,,,,,,,,,,,6,6,5,11,16,27,23,50,0,50,0,50,0,50,0,50,0,50,0,50
corrected_connected_rerun::prod_cora_connected_mf_mc_s20260608_q50_types_multi_fine_multi_coarse_sizes20_50_100_topo_feature_component_b2_5_10_20_per_query.csv,runs/lightning_connected_reruns/jigsaw-cora-mf-mc-connected-gcp-cpux8-v3/results/prod_cora_connected_mf_mc_s20260608_q50_types_multi_fine_multi_coarse_sizes20_50_100_topo_feature_component_b2_5_10_20_per_query.csv,cora,cora,20260608,cora,multi_fine,20,topo_feature,topo_feature_component,type_feat32,50,50,50,0,50,0,0,0,0,50,0,0.2066228657999841,0.17498647399986567,0.35659786500006585,7263.3,11553.3,20.26,944.3914682009843,664.205831208186,1.0,0.04304635761589404,0.33112582781456956,9.0,17.0,19.0,0.2226732980201427,65.73220661589072,2.6859608675477222,3,13,14,20,0,0,0,0,0,0,,,,,,,,,,,,,,,,,,,,,,,,,,,,,,,,,,,,,,,,,,,,,,,,,,,,,,,,,,,,,,,,,,,,,,,,,,,,,,,,,,,,,,,,,,,,,,,,,,,,,,,,,,,,,,,,,,,,,,3,3,13,16,14,30,20,50,0,50,0,50,0,50,0,50,0,50,0,50
corrected_connected_rerun::prod_cora_connected_mf_mc_s20260608_q50_types_multi_fine_multi_coarse_sizes20_50_100_topo_feature_component_b2_5_10_20_per_query.csv,runs/lightning_connected_reruns/jigsaw-cora-mf-mc-connected-gcp-cpux8-v3/results/prod_cora_connected_mf_mc_s20260608_q50_types_multi_fine_multi_coarse_sizes20_50_100_topo_feature_component_b2_5_10_20_per_query.csv,cora,cora,20260608,cora,multi_fine,50,topo_feature,topo_feature_component,type_feat32,50,50,50,0,50,0,0,0,0,50,0,0.17292904361999262,0.19540403949997653,0.2961495515001502,7965.0,11668.650000000001,50.48,385.0641320501334,198.01794012348438,1.0,0.040822784810126585,0.31645569620253167,10.0,19.549999999999997,20.0,0.1900220822919805,51.21944448101247,3.5049364113902652,5,7,13,25,0,0,0,0,0,0,,,,,,,,,,,,,,,,,,,,,,,,,,,,,,,,,,,,,,,,,,,,,,,,,,,,,,,,,,,,,,,,,,,,,,,,,,,,,,,,,,,,,,,,,,,,,,,,,,,,,,,,,,,,,,,,,,,,,,5,5,7,12,13,25,25,50,0,50,0,50,0,50,0,50,0,50,0,50
