source_file,file,dataset,dataset_guess,seed,model,query_type,target_query_size,method,method_label,signature,queries,solved,positive_queries,negative_queries,positive_solved,false_positives,correct_no_match,negative_timeouts,unknown_within_budget,contained,timeouts,avg_total_s,p50_total_s,p95_total_s,avg_candidate_nodes,p95_candidate_nodes,avg_component_solver_nodes,avg_node_reduction_factor,avg_edge_reduction_factor_diag,avg_true_parts,avg_precision_at_budget,avg_recall_at_budget,p50_max_true_rank,p95_max_true_rank,p99_max_true_rank,avg_retrieval_ms,avg_candidate_ms,avg_solver_ms,solved_at_2,solved_at_5,solved_at_10,solved_at_20,solved_at_50,solved_at_100,solved_at_200,solved_at_500,solved_at_1000,solved_at_2000,source_bundle,source_rows,solved_rate,positive_solved_rate,false_positive_rate,correct_no_match_rate,solved_total,unsolved,avg_solver_time_per_query,avg_candidate_time_per_query,avg_retrieval_time,avg_total_time_per_query,avg_pruned_nodes,avg_signature_nodes,avg_overlap_nodes,avg_candidate_node_fraction,hit_rows,avg_max_true_coarse_rank,impossible_rows,pruned_fullcov_rows,solver_timeouts,coarse_budget,fullcov,fullcov_rate,recall,avg_max_true_rank,variant,checkpoint,query_seed,budget,impossible,avg_true_coarse,max_true_coarse,wins,losses,exact_mcnemar_p,seed_k,seed_fullcov,avg_seed_recall,expanded_fullcov,avg_expanded_recall,fine_pool_fullcov,avg_fine_pool_recall,fine_fullcov_at_25,avg_fine_recall_at_25,fine_fullcov_at_50,avg_fine_recall_at_50,fine_fullcov_at_75,avg_fine_recall_at_75,fine_fullcov_at_100,avg_fine_recall_at_100,fine_fullcov_at_150,avg_fine_recall_at_150,fine_fullcov_at_200,avg_fine_recall_at_200,fine_fullcov_at_250,avg_fine_recall_at_250,fine_fullcov_at_300,avg_fine_recall_at_300,fine_fullcov_at_400,avg_fine_recall_at_400,fine_fullcov_at_625,avg_fine_recall_at_625,fine_fullcov_at_750,avg_fine_recall_at_750,impossible_at_budget,avg_true_coarse_count,max_true_coarse_count,avg_query_nodes,avg_retrieval_time_seconds,avg_fused_retrieval_time_seconds,avg_seed_precision,avg_expanded_precision,avg_prefix_precision_at_1,avg_prefix_norm_precision_at_1,avg_prefix_precision_at_2,avg_prefix_norm_precision_at_2,avg_prefix_precision_at_5,avg_prefix_norm_precision_at_5,avg_prefix_precision_at_10,avg_prefix_norm_precision_at_10,overlap1_node_fullcov,avg_overlap1_node_recall,avg_overlap1_candidate_nodes,avg_model_load_time_seconds,avg_faiss_build_time_seconds,avg_overlap1_metric_time_seconds,avg_signature_pruning_time_seconds,avg_sig_type_candidate_nodes,avg_sig_type_candidate_fraction,avg_sig_type_reduction_vs_overlap,avg_sig_type_degree_candidate_nodes,avg_sig_type_degree_candidate_fraction,avg_sig_type_degree_reduction_vs_overlap,avg_sig_type_rel_candidate_nodes,avg_sig_type_rel_candidate_fraction,avg_sig_type_rel_reduction_vs_overlap,avg_sig_type_feat8_candidate_nodes,avg_sig_type_feat8_candidate_fraction,avg_sig_type_feat8_reduction_vs_overlap,avg_sig_type_rel_feat8_candidate_nodes,avg_sig_type_rel_feat8_candidate_fraction,avg_sig_type_rel_feat8_reduction_vs_overlap,avg_sig_type_feat16_candidate_nodes,avg_sig_type_feat16_candidate_fraction,avg_sig_type_feat16_reduction_vs_overlap,avg_sig_type_rel_feat16_candidate_nodes,avg_sig_type_rel_feat16_candidate_fraction,avg_sig_type_rel_feat16_reduction_vs_overlap,avg_sig_type_feat32_candidate_nodes,avg_sig_type_feat32_candidate_fraction,avg_sig_type_feat32_reduction_vs_overlap,avg_sig_type_rel_feat32_candidate_nodes,avg_sig_type_rel_feat32_candidate_fraction,avg_sig_type_rel_feat32_reduction_vs_overlap,contained_rate,timeout_rate,first_solved_at_2,solved_by_2,first_solved_at_5,solved_by_5,first_solved_at_10,solved_by_10,first_solved_at_20,solved_by_20,first_solved_at_50,solved_by_50,first_solved_at_100,solved_by_100,first_solved_at_200,solved_by_200,first_solved_at_500,solved_by_500,first_solved_at_1000,solved_by_1000,first_solved_at_2000,solved_by_2000,query_pruning_source
runs\lightning_mag_full\gcp_cpux8_w1_v3_neural_seed1_verify_final\summary.csv,runs\lightning_mag_full\gcp_cpux8_w1_v3_neural_seed1_verify_final\results\prod_mag_rgcn_seed7202_s20260607_q50_types_all_sizes20_50_100_neural_component_b20_50_100_200_500_1000_per_query.csv,mag,mag,20260607,mag_rgcn_best,single,20,hybrid,neural_component,type_rel_feat32,50,50,50,0,50,0,0,0,0,47,0,2.7061759637200087,0.35335697900006835,10.299163671849811,53125.8,288510.9,79.64,2675.064926649048,1126489.208790852,1.0,0.015311320754716981,0.44339622641509435,18.5,389.2499999999997,990.9099999999991,18.233183018885097,1269.519752698117,6.978343396226892,0,0,0,29,6,3,5,6,1,0,,,,,,,,,,,,,,,,,,,,,,,,,,,,,,,,,,,,,,,,,,,,,,,,,,,,,,,,,,,,,,,,,,,,,,,,,,,,,,,,,,,,,,,,,,,,,,,,,,,,,,,,,,,,,,,,,,,,,,0,0,0,0,0,0,29,29,6,35,3,38,5,43,6,49,1,50,0,50,legacy_planted_id_v0_audited_equivalent_to_query_payload_v1
runs\lightning_mag_full\gcp_cpux8_w1_v3_neural_seed1_verify_final\summary.csv,runs\lightning_mag_full\gcp_cpux8_w1_v3_neural_seed1_verify_final\results\prod_mag_rgcn_seed7202_s20260607_q50_types_all_sizes20_50_100_neural_component_b20_50_100_200_500_1000_per_query.csv,mag,mag,20260607,mag_rgcn_best,single,50,hybrid,neural_component,type_rel_feat32,50,50,50,0,50,0,0,0,0,48,0,2.0950845704800303,0.31708714649994363,10.038516074800555,40459.48,237861.44999999966,139.48,1927.5913953808067,1133903.4209987472,1.0,0.01864130434782609,0.5108695652173914,8.0,214.94999999999982,883.1399999999979,23.054831728260346,1123.1337299891493,15.499188749997657,0,0,0,33,6,2,4,5,0,0,,,,,,,,,,,,,,,,,,,,,,,,,,,,,,,,,,,,,,,,,,,,,,,,,,,,,,,,,,,,,,,,,,,,,,,,,,,,,,,,,,,,,,,,,,,,,,,,,,,,,,,,,,,,,,,,,,,,,,0,0,0,0,0,0,33,33,6,39,2,41,4,45,5,50,0,50,0,50,legacy_planted_id_v0_audited_equivalent_to_query_payload_v1
runs\lightning_mag_full\gcp_cpux8_w1_v3_neural_seed1_verify_final\summary.csv,runs\lightning_mag_full\gcp_cpux8_w1_v3_neural_seed1_verify_final\results\prod_mag_rgcn_seed7202_s20260607_q50_types_all_sizes20_50_100_neural_component_b20_50_100_200_500_1000_per_query.csv,mag,mag,20260607,mag_rgcn_best,single,100,hybrid,neural_component,type_rel_feat32,50,50,50,0,50,0,0,0,0,50,0,1.569688716280043,0.33427727099979165,6.918909562550651,37836.1,220740.69999999978,203.32,695.7637659580848,470297.0558086024,1.0,0.026641025641025644,0.6410256410256411,6.0,104.7999999999999,529.349999999999,25.240377038425066,981.8917221410595,24.31899342307075,0,0,0,40,2,1,5,1,1,0,,,,,,,,,,,,,,,,,,,,,,,,,,,,,,,,,,,,,,,,,,,,,,,,,,,,,,,,,,,,,,,,,,,,,,,,,,,,,,,,,,,,,,,,,,,,,,,,,,,,,,,,,,,,,,,,,,,,,,0,0,0,0,0,0,40,40,2,42,1,43,5,48,1,49,1,50,0,50,legacy_planted_id_v0_audited_equivalent_to_query_payload_v1
corrected_connected_rerun::prod_mag_seed7202_s20260607_q50_types_multi_fine_multi_coarse_sizes20_50_100_neural_component_b20_50_100_200_500_1000_per_query.csv,C:\Users\Swastik\Desktop\Jigsaw\runs\lcr_mag_v3\results\prod_mag_seed7202_s20260607_q50_types_multi_fine_multi_coarse_sizes20_50_100_neural_component_b20_50_100_200_500_1000_per_query.csv,mag,mag,20260607,mag_rgcn_best,multi_fine,20,hybrid,neural_component,type_rel_feat32,50,50,50,0,50,0,0,0,0,50,0,1.9719130927599964,0.31666168249989823,10.091087699099894,33650.48,112627.04999999992,91.94,6955.802163420606,1386944.0403867946,1.0,0.022174418604651164,0.5813953488372093,8.0,215.99999999999983,433.4199999999993,18.95763876742358,1136.7854885930328,9.675611848825442,0,0,0,35,5,4,2,3,1,0,,,,,,,,,,,,,,,,,,,,,,,,,,,,,,,,,,,,,,,,,,,,,,,,,,,,,,,,,,,,,,,,,,,,,,,,,,,,,,,,,,,,,,,,,,,,,,,,,,,,,,,,,,,,,,,,,,,,,,0,0,0,0,0,0,35,35,5,40,4,44,2,46,3,49,1,50,0,50,legacy_planted_id_v0_audited_equivalent_to_query_payload_v1
corrected_connected_rerun::prod_mag_seed7202_s20260607_q50_types_multi_fine_multi_coarse_sizes20_50_100_neural_component_b20_50_100_200_500_1000_per_query.csv,C:\Users\Swastik\Desktop\Jigsaw\runs\lcr_mag_v3\results\prod_mag_seed7202_s20260607_q50_types_multi_fine_multi_coarse_sizes20_50_100_neural_component_b20_50_100_200_500_1000_per_query.csv,mag,mag,20260607,mag_rgcn_best,multi_fine,50,hybrid,neural_component,type_rel_feat32,50,50,50,0,50,0,0,0,0,50,0,0.8377771001200108,0.2907313189998604,3.977371737400243,15135.32,41457.749999999985,213.12,2185.6203094391367,185716.79316347354,1.0,0.03476190476190476,0.7777777777777778,4.5,66.55,157.0199999999998,20.742125809481387,627.3089424285712,37.59351798413581,0,0,0,43,3,2,2,0,0,0,,,,,,,,,,,,,,,,,,,,,,,,,,,,,,,,,,,,,,,,,,,,,,,,,,,,,,,,,,,,,,,,,,,,,,,,,,,,,,,,,,,,,,,,,,,,,,,,,,,,,,,,,,,,,,,,,,,,,,0,0,0,0,0,0,43,43,3,46,2,48,2,50,0,50,0,50,0,50,legacy_planted_id_v0_audited_equivalent_to_query_payload_v1
corrected_connected_rerun::prod_mag_seed7202_s20260607_q50_types_multi_fine_multi_coarse_sizes20_50_100_neural_component_b20_50_100_200_500_1000_per_query.csv,C:\Users\Swastik\Desktop\Jigsaw\runs\lcr_mag_v3\results\prod_mag_seed7202_s20260607_q50_types_multi_fine_multi_coarse_sizes20_50_100_neural_component_b20_50_100_200_500_1000_per_query.csv,mag,mag,20260607,mag_rgcn_best,multi_fine,100,hybrid,neural_component,type_rel_feat32,50,50,50,0,50,0,0,0,0,50,0,0.4742483058399921,0.31227894600010586,0.9548997061999647,14048.64,27413.299999999985,216.82,216.39348066359904,53859.635587261175,1.0,0.04490740740740741,0.9259259259259259,3.0,19.0,41.39999999999992,24.728511240726693,404.80498949999924,34.31381220369716,0,0,0,48,1,0,1,0,0,0,,,,,,,,,,,,,,,,,,,,,,,,,,,,,,,,,,,,,,,,,,,,,,,,,,,,,,,,,,,,,,,,,,,,,,,,,,,,,,,,,,,,,,,,,,,,,,,,,,,,,,,,,,,,,,,,,,,,,,0,0,0,0,0,0,48,48,1,49,0,49,1,50,0,50,0,50,0,50,legacy_planted_id_v0_audited_equivalent_to_query_payload_v1
runs\lightning_mag_full\gcp_cpux8_w1_v3_neural_seed1_verify_final\summary.csv,runs\lightning_mag_full\gcp_cpux8_w1_v3_neural_seed1_verify_final\results\prod_mag_rgcn_seed7202_s20260607_q50_types_all_sizes20_50_100_neural_component_b20_50_100_200_500_1000_per_query.csv,mag,mag,20260607,mag_rgcn_best,k_hop,20,hybrid,neural_component,type_rel_feat32,50,48,50,0,48,0,0,0,0,46,0,4.197413710499986,1.8285367834998851,13.59725730835002,63167.94,375300.19999999984,233.62,5334.151631581355,850750.2988972054,10.02,0.06344444444444444,0.3299496630215584,1100.0,1951.1,1990.02,18.90105764441951,1541.2335780518467,13.364092503703702,0,0,0,17,12,5,4,9,1,0,,,,,,,,,,,,,,,,,,,,,,,,,,,,,,,,,,,,,,,,,,,,,,,,,,,,,,,,,,,,,,,,,,,,,,,,,,,,,,,,,,,,,,,,,,,,,,,,,,,,,,,,,,,,,,,,,,,,,,0,0,0,0,0,0,17,17,12,29,5,34,4,38,9,47,1,48,0,48,legacy_planted_id_v0_audited_equivalent_to_query_payload_v1
runs\lightning_mag_full\gcp_cpux8_w1_v3_neural_seed1_verify_final\summary.csv,runs\lightning_mag_full\gcp_cpux8_w1_v3_neural_seed1_verify_final\results\prod_mag_rgcn_seed7202_s20260607_q50_types_all_sizes20_50_100_neural_component_b20_50_100_200_500_1000_per_query.csv,mag,mag,20260607,mag_rgcn_best,k_hop,50,hybrid,neural_component,type_rel_feat32,50,44,50,0,44,0,0,0,1,39,1,6.318691490000074,3.4724107024999284,15.997123891650062,159784.42,518847.1499999999,874.48,2612.4486829835746,643306.3652888065,28.64,0.07510909090909092,0.2222618974343416,1708.5,1995.1,1998.02,20.162186194102105,1764.931752563638,149.82324440608147,0,0,0,13,9,6,2,8,6,0,,,,,,,,,,,,,,,,,,,,,,,,,,,,,,,,,,,,,,,,,,,,,,,,,,,,,,,,,,,,,,,,,,,,,,,,,,,,,,,,,,,,,,,,,,,,,,,,,,,,,,,,,,,,,,,,,,,,,,0,0,0,0,0,0,13,13,9,22,6,28,2,30,8,38,6,44,0,44,legacy_planted_id_v0_audited_equivalent_to_query_payload_v1
runs\lightning_mag_full\gcp_cpux8_w1_v3_neural_seed1_verify_final\summary.csv,runs\lightning_mag_full\gcp_cpux8_w1_v3_neural_seed1_verify_final\results\prod_mag_rgcn_seed7202_s20260607_q50_types_all_sizes20_50_100_neural_component_b20_50_100_200_500_1000_per_query.csv,mag,mag,20260607,mag_rgcn_best,k_hop,100,hybrid,neural_component,type_rel_feat32,50,46,50,0,46,0,0,0,1,46,1,7.3775273233400185,6.315066089999618,16.530085468249215,137269.3,514212.25,714.18,1074.2803921642098,212241.11848419314,51.64,0.1446467391304348,0.2637552220725586,1832.0,1991.0,1996.55,24.38166812489924,1877.931135065212,126.83172453805385,0,0,0,11,5,2,12,9,7,0,,,,,,,,,,,,,,,,,,,,,,,,,,,,,,,,,,,,,,,,,,,,,,,,,,,,,,,,,,,,,,,,,,,,,,,,,,,,,,,,,,,,,,,,,,,,,,,,,,,,,,,,,,,,,,,,,,,,,,0,0,0,0,0,0,11,11,5,16,2,18,12,30,9,39,7,46,0,46,legacy_planted_id_v0_audited_equivalent_to_query_payload_v1
runs\lightning_mag_full\gcp_cpux8_w1_v3_neural_seed1_verify_final\summary.csv,runs\lightning_mag_full\gcp_cpux8_w1_v3_neural_seed1_verify_final\results\prod_mag_rgcn_seed7202_s20260607_q50_types_all_sizes20_50_100_neural_component_b20_50_100_200_500_1000_per_query.csv,mag,mag,20260607,mag_rgcn_best,degree_k_hop,20,hybrid,neural_component,type_rel_feat32,50,48,50,0,48,0,0,0,1,49,1,3.4733925919199917,1.4289669029997185,14.382733487399644,54100.4,280141.0,464.38,11804.990888600953,915559.9720376711,10.44,0.06859829059829059,0.3186181646965961,1154.5,1903.1999999999998,1946.08,19.162366264920735,1371.5801155384506,112.77569297436636,0,0,0,24,7,6,4,5,2,0,,,,,,,,,,,,,,,,,,,,,,,,,,,,,,,,,,,,,,,,,,,,,,,,,,,,,,,,,,,,,,,,,,,,,,,,,,,,,,,,,,,,,,,,,,,,,,,,,,,,,,,,,,,,,,,,,,,,,,0,0,0,0,0,0,24,24,7,31,6,37,4,41,5,46,2,48,0,48,legacy_planted_id_v0_audited_equivalent_to_query_payload_v1
runs\lightning_mag_full\gcp_cpux8_w1_v3_neural_seed1_verify_final\summary.csv,runs\lightning_mag_full\gcp_cpux8_w1_v3_neural_seed1_verify_final\results\prod_mag_rgcn_seed7202_s20260607_q50_types_all_sizes20_50_100_neural_component_b20_50_100_200_500_1000_per_query.csv,mag,mag,20260607,mag_rgcn_best,degree_k_hop,50,hybrid,neural_component,type_rel_feat32,50,45,50,0,45,0,0,0,3,44,3,5.470063383419959,3.723772332499834,16.21253267104995,83453.58,406957.09999999974,1040.14,2451.0137823452624,325700.1372739706,26.46,0.10841843971631206,0.26943244237887404,1678.0,1963.25,1988.06,22.199551269514934,1684.3916931134554,255.3470953333385,0,0,0,17,7,3,7,9,2,0,,,,,,,,,,,,,,,,,,,,,,,,,,,,,,,,,,,,,,,,,,,,,,,,,,,,,,,,,,,,,,,,,,,,,,,,,,,,,,,,,,,,,,,,,,,,,,,,,,,,,,,,,,,,,,,,,,,,,,0,0,0,0,0,0,17,17,7,24,3,27,7,34,9,43,2,45,0,45,legacy_planted_id_v0_audited_equivalent_to_query_payload_v1
runs\lightning_mag_full\gcp_cpux8_w1_v3_neural_seed1_verify_final\summary.csv,runs\lightning_mag_full\gcp_cpux8_w1_v3_neural_seed1_verify_final\results\prod_mag_rgcn_seed7202_s20260607_q50_types_all_sizes20_50_100_neural_component_b20_50_100_200_500_1000_per_query.csv,mag,mag,20260607,mag_rgcn_best,degree_k_hop,100,hybrid,neural_component,type_rel_feat32,50,41,50,0,41,0,0,0,4,44,4,8.440003397500023,4.1873877175003145,24.732148961149818,148894.0,549466.95,2173.74,1266.7335869710876,204250.5756057533,54.74,0.1618092485549133,0.2536845316741683,1898.5,1992.65,1998.53,26.872798271636704,1922.4934235664866,516.8139167514389,0,0,0,6,14,6,3,5,7,0,,,,,,,,,,,,,,,,,,,,,,,,,,,,,,,,,,,,,,,,,,,,,,,,,,,,,,,,,,,,,,,,,,,,,,,,,,,,,,,,,,,,,,,,,,,,,,,,,,,,,,,,,,,,,,,,,,,,,,0,0,0,0,0,0,6,6,14,20,6,26,3,29,5,34,7,41,0,41,legacy_planted_id_v0_audited_equivalent_to_query_payload_v1
runs\lightning_mag_full\gcp_cpux8_w1_v3_neural_seed1_verify_final\summary.csv,runs\lightning_mag_full\gcp_cpux8_w1_v3_neural_seed1_verify_final\results\prod_mag_rgcn_seed7202_s20260607_q50_types_all_sizes20_50_100_neural_component_b20_50_100_200_500_1000_per_query.csv,mag,mag,20260607,mag_rgcn_best,random_walk,20,hybrid,neural_component,type_rel_feat32,50,45,50,0,45,0,0,0,0,39,0,9.141141163720048,9.71196572899953,17.707076921400038,110867.6,401854.24999999994,235.54,7400.014108712697,814589.1673383191,12.32,0.053683962264150946,0.3907174479433373,1456.0,1907.4499999999998,1934.81,18.98643077827874,2145.592198254724,10.337321490570536,0,0,0,4,6,7,7,9,12,0,,,,,,,,,,,,,,,,,,,,,,,,,,,,,,,,,,,,,,,,,,,,,,,,,,,,,,,,,,,,,,,,,,,,,,,,,,,,,,,,,,,,,,,,,,,,,,,,,,,,,,,,,,,,,,,,,,,,,,0,0,0,0,0,0,4,4,6,10,7,17,7,24,9,33,12,45,0,45,legacy_planted_id_v0_audited_equivalent_to_query_payload_v1
runs\lightning_mag_full\gcp_cpux8_w1_v3_neural_seed1_verify_final\summary.csv,runs\lightning_mag_full\gcp_cpux8_w1_v3_neural_seed1_verify_final\results\prod_mag_rgcn_seed7202_s20260607_q50_types_all_sizes20_50_100_neural_component_b20_50_100_200_500_1000_per_query.csv,mag,mag,20260607,mag_rgcn_best,random_walk,50,hybrid,neural_component,type_rel_feat32,50,30,50,0,30,0,0,0,1,28,1,14.457553381519974,15.987506126502922,19.077644208550737,245342.14,512685.69999999995,1274.0,980.2615390660285,202583.48827741423,29.14,0.07015217391304349,0.3531537614714065,1772.5,1981.7,1997.06,20.317351811515266,2543.7856185217765,75.33637088401547,0,0,0,0,1,2,0,14,13,0,,,,,,,,,,,,,,,,,,,,,,,,,,,,,,,,,,,,,,,,,,,,,,,,,,,,,,,,,,,,,,,,,,,,,,,,,,,,,,,,,,,,,,,,,,,,,,,,,,,,,,,,,,,,,,,,,,,,,,0,0,0,0,0,0,0,0,1,1,2,3,0,3,14,17,13,30,0,30,legacy_planted_id_v0_audited_equivalent_to_query_payload_v1
runs\lightning_mag_full\gcp_cpux8_w1_v3_neural_seed1_verify_final\summary.csv,runs\lightning_mag_full\gcp_cpux8_w1_v3_neural_seed1_verify_final\results\prod_mag_rgcn_seed7202_s20260607_q50_types_all_sizes20_50_100_neural_component_b20_50_100_200_500_1000_per_query.csv,mag,mag,20260607,mag_rgcn_best,random_walk,100,hybrid,neural_component,type_rel_feat32,50,11,50,0,11,0,0,0,3,8,3,17.90601119881996,17.25997179849992,25.303985129050062,368715.76,559587.55,2567.98,454.5263697720165,92978.63478650321,58.56,0.09536026936026935,0.30744351435320905,1928.0,1995.6499999999999,1998.0,26.817216895670274,2804.319110363618,210.16088943772218,0,0,0,0,0,0,0,2,9,0,,,,,,,,,,,,,,,,,,,,,,,,,,,,,,,,,,,,,,,,,,,,,,,,,,,,,,,,,,,,,,,,,,,,,,,,,,,,,,,,,,,,,,,,,,,,,,,,,,,,,,,,,,,,,,,,,,,,,,0,0,0,0,0,0,0,0,0,0,0,0,0,0,2,2,9,11,0,11,legacy_planted_id_v0_audited_equivalent_to_query_payload_v1
corrected_connected_rerun::prod_mag_seed7202_s20260607_q50_types_multi_fine_multi_coarse_sizes20_50_100_neural_component_b20_50_100_200_500_1000_per_query.csv,C:\Users\Swastik\Desktop\Jigsaw\runs\lcr_mag_v3\results\prod_mag_seed7202_s20260607_q50_types_multi_fine_multi_coarse_sizes20_50_100_neural_component_b20_50_100_200_500_1000_per_query.csv,mag,mag,20260607,mag_rgcn_best,multi_coarse,20,hybrid,neural_component,type_rel_feat32,50,35,50,0,35,0,0,0,1,32,1,13.079811917040047,16.1607148399994,17.417397937650342,212741.5,474816.6499999997,356.5,2472.9800384662685,1571602.4658468005,4.26,0.013915384615384614,0.38724358974358974,974.5,1857.9499999999998,1915.1699999999998,18.064197357681714,2477.259572761549,38.08887282307558,0,0,0,1,1,1,5,14,13,0,,,,,,,,,,,,,,,,,,,,,,,,,,,,,,,,,,,,,,,,,,,,,,,,,,,,,,,,,,,,,,,,,,,,,,,,,,,,,,,,,,,,,,,,,,,,,,,,,,,,,,,,,,,,,,,,,,,,,,0,0,0,0,0,0,1,1,1,2,1,3,5,8,14,22,13,35,0,35,legacy_planted_id_v0_audited_equivalent_to_query_payload_v1
corrected_connected_rerun::prod_mag_seed7202_s20260607_q50_types_multi_fine_multi_coarse_sizes20_50_100_neural_component_b20_50_100_200_500_1000_per_query.csv,C:\Users\Swastik\Desktop\Jigsaw\runs\lcr_mag_v3\results\prod_mag_seed7202_s20260607_q50_types_multi_fine_multi_coarse_sizes20_50_100_neural_component_b20_50_100_200_500_1000_per_query.csv,mag,mag,20260607,mag_rgcn_best,multi_coarse,50,hybrid,neural_component,type_rel_feat32,50,36,50,0,36,0,0,0,0,34,1,13.291678737759975,15.730137422499865,18.393757257899637,335376.96,608826.25,513.22,262.88565962675847,404403.9794744951,4.16,0.016597744360902257,0.4482456140350877,639.0,1781.6499999999996,1921.9399999999998,20.90672271428342,2458.8609107857123,39.57494217668928,0,0,0,1,2,0,3,15,15,0,,,,,,,,,,,,,,,,,,,,,,,,,,,,,,,,,,,,,,,,,,,,,,,,,,,,,,,,,,,,,,,,,,,,,,,,,,,,,,,,,,,,,,,,,,,,,,,,,,,,,,,,,,,,,,,,,,,,,,0,0,0,0,0,0,1,1,2,3,0,3,3,6,15,21,15,36,0,36,legacy_planted_id_v0_audited_equivalent_to_query_payload_v1
corrected_connected_rerun::prod_mag_seed7202_s20260607_q50_types_multi_fine_multi_coarse_sizes20_50_100_neural_component_b20_50_100_200_500_1000_per_query.csv,C:\Users\Swastik\Desktop\Jigsaw\runs\lcr_mag_v3\results\prod_mag_seed7202_s20260607_q50_types_multi_fine_multi_coarse_sizes20_50_100_neural_component_b20_50_100_200_500_1000_per_query.csv,mag,mag,20260607,mag_rgcn_best,multi_coarse,100,hybrid,neural_component,type_rel_feat32,50,37,50,0,37,0,0,0,0,30,0,11.900390586439961,15.611739857999737,16.847155511500297,378823.74,649613.2,453.08,186.6521566129938,235629.56385222293,4.16,0.01950197628458498,0.48965744400527006,576.5,1569.249999999999,1833.1299999999997,25.362177300381667,2334.6380262213384,17.217820901183774,0,0,0,0,4,4,4,11,14,0,,,,,,,,,,,,,,,,,,,,,,,,,,,,,,,,,,,,,,,,,,,,,,,,,,,,,,,,,,,,,,,,,,,,,,,,,,,,,,,,,,,,,,,,,,,,,,,,,,,,,,,,,,,,,,,,,,,,,,0,0,0,0,0,0,0,0,4,4,4,8,4,12,11,23,14,37,0,37,legacy_planted_id_v0_audited_equivalent_to_query_payload_v1
/workspace/jigsaw_pkg/runs/noid_negative_mag_v3/results/prod_mag_pv1_s20260607_neg_neural_component_b20_50_100_200_500_1000_per_query.csv,/workspace/jigsaw_pkg/runs/noid_negative_mag_v3/results/prod_mag_pv1_s20260607_neg_neural_component_b20_50_100_200_500_1000_per_query.csv,mag,mag,20260607,mag_walkaware_best,negative_label,20,hybrid,neural_component,type_rel_feat32,50,0,0,50,0,0,50,0,0,10,0,8.828751451919906,8.783154793501126,10.0673434477007,190003.24,554441.7,0.0,9890.440111202239,680658.3980423171,10.54,0.03968666666666661,0.5262887387666801,1134.5,1978.75,1992.5700000000002,17.9410516399912,1471.4585753199844,0.0,0,0,0,0,0,0,0,0,0,0,query_payload_v1_negative_rerun_2026-08-01,50,0,,0,1,0,50,0,1.47145857532,0.01794105164,8.828751451919906,190003.24,,,,,,,,0,,,,,,,,,,,,,,,,,,,,,,,,,,,,,,,,,,,,,,,,,,,,,,,,,,,,,,,,,,,,,,,,,,,,,,,,,,,,,,,,,,,,,,,,,,,,,,,0.2,0,0,0,0,0,0,0,0,0,0,0,0,0,0,0,0,0,0,0,0,0,query_payload_v1
/workspace/jigsaw_pkg/runs/noid_negative_mag_v3/results/prod_mag_pv1_s20260607_neg_neural_component_b20_50_100_200_500_1000_per_query.csv,/workspace/jigsaw_pkg/runs/noid_negative_mag_v3/results/prod_mag_pv1_s20260607_neg_neural_component_b20_50_100_200_500_1000_per_query.csv,mag,mag,20260607,mag_walkaware_best,negative_label,50,hybrid,neural_component,type_rel_feat32,50,0,0,50,0,0,50,0,0,12,0,8.605029627460008,8.555964374499126,9.049254391298883,289472.26,574127.15,0.0,1881.3938131628422,408404.62514332496,23.94,0.09196666666666661,0.5231800244361895,1575.5,1991.5,1999.02,21.635079539992148,1434.171604576668,0.0,0,0,0,0,0,0,0,0,0,0,query_payload_v1_negative_rerun_2026-08-01,50,0,,0,1,0,50,0,1.43417160458,0.02163507954,8.605029627460008,289472.26,,,,,,,,0,,,,,,,,,,,,,,,,,,,,,,,,,,,,,,,,,,,,,,,,,,,,,,,,,,,,,,,,,,,,,,,,,,,,,,,,,,,,,,,,,,,,,,,,,,,,,,,0.24,0,0,0,0,0,0,0,0,0,0,0,0,0,0,0,0,0,0,0,0,0,query_payload_v1
/workspace/jigsaw_pkg/runs/noid_negative_mag_v3/results/prod_mag_pv1_s20260607_neg_neural_component_b20_50_100_200_500_1000_per_query.csv,/workspace/jigsaw_pkg/runs/noid_negative_mag_v3/results/prod_mag_pv1_s20260607_neg_neural_component_b20_50_100_200_500_1000_per_query.csv,mag,mag,20260607,mag_walkaware_best,negative_label,100,hybrid,neural_component,type_rel_feat32,50,0,0,50,0,0,50,0,0,9,0,8.781895958820023,8.733007286999964,9.20815654229914,349603.5,679431.5499999998,0.0,845.9496772458563,132380.18039059557,52.46,0.13631666666666656,0.4361286419104792,1814.5,1995.1,1997.02,27.53828185996099,1463.6493264700039,0.0,0,0,0,0,0,0,0,0,0,0,query_payload_v1_negative_rerun_2026-08-01,50,0,,0,1,0,50,0,1.46364932647,0.02753828186,8.781895958820023,349603.5,,,,,,,,0,,,,,,,,,,,,,,,,,,,,,,,,,,,,,,,,,,,,,,,,,,,,,,,,,,,,,,,,,,,,,,,,,,,,,,,,,,,,,,,,,,,,,,,,,,,,,,,0.18,0,0,0,0,0,0,0,0,0,0,0,0,0,0,0,0,0,0,0,0,0,query_payload_v1
/workspace/jigsaw_pkg/runs/noid_negative_mag_v3/results/prod_mag_pv1_s20260607_neg_neural_component_b20_50_100_200_500_1000_per_query.csv,/workspace/jigsaw_pkg/runs/noid_negative_mag_v3/results/prod_mag_pv1_s20260607_neg_neural_component_b20_50_100_200_500_1000_per_query.csv,mag,mag,20260607,mag_walkaware_best,negative_structure,20,hybrid,neural_component,type_rel_feat32,50,1,0,50,0,1,49,0,0,48,0,8.656195130779889,8.683204340999964,10.517797986350706,208021.1,508164.75,338.9,6983.8029824907835,765815.1759787045,11.24,0.05423569023569019,0.5753545737948584,1218.0,1959.9499999999998,1982.34,18.251464141444146,1444.9737607440904,12.298146794611096,0,0,0,0,0,1,0,0,0,0,query_payload_v1_negative_rerun_2026-08-01,50,0.02,,0.02,0.98,1,49,0.0122981467946,1.44497376074,0.0182514641414,8.656195130779889,208021.1,,,,,,,,0,,,,,,,,,,,,,,,,,,,,,,,,,,,,,,,,,,,,,,,,,,,,,,,,,,,,,,,,,,,,,,,,,,,,,,,,,,,,,,,,,,,,,,,,,,,,,,,0.96,0,0,0,0,0,0,0,0,0,0,0,1,1,0,1,0,1,0,1,0,1,query_payload_v1
/workspace/jigsaw_pkg/runs/noid_negative_mag_v3/results/prod_mag_pv1_s20260607_neg_neural_component_b20_50_100_200_500_1000_per_query.csv,/workspace/jigsaw_pkg/runs/noid_negative_mag_v3/results/prod_mag_pv1_s20260607_neg_neural_component_b20_50_100_200_500_1000_per_query.csv,mag,mag,20260607,mag_walkaware_best,negative_structure,50,hybrid,neural_component,type_rel_feat32,50,0,0,50,0,0,49,1,1,45,1,9.116409536500141,8.756244987500395,10.677918951001265,243537.2,549461.75,757.58,3013.645894848907,191508.12125521983,24.76,0.09484615384615386,0.535503339182796,1587.0,1958.05,1973.1799999999998,21.441055632128815,1448.8037058361192,75.67949424751639,0,0,0,0,0,0,0,0,0,0,query_payload_v1_negative_rerun_2026-08-01,50,0,,0,0.98,0,50,0.0756794942475,1.44880370584,0.0214410556321,9.116409536500141,243537.2,,,,,,,,1,,,,,,,,,,,,,,,,,,,,,,,,,,,,,,,,,,,,,,,,,,,,,,,,,,,,,,,,,,,,,,,,,,,,,,,,,,,,,,,,,,,,,,,,,,,,,,,0.9,0.02,0,0,0,0,0,0,0,0,0,0,0,0,0,0,0,0,0,0,0,0,query_payload_v1
/workspace/jigsaw_pkg/runs/noid_negative_mag_v3/results/prod_mag_pv1_s20260607_neg_neural_component_b20_50_100_200_500_1000_per_query.csv,/workspace/jigsaw_pkg/runs/noid_negative_mag_v3/results/prod_mag_pv1_s20260607_neg_neural_component_b20_50_100_200_500_1000_per_query.csv,mag,mag,20260607,mag_walkaware_best,negative_structure,100,hybrid,neural_component,type_rel_feat32,50,0,0,50,0,0,50,0,0,47,0,8.920162858379973,8.811938143499447,9.698523643700081,342185.66,675374.8999999999,512.08,1029.1324787357246,82609.57539439712,52.86,0.13639666666666683,0.44676658409697545,1847.5,1991.65,1998.02,27.492306179992738,1458.3172274733472,28.37658225664806,0,0,0,0,0,0,0,0,0,0,query_payload_v1_negative_rerun_2026-08-01,50,0,,0,1,0,50,0.0283765822566,1.45831722747,0.02749230618,8.920162858379973,342185.66,,,,,,,,0,,,,,,,,,,,,,,,,,,,,,,,,,,,,,,,,,,,,,,,,,,,,,,,,,,,,,,,,,,,,,,,,,,,,,,,,,,,,,,,,,,,,,,,,,,,,,,,0.94,0,0,0,0,0,0,0,0,0,0,0,0,0,0,0,0,0,0,0,0,0,query_payload_v1
runs\lightning_mag_full\jigsaw-mag-gcp-cpux8-mean-s20260607-v1\summary.csv,runs\lightning_mag_full\jigsaw-mag-gcp-cpux8-mean-s20260607-v1\results\prod_mag_rgcn_seed7202_s20260607_q50_types_all_sizes20_50_100_mean_feature_component_b20_50_100_200_500_1000_per_query.csv,mag,mag,20260607,mag,single,20,mean_feature,mean_feature_component,type_rel_feat32,50,41,50,0,41,0,0,0,0,40,0,4.695263629699998,3.563050797499784,10.764116714899949,104379.06,375049.69999999995,90.92,2732.0622351362545,1339258.1819236833,1.0,0.0032052631578947366,0.2,138.5,1506.3,1743.9799999999993,0.5960454420879183,1229.9033583631585,5.692333663156852,0,0,0,10,5,5,9,7,5,0,,,,,,,,,,,,,,,,,,,,,,,,,,,,,,,,,,,,,,,,,,,,,,,,,,,,,,,,,,,,,,,,,,,,,,,,,,,,,,,,,,,,,,,,,,,,,,,,,,,,,,,,,,,,,,,,,,,,,,0,0,0,0,0,0,10,10,5,15,5,20,9,29,7,36,5,41,0,41,legacy_planted_id_v0_audited_equivalent_to_query_payload_v1
runs\lightning_mag_full\jigsaw-mag-gcp-cpux8-mean-s20260607-v1\summary.csv,runs\lightning_mag_full\jigsaw-mag-gcp-cpux8-mean-s20260607-v1\results\prod_mag_rgcn_seed7202_s20260607_q50_types_all_sizes20_50_100_mean_feature_component_b20_50_100_200_500_1000_per_query.csv,mag,mag,20260607,mag,single,50,mean_feature,mean_feature_component,type_rel_feat32,50,42,50,0,42,0,0,0,0,41,0,4.826784683320074,3.3493346705004114,11.88690532680107,134366.72,551457.3499999995,134.32,2099.846589210901,242121.14937542708,1.0,0.005022598870056497,0.22598870056497175,137.0,1459.5,1819.8299999999995,0.6239211185451197,1356.3370692316382,7.16142888137708,0,0,0,16,4,3,6,6,7,0,,,,,,,,,,,,,,,,,,,,,,,,,,,,,,,,,,,,,,,,,,,,,,,,,,,,,,,,,,,,,,,,,,,,,,,,,,,,,,,,,,,,,,,,,,,,,,,,,,,,,,,,,,,,,,,,,,,,,,0,0,0,0,0,0,16,16,4,20,3,23,6,29,6,35,7,42,0,42,legacy_planted_id_v0_audited_equivalent_to_query_payload_v1
runs\lightning_mag_full\jigsaw-mag-gcp-cpux8-mean-s20260607-v1\summary.csv,runs\lightning_mag_full\jigsaw-mag-gcp-cpux8-mean-s20260607-v1\results\prod_mag_rgcn_seed7202_s20260607_q50_types_all_sizes20_50_100_mean_feature_component_b20_50_100_200_500_1000_per_query.csv,mag,mag,20260607,mag,single,100,mean_feature,mean_feature_component,type_rel_feat32,50,43,50,0,43,0,0,0,0,43,0,4.128491566259799,2.7589815169994836,11.536019531798683,149430.86,486130.69999999995,158.94,715.5630396126539,327367.7158900221,1.0,0.00717948717948718,0.2692307692307692,49.5,1364.6499999999996,1866.32,0.6170247244578301,1313.02170679483,10.212769570490565,0,0,0,20,5,4,2,8,4,0,,,,,,,,,,,,,,,,,,,,,,,,,,,,,,,,,,,,,,,,,,,,,,,,,,,,,,,,,,,,,,,,,,,,,,,,,,,,,,,,,,,,,,,,,,,,,,,,,,,,,,,,,,,,,,,,,,,,,,0,0,0,0,0,0,20,20,5,25,4,29,2,31,8,39,4,43,0,43,legacy_planted_id_v0_audited_equivalent_to_query_payload_v1
corrected_connected_rerun::prod_mag_seed7202_s20260607_q50_types_multi_fine_multi_coarse_sizes20_50_100_mean_feature_component_b20_50_100_200_500_1000_per_query.csv,C:\Users\Swastik\Desktop\Jigsaw\runs\lcr_mag_v3\results\prod_mag_seed7202_s20260607_q50_types_multi_fine_multi_coarse_sizes20_50_100_mean_feature_component_b20_50_100_200_500_1000_per_query.csv,mag,mag,20260607,mag,multi_fine,20,mean_feature,mean_feature_component,type_rel_feat32,50,43,50,0,43,0,0,0,0,42,0,4.607025099739876,1.3599785045007593,11.922571934150346,90385.3,338509.69999999995,83.5,6480.31211329954,1044002.3115758158,1.0,0.0066319018404907976,0.24539877300613497,59.0,1566.3999999999992,1876.9499999999998,0.6863010676616611,1408.5296919999726,4.668191355817642,0,0,0,21,4,3,0,7,8,0,,,,,,,,,,,,,,,,,,,,,,,,,,,,,,,,,,,,,,,,,,,,,,,,,,,,,,,,,,,,,,,,,,,,,,,,,,,,,,,,,,,,,,,,,,,,,,,,,,,,,,,,,,,,,,,,,,,,,,0,0,0,0,0,0,21,21,4,25,3,28,0,28,7,35,8,43,0,43,legacy_planted_id_v0_audited_equivalent_to_query_payload_v1
corrected_connected_rerun::prod_mag_seed7202_s20260607_q50_types_multi_fine_multi_coarse_sizes20_50_100_mean_feature_component_b20_50_100_200_500_1000_per_query.csv,C:\Users\Swastik\Desktop\Jigsaw\runs\lcr_mag_v3\results\prod_mag_seed7202_s20260607_q50_types_multi_fine_multi_coarse_sizes20_50_100_mean_feature_component_b20_50_100_200_500_1000_per_query.csv,mag,mag,20260607,mag,multi_fine,50,mean_feature,mean_feature_component,type_rel_feat32,50,40,50,0,40,0,0,0,0,40,0,4.600283364259958,1.6021921125002336,13.276323431347464,109470.8,476778.39999999985,192.14,2082.3261960229715,260278.0079632679,1.0,0.007740259740259742,0.2532467532467532,41.0,1594.3499999999995,1931.42,0.7221311493772014,1478.3897935649056,15.20870132469111,0,0,0,22,4,4,2,4,4,0,,,,,,,,,,,,,,,,,,,,,,,,,,,,,,,,,,,,,,,,,,,,,,,,,,,,,,,,,,,,,,,,,,,,,,,,,,,,,,,,,,,,,,,,,,,,,,,,,,,,,,,,,,,,,,,,,,,,,,0,0,0,0,0,0,22,22,4,26,4,30,2,32,4,36,4,40,0,40,legacy_planted_id_v0_audited_equivalent_to_query_payload_v1
corrected_connected_rerun::prod_mag_seed7202_s20260607_q50_types_multi_fine_multi_coarse_sizes20_50_100_mean_feature_component_b20_50_100_200_500_1000_per_query.csv,C:\Users\Swastik\Desktop\Jigsaw\runs\lcr_mag_v3\results\prod_mag_seed7202_s20260607_q50_types_multi_fine_multi_coarse_sizes20_50_100_mean_feature_component_b20_50_100_200_500_1000_per_query.csv,mag,mag,20260607,mag,multi_fine,100,mean_feature,mean_feature_component,type_rel_feat32,50,45,50,0,45,0,0,0,0,45,0,4.038107069019788,1.6614284169991151,13.374183091098073,136837.84,525427.2999999999,197.54,230.68533555678746,338973.3179710497,1.0,0.008072368421052632,0.29605263157894735,57.0,1466.75,1769.1899999999996,0.592333111734134,1317.7044042236048,10.620289532904568,0,0,0,22,2,4,6,6,5,0,,,,,,,,,,,,,,,,,,,,,,,,,,,,,,,,,,,,,,,,,,,,,,,,,,,,,,,,,,,,,,,,,,,,,,,,,,,,,,,,,,,,,,,,,,,,,,,,,,,,,,,,,,,,,,,,,,,,,,0,0,0,0,0,0,22,22,2,24,4,28,6,34,6,40,5,45,0,45,legacy_planted_id_v0_audited_equivalent_to_query_payload_v1
runs\lightning_mag_full\jigsaw-mag-gcp-cpux8-mean-s20260607-v1\summary.csv,runs\lightning_mag_full\jigsaw-mag-gcp-cpux8-mean-s20260607-v1\results\prod_mag_rgcn_seed7202_s20260607_q50_types_all_sizes20_50_100_mean_feature_component_b20_50_100_200_500_1000_per_query.csv,mag,mag,20260607,mag,k_hop,20,mean_feature,mean_feature_component,type_rel_feat32,50,42,50,0,42,0,0,0,0,39,0,4.827307654099959,4.574957477999305,10.804076608299487,94310.82,423225.39999999997,172.38,5458.522549877481,1023662.7042299326,10.02,0.032953125,0.28547813246802217,1687.0,1990.1,1995.51,0.6331932031429233,1250.7795587604135,6.331809494784106,0,0,0,12,3,4,7,10,6,0,,,,,,,,,,,,,,,,,,,,,,,,,,,,,,,,,,,,,,,,,,,,,,,,,,,,,,,,,,,,,,,,,,,,,,,,,,,,,,,,,,,,,,,,,,,,,,,,,,,,,,,,,,,,,,,,,,,,,,0,0,0,0,0,0,12,12,3,15,4,19,7,26,10,36,6,42,0,42,legacy_planted_id_v0_audited_equivalent_to_query_payload_v1
runs\lightning_mag_full\jigsaw-mag-gcp-cpux8-mean-s20260607-v1\summary.csv,runs\lightning_mag_full\jigsaw-mag-gcp-cpux8-mean-s20260607-v1\results\prod_mag_rgcn_seed7202_s20260607_q50_types_all_sizes20_50_100_mean_feature_component_b20_50_100_200_500_1000_per_query.csv,mag,mag,20260607,mag,k_hop,50,mean_feature,mean_feature_component,type_rel_feat32,50,38,50,0,38,0,0,0,1,37,1,7.1797470180798335,8.376597927999683,11.899808996949332,279604.5,623521.7999999999,1142.04,2561.0298567382833,276455.8227756221,28.64,0.047473684210526314,0.1916200061826873,1904.5,1998.1,1999.51,0.6141827630934833,1448.647808359634,125.85811665787348,0,0,0,7,5,0,4,9,13,0,,,,,,,,,,,,,,,,,,,,,,,,,,,,,,,,,,,,,,,,,,,,,,,,,,,,,,,,,,,,,,,,,,,,,,,,,,,,,,,,,,,,,,,,,,,,,,,,,,,,,,,,,,,,,,,,,,,,,,0,0,0,0,0,0,7,7,5,12,0,12,4,16,9,25,13,38,0,38,legacy_planted_id_v0_audited_equivalent_to_query_payload_v1
runs\lightning_mag_full\jigsaw-mag-gcp-cpux8-mean-s20260607-v1\summary.csv,runs\lightning_mag_full\jigsaw-mag-gcp-cpux8-mean-s20260607-v1\results\prod_mag_rgcn_seed7202_s20260607_q50_types_all_sizes20_50_100_mean_feature_component_b20_50_100_200_500_1000_per_query.csv,mag,mag,20260607,mag,k_hop,100,mean_feature,mean_feature_component,type_rel_feat32,50,35,50,0,35,0,0,0,1,34,1,7.898045182359856,8.26226065100036,14.202182638201243,216004.64,644915.8,633.38,969.7959828523879,275645.48979378364,51.64,0.09450862068965518,0.2207857693544302,1920.0,1997.5500000000002,1999.51,0.6418680561794111,1601.0550847197858,101.10982527156263,0,0,0,6,3,1,4,14,7,0,,,,,,,,,,,,,,,,,,,,,,,,,,,,,,,,,,,,,,,,,,,,,,,,,,,,,,,,,,,,,,,,,,,,,,,,,,,,,,,,,,,,,,,,,,,,,,,,,,,,,,,,,,,,,,,,,,,,,,0,0,0,0,0,0,6,6,3,9,1,10,4,14,14,28,7,35,0,35,legacy_planted_id_v0_audited_equivalent_to_query_payload_v1
runs\lightning_mag_full\jigsaw-mag-gcp-cpux8-mean-s20260607-v1\summary.csv,runs\lightning_mag_full\jigsaw-mag-gcp-cpux8-mean-s20260607-v1\results\prod_mag_rgcn_seed7202_s20260607_q50_types_all_sizes20_50_100_mean_feature_component_b20_50_100_200_500_1000_per_query.csv,mag,mag,20260607,mag,degree_k_hop,20,mean_feature,mean_feature_component,type_rel_feat32,50,41,50,0,41,0,0,0,1,40,1,4.860933077820018,3.7601372064998486,11.906114757450041,109534.0,472033.69999999995,383.48,11143.228082976135,828383.0958619196,10.44,0.041519125683060105,0.30685800547179526,1709.5,1944.5,1977.2799999999997,0.6485989781234662,1258.7523705245976,69.37142122950584,0,0,0,12,6,6,5,4,8,0,,,,,,,,,,,,,,,,,,,,,,,,,,,,,,,,,,,,,,,,,,,,,,,,,,,,,,,,,,,,,,,,,,,,,,,,,,,,,,,,,,,,,,,,,,,,,,,,,,,,,,,,,,,,,,,,,,,,,,0,0,0,0,0,0,12,12,6,18,6,24,5,29,4,33,8,41,0,41,legacy_planted_id_v0_audited_equivalent_to_query_payload_v1
runs\lightning_mag_full\jigsaw-mag-gcp-cpux8-mean-s20260607-v1\summary.csv,runs\lightning_mag_full\jigsaw-mag-gcp-cpux8-mean-s20260607-v1\results\prod_mag_rgcn_seed7202_s20260607_q50_types_all_sizes20_50_100_mean_feature_component_b20_50_100_200_500_1000_per_query.csv,mag,mag,20260607,mag,degree_k_hop,50,mean_feature,mean_feature_component,type_rel_feat32,50,30,50,0,30,0,0,0,3,29,3,6.701705694420053,7.634738435499912,12.759558411449735,171833.54,581872.3999999999,947.16,2306.233748406697,303533.38457798114,26.46,0.06812871287128713,0.24582261351989726,1853.0,1997.0,1999.02,0.6387625099516371,1483.2017446337031,175.63629853957715,0,0,0,11,3,4,4,4,4,0,,,,,,,,,,,,,,,,,,,,,,,,,,,,,,,,,,,,,,,,,,,,,,,,,,,,,,,,,,,,,,,,,,,,,,,,,,,,,,,,,,,,,,,,,,,,,,,,,,,,,,,,,,,,,,,,,,,,,,0,0,0,0,0,0,11,11,3,14,4,18,4,22,4,26,4,30,0,30,legacy_planted_id_v0_audited_equivalent_to_query_payload_v1
runs\lightning_mag_full\jigsaw-mag-gcp-cpux8-mean-s20260607-v1\summary.csv,runs\lightning_mag_full\jigsaw-mag-gcp-cpux8-mean-s20260607-v1\results\prod_mag_rgcn_seed7202_s20260607_q50_types_all_sizes20_50_100_mean_feature_component_b20_50_100_200_500_1000_per_query.csv,mag,mag,20260607,mag,degree_k_hop,100,mean_feature,mean_feature_component,type_rel_feat32,50,32,50,0,32,0,0,0,3,31,3,8.884143925480203,8.966954983499818,16.84382556709769,284877.02,681553.1,1547.82,1257.430727032804,319140.53506973933,54.74,0.08976078431372549,0.22070149917373885,1911.5,1998.5500000000002,1999.51,0.6534920469872019,1539.4225418980318,202.5664630980863,0,0,0,1,1,5,4,12,9,0,,,,,,,,,,,,,,,,,,,,,,,,,,,,,,,,,,,,,,,,,,,,,,,,,,,,,,,,,,,,,,,,,,,,,,,,,,,,,,,,,,,,,,,,,,,,,,,,,,,,,,,,,,,,,,,,,,,,,,0,0,0,0,0,0,1,1,1,2,5,7,4,11,12,23,9,32,0,32,legacy_planted_id_v0_audited_equivalent_to_query_payload_v1
runs\lightning_mag_full\jigsaw-mag-gcp-cpux8-mean-s20260607-v1\summary.csv,runs\lightning_mag_full\jigsaw-mag-gcp-cpux8-mean-s20260607-v1\results\prod_mag_rgcn_seed7202_s20260607_q50_types_all_sizes20_50_100_mean_feature_component_b20_50_100_200_500_1000_per_query.csv,mag,mag,20260607,mag,random_walk,20,mean_feature,mean_feature_component,type_rel_feat32,50,31,50,0,31,0,0,0,0,27,0,8.009748691840178,9.549462459500091,12.66543090079972,102666.58,332556.44999999995,177.12,7257.666462575841,826331.1685958866,12.32,0.041296296296296296,0.32626230277923507,1669.0,1991.2,1999.51,0.6560251975600074,1641.1104069136127,6.986031736629424,0,0,0,5,1,4,4,8,9,0,,,,,,,,,,,,,,,,,,,,,,,,,,,,,,,,,,,,,,,,,,,,,,,,,,,,,,,,,,,,,,,,,,,,,,,,,,,,,,,,,,,,,,,,,,,,,,,,,,,,,,,,,,,,,,,,,,,,,,0,0,0,0,0,0,5,5,1,6,4,10,4,14,8,22,9,31,0,31,legacy_planted_id_v0_audited_equivalent_to_query_payload_v1
runs\lightning_mag_full\jigsaw-mag-gcp-cpux8-mean-s20260607-v1\summary.csv,runs\lightning_mag_full\jigsaw-mag-gcp-cpux8-mean-s20260607-v1\results\prod_mag_rgcn_seed7202_s20260607_q50_types_all_sizes20_50_100_mean_feature_component_b20_50_100_200_500_1000_per_query.csv,mag,mag,20260607,mag,random_walk,50,mean_feature,mean_feature_component,type_rel_feat32,50,12,50,0,12,0,0,0,0,10,0,10.606680386240223,10.929104991001623,12.899155089499573,200075.22,387062.0,407.5,1126.3335517678993,261363.54652230872,29.14,0.05451724137931035,0.2962326742201073,1910.0,1998.0,1999.51,0.6431157448442436,1812.3253943000518,16.412603327572814,0,0,0,0,1,1,0,3,7,0,,,,,,,,,,,,,,,,,,,,,,,,,,,,,,,,,,,,,,,,,,,,,,,,,,,,,,,,,,,,,,,,,,,,,,,,,,,,,,,,,,,,,,,,,,,,,,,,,,,,,,,,,,,,,,,,,,,,,,0,0,0,0,0,0,0,0,1,1,1,2,0,2,3,5,7,12,0,12,legacy_planted_id_v0_audited_equivalent_to_query_payload_v1
runs\lightning_mag_full\jigsaw-mag-gcp-cpux8-mean-s20260607-v1\summary.csv,runs\lightning_mag_full\jigsaw-mag-gcp-cpux8-mean-s20260607-v1\results\prod_mag_rgcn_seed7202_s20260607_q50_types_all_sizes20_50_100_mean_feature_component_b20_50_100_200_500_1000_per_query.csv,mag,mag,20260607,mag,random_walk,100,mean_feature,mean_feature_component,type_rel_feat32,50,2,50,0,2,0,0,0,0,2,0,12.057839372839881,12.187343141999918,14.679144420201283,288619.54,442879.35,1552.54,528.7203486294572,103505.21587577088,58.56,0.08574581939799332,0.2763543061405931,1945.0,1996.2,2000.0,0.6565792641154121,1956.8217414815865,59.53935765551722,0,0,0,0,0,0,0,1,1,0,,,,,,,,,,,,,,,,,,,,,,,,,,,,,,,,,,,,,,,,,,,,,,,,,,,,,,,,,,,,,,,,,,,,,,,,,,,,,,,,,,,,,,,,,,,,,,,,,,,,,,,,,,,,,,,,,,,,,,0,0,0,0,0,0,0,0,0,0,0,0,0,0,1,1,1,2,0,2,legacy_planted_id_v0_audited_equivalent_to_query_payload_v1
corrected_connected_rerun::prod_mag_seed7202_s20260607_q50_types_multi_fine_multi_coarse_sizes20_50_100_mean_feature_component_b20_50_100_200_500_1000_per_query.csv,C:\Users\Swastik\Desktop\Jigsaw\runs\lcr_mag_v3\results\prod_mag_seed7202_s20260607_q50_types_multi_fine_multi_coarse_sizes20_50_100_mean_feature_component_b20_50_100_200_500_1000_per_query.csv,mag,mag,20260607,mag,multi_coarse,20,mean_feature,mean_feature_component,type_rel_feat32,50,20,50,0,20,0,0,0,0,15,0,10.41769457769973,10.8657778529996,14.260910996351322,204002.66,343663.6,75.1,2610.659917944851,1550533.3526266033,4.26,0.013312056737588653,0.3416666666666667,1579.5,1933.75,1969.48,0.7396468652728825,1844.7469338687513,2.362033808506096,0,0,0,2,0,0,1,6,11,0,,,,,,,,,,,,,,,,,,,,,,,,,,,,,,,,,,,,,,,,,,,,,,,,,,,,,,,,,,,,,,,,,,,,,,,,,,,,,,,,,,,,,,,,,,,,,,,,,,,,,,,,,,,,,,,,,,,,,,0,0,0,0,0,0,2,2,0,2,0,2,1,3,6,9,11,20,0,20,legacy_planted_id_v0_audited_equivalent_to_query_payload_v1
corrected_connected_rerun::prod_mag_seed7202_s20260607_q50_types_multi_fine_multi_coarse_sizes20_50_100_mean_feature_component_b20_50_100_200_500_1000_per_query.csv,C:\Users\Swastik\Desktop\Jigsaw\runs\lcr_mag_v3\results\prod_mag_seed7202_s20260607_q50_types_multi_fine_multi_coarse_sizes20_50_100_mean_feature_component_b20_50_100_200_500_1000_per_query.csv,mag,mag,20260607,mag,multi_coarse,50,mean_feature,mean_feature_component,type_rel_feat32,50,15,50,0,15,0,0,0,0,12,0,10.90573038655999,11.19272398299836,14.54298380344908,318228.06,508595.85,230.56,339.9419319547067,542636.2600669336,4.16,0.011628865979381443,0.3474799541809851,1465.5,1957.85,1985.3,0.6635719038149233,1863.2140760515397,10.622760127152764,0,0,0,0,0,1,0,6,8,0,,,,,,,,,,,,,,,,,,,,,,,,,,,,,,,,,,,,,,,,,,,,,,,,,,,,,,,,,,,,,,,,,,,,,,,,,,,,,,,,,,,,,,,,,,,,,,,,,,,,,,,,,,,,,,,,,,,,,,0,0,0,0,0,0,0,0,0,0,1,1,0,1,6,7,8,15,0,15,legacy_planted_id_v0_audited_equivalent_to_query_payload_v1
corrected_connected_rerun::prod_mag_seed7202_s20260607_q50_types_multi_fine_multi_coarse_sizes20_50_100_mean_feature_component_b20_50_100_200_500_1000_per_query.csv,C:\Users\Swastik\Desktop\Jigsaw\runs\lcr_mag_v3\results\prod_mag_seed7202_s20260607_q50_types_multi_fine_multi_coarse_sizes20_50_100_mean_feature_component_b20_50_100_200_500_1000_per_query.csv,mag,mag,20260607,mag,multi_coarse,100,mean_feature,mean_feature_component,type_rel_feat32,50,16,50,0,16,0,0,0,0,12,0,10.620341347939721,10.892316625999229,14.137013980900338,396543.64,565705.7,204.9,226.74921867400636,181994.42566104032,4.16,0.013786206896551726,0.3864942528735632,1353.5,1976.85,1996.06,0.6822415552709697,1823.634446555128,7.458889296547818,0,0,0,0,0,2,0,4,10,0,,,,,,,,,,,,,,,,,,,,,,,,,,,,,,,,,,,,,,,,,,,,,,,,,,,,,,,,,,,,,,,,,,,,,,,,,,,,,,,,,,,,,,,,,,,,,,,,,,,,,,,,,,,,,,,,,,,,,,0,0,0,0,0,0,0,0,0,0,2,2,0,2,4,6,10,16,0,16,legacy_planted_id_v0_audited_equivalent_to_query_payload_v1
/workspace/jigsaw_pkg/runs/noid_negative_mag_v3/results/prod_mag_pv1_s20260607_neg_mean_feature_component_b20_50_100_200_500_1000_per_query.csv,/workspace/jigsaw_pkg/runs/noid_negative_mag_v3/results/prod_mag_pv1_s20260607_neg_mean_feature_component_b20_50_100_200_500_1000_per_query.csv,mag,mag,20260607,mag,negative_label,20,mean_feature,mean_feature_component,type_rel_feat32,50,0,0,50,0,0,50,0,0,4,0,4.398854035420317,4.2743996775002415,5.833491641349701,185158.08,503164.05,0.0,10937.74971698637,1052142.2820071606,10.54,0.0052399999999999955,0.17093860932096225,1888.5,1999.0,1999.0,0.5632606598919665,733.1423392367196,0.0,0,0,0,0,0,0,0,0,0,0,query_payload_v1_negative_rerun_2026-08-01,50,0,,0,1,0,50,0,0.733142339237,0.000563260659892,4.398854035420317,185158.08,,,,,,,,0,,,,,,,,,,,,,,,,,,,,,,,,,,,,,,,,,,,,,,,,,,,,,,,,,,,,,,,,,,,,,,,,,,,,,,,,,,,,,,,,,,,,,,,,,,,,,,,0.08,0,0,0,0,0,0,0,0,0,0,0,0,0,0,0,0,0,0,0,0,0,query_payload_v1
/workspace/jigsaw_pkg/runs/noid_negative_mag_v3/results/prod_mag_pv1_s20260607_neg_mean_feature_component_b20_50_100_200_500_1000_per_query.csv,/workspace/jigsaw_pkg/runs/noid_negative_mag_v3/results/prod_mag_pv1_s20260607_neg_mean_feature_component_b20_50_100_200_500_1000_per_query.csv,mag,mag,20260607,mag,negative_label,50,mean_feature,mean_feature_component,type_rel_feat32,50,0,0,50,0,0,50,0,0,5,0,4.506309484719768,4.410017470000184,6.1566166555996,288396.6,541281.1499999999,0.0,2639.740883097686,1910516.8310050797,23.94,0.008453333333333311,0.13401234515827046,1948.5,1999.0,1999.0,0.5604936600502697,751.0515807866279,0.0,0,0,0,0,0,0,0,0,0,0,query_payload_v1_negative_rerun_2026-08-01,50,0,,0,1,0,50,0,0.751051580787,0.00056049366005,4.506309484719768,288396.6,,,,,,,,0,,,,,,,,,,,,,,,,,,,,,,,,,,,,,,,,,,,,,,,,,,,,,,,,,,,,,,,,,,,,,,,,,,,,,,,,,,,,,,,,,,,,,,,,,,,,,,,0.1,0,0,0,0,0,0,0,0,0,0,0,0,0,0,0,0,0,0,0,0,0,query_payload_v1
/workspace/jigsaw_pkg/runs/noid_negative_mag_v3/results/prod_mag_pv1_s20260607_neg_mean_feature_component_b20_50_100_200_500_1000_per_query.csv,/workspace/jigsaw_pkg/runs/noid_negative_mag_v3/results/prod_mag_pv1_s20260607_neg_mean_feature_component_b20_50_100_200_500_1000_per_query.csv,mag,mag,20260607,mag,negative_label,100,mean_feature,mean_feature_component,type_rel_feat32,50,0,0,50,0,0,50,0,0,8,0,4.635951732699814,4.480916203499419,6.2484780690503605,349136.36,633549.2999999999,0.0,1148.9925788915739,1414628.7349421666,52.46,0.02357999999999994,0.1617722557383492,1977.0,2000.0,2000.0,0.578320200129383,772.6586221166357,0.0,0,0,0,0,0,0,0,0,0,0,query_payload_v1_negative_rerun_2026-08-01,50,0,,0,1,0,50,0,0.772658622117,0.000578320200129,4.635951732699814,349136.36,,,,,,,,0,,,,,,,,,,,,,,,,,,,,,,,,,,,,,,,,,,,,,,,,,,,,,,,,,,,,,,,,,,,,,,,,,,,,,,,,,,,,,,,,,,,,,,,,,,,,,,,0.16,0,0,0,0,0,0,0,0,0,0,0,0,0,0,0,0,0,0,0,0,0,query_payload_v1
/workspace/jigsaw_pkg/runs/noid_negative_mag_v3/results/prod_mag_pv1_s20260607_neg_mean_feature_component_b20_50_100_200_500_1000_per_query.csv,/workspace/jigsaw_pkg/runs/noid_negative_mag_v3/results/prod_mag_pv1_s20260607_neg_mean_feature_component_b20_50_100_200_500_1000_per_query.csv,mag,mag,20260607,mag,negative_structure,20,mean_feature,mean_feature_component,type_rel_feat32,50,1,0,50,0,1,49,0,0,37,0,4.1881878563598,4.148775603999184,5.27686573565029,203171.2,539321.5,276.28,7706.683372512297,821008.9545036152,11.24,0.030607382550335505,0.3569005499917463,1797.0,1973.6499999999999,1986.63,0.5727571408976699,693.0400157751492,9.676067506696553,0,0,0,0,0,0,1,0,0,0,query_payload_v1_negative_rerun_2026-08-01,50,0.02,,0.02,0.98,1,49,0.0096760675067,0.693040015775,0.000572757140898,4.1881878563598,203171.2,,,,,,,,0,,,,,,,,,,,,,,,,,,,,,,,,,,,,,,,,,,,,,,,,,,,,,,,,,,,,,,,,,,,,,,,,,,,,,,,,,,,,,,,,,,,,,,,,,,,,,,,0.74,0,0,0,0,0,0,0,0,0,0,0,0,0,1,1,0,1,0,1,0,1,query_payload_v1
/workspace/jigsaw_pkg/runs/noid_negative_mag_v3/results/prod_mag_pv1_s20260607_neg_mean_feature_component_b20_50_100_200_500_1000_per_query.csv,/workspace/jigsaw_pkg/runs/noid_negative_mag_v3/results/prod_mag_pv1_s20260607_neg_mean_feature_component_b20_50_100_200_500_1000_per_query.csv,mag,mag,20260607,mag,negative_structure,50,mean_feature,mean_feature_component,type_rel_feat32,50,0,0,50,0,0,49,1,1,40,1,4.976562397400085,4.879064961500262,5.605802777901408,243181.34,631117.75,717.12,3375.8093155416373,200218.09274577367,24.76,0.05795333333333331,0.34353878737329435,1885.0,1995.1999999999998,1999.02,0.5752055999437289,758.931441950017,70.49562428333047,0,0,0,0,0,0,0,0,0,0,query_payload_v1_negative_rerun_2026-08-01,50,0,,0,0.98,0,50,0.0704956242833,0.75893144195,0.000575205599944,4.976562397400085,243181.34,,,,,,,,1,,,,,,,,,,,,,,,,,,,,,,,,,,,,,,,,,,,,,,,,,,,,,,,,,,,,,,,,,,,,,,,,,,,,,,,,,,,,,,,,,,,,,,,,,,,,,,,0.8,0.02,0,0,0,0,0,0,0,0,0,0,0,0,0,0,0,0,0,0,0,0,query_payload_v1
/workspace/jigsaw_pkg/runs/noid_negative_mag_v3/results/prod_mag_pv1_s20260607_neg_mean_feature_component_b20_50_100_200_500_1000_per_query.csv,/workspace/jigsaw_pkg/runs/noid_negative_mag_v3/results/prod_mag_pv1_s20260607_neg_mean_feature_component_b20_50_100_200_500_1000_per_query.csv,mag,mag,20260607,mag,negative_structure,100,mean_feature,mean_feature_component,type_rel_feat32,50,0,0,50,0,0,50,0,0,36,0,4.7583411533001705,4.921692768000412,5.921888152950668,334363.38,691874.45,381.58,1182.6496463646986,127858.98640084335,52.86,0.09435,0.3053174521643409,1906.5,1999.0,1999.51,0.5863723799666332,775.4907278933539,17.566130990007878,0,0,0,0,0,0,0,0,0,0,query_payload_v1_negative_rerun_2026-08-01,50,0,,0,1,0,50,0.01756613099,0.775490727893,0.000586372379967,4.7583411533001705,334363.38,,,,,,,,0,,,,,,,,,,,,,,,,,,,,,,,,,,,,,,,,,,,,,,,,,,,,,,,,,,,,,,,,,,,,,,,,,,,,,,,,,,,,,,,,,,,,,,,,,,,,,,,0.72,0,0,0,0,0,0,0,0,0,0,0,0,0,0,0,0,0,0,0,0,0,query_payload_v1
runs\lightning_mag_full\jigsaw-mag-gcp-cpux8-meanrrf-s20260607-dark-v5-rescue-v16\summary.csv,runs/lightning_mag_full/jigsaw-mag-gcp-cpux8-meanrrf-s20260607-dark-v5-rescue-v16/results\prod_mag_rgcn_seed7202_s20260607_q50_types_all_sizes20_50_100_mean_rrf_component_b20_50_100_200_500_1000_per_query.csv,mag,mag,20260607,mag_rgcn_best,single,20,coarse_mean_rrf,mean_rrf_component,type_rel_feat32,50,50,50,0,50,0,0,0,0,48,0,1.6117059697800142,0.7829372604999207,5.592605652149938,54386.0,304621.5999999999,88.42,2799.076587313302,757906.8963262368,1.0,0.013311320754716981,0.4339622641509434,26.5,576.4999999999999,807.2999999999997,20.968283830180802,753.2446892735977,6.993975716974941,0,0,0,24,12,5,4,3,2,0,,,,,,,,,,,,,,,,,,,,,,,,,,,,,,,,,,,,,,,,,,,,,,,,,,,,,,,,,,,,,,,,,,,,,,,,,,,,,,,,,,,,,,,,,,,,,,,,,,,,,,,,,,,,,,,,,,,,,,0,0,0,0,0,0,24,24,12,36,5,41,4,45,3,48,2,50,0,50,legacy_planted_id_v0_audited_equivalent_to_query_payload_v1
runs\lightning_mag_full\jigsaw-mag-gcp-cpux8-meanrrf-s20260607-dark-v5-rescue-v16\summary.csv,runs/lightning_mag_full/jigsaw-mag-gcp-cpux8-meanrrf-s20260607-dark-v5-rescue-v16/results\prod_mag_rgcn_seed7202_s20260607_q50_types_all_sizes20_50_100_mean_rrf_component_b20_50_100_200_500_1000_per_query.csv,mag,mag,20260607,mag_rgcn_best,single,50,coarse_mean_rrf,mean_rrf_component,type_rel_feat32,50,50,50,0,50,0,0,0,0,48,0,1.471556039979787,0.5478961720004918,6.11264538304931,41657.54,269461.7999999996,142.06,1987.4026591295146,258002.40533661796,1.0,0.01763440860215054,0.5053763440860215,17.0,320.54999999999995,658.3599999999996,25.407636161313956,776.3720137095578,14.787147569897511,0,0,0,30,9,4,3,3,1,0,,,,,,,,,,,,,,,,,,,,,,,,,,,,,,,,,,,,,,,,,,,,,,,,,,,,,,,,,,,,,,,,,,,,,,,,,,,,,,,,,,,,,,,,,,,,,,,,,,,,,,,,,,,,,,,,,,,,,,0,0,0,0,0,0,30,30,9,39,4,43,3,46,3,49,1,50,0,50,legacy_planted_id_v0_audited_equivalent_to_query_payload_v1
runs\lightning_mag_full\jigsaw-mag-gcp-cpux8-meanrrf-s20260607-dark-v5-rescue-v16\summary.csv,runs/lightning_mag_full/jigsaw-mag-gcp-cpux8-meanrrf-s20260607-dark-v5-rescue-v16/results\prod_mag_rgcn_seed7202_s20260607_q50_types_all_sizes20_50_100_mean_rrf_component_b20_50_100_200_500_1000_per_query.csv,mag,mag,20260607,mag_rgcn_best,single,100,coarse_mean_rrf,mean_rrf_component,type_rel_feat32,50,50,50,0,50,0,0,0,0,50,0,1.0539588555999218,0.4085889550005959,4.636328618098374,35619.2,167243.24999999977,203.32,702.1589400768609,252054.1516792181,1.0,0.02530769230769231,0.6410256410256411,12.5,148.69999999999985,432.8299999999997,31.585758679401085,650.811323051363,24.80332797422773,0,0,0,36,6,4,2,2,0,0,,,,,,,,,,,,,,,,,,,,,,,,,,,,,,,,,,,,,,,,,,,,,,,,,,,,,,,,,,,,,,,,,,,,,,,,,,,,,,,,,,,,,,,,,,,,,,,,,,,,,,,,,,,,,,,,,,,,,,0,0,0,0,0,0,36,36,6,42,4,46,2,48,2,50,0,50,0,50,legacy_planted_id_v0_audited_equivalent_to_query_payload_v1
corrected_connected_rerun::prod_mag_seed7202_s20260607_q50_types_multi_fine_multi_coarse_sizes20_50_100_mean_rrf_component_b20_50_100_200_500_1000_per_query.csv,C:\Users\Swastik\Desktop\Jigsaw\runs\lcr_mag_v3\results\prod_mag_seed7202_s20260607_q50_types_multi_fine_multi_coarse_sizes20_50_100_mean_rrf_component_b20_50_100_200_500_1000_per_query.csv,mag,mag,20260607,mag_rgcn_best,multi_fine,20,coarse_mean_rrf,mean_rrf_component,type_rel_feat32,50,50,50,0,50,0,0,0,0,50,0,1.257133529579878,0.43042255850104993,4.805073862402059,30466.5,114244.44999999992,91.94,6577.394792398,822347.7849379189,1.0,0.01856521739130435,0.532608695652174,10.0,263.3499999999999,442.0,23.4426511411861,674.4707946086237,8.753949728266573,0,0,0,31,6,7,2,4,0,0,,,,,,,,,,,,,,,,,,,,,,,,,,,,,,,,,,,,,,,,,,,,,,,,,,,,,,,,,,,,,,,,,,,,,,,,,,,,,,,,,,,,,,,,,,,,,,,,,,,,,,,,,,,,,,,,,,,,,,0,0,0,0,0,0,31,31,6,37,7,44,2,46,4,50,0,50,0,50,legacy_planted_id_v0_audited_equivalent_to_query_payload_v1
corrected_connected_rerun::prod_mag_seed7202_s20260607_q50_types_multi_fine_multi_coarse_sizes20_50_100_mean_rrf_component_b20_50_100_200_500_1000_per_query.csv,C:\Users\Swastik\Desktop\Jigsaw\runs\lcr_mag_v3\results\prod_mag_seed7202_s20260607_q50_types_multi_fine_multi_coarse_sizes20_50_100_mean_rrf_component_b20_50_100_200_500_1000_per_query.csv,mag,mag,20260607,mag_rgcn_best,multi_fine,50,coarse_mean_rrf,mean_rrf_component,type_rel_feat32,50,50,50,0,50,0,0,0,0,50,0,0.811189712660016,0.4031300829992688,1.845338602199716,22405.66,49526.99999999997,213.12,2125.455526064123,246081.1787442525,1.0,0.02482894736842105,0.6447368421052632,10.5,86.94999999999997,313.2199999999996,23.3662993949254,503.38852282895556,30.288919710528717,0,0,0,34,9,5,1,1,0,0,,,,,,,,,,,,,,,,,,,,,,,,,,,,,,,,,,,,,,,,,,,,,,,,,,,,,,,,,,,,,,,,,,,,,,,,,,,,,,,,,,,,,,,,,,,,,,,,,,,,,,,,,,,,,,,,,,,,,,0,0,0,0,0,0,34,34,9,43,5,48,1,49,1,50,0,50,0,50,legacy_planted_id_v0_audited_equivalent_to_query_payload_v1
corrected_connected_rerun::prod_mag_seed7202_s20260607_q50_types_multi_fine_multi_coarse_sizes20_50_100_mean_rrf_component_b20_50_100_200_500_1000_per_query.csv,C:\Users\Swastik\Desktop\Jigsaw\runs\lcr_mag_v3\results\prod_mag_seed7202_s20260607_q50_types_multi_fine_multi_coarse_sizes20_50_100_mean_rrf_component_b20_50_100_200_500_1000_per_query.csv,mag,mag,20260607,mag_rgcn_best,multi_fine,100,coarse_mean_rrf,mean_rrf_component,type_rel_feat32,50,50,50,0,50,0,0,0,0,50,0,0.4832243312200444,0.33325073000014527,1.2964375905015002,14817.08,32374.6,216.82,224.65482841908207,106207.11463570167,1.0,0.03931034482758621,0.8620689655172413,10.0,33.24999999999996,66.45999999999991,26.962729586243924,385.18446432759634,31.388235000028136,0,0,0,43,6,1,0,0,0,0,,,,,,,,,,,,,,,,,,,,,,,,,,,,,,,,,,,,,,,,,,,,,,,,,,,,,,,,,,,,,,,,,,,,,,,,,,,,,,,,,,,,,,,,,,,,,,,,,,,,,,,,,,,,,,,,,,,,,,0,0,0,0,0,0,43,43,6,49,1,50,0,50,0,50,0,50,0,50,legacy_planted_id_v0_audited_equivalent_to_query_payload_v1
runs\lightning_mag_full\jigsaw-mag-gcp-cpux8-meanrrf-s20260607-dark-v5-rescue-v16\summary.csv,runs/lightning_mag_full/jigsaw-mag-gcp-cpux8-meanrrf-s20260607-dark-v5-rescue-v16/results\prod_mag_rgcn_seed7202_s20260607_q50_types_all_sizes20_50_100_mean_rrf_component_b20_50_100_200_500_1000_per_query.csv,mag,mag,20260607,mag_rgcn_best,k_hop,20,coarse_mean_rrf,mean_rrf_component,type_rel_feat32,50,48,50,0,48,0,0,0,0,48,0,2.767072450379983,1.0765942535001614,10.101355299950113,68425.74,405582.39999999973,194.2,5412.115940448373,843734.9866881073,10.02,0.05270289855072464,0.3065628076337795,1076.0,1934.85,1979.8899999999999,23.96017538409939,992.6616725941863,9.900809427546742,0,0,0,20,7,6,4,8,3,0,,,,,,,,,,,,,,,,,,,,,,,,,,,,,,,,,,,,,,,,,,,,,,,,,,,,,,,,,,,,,,,,,,,,,,,,,,,,,,,,,,,,,,,,,,,,,,,,,,,,,,,,,,,,,,,,,,,,,,0,0,0,0,0,0,20,20,7,27,6,33,4,37,8,45,3,48,0,48,legacy_planted_id_v0_audited_equivalent_to_query_payload_v1
runs\lightning_mag_full\jigsaw-mag-gcp-cpux8-meanrrf-s20260607-dark-v5-rescue-v16\summary.csv,runs/lightning_mag_full/jigsaw-mag-gcp-cpux8-meanrrf-s20260607-dark-v5-rescue-v16/results\prod_mag_rgcn_seed7202_s20260607_q50_types_all_sizes20_50_100_mean_rrf_component_b20_50_100_200_500_1000_per_query.csv,mag,mag,20260607,mag_rgcn_best,k_hop,50,coarse_mean_rrf,mean_rrf_component,type_rel_feat32,50,47,50,0,47,0,0,0,0,41,0,4.800140633559895,3.326809001499896,11.058545128849847,217554.98,615193.6499999999,499.52,2551.7158616151983,684139.718749541,28.64,0.06516393442622952,0.20126626444513002,1853.0,1983.1999999999998,1998.0,25.760122234938446,1283.3351970272959,28.178637278686267,0,0,0,12,6,6,4,7,12,0,,,,,,,,,,,,,,,,,,,,,,,,,,,,,,,,,,,,,,,,,,,,,,,,,,,,,,,,,,,,,,,,,,,,,,,,,,,,,,,,,,,,,,,,,,,,,,,,,,,,,,,,,,,,,,,,,,,,,,0,0,0,0,0,0,12,12,6,18,6,24,4,28,7,35,12,47,0,47,legacy_planted_id_v0_audited_equivalent_to_query_payload_v1
runs\lightning_mag_full\jigsaw-mag-gcp-cpux8-meanrrf-s20260607-dark-v5-rescue-v16\summary.csv,runs/lightning_mag_full/jigsaw-mag-gcp-cpux8-meanrrf-s20260607-dark-v5-rescue-v16/results\prod_mag_rgcn_seed7202_s20260607_q50_types_all_sizes20_50_100_mean_rrf_component_b20_50_100_200_500_1000_per_query.csv,mag,mag,20260607,mag_rgcn_best,k_hop,100,coarse_mean_rrf,mean_rrf_component,type_rel_feat32,50,44,50,0,44,0,0,0,1,44,1,5.82047006034034,5.27893472300002,12.18879478785202,158303.26,578426.7999999998,615.18,990.2331012978423,221968.44370366907,51.64,0.13196825396825396,0.2369009331354548,1850.5,1976.65,1995.04,31.937074386217912,1418.3317625185794,121.47513175135173,0,0,0,10,4,5,9,11,5,0,,,,,,,,,,,,,,,,,,,,,,,,,,,,,,,,,,,,,,,,,,,,,,,,,,,,,,,,,,,,,,,,,,,,,,,,,,,,,,,,,,,,,,,,,,,,,,,,,,,,,,,,,,,,,,,,,,,,,,0,0,0,0,0,0,10,10,4,14,5,19,9,28,11,39,5,44,0,44,legacy_planted_id_v0_audited_equivalent_to_query_payload_v1
runs\lightning_mag_full\jigsaw-mag-gcp-cpux8-meanrrf-s20260607-dark-v5-rescue-v16\summary.csv,runs/lightning_mag_full/jigsaw-mag-gcp-cpux8-meanrrf-s20260607-dark-v5-rescue-v16/results\prod_mag_rgcn_seed7202_s20260607_q50_types_all_sizes20_50_100_mean_rrf_component_b20_50_100_200_500_1000_per_query.csv,mag,mag,20260607,mag_rgcn_best,degree_k_hop,20,coarse_mean_rrf,mean_rrf_component,type_rel_feat32,50,49,50,0,49,0,0,0,1,50,1,2.490735331699916,0.9217163365001397,9.39264033235008,68077.0,396015.79999999993,454.28,11511.446550230296,1113954.38080117,10.44,0.06403199999999999,0.29570267902032604,1228.5,1878.85,1939.1399999999999,23.660190368074836,888.802473207972,107.49165947199435,0,0,0,20,11,4,5,5,4,0,,,,,,,,,,,,,,,,,,,,,,,,,,,,,,,,,,,,,,,,,,,,,,,,,,,,,,,,,,,,,,,,,,,,,,,,,,,,,,,,,,,,,,,,,,,,,,,,,,,,,,,,,,,,,,,,,,,,,,0,0,0,0,0,0,20,20,11,31,4,35,5,40,5,45,4,49,0,49,legacy_planted_id_v0_audited_equivalent_to_query_payload_v1
runs\lightning_mag_full\jigsaw-mag-gcp-cpux8-meanrrf-s20260607-dark-v5-rescue-v16\summary.csv,runs/lightning_mag_full/jigsaw-mag-gcp-cpux8-meanrrf-s20260607-dark-v5-rescue-v16/results\prod_mag_rgcn_seed7202_s20260607_q50_types_all_sizes20_50_100_mean_rrf_component_b20_50_100_200_500_1000_per_query.csv,mag,mag,20260607,mag_rgcn_best,degree_k_hop,50,coarse_mean_rrf,mean_rrf_component,type_rel_feat32,50,42,50,0,42,0,0,0,3,42,3,4.518614321019995,2.4717148470008397,11.980591435349968,103024.92,450834.0499999996,1003.08,2435.5388428502074,428726.35872810433,26.46,0.09945098039215686,0.2613149994201692,1706.5,1982.15,1994.0,25.942805006730982,1240.8828031307373,235.7885436078231,0,0,0,15,7,7,3,6,4,0,,,,,,,,,,,,,,,,,,,,,,,,,,,,,,,,,,,,,,,,,,,,,,,,,,,,,,,,,,,,,,,,,,,,,,,,,,,,,,,,,,,,,,,,,,,,,,,,,,,,,,,,,,,,,,,,,,,,,,0,0,0,0,0,0,15,15,7,22,7,29,3,32,6,38,4,42,0,42,legacy_planted_id_v0_audited_equivalent_to_query_payload_v1
runs\lightning_mag_full\jigsaw-mag-gcp-cpux8-meanrrf-s20260607-dark-v5-rescue-v16\summary.csv,runs/lightning_mag_full/jigsaw-mag-gcp-cpux8-meanrrf-s20260607-dark-v5-rescue-v16/results\prod_mag_rgcn_seed7202_s20260607_q50_types_all_sizes20_50_100_mean_rrf_component_b20_50_100_200_500_1000_per_query.csv,mag,mag,20260607,mag_rgcn_best,degree_k_hop,100,coarse_mean_rrf,mean_rrf_component,type_rel_feat32,50,41,50,0,41,0,0,0,4,43,4,6.941114396680205,5.140873548500167,23.918179915951434,185245.32,640248.25,2179.18,1375.8238794933038,111778.1069100269,54.74,0.1397766497461929,0.23895230624540023,1823.0,1987.1,1988.51,31.25940002042293,1297.077843081267,464.62631851269356,0,0,0,4,8,7,8,7,7,0,,,,,,,,,,,,,,,,,,,,,,,,,,,,,,,,,,,,,,,,,,,,,,,,,,,,,,,,,,,,,,,,,,,,,,,,,,,,,,,,,,,,,,,,,,,,,,,,,,,,,,,,,,,,,,,,,,,,,,0,0,0,0,0,0,4,4,8,12,7,19,8,27,7,34,7,41,0,41,legacy_planted_id_v0_audited_equivalent_to_query_payload_v1
runs\lightning_mag_full\jigsaw-mag-gcp-cpux8-meanrrf-s20260607-dark-v5-rescue-v16\summary.csv,runs/lightning_mag_full/jigsaw-mag-gcp-cpux8-meanrrf-s20260607-dark-v5-rescue-v16/results\prod_mag_rgcn_seed7202_s20260607_q50_types_all_sizes20_50_100_mean_rrf_component_b20_50_100_200_500_1000_per_query.csv,mag,mag,20260607,mag_rgcn_best,random_walk,20,coarse_mean_rrf,mean_rrf_component,type_rel_feat32,50,45,50,0,45,0,0,0,0,39,0,6.823140343959949,7.176470163999966,12.590551976450246,92605.48,299297.45,229.58,7305.484109231479,763229.2364276601,12.32,0.05483181818181818,0.39592576687549247,1420.0,1927.75,1986.55,24.444213772757063,1540.8303083045273,9.883406231824665,0,0,0,5,2,8,5,13,12,0,,,,,,,,,,,,,,,,,,,,,,,,,,,,,,,,,,,,,,,,,,,,,,,,,,,,,,,,,,,,,,,,,,,,,,,,,,,,,,,,,,,,,,,,,,,,,,,,,,,,,,,,,,,,,,,,,,,,,,0,0,0,0,0,0,5,5,2,7,8,15,5,20,13,33,12,45,0,45,legacy_planted_id_v0_audited_equivalent_to_query_payload_v1
runs\lightning_mag_full\jigsaw-mag-gcp-cpux8-meanrrf-s20260607-dark-v5-rescue-v16\summary.csv,runs/lightning_mag_full/jigsaw-mag-gcp-cpux8-meanrrf-s20260607-dark-v5-rescue-v16/results\prod_mag_rgcn_seed7202_s20260607_q50_types_all_sizes20_50_100_mean_rrf_component_b20_50_100_200_500_1000_per_query.csv,mag,mag,20260607,mag_rgcn_best,random_walk,50,coarse_mean_rrf,mean_rrf_component,type_rel_feat32,50,32,50,0,32,0,0,0,0,26,0,10.689345760119922,11.82455179550061,13.409902123500114,210814.54,450426.75,624.48,1051.2682304613452,200627.87446469834,29.14,0.07018279569892473,0.35580631236740007,1816.5,1986.2,1994.1,26.814495329728814,1895.5523135376268,20.101048491032934,0,0,0,0,0,2,3,9,18,0,,,,,,,,,,,,,,,,,,,,,,,,,,,,,,,,,,,,,,,,,,,,,,,,,,,,,,,,,,,,,,,,,,,,,,,,,,,,,,,,,,,,,,,,,,,,,,,,,,,,,,,,,,,,,,,,,,,,,,0,0,0,0,0,0,0,0,0,0,2,2,3,5,9,14,18,32,0,32,legacy_planted_id_v0_audited_equivalent_to_query_payload_v1
runs\lightning_mag_full\jigsaw-mag-gcp-cpux8-meanrrf-s20260607-dark-v5-rescue-v16\summary.csv,runs/lightning_mag_full/jigsaw-mag-gcp-cpux8-meanrrf-s20260607-dark-v5-rescue-v16/results\prod_mag_rgcn_seed7202_s20260607_q50_types_all_sizes20_50_100_mean_rrf_component_b20_50_100_200_500_1000_per_query.csv,mag,mag,20260607,mag_rgcn_best,random_walk,100,coarse_mean_rrf,mean_rrf_component,type_rel_feat32,50,8,50,0,8,0,0,0,1,7,1,13.100165878200023,13.042495323998992,16.268688257348185,313868.18,484560.0,1986.26,473.9962304216649,85624.30022910115,58.56,0.09183333333333334,0.31087441365089935,1939.5,1996.55,1999.02,31.288299499974528,2078.240750690008,105.12022900999607,0,0,0,0,0,0,0,0,8,0,,,,,,,,,,,,,,,,,,,,,,,,,,,,,,,,,,,,,,,,,,,,,,,,,,,,,,,,,,,,,,,,,,,,,,,,,,,,,,,,,,,,,,,,,,,,,,,,,,,,,,,,,,,,,,,,,,,,,,0,0,0,0,0,0,0,0,0,0,0,0,0,0,0,0,8,8,0,8,legacy_planted_id_v0_audited_equivalent_to_query_payload_v1
corrected_connected_rerun::prod_mag_seed7202_s20260607_q50_types_multi_fine_multi_coarse_sizes20_50_100_mean_rrf_component_b20_50_100_200_500_1000_per_query.csv,C:\Users\Swastik\Desktop\Jigsaw\runs\lcr_mag_v3\results\prod_mag_seed7202_s20260607_q50_types_multi_fine_multi_coarse_sizes20_50_100_mean_rrf_component_b20_50_100_200_500_1000_per_query.csv,mag,mag,20260607,mag_rgcn_best,multi_coarse,20,coarse_mean_rrf,mean_rrf_component,type_rel_feat32,50,33,50,0,33,0,0,0,1,29,1,8.195067769439884,8.79642190550021,12.772181779350102,194800.12,370862.69999999995,334.9,2541.6311928291866,1524680.0795345004,4.26,0.016358490566037737,0.39905660377358493,1210.5,1897.1499999999996,1960.31,21.090362716989507,1511.3492434641332,34.88995831697671,0,0,0,2,0,0,3,17,11,0,,,,,,,,,,,,,,,,,,,,,,,,,,,,,,,,,,,,,,,,,,,,,,,,,,,,,,,,,,,,,,,,,,,,,,,,,,,,,,,,,,,,,,,,,,,,,,,,,,,,,,,,,,,,,,,,,,,,,,0,0,0,0,0,0,2,2,0,2,0,2,3,5,17,22,11,33,0,33,legacy_planted_id_v0_audited_equivalent_to_query_payload_v1
corrected_connected_rerun::prod_mag_seed7202_s20260607_q50_types_multi_fine_multi_coarse_sizes20_50_100_mean_rrf_component_b20_50_100_200_500_1000_per_query.csv,C:\Users\Swastik\Desktop\Jigsaw\runs\lcr_mag_v3\results\prod_mag_seed7202_s20260607_q50_types_multi_fine_multi_coarse_sizes20_50_100_mean_rrf_component_b20_50_100_200_500_1000_per_query.csv,mag,mag,20260607,mag_rgcn_best,multi_coarse,50,coarse_mean_rrf,mean_rrf_component,type_rel_feat32,50,33,50,0,33,0,0,0,0,32,1,8.65996101378034,9.048178812000515,12.696793193996292,306257.6,553845.0499999999,521.4,299.5919605024038,463137.48889922374,4.16,0.017645756457564575,0.45522755227552275,754.5,1762.6,1910.6899999999996,23.66202702972585,1548.7032650295862,49.07551980073462,0,0,0,1,1,1,2,13,15,0,,,,,,,,,,,,,,,,,,,,,,,,,,,,,,,,,,,,,,,,,,,,,,,,,,,,,,,,,,,,,,,,,,,,,,,,,,,,,,,,,,,,,,,,,,,,,,,,,,,,,,,,,,,,,,,,,,,,,,0,0,0,0,0,0,1,1,1,2,1,3,2,5,13,18,15,33,0,33,legacy_planted_id_v0_audited_equivalent_to_query_payload_v1
corrected_connected_rerun::prod_mag_seed7202_s20260607_q50_types_multi_fine_multi_coarse_sizes20_50_100_mean_rrf_component_b20_50_100_200_500_1000_per_query.csv,C:\Users\Swastik\Desktop\Jigsaw\runs\lcr_mag_v3\results\prod_mag_seed7202_s20260607_q50_types_multi_fine_multi_coarse_sizes20_50_100_mean_rrf_component_b20_50_100_200_500_1000_per_query.csv,mag,mag,20260607,mag_rgcn_best,multi_coarse,100,coarse_mean_rrf,mean_rrf_component,type_rel_feat32,50,36,50,0,36,0,0,0,0,31,0,7.940688012400133,9.134057616500286,12.54959383990208,363298.34,583168.35,398.02,206.22278061612738,144753.9049580191,4.16,0.020361216730038025,0.4986058301647655,723.0,1625.3499999999995,1847.7599999999998,26.736827019233615,1495.838993851751,13.797510406829316,0,0,0,1,2,4,1,10,18,0,,,,,,,,,,,,,,,,,,,,,,,,,,,,,,,,,,,,,,,,,,,,,,,,,,,,,,,,,,,,,,,,,,,,,,,,,,,,,,,,,,,,,,,,,,,,,,,,,,,,,,,,,,,,,,,,,,,,,,0,0,0,0,0,0,1,1,2,3,4,7,1,8,10,18,18,36,0,36,legacy_planted_id_v0_audited_equivalent_to_query_payload_v1
/workspace/jigsaw_pkg/runs/noid_negative_mag_v3/results/prod_mag_pv1_s20260607_neg_mean_rrf_component_b20_50_100_200_500_1000_per_query.csv,/workspace/jigsaw_pkg/runs/noid_negative_mag_v3/results/prod_mag_pv1_s20260607_neg_mean_rrf_component_b20_50_100_200_500_1000_per_query.csv,mag,mag,20260607,mag_walkaware_best,negative_label,20,coarse_mean_rrf,mean_rrf_component,type_rel_feat32,50,0,0,50,0,0,50,0,0,9,0,4.456507720879836,4.439797646000443,5.413794057400081,191183.86,545809.3,0.0,9320.670592657667,802968.0624408409,10.54,0.02773333333333327,0.414725112578054,1569.5,1941.1,1965.3799999999999,22.178567579940136,742.7512868133059,0.0,0,0,0,0,0,0,0,0,0,0,query_payload_v1_negative_rerun_2026-08-01,50,0,,0,1,0,50,0,0.742751286813,0.0221785675799,4.456507720879836,191183.86,,,,,,,,0,,,,,,,,,,,,,,,,,,,,,,,,,,,,,,,,,,,,,,,,,,,,,,,,,,,,,,,,,,,,,,,,,,,,,,,,,,,,,,,,,,,,,,,,,,,,,,,0.18,0,0,0,0,0,0,0,0,0,0,0,0,0,0,0,0,0,0,0,0,0,query_payload_v1
/workspace/jigsaw_pkg/runs/noid_negative_mag_v3/results/prod_mag_pv1_s20260607_neg_mean_rrf_component_b20_50_100_200_500_1000_per_query.csv,/workspace/jigsaw_pkg/runs/noid_negative_mag_v3/results/prod_mag_pv1_s20260607_neg_mean_rrf_component_b20_50_100_200_500_1000_per_query.csv,mag,mag,20260607,mag_walkaware_best,negative_label,50,coarse_mean_rrf,mean_rrf_component,type_rel_feat32,50,0,0,50,0,0,50,0,0,9,0,4.517892359439793,4.512095931000204,5.107206521348871,294525.18,562714.1499999999,0.0,1771.0269042437938,370663.29564052663,23.94,0.06092666666666663,0.40150187684424565,1663.0,1976.35,1997.06,26.220195919922844,752.9820599066321,0.0,0,0,0,0,0,0,0,0,0,0,query_payload_v1_negative_rerun_2026-08-01,50,0,,0,1,0,50,0,0.752982059907,0.0262201959199,4.517892359439793,294525.18,,,,,,,,0,,,,,,,,,,,,,,,,,,,,,,,,,,,,,,,,,,,,,,,,,,,,,,,,,,,,,,,,,,,,,,,,,,,,,,,,,,,,,,,,,,,,,,,,,,,,,,,0.18,0,0,0,0,0,0,0,0,0,0,0,0,0,0,0,0,0,0,0,0,0,query_payload_v1
/workspace/jigsaw_pkg/runs/noid_negative_mag_v3/results/prod_mag_pv1_s20260607_neg_mean_rrf_component_b20_50_100_200_500_1000_per_query.csv,/workspace/jigsaw_pkg/runs/noid_negative_mag_v3/results/prod_mag_pv1_s20260607_neg_mean_rrf_component_b20_50_100_200_500_1000_per_query.csv,mag,mag,20260607,mag_walkaware_best,negative_label,100,coarse_mean_rrf,mean_rrf_component,type_rel_feat32,50,0,0,50,0,0,50,0,0,10,0,4.673735755600028,4.60312484250062,5.224160589049461,357502.26,667675.1999999998,0.0,856.5738074377198,321116.33223898546,52.46,0.08742333333333327,0.3430686864013294,1923.0,1997.5500000000002,1999.02,32.621564400105854,778.9559592666714,0.0,0,0,0,0,0,0,0,0,0,0,query_payload_v1_negative_rerun_2026-08-01,50,0,,0,1,0,50,0,0.778955959267,0.0326215644001,4.673735755600028,357502.26,,,,,,,,0,,,,,,,,,,,,,,,,,,,,,,,,,,,,,,,,,,,,,,,,,,,,,,,,,,,,,,,,,,,,,,,,,,,,,,,,,,,,,,,,,,,,,,,,,,,,,,,0.2,0,0,0,0,0,0,0,0,0,0,0,0,0,0,0,0,0,0,0,0,0,query_payload_v1
/workspace/jigsaw_pkg/runs/noid_negative_mag_v3/results/prod_mag_pv1_s20260607_neg_mean_rrf_component_b20_50_100_200_500_1000_per_query.csv,/workspace/jigsaw_pkg/runs/noid_negative_mag_v3/results/prod_mag_pv1_s20260607_neg_mean_rrf_component_b20_50_100_200_500_1000_per_query.csv,mag,mag,20260607,mag_walkaware_best,negative_structure,20,coarse_mean_rrf,mean_rrf_component,type_rel_feat32,50,1,0,50,0,1,49,0,0,45,0,4.311304686260228,4.213320569001098,5.878131799101084,212789.92,543853.2,292.28,7042.391221716635,800381.9147558843,11.24,0.04607357859531768,0.5066271796819702,1462.0,1972.15,1980.51,21.69919396658049,707.9534361772854,13.000524735796102,0,0,0,0,0,0,0,1,0,0,query_payload_v1_negative_rerun_2026-08-01,50,0.02,,0.02,0.98,1,49,0.0130005247358,0.707953436177,0.0216991939666,4.311304686260228,212789.92,,,,,,,,0,,,,,,,,,,,,,,,,,,,,,,,,,,,,,,,,,,,,,,,,,,,,,,,,,,,,,,,,,,,,,,,,,,,,,,,,,,,,,,,,,,,,,,,,,,,,,,,0.9,0,0,0,0,0,0,0,0,0,0,0,0,0,0,0,1,1,0,1,0,1,query_payload_v1
/workspace/jigsaw_pkg/runs/noid_negative_mag_v3/results/prod_mag_pv1_s20260607_neg_mean_rrf_component_b20_50_100_200_500_1000_per_query.csv,/workspace/jigsaw_pkg/runs/noid_negative_mag_v3/results/prod_mag_pv1_s20260607_neg_mean_rrf_component_b20_50_100_200_500_1000_per_query.csv,mag,mag,20260607,mag_walkaware_best,negative_structure,50,coarse_mean_rrf,mean_rrf_component,type_rel_feat32,50,0,0,50,0,0,49,1,1,45,1,4.811539230919807,4.549282148999737,5.172775218599099,250060.02,633387.7,768.14,2924.288816621706,191983.00866750145,24.76,0.08084000000000001,0.47263429568414184,1737.5,1935.75,1945.5500000000002,25.98527128007845,727.9082824699829,74.01492268331822,0,0,0,0,0,0,0,0,0,0,query_payload_v1_negative_rerun_2026-08-01,50,0,,0,0.98,0,50,0.0740149226833,0.72790828247,0.0259852712801,4.811539230919807,250060.02,,,,,,,,1,,,,,,,,,,,,,,,,,,,,,,,,,,,,,,,,,,,,,,,,,,,,,,,,,,,,,,,,,,,,,,,,,,,,,,,,,,,,,,,,,,,,,,,,,,,,,,,0.9,0.02,0,0,0,0,0,0,0,0,0,0,0,0,0,0,0,0,0,0,0,0,query_payload_v1
/workspace/jigsaw_pkg/runs/noid_negative_mag_v3/results/prod_mag_pv1_s20260607_neg_mean_rrf_component_b20_50_100_200_500_1000_per_query.csv,/workspace/jigsaw_pkg/runs/noid_negative_mag_v3/results/prod_mag_pv1_s20260607_neg_mean_rrf_component_b20_50_100_200_500_1000_per_query.csv,mag,mag,20260607,mag_walkaware_best,negative_structure,100,coarse_mean_rrf,mean_rrf_component,type_rel_feat32,50,0,0,50,0,0,50,0,0,47,0,4.864175053580056,4.8059429735003505,6.729607212000154,341406.82,690614.55,515.88,1000.3021749221392,117386.4739055333,52.86,0.1195233333333334,0.39570413509027463,1857.5,1988.3,1993.51,31.378955239943025,782.2514518533324,28.44439041001048,0,0,0,0,0,0,0,0,0,0,query_payload_v1_negative_rerun_2026-08-01,50,0,,0,1,0,50,0.02844439041,0.782251451853,0.0313789552399,4.864175053580056,341406.82,,,,,,,,0,,,,,,,,,,,,,,,,,,,,,,,,,,,,,,,,,,,,,,,,,,,,,,,,,,,,,,,,,,,,,,,,,,,,,,,,,,,,,,,,,,,,,,,,,,,,,,,0.94,0,0,0,0,0,0,0,0,0,0,0,0,0,0,0,0,0,0,0,0,0,query_payload_v1
runs\lightning_mag_full\jigsaw-mag-gcp-cpux8-topo-s20260607-dark-v2-resume\summary.csv,runs\lightning_mag_full\jigsaw-mag-gcp-cpux8-topo-s20260607-dark-v2-resume\results\prod_mag_rgcn_seed7202_s20260607_q50_types_all_sizes20_50_100_topo_feature_component_b20_50_100_200_500_1000_per_query.csv,mag,mag,20260607,mag,single,20,topo_feature,topo_feature_component,type_rel_feat32,50,31,50,0,31,0,0,0,0,28,0,6.889710597900023,7.673337206999861,8.273338277849888,169856.34,374102.8,69.46,3325.5729474004916,5299741.14492089,1.0,0.0001814946619217082,0.09608540925266904,948.5,1801.8999999999996,1983.08,0.705108245545544,1223.8021569501814,2.1249957010681895,0,0,0,0,0,0,5,9,17,0,,,,,,,,,,,,,,,,,,,,,,,,,,,,,,,,,,,,,,,,,,,,,,,,,,,,,,,,,,,,,,,,,,,,,,,,,,,,,,,,,,,,,,,,,,,,,,,,,,,,,,,,,,,,,,,,,,,,,,0,0,0,0,0,0,0,0,0,0,0,0,5,5,9,14,17,31,0,31,legacy_planted_id_v0_audited_equivalent_to_query_payload_v1
runs\lightning_mag_full\jigsaw-mag-gcp-cpux8-topo-s20260607-dark-v2-resume\summary.csv,runs\lightning_mag_full\jigsaw-mag-gcp-cpux8-topo-s20260607-dark-v2-resume\results\prod_mag_rgcn_seed7202_s20260607_q50_types_all_sizes20_50_100_topo_feature_component_b20_50_100_200_500_1000_per_query.csv,mag,mag,20260607,mag,single,50,topo_feature,topo_feature_component,type_rel_feat32,50,31,50,0,31,0,0,0,0,29,0,6.852972959860181,7.723080503999881,9.578060552649639,194134.18,443395.75,72.16,2319.621477117108,3354079.1337004052,1.0,0.0003768115942028986,0.10144927536231885,866.5,1820.3000000000002,1963.46,0.7107003441894673,1239.1599408406034,2.320667829719136,0,0,0,1,0,1,3,10,16,0,,,,,,,,,,,,,,,,,,,,,,,,,,,,,,,,,,,,,,,,,,,,,,,,,,,,,,,,,,,,,,,,,,,,,,,,,,,,,,,,,,,,,,,,,,,,,,,,,,,,,,,,,,,,,,,,,,,,,,0,0,0,0,0,0,1,1,0,1,1,2,3,5,10,15,16,31,0,31,legacy_planted_id_v0_audited_equivalent_to_query_payload_v1
runs\lightning_mag_full\jigsaw-mag-gcp-cpux8-topo-s20260607-dark-v2-resume\summary.csv,runs\lightning_mag_full\jigsaw-mag-gcp-cpux8-topo-s20260607-dark-v2-resume\results\prod_mag_rgcn_seed7202_s20260607_q50_types_all_sizes20_50_100_topo_feature_component_b20_50_100_200_500_1000_per_query.csv,mag,mag,20260607,mag,single,100,topo_feature,topo_feature_component,type_rel_feat32,50,20,50,0,20,0,0,0,0,20,0,7.659375597719945,8.37852471049996,8.625511136850037,283102.22,519502.05,59.24,934.238058548899,2244497.6832086598,1.0,0.00019298245614035088,0.06666666666666667,1196.0,1924.0999999999997,1994.04,0.7502957227683382,1341.5784938982365,2.1716109649117388,0,0,0,0,1,1,0,8,10,0,,,,,,,,,,,,,,,,,,,,,,,,,,,,,,,,,,,,,,,,,,,,,,,,,,,,,,,,,,,,,,,,,,,,,,,,,,,,,,,,,,,,,,,,,,,,,,,,,,,,,,,,,,,,,,,,,,,,,,0,0,0,0,0,0,0,0,1,1,1,2,0,2,8,10,10,20,0,20,legacy_planted_id_v0_audited_equivalent_to_query_payload_v1
corrected_connected_rerun::prod_mag_seed7202_s20260607_q50_types_multi_fine_multi_coarse_sizes20_50_100_topo_feature_component_b20_50_100_200_500_1000_per_query.csv,C:\Users\Swastik\Desktop\Jigsaw\runs\lcr_mag_v3\results\prod_mag_seed7202_s20260607_q50_types_multi_fine_multi_coarse_sizes20_50_100_topo_feature_component_b20_50_100_200_500_1000_per_query.csv,mag,mag,20260607,mag,multi_fine,20,topo_feature,topo_feature_component,type_rel_feat32,50,33,50,0,33,0,0,0,0,33,0,6.730442240399425,8.081556086497585,8.328101276494817,142586.76,390300.25,36.44,6744.184724958823,5939215.633325686,1.0,0.0002427536231884058,0.10144927536231885,921.5,1730.6499999999999,1897.21,0.7356610325376202,1217.8412082716338,1.4418062934793483,0,0,0,0,0,1,5,11,16,0,,,,,,,,,,,,,,,,,,,,,,,,,,,,,,,,,,,,,,,,,,,,,,,,,,,,,,,,,,,,,,,,,,,,,,,,,,,,,,,,,,,,,,,,,,,,,,,,,,,,,,,,,,,,,,,,,,,,,,0,0,0,0,0,0,0,0,0,0,1,1,5,6,11,17,16,33,0,33,legacy_planted_id_v0_audited_equivalent_to_query_payload_v1
corrected_connected_rerun::prod_mag_seed7202_s20260607_q50_types_multi_fine_multi_coarse_sizes20_50_100_topo_feature_component_b20_50_100_200_500_1000_per_query.csv,C:\Users\Swastik\Desktop\Jigsaw\runs\lcr_mag_v3\results\prod_mag_seed7202_s20260607_q50_types_multi_fine_multi_coarse_sizes20_50_100_topo_feature_component_b20_50_100_200_500_1000_per_query.csv,mag,mag,20260607,mag,multi_fine,50,topo_feature,topo_feature_component,type_rel_feat32,50,22,50,0,22,0,0,0,0,22,0,7.431479682220306,8.187712043998545,9.977222912850085,252365.56,518033.7,45.06,2741.920902484009,2735103.8599888515,1.0,0.00024822695035460994,0.07801418439716312,1161.5,1869.85,1922.7199999999998,0.760300599438727,1315.9491545035917,1.6890870248313692,0,0,0,0,2,0,0,10,10,0,,,,,,,,,,,,,,,,,,,,,,,,,,,,,,,,,,,,,,,,,,,,,,,,,,,,,,,,,,,,,,,,,,,,,,,,,,,,,,,,,,,,,,,,,,,,,,,,,,,,,,,,,,,,,,,,,,,,,,0,0,0,0,0,0,0,0,2,2,0,2,0,2,10,12,10,22,0,22,legacy_planted_id_v0_audited_equivalent_to_query_payload_v1
corrected_connected_rerun::prod_mag_seed7202_s20260607_q50_types_multi_fine_multi_coarse_sizes20_50_100_topo_feature_component_b20_50_100_200_500_1000_per_query.csv,C:\Users\Swastik\Desktop\Jigsaw\runs\lcr_mag_v3\results\prod_mag_seed7202_s20260607_q50_types_multi_fine_multi_coarse_sizes20_50_100_topo_feature_component_b20_50_100_200_500_1000_per_query.csv,mag,mag,20260607,mag,multi_fine,100,topo_feature,topo_feature_component,type_rel_feat32,50,28,50,0,28,0,0,0,0,28,0,7.255853380299814,8.10269570750097,8.321631808000166,367239.46,547607.5499999999,116.36,270.5734042771685,3089844.8578995112,1.0,0.0002198581560283688,0.09929078014184398,802.5,1945.25,1985.69,0.7678843971690887,1282.9123107552837,3.5865155390096564,0,0,0,0,0,1,5,5,17,0,,,,,,,,,,,,,,,,,,,,,,,,,,,,,,,,,,,,,,,,,,,,,,,,,,,,,,,,,,,,,,,,,,,,,,,,,,,,,,,,,,,,,,,,,,,,,,,,,,,,,,,,,,,,,,,,,,,,,,0,0,0,0,0,0,0,0,0,0,1,1,5,6,5,11,17,28,0,28,legacy_planted_id_v0_audited_equivalent_to_query_payload_v1
runs\lightning_mag_full\jigsaw-mag-gcp-cpux8-topo-s20260607-dark-v2-resume\summary.csv,runs\lightning_mag_full\jigsaw-mag-gcp-cpux8-topo-s20260607-dark-v2-resume\results\prod_mag_rgcn_seed7202_s20260607_q50_types_all_sizes20_50_100_topo_feature_component_b20_50_100_200_500_1000_per_query.csv,mag,mag,20260607,mag,k_hop,20,topo_feature,topo_feature_component,type_rel_feat32,50,30,50,0,30,0,0,0,0,27,0,7.100631077900034,7.948323041500089,8.505653133050055,118347.1,333068.69999999995,70.2,5666.970894407033,2778508.090296676,10.02,0.0036099290780141845,0.09988445852807555,1911.5,1990.55,1996.08,0.6831759042417087,1256.906578102844,2.070563368793465,0,0,0,0,0,1,3,9,17,0,,,,,,,,,,,,,,,,,,,,,,,,,,,,,,,,,,,,,,,,,,,,,,,,,,,,,,,,,,,,,,,,,,,,,,,,,,,,,,,,,,,,,,,,,,,,,,,,,,,,,,,,,,,,,,,,,,,,,,0,0,0,0,0,0,0,0,0,0,1,1,3,4,9,13,17,30,0,30,legacy_planted_id_v0_audited_equivalent_to_query_payload_v1
runs\lightning_mag_full\jigsaw-mag-gcp-cpux8-topo-s20260607-dark-v2-resume\summary.csv,runs\lightning_mag_full\jigsaw-mag-gcp-cpux8-topo-s20260607-dark-v2-resume\results\prod_mag_rgcn_seed7202_s20260607_q50_types_all_sizes20_50_100_topo_feature_component_b20_50_100_200_500_1000_per_query.csv,mag,mag,20260607,mag,k_hop,50,topo_feature,topo_feature_component,type_rel_feat32,50,17,50,0,17,0,0,0,0,14,0,8.686588727959988,8.927771520500187,10.915447037749914,246911.06,416071.8,348.86,2882.314049805492,1516625.540514054,28.64,0.010395189003436426,0.1142641776118173,1964.5,1999.0,2000.0,0.7698932405434892,1471.8075456701015,20.73347287972462,0,0,0,0,0,0,3,3,11,0,,,,,,,,,,,,,,,,,,,,,,,,,,,,,,,,,,,,,,,,,,,,,,,,,,,,,,,,,,,,,,,,,,,,,,,,,,,,,,,,,,,,,,,,,,,,,,,,,,,,,,,,,,,,,,,,,,,,,,0,0,0,0,0,0,0,0,0,0,0,0,3,3,3,6,11,17,0,17,legacy_planted_id_v0_audited_equivalent_to_query_payload_v1
runs\lightning_mag_full\jigsaw-mag-gcp-cpux8-topo-s20260607-dark-v2-resume\summary.csv,runs\lightning_mag_full\jigsaw-mag-gcp-cpux8-topo-s20260607-dark-v2-resume\results\prod_mag_rgcn_seed7202_s20260607_q50_types_all_sizes20_50_100_topo_feature_component_b20_50_100_200_500_1000_per_query.csv,mag,mag,20260607,mag,k_hop,100,topo_feature,topo_feature_component,type_rel_feat32,50,16,50,0,16,0,0,0,0,12,0,8.341892343220024,8.34295441500035,9.073198288299999,228401.94,452349.7499999999,218.14,1229.8862844695411,757493.4461322257,51.64,0.022869127516778526,0.135540110772274,1969.5,1997.0,1998.0,0.7195027987133331,1394.5497048892614,5.096661422823257,0,0,0,0,0,0,0,2,14,0,,,,,,,,,,,,,,,,,,,,,,,,,,,,,,,,,,,,,,,,,,,,,,,,,,,,,,,,,,,,,,,,,,,,,,,,,,,,,,,,,,,,,,,,,,,,,,,,,,,,,,,,,,,,,,,,,,,,,,0,0,0,0,0,0,0,0,0,0,0,0,0,0,2,2,14,16,0,16,legacy_planted_id_v0_audited_equivalent_to_query_payload_v1
runs\lightning_mag_full\jigsaw-mag-gcp-cpux8-topo-s20260607-dark-v2-resume\summary.csv,runs\lightning_mag_full\jigsaw-mag-gcp-cpux8-topo-s20260607-dark-v2-resume\results\prod_mag_rgcn_seed7202_s20260607_q50_types_all_sizes20_50_100_topo_feature_component_b20_50_100_200_500_1000_per_query.csv,mag,mag,20260607,mag,degree_k_hop,20,topo_feature,topo_feature_component,type_rel_feat32,50,28,50,0,28,0,0,0,0,26,0,7.24560511534005,7.965787068000509,10.024625152449879,139161.4,363316.04999999993,281.2,13180.477495647203,2631132.0744746327,10.44,0.005104693140794224,0.0940261379685886,1824.0,1994.6,2000.0,0.7576127147646339,1287.0244477256358,20.846511722026502,0,0,0,0,3,0,1,9,15,0,,,,,,,,,,,,,,,,,,,,,,,,,,,,,,,,,,,,,,,,,,,,,,,,,,,,,,,,,,,,,,,,,,,,,,,,,,,,,,,,,,,,,,,,,,,,,,,,,,,,,,,,,,,,,,,,,,,,,,0,0,0,0,0,0,0,0,3,3,0,3,1,4,9,13,15,28,0,28,legacy_planted_id_v0_audited_equivalent_to_query_payload_v1
runs\lightning_mag_full\jigsaw-mag-gcp-cpux8-topo-s20260607-dark-v2-resume\summary.csv,runs\lightning_mag_full\jigsaw-mag-gcp-cpux8-topo-s20260607-dark-v2-resume\results\prod_mag_rgcn_seed7202_s20260607_q50_types_all_sizes20_50_100_topo_feature_component_b20_50_100_200_500_1000_per_query.csv,mag,mag,20260607,mag,degree_k_hop,50,topo_feature,topo_feature_component,type_rel_feat32,50,16,50,0,16,0,0,0,0,14,0,8.82214305805991,9.043578514499814,10.052492219850135,201157.58,419188.25,418.0,2538.9437233738736,1301021.4261335908,26.46,0.010138983050847457,0.11501505405120922,1945.0,1998.1,1999.51,0.7816847084387072,1486.2968108610048,8.98167355592905,0,0,0,0,0,0,1,3,12,0,,,,,,,,,,,,,,,,,,,,,,,,,,,,,,,,,,,,,,,,,,,,,,,,,,,,,,,,,,,,,,,,,,,,,,,,,,,,,,,,,,,,,,,,,,,,,,,,,,,,,,,,,,,,,,,,,,,,,,0,0,0,0,0,0,0,0,0,0,0,0,1,1,3,4,12,16,0,16,legacy_planted_id_v0_audited_equivalent_to_query_payload_v1
runs\lightning_mag_full\jigsaw-mag-gcp-cpux8-topo-s20260607-dark-v2-resume\summary.csv,runs\lightning_mag_full\jigsaw-mag-gcp-cpux8-topo-s20260607-dark-v2-resume\results\prod_mag_rgcn_seed7202_s20260607_q50_types_all_sizes20_50_100_topo_feature_component_b20_50_100_200_500_1000_per_query.csv,mag,mag,20260607,mag,degree_k_hop,100,topo_feature,topo_feature_component,type_rel_feat32,50,13,50,0,13,0,0,0,0,11,0,8.402818069360183,8.529207614501956,10.131054062400334,278299.36,499832.74999999994,333.34,1403.8731385645815,711667.1320575764,54.74,0.024010204081632652,0.13480569320849775,1975.5,1999.55,2000.0,0.7134531021069559,1424.0169324626136,5.033759605444763,0,0,0,0,1,0,0,2,10,0,,,,,,,,,,,,,,,,,,,,,,,,,,,,,,,,,,,,,,,,,,,,,,,,,,,,,,,,,,,,,,,,,,,,,,,,,,,,,,,,,,,,,,,,,,,,,,,,,,,,,,,,,,,,,,,,,,,,,,0,0,0,0,0,0,0,0,1,1,0,1,0,1,2,3,10,13,0,13,legacy_planted_id_v0_audited_equivalent_to_query_payload_v1
runs\lightning_mag_full\jigsaw-mag-gcp-cpux8-topo-s20260607-dark-v2-resume\summary.csv,runs\lightning_mag_full\jigsaw-mag-gcp-cpux8-topo-s20260607-dark-v2-resume\results\prod_mag_rgcn_seed7202_s20260607_q50_types_all_sizes20_50_100_topo_feature_component_b20_50_100_200_500_1000_per_query.csv,mag,mag,20260607,mag,random_walk,20,topo_feature,topo_feature_component,type_rel_feat32,50,19,50,0,19,0,0,0,0,17,0,7.911234474140111,8.059408356499944,9.321219517550364,133258.18,341415.1,31.84,10158.37240213486,3097624.6163764065,12.32,0.003932659932659933,0.10567453532905263,1817.0,1979.05,1997.02,0.712102309772438,1330.7970587474936,1.0605968316496226,0,0,0,0,0,0,0,3,16,0,,,,,,,,,,,,,,,,,,,,,,,,,,,,,,,,,,,,,,,,,,,,,,,,,,,,,,,,,,,,,,,,,,,,,,,,,,,,,,,,,,,,,,,,,,,,,,,,,,,,,,,,,,,,,,,,,,,,,,0,0,0,0,0,0,0,0,0,0,0,0,0,0,3,3,16,19,0,19,legacy_planted_id_v0_audited_equivalent_to_query_payload_v1
runs\lightning_mag_full\jigsaw-mag-gcp-cpux8-topo-s20260607-dark-v2-resume\summary.csv,runs\lightning_mag_full\jigsaw-mag-gcp-cpux8-topo-s20260607-dark-v2-resume\results\prod_mag_rgcn_seed7202_s20260607_q50_types_all_sizes20_50_100_topo_feature_component_b20_50_100_200_500_1000_per_query.csv,mag,mag,20260607,mag,random_walk,50,topo_feature,topo_feature_component,type_rel_feat32,50,6,50,0,6,0,0,0,0,3,0,9.290477983860068,9.036362702500014,10.97635213204967,224216.22,420449.0,545.22,1148.9836106129344,966128.9675424347,29.14,0.011986666666666666,0.11966811981256742,1953.5,1997.5500000000002,1999.51,0.7519504800075083,1530.2337085900117,18.17928871999963,0,0,0,0,0,0,0,0,6,0,,,,,,,,,,,,,,,,,,,,,,,,,,,,,,,,,,,,,,,,,,,,,,,,,,,,,,,,,,,,,,,,,,,,,,,,,,,,,,,,,,,,,,,,,,,,,,,,,,,,,,,,,,,,,,,,,,,,,,0,0,0,0,0,0,0,0,0,0,0,0,0,0,0,0,6,6,0,6,legacy_planted_id_v0_audited_equivalent_to_query_payload_v1
runs\lightning_mag_full\jigsaw-mag-gcp-cpux8-topo-s20260607-dark-v2-resume\summary.csv,runs\lightning_mag_full\jigsaw-mag-gcp-cpux8-topo-s20260607-dark-v2-resume\results\prod_mag_rgcn_seed7202_s20260607_q50_types_all_sizes20_50_100_topo_feature_component_b20_50_100_200_500_1000_per_query.csv,mag,mag,20260607,mag,random_walk,100,topo_feature,topo_feature_component,type_rel_feat32,50,1,50,0,1,0,0,0,0,1,0,8.907351237340153,8.65101655450053,10.537081270850422,315624.56,478369.75,503.98,509.15326365678374,294302.5441432719,58.56,0.02478,0.11677726296435419,1974.0,1998.5500000000002,1999.51,0.7259287400665926,1465.9522768800161,18.606262676676124,0,0,0,0,0,0,0,0,1,0,,,,,,,,,,,,,,,,,,,,,,,,,,,,,,,,,,,,,,,,,,,,,,,,,,,,,,,,,,,,,,,,,,,,,,,,,,,,,,,,,,,,,,,,,,,,,,,,,,,,,,,,,,,,,,,,,,,,,,0,0,0,0,0,0,0,0,0,0,0,0,0,0,0,0,1,1,0,1,legacy_planted_id_v0_audited_equivalent_to_query_payload_v1
corrected_connected_rerun::prod_mag_seed7202_s20260607_q50_types_multi_fine_multi_coarse_sizes20_50_100_topo_feature_component_b20_50_100_200_500_1000_per_query.csv,C:\Users\Swastik\Desktop\Jigsaw\runs\lcr_mag_v3\results\prod_mag_seed7202_s20260607_q50_types_multi_fine_multi_coarse_sizes20_50_100_topo_feature_component_b20_50_100_200_500_1000_per_query.csv,mag,mag,20260607,mag,multi_coarse,20,topo_feature,topo_feature_component,type_rel_feat32,50,11,50,0,11,0,0,0,0,8,0,8.264467588019906,8.142399338499672,10.100079829051356,229691.74,433729.49999999994,36.42,623.203242544813,5751405.757570504,4.26,0.002104026845637584,0.13008948545861299,1689.5,1941.1,1997.0,0.7343249128476698,1385.768957573803,0.886678000006824,0,0,0,0,0,0,0,2,9,0,,,,,,,,,,,,,,,,,,,,,,,,,,,,,,,,,,,,,,,,,,,,,,,,,,,,,,,,,,,,,,,,,,,,,,,,,,,,,,,,,,,,,,,,,,,,,,,,,,,,,,,,,,,,,,,,,,,,,,0,0,0,0,0,0,0,0,0,0,0,0,0,0,2,2,9,11,0,11,legacy_planted_id_v0_audited_equivalent_to_query_payload_v1
corrected_connected_rerun::prod_mag_seed7202_s20260607_q50_types_multi_fine_multi_coarse_sizes20_50_100_topo_feature_component_b20_50_100_200_500_1000_per_query.csv,C:\Users\Swastik\Desktop\Jigsaw\runs\lcr_mag_v3\results\prod_mag_seed7202_s20260607_q50_types_multi_fine_multi_coarse_sizes20_50_100_topo_feature_component_b20_50_100_200_500_1000_per_query.csv,mag,mag,20260607,mag,multi_coarse,50,topo_feature,topo_feature_component,type_rel_feat32,50,10,50,0,10,0,0,0,0,10,0,8.09626508419984,8.09477446049641,8.404181254502145,336056.26,504048.0,45.64,354.1100768441851,3481715.4533827193,4.16,0.0017290969899665552,0.14386845039018953,1687.0,1966.35,1991.08,0.7550101071559352,1352.6011849631643,1.2892973445012097,0,0,0,0,0,0,0,1,9,0,,,,,,,,,,,,,,,,,,,,,,,,,,,,,,,,,,,,,,,,,,,,,,,,,,,,,,,,,,,,,,,,,,,,,,,,,,,,,,,,,,,,,,,,,,,,,,,,,,,,,,,,,,,,,,,,,,,,,,0,0,0,0,0,0,0,0,0,0,0,0,0,0,1,1,9,10,0,10,legacy_planted_id_v0_audited_equivalent_to_query_payload_v1
corrected_connected_rerun::prod_mag_seed7202_s20260607_q50_types_multi_fine_multi_coarse_sizes20_50_100_topo_feature_component_b20_50_100_200_500_1000_per_query.csv,C:\Users\Swastik\Desktop\Jigsaw\runs\lcr_mag_v3\results\prod_mag_seed7202_s20260607_q50_types_multi_fine_multi_coarse_sizes20_50_100_topo_feature_component_b20_50_100_200_500_1000_per_query.csv,mag,mag,20260607,mag,multi_coarse,100,topo_feature,topo_feature_component,type_rel_feat32,50,5,50,0,5,0,0,0,0,5,0,8.330221440099923,8.217438524496174,9.49806693929913,434121.0,522697.4,67.08,247.1097177928663,1979201.4073910017,4.16,0.0012166666666666667,0.1205,1682.5,1976.0,1984.0,0.911828720199992,1387.101128523306,1.2691114933477365,0,0,0,0,0,0,0,0,5,0,,,,,,,,,,,,,,,,,,,,,,,,,,,,,,,,,,,,,,,,,,,,,,,,,,,,,,,,,,,,,,,,,,,,,,,,,,,,,,,,,,,,,,,,,,,,,,,,,,,,,,,,,,,,,,,,,,,,,,0,0,0,0,0,0,0,0,0,0,0,0,0,0,0,0,5,5,0,5,legacy_planted_id_v0_audited_equivalent_to_query_payload_v1
/workspace/jigsaw_pkg/runs/noid_negative_mag_v3/results/prod_mag_pv1_s20260607_neg_topo_feature_component_b20_50_100_200_500_1000_per_query.csv,/workspace/jigsaw_pkg/runs/noid_negative_mag_v3/results/prod_mag_pv1_s20260607_neg_topo_feature_component_b20_50_100_200_500_1000_per_query.csv,mag,mag,20260607,mag,negative_label,20,topo_feature,topo_feature_component,type_rel_feat32,50,0,0,50,0,0,50,0,0,4,0,3.5834484436996537,3.452075875499304,4.728316330549296,145541.1,369358.1,0.0,9926.441386527016,2609558.1398152853,10.54,0.0036700000000000014,0.09767931469402052,1833.5,1990.1,1995.08,0.8066881400554848,597.2414072832756,0.0,0,0,0,0,0,0,0,0,0,0,query_payload_v1_negative_rerun_2026-08-01,50,0,,0,1,0,50,0,0.597241407283,0.000806688140055,3.5834484436996537,145541.1,,,,,,,,0,,,,,,,,,,,,,,,,,,,,,,,,,,,,,,,,,,,,,,,,,,,,,,,,,,,,,,,,,,,,,,,,,,,,,,,,,,,,,,,,,,,,,,,,,,,,,,,0.08,0,0,0,0,0,0,0,0,0,0,0,0,0,0,0,0,0,0,0,0,0,query_payload_v1
/workspace/jigsaw_pkg/runs/noid_negative_mag_v3/results/prod_mag_pv1_s20260607_neg_topo_feature_component_b20_50_100_200_500_1000_per_query.csv,/workspace/jigsaw_pkg/runs/noid_negative_mag_v3/results/prod_mag_pv1_s20260607_neg_topo_feature_component_b20_50_100_200_500_1000_per_query.csv,mag,mag,20260607,mag,negative_label,50,topo_feature,topo_feature_component,type_rel_feat32,50,0,0,50,0,0,50,0,0,9,0,3.6652652213198964,3.5673064479997265,5.281223416300053,227971.6,411984.69999999995,0.0,2160.0994923773433,1506297.2629335327,23.94,0.010029999999999987,0.11673426388383902,1950.0,1994.1999999999998,1998.51,0.8769164999830537,610.8775368866493,0.0,0,0,0,0,0,0,0,0,0,0,query_payload_v1_negative_rerun_2026-08-01,50,0,,0,1,0,50,0,0.610877536887,0.000876916499983,3.6652652213198964,227971.6,,,,,,,,0,,,,,,,,,,,,,,,,,,,,,,,,,,,,,,,,,,,,,,,,,,,,,,,,,,,,,,,,,,,,,,,,,,,,,,,,,,,,,,,,,,,,,,,,,,,,,,,0.18,0,0,0,0,0,0,0,0,0,0,0,0,0,0,0,0,0,0,0,0,0,query_payload_v1
/workspace/jigsaw_pkg/runs/noid_negative_mag_v3/results/prod_mag_pv1_s20260607_neg_topo_feature_component_b20_50_100_200_500_1000_per_query.csv,/workspace/jigsaw_pkg/runs/noid_negative_mag_v3/results/prod_mag_pv1_s20260607_neg_topo_feature_component_b20_50_100_200_500_1000_per_query.csv,mag,mag,20260607,mag,negative_label,100,topo_feature,topo_feature_component,type_rel_feat32,50,0,0,50,0,0,50,0,0,3,0,3.708399182479898,3.6253582209988053,4.7385229769497945,272390.5,513763.6,0.0,1121.1014907796846,936395.8327689652,52.46,0.023089999999999958,0.14047031490893383,1978.5,1998.0,1999.51,0.9175547799895867,618.0665304133163,0.0,0,0,0,0,0,0,0,0,0,0,query_payload_v1_negative_rerun_2026-08-01,50,0,,0,1,0,50,0,0.618066530413,0.00091755477999,3.708399182479898,272390.5,,,,,,,,0,,,,,,,,,,,,,,,,,,,,,,,,,,,,,,,,,,,,,,,,,,,,,,,,,,,,,,,,,,,,,,,,,,,,,,,,,,,,,,,,,,,,,,,,,,,,,,,0.06,0,0,0,0,0,0,0,0,0,0,0,0,0,0,0,0,0,0,0,0,0,query_payload_v1
/workspace/jigsaw_pkg/runs/noid_negative_mag_v3/results/prod_mag_pv1_s20260607_neg_topo_feature_component_b20_50_100_200_500_1000_per_query.csv,/workspace/jigsaw_pkg/runs/noid_negative_mag_v3/results/prod_mag_pv1_s20260607_neg_topo_feature_component_b20_50_100_200_500_1000_per_query.csv,mag,mag,20260607,mag,negative_structure,20,topo_feature,topo_feature_component,type_rel_feat32,50,1,0,50,0,1,49,0,0,24,0,3.374039924739827,3.315565622999202,4.030024710450743,163405.68,345103.75,109.98,7539.76987294798,2894395.866959457,11.24,0.0045953177257525065,0.1129939706936558,1770.0,1953.65,1974.79,0.8188323277577746,561.8221248126895,2.3985983879505404,0,0,0,0,0,0,0,1,0,0,query_payload_v1_negative_rerun_2026-08-01,50,0.02,,0.02,0.98,1,49,0.00239859838795,0.561822124813,0.000818832327758,3.374039924739827,163405.68,,,,,,,,0,,,,,,,,,,,,,,,,,,,,,,,,,,,,,,,,,,,,,,,,,,,,,,,,,,,,,,,,,,,,,,,,,,,,,,,,,,,,,,,,,,,,,,,,,,,,,,,0.48,0,0,0,0,0,0,0,0,0,0,0,0,0,0,0,1,1,0,1,0,1,query_payload_v1
/workspace/jigsaw_pkg/runs/noid_negative_mag_v3/results/prod_mag_pv1_s20260607_neg_topo_feature_component_b20_50_100_200_500_1000_per_query.csv,/workspace/jigsaw_pkg/runs/noid_negative_mag_v3/results/prod_mag_pv1_s20260607_neg_topo_feature_component_b20_50_100_200_500_1000_per_query.csv,mag,mag,20260607,mag,negative_structure,50,topo_feature,topo_feature_component,type_rel_feat32,50,0,0,50,0,0,50,0,0,16,0,3.7347306144799948,3.5598378160007087,5.556651385849909,196959.04,414971.3,346.4,3992.564994685978,1657217.4575188234,24.76,0.008483333333333315,0.11194524674957376,1921.0,1986.2,1991.04,0.8669772200664738,607.2295316666623,15.2255707466702,0,0,0,0,0,0,0,0,0,0,query_payload_v1_negative_rerun_2026-08-01,50,0,,0,1,0,50,0.0152255707467,0.607229531667,0.000866977220066,3.7347306144799948,196959.04,,,,,,,,0,,,,,,,,,,,,,,,,,,,,,,,,,,,,,,,,,,,,,,,,,,,,,,,,,,,,,,,,,,,,,,,,,,,,,,,,,,,,,,,,,,,,,,,,,,,,,,,0.32,0,0,0,0,0,0,0,0,0,0,0,0,0,0,0,0,0,0,0,0,0,query_payload_v1
/workspace/jigsaw_pkg/runs/noid_negative_mag_v3/results/prod_mag_pv1_s20260607_neg_topo_feature_component_b20_50_100_200_500_1000_per_query.csv,/workspace/jigsaw_pkg/runs/noid_negative_mag_v3/results/prod_mag_pv1_s20260607_neg_topo_feature_component_b20_50_100_200_500_1000_per_query.csv,mag,mag,20260607,mag,negative_structure,100,topo_feature,topo_feature_component,type_rel_feat32,50,0,0,50,0,0,50,0,0,13,0,3.780318628479872,3.6916593909991207,4.468010931653042,261756.28,488184.2499999999,165.44,1435.0245405339404,684608.4463262295,52.86,0.022399999999999975,0.13416172888499275,1979.0,1997.0,1997.51,0.9745676799502689,626.8768140499742,3.176290696671155,0,0,0,0,0,0,0,0,0,0,query_payload_v1_negative_rerun_2026-08-01,50,0,,0,1,0,50,0.00317629069667,0.62687681405,0.00097456767995,3.780318628479872,261756.28,,,,,,,,0,,,,,,,,,,,,,,,,,,,,,,,,,,,,,,,,,,,,,,,,,,,,,,,,,,,,,,,,,,,,,,,,,,,,,,,,,,,,,,,,,,,,,,,,,,,,,,,0.26,0,0,0,0,0,0,0,0,0,0,0,0,0,0,0,0,0,0,0,0,0,query_payload_v1
runs\lightning_mag_full\jigsaw-mag-gcp-cpux8-random-s20260607-v3-resume\summary.csv,runs\lightning_mag_full\jigsaw-mag-gcp-cpux8-random-s20260607-v3-resume\results\prod_mag_rgcn_seed7202_s20260607_q50_types_all_sizes20_50_100_random_component_b20_50_100_200_500_1000_per_query.csv,mag,mag,20260607,mag,single,20,random,random_component,type_rel_feat32,50,31,50,0,31,0,0,0,0,28,0,8.175957175059962,9.222678303999771,9.773973053349925,206356.48,447894.04999999993,40.94,3944.971640794511,5308605.62894379,1.0,0.0001209964412811388,0.07829181494661921,1000000000.0,1000000000.0,1000000000.0,0.0,1453.291153142344,1.5054972241972908,0,0,0,0,0,2,1,11,17,0,,,,,,,,,,,,,,,,,,,,,,,,,,,,,,,,,,,,,,,,,,,,,,,,,,,,,,,,,,,,,,,,,,,,,,,,,,,,,,,,,,,,,,,,,,,,,,,,,,,,,,,,,,,,,,,,,,,,,,0,0,0,0,0,0,0,0,0,0,2,2,1,3,11,14,17,31,0,31,legacy_planted_id_v0_audited_equivalent_to_query_payload_v1
runs\lightning_mag_full\jigsaw-mag-gcp-cpux8-random-s20260607-v3-resume\summary.csv,runs\lightning_mag_full\jigsaw-mag-gcp-cpux8-random-s20260607-v3-resume\results\prod_mag_rgcn_seed7202_s20260607_q50_types_all_sizes20_50_100_random_component_b20_50_100_200_500_1000_per_query.csv,mag,mag,20260607,mag,single,50,random,random_component,type_rel_feat32,50,30,50,0,30,0,0,0,0,28,0,8.327040394879859,9.481830567000088,10.896235153950464,249474.78,522251.8999999999,104.78,2273.357452896428,3759927.9389236206,1.0,0.0002101449275362319,0.09057971014492754,1000000000.0,1000000000.0,1000000000.0,0.0,1504.6215799818615,3.9002306847795927,0,0,0,0,0,1,5,11,13,0,,,,,,,,,,,,,,,,,,,,,,,,,,,,,,,,,,,,,,,,,,,,,,,,,,,,,,,,,,,,,,,,,,,,,,,,,,,,,,,,,,,,,,,,,,,,,,,,,,,,,,,,,,,,,,,,,,,,,,0,0,0,0,0,0,0,0,0,0,1,1,5,6,11,17,13,30,0,30,legacy_planted_id_v0_audited_equivalent_to_query_payload_v1
runs\lightning_mag_full\jigsaw-mag-gcp-cpux8-random-s20260607-v3-resume\summary.csv,runs\lightning_mag_full\jigsaw-mag-gcp-cpux8-random-s20260607-v3-resume\results\prod_mag_rgcn_seed7202_s20260607_q50_types_all_sizes20_50_100_random_component_b20_50_100_200_500_1000_per_query.csv,mag,mag,20260607,mag,single,100,random,random_component,type_rel_feat32,50,23,50,0,23,0,0,0,0,23,0,8.223018729739888,9.434780483000395,10.789601161001428,329310.62,622853.0,73.72,624.9206905878394,1369630.1361246172,1.0,0.00043065693430656936,0.08029197080291971,1000000000.0,1000000000.0,1000000000.0,0.0,1497.500620697042,3.050242394178264,0,0,0,1,1,1,3,8,9,0,,,,,,,,,,,,,,,,,,,,,,,,,,,,,,,,,,,,,,,,,,,,,,,,,,,,,,,,,,,,,,,,,,,,,,,,,,,,,,,,,,,,,,,,,,,,,,,,,,,,,,,,,,,,,,,,,,,,,,0,0,0,0,0,0,1,1,1,2,1,3,3,6,8,14,9,23,0,23,legacy_planted_id_v0_audited_equivalent_to_query_payload_v1
corrected_connected_rerun::prod_mag_seed7202_s20260607_q50_types_multi_fine_multi_coarse_sizes20_50_100_random_component_b20_50_100_200_500_1000_per_query.csv,C:\Users\Swastik\Desktop\Jigsaw\runs\lcr_mag_v3\results\prod_mag_seed7202_s20260607_q50_types_multi_fine_multi_coarse_sizes20_50_100_random_component_b20_50_100_200_500_1000_per_query.csv,mag,mag,20260607,mag,multi_fine,20,random,random_component,type_rel_feat32,50,32,50,0,32,0,0,0,0,32,0,9.442567659659908,10.095104164500299,12.139334782998912,185214.74,467718.0,76.66,8775.790481241043,4393123.9332228545,1.0,0.00016197183098591548,0.09507042253521127,1000000000.0,1000000000.0,1000000000.0,0.0,1660.2348698309656,2.1890139119759495,0,0,0,0,0,0,3,10,19,0,,,,,,,,,,,,,,,,,,,,,,,,,,,,,,,,,,,,,,,,,,,,,,,,,,,,,,,,,,,,,,,,,,,,,,,,,,,,,,,,,,,,,,,,,,,,,,,,,,,,,,,,,,,,,,,,,,,,,,0,0,0,0,0,0,0,0,0,0,0,0,3,3,10,13,19,32,0,32,legacy_planted_id_v0_audited_equivalent_to_query_payload_v1
corrected_connected_rerun::prod_mag_seed7202_s20260607_q50_types_multi_fine_multi_coarse_sizes20_50_100_random_component_b20_50_100_200_500_1000_per_query.csv,C:\Users\Swastik\Desktop\Jigsaw\runs\lcr_mag_v3\results\prod_mag_seed7202_s20260607_q50_types_multi_fine_multi_coarse_sizes20_50_100_random_component_b20_50_100_200_500_1000_per_query.csv,mag,mag,20260607,mag,multi_fine,50,random,random_component,type_rel_feat32,50,28,50,0,28,0,0,0,0,28,0,7.807481482360017,9.842618943996968,11.704378355000607,240728.08,589087.2999999999,146.52,2022.8357503393966,2482255.863190156,1.0,0.0008492063492063492,0.09523809523809523,1000000000.0,1000000000.0,1000000000.0,0.0,1542.0003827975963,7.103085924629543,0,0,0,2,2,3,6,9,6,0,,,,,,,,,,,,,,,,,,,,,,,,,,,,,,,,,,,,,,,,,,,,,,,,,,,,,,,,,,,,,,,,,,,,,,,,,,,,,,,,,,,,,,,,,,,,,,,,,,,,,,,,,,,,,,,,,,,,,,0,0,0,0,0,0,2,2,2,4,3,7,6,13,9,22,6,28,0,28,legacy_planted_id_v0_audited_equivalent_to_query_payload_v1
corrected_connected_rerun::prod_mag_seed7202_s20260607_q50_types_multi_fine_multi_coarse_sizes20_50_100_random_component_b20_50_100_200_500_1000_per_query.csv,C:\Users\Swastik\Desktop\Jigsaw\runs\lcr_mag_v3\results\prod_mag_seed7202_s20260607_q50_types_multi_fine_multi_coarse_sizes20_50_100_random_component_b20_50_100_200_500_1000_per_query.csv,mag,mag,20260607,mag,multi_fine,100,random,random_component,type_rel_feat32,50,26,50,0,26,0,0,0,0,26,0,9.154920665479985,9.943075704499279,11.815452647899019,456640.5,651945.6,139.98,183.78561193251664,3369728.9863163712,1.0,0.00023404255319148937,0.09219858156028368,1000000000.0,1000000000.0,1000000000.0,0.0,1619.5147725673658,3.698111382986331,0,0,0,0,0,3,2,5,16,0,,,,,,,,,,,,,,,,,,,,,,,,,,,,,,,,,,,,,,,,,,,,,,,,,,,,,,,,,,,,,,,,,,,,,,,,,,,,,,,,,,,,,,,,,,,,,,,,,,,,,,,,,,,,,,,,,,,,,,0,0,0,0,0,0,0,0,0,0,3,3,2,5,5,10,16,26,0,26,legacy_planted_id_v0_audited_equivalent_to_query_payload_v1
runs\lightning_mag_full\jigsaw-mag-gcp-cpux8-random-s20260607-v3-resume\summary.csv,runs\lightning_mag_full\jigsaw-mag-gcp-cpux8-random-s20260607-v3-resume\results\prod_mag_rgcn_seed7202_s20260607_q50_types_all_sizes20_50_100_random_component_b20_50_100_200_500_1000_per_query.csv,mag,mag,20260607,mag,k_hop,20,random,random_component,type_rel_feat32,50,35,50,0,35,0,0,0,0,34,0,7.951503043959938,9.372121277500128,11.17828480250041,137887.12,430836.1,137.84,5175.776344026552,2503728.913793892,10.02,0.005680297397769517,0.1408490924727531,1000000000.0,1000000000.0,1000000000.0,0.0,1475.0276096877221,2.946933799254943,0,0,0,1,0,1,4,15,14,0,,,,,,,,,,,,,,,,,,,,,,,,,,,,,,,,,,,,,,,,,,,,,,,,,,,,,,,,,,,,,,,,,,,,,,,,,,,,,,,,,,,,,,,,,,,,,,,,,,,,,,,,,,,,,,,,,,,,,,0,0,0,0,0,0,1,1,0,1,1,2,4,6,15,21,14,35,0,35,legacy_planted_id_v0_audited_equivalent_to_query_payload_v1
runs\lightning_mag_full\jigsaw-mag-gcp-cpux8-random-s20260607-v3-resume\summary.csv,runs\lightning_mag_full\jigsaw-mag-gcp-cpux8-random-s20260607-v3-resume\results\prod_mag_rgcn_seed7202_s20260607_q50_types_all_sizes20_50_100_random_component_b20_50_100_200_500_1000_per_query.csv,mag,mag,20260607,mag,k_hop,50,random,random_component,type_rel_feat32,50,28,50,0,28,0,0,0,0,23,0,8.819215611539967,9.679024869501063,10.851809057150057,272661.3,512509.75,559.92,2526.7953816619947,1076041.8480090175,28.64,0.014946043165467627,0.13951329997832826,1000000000.0,1000000000.0,1000000000.0,0.0,1558.9272443597065,27.26261383093502,0,0,0,0,0,2,3,10,13,0,,,,,,,,,,,,,,,,,,,,,,,,,,,,,,,,,,,,,,,,,,,,,,,,,,,,,,,,,,,,,,,,,,,,,,,,,,,,,,,,,,,,,,,,,,,,,,,,,,,,,,,,,,,,,,,,,,,,,,0,0,0,0,0,0,0,0,0,0,2,2,3,5,10,15,13,28,0,28,legacy_planted_id_v0_audited_equivalent_to_query_payload_v1
runs\lightning_mag_full\jigsaw-mag-gcp-cpux8-random-s20260607-v3-resume\summary.csv,runs\lightning_mag_full\jigsaw-mag-gcp-cpux8-random-s20260607-v3-resume\results\prod_mag_rgcn_seed7202_s20260607_q50_types_all_sizes20_50_100_random_component_b20_50_100_200_500_1000_per_query.csv,mag,mag,20260607,mag,k_hop,100,random,random_component,type_rel_feat32,50,29,50,0,29,0,0,0,0,28,0,9.728337695679883,10.251416247499947,11.909649723149936,262071.6,542016.5,618.06,946.7858708337013,509941.75426126865,51.64,0.02499655172413793,0.14069201049450306,1000000000.0,1000000000.0,1000000000.0,0.0,1658.477408227578,18.82219447585032,0,0,0,0,0,0,2,6,21,0,,,,,,,,,,,,,,,,,,,,,,,,,,,,,,,,,,,,,,,,,,,,,,,,,,,,,,,,,,,,,,,,,,,,,,,,,,,,,,,,,,,,,,,,,,,,,,,,,,,,,,,,,,,,,,,,,,,,,,0,0,0,0,0,0,0,0,0,0,0,0,2,2,6,8,21,29,0,29,legacy_planted_id_v0_audited_equivalent_to_query_payload_v1
runs\lightning_mag_full\jigsaw-mag-gcp-cpux8-random-s20260607-v3-resume\summary.csv,runs\lightning_mag_full\jigsaw-mag-gcp-cpux8-random-s20260607-v3-resume\results\prod_mag_rgcn_seed7202_s20260607_q50_types_all_sizes20_50_100_random_component_b20_50_100_200_500_1000_per_query.csv,mag,mag,20260607,mag,degree_k_hop,20,random,random_component,type_rel_feat32,50,33,50,0,33,0,0,0,0,30,0,7.870362345959948,8.95358626499933,11.069679393000499,151013.46,417534.4,309.28,12616.609263006925,3443374.2089155605,10.44,0.0054323308270676695,0.1189334244923586,1000000000.0,1000000000.0,1000000000.0,0.0,1469.4363334736722,9.955084939851679,0,0,0,0,2,2,0,20,9,0,,,,,,,,,,,,,,,,,,,,,,,,,,,,,,,,,,,,,,,,,,,,,,,,,,,,,,,,,,,,,,,,,,,,,,,,,,,,,,,,,,,,,,,,,,,,,,,,,,,,,,,,,,,,,,,,,,,,,,0,0,0,0,0,0,0,0,2,2,2,4,0,4,20,24,9,33,0,33,legacy_planted_id_v0_audited_equivalent_to_query_payload_v1
runs\lightning_mag_full\jigsaw-mag-gcp-cpux8-random-s20260607-v3-resume\summary.csv,runs\lightning_mag_full\jigsaw-mag-gcp-cpux8-random-s20260607-v3-resume\results\prod_mag_rgcn_seed7202_s20260607_q50_types_all_sizes20_50_100_random_component_b20_50_100_200_500_1000_per_query.csv,mag,mag,20260607,mag,degree_k_hop,50,random,random_component,type_rel_feat32,50,30,50,0,30,0,0,0,2,30,2,9.41419994311942,9.798796644999129,12.502635318598095,218084.5,527038.95,982.36,2404.4818368300794,1143639.4081175155,26.46,0.01297872340425532,0.13547968672764854,1000000000.0,1000000000.0,1000000000.0,0.0,1556.896668343904,112.28771873400753,0,0,0,0,0,1,2,10,17,0,,,,,,,,,,,,,,,,,,,,,,,,,,,,,,,,,,,,,,,,,,,,,,,,,,,,,,,,,,,,,,,,,,,,,,,,,,,,,,,,,,,,,,,,,,,,,,,,,,,,,,,,,,,,,,,,,,,,,,0,0,0,0,0,0,0,0,0,0,1,1,2,3,10,13,17,30,0,30,legacy_planted_id_v0_audited_equivalent_to_query_payload_v1
runs\lightning_mag_full\jigsaw-mag-gcp-cpux8-random-s20260607-v3-resume\summary.csv,runs\lightning_mag_full\jigsaw-mag-gcp-cpux8-random-s20260607-v3-resume\results\prod_mag_rgcn_seed7202_s20260607_q50_types_all_sizes20_50_100_random_component_b20_50_100_200_500_1000_per_query.csv,mag,mag,20260607,mag,degree_k_hop,100,random,random_component,type_rel_feat32,50,25,50,0,25,0,0,0,0,21,0,9.909728415879927,10.21320910500026,12.154198641149058,314490.8,577804.1,1486.82,1278.6191217136325,579811.2223697035,54.74,0.024903780068728523,0.1415770291993682,1000000000.0,1000000000.0,1000000000.0,0.0,1662.1403126116695,40.56216434364427,0,0,0,0,0,0,1,7,17,0,,,,,,,,,,,,,,,,,,,,,,,,,,,,,,,,,,,,,,,,,,,,,,,,,,,,,,,,,,,,,,,,,,,,,,,,,,,,,,,,,,,,,,,,,,,,,,,,,,,,,,,,,,,,,,,,,,,,,,0,0,0,0,0,0,0,0,0,0,0,0,1,1,7,8,17,25,0,25,legacy_planted_id_v0_audited_equivalent_to_query_payload_v1
runs\lightning_mag_full\jigsaw-mag-gcp-cpux8-random-s20260607-v3-resume\summary.csv,runs\lightning_mag_full\jigsaw-mag-gcp-cpux8-random-s20260607-v3-resume\results\prod_mag_rgcn_seed7202_s20260607_q50_types_all_sizes20_50_100_random_component_b20_50_100_200_500_1000_per_query.csv,mag,mag,20260607,mag,random_walk,20,random,random_component,type_rel_feat32,50,31,50,0,31,0,0,0,0,28,0,8.612284772900084,9.527035607499784,11.164113029199754,151104.46,406890.04999999993,132.94,8769.966185593838,2175495.0309404465,12.32,0.006384341637010676,0.12619138324946308,1000000000.0,1000000000.0,1000000000.0,0.0,1528.8803594128246,3.554653558720447,0,0,0,0,0,0,3,13,15,0,,,,,,,,,,,,,,,,,,,,,,,,,,,,,,,,,,,,,,,,,,,,,,,,,,,,,,,,,,,,,,,,,,,,,,,,,,,,,,,,,,,,,,,,,,,,,,,,,,,,,,,,,,,,,,,,,,,,,,0,0,0,0,0,0,0,0,0,0,0,0,3,3,13,16,15,31,0,31,legacy_planted_id_v0_audited_equivalent_to_query_payload_v1
runs\lightning_mag_full\jigsaw-mag-gcp-cpux8-random-s20260607-v3-resume\summary.csv,runs\lightning_mag_full\jigsaw-mag-gcp-cpux8-random-s20260607-v3-resume\results\prod_mag_rgcn_seed7202_s20260607_q50_types_all_sizes20_50_100_random_component_b20_50_100_200_500_1000_per_query.csv,mag,mag,20260607,mag,random_walk,50,random,random_component,type_rel_feat32,50,21,50,0,21,0,0,0,0,20,0,10.287129276840005,10.301496022997526,12.312612448349954,266846.4,511173.94999999995,1158.66,996.5241349275625,853223.1323647369,29.14,0.013894915254237288,0.14752752551938067,1000000000.0,1000000000.0,1000000000.0,0.0,1701.0399780779446,42.541255284768184,0,0,0,0,0,0,0,5,16,0,,,,,,,,,,,,,,,,,,,,,,,,,,,,,,,,,,,,,,,,,,,,,,,,,,,,,,,,,,,,,,,,,,,,,,,,,,,,,,,,,,,,,,,,,,,,,,,,,,,,,,,,,,,,,,,,,,,,,,0,0,0,0,0,0,0,0,0,0,0,0,0,0,5,5,16,21,0,21,legacy_planted_id_v0_audited_equivalent_to_query_payload_v1
runs\lightning_mag_full\jigsaw-mag-gcp-cpux8-random-s20260607-v3-resume\summary.csv,runs\lightning_mag_full\jigsaw-mag-gcp-cpux8-random-s20260607-v3-resume\results\prod_mag_rgcn_seed7202_s20260607_q50_types_all_sizes20_50_100_random_component_b20_50_100_200_500_1000_per_query.csv,mag,mag,20260607,mag,random_walk,100,random,random_component,type_rel_feat32,50,16,50,0,16,0,0,0,2,15,2,11.946129315419993,10.821480508999684,15.9878112965996,384615.34,571473.7,2836.5,329.15645407415303,314356.60185340646,58.56,0.029283333333333335,0.15698732377981012,1000000000.0,1000000000.0,1000000000.0,0.0,1800.361670156661,190.65988241333798,0,0,0,0,0,0,0,0,16,0,,,,,,,,,,,,,,,,,,,,,,,,,,,,,,,,,,,,,,,,,,,,,,,,,,,,,,,,,,,,,,,,,,,,,,,,,,,,,,,,,,,,,,,,,,,,,,,,,,,,,,,,,,,,,,,,,,,,,,0,0,0,0,0,0,0,0,0,0,0,0,0,0,0,0,16,16,0,16,legacy_planted_id_v0_audited_equivalent_to_query_payload_v1
corrected_connected_rerun::prod_mag_seed7202_s20260607_q50_types_multi_fine_multi_coarse_sizes20_50_100_random_component_b20_50_100_200_500_1000_per_query.csv,C:\Users\Swastik\Desktop\Jigsaw\runs\lcr_mag_v3\results\prod_mag_seed7202_s20260607_q50_types_multi_fine_multi_coarse_sizes20_50_100_random_component_b20_50_100_200_500_1000_per_query.csv,mag,mag,20260607,mag,multi_coarse,20,random,random_component,type_rel_feat32,50,22,50,0,22,0,0,0,0,18,0,10.826804120420002,11.220473333999507,12.675764988949414,273827.48,517675.19999999995,104.92,2414.5812221360047,5029667.512687005,4.26,0.0021164383561643836,0.1500570776255708,1000000000.0,1000000000.0,1000000000.0,0.0,1851.0960217089107,2.8087934315003436,0,0,0,0,0,0,0,8,14,0,,,,,,,,,,,,,,,,,,,,,,,,,,,,,,,,,,,,,,,,,,,,,,,,,,,,,,,,,,,,,,,,,,,,,,,,,,,,,,,,,,,,,,,,,,,,,,,,,,,,,,,,,,,,,,,,,,,,,,0,0,0,0,0,0,0,0,0,0,0,0,0,0,8,8,14,22,0,22,legacy_planted_id_v0_audited_equivalent_to_query_payload_v1
corrected_connected_rerun::prod_mag_seed7202_s20260607_q50_types_multi_fine_multi_coarse_sizes20_50_100_random_component_b20_50_100_200_500_1000_per_query.csv,C:\Users\Swastik\Desktop\Jigsaw\runs\lcr_mag_v3\results\prod_mag_seed7202_s20260607_q50_types_multi_fine_multi_coarse_sizes20_50_100_random_component_b20_50_100_200_500_1000_per_query.csv,mag,mag,20260607,mag,multi_coarse,50,random,random_component,type_rel_feat32,50,17,50,0,17,0,0,0,0,15,0,10.196571273260087,10.038586557500821,11.61495295584973,409606.48,608656.8,435.22,218.33625891172207,3145576.3938966803,4.16,0.002334448160535117,0.1440356744704571,1000000000.0,1000000000.0,1000000000.0,0.0,1676.2369340067075,28.875319046818788,0,0,0,0,0,0,0,1,16,0,,,,,,,,,,,,,,,,,,,,,,,,,,,,,,,,,,,,,,,,,,,,,,,,,,,,,,,,,,,,,,,,,,,,,,,,,,,,,,,,,,,,,,,,,,,,,,,,,,,,,,,,,,,,,,,,,,,,,,0,0,0,0,0,0,0,0,0,0,0,0,0,0,1,1,16,17,0,17,legacy_planted_id_v0_audited_equivalent_to_query_payload_v1
corrected_connected_rerun::prod_mag_seed7202_s20260607_q50_types_multi_fine_multi_coarse_sizes20_50_100_random_component_b20_50_100_200_500_1000_per_query.csv,C:\Users\Swastik\Desktop\Jigsaw\runs\lcr_mag_v3\results\prod_mag_seed7202_s20260607_q50_types_multi_fine_multi_coarse_sizes20_50_100_random_component_b20_50_100_200_500_1000_per_query.csv,mag,mag,20260607,mag,multi_coarse,100,random,random_component,type_rel_feat32,50,13,50,0,13,0,0,0,0,11,0,9.97906578067981,9.989587894000579,11.352196819552045,504608.12,624868.7999999999,310.1,153.33695543615383,2505661.1378485905,4.16,0.0019966216216216214,0.16148648648648647,1000000000.0,1000000000.0,1000000000.0,0.0,1675.471468043866,10.1815354493455,0,0,0,0,0,0,0,4,9,0,,,,,,,,,,,,,,,,,,,,,,,,,,,,,,,,,,,,,,,,,,,,,,,,,,,,,,,,,,,,,,,,,,,,,,,,,,,,,,,,,,,,,,,,,,,,,,,,,,,,,,,,,,,,,,,,,,,,,,0,0,0,0,0,0,0,0,0,0,0,0,0,0,4,4,9,13,0,13,legacy_planted_id_v0_audited_equivalent_to_query_payload_v1
/workspace/jigsaw_pkg/runs/noid_negative_mag_v3/results/prod_mag_pv1_s20260607_neg_random_component_b20_50_100_200_500_1000_per_query.csv,/workspace/jigsaw_pkg/runs/noid_negative_mag_v3/results/prod_mag_pv1_s20260607_neg_random_component_b20_50_100_200_500_1000_per_query.csv,mag,mag,20260607,mag,negative_label,20,random,random_component,type_rel_feat32,50,0,0,50,0,0,50,0,0,3,0,4.400494978820189,4.2805917355008205,5.52541905844955,177372.5,463594.94999999995,0.0,9793.67718305339,2436058.0566953355,10.54,0.004946666666666664,0.149327938945586,1000000000.0,1000000000.0,1000000000.0,0.0,733.4158298033648,0.0,0,0,0,0,0,0,0,0,0,0,query_payload_v1_negative_rerun_2026-08-01,50,0,,0,1,0,50,0,0.733415829803,0,4.400494978820189,177372.5,,,,,,,,0,,,,,,,,,,,,,,,,,,,,,,,,,,,,,,,,,,,,,,,,,,,,,,,,,,,,,,,,,,,,,,,,,,,,,,,,,,,,,,,,,,,,,,,,,,,,,,,0.06,0,0,0,0,0,0,0,0,0,0,0,0,0,0,0,0,0,0,0,0,0,query_payload_v1
/workspace/jigsaw_pkg/runs/noid_negative_mag_v3/results/prod_mag_pv1_s20260607_neg_random_component_b20_50_100_200_500_1000_per_query.csv,/workspace/jigsaw_pkg/runs/noid_negative_mag_v3/results/prod_mag_pv1_s20260607_neg_random_component_b20_50_100_200_500_1000_per_query.csv,mag,mag,20260607,mag,negative_label,50,random,random_component,type_rel_feat32,50,0,0,50,0,0,50,0,0,7,0,4.533932157280069,4.364686526001151,6.039470261749875,277290.04,510218.94999999995,0.0,1858.9488211673267,1236069.4577614777,23.94,0.011683333333333313,0.1621626224625328,1000000000.0,1000000000.0,1000000000.0,0.0,755.6553595466781,0.0,0,0,0,0,0,0,0,0,0,0,query_payload_v1_negative_rerun_2026-08-01,50,0,,0,1,0,50,0,0.755655359547,0,4.533932157280069,277290.04,,,,,,,,0,,,,,,,,,,,,,,,,,,,,,,,,,,,,,,,,,,,,,,,,,,,,,,,,,,,,,,,,,,,,,,,,,,,,,,,,,,,,,,,,,,,,,,,,,,,,,,,0.14,0,0,0,0,0,0,0,0,0,0,0,0,0,0,0,0,0,0,0,0,0,query_payload_v1
/workspace/jigsaw_pkg/runs/noid_negative_mag_v3/results/prod_mag_pv1_s20260607_neg_random_component_b20_50_100_200_500_1000_per_query.csv,/workspace/jigsaw_pkg/runs/noid_negative_mag_v3/results/prod_mag_pv1_s20260607_neg_random_component_b20_50_100_200_500_1000_per_query.csv,mag,mag,20260607,mag,negative_label,100,random,random_component,type_rel_feat32,50,0,0,50,0,0,50,0,0,4,0,4.533294795339916,4.4943636640005025,5.387153443399755,333269.9,622581.8999999999,0.0,1016.3499521001277,763890.8258059561,52.46,0.02820333333333328,0.16464934610393323,1000000000.0,1000000000.0,1000000000.0,0.0,755.5491325566527,0.0,0,0,0,0,0,0,0,0,0,0,query_payload_v1_negative_rerun_2026-08-01,50,0,,0,1,0,50,0,0.755549132557,0,4.533294795339916,333269.9,,,,,,,,0,,,,,,,,,,,,,,,,,,,,,,,,,,,,,,,,,,,,,,,,,,,,,,,,,,,,,,,,,,,,,,,,,,,,,,,,,,,,,,,,,,,,,,,,,,,,,,,0.08,0,0,0,0,0,0,0,0,0,0,0,0,0,0,0,0,0,0,0,0,0,query_payload_v1
/workspace/jigsaw_pkg/runs/noid_negative_mag_v3/results/prod_mag_pv1_s20260607_neg_random_component_b20_50_100_200_500_1000_per_query.csv,/workspace/jigsaw_pkg/runs/noid_negative_mag_v3/results/prod_mag_pv1_s20260607_neg_random_component_b20_50_100_200_500_1000_per_query.csv,mag,mag,20260607,mag,negative_structure,20,random,random_component,type_rel_feat32,50,1,0,50,0,1,49,0,0,33,0,4.187143234959967,4.144499884499055,4.80818143534907,203664.38,431693.35,306.82,7055.959242898036,1628067.5144886044,11.24,0.0065886287625418006,0.1761980226912355,1000000000.0,1000000000.0,1000000000.0,0.0,693.0884838093547,7.102692605355536,0,0,0,0,0,0,0,1,0,0,query_payload_v1_negative_rerun_2026-08-01,50,0.02,,0.02,0.98,1,49,0.00710269260536,0.693088483809,0,4.187143234959967,203664.38,,,,,,,,0,,,,,,,,,,,,,,,,,,,,,,,,,,,,,,,,,,,,,,,,,,,,,,,,,,,,,,,,,,,,,,,,,,,,,,,,,,,,,,,,,,,,,,,,,,,,,,,0.66,0,0,0,0,0,0,0,0,0,0,0,0,0,0,0,1,1,0,1,0,1,query_payload_v1
/workspace/jigsaw_pkg/runs/noid_negative_mag_v3/results/prod_mag_pv1_s20260607_neg_random_component_b20_50_100_200_500_1000_per_query.csv,/workspace/jigsaw_pkg/runs/noid_negative_mag_v3/results/prod_mag_pv1_s20260607_neg_random_component_b20_50_100_200_500_1000_per_query.csv,mag,mag,20260607,mag,negative_structure,50,random,random_component,type_rel_feat32,50,0,0,50,0,0,50,0,0,34,0,4.668540905740156,4.488489799499348,6.011676081400718,241838.8,524345.45,529.18,3797.7659434471243,1508952.981551936,24.76,0.011313333333333309,0.15550316861360275,1000000000.0,1000000000.0,1000000000.0,0.0,751.7293698166819,26.36078114001066,0,0,0,0,0,0,0,0,0,0,query_payload_v1_negative_rerun_2026-08-01,50,0,,0,1,0,50,0.02636078114,0.751729369817,0,4.668540905740156,241838.8,,,,,,,,0,,,,,,,,,,,,,,,,,,,,,,,,,,,,,,,,,,,,,,,,,,,,,,,,,,,,,,,,,,,,,,,,,,,,,,,,,,,,,,,,,,,,,,,,,,,,,,,0.68,0,0,0,0,0,0,0,0,0,0,0,0,0,0,0,0,0,0,0,0,0,query_payload_v1
/workspace/jigsaw_pkg/runs/noid_negative_mag_v3/results/prod_mag_pv1_s20260607_neg_random_component_b20_50_100_200_500_1000_per_query.csv,/workspace/jigsaw_pkg/runs/noid_negative_mag_v3/results/prod_mag_pv1_s20260607_neg_random_component_b20_50_100_200_500_1000_per_query.csv,mag,mag,20260607,mag,negative_structure,100,random,random_component,type_rel_feat32,50,0,0,50,0,0,50,0,0,21,0,4.513771265720006,4.457207122499312,5.264553871349834,321215.88,586275.5,353.04,1251.2017435555222,858616.9875402444,52.86,0.02701666666666661,0.15902194309842896,1000000000.0,1000000000.0,1000000000.0,0.0,743.9731198500036,8.322091103330726,0,0,0,0,0,0,0,0,0,0,query_payload_v1_negative_rerun_2026-08-01,50,0,,0,1,0,50,0.00832209110333,0.74397311985,0,4.513771265720006,321215.88,,,,,,,,0,,,,,,,,,,,,,,,,,,,,,,,,,,,,,,,,,,,,,,,,,,,,,,,,,,,,,,,,,,,,,,,,,,,,,,,,,,,,,,,,,,,,,,,,,,,,,,,0.42,0,0,0,0,0,0,0,0,0,0,0,0,0,0,0,0,0,0,0,0,0,query_payload_v1
runs\lightning_mag_full\jigsaw-mag-gcp-cpux8-filterall-s20260607-dark-v1\summary.csv,runs\lightning_mag_full\jigsaw-mag-gcp-cpux8-filterall-s20260607-dark-v1\results\prod_mag_rgcn_seed7202_s20260607_q50_types_all_sizes20_50_100_filterall_component_b2000_per_query.csv,mag,mag,20260607,mag,single,20,all,filterall_component,type_rel_feat32,50,50,50,0,50,0,0,0,0,50,0,5.0250060076800125,5.060891571500008,5.251861586350083,355104.5,686766.4,109.84,1521.295332031138,242151.6082103581,1.0,0.0005,1.0,1000000000.0,1000000000.0,1000000000.0,0.0,5008.512479139995,16.493528540017905,0,0,0,0,0,0,0,0,0,50,,,,,,,,,,,,,,,,,,,,,,,,,,,,,,,,,,,,,,,,,,,,,,,,,,,,,,,,,,,,,,,,,,,,,,,,,,,,,,,,,,,,,,,,,,,,,,,,,,,,,,,,,,,,,,,,,,,,,,0,0,0,0,0,0,0,0,0,0,0,0,0,0,0,0,0,0,50,50,legacy_planted_id_v0_audited_equivalent_to_query_payload_v1
runs\lightning_mag_full\jigsaw-mag-gcp-cpux8-filterall-s20260607-dark-v1\summary.csv,runs\lightning_mag_full\jigsaw-mag-gcp-cpux8-filterall-s20260607-dark-v1\results\prod_mag_rgcn_seed7202_s20260607_q50_types_all_sizes20_50_100_filterall_component_b2000_per_query.csv,mag,mag,20260607,mag,single,50,all,filterall_component,type_rel_feat32,50,50,50,0,50,0,0,0,0,50,0,5.606178182280064,5.693427409999913,5.992153927900427,453126.72,829512.85,180.48,687.3140491858514,114171.05268306007,1.0,0.0005,1.0,1000000000.0,1000000000.0,1000000000.0,0.0,5576.51678268001,29.66139960005421,0,0,0,0,0,0,0,0,0,50,,,,,,,,,,,,,,,,,,,,,,,,,,,,,,,,,,,,,,,,,,,,,,,,,,,,,,,,,,,,,,,,,,,,,,,,,,,,,,,,,,,,,,,,,,,,,,,,,,,,,,,,,,,,,,,,,,,,,,0,0,0,0,0,0,0,0,0,0,0,0,0,0,0,0,0,0,50,50,legacy_planted_id_v0_audited_equivalent_to_query_payload_v1
runs\lightning_mag_full\jigsaw-mag-gcp-cpux8-filterall-s20260607-dark-v1\summary.csv,runs\lightning_mag_full\jigsaw-mag-gcp-cpux8-filterall-s20260607-dark-v1\results\prod_mag_rgcn_seed7202_s20260607_q50_types_all_sizes20_50_100_filterall_component_b2000_per_query.csv,mag,mag,20260607,mag,single,100,all,filterall_component,type_rel_feat32,50,50,50,0,50,0,0,0,0,50,0,5.911399946299916,5.886467259500478,6.349083798349511,580361.84,913686.1,203.74,32.86098609503641,59194.20595833424,1.0,0.0005,1.0,1000000000.0,1000000000.0,1000000000.0,0.0,5873.026870179929,38.37307611998767,0,0,0,0,0,0,0,0,0,50,,,,,,,,,,,,,,,,,,,,,,,,,,,,,,,,,,,,,,,,,,,,,,,,,,,,,,,,,,,,,,,,,,,,,,,,,,,,,,,,,,,,,,,,,,,,,,,,,,,,,,,,,,,,,,,,,,,,,,0,0,0,0,0,0,0,0,0,0,0,0,0,0,0,0,0,0,50,50,legacy_planted_id_v0_audited_equivalent_to_query_payload_v1
corrected_connected_rerun::prod_mag_seed7202_s20260607_q50_types_multi_fine_multi_coarse_sizes20_50_100_filterall_component_b2000_per_query.csv,C:\Users\Swastik\Desktop\Jigsaw\runs\lcr_mag_v3\results\prod_mag_seed7202_s20260607_q50_types_multi_fine_multi_coarse_sizes20_50_100_filterall_component_b2000_per_query.csv,mag,mag,20260607,mag,multi_fine,20,all,filterall_component,type_rel_feat32,50,50,50,0,50,0,0,0,0,50,0,5.291158690480443,5.246343795000939,5.882003687947508,308375.04,722352.95,91.94,1572.019396809403,460675.18724833423,1.0,0.0005,1.0,1000000000.0,1000000000.0,1000000000.0,0.0,5276.322760060358,14.835930420085788,0,0,0,0,0,0,0,0,0,50,,,,,,,,,,,,,,,,,,,,,,,,,,,,,,,,,,,,,,,,,,,,,,,,,,,,,,,,,,,,,,,,,,,,,,,,,,,,,,,,,,,,,,,,,,,,,,,,,,,,,,,,,,,,,,,,,,,,,,0,0,0,0,0,0,0,0,0,0,0,0,0,0,0,0,0,0,50,50,legacy_planted_id_v0_audited_equivalent_to_query_payload_v1
corrected_connected_rerun::prod_mag_seed7202_s20260607_q50_types_multi_fine_multi_coarse_sizes20_50_100_filterall_component_b2000_per_query.csv,C:\Users\Swastik\Desktop\Jigsaw\runs\lcr_mag_v3\results\prod_mag_seed7202_s20260607_q50_types_multi_fine_multi_coarse_sizes20_50_100_filterall_component_b2000_per_query.csv,mag,mag,20260607,mag,multi_fine,50,all,filterall_component,type_rel_feat32,50,50,50,0,50,0,0,0,0,50,0,5.33007330269982,5.324631107499954,5.708347814300396,521137.7,916417.45,213.12,622.1892192683155,108018.52595496594,1.0,0.0005,1.0,1000000000.0,1000000000.0,1000000000.0,0.0,5284.362922059735,45.71038064008462,0,0,0,0,0,0,0,0,0,50,,,,,,,,,,,,,,,,,,,,,,,,,,,,,,,,,,,,,,,,,,,,,,,,,,,,,,,,,,,,,,,,,,,,,,,,,,,,,,,,,,,,,,,,,,,,,,,,,,,,,,,,,,,,,,,,,,,,,,0,0,0,0,0,0,0,0,0,0,0,0,0,0,0,0,0,0,50,50,legacy_planted_id_v0_audited_equivalent_to_query_payload_v1
corrected_connected_rerun::prod_mag_seed7202_s20260607_q50_types_multi_fine_multi_coarse_sizes20_50_100_filterall_component_b2000_per_query.csv,C:\Users\Swastik\Desktop\Jigsaw\runs\lcr_mag_v3\results\prod_mag_seed7202_s20260607_q50_types_multi_fine_multi_coarse_sizes20_50_100_filterall_component_b2000_per_query.csv,mag,mag,20260607,mag,multi_fine,100,all,filterall_component,type_rel_feat32,50,50,50,0,50,0,0,0,0,50,0,5.3858319947007836,5.420636140999704,5.542910276901058,753457.56,954258.3,216.82,3.292123227776728,0.0,1.0,0.0005,1.0,1000000000.0,1000000000.0,1000000000.0,0.0,5351.229487720411,34.60250698037271,0,0,0,0,0,0,0,0,0,50,,,,,,,,,,,,,,,,,,,,,,,,,,,,,,,,,,,,,,,,,,,,,,,,,,,,,,,,,,,,,,,,,,,,,,,,,,,,,,,,,,,,,,,,,,,,,,,,,,,,,,,,,,,,,,,,,,,,,,0,0,0,0,0,0,0,0,0,0,0,0,0,0,0,0,0,0,50,50,legacy_planted_id_v0_audited_equivalent_to_query_payload_v1
runs\lightning_mag_full\jigsaw-mag-gcp-cpux8-filterall-s20260607-dark-v1\summary.csv,runs\lightning_mag_full\jigsaw-mag-gcp-cpux8-filterall-s20260607-dark-v1\results\prod_mag_rgcn_seed7202_s20260607_q50_types_all_sizes20_50_100_filterall_component_b2000_per_query.csv,mag,mag,20260607,mag,k_hop,20,all,filterall_component,type_rel_feat32,50,50,50,0,50,0,0,0,0,50,0,5.467864229700067,5.514863441999978,5.9720684626000775,255925.58,629734.0,341.46,2408.662246531646,461649.9128725617,10.02,0.00501,1.0,1000000000.0,1000000000.0,1000000000.0,0.0,5421.969057820038,45.89517188002901,0,0,0,0,0,0,0,0,0,50,,,,,,,,,,,,,,,,,,,,,,,,,,,,,,,,,,,,,,,,,,,,,,,,,,,,,,,,,,,,,,,,,,,,,,,,,,,,,,,,,,,,,,,,,,,,,,,,,,,,,,,,,,,,,,,,,,,,,,0,0,0,0,0,0,0,0,0,0,0,0,0,0,0,0,0,0,50,50,legacy_planted_id_v0_audited_equivalent_to_query_payload_v1
runs\lightning_mag_full\jigsaw-mag-gcp-cpux8-filterall-s20260607-dark-v1\summary.csv,runs\lightning_mag_full\jigsaw-mag-gcp-cpux8-filterall-s20260607-dark-v1\results\prod_mag_rgcn_seed7202_s20260607_q50_types_all_sizes20_50_100_filterall_component_b2000_per_query.csv,mag,mag,20260607,mag,k_hop,50,all,filterall_component,type_rel_feat32,50,48,50,0,48,0,0,0,2,50,2,6.606256491399781,6.0404823909993866,7.879504555199627,454768.36,708223.6499999999,1390.86,1660.9981865935056,199869.74310248316,28.64,0.01432,1.0,1000000000.0,1000000000.0,1000000000.0,0.0,5901.091945759854,705.1645456399274,0,0,0,0,0,0,0,0,0,48,,,,,,,,,,,,,,,,,,,,,,,,,,,,,,,,,,,,,,,,,,,,,,,,,,,,,,,,,,,,,,,,,,,,,,,,,,,,,,,,,,,,,,,,,,,,,,,,,,,,,,,,,,,,,,,,,,,,,,0,0,0,0,0,0,0,0,0,0,0,0,0,0,0,0,0,0,48,48,legacy_planted_id_v0_audited_equivalent_to_query_payload_v1
runs\lightning_mag_full\jigsaw-mag-gcp-cpux8-filterall-s20260607-dark-v1\summary.csv,runs\lightning_mag_full\jigsaw-mag-gcp-cpux8-filterall-s20260607-dark-v1\results\prod_mag_rgcn_seed7202_s20260607_q50_types_all_sizes20_50_100_filterall_component_b2000_per_query.csv,mag,mag,20260607,mag,k_hop,100,all,filterall_component,type_rel_feat32,50,49,50,0,49,0,0,0,1,50,1,6.499250203420015,6.027393164999012,6.933811281750513,406381.9,799505.3999999998,1047.36,107.8472564573458,55740.48800476804,51.64,0.02582,1.0,1000000000.0,1000000000.0,1000000000.0,0.0,5941.353426240057,557.896777179958,0,0,0,0,0,0,0,0,0,49,,,,,,,,,,,,,,,,,,,,,,,,,,,,,,,,,,,,,,,,,,,,,,,,,,,,,,,,,,,,,,,,,,,,,,,,,,,,,,,,,,,,,,,,,,,,,,,,,,,,,,,,,,,,,,,,,,,,,,0,0,0,0,0,0,0,0,0,0,0,0,0,0,0,0,0,0,49,49,legacy_planted_id_v0_audited_equivalent_to_query_payload_v1
runs\lightning_mag_full\jigsaw-mag-gcp-cpux8-filterall-s20260607-dark-v1\summary.csv,runs\lightning_mag_full\jigsaw-mag-gcp-cpux8-filterall-s20260607-dark-v1\results\prod_mag_rgcn_seed7202_s20260607_q50_types_all_sizes20_50_100_filterall_component_b2000_per_query.csv,mag,mag,20260607,mag,degree_k_hop,20,all,filterall_component,type_rel_feat32,50,49,50,0,49,0,0,0,1,50,1,6.025308805520026,5.682241795499976,6.762683593999869,275390.4,627101.0499999999,582.78,4766.838030191699,429436.3486866039,10.44,0.00522,1.0,1000000000.0,1000000000.0,1000000000.0,0.0,5648.314828979983,376.99397654004315,0,0,0,0,0,0,0,0,0,49,,,,,,,,,,,,,,,,,,,,,,,,,,,,,,,,,,,,,,,,,,,,,,,,,,,,,,,,,,,,,,,,,,,,,,,,,,,,,,,,,,,,,,,,,,,,,,,,,,,,,,,,,,,,,,,,,,,,,,0,0,0,0,0,0,0,0,0,0,0,0,0,0,0,0,0,0,49,49,legacy_planted_id_v0_audited_equivalent_to_query_payload_v1
runs\lightning_mag_full\jigsaw-mag-gcp-cpux8-filterall-s20260607-dark-v1\summary.csv,runs\lightning_mag_full\jigsaw-mag-gcp-cpux8-filterall-s20260607-dark-v1\results\prod_mag_rgcn_seed7202_s20260607_q50_types_all_sizes20_50_100_filterall_component_b2000_per_query.csv,mag,mag,20260607,mag,degree_k_hop,50,all,filterall_component,type_rel_feat32,50,47,50,0,47,0,0,0,3,50,3,6.690054091740076,5.85042791800015,10.223569314550314,353854.04,759044.75,1214.54,146.37573357839912,114272.12391859877,26.46,0.013229999999999999,1.0,1000000000.0,1000000000.0,1000000000.0,0.0,5847.502361820134,842.5517299199419,0,0,0,0,0,0,0,0,0,47,,,,,,,,,,,,,,,,,,,,,,,,,,,,,,,,,,,,,,,,,,,,,,,,,,,,,,,,,,,,,,,,,,,,,,,,,,,,,,,,,,,,,,,,,,,,,,,,,,,,,,,,,,,,,,,,,,,,,,0,0,0,0,0,0,0,0,0,0,0,0,0,0,0,0,0,0,47,47,legacy_planted_id_v0_audited_equivalent_to_query_payload_v1
runs\lightning_mag_full\jigsaw-mag-gcp-cpux8-filterall-s20260607-dark-v1\summary.csv,runs\lightning_mag_full\jigsaw-mag-gcp-cpux8-filterall-s20260607-dark-v1\results\prod_mag_rgcn_seed7202_s20260607_q50_types_all_sizes20_50_100_filterall_component_b2000_per_query.csv,mag,mag,20260607,mag,degree_k_hop,100,all,filterall_component,type_rel_feat32,50,45,50,0,45,0,0,0,5,50,5,8.013648849780038,5.941695486500066,26.992968597649813,482349.52,882098.4,2691.68,133.70771675357065,68888.08516126701,54.74,0.027370000000000002,1.0,1000000000.0,1000000000.0,1000000000.0,0.0,5783.151674440051,2230.4971753399877,0,0,0,0,0,0,0,0,0,45,,,,,,,,,,,,,,,,,,,,,,,,,,,,,,,,,,,,,,,,,,,,,,,,,,,,,,,,,,,,,,,,,,,,,,,,,,,,,,,,,,,,,,,,,,,,,,,,,,,,,,,,,,,,,,,,,,,,,,0,0,0,0,0,0,0,0,0,0,0,0,0,0,0,0,0,0,45,45,legacy_planted_id_v0_audited_equivalent_to_query_payload_v1
runs\lightning_mag_full\jigsaw-mag-gcp-cpux8-filterall-s20260607-dark-v1\summary.csv,runs\lightning_mag_full\jigsaw-mag-gcp-cpux8-filterall-s20260607-dark-v1\results\prod_mag_rgcn_seed7202_s20260607_q50_types_all_sizes20_50_100_filterall_component_b2000_per_query.csv,mag,mag,20260607,mag,random_walk,20,all,filterall_component,type_rel_feat32,50,50,50,0,50,0,0,0,0,50,0,5.577707200920049,5.572499318499922,6.006698296250146,237057.24,621036.3999999999,345.16,4195.362924803962,551387.7713073244,12.32,0.00616,1.0,1000000000.0,1000000000.0,1000000000.0,0.0,5524.9530288400265,52.75417208002182,0,0,0,0,0,0,0,0,0,50,,,,,,,,,,,,,,,,,,,,,,,,,,,,,,,,,,,,,,,,,,,,,,,,,,,,,,,,,,,,,,,,,,,,,,,,,,,,,,,,,,,,,,,,,,,,,,,,,,,,,,,,,,,,,,,,,,,,,,0,0,0,0,0,0,0,0,0,0,0,0,0,0,0,0,0,0,50,50,legacy_planted_id_v0_audited_equivalent_to_query_payload_v1
runs\lightning_mag_full\jigsaw-mag-gcp-cpux8-filterall-s20260607-dark-v1\summary.csv,runs\lightning_mag_full\jigsaw-mag-gcp-cpux8-filterall-s20260607-dark-v1\results\prod_mag_rgcn_seed7202_s20260607_q50_types_all_sizes20_50_100_filterall_component_b2000_per_query.csv,mag,mag,20260607,mag,random_walk,50,all,filterall_component,type_rel_feat32,50,49,50,0,49,0,0,0,1,50,1,6.593204354160098,6.1125344560000485,8.578509822999964,399000.0,765369.1499999999,1635.5,42.252454033894956,140568.8678792175,29.14,0.014570000000000001,1.0,1000000000.0,1000000000.0,1000000000.0,0.0,6029.519153780075,563.6852003800232,0,0,0,0,0,0,0,0,0,49,,,,,,,,,,,,,,,,,,,,,,,,,,,,,,,,,,,,,,,,,,,,,,,,,,,,,,,,,,,,,,,,,,,,,,,,,,,,,,,,,,,,,,,,,,,,,,,,,,,,,,,,,,,,,,,,,,,,,,0,0,0,0,0,0,0,0,0,0,0,0,0,0,0,0,0,0,49,49,legacy_planted_id_v0_audited_equivalent_to_query_payload_v1
runs\lightning_mag_full\jigsaw-mag-gcp-cpux8-filterall-s20260607-dark-v1\summary.csv,runs\lightning_mag_full\jigsaw-mag-gcp-cpux8-filterall-s20260607-dark-v1\results\prod_mag_rgcn_seed7202_s20260607_q50_types_all_sizes20_50_100_filterall_component_b2000_per_query.csv,mag,mag,20260607,mag,random_walk,100,all,filterall_component,type_rel_feat32,50,43,50,0,43,0,0,0,7,50,7,8.58297264524008,6.089054390999991,27.513606259000156,558751.84,849300.2,4111.24,8.611466871968194,51429.12571369104,58.56,0.02928,1.0,1000000000.0,1000000000.0,1000000000.0,0.0,5918.141026640042,2664.831618600037,0,0,0,0,0,0,0,0,0,43,,,,,,,,,,,,,,,,,,,,,,,,,,,,,,,,,,,,,,,,,,,,,,,,,,,,,,,,,,,,,,,,,,,,,,,,,,,,,,,,,,,,,,,,,,,,,,,,,,,,,,,,,,,,,,,,,,,,,,0,0,0,0,0,0,0,0,0,0,0,0,0,0,0,0,0,0,43,43,legacy_planted_id_v0_audited_equivalent_to_query_payload_v1
corrected_connected_rerun::prod_mag_seed7202_s20260607_q50_types_multi_fine_multi_coarse_sizes20_50_100_filterall_component_b2000_per_query.csv,C:\Users\Swastik\Desktop\Jigsaw\runs\lcr_mag_v3\results\prod_mag_seed7202_s20260607_q50_types_multi_fine_multi_coarse_sizes20_50_100_filterall_component_b2000_per_query.csv,mag,mag,20260607,mag,multi_coarse,20,all,filterall_component,type_rel_feat32,50,49,50,0,49,0,0,0,1,50,1,5.5045393706600585,5.274991733000206,5.844120138399376,419554.44,781711.7,372.02,1949.319131384372,668537.4765760067,4.26,0.00213,1.0,1000000000.0,1000000000.0,1000000000.0,0.0,5313.65177539985,190.88759526021022,0,0,0,0,0,0,0,0,0,49,,,,,,,,,,,,,,,,,,,,,,,,,,,,,,,,,,,,,,,,,,,,,,,,,,,,,,,,,,,,,,,,,,,,,,,,,,,,,,,,,,,,,,,,,,,,,,,,,,,,,,,,,,,,,,,,,,,,,,0,0,0,0,0,0,0,0,0,0,0,0,0,0,0,0,0,0,49,49,legacy_planted_id_v0_audited_equivalent_to_query_payload_v1
corrected_connected_rerun::prod_mag_seed7202_s20260607_q50_types_multi_fine_multi_coarse_sizes20_50_100_filterall_component_b2000_per_query.csv,C:\Users\Swastik\Desktop\Jigsaw\runs\lcr_mag_v3\results\prod_mag_seed7202_s20260607_q50_types_multi_fine_multi_coarse_sizes20_50_100_filterall_component_b2000_per_query.csv,mag,mag,20260607,mag,multi_coarse,50,all,filterall_component,type_rel_feat32,50,50,50,0,50,0,0,0,0,50,1,5.496296111539486,5.361573876498369,5.691703167949527,601542.04,889396.95,608.04,4.066284781818326,0.0,4.16,0.0020800000000000003,1.0,1000000000.0,1000000000.0,1000000000.0,0.0,5298.061056279766,198.23505525971996,0,0,0,0,0,0,0,0,0,50,,,,,,,,,,,,,,,,,,,,,,,,,,,,,,,,,,,,,,,,,,,,,,,,,,,,,,,,,,,,,,,,,,,,,,,,,,,,,,,,,,,,,,,,,,,,,,,,,,,,,,,,,,,,,,,,,,,,,,0,0,0,0,0,0,0,0,0,0,0,0,0,0,0,0,0,0,50,50,legacy_planted_id_v0_audited_equivalent_to_query_payload_v1
corrected_connected_rerun::prod_mag_seed7202_s20260607_q50_types_multi_fine_multi_coarse_sizes20_50_100_filterall_component_b2000_per_query.csv,C:\Users\Swastik\Desktop\Jigsaw\runs\lcr_mag_v3\results\prod_mag_seed7202_s20260607_q50_types_multi_fine_multi_coarse_sizes20_50_100_filterall_component_b2000_per_query.csv,mag,mag,20260607,mag,multi_coarse,100,all,filterall_component,type_rel_feat32,50,50,50,0,50,0,0,0,0,50,0,5.4774914652400915,5.423988535001627,5.85014893749976,769142.44,917827.8999999999,612.02,2.6263287144774528,0.0,4.16,0.0020800000000000003,1.0,1000000000.0,1000000000.0,1000000000.0,0.0,5387.457323779818,90.03414146027353,0,0,0,0,0,0,0,0,0,50,,,,,,,,,,,,,,,,,,,,,,,,,,,,,,,,,,,,,,,,,,,,,,,,,,,,,,,,,,,,,,,,,,,,,,,,,,,,,,,,,,,,,,,,,,,,,,,,,,,,,,,,,,,,,,,,,,,,,,0,0,0,0,0,0,0,0,0,0,0,0,0,0,0,0,0,0,50,50,legacy_planted_id_v0_audited_equivalent_to_query_payload_v1
/workspace/jigsaw_pkg/runs/noid_negative_mag_v3/results/prod_mag_pv1_s20260607_neg_filterall_component_b2000_per_query.csv,/workspace/jigsaw_pkg/runs/noid_negative_mag_v3/results/prod_mag_pv1_s20260607_neg_filterall_component_b2000_per_query.csv,mag,mag,20260607,mag,negative_label,20,all,filterall_component,type_rel_feat32,50,0,0,50,0,0,50,0,0,11,0,2.7512488180799664,2.758114825499433,2.9696339680499024,256945.08,635459.95,0.0,2919.008328263797,428861.74927949987,10.54,0.005270000000000004,1.0,1000000000.0,1000000000.0,1000000000.0,0.0,2751.2488180799664,0.0,0,0,0,0,0,0,0,0,0,0,query_payload_v1_negative_rerun_2026-08-01,50,0,,0,1,0,50,0,2.75124881808,0,2.7512488180799664,256945.08,,,,,,,,0,,,,,,,,,,,,,,,,,,,,,,,,,,,,,,,,,,,,,,,,,,,,,,,,,,,,,,,,,,,,,,,,,,,,,,,,,,,,,,,,,,,,,,,,,,,,,,,0.22,0,0,0,0,0,0,0,0,0,0,0,0,0,0,0,0,0,0,0,0,0,query_payload_v1
/workspace/jigsaw_pkg/runs/noid_negative_mag_v3/results/prod_mag_pv1_s20260607_neg_filterall_component_b2000_per_query.csv,/workspace/jigsaw_pkg/runs/noid_negative_mag_v3/results/prod_mag_pv1_s20260607_neg_filterall_component_b2000_per_query.csv,mag,mag,20260607,mag,negative_label,50,all,filterall_component,type_rel_feat32,50,0,0,50,0,0,50,0,0,12,0,2.781151494840033,2.7977854464998018,2.978060754149965,400505.06,728834.6499999998,0.0,308.57200738818267,138827.80268246893,23.94,0.011970000000000003,1.0,1000000000.0,1000000000.0,1000000000.0,0.0,2781.1514948400327,0.0,0,0,0,0,0,0,0,0,0,0,query_payload_v1_negative_rerun_2026-08-01,50,0,,0,1,0,50,0,2.78115149484,0,2.781151494840033,400505.06,,,,,,,,0,,,,,,,,,,,,,,,,,,,,,,,,,,,,,,,,,,,,,,,,,,,,,,,,,,,,,,,,,,,,,,,,,,,,,,,,,,,,,,,,,,,,,,,,,,,,,,,0.24,0,0,0,0,0,0,0,0,0,0,0,0,0,0,0,0,0,0,0,0,0,query_payload_v1
/workspace/jigsaw_pkg/runs/noid_negative_mag_v3/results/prod_mag_pv1_s20260607_neg_filterall_component_b2000_per_query.csv,/workspace/jigsaw_pkg/runs/noid_negative_mag_v3/results/prod_mag_pv1_s20260607_neg_filterall_component_b2000_per_query.csv,mag,mag,20260607,mag,negative_label,100,all,filterall_component,type_rel_feat32,50,0,0,50,0,0,50,0,0,12,0,2.8784187638399272,2.834591643999829,3.0346443974000064,471485.14,903485.4999999998,0.0,42.23142384952891,43004.48918492991,52.46,0.026230000000000003,1.0,1000000000.0,1000000000.0,1000000000.0,0.0,2878.418763839927,0.0,0,0,0,0,0,0,0,0,0,0,query_payload_v1_negative_rerun_2026-08-01,50,0,,0,1,0,50,0,2.87841876384,0,2.8784187638399272,471485.14,,,,,,,,0,,,,,,,,,,,,,,,,,,,,,,,,,,,,,,,,,,,,,,,,,,,,,,,,,,,,,,,,,,,,,,,,,,,,,,,,,,,,,,,,,,,,,,,,,,,,,,,0.24,0,0,0,0,0,0,0,0,0,0,0,0,0,0,0,0,0,0,0,0,0,query_payload_v1
/workspace/jigsaw_pkg/runs/noid_negative_mag_v3/results/prod_mag_pv1_s20260607_neg_filterall_component_b2000_per_query.csv,/workspace/jigsaw_pkg/runs/noid_negative_mag_v3/results/prod_mag_pv1_s20260607_neg_filterall_component_b2000_per_query.csv,mag,mag,20260607,mag,negative_structure,20,all,filterall_component,type_rel_feat32,50,1,0,50,0,1,49,0,0,50,0,2.724475675760041,2.7262702939997325,3.0032523129998934,294772.12,612703.7499999999,351.2,1877.2422598961298,469797.7569257109,11.24,0.0056200000000000035,1.0,1000000000.0,1000000000.0,1000000000.0,0.0,2693.7542195599963,30.721456200044486,0,0,0,0,0,0,0,0,0,1,query_payload_v1_negative_rerun_2026-08-01,50,0.02,,0.02,0.98,1,49,0.0307214562,2.69375421956,0,2.724475675760041,294772.12,,,,,,,,0,,,,,,,,,,,,,,,,,,,,,,,,,,,,,,,,,,,,,,,,,,,,,,,,,,,,,,,,,,,,,,,,,,,,,,,,,,,,,,,,,,,,,,,,,,,,,,,1,0,0,0,0,0,0,0,0,0,0,0,0,0,0,0,0,0,0,0,1,1,query_payload_v1
/workspace/jigsaw_pkg/runs/noid_negative_mag_v3/results/prod_mag_pv1_s20260607_neg_filterall_component_b2000_per_query.csv,/workspace/jigsaw_pkg/runs/noid_negative_mag_v3/results/prod_mag_pv1_s20260607_neg_filterall_component_b2000_per_query.csv,mag,mag,20260607,mag,negative_structure,50,all,filterall_component,type_rel_feat32,50,0,0,50,0,0,49,1,1,50,1,3.1423473257201113,2.805348255500121,3.128173956500177,343541.0,698889.8,802.56,555.1033907341198,101906.40064296784,24.76,0.01238,1.0,1000000000.0,1000000000.0,1000000000.0,0.0,2764.930629060036,377.4166966600751,0,0,0,0,0,0,0,0,0,0,query_payload_v1_negative_rerun_2026-08-01,50,0,,0,0.98,0,50,0.37741669666,2.76493062906,0,3.1423473257201113,343541.0,,,,,,,,1,,,,,,,,,,,,,,,,,,,,,,,,,,,,,,,,,,,,,,,,,,,,,,,,,,,,,,,,,,,,,,,,,,,,,,,,,,,,,,,,,,,,,,,,,,,,,,,1,0.02,0,0,0,0,0,0,0,0,0,0,0,0,0,0,0,0,0,0,0,0,query_payload_v1
/workspace/jigsaw_pkg/runs/noid_negative_mag_v3/results/prod_mag_pv1_s20260607_neg_filterall_component_b2000_per_query.csv,/workspace/jigsaw_pkg/runs/noid_negative_mag_v3/results/prod_mag_pv1_s20260607_neg_filterall_component_b2000_per_query.csv,mag,mag,20260607,mag,negative_structure,100,all,filterall_component,type_rel_feat32,50,0,0,50,0,0,50,0,0,50,0,2.90696379549996,2.9251118045008297,3.112278664999849,448818.02,867607.5499999998,552.34,70.64456578844543,28290.42414387135,52.86,0.02643,1.0,1000000000.0,1000000000.0,1000000000.0,0.0,2857.4690251000175,49.494770399942354,0,0,0,0,0,0,0,0,0,0,query_payload_v1_negative_rerun_2026-08-01,50,0,,0,1,0,50,0.0494947703999,2.8574690251,0,2.90696379549996,448818.02,,,,,,,,0,,,,,,,,,,,,,,,,,,,,,,,,,,,,,,,,,,,,,,,,,,,,,,,,,,,,,,,,,,,,,,,,,,,,,,,,,,,,,,,,,,,,,,,,,,,,,,,1,0,0,0,0,0,0,0,0,0,0,0,0,0,0,0,0,0,0,0,0,0,query_payload_v1
runs\lightning_mag_full\jigsaw-mag-gcp-cpux8-neural-s20260608-v5-resume\summary.csv,runs\lightning_mag_full\jigsaw-mag-gcp-cpux8-neural-s20260608-v5-resume\results\prod_mag_rgcn_seed7202_s20260608_q50_types_all_sizes20_50_100_neural_component_b20_50_100_200_500_1000_per_query.csv,mag,mag,20260608,mag_rgcn_best,single,20,hybrid,neural_component,type_rel_feat32,50,48,50,0,48,0,0,0,0,45,0,3.2065661233199787,1.375260484499961,12.302829020749895,69118.14,345716.5,87.04,3938.885482400939,1832374.3264564269,1.0,0.011636363636363637,0.371900826446281,22.5,1002.2999999999992,1532.539999999999,16.802246611566886,1319.253044628091,5.774279057850586,0,0,0,24,6,6,6,5,1,0,,,,,,,,,,,,,,,,,,,,,,,,,,,,,,,,,,,,,,,,,,,,,,,,,,,,,,,,,,,,,,,,,,,,,,,,,,,,,,,,,,,,,,,,,,,,,,,,,,,,,,,,,,,,,,,,,,,,,,0,0,0,0,0,0,24,24,6,30,6,36,6,42,5,47,1,48,0,48,legacy_planted_id_v0_audited_equivalent_to_query_payload_v1
runs\lightning_mag_full\jigsaw-mag-gcp-cpux8-neural-s20260608-v5-resume\summary.csv,runs\lightning_mag_full\jigsaw-mag-gcp-cpux8-neural-s20260608-v5-resume\results\prod_mag_rgcn_seed7202_s20260608_q50_types_all_sizes20_50_100_neural_component_b20_50_100_200_500_1000_per_query.csv,mag,mag,20260608,mag_rgcn_best,single,50,hybrid,neural_component,type_rel_feat32,50,50,50,0,50,0,0,0,0,50,0,1.770428527859931,0.3179167544999473,8.978022020699653,44165.2,284520.6499999998,142.38,829.6917772147768,371991.3955704142,1.0,0.02514814814814815,0.6172839506172839,4.5,194.94999999999948,396.0399999999998,23.460848851665318,1076.5171401851744,16.339975777745963,0,0,0,39,2,3,2,3,1,0,,,,,,,,,,,,,,,,,,,,,,,,,,,,,,,,,,,,,,,,,,,,,,,,,,,,,,,,,,,,,,,,,,,,,,,,,,,,,,,,,,,,,,,,,,,,,,,,,,,,,,,,,,,,,,,,,,,,,,0,0,0,0,0,0,39,39,2,41,3,44,2,46,3,49,1,50,0,50,legacy_planted_id_v0_audited_equivalent_to_query_payload_v1
runs\lightning_mag_full\jigsaw-mag-gcp-cpux8-neural-s20260608-v5-resume\summary.csv,runs\lightning_mag_full\jigsaw-mag-gcp-cpux8-neural-s20260608-v5-resume\results\prod_mag_rgcn_seed7202_s20260608_q50_types_all_sizes20_50_100_neural_component_b20_50_100_200_500_1000_per_query.csv,mag,mag,20260608,mag_rgcn_best,single,100,hybrid,neural_component,type_rel_feat32,50,50,50,0,50,0,0,0,0,50,0,1.5636692572999982,0.33787013899996055,5.865184493249625,39555.82,171599.44999999998,231.94,465.86558497720546,125564.33721820939,1.0,0.02308433734939759,0.6024096385542169,9.0,140.09999999999988,259.7299999999998,23.47473091567626,916.9675483975748,25.001883710857843,0,0,0,35,5,4,5,0,1,0,,,,,,,,,,,,,,,,,,,,,,,,,,,,,,,,,,,,,,,,,,,,,,,,,,,,,,,,,,,,,,,,,,,,,,,,,,,,,,,,,,,,,,,,,,,,,,,,,,,,,,,,,,,,,,,,,,,,,,0,0,0,0,0,0,35,35,5,40,4,44,5,49,0,49,1,50,0,50,legacy_planted_id_v0_audited_equivalent_to_query_payload_v1
corrected_connected_rerun::prod_mag_seed7202_s20260608_q50_types_multi_fine_multi_coarse_sizes20_50_100_neural_component_b20_50_100_200_500_1000_per_query.csv,C:\Users\Swastik\Desktop\Jigsaw\runs\lcr_mag_v3\results\prod_mag_seed7202_s20260608_q50_types_multi_fine_multi_coarse_sizes20_50_100_neural_component_b20_50_100_200_500_1000_per_query.csv,mag,mag,20260608,mag_rgcn_best,multi_fine,20,hybrid,neural_component,type_rel_feat32,50,50,50,0,50,0,0,0,0,49,0,2.025942189999914,0.34812640599920996,11.417787919800661,38092.44,252608.8499999996,122.4,1872.943039218551,915243.5266516199,1.0,0.02065168539325843,0.5393258426966292,6.5,230.9499999999996,543.0799999999995,15.914507292170507,1128.786075966213,9.383693696660242,0,0,0,34,5,5,3,0,3,0,,,,,,,,,,,,,,,,,,,,,,,,,,,,,,,,,,,,,,,,,,,,,,,,,,,,,,,,,,,,,,,,,,,,,,,,,,,,,,,,,,,,,,,,,,,,,,,,,,,,,,,,,,,,,,,,,,,,,,0,0,0,0,0,0,34,34,5,39,5,44,3,47,0,47,3,50,0,50,legacy_planted_id_v0_audited_equivalent_to_query_payload_v1
corrected_connected_rerun::prod_mag_seed7202_s20260608_q50_types_multi_fine_multi_coarse_sizes20_50_100_neural_component_b20_50_100_200_500_1000_per_query.csv,C:\Users\Swastik\Desktop\Jigsaw\runs\lcr_mag_v3\results\prod_mag_seed7202_s20260608_q50_types_multi_fine_multi_coarse_sizes20_50_100_neural_component_b20_50_100_200_500_1000_per_query.csv,mag,mag,20260608,mag_rgcn_best,multi_fine,50,hybrid,neural_component,type_rel_feat32,50,50,50,0,50,0,0,0,0,50,0,1.3255696272998465,0.2961717355028668,5.322244199098707,29350.84,76912.29999999999,188.12,1138.1910541301002,212653.9055824358,1.0,0.027810810810810816,0.6756756756756757,5.5,87.29999999999998,258.4699999999994,19.813938500118564,877.4315714325329,18.22358214844457,0,0,0,38,6,3,1,1,1,0,,,,,,,,,,,,,,,,,,,,,,,,,,,,,,,,,,,,,,,,,,,,,,,,,,,,,,,,,,,,,,,,,,,,,,,,,,,,,,,,,,,,,,,,,,,,,,,,,,,,,,,,,,,,,,,,,,,,,,0,0,0,0,0,0,38,38,6,44,3,47,1,48,1,49,1,50,0,50,legacy_planted_id_v0_audited_equivalent_to_query_payload_v1
corrected_connected_rerun::prod_mag_seed7202_s20260608_q50_types_multi_fine_multi_coarse_sizes20_50_100_neural_component_b20_50_100_200_500_1000_per_query.csv,C:\Users\Swastik\Desktop\Jigsaw\runs\lcr_mag_v3\results\prod_mag_seed7202_s20260608_q50_types_multi_fine_multi_coarse_sizes20_50_100_neural_component_b20_50_100_200_500_1000_per_query.csv,mag,mag,20260608,mag_rgcn_best,multi_fine,100,hybrid,neural_component,type_rel_feat32,50,50,50,0,50,0,0,0,0,50,0,0.7519205820000252,0.32846415500000603,4.130332686100103,18365.54,73996.49999999985,306.98,239.3251335237835,136468.6000888862,1.0,0.03778688524590164,0.819672131147541,2.0,36.599999999999966,97.9899999999999,24.00171916393879,574.6090194098415,41.71932649181845,0,0,0,45,2,0,3,0,0,0,,,,,,,,,,,,,,,,,,,,,,,,,,,,,,,,,,,,,,,,,,,,,,,,,,,,,,,,,,,,,,,,,,,,,,,,,,,,,,,,,,,,,,,,,,,,,,,,,,,,,,,,,,,,,,,,,,,,,,0,0,0,0,0,0,45,45,2,47,0,47,3,50,0,50,0,50,0,50,legacy_planted_id_v0_audited_equivalent_to_query_payload_v1
runs\lightning_mag_full\jigsaw-mag-gcp-cpux8-neural-s20260608-v5-resume\summary.csv,runs\lightning_mag_full\jigsaw-mag-gcp-cpux8-neural-s20260608-v5-resume\results\prod_mag_rgcn_seed7202_s20260608_q50_types_all_sizes20_50_100_neural_component_b20_50_100_200_500_1000_per_query.csv,mag,mag,20260608,mag_rgcn_best,k_hop,20,hybrid,neural_component,type_rel_feat32,50,49,50,0,49,0,0,0,0,47,0,3.26530873572,1.7453148360000341,12.789395523700442,46226.46,312939.3999999999,114.06,7016.737107944388,638162.7317335862,10.02,0.07047899159663866,0.32905558493793785,1335.0,1862.05,1931.1799999999998,17.656779285680997,1363.6184213193333,8.360039067221285,0,0,0,21,10,8,4,4,2,0,,,,,,,,,,,,,,,,,,,,,,,,,,,,,,,,,,,,,,,,,,,,,,,,,,,,,,,,,,,,,,,,,,,,,,,,,,,,,,,,,,,,,,,,,,,,,,,,,,,,,,,,,,,,,,,,,,,,,,0,0,0,0,0,0,21,21,10,31,8,39,4,43,4,47,2,49,0,49,legacy_planted_id_v0_audited_equivalent_to_query_payload_v1
runs\lightning_mag_full\jigsaw-mag-gcp-cpux8-neural-s20260608-v5-resume\summary.csv,runs\lightning_mag_full\jigsaw-mag-gcp-cpux8-neural-s20260608-v5-resume\results\prod_mag_rgcn_seed7202_s20260608_q50_types_all_sizes20_50_100_neural_component_b20_50_100_200_500_1000_per_query.csv,mag,mag,20260608,mag_rgcn_best,k_hop,50,hybrid,neural_component,type_rel_feat32,50,48,50,0,48,0,0,0,1,46,1,5.420601554799923,4.213427841499197,16.362512022149254,130569.38,545608.0,611.28,1230.4978199337427,365102.1173625099,27.2,0.10838157894736843,0.2537642717658252,1714.0,1985.85,1993.5300000000002,21.013568368385005,1707.04482625657,76.04779045393092,0,0,0,19,3,4,12,4,6,0,,,,,,,,,,,,,,,,,,,,,,,,,,,,,,,,,,,,,,,,,,,,,,,,,,,,,,,,,,,,,,,,,,,,,,,,,,,,,,,,,,,,,,,,,,,,,,,,,,,,,,,,,,,,,,,,,,,,,,0,0,0,0,0,0,19,19,3,22,4,26,12,38,4,42,6,48,0,48,legacy_planted_id_v0_audited_equivalent_to_query_payload_v1
runs\lightning_mag_full\jigsaw-mag-gcp-cpux8-neural-s20260608-v5-resume\summary.csv,runs\lightning_mag_full\jigsaw-mag-gcp-cpux8-neural-s20260608-v5-resume\results\prod_mag_rgcn_seed7202_s20260608_q50_types_all_sizes20_50_100_neural_component_b20_50_100_200_500_1000_per_query.csv,mag,mag,20260608,mag_rgcn_best,k_hop,100,hybrid,neural_component,type_rel_feat32,50,45,50,0,45,0,0,0,1,46,1,5.830753494000037,4.152595385500263,15.365895254048564,143395.32,506553.80000000005,916.12,880.7102623430533,276753.88101435354,53.88,0.1491875,0.22619963009716212,1870.5,1995.3000000000002,1999.0,23.449208137469668,1702.1688562125232,119.94161066248807,0,0,0,13,9,6,4,9,4,0,,,,,,,,,,,,,,,,,,,,,,,,,,,,,,,,,,,,,,,,,,,,,,,,,,,,,,,,,,,,,,,,,,,,,,,,,,,,,,,,,,,,,,,,,,,,,,,,,,,,,,,,,,,,,,,,,,,,,,0,0,0,0,0,0,13,13,9,22,6,28,4,32,9,41,4,45,0,45,legacy_planted_id_v0_audited_equivalent_to_query_payload_v1
runs\lightning_mag_full\jigsaw-mag-gcp-cpux8-neural-s20260608-v5-resume\summary.csv,runs\lightning_mag_full\jigsaw-mag-gcp-cpux8-neural-s20260608-v5-resume\results\prod_mag_rgcn_seed7202_s20260608_q50_types_all_sizes20_50_100_neural_component_b20_50_100_200_500_1000_per_query.csv,mag,mag,20260608,mag_rgcn_best,degree_k_hop,20,hybrid,neural_component,type_rel_feat32,50,49,50,0,49,0,0,0,0,48,0,3.9332731283799696,1.8821810054998878,15.012332752949668,60496.28,322543.9999999996,163.46,9116.966557571177,959819.5332082681,10.68,0.07446969696969696,0.38171114635018377,1149.0,1900.05,1949.63,16.962931651495307,1480.4418779545351,9.434307037877536,0,0,0,20,9,6,6,2,6,0,,,,,,,,,,,,,,,,,,,,,,,,,,,,,,,,,,,,,,,,,,,,,,,,,,,,,,,,,,,,,,,,,,,,,,,,,,,,,,,,,,,,,,,,,,,,,,,,,,,,,,,,,,,,,,,,,,,,,,0,0,0,0,0,0,20,20,9,29,6,35,6,41,2,43,6,49,0,49,legacy_planted_id_v0_audited_equivalent_to_query_payload_v1
runs\lightning_mag_full\jigsaw-mag-gcp-cpux8-neural-s20260608-v5-resume\summary.csv,runs\lightning_mag_full\jigsaw-mag-gcp-cpux8-neural-s20260608-v5-resume\results\prod_mag_rgcn_seed7202_s20260608_q50_types_all_sizes20_50_100_neural_component_b20_50_100_200_500_1000_per_query.csv,mag,mag,20260608,mag_rgcn_best,degree_k_hop,50,hybrid,neural_component,type_rel_feat32,50,47,50,0,47,0,0,0,0,45,0,4.903976364139967,3.912716337000006,14.843645242649984,100559.74,411061.09999999974,321.06,2786.311804486307,218120.17164770124,27.1,0.12211184210526316,0.3060260751097981,1636.0,1948.3000000000002,1968.08,20.012195657888523,1593.740038644723,19.410081138160923,0,0,0,13,9,7,9,8,1,0,,,,,,,,,,,,,,,,,,,,,,,,,,,,,,,,,,,,,,,,,,,,,,,,,,,,,,,,,,,,,,,,,,,,,,,,,,,,,,,,,,,,,,,,,,,,,,,,,,,,,,,,,,,,,,,,,,,,,,0,0,0,0,0,0,13,13,9,22,7,29,9,38,8,46,1,47,0,47,legacy_planted_id_v0_audited_equivalent_to_query_payload_v1
runs\lightning_mag_full\jigsaw-mag-gcp-cpux8-neural-s20260608-v5-resume\summary.csv,runs\lightning_mag_full\jigsaw-mag-gcp-cpux8-neural-s20260608-v5-resume\results\prod_mag_rgcn_seed7202_s20260608_q50_types_all_sizes20_50_100_neural_component_b20_50_100_200_500_1000_per_query.csv,mag,mag,20260608,mag_rgcn_best,degree_k_hop,100,hybrid,neural_component,type_rel_feat32,50,45,50,0,45,0,0,0,1,45,1,6.720584105760208,5.57163037050077,16.112838513700943,165945.62,539754.3499999999,967.06,845.1945728643536,146916.07520909494,52.28,0.14705747126436783,0.27039962317528476,1793.0,1996.0,1999.51,23.680107034521626,1782.9653660747506,148.23696316668884,0,0,0,11,8,5,5,12,4,0,,,,,,,,,,,,,,,,,,,,,,,,,,,,,,,,,,,,,,,,,,,,,,,,,,,,,,,,,,,,,,,,,,,,,,,,,,,,,,,,,,,,,,,,,,,,,,,,,,,,,,,,,,,,,,,,,,,,,,0,0,0,0,0,0,11,11,8,19,5,24,5,29,12,41,4,45,0,45,legacy_planted_id_v0_audited_equivalent_to_query_payload_v1
runs\lightning_mag_full\jigsaw-mag-gcp-cpux8-neural-s20260608-v5-resume\summary.csv,runs\lightning_mag_full\jigsaw-mag-gcp-cpux8-neural-s20260608-v5-resume\results\prod_mag_rgcn_seed7202_s20260608_q50_types_all_sizes20_50_100_neural_component_b20_50_100_200_500_1000_per_query.csv,mag,mag,20260608,mag_rgcn_best,random_walk,20,hybrid,neural_component,type_rel_feat32,50,46,50,0,46,0,0,0,0,39,0,9.62014530886001,10.139699116999964,17.012305498049933,145780.0,433894.6499999999,524.1,5074.749751287516,819751.9147596582,12.12,0.04884331797235023,0.386436492034215,1242.5,1900.25,1929.65,17.940200732750718,2190.271465548388,26.351877506913883,0,0,0,5,5,4,7,12,13,0,,,,,,,,,,,,,,,,,,,,,,,,,,,,,,,,,,,,,,,,,,,,,,,,,,,,,,,,,,,,,,,,,,,,,,,,,,,,,,,,,,,,,,,,,,,,,,,,,,,,,,,,,,,,,,,,,,,,,,0,0,0,0,0,0,5,5,5,10,4,14,7,21,12,33,13,46,0,46,legacy_planted_id_v0_audited_equivalent_to_query_payload_v1
runs\lightning_mag_full\jigsaw-mag-gcp-cpux8-neural-s20260608-v5-resume\summary.csv,runs\lightning_mag_full\jigsaw-mag-gcp-cpux8-neural-s20260608-v5-resume\results\prod_mag_rgcn_seed7202_s20260608_q50_types_all_sizes20_50_100_neural_component_b20_50_100_200_500_1000_per_query.csv,mag,mag,20260608,mag_rgcn_best,random_walk,50,hybrid,neural_component,type_rel_feat32,50,33,50,0,33,0,0,0,0,30,0,14.284466758079954,16.30738083599772,18.812776152851484,229903.82,515928.1499999999,497.16,1553.9912723537993,262917.02899292746,28.56,0.06863736263736264,0.3498195620437008,1847.5,1988.95,1994.51,21.020559523798337,2599.942825117218,16.25987782782871,0,0,0,1,1,2,2,8,19,0,,,,,,,,,,,,,,,,,,,,,,,,,,,,,,,,,,,,,,,,,,,,,,,,,,,,,,,,,,,,,,,,,,,,,,,,,,,,,,,,,,,,,,,,,,,,,,,,,,,,,,,,,,,,,,,,,,,,,,0,0,0,0,0,0,1,1,1,2,2,4,2,6,8,14,19,33,0,33,legacy_planted_id_v0_audited_equivalent_to_query_payload_v1
runs\lightning_mag_full\jigsaw-mag-gcp-cpux8-neural-s20260608-v5-resume\summary.csv,runs\lightning_mag_full\jigsaw-mag-gcp-cpux8-neural-s20260608-v5-resume\results\prod_mag_rgcn_seed7202_s20260608_q50_types_all_sizes20_50_100_neural_component_b20_50_100_200_500_1000_per_query.csv,mag,mag,20260608,mag_rgcn_best,random_walk,100,hybrid,neural_component,type_rel_feat32,50,15,50,0,15,0,0,0,3,13,3,17.41238315296014,16.3410639169997,29.556121139350534,414450.04,580652.7999999999,2886.0,248.1888900178722,80947.66604922831,56.66,0.09456418918918919,0.31372361377767755,1925.0,1997.5500000000002,1999.02,24.226396455996774,2655.849209969611,285.4317280304123,0,0,0,0,0,0,0,4,11,0,,,,,,,,,,,,,,,,,,,,,,,,,,,,,,,,,,,,,,,,,,,,,,,,,,,,,,,,,,,,,,,,,,,,,,,,,,,,,,,,,,,,,,,,,,,,,,,,,,,,,,,,,,,,,,,,,,,,,,0,0,0,0,0,0,0,0,0,0,0,0,0,0,4,4,11,15,0,15,legacy_planted_id_v0_audited_equivalent_to_query_payload_v1
corrected_connected_rerun::prod_mag_seed7202_s20260608_q50_types_multi_fine_multi_coarse_sizes20_50_100_neural_component_b20_50_100_200_500_1000_per_query.csv,C:\Users\Swastik\Desktop\Jigsaw\runs\lcr_mag_v3\results\prod_mag_seed7202_s20260608_q50_types_multi_fine_multi_coarse_sizes20_50_100_neural_component_b20_50_100_200_500_1000_per_query.csv,mag,mag,20260608,mag_rgcn_best,multi_coarse,20,hybrid,neural_component,type_rel_feat32,50,36,50,0,36,0,0,0,0,30,0,11.420401634480731,10.806029304501862,17.360571655450983,216437.88,490946.75,186.12,728.282642481152,1227180.9479271623,4.4,0.015694779116465864,0.39959839357429716,914.0,1712.4999999999995,1858.7999999999997,16.388293100270488,2286.013871413716,7.239468843458981,0,0,0,0,3,4,8,11,10,0,,,,,,,,,,,,,,,,,,,,,,,,,,,,,,,,,,,,,,,,,,,,,,,,,,,,,,,,,,,,,,,,,,,,,,,,,,,,,,,,,,,,,,,,,,,,,,,,,,,,,,,,,,,,,,,,,,,,,,0,0,0,0,0,0,0,0,3,3,4,7,8,15,11,26,10,36,0,36,legacy_planted_id_v0_audited_equivalent_to_query_payload_v1
corrected_connected_rerun::prod_mag_seed7202_s20260608_q50_types_multi_fine_multi_coarse_sizes20_50_100_neural_component_b20_50_100_200_500_1000_per_query.csv,C:\Users\Swastik\Desktop\Jigsaw\runs\lcr_mag_v3\results\prod_mag_seed7202_s20260608_q50_types_multi_fine_multi_coarse_sizes20_50_100_neural_component_b20_50_100_200_500_1000_per_query.csv,mag,mag,20260608,mag_rgcn_best,multi_coarse,50,hybrid,neural_component,type_rel_feat32,50,34,50,0,34,0,0,0,0,32,0,14.10371275156013,15.9748682029998,17.414344550998646,383160.68,609978.35,260.62,954.1174951001356,527772.0159266245,4.28,0.018370503597122303,0.4654676258992806,791.0,1836.3499999999997,1948.04,21.136582618544498,2526.6998024425006,9.93918165104758,0,0,0,1,0,0,2,13,18,0,,,,,,,,,,,,,,,,,,,,,,,,,,,,,,,,,,,,,,,,,,,,,,,,,,,,,,,,,,,,,,,,,,,,,,,,,,,,,,,,,,,,,,,,,,,,,,,,,,,,,,,,,,,,,,,,,,,,,,0,0,0,0,0,0,1,1,0,1,0,1,2,3,13,16,18,34,0,34,legacy_planted_id_v0_audited_equivalent_to_query_payload_v1
corrected_connected_rerun::prod_mag_seed7202_s20260608_q50_types_multi_fine_multi_coarse_sizes20_50_100_neural_component_b20_50_100_200_500_1000_per_query.csv,C:\Users\Swastik\Desktop\Jigsaw\runs\lcr_mag_v3\results\prod_mag_seed7202_s20260608_q50_types_multi_fine_multi_coarse_sizes20_50_100_neural_component_b20_50_100_200_500_1000_per_query.csv,mag,mag,20260608,mag_rgcn_best,multi_coarse,100,hybrid,neural_component,type_rel_feat32,50,37,50,0,37,0,0,0,1,33,1,13.875835377639996,16.00686333199974,17.492891371600066,412207.56,647232.7,333.7,201.11636359464225,174374.3532962269,4.4,0.01704029304029304,0.4607448107448107,731.5,1713.4499999999996,1905.9999999999998,24.136146058631994,2511.8815995457876,29.480191230768735,0,0,0,0,1,1,4,11,20,0,,,,,,,,,,,,,,,,,,,,,,,,,,,,,,,,,,,,,,,,,,,,,,,,,,,,,,,,,,,,,,,,,,,,,,,,,,,,,,,,,,,,,,,,,,,,,,,,,,,,,,,,,,,,,,,,,,,,,,0,0,0,0,0,0,0,0,1,1,1,2,4,6,11,17,20,37,0,37,legacy_planted_id_v0_audited_equivalent_to_query_payload_v1
/workspace/jigsaw_pkg/runs/noid_negative_mag_v3/results/prod_mag_pv1_s20260608_neg_neural_component_b20_50_100_200_500_1000_per_query.csv,/workspace/jigsaw_pkg/runs/noid_negative_mag_v3/results/prod_mag_pv1_s20260608_neg_neural_component_b20_50_100_200_500_1000_per_query.csv,mag,mag,20260608,mag_walkaware_best,negative_label,20,hybrid,neural_component,type_rel_feat32,50,0,0,50,0,0,50,0,0,5,0,8.506665167979918,8.46930265149922,9.110001693900312,201364.86,521370.8999999999,0.0,7089.089248598188,738507.2754100829,11.08,0.04407666666666659,0.5359665862459982,1355.5,1909.6999999999998,1941.02,17.57325338003284,1417.7775279966531,0.0,0,0,0,0,0,0,0,0,0,0,query_payload_v1_negative_rerun_2026-08-01,50,0,,0,1,0,50,0,1.417777528,0.01757325338,8.506665167979918,201364.86,,,,,,,,0,,,,,,,,,,,,,,,,,,,,,,,,,,,,,,,,,,,,,,,,,,,,,,,,,,,,,,,,,,,,,,,,,,,,,,,,,,,,,,,,,,,,,,,,,,,,,,,0.1,0,0,0,0,0,0,0,0,0,0,0,0,0,0,0,0,0,0,0,0,0,query_payload_v1
/workspace/jigsaw_pkg/runs/noid_negative_mag_v3/results/prod_mag_pv1_s20260608_neg_neural_component_b20_50_100_200_500_1000_per_query.csv,/workspace/jigsaw_pkg/runs/noid_negative_mag_v3/results/prod_mag_pv1_s20260608_neg_neural_component_b20_50_100_200_500_1000_per_query.csv,mag,mag,20260608,mag_walkaware_best,negative_label,50,hybrid,neural_component,type_rel_feat32,50,0,0,50,0,0,50,0,0,9,0,8.807600135400298,8.784255877500982,9.2451565358514,306667.64,594790.3999999999,0.0,1406.5424026815529,221628.00904163762,27.94,0.0836133333333333,0.4715848128654396,1789.0,1976.2,1993.12,20.73991018001834,1467.9333559000497,0.0,0,0,0,0,0,0,0,0,0,0,query_payload_v1_negative_rerun_2026-08-01,50,0,,0,1,0,50,0,1.4679333559,0.02073991018,8.807600135400298,306667.64,,,,,,,,0,,,,,,,,,,,,,,,,,,,,,,,,,,,,,,,,,,,,,,,,,,,,,,,,,,,,,,,,,,,,,,,,,,,,,,,,,,,,,,,,,,,,,,,,,,,,,,,0.18,0,0,0,0,0,0,0,0,0,0,0,0,0,0,0,0,0,0,0,0,0,query_payload_v1
/workspace/jigsaw_pkg/runs/noid_negative_mag_v3/results/prod_mag_pv1_s20260608_neg_neural_component_b20_50_100_200_500_1000_per_query.csv,/workspace/jigsaw_pkg/runs/noid_negative_mag_v3/results/prod_mag_pv1_s20260608_neg_neural_component_b20_50_100_200_500_1000_per_query.csv,mag,mag,20260608,mag_walkaware_best,negative_label,100,hybrid,neural_component,type_rel_feat32,50,0,0,50,0,0,50,0,0,6,0,8.908977090379704,8.855900207998275,9.885231843599556,282487.38,629046.0,0.0,730.5575796981691,144976.9664505393,52.76,0.1654833333333333,0.4728767569090188,1820.5,1988.55,1996.04,25.810946079909627,1484.829515063284,0.0,0,0,0,0,0,0,0,0,0,0,query_payload_v1_negative_rerun_2026-08-01,50,0,,0,1,0,50,0,1.48482951506,0.0258109460799,8.908977090379704,282487.38,,,,,,,,0,,,,,,,,,,,,,,,,,,,,,,,,,,,,,,,,,,,,,,,,,,,,,,,,,,,,,,,,,,,,,,,,,,,,,,,,,,,,,,,,,,,,,,,,,,,,,,,0.12,0,0,0,0,0,0,0,0,0,0,0,0,0,0,0,0,0,0,0,0,0,query_payload_v1
/workspace/jigsaw_pkg/runs/noid_negative_mag_v3/results/prod_mag_pv1_s20260608_neg_neural_component_b20_50_100_200_500_1000_per_query.csv,/workspace/jigsaw_pkg/runs/noid_negative_mag_v3/results/prod_mag_pv1_s20260608_neg_neural_component_b20_50_100_200_500_1000_per_query.csv,mag,mag,20260608,mag_walkaware_best,negative_structure,20,hybrid,neural_component,type_rel_feat32,50,0,0,50,0,0,49,1,1,49,1,8.679934293459956,8.482256336500086,9.666906467849593,196148.54,500374.19999999995,614.72,6002.1494146752275,506362.43103455915,11.0,0.05660677966101692,0.6125646152341068,1193.0,1849.75,1958.3,17.125696891575206,1413.108831199972,58.06647277629162,0,0,0,0,0,0,0,0,0,0,query_payload_v1_negative_rerun_2026-08-01,50,0,,0,0.98,0,50,0.0580664727763,1.4131088312,0.0171256968916,8.679934293459956,196148.54,,,,,,,,1,,,,,,,,,,,,,,,,,,,,,,,,,,,,,,,,,,,,,,,,,,,,,,,,,,,,,,,,,,,,,,,,,,,,,,,,,,,,,,,,,,,,,,,,,,,,,,,0.98,0.02,0,0,0,0,0,0,0,0,0,0,0,0,0,0,0,0,0,0,0,0,query_payload_v1
/workspace/jigsaw_pkg/runs/noid_negative_mag_v3/results/prod_mag_pv1_s20260608_neg_neural_component_b20_50_100_200_500_1000_per_query.csv,/workspace/jigsaw_pkg/runs/noid_negative_mag_v3/results/prod_mag_pv1_s20260608_neg_neural_component_b20_50_100_200_500_1000_per_query.csv,mag,mag,20260608,mag_walkaware_best,negative_structure,50,hybrid,neural_component,type_rel_feat32,50,0,0,50,0,0,50,0,0,47,0,9.198891065420394,8.816661290000411,11.229396071451081,241607.06,562156.55,699.38,4554.831801326728,367514.4656543886,27.16,0.10192999999999995,0.5234453929718975,1572.5,1982.35,1997.02,20.304529699824343,1464.7054298667294,68.44308103666965,0,0,0,0,0,0,0,0,0,0,query_payload_v1_negative_rerun_2026-08-01,50,0,,0,1,0,50,0.0684430810367,1.46470542987,0.0203045296998,9.198891065420394,241607.06,,,,,,,,0,,,,,,,,,,,,,,,,,,,,,,,,,,,,,,,,,,,,,,,,,,,,,,,,,,,,,,,,,,,,,,,,,,,,,,,,,,,,,,,,,,,,,,,,,,,,,,,0.94,0,0,0,0,0,0,0,0,0,0,0,0,0,0,0,0,0,0,0,0,0,query_payload_v1
/workspace/jigsaw_pkg/runs/noid_negative_mag_v3/results/prod_mag_pv1_s20260608_neg_neural_component_b20_50_100_200_500_1000_per_query.csv,/workspace/jigsaw_pkg/runs/noid_negative_mag_v3/results/prod_mag_pv1_s20260608_neg_neural_component_b20_50_100_200_500_1000_per_query.csv,mag,mag,20260608,mag_walkaware_best,negative_structure,100,hybrid,neural_component,type_rel_feat32,50,0,0,50,0,0,50,0,0,47,0,9.29482031540021,9.067576822502815,10.677966125851887,331859.76,658774.6499999999,796.34,1206.5545174767703,99616.39437905706,47.4,0.14240333333333322,0.4657679210512967,1744.5,1987.0,1993.02,26.447822539885237,1489.0776598500088,60.05905938335976,0,0,0,0,0,0,0,0,0,0,query_payload_v1_negative_rerun_2026-08-01,50,0,,0,1,0,50,0.0600590593834,1.48907765985,0.0264478225399,9.29482031540021,331859.76,,,,,,,,0,,,,,,,,,,,,,,,,,,,,,,,,,,,,,,,,,,,,,,,,,,,,,,,,,,,,,,,,,,,,,,,,,,,,,,,,,,,,,,,,,,,,,,,,,,,,,,,0.94,0,0,0,0,0,0,0,0,0,0,0,0,0,0,0,0,0,0,0,0,0,query_payload_v1
runs\lightning_mag_full\jigsaw-mag-gcp-cpux8-mean-s20260608-v2-resume\summary.csv,runs\lightning_mag_full\jigsaw-mag-gcp-cpux8-mean-s20260608-v2-resume\results\prod_mag_rgcn_seed7202_s20260608_q50_types_all_sizes20_50_100_mean_feature_component_b20_50_100_200_500_1000_per_query.csv,mag,mag,20260608,mag,single,20,mean_feature,mean_feature_component,type_rel_feat32,50,46,50,0,46,0,0,0,0,44,0,4.307512347200008,4.141541484499953,9.54448051645008,125272.16,444537.6,105.1,4057.239549081889,1348716.8815630707,1.0,0.004988700564971751,0.24858757062146894,160.5,1250.699999999999,1788.059999999999,0.6634508644186093,1212.3907646949194,4.420632819207413,0,0,0,16,2,4,4,15,5,0,,,,,,,,,,,,,,,,,,,,,,,,,,,,,,,,,,,,,,,,,,,,,,,,,,,,,,,,,,,,,,,,,,,,,,,,,,,,,,,,,,,,,,,,,,,,,,,,,,,,,,,,,,,,,,,,,,,,,,0,0,0,0,0,0,16,16,2,18,4,22,4,26,15,41,5,46,0,46,legacy_planted_id_v0_audited_equivalent_to_query_payload_v1
runs\lightning_mag_full\jigsaw-mag-gcp-cpux8-mean-s20260608-v2-resume\summary.csv,runs\lightning_mag_full\jigsaw-mag-gcp-cpux8-mean-s20260608-v2-resume\results\prod_mag_rgcn_seed7202_s20260608_q50_types_all_sizes20_50_100_mean_feature_component_b20_50_100_200_500_1000_per_query.csv,mag,mag,20260608,mag,single,50,mean_feature,mean_feature_component,type_rel_feat32,50,45,50,0,45,0,0,0,0,44,0,3.4325191998800983,1.6815893350003535,10.692766230300139,104578.42,469777.0,123.42,823.6680313708762,253746.68416071127,1.0,0.0084421768707483,0.2925170068027211,50.5,1578.9999999999986,1887.7499999999998,0.6375715783902631,1159.764670517045,7.758866857138051,0,0,0,22,3,5,5,6,4,0,,,,,,,,,,,,,,,,,,,,,,,,,,,,,,,,,,,,,,,,,,,,,,,,,,,,,,,,,,,,,,,,,,,,,,,,,,,,,,,,,,,,,,,,,,,,,,,,,,,,,,,,,,,,,,,,,,,,,,0,0,0,0,0,0,22,22,3,25,5,30,5,35,6,41,4,45,0,45,legacy_planted_id_v0_audited_equivalent_to_query_payload_v1
runs\lightning_mag_full\jigsaw-mag-gcp-cpux8-mean-s20260608-v2-resume\summary.csv,runs\lightning_mag_full\jigsaw-mag-gcp-cpux8-mean-s20260608-v2-resume\results\prod_mag_rgcn_seed7202_s20260608_q50_types_all_sizes20_50_100_mean_feature_component_b20_50_100_200_500_1000_per_query.csv,mag,mag,20260608,mag,single,100,mean_feature,mean_feature_component,type_rel_feat32,50,43,50,0,43,0,0,0,0,43,0,4.776406801860021,3.112242594500003,12.75176482659981,162623.48,545854.3499999999,211.46,465.639725614704,125750.33197390863,1.0,0.006642424242424243,0.2606060606060606,98.5,1577.749999999999,1860.8899999999999,0.7116686242625292,1434.1729381697073,13.223062393935283,0,0,0,19,4,2,5,8,5,0,,,,,,,,,,,,,,,,,,,,,,,,,,,,,,,,,,,,,,,,,,,,,,,,,,,,,,,,,,,,,,,,,,,,,,,,,,,,,,,,,,,,,,,,,,,,,,,,,,,,,,,,,,,,,,,,,,,,,,0,0,0,0,0,0,19,19,4,23,2,25,5,30,8,38,5,43,0,43,legacy_planted_id_v0_audited_equivalent_to_query_payload_v1
corrected_connected_rerun::prod_mag_seed7202_s20260608_q50_types_multi_fine_multi_coarse_sizes20_50_100_mean_feature_component_b20_50_100_200_500_1000_per_query.csv,C:\Users\Swastik\Desktop\Jigsaw\runs\lcr_mag_v3\results\prod_mag_seed7202_s20260608_q50_types_multi_fine_multi_coarse_sizes20_50_100_mean_feature_component_b20_50_100_200_500_1000_per_query.csv,mag,mag,20260608,mag,multi_fine,20,mean_feature,mean_feature_component,type_rel_feat32,50,47,50,0,47,0,0,0,0,46,0,3.5160693296200223,1.5221056594996298,11.765583409500868,71983.56,343612.44999999984,114.18,1795.595125135912,948606.623173403,1.0,0.00718421052631579,0.29605263157894735,40.0,1287.4499999999996,1739.3899999999994,0.5666506316282195,1151.2289949210742,5.372758243406918,0,0,0,17,9,4,5,5,7,0,,,,,,,,,,,,,,,,,,,,,,,,,,,,,,,,,,,,,,,,,,,,,,,,,,,,,,,,,,,,,,,,,,,,,,,,,,,,,,,,,,,,,,,,,,,,,,,,,,,,,,,,,,,,,,,,,,,,,,0,0,0,0,0,0,17,17,9,26,4,30,5,35,5,40,7,47,0,47,legacy_planted_id_v0_audited_equivalent_to_query_payload_v1
corrected_connected_rerun::prod_mag_seed7202_s20260608_q50_types_multi_fine_multi_coarse_sizes20_50_100_mean_feature_component_b20_50_100_200_500_1000_per_query.csv,C:\Users\Swastik\Desktop\Jigsaw\runs\lcr_mag_v3\results\prod_mag_seed7202_s20260608_q50_types_multi_fine_multi_coarse_sizes20_50_100_mean_feature_component_b20_50_100_200_500_1000_per_query.csv,mag,mag,20260608,mag,multi_fine,50,mean_feature,mean_feature_component,type_rel_feat32,50,39,50,0,39,0,0,0,0,39,0,3.9530749367598763,0.774666907500432,10.732306397500452,141765.46,477173.75,155.34,1153.9331265772298,373049.2123595866,1.0,0.008282051282051282,0.25,28.5,1533.85,1642.46,0.5535913334871367,1259.0526778460862,7.958519833361303,0,0,0,24,3,1,1,7,3,0,,,,,,,,,,,,,,,,,,,,,,,,,,,,,,,,,,,,,,,,,,,,,,,,,,,,,,,,,,,,,,,,,,,,,,,,,,,,,,,,,,,,,,,,,,,,,,,,,,,,,,,,,,,,,,,,,,,,,,0,0,0,0,0,0,24,24,3,27,1,28,1,29,7,36,3,39,0,39,legacy_planted_id_v0_audited_equivalent_to_query_payload_v1
corrected_connected_rerun::prod_mag_seed7202_s20260608_q50_types_multi_fine_multi_coarse_sizes20_50_100_mean_feature_component_b20_50_100_200_500_1000_per_query.csv,C:\Users\Swastik\Desktop\Jigsaw\runs\lcr_mag_v3\results\prod_mag_seed7202_s20260608_q50_types_multi_fine_multi_coarse_sizes20_50_100_mean_feature_component_b20_50_100_200_500_1000_per_query.csv,mag,mag,20260608,mag,multi_fine,100,mean_feature,mean_feature_component,type_rel_feat32,50,45,50,0,45,0,0,0,0,45,0,3.973612120520047,1.799612296002124,12.061178587050108,128511.0,451378.0499999998,272.5,267.937638974353,334903.508706615,1.0,0.007675496688741722,0.2980132450331126,61.0,1274.8999999999999,1531.3699999999994,0.7240120597372205,1299.1859421523766,16.579660668831153,0,0,0,19,5,9,0,7,5,0,,,,,,,,,,,,,,,,,,,,,,,,,,,,,,,,,,,,,,,,,,,,,,,,,,,,,,,,,,,,,,,,,,,,,,,,,,,,,,,,,,,,,,,,,,,,,,,,,,,,,,,,,,,,,,,,,,,,,,0,0,0,0,0,0,19,19,5,24,9,33,0,33,7,40,5,45,0,45,legacy_planted_id_v0_audited_equivalent_to_query_payload_v1
runs\lightning_mag_full\jigsaw-mag-gcp-cpux8-mean-s20260608-v2-resume\summary.csv,runs\lightning_mag_full\jigsaw-mag-gcp-cpux8-mean-s20260608-v2-resume\results\prod_mag_rgcn_seed7202_s20260608_q50_types_all_sizes20_50_100_mean_feature_component_b20_50_100_200_500_1000_per_query.csv,mag,mag,20260608,mag,k_hop,20,mean_feature,mean_feature_component,type_rel_feat32,50,42,50,0,42,0,0,0,0,40,0,4.256417498079918,2.7583159209998485,10.645775222450379,83754.7,481079.5,144.28,7051.049749176826,925298.2868477057,10.02,0.03858479532163742,0.2570373583531478,1754.5,1974.9499999999998,1984.53,0.6308165906699946,1237.6142953917943,6.952224514614564,0,0,0,15,5,5,6,7,4,0,,,,,,,,,,,,,,,,,,,,,,,,,,,,,,,,,,,,,,,,,,,,,,,,,,,,,,,,,,,,,,,,,,,,,,,,,,,,,,,,,,,,,,,,,,,,,,,,,,,,,,,,,,,,,,,,,,,,,,0,0,0,0,0,0,15,15,5,20,5,25,6,31,7,38,4,42,0,42,legacy_planted_id_v0_audited_equivalent_to_query_payload_v1
runs\lightning_mag_full\jigsaw-mag-gcp-cpux8-mean-s20260608-v2-resume\summary.csv,runs\lightning_mag_full\jigsaw-mag-gcp-cpux8-mean-s20260608-v2-resume\results\prod_mag_rgcn_seed7202_s20260608_q50_types_all_sizes20_50_100_mean_feature_component_b20_50_100_200_500_1000_per_query.csv,mag,mag,20260608,mag,k_hop,50,mean_feature,mean_feature_component,type_rel_feat32,50,37,50,0,37,0,0,0,0,34,0,6.327068589440005,6.36465412149937,12.304498725450092,213918.18,625209.1,311.68,1236.8540814397427,239031.10661584625,27.2,0.06410047846889952,0.2270111342564793,1845.5,1996.65,1999.0,0.6741123779386652,1499.2553947990382,14.39737779426424,0,0,0,11,3,2,5,8,8,0,,,,,,,,,,,,,,,,,,,,,,,,,,,,,,,,,,,,,,,,,,,,,,,,,,,,,,,,,,,,,,,,,,,,,,,,,,,,,,,,,,,,,,,,,,,,,,,,,,,,,,,,,,,,,,,,,,,,,,0,0,0,0,0,0,11,11,3,14,2,16,5,21,8,29,8,37,0,37,legacy_planted_id_v0_audited_equivalent_to_query_payload_v1
runs\lightning_mag_full\jigsaw-mag-gcp-cpux8-mean-s20260608-v2-resume\summary.csv,runs\lightning_mag_full\jigsaw-mag-gcp-cpux8-mean-s20260608-v2-resume\results\prod_mag_rgcn_seed7202_s20260608_q50_types_all_sizes20_50_100_mean_feature_component_b20_50_100_200_500_1000_per_query.csv,mag,mag,20260608,mag,k_hop,100,mean_feature,mean_feature_component,type_rel_feat32,50,32,50,0,32,0,0,0,0,32,0,8.131292340320034,9.338643041000068,13.495352101150548,265135.16,663822.05,612.46,825.5473163029809,102053.28489912157,53.88,0.08862396694214876,0.21614965824466265,1923.0,1997.5500000000002,1998.51,0.6975561074424067,1646.0674008140468,33.95167776447244,0,0,0,3,4,4,3,9,9,0,,,,,,,,,,,,,,,,,,,,,,,,,,,,,,,,,,,,,,,,,,,,,,,,,,,,,,,,,,,,,,,,,,,,,,,,,,,,,,,,,,,,,,,,,,,,,,,,,,,,,,,,,,,,,,,,,,,,,,0,0,0,0,0,0,3,3,4,7,4,11,3,14,9,23,9,32,0,32,legacy_planted_id_v0_audited_equivalent_to_query_payload_v1
runs\lightning_mag_full\jigsaw-mag-gcp-cpux8-mean-s20260608-v2-resume\summary.csv,runs\lightning_mag_full\jigsaw-mag-gcp-cpux8-mean-s20260608-v2-resume\results\prod_mag_rgcn_seed7202_s20260608_q50_types_all_sizes20_50_100_mean_feature_component_b20_50_100_200_500_1000_per_query.csv,mag,mag,20260608,mag,degree_k_hop,20,mean_feature,mean_feature_component,type_rel_feat32,50,41,50,0,41,0,0,0,0,38,0,5.10776857433997,4.594152562999852,12.108385133849856,131426.1,513548.54999999993,174.72,9404.276612109594,1209760.2902912109,10.68,0.032,0.2526082829001724,1805.5,1995.4,1999.0,0.6481721566045724,1282.7405210353395,7.100028040410663,0,0,0,11,3,7,3,8,9,0,,,,,,,,,,,,,,,,,,,,,,,,,,,,,,,,,,,,,,,,,,,,,,,,,,,,,,,,,,,,,,,,,,,,,,,,,,,,,,,,,,,,,,,,,,,,,,,,,,,,,,,,,,,,,,,,,,,,,,0,0,0,0,0,0,11,11,3,14,7,21,3,24,8,32,9,41,0,41,legacy_planted_id_v0_audited_equivalent_to_query_payload_v1
runs\lightning_mag_full\jigsaw-mag-gcp-cpux8-mean-s20260608-v2-resume\summary.csv,runs\lightning_mag_full\jigsaw-mag-gcp-cpux8-mean-s20260608-v2-resume\results\prod_mag_rgcn_seed7202_s20260608_q50_types_all_sizes20_50_100_mean_feature_component_b20_50_100_200_500_1000_per_query.csv,mag,mag,20260608,mag,degree_k_hop,50,mean_feature,mean_feature_component,type_rel_feat32,50,44,50,0,44,0,0,0,0,43,0,5.807897284599822,5.678784391499903,12.364596447749364,175790.9,520276.05000000005,435.5,2779.6294873719726,350238.445599839,27.1,0.07077560975609756,0.24181690334614311,1799.0,1998.5500000000002,2000.0,0.6851444878321207,1395.6606257853286,20.899687531700913,0,0,0,8,5,4,5,13,9,0,,,,,,,,,,,,,,,,,,,,,,,,,,,,,,,,,,,,,,,,,,,,,,,,,,,,,,,,,,,,,,,,,,,,,,,,,,,,,,,,,,,,,,,,,,,,,,,,,,,,,,,,,,,,,,,,,,,,,,0,0,0,0,0,0,8,8,5,13,4,17,5,22,13,35,9,44,0,44,legacy_planted_id_v0_audited_equivalent_to_query_payload_v1
runs\lightning_mag_full\jigsaw-mag-gcp-cpux8-mean-s20260608-v2-resume\summary.csv,runs\lightning_mag_full\jigsaw-mag-gcp-cpux8-mean-s20260608-v2-resume\results\prod_mag_rgcn_seed7202_s20260608_q50_types_all_sizes20_50_100_mean_feature_component_b20_50_100_200_500_1000_per_query.csv,mag,mag,20260608,mag,degree_k_hop,100,mean_feature,mean_feature_component,type_rel_feat32,50,34,50,0,34,0,0,0,1,34,1,8.317968800619965,9.75078466649984,14.04734650465084,255966.88,658280.35,913.78,896.4632709654958,92702.52980162213,52.28,0.09184913793103448,0.23226954440545672,1927.5,1998.5500000000002,1999.0,0.7651555559959888,1681.3322403706895,111.33344941809607,0,0,0,7,3,2,2,11,9,0,,,,,,,,,,,,,,,,,,,,,,,,,,,,,,,,,,,,,,,,,,,,,,,,,,,,,,,,,,,,,,,,,,,,,,,,,,,,,,,,,,,,,,,,,,,,,,,,,,,,,,,,,,,,,,,,,,,,,,0,0,0,0,0,0,7,7,3,10,2,12,2,14,11,25,9,34,0,34,legacy_planted_id_v0_audited_equivalent_to_query_payload_v1
runs\lightning_mag_full\jigsaw-mag-gcp-cpux8-mean-s20260608-v2-resume\summary.csv,runs\lightning_mag_full\jigsaw-mag-gcp-cpux8-mean-s20260608-v2-resume\results\prod_mag_rgcn_seed7202_s20260608_q50_types_all_sizes20_50_100_mean_feature_component_b20_50_100_200_500_1000_per_query.csv,mag,mag,20260608,mag,random_walk,20,mean_feature,mean_feature_component,type_rel_feat32,50,30,50,0,30,0,0,0,0,18,0,8.258534567759934,9.613538124000115,12.927365739799757,137739.38,308735.4,109.5,5589.118667870032,1069185.3885334297,12.12,0.03017131474103586,0.29417271073586987,1728.0,1963.55,1989.63,0.6538042907777708,1641.7697907410234,3.3566171792822805,0,0,0,3,2,3,4,9,9,0,,,,,,,,,,,,,,,,,,,,,,,,,,,,,,,,,,,,,,,,,,,,,,,,,,,,,,,,,,,,,,,,,,,,,,,,,,,,,,,,,,,,,,,,,,,,,,,,,,,,,,,,,,,,,,,,,,,,,,0,0,0,0,0,0,3,3,2,5,3,8,4,12,9,21,9,30,0,30,legacy_planted_id_v0_audited_equivalent_to_query_payload_v1
runs\lightning_mag_full\jigsaw-mag-gcp-cpux8-mean-s20260608-v2-resume\summary.csv,runs\lightning_mag_full\jigsaw-mag-gcp-cpux8-mean-s20260608-v2-resume\results\prod_mag_rgcn_seed7202_s20260608_q50_types_all_sizes20_50_100_mean_feature_component_b20_50_100_200_500_1000_per_query.csv,mag,mag,20260608,mag,random_walk,50,mean_feature,mean_feature_component,type_rel_feat32,50,17,50,0,17,0,0,0,0,13,0,11.432392872500078,11.746899548000329,13.378738748651177,191160.74,385827.19999999995,217.04,1698.5890371186463,246055.12006926883,28.56,0.061013651877133104,0.3088535318721597,1853.0,1988.65,1992.02,0.6938195119366523,1943.468764269642,7.451521139927793,0,0,0,0,0,1,1,2,13,0,,,,,,,,,,,,,,,,,,,,,,,,,,,,,,,,,,,,,,,,,,,,,,,,,,,,,,,,,,,,,,,,,,,,,,,,,,,,,,,,,,,,,,,,,,,,,,,,,,,,,,,,,,,,,,,,,,,,,,0,0,0,0,0,0,0,0,0,0,1,1,1,2,2,4,13,17,0,17,legacy_planted_id_v0_audited_equivalent_to_query_payload_v1
runs\lightning_mag_full\jigsaw-mag-gcp-cpux8-mean-s20260608-v2-resume\summary.csv,runs\lightning_mag_full\jigsaw-mag-gcp-cpux8-mean-s20260608-v2-resume\results\prod_mag_rgcn_seed7202_s20260608_q50_types_all_sizes20_50_100_mean_feature_component_b20_50_100_200_500_1000_per_query.csv,mag,mag,20260608,mag,random_walk,100,mean_feature,mean_feature_component,type_rel_feat32,50,1,50,0,1,0,0,0,0,0,0,11.993003302979924,12.247193635998428,13.77217370935059,324596.14,448921.44999999995,1167.68,361.21549363106914,100016.3646573115,56.66,0.07235000000000001,0.2503755366451454,1946.5,1998.0,1999.51,0.7149947799553047,1967.1523532899996,31.68153053998746,0,0,0,0,0,0,0,0,1,0,,,,,,,,,,,,,,,,,,,,,,,,,,,,,,,,,,,,,,,,,,,,,,,,,,,,,,,,,,,,,,,,,,,,,,,,,,,,,,,,,,,,,,,,,,,,,,,,,,,,,,,,,,,,,,,,,,,,,,0,0,0,0,0,0,0,0,0,0,0,0,0,0,0,0,1,1,0,1,legacy_planted_id_v0_audited_equivalent_to_query_payload_v1
corrected_connected_rerun::prod_mag_seed7202_s20260608_q50_types_multi_fine_multi_coarse_sizes20_50_100_mean_feature_component_b20_50_100_200_500_1000_per_query.csv,C:\Users\Swastik\Desktop\Jigsaw\runs\lcr_mag_v3\results\prod_mag_seed7202_s20260608_q50_types_multi_fine_multi_coarse_sizes20_50_100_mean_feature_component_b20_50_100_200_500_1000_per_query.csv,mag,mag,20260608,mag,multi_coarse,20,mean_feature,mean_feature_component,type_rel_feat32,50,22,50,0,22,0,0,0,0,15,0,8.90568489325984,9.433412831500846,11.689925815801598,223836.88,409453.1,65.92,832.0287100266942,1403354.4216393875,4.4,0.011908127208480565,0.34428739693757365,1502.0,1899.9,1956.06,0.5630786288445819,1571.2343042013804,2.2082564452345133,0,0,0,1,0,1,1,7,12,0,,,,,,,,,,,,,,,,,,,,,,,,,,,,,,,,,,,,,,,,,,,,,,,,,,,,,,,,,,,,,,,,,,,,,,,,,,,,,,,,,,,,,,,,,,,,,,,,,,,,,,,,,,,,,,,,,,,,,,0,0,0,0,0,0,1,1,0,1,1,2,1,3,7,10,12,22,0,22,legacy_planted_id_v0_audited_equivalent_to_query_payload_v1
corrected_connected_rerun::prod_mag_seed7202_s20260608_q50_types_multi_fine_multi_coarse_sizes20_50_100_mean_feature_component_b20_50_100_200_500_1000_per_query.csv,C:\Users\Swastik\Desktop\Jigsaw\runs\lcr_mag_v3\results\prod_mag_seed7202_s20260608_q50_types_multi_fine_multi_coarse_sizes20_50_100_mean_feature_component_b20_50_100_200_500_1000_per_query.csv,mag,mag,20260608,mag,multi_coarse,50,mean_feature,mean_feature_component,type_rel_feat32,50,15,50,0,15,0,0,0,0,14,0,10.50833763516006,10.646587483501207,14.290475661350317,320670.54,478574.54999999993,60.14,999.8707210762997,483093.35544646246,4.28,0.01181118881118881,0.33945221445221446,1418.5,1954.6499999999999,1986.69,0.6664829543742153,1834.6430744160732,2.4788897727484147,0,0,0,1,0,0,2,5,7,0,,,,,,,,,,,,,,,,,,,,,,,,,,,,,,,,,,,,,,,,,,,,,,,,,,,,,,,,,,,,,,,,,,,,,,,,,,,,,,,,,,,,,,,,,,,,,,,,,,,,,,,,,,,,,,,,,,,,,,0,0,0,0,0,0,1,1,0,1,0,1,2,3,5,8,7,15,0,15,legacy_planted_id_v0_audited_equivalent_to_query_payload_v1
corrected_connected_rerun::prod_mag_seed7202_s20260608_q50_types_multi_fine_multi_coarse_sizes20_50_100_mean_feature_component_b20_50_100_200_500_1000_per_query.csv,C:\Users\Swastik\Desktop\Jigsaw\runs\lcr_mag_v3\results\prod_mag_seed7202_s20260608_q50_types_multi_fine_multi_coarse_sizes20_50_100_mean_feature_component_b20_50_100_200_500_1000_per_query.csv,mag,mag,20260608,mag,multi_coarse,100,mean_feature,mean_feature_component,type_rel_feat32,50,14,50,0,14,0,0,0,0,13,0,11.411376177220008,11.100103264999234,16.306033736149217,383203.32,566309.9999999999,137.3,247.7197779990026,205900.52055253956,4.4,0.011553633217993079,0.34123414071510955,1553.0,1953.9499999999998,1972.1,0.711013003452397,1969.0249016090143,5.261634242198292,0,0,0,0,1,0,1,5,7,0,,,,,,,,,,,,,,,,,,,,,,,,,,,,,,,,,,,,,,,,,,,,,,,,,,,,,,,,,,,,,,,,,,,,,,,,,,,,,,,,,,,,,,,,,,,,,,,,,,,,,,,,,,,,,,,,,,,,,,0,0,0,0,0,0,0,0,1,1,0,1,1,2,5,7,7,14,0,14,legacy_planted_id_v0_audited_equivalent_to_query_payload_v1
/workspace/jigsaw_pkg/runs/noid_negative_mag_v3/results/prod_mag_pv1_s20260608_neg_mean_feature_component_b20_50_100_200_500_1000_per_query.csv,/workspace/jigsaw_pkg/runs/noid_negative_mag_v3/results/prod_mag_pv1_s20260608_neg_mean_feature_component_b20_50_100_200_500_1000_per_query.csv,mag,mag,20260608,mag,negative_label,20,mean_feature,mean_feature_component,type_rel_feat32,50,0,0,50,0,0,50,0,0,3,0,4.16820789197951,4.125140001998261,4.968429312550869,198516.56,503795.30000000005,0.0,9429.337419425272,2604678.5036880053,11.08,0.008939999999999984,0.20891303549391815,1772.5,1997.5500000000002,1999.51,0.5637977200603927,694.7013153299183,0.0,0,0,0,0,0,0,0,0,0,0,query_payload_v1_negative_rerun_2026-08-01,50,0,,0,1,0,50,0,0.69470131533,0.00056379772006,4.16820789197951,198516.56,,,,,,,,0,,,,,,,,,,,,,,,,,,,,,,,,,,,,,,,,,,,,,,,,,,,,,,,,,,,,,,,,,,,,,,,,,,,,,,,,,,,,,,,,,,,,,,,,,,,,,,,0.06,0,0,0,0,0,0,0,0,0,0,0,0,0,0,0,0,0,0,0,0,0,query_payload_v1
/workspace/jigsaw_pkg/runs/noid_negative_mag_v3/results/prod_mag_pv1_s20260608_neg_mean_feature_component_b20_50_100_200_500_1000_per_query.csv,/workspace/jigsaw_pkg/runs/noid_negative_mag_v3/results/prod_mag_pv1_s20260608_neg_mean_feature_component_b20_50_100_200_500_1000_per_query.csv,mag,mag,20260608,mag,negative_label,50,mean_feature,mean_feature_component,type_rel_feat32,50,0,0,50,0,0,50,0,0,7,0,4.4258328224401335,4.381692688499243,4.8236757670501,308851.28,548850.1,0.0,2319.2074087742585,1350676.4828595433,27.94,0.013943333333333289,0.16337608061645825,1947.5,1996.55,1998.51,0.5664181799511425,737.6388037400224,0.0,0,0,0,0,0,0,0,0,0,0,query_payload_v1_negative_rerun_2026-08-01,50,0,,0,1,0,50,0,0.73763880374,0.000566418179951,4.4258328224401335,308851.28,,,,,,,,0,,,,,,,,,,,,,,,,,,,,,,,,,,,,,,,,,,,,,,,,,,,,,,,,,,,,,,,,,,,,,,,,,,,,,,,,,,,,,,,,,,,,,,,,,,,,,,,0.14,0,0,0,0,0,0,0,0,0,0,0,0,0,0,0,0,0,0,0,0,0,query_payload_v1
/workspace/jigsaw_pkg/runs/noid_negative_mag_v3/results/prod_mag_pv1_s20260608_neg_mean_feature_component_b20_50_100_200_500_1000_per_query.csv,/workspace/jigsaw_pkg/runs/noid_negative_mag_v3/results/prod_mag_pv1_s20260608_neg_mean_feature_component_b20_50_100_200_500_1000_per_query.csv,mag,mag,20260608,mag,negative_label,100,mean_feature,mean_feature_component,type_rel_feat32,50,0,0,50,0,0,50,0,0,3,0,4.62153804432026,4.48505400850172,6.071715327152195,283985.04,576112.0,0.0,1058.5615674298022,1633263.945498254,52.76,0.021339999999999963,0.14664433747140967,1985.0,1999.0,1999.0,0.5676095000308123,770.2563407200432,0.0,0,0,0,0,0,0,0,0,0,0,query_payload_v1_negative_rerun_2026-08-01,50,0,,0,1,0,50,0,0.77025634072,0.000567609500031,4.62153804432026,283985.04,,,,,,,,0,,,,,,,,,,,,,,,,,,,,,,,,,,,,,,,,,,,,,,,,,,,,,,,,,,,,,,,,,,,,,,,,,,,,,,,,,,,,,,,,,,,,,,,,,,,,,,,0.06,0,0,0,0,0,0,0,0,0,0,0,0,0,0,0,0,0,0,0,0,0,query_payload_v1
/workspace/jigsaw_pkg/runs/noid_negative_mag_v3/results/prod_mag_pv1_s20260608_neg_mean_feature_component_b20_50_100_200_500_1000_per_query.csv,/workspace/jigsaw_pkg/runs/noid_negative_mag_v3/results/prod_mag_pv1_s20260608_neg_mean_feature_component_b20_50_100_200_500_1000_per_query.csv,mag,mag,20260608,mag,negative_structure,20,mean_feature,mean_feature_component,type_rel_feat32,50,0,0,50,0,0,49,1,1,40,1,4.660210428519458,4.363631513499058,5.510834337499636,194410.28,555645.2,586.12,5973.5804202910695,839007.3587168478,11.0,0.029233333333333267,0.3909330253080255,1639.0,1959.5500000000002,1988.0,0.5691981199561269,724.6230554732574,52.07868261331896,0,0,0,0,0,0,0,0,0,0,query_payload_v1_negative_rerun_2026-08-01,50,0,,0,0.98,0,50,0.0520786826133,0.724623055473,0.000569198119956,4.660210428519458,194410.28,,,,,,,,1,,,,,,,,,,,,,,,,,,,,,,,,,,,,,,,,,,,,,,,,,,,,,,,,,,,,,,,,,,,,,,,,,,,,,,,,,,,,,,,,,,,,,,,,,,,,,,,0.8,0.02,0,0,0,0,0,0,0,0,0,0,0,0,0,0,0,0,0,0,0,0,query_payload_v1
/workspace/jigsaw_pkg/runs/noid_negative_mag_v3/results/prod_mag_pv1_s20260608_neg_mean_feature_component_b20_50_100_200_500_1000_per_query.csv,/workspace/jigsaw_pkg/runs/noid_negative_mag_v3/results/prod_mag_pv1_s20260608_neg_mean_feature_component_b20_50_100_200_500_1000_per_query.csv,mag,mag,20260608,mag,negative_structure,50,mean_feature,mean_feature_component,type_rel_feat32,50,0,0,50,0,0,50,0,0,42,0,4.854766562479199,4.880841348000104,5.951648842800205,220574.26,612974.6499999999,523.12,4488.494201538225,185932.06185143715,27.16,0.06730999999999998,0.3646743443347088,1841.0,1991.65,1998.51,0.5893438400016748,786.269827109924,22.857933303275786,0,0,0,0,0,0,0,0,0,0,query_payload_v1_negative_rerun_2026-08-01,50,0,,0,1,0,50,0.0228579333033,0.78626982711,0.000589343840002,4.854766562479199,220574.26,,,,,,,,0,,,,,,,,,,,,,,,,,,,,,,,,,,,,,,,,,,,,,,,,,,,,,,,,,,,,,,,,,,,,,,,,,,,,,,,,,,,,,,,,,,,,,,,,,,,,,,,0.84,0,0,0,0,0,0,0,0,0,0,0,0,0,0,0,0,0,0,0,0,0,query_payload_v1
/workspace/jigsaw_pkg/runs/noid_negative_mag_v3/results/prod_mag_pv1_s20260608_neg_mean_feature_component_b20_50_100_200_500_1000_per_query.csv,/workspace/jigsaw_pkg/runs/noid_negative_mag_v3/results/prod_mag_pv1_s20260608_neg_mean_feature_component_b20_50_100_200_500_1000_per_query.csv,mag,mag,20260608,mag,negative_structure,100,mean_feature,mean_feature_component,type_rel_feat32,50,0,0,50,0,0,50,0,0,33,0,4.909758952039811,4.973800169997958,6.266595786898051,324417.3,658958.5,639.64,1103.4906660029474,304719.89867322275,47.4,0.08283666666666664,0.30834447777304885,1916.5,1998.5500000000002,1999.0,0.5941617599819438,792.9619809066268,25.331177766674955,0,0,0,0,0,0,0,0,0,0,query_payload_v1_negative_rerun_2026-08-01,50,0,,0,1,0,50,0.0253311777667,0.792961980907,0.000594161759982,4.909758952039811,324417.3,,,,,,,,0,,,,,,,,,,,,,,,,,,,,,,,,,,,,,,,,,,,,,,,,,,,,,,,,,,,,,,,,,,,,,,,,,,,,,,,,,,,,,,,,,,,,,,,,,,,,,,,0.66,0,0,0,0,0,0,0,0,0,0,0,0,0,0,0,0,0,0,0,0,0,query_payload_v1
runs\lightning_mag_full\jigsaw-mag-gcp-cpux8-meanrrf-s20260608-dark-v2-resume\summary.csv,runs\lightning_mag_full\jigsaw-mag-gcp-cpux8-meanrrf-s20260608-dark-v2-resume\results\prod_mag_rgcn_seed7202_s20260608_q50_types_all_sizes20_50_100_mean_rrf_component_b20_50_100_200_500_1000_per_query.csv,mag,mag,20260608,mag_rgcn_best,single,20,coarse_mean_rrf,mean_rrf_component,type_rel_feat32,50,49,50,0,49,0,0,0,0,48,0,1.9633850209600132,1.2418036640000878,6.478124311550007,68230.06,309516.9499999997,114.72,3878.35068518234,1323537.775636534,1.0,0.010419354838709679,0.3870967741935484,36.0,428.7999999999997,802.2599999999987,20.796699217742702,785.1579765725837,6.529531879034457,0,0,0,21,7,7,8,6,0,0,,,,,,,,,,,,,,,,,,,,,,,,,,,,,,,,,,,,,,,,,,,,,,,,,,,,,,,,,,,,,,,,,,,,,,,,,,,,,,,,,,,,,,,,,,,,,,,,,,,,,,,,,,,,,,,,,,,,,,0,0,0,0,0,0,21,21,7,28,7,35,8,43,6,49,0,49,0,49,legacy_planted_id_v0_audited_equivalent_to_query_payload_v1
runs\lightning_mag_full\jigsaw-mag-gcp-cpux8-meanrrf-s20260608-dark-v2-resume\summary.csv,runs\lightning_mag_full\jigsaw-mag-gcp-cpux8-meanrrf-s20260608-dark-v2-resume\results\prod_mag_rgcn_seed7202_s20260608_q50_types_all_sizes20_50_100_mean_rrf_component_b20_50_100_200_500_1000_per_query.csv,mag,mag,20260608,mag_rgcn_best,single,50,coarse_mean_rrf,mean_rrf_component,type_rel_feat32,50,50,50,0,50,0,0,0,0,50,0,1.0802067695398363,0.4981148734996168,4.40687211194863,43788.8,328577.1499999996,142.18,808.0157385930305,255253.05375667344,1.0,0.023144578313253013,0.6024096385542169,7.5,305.3499999999992,450.9099999999999,23.248213662664494,636.4906576987142,14.236311903596835,0,0,0,35,6,3,3,3,0,0,,,,,,,,,,,,,,,,,,,,,,,,,,,,,,,,,,,,,,,,,,,,,,,,,,,,,,,,,,,,,,,,,,,,,,,,,,,,,,,,,,,,,,,,,,,,,,,,,,,,,,,,,,,,,,,,,,,,,,0,0,0,0,0,0,35,35,6,41,3,44,3,47,3,50,0,50,0,50,legacy_planted_id_v0_audited_equivalent_to_query_payload_v1
runs\lightning_mag_full\jigsaw-mag-gcp-cpux8-meanrrf-s20260608-dark-v2-resume\summary.csv,runs\lightning_mag_full\jigsaw-mag-gcp-cpux8-meanrrf-s20260608-dark-v2-resume\results\prod_mag_rgcn_seed7202_s20260608_q50_types_all_sizes20_50_100_mean_rrf_component_b20_50_100_200_500_1000_per_query.csv,mag,mag,20260608,mag_rgcn_best,single,100,coarse_mean_rrf,mean_rrf_component,type_rel_feat32,50,50,50,0,50,0,0,0,0,50,0,1.342050581320027,0.5959677435000685,5.29029147444969,53482.04,274100.5,231.94,458.44259979005204,132089.4396679513,1.0,0.017670212765957448,0.5319148936170213,16.0,246.84999999999968,377.4999999999999,27.22952699996603,691.5190859042759,22.337606287227903,0,0,0,27,13,2,5,3,0,0,,,,,,,,,,,,,,,,,,,,,,,,,,,,,,,,,,,,,,,,,,,,,,,,,,,,,,,,,,,,,,,,,,,,,,,,,,,,,,,,,,,,,,,,,,,,,,,,,,,,,,,,,,,,,,,,,,,,,,0,0,0,0,0,0,27,27,13,40,2,42,5,47,3,50,0,50,0,50,legacy_planted_id_v0_audited_equivalent_to_query_payload_v1
corrected_connected_rerun::prod_mag_seed7202_s20260608_q50_types_multi_fine_multi_coarse_sizes20_50_100_mean_rrf_component_b20_50_100_200_500_1000_per_query.csv,C:\Users\Swastik\Desktop\Jigsaw\runs\lcr_mag_v3\results\prod_mag_seed7202_s20260608_q50_types_multi_fine_multi_coarse_sizes20_50_100_mean_rrf_component_b20_50_100_200_500_1000_per_query.csv,mag,mag,20260608,mag_rgcn_best,multi_fine,20,coarse_mean_rrf,mean_rrf_component,type_rel_feat32,50,50,50,0,50,0,0,0,0,50,0,0.9555423902998519,0.39746456750071957,3.884514274198952,21856.12,88134.99999999997,138.76,1867.9573314512347,985086.9250402983,1.0,0.021891566265060242,0.5903614457831325,11.0,163.5499999999999,280.1099999999999,20.071405735025,564.1870997469048,11.440846216861377,0,0,0,32,8,6,3,1,0,0,,,,,,,,,,,,,,,,,,,,,,,,,,,,,,,,,,,,,,,,,,,,,,,,,,,,,,,,,,,,,,,,,,,,,,,,,,,,,,,,,,,,,,,,,,,,,,,,,,,,,,,,,,,,,,,,,,,,,,0,0,0,0,0,0,32,32,8,40,6,46,3,49,1,50,0,50,0,50,legacy_planted_id_v0_audited_equivalent_to_query_payload_v1
corrected_connected_rerun::prod_mag_seed7202_s20260608_q50_types_multi_fine_multi_coarse_sizes20_50_100_mean_rrf_component_b20_50_100_200_500_1000_per_query.csv,C:\Users\Swastik\Desktop\Jigsaw\runs\lcr_mag_v3\results\prod_mag_seed7202_s20260608_q50_types_multi_fine_multi_coarse_sizes20_50_100_mean_rrf_component_b20_50_100_200_500_1000_per_query.csv,mag,mag,20260608,mag_rgcn_best,multi_fine,50,coarse_mean_rrf,mean_rrf_component,type_rel_feat32,50,50,50,0,50,0,0,0,0,50,0,1.0146822351598166,0.34990493100031017,4.393366018248792,29114.34,72877.04999999999,188.12,1141.9531480651613,176840.42223886357,1.0,0.02285365853658537,0.6097560975609756,10.0,183.44999999999993,294.90999999999974,23.872439597276177,601.9265998901152,16.782080085382713,0,0,0,33,8,5,2,2,0,0,,,,,,,,,,,,,,,,,,,,,,,,,,,,,,,,,,,,,,,,,,,,,,,,,,,,,,,,,,,,,,,,,,,,,,,,,,,,,,,,,,,,,,,,,,,,,,,,,,,,,,,,,,,,,,,,,,,,,,0,0,0,0,0,0,33,33,8,41,5,46,2,48,2,50,0,50,0,50,legacy_planted_id_v0_audited_equivalent_to_query_payload_v1
corrected_connected_rerun::prod_mag_seed7202_s20260608_q50_types_multi_fine_multi_coarse_sizes20_50_100_mean_rrf_component_b20_50_100_200_500_1000_per_query.csv,C:\Users\Swastik\Desktop\Jigsaw\runs\lcr_mag_v3\results\prod_mag_seed7202_s20260608_q50_types_multi_fine_multi_coarse_sizes20_50_100_mean_rrf_component_b20_50_100_200_500_1000_per_query.csv,mag,mag,20260608,mag_rgcn_best,multi_fine,100,coarse_mean_rrf,mean_rrf_component,type_rel_feat32,50,50,50,0,50,0,0,0,0,50,0,0.7220275307802149,0.37691949649979506,2.079309947549243,20555.74,63808.49999999983,306.98,250.13204368522162,67036.9669787639,1.0,0.03174626865671642,0.746268656716418,9.5,58.299999999999926,194.17999999999978,25.870642358571406,499.57352188075265,39.25299362687037,0,0,0,39,8,1,1,1,0,0,,,,,,,,,,,,,,,,,,,,,,,,,,,,,,,,,,,,,,,,,,,,,,,,,,,,,,,,,,,,,,,,,,,,,,,,,,,,,,,,,,,,,,,,,,,,,,,,,,,,,,,,,,,,,,,,,,,,,,0,0,0,0,0,0,39,39,8,47,1,48,1,49,1,50,0,50,0,50,legacy_planted_id_v0_audited_equivalent_to_query_payload_v1
runs\lightning_mag_full\jigsaw-mag-gcp-cpux8-meanrrf-s20260608-dark-v2-resume\summary.csv,runs\lightning_mag_full\jigsaw-mag-gcp-cpux8-meanrrf-s20260608-dark-v2-resume\results\prod_mag_rgcn_seed7202_s20260608_q50_types_all_sizes20_50_100_mean_rrf_component_b20_50_100_200_500_1000_per_query.csv,mag,mag,20260608,mag_rgcn_best,k_hop,20,coarse_mean_rrf,mean_rrf_component,type_rel_feat32,50,50,50,0,50,0,0,0,0,49,0,2.033047565380011,1.0336577890002445,6.146978702349861,53712.58,379662.09999999974,166.86,7191.909501766209,680647.35790318,10.02,0.06170731707317073,0.2769284464406415,1411.5,1945.6,1981.87,22.341813861798503,816.4023574308923,10.039742317079858,0,0,0,21,8,8,5,6,2,0,,,,,,,,,,,,,,,,,,,,,,,,,,,,,,,,,,,,,,,,,,,,,,,,,,,,,,,,,,,,,,,,,,,,,,,,,,,,,,,,,,,,,,,,,,,,,,,,,,,,,,,,,,,,,,,,,,,,,,0,0,0,0,0,0,21,21,8,29,8,37,5,42,6,48,2,50,0,50,legacy_planted_id_v0_audited_equivalent_to_query_payload_v1
runs\lightning_mag_full\jigsaw-mag-gcp-cpux8-meanrrf-s20260608-dark-v2-resume\summary.csv,runs\lightning_mag_full\jigsaw-mag-gcp-cpux8-meanrrf-s20260608-dark-v2-resume\results\prod_mag_rgcn_seed7202_s20260608_q50_types_all_sizes20_50_100_mean_rrf_component_b20_50_100_200_500_1000_per_query.csv,mag,mag,20260608,mag_rgcn_best,k_hop,50,coarse_mean_rrf,mean_rrf_component,type_rel_feat32,50,47,50,0,47,0,0,0,1,44,1,3.8554837462000022,3.5872913055000026,9.534708603649875,146793.74,500465.44999999995,535.58,1245.0753629877051,182401.1605316557,27.2,0.09857324840764332,0.22896883966675402,1702.0,1976.25,1995.0,37.105846363057275,1140.1839206878994,87.67714498089106,0,0,0,17,3,5,10,11,1,0,,,,,,,,,,,,,,,,,,,,,,,,,,,,,,,,,,,,,,,,,,,,,,,,,,,,,,,,,,,,,,,,,,,,,,,,,,,,,,,,,,,,,,,,,,,,,,,,,,,,,,,,,,,,,,,,,,,,,,0,0,0,0,0,0,17,17,3,20,5,25,10,35,11,46,1,47,0,47,legacy_planted_id_v0_audited_equivalent_to_query_payload_v1
runs\lightning_mag_full\jigsaw-mag-gcp-cpux8-meanrrf-s20260608-dark-v2-resume\summary.csv,runs\lightning_mag_full\jigsaw-mag-gcp-cpux8-meanrrf-s20260608-dark-v2-resume\results\prod_mag_rgcn_seed7202_s20260608_q50_types_all_sizes20_50_100_mean_rrf_component_b20_50_100_200_500_1000_per_query.csv,mag,mag,20260608,mag_rgcn_best,k_hop,100,coarse_mean_rrf,mean_rrf_component,type_rel_feat32,50,46,50,0,46,0,0,0,1,47,1,4.789291026260016,3.8979147800000646,12.679917554901383,171537.46,611290.0999999999,906.16,823.0780704343154,98843.16871547153,53.88,0.13172832369942197,0.21164944684314016,1860.5,1985.65,1992.0,27.134158618405756,1262.9039269306272,121.28423094799015,0,0,0,12,5,8,5,11,5,0,,,,,,,,,,,,,,,,,,,,,,,,,,,,,,,,,,,,,,,,,,,,,,,,,,,,,,,,,,,,,,,,,,,,,,,,,,,,,,,,,,,,,,,,,,,,,,,,,,,,,,,,,,,,,,,,,,,,,,0,0,0,0,0,0,12,12,5,17,8,25,5,30,11,41,5,46,0,46,legacy_planted_id_v0_audited_equivalent_to_query_payload_v1
runs\lightning_mag_full\jigsaw-mag-gcp-cpux8-meanrrf-s20260608-dark-v2-resume\summary.csv,runs\lightning_mag_full\jigsaw-mag-gcp-cpux8-meanrrf-s20260608-dark-v2-resume\results\prod_mag_rgcn_seed7202_s20260608_q50_types_all_sizes20_50_100_mean_rrf_component_b20_50_100_200_500_1000_per_query.csv,mag,mag,20260608,mag_rgcn_best,degree_k_hop,20,coarse_mean_rrf,mean_rrf_component,type_rel_feat32,50,47,50,0,47,0,0,0,0,46,0,2.582040948180038,1.099077866500238,8.991367767649693,79806.34,487775.74999999994,150.82,9062.2108390894,862504.7425967631,10.68,0.0589645390070922,0.3225212215356145,1239.0,1921.5499999999997,1981.85,21.50581121280774,905.7157572978831,9.90160021276858,0,0,0,14,14,6,6,3,4,0,,,,,,,,,,,,,,,,,,,,,,,,,,,,,,,,,,,,,,,,,,,,,,,,,,,,,,,,,,,,,,,,,,,,,,,,,,,,,,,,,,,,,,,,,,,,,,,,,,,,,,,,,,,,,,,,,,,,,,0,0,0,0,0,0,14,14,14,28,6,34,6,40,3,43,4,47,0,47,legacy_planted_id_v0_audited_equivalent_to_query_payload_v1
runs\lightning_mag_full\jigsaw-mag-gcp-cpux8-meanrrf-s20260608-dark-v2-resume\summary.csv,runs\lightning_mag_full\jigsaw-mag-gcp-cpux8-meanrrf-s20260608-dark-v2-resume\results\prod_mag_rgcn_seed7202_s20260608_q50_types_all_sizes20_50_100_mean_rrf_component_b20_50_100_200_500_1000_per_query.csv,mag,mag,20260608,mag_rgcn_best,degree_k_hop,50,coarse_mean_rrf,mean_rrf_component,type_rel_feat32,50,47,50,0,47,0,0,0,0,46,0,3.7091378570199733,2.98950366400004,10.115796993799833,114337.64,466417.6999999997,384.84,2644.789490099237,183044.1747510398,27.1,0.10886503067484664,0.2806268494924294,1683.0,1969.25,1994.51,24.055516957082965,1114.7169679447813,23.05538083435141,0,0,0,13,6,7,8,11,2,0,,,,,,,,,,,,,,,,,,,,,,,,,,,,,,,,,,,,,,,,,,,,,,,,,,,,,,,,,,,,,,,,,,,,,,,,,,,,,,,,,,,,,,,,,,,,,,,,,,,,,,,,,,,,,,,,,,,,,,0,0,0,0,0,0,13,13,6,19,7,26,8,34,11,45,2,47,0,47,legacy_planted_id_v0_audited_equivalent_to_query_payload_v1
runs\lightning_mag_full\jigsaw-mag-gcp-cpux8-meanrrf-s20260608-dark-v2-resume\summary.csv,runs\lightning_mag_full\jigsaw-mag-gcp-cpux8-meanrrf-s20260608-dark-v2-resume\results\prod_mag_rgcn_seed7202_s20260608_q50_types_all_sizes20_50_100_mean_rrf_component_b20_50_100_200_500_1000_per_query.csv,mag,mag,20260608,mag_rgcn_best,degree_k_hop,100,coarse_mean_rrf,mean_rrf_component,type_rel_feat32,50,44,50,0,44,0,0,0,1,44,1,5.37536852050016,4.126720917000512,11.531574923000198,188742.18,640451.35,932.06,858.8935505863519,103191.29435659821,52.28,0.1325054347826087,0.25217036415384064,1827.0,1980.75,1999.02,27.74152564139691,1319.9446313913284,140.7533361358891,0,0,0,11,5,7,6,8,7,0,,,,,,,,,,,,,,,,,,,,,,,,,,,,,,,,,,,,,,,,,,,,,,,,,,,,,,,,,,,,,,,,,,,,,,,,,,,,,,,,,,,,,,,,,,,,,,,,,,,,,,,,,,,,,,,,,,,,,,0,0,0,0,0,0,11,11,5,16,7,23,6,29,8,37,7,44,0,44,legacy_planted_id_v0_audited_equivalent_to_query_payload_v1
runs\lightning_mag_full\jigsaw-mag-gcp-cpux8-meanrrf-s20260608-dark-v2-resume\summary.csv,runs\lightning_mag_full\jigsaw-mag-gcp-cpux8-meanrrf-s20260608-dark-v2-resume\results\prod_mag_rgcn_seed7202_s20260608_q50_types_all_sizes20_50_100_mean_rrf_component_b20_50_100_200_500_1000_per_query.csv,mag,mag,20260608,mag_rgcn_best,random_walk,20,coarse_mean_rrf,mean_rrf_component,type_rel_feat32,50,41,50,0,41,0,0,0,0,32,0,6.602573849079908,6.183692112999324,11.840604647149917,126478.28,397063.69999999995,438.08,5225.42156950142,837360.1913595247,12.12,0.04472645739910314,0.35473430149966684,1311.0,1915.85,1948.06,21.503600367638516,1457.5640059058014,22.83371810314662,0,0,0,3,2,8,8,14,6,0,,,,,,,,,,,,,,,,,,,,,,,,,,,,,,,,,,,,,,,,,,,,,,,,,,,,,,,,,,,,,,,,,,,,,,,,,,,,,,,,,,,,,,,,,,,,,,,,,,,,,,,,,,,,,,,,,,,,,,0,0,0,0,0,0,3,3,2,5,8,13,8,21,14,35,6,41,0,41,legacy_planted_id_v0_audited_equivalent_to_query_payload_v1
runs\lightning_mag_full\jigsaw-mag-gcp-cpux8-meanrrf-s20260608-dark-v2-resume\summary.csv,runs\lightning_mag_full\jigsaw-mag-gcp-cpux8-meanrrf-s20260608-dark-v2-resume\results\prod_mag_rgcn_seed7202_s20260608_q50_types_all_sizes20_50_100_mean_rrf_component_b20_50_100_200_500_1000_per_query.csv,mag,mag,20260608,mag_rgcn_best,random_walk,50,coarse_mean_rrf,mean_rrf_component,type_rel_feat32,50,30,50,0,30,0,0,0,0,23,0,10.748721979659992,12.274012193500198,13.982901403949644,188716.28,438210.05,344.4,1548.3609192795693,220660.43869060642,28.56,0.07147619047619048,0.35342090315503233,1765.0,1984.1,1993.04,27.48257567033108,1959.027472945054,9.602926260073142,0,0,0,1,0,4,2,6,17,0,,,,,,,,,,,,,,,,,,,,,,,,,,,,,,,,,,,,,,,,,,,,,,,,,,,,,,,,,,,,,,,,,,,,,,,,,,,,,,,,,,,,,,,,,,,,,,,,,,,,,,,,,,,,,,,,,,,,,,0,0,0,0,0,0,1,1,0,1,4,5,2,7,6,13,17,30,0,30,legacy_planted_id_v0_audited_equivalent_to_query_payload_v1
runs\lightning_mag_full\jigsaw-mag-gcp-cpux8-meanrrf-s20260608-dark-v2-resume\summary.csv,runs\lightning_mag_full\jigsaw-mag-gcp-cpux8-meanrrf-s20260608-dark-v2-resume\results\prod_mag_rgcn_seed7202_s20260608_q50_types_all_sizes20_50_100_mean_rrf_component_b20_50_100_200_500_1000_per_query.csv,mag,mag,20260608,mag_rgcn_best,random_walk,100,coarse_mean_rrf,mean_rrf_component,type_rel_feat32,50,12,50,0,12,0,0,0,0,8,0,12.187533136519852,12.631241318499633,14.367003926400592,353366.98,487005.4,1493.56,299.8310379180513,79651.15070440609,56.66,0.08586287625418061,0.2994224109004789,1933.5,1995.1,1999.51,28.285953872809507,1980.9615925217147,57.087426963210305,0,0,0,0,0,0,0,1,11,0,,,,,,,,,,,,,,,,,,,,,,,,,,,,,,,,,,,,,,,,,,,,,,,,,,,,,,,,,,,,,,,,,,,,,,,,,,,,,,,,,,,,,,,,,,,,,,,,,,,,,,,,,,,,,,,,,,,,,,0,0,0,0,0,0,0,0,0,0,0,0,0,0,1,1,11,12,0,12,legacy_planted_id_v0_audited_equivalent_to_query_payload_v1
corrected_connected_rerun::prod_mag_seed7202_s20260608_q50_types_multi_fine_multi_coarse_sizes20_50_100_mean_rrf_component_b20_50_100_200_500_1000_per_query.csv,C:\Users\Swastik\Desktop\Jigsaw\runs\lcr_mag_v3\results\prod_mag_seed7202_s20260608_q50_types_multi_fine_multi_coarse_sizes20_50_100_mean_rrf_component_b20_50_100_200_500_1000_per_query.csv,mag,mag,20260608,mag_rgcn_best,multi_coarse,20,coarse_mean_rrf,mean_rrf_component,type_rel_feat32,50,37,50,0,37,0,0,0,0,31,0,7.9090307174798,8.730109997,12.03971691009974,216332.46,445670.79999999993,234.02,774.6040261813145,1199850.7769900123,4.4,0.0171,0.4307692307692308,891.0,1782.0,1855.48,20.262557942274164,1512.9231736307631,8.044272038429112,0,0,0,1,2,1,6,12,15,0,,,,,,,,,,,,,,,,,,,,,,,,,,,,,,,,,,,,,,,,,,,,,,,,,,,,,,,,,,,,,,,,,,,,,,,,,,,,,,,,,,,,,,,,,,,,,,,,,,,,,,,,,,,,,,,,,,,,,,0,0,0,0,0,0,1,1,2,3,1,4,6,10,12,22,15,37,0,37,legacy_planted_id_v0_audited_equivalent_to_query_payload_v1
corrected_connected_rerun::prod_mag_seed7202_s20260608_q50_types_multi_fine_multi_coarse_sizes20_50_100_mean_rrf_component_b20_50_100_200_500_1000_per_query.csv,C:\Users\Swastik\Desktop\Jigsaw\runs\lcr_mag_v3\results\prod_mag_seed7202_s20260608_q50_types_multi_fine_multi_coarse_sizes20_50_100_mean_rrf_component_b20_50_100_200_500_1000_per_query.csv,mag,mag,20260608,mag_rgcn_best,multi_coarse,50,coarse_mean_rrf,mean_rrf_component,type_rel_feat32,50,28,50,0,28,0,0,0,0,28,0,8.908061184219841,9.356960942999649,12.763830003551174,335873.24,545713.5,125.8,967.7758645203803,393706.6525985968,4.28,0.017771739130434783,0.4464975845410628,996.0,1938.75,1960.63,24.84730371029202,1609.1167570398218,4.662443000004556,0,0,0,1,1,0,3,9,14,0,,,,,,,,,,,,,,,,,,,,,,,,,,,,,,,,,,,,,,,,,,,,,,,,,,,,,,,,,,,,,,,,,,,,,,,,,,,,,,,,,,,,,,,,,,,,,,,,,,,,,,,,,,,,,,,,,,,,,,0,0,0,0,0,0,1,1,1,2,0,2,3,5,9,14,14,28,0,28,legacy_planted_id_v0_audited_equivalent_to_query_payload_v1
corrected_connected_rerun::prod_mag_seed7202_s20260608_q50_types_multi_fine_multi_coarse_sizes20_50_100_mean_rrf_component_b20_50_100_200_500_1000_per_query.csv,C:\Users\Swastik\Desktop\Jigsaw\runs\lcr_mag_v3\results\prod_mag_seed7202_s20260608_q50_types_multi_fine_multi_coarse_sizes20_50_100_mean_rrf_component_b20_50_100_200_500_1000_per_query.csv,mag,mag,20260608,mag_rgcn_best,multi_coarse,100,coarse_mean_rrf,mean_rrf_component,type_rel_feat32,50,35,50,0,35,0,0,0,0,32,0,9.820848068240156,9.881413458499992,13.368116105802528,387752.94,585437.8999999999,277.76,222.52609637489306,156274.14471809572,4.4,0.01707857142857143,0.4660714285714286,843.5,1774.5999999999995,1942.6999999999998,26.363391232007416,1744.2853226642846,9.43754666431492,0,0,0,0,1,1,0,13,20,0,,,,,,,,,,,,,,,,,,,,,,,,,,,,,,,,,,,,,,,,,,,,,,,,,,,,,,,,,,,,,,,,,,,,,,,,,,,,,,,,,,,,,,,,,,,,,,,,,,,,,,,,,,,,,,,,,,,,,,0,0,0,0,0,0,0,0,1,1,1,2,0,2,13,15,20,35,0,35,legacy_planted_id_v0_audited_equivalent_to_query_payload_v1
/workspace/jigsaw_pkg/runs/noid_negative_mag_v3/results/prod_mag_pv1_s20260608_neg_mean_rrf_component_b20_50_100_200_500_1000_per_query.csv,/workspace/jigsaw_pkg/runs/noid_negative_mag_v3/results/prod_mag_pv1_s20260608_neg_mean_rrf_component_b20_50_100_200_500_1000_per_query.csv,mag,mag,20260608,mag_walkaware_best,negative_label,20,coarse_mean_rrf,mean_rrf_component,type_rel_feat32,50,0,0,50,0,0,50,0,0,5,0,4.455733087040135,4.243414681500326,6.42200264725252,201727.1,512407.89999999997,0.0,6298.475296066601,767333.8109041388,11.08,0.03256999999999994,0.42655926589750126,1573.5,1976.65,1992.5900000000001,21.702237780082214,742.6221811733558,0.0,0,0,0,0,0,0,0,0,0,0,query_payload_v1_negative_rerun_2026-08-01,50,0,,0,1,0,50,0,0.742622181173,0.0217022377801,4.455733087040135,201727.1,,,,,,,,0,,,,,,,,,,,,,,,,,,,,,,,,,,,,,,,,,,,,,,,,,,,,,,,,,,,,,,,,,,,,,,,,,,,,,,,,,,,,,,,,,,,,,,,,,,,,,,,0.1,0,0,0,0,0,0,0,0,0,0,0,0,0,0,0,0,0,0,0,0,0,query_payload_v1
/workspace/jigsaw_pkg/runs/noid_negative_mag_v3/results/prod_mag_pv1_s20260608_neg_mean_rrf_component_b20_50_100_200_500_1000_per_query.csv,/workspace/jigsaw_pkg/runs/noid_negative_mag_v3/results/prod_mag_pv1_s20260608_neg_mean_rrf_component_b20_50_100_200_500_1000_per_query.csv,mag,mag,20260608,mag_walkaware_best,negative_label,50,coarse_mean_rrf,mean_rrf_component,type_rel_feat32,50,0,0,50,0,0,50,0,0,9,0,4.64393442579978,4.577571341998919,6.134148099649609,314695.68,579828.15,0.0,1320.0487516379042,251304.2143384395,27.94,0.05443999999999993,0.36431879844700205,1783.0,1986.9,1997.0,25.20742631975736,773.98907096663,0.0,0,0,0,0,0,0,0,0,0,0,query_payload_v1_negative_rerun_2026-08-01,50,0,,0,1,0,50,0,0.773989070967,0.0252074263198,4.64393442579978,314695.68,,,,,,,,0,,,,,,,,,,,,,,,,,,,,,,,,,,,,,,,,,,,,,,,,,,,,,,,,,,,,,,,,,,,,,,,,,,,,,,,,,,,,,,,,,,,,,,,,,,,,,,,0.18,0,0,0,0,0,0,0,0,0,0,0,0,0,0,0,0,0,0,0,0,0,query_payload_v1
/workspace/jigsaw_pkg/runs/noid_negative_mag_v3/results/prod_mag_pv1_s20260608_neg_mean_rrf_component_b20_50_100_200_500_1000_per_query.csv,/workspace/jigsaw_pkg/runs/noid_negative_mag_v3/results/prod_mag_pv1_s20260608_neg_mean_rrf_component_b20_50_100_200_500_1000_per_query.csv,mag,mag,20260608,mag_walkaware_best,negative_label,100,coarse_mean_rrf,mean_rrf_component,type_rel_feat32,50,0,0,50,0,0,50,0,0,6,0,4.691292881339723,4.656718499998533,5.194065518350362,287448.64,620644.0,0.0,751.3448191123247,212560.59098684046,52.76,0.11109333333333335,0.3774366465019591,1878.5,1996.55,1998.51,30.653791059921787,781.8821468899539,0.0,0,0,0,0,0,0,0,0,0,0,query_payload_v1_negative_rerun_2026-08-01,50,0,,0,1,0,50,0,0.78188214689,0.0306537910599,4.691292881339723,287448.64,,,,,,,,0,,,,,,,,,,,,,,,,,,,,,,,,,,,,,,,,,,,,,,,,,,,,,,,,,,,,,,,,,,,,,,,,,,,,,,,,,,,,,,,,,,,,,,,,,,,,,,,0.12,0,0,0,0,0,0,0,0,0,0,0,0,0,0,0,0,0,0,0,0,0,query_payload_v1
/workspace/jigsaw_pkg/runs/noid_negative_mag_v3/results/prod_mag_pv1_s20260608_neg_mean_rrf_component_b20_50_100_200_500_1000_per_query.csv,/workspace/jigsaw_pkg/runs/noid_negative_mag_v3/results/prod_mag_pv1_s20260608_neg_mean_rrf_component_b20_50_100_200_500_1000_per_query.csv,mag,mag,20260608,mag_walkaware_best,negative_structure,20,coarse_mean_rrf,mean_rrf_component,type_rel_feat32,50,0,0,50,0,0,49,1,1,48,1,4.439449806980155,4.222781822999423,5.122435481149658,191133.94,560197.3999999999,601.56,6045.902376641481,585785.734556249,11.0,0.04690540540540534,0.5365407680665034,1316.5,1898.95,1944.6399999999999,21.400278878384082,691.8075849020526,58.09947708783855,0,0,0,0,0,0,0,0,0,0,query_payload_v1_negative_rerun_2026-08-01,50,0,,0,0.98,0,50,0.0580994770878,0.691807584902,0.0214002788784,4.439449806980155,191133.94,,,,,,,,1,,,,,,,,,,,,,,,,,,,,,,,,,,,,,,,,,,,,,,,,,,,,,,,,,,,,,,,,,,,,,,,,,,,,,,,,,,,,,,,,,,,,,,,,,,,,,,,0.96,0.02,0,0,0,0,0,0,0,0,0,0,0,0,0,0,0,0,0,0,0,0,query_payload_v1
/workspace/jigsaw_pkg/runs/noid_negative_mag_v3/results/prod_mag_pv1_s20260608_neg_mean_rrf_component_b20_50_100_200_500_1000_per_query.csv,/workspace/jigsaw_pkg/runs/noid_negative_mag_v3/results/prod_mag_pv1_s20260608_neg_mean_rrf_component_b20_50_100_200_500_1000_per_query.csv,mag,mag,20260608,mag_walkaware_best,negative_structure,50,coarse_mean_rrf,mean_rrf_component,type_rel_feat32,50,0,0,50,0,0,50,0,0,44,0,4.949862425780557,4.829411011000957,6.892393209247075,231139.88,618219.6499999999,684.08,4492.3252206414045,169856.82754587973,27.16,0.09196666666666665,0.4784110180902952,1639.5,1978.7999999999997,1994.5500000000002,24.9513857599959,780.2854538733966,44.69161709002947,0,0,0,0,0,0,0,0,0,0,query_payload_v1_negative_rerun_2026-08-01,50,0,,0,1,0,50,0.04469161709,0.780285453873,0.02495138576,4.949862425780557,231139.88,,,,,,,,0,,,,,,,,,,,,,,,,,,,,,,,,,,,,,,,,,,,,,,,,,,,,,,,,,,,,,,,,,,,,,,,,,,,,,,,,,,,,,,,,,,,,,,,,,,,,,,,0.88,0,0,0,0,0,0,0,0,0,0,0,0,0,0,0,0,0,0,0,0,0,query_payload_v1
/workspace/jigsaw_pkg/runs/noid_negative_mag_v3/results/prod_mag_pv1_s20260608_neg_mean_rrf_component_b20_50_100_200_500_1000_per_query.csv,/workspace/jigsaw_pkg/runs/noid_negative_mag_v3/results/prod_mag_pv1_s20260608_neg_mean_rrf_component_b20_50_100_200_500_1000_per_query.csv,mag,mag,20260608,mag_walkaware_best,negative_structure,100,coarse_mean_rrf,mean_rrf_component,type_rel_feat32,50,0,0,50,0,0,50,0,0,45,0,4.7869148293599935,4.6133620464979685,6.151496251900426,332641.94,681878.9999999999,696.86,1135.4614380912813,113365.82437077157,47.4,0.12041333333333329,0.4126769707550193,1839.5,1984.05,1993.0,29.968338059916277,760.7720541532884,37.04708407337724,0,0,0,0,0,0,0,0,0,0,query_payload_v1_negative_rerun_2026-08-01,50,0,,0,1,0,50,0.0370470840734,0.760772054153,0.0299683380599,4.7869148293599935,332641.94,,,,,,,,0,,,,,,,,,,,,,,,,,,,,,,,,,,,,,,,,,,,,,,,,,,,,,,,,,,,,,,,,,,,,,,,,,,,,,,,,,,,,,,,,,,,,,,,,,,,,,,,0.9,0,0,0,0,0,0,0,0,0,0,0,0,0,0,0,0,0,0,0,0,0,query_payload_v1
runs\lightning_mag_full\jigsaw-mag-gcp-cpux8-topo-s20260608-dark-v1\summary.csv,runs\lightning_mag_full\jigsaw-mag-gcp-cpux8-topo-s20260608-dark-v1\results\prod_mag_rgcn_seed7202_s20260608_q50_types_all_sizes20_50_100_topo_feature_component_b20_50_100_200_500_1000_per_query.csv,mag,mag,20260608,mag,single,20,topo_feature,topo_feature_component,type_rel_feat32,50,29,50,0,29,0,0,0,0,26,0,7.298464592540001,8.067573574500045,8.497336607499868,185921.7,403008.1,38.58,4516.821025390326,3604192.614511056,1.0,0.00010839160839160839,0.07692307692307693,1039.0,1859.4499999999998,1954.58,0.7292556853327413,1274.6791087727265,1.2762395734276888,0,0,0,0,0,1,0,11,17,0,,,,,,,,,,,,,,,,,,,,,,,,,,,,,,,,,,,,,,,,,,,,,,,,,,,,,,,,,,,,,,,,,,,,,,,,,,,,,,,,,,,,,,,,,,,,,,,,,,,,,,,,,,,,,,,,,,,,,,0,0,0,0,0,0,0,0,0,0,1,1,0,1,11,12,17,29,0,29,legacy_planted_id_v0_audited_equivalent_to_query_payload_v1
runs\lightning_mag_full\jigsaw-mag-gcp-cpux8-topo-s20260608-dark-v1\summary.csv,runs\lightning_mag_full\jigsaw-mag-gcp-cpux8-topo-s20260608-dark-v1\results\prod_mag_rgcn_seed7202_s20260608_q50_types_all_sizes20_50_100_topo_feature_component_b20_50_100_200_500_1000_per_query.csv,mag,mag,20260608,mag,single,50,topo_feature,topo_feature_component,type_rel_feat32,50,23,50,0,23,0,0,0,0,23,0,6.479245345459986,7.765595306499563,8.05813051869868,189215.06,435252.94999999984,80.36,1080.0335446638303,4855573.966803416,1.0,0.0005092936802973978,0.08178438661710037,1126.0,1896.4499999999998,1940.02,0.7181934982337363,1201.9955450557595,2.3251511263940223,0,0,0,1,2,0,5,8,7,0,,,,,,,,,,,,,,,,,,,,,,,,,,,,,,,,,,,,,,,,,,,,,,,,,,,,,,,,,,,,,,,,,,,,,,,,,,,,,,,,,,,,,,,,,,,,,,,,,,,,,,,,,,,,,,,,,,,,,,0,0,0,0,0,0,1,1,2,3,0,3,5,8,8,16,7,23,0,23,legacy_planted_id_v0_audited_equivalent_to_query_payload_v1
runs\lightning_mag_full\jigsaw-mag-gcp-cpux8-topo-s20260608-dark-v1\summary.csv,runs\lightning_mag_full\jigsaw-mag-gcp-cpux8-topo-s20260608-dark-v1\results\prod_mag_rgcn_seed7202_s20260608_q50_types_all_sizes20_50_100_topo_feature_component_b20_50_100_200_500_1000_per_query.csv,mag,mag,20260608,mag,single,100,topo_feature,topo_feature_component,type_rel_feat32,50,24,50,0,24,0,0,0,0,24,0,7.352104612820003,8.159887481999249,9.354498956849056,270735.12,538247.8999999999,103.88,500.59734024348626,2202962.354704753,1.0,0.0003260869565217391,0.08695652173913043,1062.5,1938.35,1983.71,0.842138623244429,1328.3848740108913,3.518135557949764,0,0,0,0,2,2,0,10,10,0,,,,,,,,,,,,,,,,,,,,,,,,,,,,,,,,,,,,,,,,,,,,,,,,,,,,,,,,,,,,,,,,,,,,,,,,,,,,,,,,,,,,,,,,,,,,,,,,,,,,,,,,,,,,,,,,,,,,,,0,0,0,0,0,0,0,0,2,2,2,4,0,4,10,14,10,24,0,24,legacy_planted_id_v0_audited_equivalent_to_query_payload_v1
corrected_connected_rerun::prod_mag_seed7202_s20260608_q50_types_multi_fine_multi_coarse_sizes20_50_100_topo_feature_component_b20_50_100_200_500_1000_per_query.csv,C:\Users\Swastik\Desktop\Jigsaw\runs\lcr_mag_v3\results\prod_mag_seed7202_s20260608_q50_types_multi_fine_multi_coarse_sizes20_50_100_topo_feature_component_b20_50_100_200_500_1000_per_query.csv,mag,mag,20260608,mag,multi_fine,20,topo_feature,topo_feature_component,type_rel_feat32,50,23,50,0,23,0,0,0,0,22,0,7.303474364019603,8.057339615503224,8.248608364200482,166370.22,404869.85,44.32,2413.4131900273796,6353194.775333275,1.0,0.00024381625441696116,0.07420494699646643,1214.5,1896.9499999999998,1941.0699999999997,0.6634529822434743,1289.032963321475,1.3335320883488233,0,0,0,0,1,2,2,3,15,0,,,,,,,,,,,,,,,,,,,,,,,,,,,,,,,,,,,,,,,,,,,,,,,,,,,,,,,,,,,,,,,,,,,,,,,,,,,,,,,,,,,,,,,,,,,,,,,,,,,,,,,,,,,,,,,,,,,,,,0,0,0,0,0,0,0,0,1,1,2,3,2,5,3,8,15,23,0,23,legacy_planted_id_v0_audited_equivalent_to_query_payload_v1
corrected_connected_rerun::prod_mag_seed7202_s20260608_q50_types_multi_fine_multi_coarse_sizes20_50_100_topo_feature_component_b20_50_100_200_500_1000_per_query.csv,C:\Users\Swastik\Desktop\Jigsaw\runs\lcr_mag_v3\results\prod_mag_seed7202_s20260608_q50_types_multi_fine_multi_coarse_sizes20_50_100_topo_feature_component_b20_50_100_200_500_1000_per_query.csv,mag,mag,20260608,mag,multi_fine,50,topo_feature,topo_feature_component,type_rel_feat32,50,26,50,0,26,0,0,0,0,26,0,6.703328887500102,8.162005064999903,8.42170940240012,245104.4,484601.8999999999,78.34,1800.379074540156,2909848.2081364533,1.0,0.0004981412639405205,0.09665427509293681,994.0,1859.5,1949.6799999999998,0.6479129369160096,1243.4162317323648,2.5556804423753197,0,0,0,1,1,2,3,10,9,0,,,,,,,,,,,,,,,,,,,,,,,,,,,,,,,,,,,,,,,,,,,,,,,,,,,,,,,,,,,,,,,,,,,,,,,,,,,,,,,,,,,,,,,,,,,,,,,,,,,,,,,,,,,,,,,,,,,,,,0,0,0,0,0,0,1,1,1,2,2,4,3,7,10,17,9,26,0,26,legacy_planted_id_v0_audited_equivalent_to_query_payload_v1
corrected_connected_rerun::prod_mag_seed7202_s20260608_q50_types_multi_fine_multi_coarse_sizes20_50_100_topo_feature_component_b20_50_100_200_500_1000_per_query.csv,C:\Users\Swastik\Desktop\Jigsaw\runs\lcr_mag_v3\results\prod_mag_seed7202_s20260608_q50_types_multi_fine_multi_coarse_sizes20_50_100_topo_feature_component_b20_50_100_200_500_1000_per_query.csv,mag,mag,20260608,mag,multi_fine,100,topo_feature,topo_feature_component,type_rel_feat32,50,26,50,0,26,0,0,0,0,26,0,7.027031411240095,8.150894233500367,9.841240813003242,324778.6,526785.1499999999,108.36,279.77293361444305,3108623.6554838615,1.0,0.00032967032967032967,0.09523809523809523,967.0,1828.8999999999999,1945.62,0.6574694172887732,1283.7588322637691,3.2432577069442603,0,0,0,0,1,3,2,10,10,0,,,,,,,,,,,,,,,,,,,,,,,,,,,,,,,,,,,,,,,,,,,,,,,,,,,,,,,,,,,,,,,,,,,,,,,,,,,,,,,,,,,,,,,,,,,,,,,,,,,,,,,,,,,,,,,,,,,,,,0,0,0,0,0,0,0,0,1,1,3,4,2,6,10,16,10,26,0,26,legacy_planted_id_v0_audited_equivalent_to_query_payload_v1
runs\lightning_mag_full\jigsaw-mag-gcp-cpux8-topo-s20260608-dark-v1\summary.csv,runs\lightning_mag_full\jigsaw-mag-gcp-cpux8-topo-s20260608-dark-v1\results\prod_mag_rgcn_seed7202_s20260608_q50_types_all_sizes20_50_100_topo_feature_component_b20_50_100_200_500_1000_per_query.csv,mag,mag,20260608,mag,k_hop,20,topo_feature,topo_feature_component,type_rel_feat32,50,30,50,0,30,0,0,0,0,28,0,7.061540065559911,8.105866034500195,9.451383798499933,115515.46,354617.19999999995,64.32,8238.341555017827,2939413.0259826127,10.02,0.0032382671480144405,0.07963493586237268,1854.0,1987.85,1993.5300000000002,0.7840044981872412,1272.7034053068483,1.942815913352393,0,0,0,0,0,1,5,10,14,0,,,,,,,,,,,,,,,,,,,,,,,,,,,,,,,,,,,,,,,,,,,,,,,,,,,,,,,,,,,,,,,,,,,,,,,,,,,,,,,,,,,,,,,,,,,,,,,,,,,,,,,,,,,,,,,,,,,,,,0,0,0,0,0,0,0,0,0,0,1,1,5,6,10,16,14,30,0,30,legacy_planted_id_v0_audited_equivalent_to_query_payload_v1
runs\lightning_mag_full\jigsaw-mag-gcp-cpux8-topo-s20260608-dark-v1\summary.csv,runs\lightning_mag_full\jigsaw-mag-gcp-cpux8-topo-s20260608-dark-v1\results\prod_mag_rgcn_seed7202_s20260608_q50_types_all_sizes20_50_100_topo_feature_component_b20_50_100_200_500_1000_per_query.csv,mag,mag,20260608,mag,k_hop,50,topo_feature,topo_feature_component,type_rel_feat32,50,24,50,0,24,0,0,0,0,19,0,8.84717854122002,9.442128071999832,11.582620041650717,216975.78,426220.25,190.66,1225.2366586878934,1618529.588737953,27.2,0.012100694444444443,0.11077608742734965,1948.0,1997.0,1998.51,0.8694234306163808,1531.5611018472293,4.407394892357136,0,0,0,0,0,2,2,2,18,0,,,,,,,,,,,,,,,,,,,,,,,,,,,,,,,,,,,,,,,,,,,,,,,,,,,,,,,,,,,,,,,,,,,,,,,,,,,,,,,,,,,,,,,,,,,,,,,,,,,,,,,,,,,,,,,,,,,,,,0,0,0,0,0,0,0,0,0,0,2,2,2,4,2,6,18,24,0,24,legacy_planted_id_v0_audited_equivalent_to_query_payload_v1
runs\lightning_mag_full\jigsaw-mag-gcp-cpux8-topo-s20260608-dark-v1\summary.csv,runs\lightning_mag_full\jigsaw-mag-gcp-cpux8-topo-s20260608-dark-v1\results\prod_mag_rgcn_seed7202_s20260608_q50_types_all_sizes20_50_100_topo_feature_component_b20_50_100_200_500_1000_per_query.csv,mag,mag,20260608,mag,k_hop,100,topo_feature,topo_feature_component,type_rel_feat32,50,10,50,0,10,0,0,0,0,8,0,8.244268584759958,8.211567809499684,8.635876186101449,276595.48,450846.9,150.76,1002.2516615947787,879928.2737721541,53.88,0.026632107023411372,0.14266543742665622,1968.5,1998.5500000000002,2000.0,0.7468693912782949,1375.0746609632224,3.5655706019877527,0,0,0,0,0,0,0,1,9,0,,,,,,,,,,,,,,,,,,,,,,,,,,,,,,,,,,,,,,,,,,,,,,,,,,,,,,,,,,,,,,,,,,,,,,,,,,,,,,,,,,,,,,,,,,,,,,,,,,,,,,,,,,,,,,,,,,,,,,0,0,0,0,0,0,0,0,0,0,0,0,0,0,1,1,9,10,0,10,legacy_planted_id_v0_audited_equivalent_to_query_payload_v1
runs\lightning_mag_full\jigsaw-mag-gcp-cpux8-topo-s20260608-dark-v1\summary.csv,runs\lightning_mag_full\jigsaw-mag-gcp-cpux8-topo-s20260608-dark-v1\results\prod_mag_rgcn_seed7202_s20260608_q50_types_all_sizes20_50_100_topo_feature_component_b20_50_100_200_500_1000_per_query.csv,mag,mag,20260608,mag,degree_k_hop,20,topo_feature,topo_feature_component,type_rel_feat32,50,22,50,0,22,0,0,0,0,20,0,7.603279614519933,8.19782318649959,8.790217510999309,154065.04,335665.0,73.64,12246.5699742637,3604386.6153367143,10.68,0.0034027777777777776,0.07961879657651716,1860.0,1983.1,1994.0,0.7625869548617301,1318.4120740069336,1.6017479583325667,0,0,0,0,0,0,1,10,11,0,,,,,,,,,,,,,,,,,,,,,,,,,,,,,,,,,,,,,,,,,,,,,,,,,,,,,,,,,,,,,,,,,,,,,,,,,,,,,,,,,,,,,,,,,,,,,,,,,,,,,,,,,,,,,,,,,,,,,,0,0,0,0,0,0,0,0,0,0,0,0,1,1,10,11,11,22,0,22,legacy_planted_id_v0_audited_equivalent_to_query_payload_v1
runs\lightning_mag_full\jigsaw-mag-gcp-cpux8-topo-s20260608-dark-v1\summary.csv,runs\lightning_mag_full\jigsaw-mag-gcp-cpux8-topo-s20260608-dark-v1\results\prod_mag_rgcn_seed7202_s20260608_q50_types_all_sizes20_50_100_topo_feature_component_b20_50_100_200_500_1000_per_query.csv,mag,mag,20260608,mag,degree_k_hop,50,topo_feature,topo_feature_component,type_rel_feat32,50,18,50,0,18,0,0,0,0,15,0,8.229532059499833,8.386124223500246,9.99673153624899,188608.78,416796.05,128.36,3315.6263383906894,1382605.295830082,27.1,0.012639175257731958,0.11357662596578068,1955.5,1995.55,1997.51,0.804214546099711,1411.2189473917076,2.7899975395353676,0,0,0,0,1,0,0,5,12,0,,,,,,,,,,,,,,,,,,,,,,,,,,,,,,,,,,,,,,,,,,,,,,,,,,,,,,,,,,,,,,,,,,,,,,,,,,,,,,,,,,,,,,,,,,,,,,,,,,,,,,,,,,,,,,,,,,,,,,0,0,0,0,0,0,0,0,1,1,0,1,0,1,5,6,12,18,0,18,legacy_planted_id_v0_audited_equivalent_to_query_payload_v1
runs\lightning_mag_full\jigsaw-mag-gcp-cpux8-topo-s20260608-dark-v1\summary.csv,runs\lightning_mag_full\jigsaw-mag-gcp-cpux8-topo-s20260608-dark-v1\results\prod_mag_rgcn_seed7202_s20260608_q50_types_all_sizes20_50_100_topo_feature_component_b20_50_100_200_500_1000_per_query.csv,mag,mag,20260608,mag,degree_k_hop,100,topo_feature,topo_feature_component,type_rel_feat32,50,16,50,0,16,0,0,0,1,14,1,8.413020291479807,8.476914934499291,9.731717100299281,269304.92,460093.6499999999,432.24,1064.456857929151,580683.7783114546,52.28,0.022517123287671234,0.12827655862538695,1978.5,1997.5500000000002,1998.51,0.7189617536101177,1379.1982456917588,61.387420657523116,0,0,0,0,0,0,2,4,10,0,,,,,,,,,,,,,,,,,,,,,,,,,,,,,,,,,,,,,,,,,,,,,,,,,,,,,,,,,,,,,,,,,,,,,,,,,,,,,,,,,,,,,,,,,,,,,,,,,,,,,,,,,,,,,,,,,,,,,,0,0,0,0,0,0,0,0,0,0,0,0,2,2,4,6,10,16,0,16,legacy_planted_id_v0_audited_equivalent_to_query_payload_v1
runs\lightning_mag_full\jigsaw-mag-gcp-cpux8-topo-s20260608-dark-v1\summary.csv,runs\lightning_mag_full\jigsaw-mag-gcp-cpux8-topo-s20260608-dark-v1\results\prod_mag_rgcn_seed7202_s20260608_q50_types_all_sizes20_50_100_topo_feature_component_b20_50_100_200_500_1000_per_query.csv,mag,mag,20260608,mag,random_walk,20,topo_feature,topo_feature_component,type_rel_feat32,50,14,50,0,14,0,0,0,0,12,0,8.471254107739888,8.45809958399991,9.343486394749903,181005.9,328193.15,69.2,5959.03858457956,3479852.8211565954,12.12,0.005410774410774411,0.11283436639942877,1892.0,1999.0,1999.51,0.8290080538676873,1424.477817878774,1.659237296291198,0,0,0,0,0,0,0,3,11,0,,,,,,,,,,,,,,,,,,,,,,,,,,,,,,,,,,,,,,,,,,,,,,,,,,,,,,,,,,,,,,,,,,,,,,,,,,,,,,,,,,,,,,,,,,,,,,,,,,,,,,,,,,,,,,,,,,,,,,0,0,0,0,0,0,0,0,0,0,0,0,0,0,3,3,11,14,0,14,legacy_planted_id_v0_audited_equivalent_to_query_payload_v1
runs\lightning_mag_full\jigsaw-mag-gcp-cpux8-topo-s20260608-dark-v1\summary.csv,runs\lightning_mag_full\jigsaw-mag-gcp-cpux8-topo-s20260608-dark-v1\results\prod_mag_rgcn_seed7202_s20260608_q50_types_all_sizes20_50_100_topo_feature_component_b20_50_100_200_500_1000_per_query.csv,mag,mag,20260608,mag,random_walk,50,topo_feature,topo_feature_component,type_rel_feat32,50,12,50,0,12,0,0,0,0,11,0,9.088150249539886,8.924678986499202,11.002742783349138,208799.28,416086.55,384.24,1709.7335849378849,1091439.5531415723,28.56,0.012830000000000001,0.12369652360751199,1930.5,1996.55,1998.0,0.9374074999686854,1501.6366663733183,13.055041883329372,0,0,0,0,0,0,0,0,12,0,,,,,,,,,,,,,,,,,,,,,,,,,,,,,,,,,,,,,,,,,,,,,,,,,,,,,,,,,,,,,,,,,,,,,,,,,,,,,,,,,,,,,,,,,,,,,,,,,,,,,,,,,,,,,,,,,,,,,,0,0,0,0,0,0,0,0,0,0,0,0,0,0,0,0,12,12,0,12,legacy_planted_id_v0_audited_equivalent_to_query_payload_v1
runs\lightning_mag_full\jigsaw-mag-gcp-cpux8-topo-s20260608-dark-v1\summary.csv,runs\lightning_mag_full\jigsaw-mag-gcp-cpux8-topo-s20260608-dark-v1\results\prod_mag_rgcn_seed7202_s20260608_q50_types_all_sizes20_50_100_topo_feature_component_b20_50_100_200_500_1000_per_query.csv,mag,mag,20260608,mag,random_walk,100,topo_feature,topo_feature_component,type_rel_feat32,50,2,50,0,2,0,0,0,0,2,0,8.825857079480157,8.712377193500288,10.593650864052321,354106.18,486595.65,198.72,377.5215486508148,262313.3736898189,56.66,0.028226666666666667,0.12398193838276854,1978.5,1998.0,2000.0,0.7676446201730869,1467.5319740666844,3.44420584667508,0,0,0,0,0,0,0,0,2,0,,,,,,,,,,,,,,,,,,,,,,,,,,,,,,,,,,,,,,,,,,,,,,,,,,,,,,,,,,,,,,,,,,,,,,,,,,,,,,,,,,,,,,,,,,,,,,,,,,,,,,,,,,,,,,,,,,,,,,0,0,0,0,0,0,0,0,0,0,0,0,0,0,0,0,2,2,0,2,legacy_planted_id_v0_audited_equivalent_to_query_payload_v1
corrected_connected_rerun::prod_mag_seed7202_s20260608_q50_types_multi_fine_multi_coarse_sizes20_50_100_topo_feature_component_b20_50_100_200_500_1000_per_query.csv,C:\Users\Swastik\Desktop\Jigsaw\runs\lcr_mag_v3\results\prod_mag_seed7202_s20260608_q50_types_multi_fine_multi_coarse_sizes20_50_100_topo_feature_component_b20_50_100_200_500_1000_per_query.csv,mag,mag,20260608,mag,multi_coarse,20,topo_feature,topo_feature_component,type_rel_feat32,50,17,50,0,17,0,0,0,0,14,0,8.185337231200247,8.156659773499996,9.900521830548769,253964.86,422978.6,77.84,907.9319576048491,6766755.434930176,4.4,0.0013859060402684564,0.15000000000000002,1774.0,1995.1,1997.51,0.6512846411468544,1371.5333594664664,1.845370600688896,0,0,0,0,0,0,0,2,15,0,,,,,,,,,,,,,,,,,,,,,,,,,,,,,,,,,,,,,,,,,,,,,,,,,,,,,,,,,,,,,,,,,,,,,,,,,,,,,,,,,,,,,,,,,,,,,,,,,,,,,,,,,,,,,,,,,,,,,,0,0,0,0,0,0,0,0,0,0,0,0,0,0,2,2,15,17,0,17,legacy_planted_id_v0_audited_equivalent_to_query_payload_v1
corrected_connected_rerun::prod_mag_seed7202_s20260608_q50_types_multi_fine_multi_coarse_sizes20_50_100_topo_feature_component_b20_50_100_200_500_1000_per_query.csv,C:\Users\Swastik\Desktop\Jigsaw\runs\lcr_mag_v3\results\prod_mag_seed7202_s20260608_q50_types_multi_fine_multi_coarse_sizes20_50_100_topo_feature_component_b20_50_100_200_500_1000_per_query.csv,mag,mag,20260608,mag,multi_coarse,50,topo_feature,topo_feature_component,type_rel_feat32,50,10,50,0,10,0,0,0,0,9,0,8.366335748420134,8.246647001999008,9.897853402850433,357911.62,497932.69999999995,45.18,1102.269906584443,3146414.9385623634,4.28,0.002665551839464883,0.16354515050167223,1726.0,1951.25,1987.69,0.6556309697369695,1397.6686791672505,1.3841215719020263,0,0,0,0,0,0,0,1,9,0,,,,,,,,,,,,,,,,,,,,,,,,,,,,,,,,,,,,,,,,,,,,,,,,,,,,,,,,,,,,,,,,,,,,,,,,,,,,,,,,,,,,,,,,,,,,,,,,,,,,,,,,,,,,,,,,,,,,,,0,0,0,0,0,0,0,0,0,0,0,0,0,0,1,1,9,10,0,10,legacy_planted_id_v0_audited_equivalent_to_query_payload_v1
corrected_connected_rerun::prod_mag_seed7202_s20260608_q50_types_multi_fine_multi_coarse_sizes20_50_100_topo_feature_component_b20_50_100_200_500_1000_per_query.csv,C:\Users\Swastik\Desktop\Jigsaw\runs\lcr_mag_v3\results\prod_mag_seed7202_s20260608_q50_types_multi_fine_multi_coarse_sizes20_50_100_topo_feature_component_b20_50_100_200_500_1000_per_query.csv,mag,mag,20260608,mag,multi_coarse,100,topo_feature,topo_feature_component,type_rel_feat32,50,5,50,0,5,0,0,0,0,2,0,8.484098246299277,8.303611650500898,9.580561096800384,419179.36,535009.3,62.2,269.62624751743874,2362871.1602790365,4.4,0.0010333333333333334,0.12605555555555553,1586.0,1978.1,1990.1399999999999,0.7101731600141648,1412.6179067132352,1.398467669977587,0,0,0,0,0,0,0,0,5,0,,,,,,,,,,,,,,,,,,,,,,,,,,,,,,,,,,,,,,,,,,,,,,,,,,,,,,,,,,,,,,,,,,,,,,,,,,,,,,,,,,,,,,,,,,,,,,,,,,,,,,,,,,,,,,,,,,,,,,0,0,0,0,0,0,0,0,0,0,0,0,0,0,0,0,5,5,0,5,legacy_planted_id_v0_audited_equivalent_to_query_payload_v1
/workspace/jigsaw_pkg/runs/noid_negative_mag_v3/results/prod_mag_pv1_s20260608_neg_topo_feature_component_b20_50_100_200_500_1000_per_query.csv,/workspace/jigsaw_pkg/runs/noid_negative_mag_v3/results/prod_mag_pv1_s20260608_neg_topo_feature_component_b20_50_100_200_500_1000_per_query.csv,mag,mag,20260608,mag,negative_label,20,topo_feature,topo_feature_component,type_rel_feat32,50,0,0,50,0,0,50,0,0,2,0,3.4594301351606553,3.3363525320000917,4.301985981098551,157005.14,369621.0,0.0,8915.921980067871,2930997.4907532856,11.08,0.006449999999999996,0.12871626820891544,1865.0,1985.1,1996.04,0.7077945800119778,576.5716891934426,0.0,0,0,0,0,0,0,0,0,0,0,query_payload_v1_negative_rerun_2026-08-01,50,0,,0,1,0,50,0,0.576571689193,0.000707794580012,3.4594301351606553,157005.14,,,,,,,,0,,,,,,,,,,,,,,,,,,,,,,,,,,,,,,,,,,,,,,,,,,,,,,,,,,,,,,,,,,,,,,,,,,,,,,,,,,,,,,,,,,,,,,,,,,,,,,,0.04,0,0,0,0,0,0,0,0,0,0,0,0,0,0,0,0,0,0,0,0,0,query_payload_v1
/workspace/jigsaw_pkg/runs/noid_negative_mag_v3/results/prod_mag_pv1_s20260608_neg_topo_feature_component_b20_50_100_200_500_1000_per_query.csv,/workspace/jigsaw_pkg/runs/noid_negative_mag_v3/results/prod_mag_pv1_s20260608_neg_topo_feature_component_b20_50_100_200_500_1000_per_query.csv,mag,mag,20260608,mag,negative_label,50,topo_feature,topo_feature_component,type_rel_feat32,50,0,0,50,0,0,50,0,0,1,0,3.6273429469602707,3.5136565655002414,4.57221402750183,236617.12,412293.29999999993,0.0,2180.4290194511095,1293279.9502605756,27.94,0.011249999999999977,0.1189930560078422,1954.0,1995.0,1999.51,0.716454760004126,604.5571578267118,0.0,0,0,0,0,0,0,0,0,0,0,query_payload_v1_negative_rerun_2026-08-01,50,0,,0,1,0,50,0,0.604557157827,0.000716454760004,3.6273429469602707,236617.12,,,,,,,,0,,,,,,,,,,,,,,,,,,,,,,,,,,,,,,,,,,,,,,,,,,,,,,,,,,,,,,,,,,,,,,,,,,,,,,,,,,,,,,,,,,,,,,,,,,,,,,,0.02,0,0,0,0,0,0,0,0,0,0,0,0,0,0,0,0,0,0,0,0,0,query_payload_v1
/workspace/jigsaw_pkg/runs/noid_negative_mag_v3/results/prod_mag_pv1_s20260608_neg_topo_feature_component_b20_50_100_200_500_1000_per_query.csv,/workspace/jigsaw_pkg/runs/noid_negative_mag_v3/results/prod_mag_pv1_s20260608_neg_topo_feature_component_b20_50_100_200_500_1000_per_query.csv,mag,mag,20260608,mag,negative_label,100,topo_feature,topo_feature_component,type_rel_feat32,50,0,0,50,0,0,50,0,0,1,0,3.6389560334006457,3.5218863845011583,5.299566800750199,224911.66,427651.94999999995,0.0,904.9731730091911,770834.3627475182,52.76,0.02566666666666663,0.14465555506995564,1972.5,1998.5500000000002,1999.51,0.7015510199198616,606.4926722334409,0.0,0,0,0,0,0,0,0,0,0,0,query_payload_v1_negative_rerun_2026-08-01,50,0,,0,1,0,50,0,0.606492672233,0.00070155101992,3.6389560334006457,224911.66,,,,,,,,0,,,,,,,,,,,,,,,,,,,,,,,,,,,,,,,,,,,,,,,,,,,,,,,,,,,,,,,,,,,,,,,,,,,,,,,,,,,,,,,,,,,,,,,,,,,,,,,0.02,0,0,0,0,0,0,0,0,0,0,0,0,0,0,0,0,0,0,0,0,0,query_payload_v1
/workspace/jigsaw_pkg/runs/noid_negative_mag_v3/results/prod_mag_pv1_s20260608_neg_topo_feature_component_b20_50_100_200_500_1000_per_query.csv,/workspace/jigsaw_pkg/runs/noid_negative_mag_v3/results/prod_mag_pv1_s20260608_neg_topo_feature_component_b20_50_100_200_500_1000_per_query.csv,mag,mag,20260608,mag,negative_structure,20,topo_feature,topo_feature_component,type_rel_feat32,50,0,0,50,0,0,50,0,0,25,0,3.447983914780016,3.3616943364995677,3.9960597507494633,166270.8,393120.35,269.78,7073.827303345971,3221457.814392187,11.0,0.0034066666666666677,0.1010367511029275,1875.5,1979.4,1992.5500000000002,0.724753539871017,559.5371033733196,15.126882423349647,0,0,0,0,0,0,0,0,0,0,query_payload_v1_negative_rerun_2026-08-01,50,0,,0,1,0,50,0.0151268824233,0.559537103373,0.000724753539871,3.447983914780016,166270.8,,,,,,,,0,,,,,,,,,,,,,,,,,,,,,,,,,,,,,,,,,,,,,,,,,,,,,,,,,,,,,,,,,,,,,,,,,,,,,,,,,,,,,,,,,,,,,,,,,,,,,,,0.5,0,0,0,0,0,0,0,0,0,0,0,0,0,0,0,0,0,0,0,0,0,query_payload_v1
/workspace/jigsaw_pkg/runs/noid_negative_mag_v3/results/prod_mag_pv1_s20260608_neg_topo_feature_component_b20_50_100_200_500_1000_per_query.csv,/workspace/jigsaw_pkg/runs/noid_negative_mag_v3/results/prod_mag_pv1_s20260608_neg_topo_feature_component_b20_50_100_200_500_1000_per_query.csv,mag,mag,20260608,mag,negative_structure,50,topo_feature,topo_feature_component,type_rel_feat32,50,0,0,50,0,0,50,0,0,15,0,3.717682863560185,3.4450118230015505,5.306611396101107,189378.1,401077.44999999995,70.88,4966.44063780196,1485202.3783720746,27.16,0.010416666666666656,0.12432543712179628,1940.0,1998.0,1999.51,0.6878409600540181,617.7752120533781,1.8385985399860754,0,0,0,0,0,0,0,0,0,0,query_payload_v1_negative_rerun_2026-08-01,50,0,,0,1,0,50,0.00183859853999,0.617775212053,0.000687840960054,3.717682863560185,189378.1,,,,,,,,0,,,,,,,,,,,,,,,,,,,,,,,,,,,,,,,,,,,,,,,,,,,,,,,,,,,,,,,,,,,,,,,,,,,,,,,,,,,,,,,,,,,,,,,,,,,,,,,0.3,0,0,0,0,0,0,0,0,0,0,0,0,0,0,0,0,0,0,0,0,0,query_payload_v1
/workspace/jigsaw_pkg/runs/noid_negative_mag_v3/results/prod_mag_pv1_s20260608_neg_topo_feature_component_b20_50_100_200_500_1000_per_query.csv,/workspace/jigsaw_pkg/runs/noid_negative_mag_v3/results/prod_mag_pv1_s20260608_neg_topo_feature_component_b20_50_100_200_500_1000_per_query.csv,mag,mag,20260608,mag,negative_structure,100,topo_feature,topo_feature_component,type_rel_feat32,50,0,0,50,0,0,50,0,0,12,0,3.466109383159928,3.2788395565003157,4.786579517997957,263869.04,522131.75,103.42,1296.3249225490667,959319.7333264401,47.4,0.021136666666666613,0.13660477788718578,1974.0,1998.1,2000.0,0.6865938002010807,575.8461320499919,1.8387651433295105,0,0,0,0,0,0,0,0,0,0,query_payload_v1_negative_rerun_2026-08-01,50,0,,0,1,0,50,0.00183876514333,0.57584613205,0.000686593800201,3.466109383159928,263869.04,,,,,,,,0,,,,,,,,,,,,,,,,,,,,,,,,,,,,,,,,,,,,,,,,,,,,,,,,,,,,,,,,,,,,,,,,,,,,,,,,,,,,,,,,,,,,,,,,,,,,,,,0.24,0,0,0,0,0,0,0,0,0,0,0,0,0,0,0,0,0,0,0,0,0,query_payload_v1
runs\lightning_mag_full\jigsaw-mag-gcp-cpux8-random-s20260608-v3-resume\summary.csv,runs\lightning_mag_full\jigsaw-mag-gcp-cpux8-random-s20260608-v3-resume\results\prod_mag_rgcn_seed7202_s20260608_q50_types_all_sizes20_50_100_random_component_b20_50_100_200_500_1000_per_query.csv,mag,mag,20260608,mag,single,20,random,random_component,type_rel_feat32,50,34,50,0,34,0,0,0,0,29,0,8.210435807400007,9.898222156500083,10.739777174849882,192665.3,475236.35,64.72,4577.059974021047,5232360.797035921,1.0,0.00041573033707865167,0.08614232209737828,1000000000.0,1000000000.0,1000000000.0,0.0,1535.4314231460708,2.103372247188758,0,0,0,1,1,2,4,10,16,0,,,,,,,,,,,,,,,,,,,,,,,,,,,,,,,,,,,,,,,,,,,,,,,,,,,,,,,,,,,,,,,,,,,,,,,,,,,,,,,,,,,,,,,,,,,,,,,,,,,,,,,,,,,,,,,,,,,,,,0,0,0,0,0,0,1,1,1,2,2,4,4,8,10,18,16,34,0,34,legacy_planted_id_v0_audited_equivalent_to_query_payload_v1
runs\lightning_mag_full\jigsaw-mag-gcp-cpux8-random-s20260608-v3-resume\summary.csv,runs\lightning_mag_full\jigsaw-mag-gcp-cpux8-random-s20260608-v3-resume\results\prod_mag_rgcn_seed7202_s20260608_q50_types_all_sizes20_50_100_random_component_b20_50_100_200_500_1000_per_query.csv,mag,mag,20260608,mag,single,50,random,random_component,type_rel_feat32,50,31,50,0,31,0,0,0,0,30,0,8.35306685626012,10.051726672998939,10.77720419445086,246415.28,526198.95,85.9,737.9161084188086,3929834.4867015113,1.0,0.00029368029739776954,0.09293680297397769,1000000000.0,1000000000.0,1000000000.0,0.0,1549.6155861821712,2.9990711152490754,0,0,0,0,1,2,3,15,10,0,,,,,,,,,,,,,,,,,,,,,,,,,,,,,,,,,,,,,,,,,,,,,,,,,,,,,,,,,,,,,,,,,,,,,,,,,,,,,,,,,,,,,,,,,,,,,,,,,,,,,,,,,,,,,,,,,,,,,,0,0,0,0,0,0,0,0,1,1,2,3,3,6,15,21,10,31,0,31,legacy_planted_id_v0_audited_equivalent_to_query_payload_v1
runs\lightning_mag_full\jigsaw-mag-gcp-cpux8-random-s20260608-v3-resume\summary.csv,runs\lightning_mag_full\jigsaw-mag-gcp-cpux8-random-s20260608-v3-resume\results\prod_mag_rgcn_seed7202_s20260608_q50_types_all_sizes20_50_100_random_component_b20_50_100_200_500_1000_per_query.csv,mag,mag,20260608,mag,single,100,random,random_component,type_rel_feat32,50,24,50,0,24,0,0,0,0,20,0,9.561586884620004,10.275009695999984,12.417065208750135,370820.2,648375.8999999999,115.84,358.62586622742657,2111778.629618064,1.0,0.00037500000000000006,0.07142857142857142,1000000000.0,1000000000.0,1000000000.0,0.0,1703.2644101464273,4.161819250001843,0,0,0,1,1,1,1,6,14,0,,,,,,,,,,,,,,,,,,,,,,,,,,,,,,,,,,,,,,,,,,,,,,,,,,,,,,,,,,,,,,,,,,,,,,,,,,,,,,,,,,,,,,,,,,,,,,,,,,,,,,,,,,,,,,,,,,,,,,0,0,0,0,0,0,1,1,1,2,1,3,1,4,6,10,14,24,0,24,legacy_planted_id_v0_audited_equivalent_to_query_payload_v1
corrected_connected_rerun::prod_mag_seed7202_s20260608_q50_types_multi_fine_multi_coarse_sizes20_50_100_random_component_b20_50_100_200_500_1000_per_query.csv,C:\Users\Swastik\Desktop\Jigsaw\runs\lcr_mag_v3\results\prod_mag_seed7202_s20260608_q50_types_multi_fine_multi_coarse_sizes20_50_100_random_component_b20_50_100_200_500_1000_per_query.csv,mag,mag,20260608,mag,multi_fine,20,random,random_component,type_rel_feat32,50,25,50,0,25,0,0,0,0,24,0,8.89007777213994,10.036072778999824,11.749206611200112,208530.18,484975.89999999997,91.08,2196.4724201634117,3863848.5662299935,1.0,0.00038989169675090254,0.07581227436823104,1000000000.0,1000000000.0,1000000000.0,0.0,1602.545071898904,2.16210718772739,0,0,0,1,1,0,4,6,13,0,,,,,,,,,,,,,,,,,,,,,,,,,,,,,,,,,,,,,,,,,,,,,,,,,,,,,,,,,,,,,,,,,,,,,,,,,,,,,,,,,,,,,,,,,,,,,,,,,,,,,,,,,,,,,,,,,,,,,,0,0,0,0,0,0,1,1,1,2,0,2,4,6,6,12,13,25,0,25,legacy_planted_id_v0_audited_equivalent_to_query_payload_v1
corrected_connected_rerun::prod_mag_seed7202_s20260608_q50_types_multi_fine_multi_coarse_sizes20_50_100_random_component_b20_50_100_200_500_1000_per_query.csv,C:\Users\Swastik\Desktop\Jigsaw\runs\lcr_mag_v3\results\prod_mag_seed7202_s20260608_q50_types_multi_fine_multi_coarse_sizes20_50_100_random_component_b20_50_100_200_500_1000_per_query.csv,mag,mag,20260608,mag,multi_fine,50,random,random_component,type_rel_feat32,50,22,50,0,22,0,0,0,0,22,0,9.04242518342,10.128416933000153,11.673809084449976,339161.8,595492.75,101.16,1528.1241946377932,2709087.35038065,1.0,0.00021071428571428573,0.075,1000000000.0,1000000000.0,1000000000.0,0.0,1612.246250357144,2.472532396427596,0,0,0,0,0,2,3,8,9,0,,,,,,,,,,,,,,,,,,,,,,,,,,,,,,,,,,,,,,,,,,,,,,,,,,,,,,,,,,,,,,,,,,,,,,,,,,,,,,,,,,,,,,,,,,,,,,,,,,,,,,,,,,,,,,,,,,,,,,0,0,0,0,0,0,0,0,0,0,2,2,3,5,8,13,9,22,0,22,legacy_planted_id_v0_audited_equivalent_to_query_payload_v1
corrected_connected_rerun::prod_mag_seed7202_s20260608_q50_types_multi_fine_multi_coarse_sizes20_50_100_random_component_b20_50_100_200_500_1000_per_query.csv,C:\Users\Swastik\Desktop\Jigsaw\runs\lcr_mag_v3\results\prod_mag_seed7202_s20260608_q50_types_multi_fine_multi_coarse_sizes20_50_100_random_component_b20_50_100_200_500_1000_per_query.csv,mag,mag,20260608,mag,multi_fine,100,random,random_component,type_rel_feat32,50,28,50,0,28,0,0,0,0,28,0,9.343883568940363,10.060857636000492,12.322009898900205,436999.22,625414.3499999999,177.22,198.43824207360186,3301282.206794587,1.0,0.0003286219081272085,0.0989399293286219,1000000000.0,1000000000.0,1000000000.0,0.0,1646.218441795109,4.644379572446494,0,0,0,1,0,0,2,8,17,0,,,,,,,,,,,,,,,,,,,,,,,,,,,,,,,,,,,,,,,,,,,,,,,,,,,,,,,,,,,,,,,,,,,,,,,,,,,,,,,,,,,,,,,,,,,,,,,,,,,,,,,,,,,,,,,,,,,,,,0,0,0,0,0,0,1,1,0,1,0,1,2,3,8,11,17,28,0,28,legacy_planted_id_v0_audited_equivalent_to_query_payload_v1
runs\lightning_mag_full\jigsaw-mag-gcp-cpux8-random-s20260608-v3-resume\summary.csv,runs\lightning_mag_full\jigsaw-mag-gcp-cpux8-random-s20260608-v3-resume\results\prod_mag_rgcn_seed7202_s20260608_q50_types_all_sizes20_50_100_random_component_b20_50_100_200_500_1000_per_query.csv,mag,mag,20260608,mag,k_hop,20,random,random_component,type_rel_feat32,50,36,50,0,36,0,0,0,0,35,0,8.801412690060042,10.002072211499808,12.66474250219985,153246.48,402490.35,167.34,9515.585498963977,2068741.8541515756,10.02,0.0056268115942028985,0.1384458184729924,1000000000.0,1000000000.0,1000000000.0,0.0,1589.7892634239195,4.669557239131739,0,0,0,0,0,1,4,13,18,0,,,,,,,,,,,,,,,,,,,,,,,,,,,,,,,,,,,,,,,,,,,,,,,,,,,,,,,,,,,,,,,,,,,,,,,,,,,,,,,,,,,,,,,,,,,,,,,,,,,,,,,,,,,,,,,,,,,,,,0,0,0,0,0,0,0,0,0,0,1,1,4,5,13,18,18,36,0,36,legacy_planted_id_v0_audited_equivalent_to_query_payload_v1
runs\lightning_mag_full\jigsaw-mag-gcp-cpux8-random-s20260608-v3-resume\summary.csv,runs\lightning_mag_full\jigsaw-mag-gcp-cpux8-random-s20260608-v3-resume\results\prod_mag_rgcn_seed7202_s20260608_q50_types_all_sizes20_50_100_random_component_b20_50_100_200_500_1000_per_query.csv,mag,mag,20260608,mag,k_hop,50,random,random_component,type_rel_feat32,50,36,50,0,36,0,0,0,0,28,0,8.720996068080074,9.820729315499761,11.251480665400242,236561.4,506736.44999999995,322.46,1136.5838330935524,1053282.9886578608,27.2,0.013566787003610109,0.13668267209963816,1000000000.0,1000000000.0,1000000000.0,0.0,1565.8091880830502,8.37782781588015,0,0,0,0,1,0,4,11,20,0,,,,,,,,,,,,,,,,,,,,,,,,,,,,,,,,,,,,,,,,,,,,,,,,,,,,,,,,,,,,,,,,,,,,,,,,,,,,,,,,,,,,,,,,,,,,,,,,,,,,,,,,,,,,,,,,,,,,,,0,0,0,0,0,0,0,0,1,1,0,1,4,5,11,16,20,36,0,36,legacy_planted_id_v0_audited_equivalent_to_query_payload_v1
runs\lightning_mag_full\jigsaw-mag-gcp-cpux8-random-s20260608-v3-resume\summary.csv,runs\lightning_mag_full\jigsaw-mag-gcp-cpux8-random-s20260608-v3-resume\results\prod_mag_rgcn_seed7202_s20260608_q50_types_all_sizes20_50_100_random_component_b20_50_100_200_500_1000_per_query.csv,mag,mag,20260608,mag,k_hop,100,random,random_component,type_rel_feat32,50,21,50,0,21,0,0,0,0,15,0,10.0375312647999,10.220801002999906,12.290661296199708,325595.74,561129.7,573.5,883.5955998462355,635129.2079638983,53.88,0.027231292517006803,0.14648951458766005,1000000000.0,1000000000.0,1000000000.0,0.0,1688.9573752142733,18.10576505781868,0,0,0,0,0,0,0,6,15,0,,,,,,,,,,,,,,,,,,,,,,,,,,,,,,,,,,,,,,,,,,,,,,,,,,,,,,,,,,,,,,,,,,,,,,,,,,,,,,,,,,,,,,,,,,,,,,,,,,,,,,,,,,,,,,,,,,,,,,0,0,0,0,0,0,0,0,0,0,0,0,0,0,6,6,15,21,0,21,legacy_planted_id_v0_audited_equivalent_to_query_payload_v1
runs\lightning_mag_full\jigsaw-mag-gcp-cpux8-random-s20260608-v3-resume\summary.csv,runs\lightning_mag_full\jigsaw-mag-gcp-cpux8-random-s20260608-v3-resume\results\prod_mag_rgcn_seed7202_s20260608_q50_types_all_sizes20_50_100_random_component_b20_50_100_200_500_1000_per_query.csv,mag,mag,20260608,mag,degree_k_hop,20,random,random_component,type_rel_feat32,50,35,50,0,35,0,0,0,0,34,0,8.531027393560107,9.9357519590003,12.153523865900386,174839.9,427565.85,249.58,11285.461824224889,2518534.978124487,10.68,0.005324723247232472,0.12447548893717766,1000000000.0,1000000000.0,1000000000.0,0.0,1566.925522022146,7.0647719926338,0,0,0,1,0,0,4,16,14,0,,,,,,,,,,,,,,,,,,,,,,,,,,,,,,,,,,,,,,,,,,,,,,,,,,,,,,,,,,,,,,,,,,,,,,,,,,,,,,,,,,,,,,,,,,,,,,,,,,,,,,,,,,,,,,,,,,,,,,0,0,0,0,0,0,1,1,0,1,0,1,4,5,16,21,14,35,0,35,legacy_planted_id_v0_audited_equivalent_to_query_payload_v1
runs\lightning_mag_full\jigsaw-mag-gcp-cpux8-random-s20260608-v3-resume\summary.csv,runs\lightning_mag_full\jigsaw-mag-gcp-cpux8-random-s20260608-v3-resume\results\prod_mag_rgcn_seed7202_s20260608_q50_types_all_sizes20_50_100_random_component_b20_50_100_200_500_1000_per_query.csv,mag,mag,20260608,mag,degree_k_hop,50,random,random_component,type_rel_feat32,50,30,50,0,30,0,0,0,0,29,0,8.41396854408002,9.7716899065,10.575942137350147,211514.92,509277.9,418.34,3038.661115768754,1342948.1879369442,27.1,0.014518382352941176,0.13422973456860404,1000000000.0,1000000000.0,1000000000.0,0.0,1534.5804131691164,12.104980963240518,0,0,0,1,0,1,4,12,12,0,,,,,,,,,,,,,,,,,,,,,,,,,,,,,,,,,,,,,,,,,,,,,,,,,,,,,,,,,,,,,,,,,,,,,,,,,,,,,,,,,,,,,,,,,,,,,,,,,,,,,,,,,,,,,,,,,,,,,,0,0,0,0,0,0,1,1,0,1,1,2,4,6,12,18,12,30,0,30,legacy_planted_id_v0_audited_equivalent_to_query_payload_v1
runs\lightning_mag_full\jigsaw-mag-gcp-cpux8-random-s20260608-v3-resume\summary.csv,runs\lightning_mag_full\jigsaw-mag-gcp-cpux8-random-s20260608-v3-resume\results\prod_mag_rgcn_seed7202_s20260608_q50_types_all_sizes20_50_100_random_component_b20_50_100_200_500_1000_per_query.csv,mag,mag,20260608,mag,degree_k_hop,100,random,random_component,type_rel_feat32,50,30,50,0,30,0,0,0,0,29,0,8.453582432299754,10.02775685199913,10.808868932898939,273805.26,549659.7,341.72,931.3979427459903,551080.7074564203,52.28,0.029985130111524167,0.13685066621333142,1000000000.0,1000000000.0,1000000000.0,0.0,1561.6247477434652,9.673102126377762,0,0,0,0,3,1,4,8,14,0,,,,,,,,,,,,,,,,,,,,,,,,,,,,,,,,,,,,,,,,,,,,,,,,,,,,,,,,,,,,,,,,,,,,,,,,,,,,,,,,,,,,,,,,,,,,,,,,,,,,,,,,,,,,,,,,,,,,,,0,0,0,0,0,0,0,0,3,3,1,4,4,8,8,16,14,30,0,30,legacy_planted_id_v0_audited_equivalent_to_query_payload_v1
runs\lightning_mag_full\jigsaw-mag-gcp-cpux8-random-s20260608-v3-resume\summary.csv,runs\lightning_mag_full\jigsaw-mag-gcp-cpux8-random-s20260608-v3-resume\results\prod_mag_rgcn_seed7202_s20260608_q50_types_all_sizes20_50_100_random_component_b20_50_100_200_500_1000_per_query.csv,mag,mag,20260608,mag,random_walk,20,random,random_component,type_rel_feat32,50,31,50,0,31,0,0,0,0,22,0,9.499794781539949,10.37287431150071,11.817859958500296,212833.06,403508.65,472.82,5684.257081911677,2832792.17333768,12.12,0.007221052631578947,0.14987727299646805,1000000000.0,1000000000.0,1000000000.0,0.0,1647.899297336834,18.731366091227148,0,0,0,0,0,0,1,13,17,0,,,,,,,,,,,,,,,,,,,,,,,,,,,,,,,,,,,,,,,,,,,,,,,,,,,,,,,,,,,,,,,,,,,,,,,,,,,,,,,,,,,,,,,,,,,,,,,,,,,,,,,,,,,,,,,,,,,,,,0,0,0,0,0,0,0,0,0,0,0,0,1,1,13,14,17,31,0,31,legacy_planted_id_v0_audited_equivalent_to_query_payload_v1
runs\lightning_mag_full\jigsaw-mag-gcp-cpux8-random-s20260608-v3-resume\summary.csv,runs\lightning_mag_full\jigsaw-mag-gcp-cpux8-random-s20260608-v3-resume\results\prod_mag_rgcn_seed7202_s20260608_q50_types_all_sizes20_50_100_random_component_b20_50_100_200_500_1000_per_query.csv,mag,mag,20260608,mag,random_walk,50,random,random_component,type_rel_feat32,50,25,50,0,25,0,0,0,1,20,1,9.97388924220004,9.980450126499932,11.796615510900164,247453.12,488358.14999999997,698.58,1562.8212101203942,1292299.1553901993,28.56,0.013227891156462586,0.1461200594016312,1000000000.0,1000000000.0,1000000000.0,0.0,1651.0882473163304,45.15141972449266,0,0,0,0,0,0,0,6,19,0,,,,,,,,,,,,,,,,,,,,,,,,,,,,,,,,,,,,,,,,,,,,,,,,,,,,,,,,,,,,,,,,,,,,,,,,,,,,,,,,,,,,,,,,,,,,,,,,,,,,,,,,,,,,,,,,,,,,,,0,0,0,0,0,0,0,0,0,0,0,0,0,0,6,6,19,25,0,25,legacy_planted_id_v0_audited_equivalent_to_query_payload_v1
runs\lightning_mag_full\jigsaw-mag-gcp-cpux8-random-s20260608-v3-resume\summary.csv,runs\lightning_mag_full\jigsaw-mag-gcp-cpux8-random-s20260608-v3-resume\results\prod_mag_rgcn_seed7202_s20260608_q50_types_all_sizes20_50_100_random_component_b20_50_100_200_500_1000_per_query.csv,mag,mag,20260608,mag,random_walk,100,random,random_component,type_rel_feat32,50,9,50,0,9,0,0,0,3,7,3,11.53813695883975,10.374810608000644,18.186107511700065,432711.76,586663.6,2565.72,242.54131755684648,304626.7624009104,56.66,0.028963333333333334,0.16014607346643903,1000000000.0,1000000000.0,1000000000.0,0.0,1727.7609041499575,195.26192232333415,0,0,0,0,0,0,0,0,9,0,,,,,,,,,,,,,,,,,,,,,,,,,,,,,,,,,,,,,,,,,,,,,,,,,,,,,,,,,,,,,,,,,,,,,,,,,,,,,,,,,,,,,,,,,,,,,,,,,,,,,,,,,,,,,,,,,,,,,,0,0,0,0,0,0,0,0,0,0,0,0,0,0,0,0,9,9,0,9,legacy_planted_id_v0_audited_equivalent_to_query_payload_v1
corrected_connected_rerun::prod_mag_seed7202_s20260608_q50_types_multi_fine_multi_coarse_sizes20_50_100_random_component_b20_50_100_200_500_1000_per_query.csv,C:\Users\Swastik\Desktop\Jigsaw\runs\lcr_mag_v3\results\prod_mag_seed7202_s20260608_q50_types_multi_fine_multi_coarse_sizes20_50_100_random_component_b20_50_100_200_500_1000_per_query.csv,mag,mag,20260608,mag,multi_coarse,20,random,random_component,type_rel_feat32,50,20,50,0,20,0,0,0,0,19,0,10.234161119799928,10.26762414100017,11.192959340649487,306519.64,501948.94999999995,139.72,637.5145255920738,5766577.245336682,4.4,0.001787878787878788,0.1451739618406285,1000000000.0,1000000000.0,1000000000.0,0.0,1718.5148828989747,4.407864542090679,0,0,0,0,0,0,0,3,17,0,,,,,,,,,,,,,,,,,,,,,,,,,,,,,,,,,,,,,,,,,,,,,,,,,,,,,,,,,,,,,,,,,,,,,,,,,,,,,,,,,,,,,,,,,,,,,,,,,,,,,,,,,,,,,,,,,,,,,,0,0,0,0,0,0,0,0,0,0,0,0,0,0,3,3,17,20,0,20,legacy_planted_id_v0_audited_equivalent_to_query_payload_v1
corrected_connected_rerun::prod_mag_seed7202_s20260608_q50_types_multi_fine_multi_coarse_sizes20_50_100_random_component_b20_50_100_200_500_1000_per_query.csv,C:\Users\Swastik\Desktop\Jigsaw\runs\lcr_mag_v3\results\prod_mag_seed7202_s20260608_q50_types_multi_fine_multi_coarse_sizes20_50_100_random_component_b20_50_100_200_500_1000_per_query.csv,mag,mag,20260608,mag,multi_coarse,50,random,random_component,type_rel_feat32,50,10,50,0,10,0,0,0,0,10,0,10.166960250340052,10.253001214999585,11.730062298749134,416790.2,587231.0,51.88,824.9628901950438,3977937.1688384847,4.28,0.0020101694915254237,0.13005649717514126,1000000000.0,1000000000.0,1000000000.0,0.0,1721.623336400012,1.590265352539156,0,0,0,0,0,0,0,5,5,0,,,,,,,,,,,,,,,,,,,,,,,,,,,,,,,,,,,,,,,,,,,,,,,,,,,,,,,,,,,,,,,,,,,,,,,,,,,,,,,,,,,,,,,,,,,,,,,,,,,,,,,,,,,,,,,,,,,,,,0,0,0,0,0,0,0,0,0,0,0,0,0,0,5,5,5,10,0,10,legacy_planted_id_v0_audited_equivalent_to_query_payload_v1
corrected_connected_rerun::prod_mag_seed7202_s20260608_q50_types_multi_fine_multi_coarse_sizes20_50_100_random_component_b20_50_100_200_500_1000_per_query.csv,C:\Users\Swastik\Desktop\Jigsaw\runs\lcr_mag_v3\results\prod_mag_seed7202_s20260608_q50_types_multi_fine_multi_coarse_sizes20_50_100_random_component_b20_50_100_200_500_1000_per_query.csv,mag,mag,20260608,mag,multi_coarse,100,random,random_component,type_rel_feat32,50,9,50,0,9,0,0,0,0,7,0,10.298348461119986,10.145516717000191,11.705676047549831,500192.56,637359.45,230.82,165.51564383278352,2187563.9629477346,4.4,0.002247491638795987,0.1508361204013378,1000000000.0,1000000000.0,1000000000.0,0.0,1715.9574968026782,6.174352882938009,0,0,0,0,0,0,0,1,8,0,,,,,,,,,,,,,,,,,,,,,,,,,,,,,,,,,,,,,,,,,,,,,,,,,,,,,,,,,,,,,,,,,,,,,,,,,,,,,,,,,,,,,,,,,,,,,,,,,,,,,,,,,,,,,,,,,,,,,,0,0,0,0,0,0,0,0,0,0,0,0,0,0,1,1,8,9,0,9,legacy_planted_id_v0_audited_equivalent_to_query_payload_v1
/workspace/jigsaw_pkg/runs/noid_negative_mag_v3/results/prod_mag_pv1_s20260608_neg_random_component_b20_50_100_200_500_1000_per_query.csv,/workspace/jigsaw_pkg/runs/noid_negative_mag_v3/results/prod_mag_pv1_s20260608_neg_random_component_b20_50_100_200_500_1000_per_query.csv,mag,mag,20260608,mag,negative_label,20,random,random_component,type_rel_feat32,50,0,0,50,0,0,50,0,0,3,0,4.239154392039782,4.234017841497916,4.861849394802084,189647.3,464414.05,0.0,8746.800954975557,2942677.4384545614,11.08,0.006086666666666662,0.15675578179989952,1000000000.0,1000000000.0,1000000000.0,0.0,706.5257320066303,0.0,0,0,0,0,0,0,0,0,0,0,query_payload_v1_negative_rerun_2026-08-01,50,0,,0,1,0,50,0,0.706525732007,0,4.239154392039782,189647.3,,,,,,,,0,,,,,,,,,,,,,,,,,,,,,,,,,,,,,,,,,,,,,,,,,,,,,,,,,,,,,,,,,,,,,,,,,,,,,,,,,,,,,,,,,,,,,,,,,,,,,,,0.06,0,0,0,0,0,0,0,0,0,0,0,0,0,0,0,0,0,0,0,0,0,query_payload_v1
/workspace/jigsaw_pkg/runs/noid_negative_mag_v3/results/prod_mag_pv1_s20260608_neg_random_component_b20_50_100_200_500_1000_per_query.csv,/workspace/jigsaw_pkg/runs/noid_negative_mag_v3/results/prod_mag_pv1_s20260608_neg_random_component_b20_50_100_200_500_1000_per_query.csv,mag,mag,20260608,mag,negative_label,50,random,random_component,type_rel_feat32,50,0,0,50,0,0,50,0,0,4,0,4.516540010360114,4.390779503501108,5.125943226749949,291753.72,519063.05,0.0,1622.0910649539503,1140637.9631348231,27.94,0.014509999999999964,0.15250140828955916,1000000000.0,1000000000.0,1000000000.0,0.0,752.7566683933522,0.0,0,0,0,0,0,0,0,0,0,0,query_payload_v1_negative_rerun_2026-08-01,50,0,,0,1,0,50,0,0.752756668393,0,4.516540010360114,291753.72,,,,,,,,0,,,,,,,,,,,,,,,,,,,,,,,,,,,,,,,,,,,,,,,,,,,,,,,,,,,,,,,,,,,,,,,,,,,,,,,,,,,,,,,,,,,,,,,,,,,,,,,0.08,0,0,0,0,0,0,0,0,0,0,0,0,0,0,0,0,0,0,0,0,0,query_payload_v1
/workspace/jigsaw_pkg/runs/noid_negative_mag_v3/results/prod_mag_pv1_s20260608_neg_random_component_b20_50_100_200_500_1000_per_query.csv,/workspace/jigsaw_pkg/runs/noid_negative_mag_v3/results/prod_mag_pv1_s20260608_neg_random_component_b20_50_100_200_500_1000_per_query.csv,mag,mag,20260608,mag,negative_label,100,random,random_component,type_rel_feat32,50,0,0,50,0,0,50,0,0,4,0,4.712973148600431,4.518410332501844,6.30196843134927,272394.48,545556.35,0.0,717.9284487231796,673587.9254771621,52.76,0.02265666666666663,0.1469980662500026,1000000000.0,1000000000.0,1000000000.0,0.0,785.4955247667385,0.0,0,0,0,0,0,0,0,0,0,0,query_payload_v1_negative_rerun_2026-08-01,50,0,,0,1,0,50,0,0.785495524767,0,4.712973148600431,272394.48,,,,,,,,0,,,,,,,,,,,,,,,,,,,,,,,,,,,,,,,,,,,,,,,,,,,,,,,,,,,,,,,,,,,,,,,,,,,,,,,,,,,,,,,,,,,,,,,,,,,,,,,0.08,0,0,0,0,0,0,0,0,0,0,0,0,0,0,0,0,0,0,0,0,0,query_payload_v1
/workspace/jigsaw_pkg/runs/noid_negative_mag_v3/results/prod_mag_pv1_s20260608_neg_random_component_b20_50_100_200_500_1000_per_query.csv,/workspace/jigsaw_pkg/runs/noid_negative_mag_v3/results/prod_mag_pv1_s20260608_neg_random_component_b20_50_100_200_500_1000_per_query.csv,mag,mag,20260608,mag,negative_structure,20,random,random_component,type_rel_feat32,50,0,0,50,0,0,49,1,1,28,1,4.69601322614024,4.354143955000836,6.189558392251637,195325.92,486416.94999999995,528.92,7393.249918029286,1890446.5332671232,11.0,0.006501672240802667,0.1698322293812164,1000000000.0,1000000000.0,1000000000.0,0.0,738.0753212709409,47.21117139465103,0,0,0,0,0,0,0,0,0,0,query_payload_v1_negative_rerun_2026-08-01,50,0,,0,0.98,0,50,0.0472111713947,0.738075321271,0,4.69601322614024,195325.92,,,,,,,,1,,,,,,,,,,,,,,,,,,,,,,,,,,,,,,,,,,,,,,,,,,,,,,,,,,,,,,,,,,,,,,,,,,,,,,,,,,,,,,,,,,,,,,,,,,,,,,,0.56,0.02,0,0,0,0,0,0,0,0,0,0,0,0,0,0,0,0,0,0,0,0,query_payload_v1
/workspace/jigsaw_pkg/runs/noid_negative_mag_v3/results/prod_mag_pv1_s20260608_neg_random_component_b20_50_100_200_500_1000_per_query.csv,/workspace/jigsaw_pkg/runs/noid_negative_mag_v3/results/prod_mag_pv1_s20260608_neg_random_component_b20_50_100_200_500_1000_per_query.csv,mag,mag,20260608,mag,negative_structure,50,random,random_component,type_rel_feat32,50,0,0,50,0,0,50,0,0,30,0,4.632192255560222,4.507769428500069,6.091555024748596,230042.46,503246.4999999999,402.94,4849.053723733564,1436237.1738649951,27.16,0.01170666666666664,0.15698999334921288,1000000000.0,1000000000.0,1000000000.0,0.0,762.593029710024,9.439012883346246,0,0,0,0,0,0,0,0,0,0,query_payload_v1_negative_rerun_2026-08-01,50,0,,0,1,0,50,0.00943901288335,0.76259302971,0,4.632192255560222,230042.46,,,,,,,,0,,,,,,,,,,,,,,,,,,,,,,,,,,,,,,,,,,,,,,,,,,,,,,,,,,,,,,,,,,,,,,,,,,,,,,,,,,,,,,,,,,,,,,,,,,,,,,,0.6,0,0,0,0,0,0,0,0,0,0,0,0,0,0,0,0,0,0,0,0,0,query_payload_v1
/workspace/jigsaw_pkg/runs/noid_negative_mag_v3/results/prod_mag_pv1_s20260608_neg_random_component_b20_50_100_200_500_1000_per_query.csv,/workspace/jigsaw_pkg/runs/noid_negative_mag_v3/results/prod_mag_pv1_s20260608_neg_random_component_b20_50_100_200_500_1000_per_query.csv,mag,mag,20260608,mag,negative_structure,100,random,random_component,type_rel_feat32,50,0,0,50,0,0,50,0,0,25,0,4.935417503880307,4.6148205014997075,6.736984599799779,323236.56,617177.85,714.16,1064.6873046911223,832220.9594808521,47.4,0.023383333333333277,0.15664733303028033,1000000000.0,1000000000.0,1000000000.0,0.0,793.9966466500604,28.572937329990964,0,0,0,0,0,0,0,0,0,0,query_payload_v1_negative_rerun_2026-08-01,50,0,,0,1,0,50,0.02857293733,0.79399664665,0,4.935417503880307,323236.56,,,,,,,,0,,,,,,,,,,,,,,,,,,,,,,,,,,,,,,,,,,,,,,,,,,,,,,,,,,,,,,,,,,,,,,,,,,,,,,,,,,,,,,,,,,,,,,,,,,,,,,,0.5,0,0,0,0,0,0,0,0,0,0,0,0,0,0,0,0,0,0,0,0,0,query_payload_v1
runs\lightning_mag_full\jigsaw-mag-gcp-cpux8-filterall-s20260608-dark-v1\summary.csv,runs\lightning_mag_full\jigsaw-mag-gcp-cpux8-filterall-s20260608-dark-v1\results\prod_mag_rgcn_seed7202_s20260608_q50_types_all_sizes20_50_100_filterall_component_b2000_per_query.csv,mag,mag,20260608,mag,single,20,all,filterall_component,type_rel_feat32,50,50,50,0,50,0,0,0,0,50,0,5.789478990740013,5.804701473000023,6.167839378950129,378001.26,731943.1499999999,131.66,1630.6004315436,403949.70059345034,1.0,0.0005,1.0,1000000000.0,1000000000.0,1000000000.0,0.0,5770.80867680002,18.67031393999241,0,0,0,0,0,0,0,0,0,50,,,,,,,,,,,,,,,,,,,,,,,,,,,,,,,,,,,,,,,,,,,,,,,,,,,,,,,,,,,,,,,,,,,,,,,,,,,,,,,,,,,,,,,,,,,,,,,,,,,,,,,,,,,,,,,,,,,,,,0,0,0,0,0,0,0,0,0,0,0,0,0,0,0,0,0,0,50,50,legacy_planted_id_v0_audited_equivalent_to_query_payload_v1
runs\lightning_mag_full\jigsaw-mag-gcp-cpux8-filterall-s20260608-dark-v1\summary.csv,runs\lightning_mag_full\jigsaw-mag-gcp-cpux8-filterall-s20260608-dark-v1\results\prod_mag_rgcn_seed7202_s20260608_q50_types_all_sizes20_50_100_filterall_component_b2000_per_query.csv,mag,mag,20260608,mag,single,50,all,filterall_component,type_rel_feat32,50,50,50,0,50,0,0,0,0,50,0,5.311088594560024,5.31753360050061,5.5859300467002875,464394.38,861029.2499999998,144.96,37.43871625559224,77699.90763040664,1.0,0.0005,1.0,1000000000.0,1000000000.0,1000000000.0,0.0,5286.928532799993,24.160061760030658,0,0,0,0,0,0,0,0,0,50,,,,,,,,,,,,,,,,,,,,,,,,,,,,,,,,,,,,,,,,,,,,,,,,,,,,,,,,,,,,,,,,,,,,,,,,,,,,,,,,,,,,,,,,,,,,,,,,,,,,,,,,,,,,,,,,,,,,,,0,0,0,0,0,0,0,0,0,0,0,0,0,0,0,0,0,0,50,50,legacy_planted_id_v0_audited_equivalent_to_query_payload_v1
runs\lightning_mag_full\jigsaw-mag-gcp-cpux8-filterall-s20260608-dark-v1\summary.csv,runs\lightning_mag_full\jigsaw-mag-gcp-cpux8-filterall-s20260608-dark-v1\results\prod_mag_rgcn_seed7202_s20260608_q50_types_all_sizes20_50_100_filterall_component_b2000_per_query.csv,mag,mag,20260608,mag,single,100,all,filterall_component,type_rel_feat32,50,50,50,0,50,0,0,0,0,50,0,5.311519019040116,5.297887167499994,5.65947648400047,589619.56,956192.45,231.94,14.107525331636696,53187.79312089277,1.0,0.0005,1.0,1000000000.0,1000000000.0,1000000000.0,0.0,5231.084087460094,80.43493158002093,0,0,0,0,0,0,0,0,0,50,,,,,,,,,,,,,,,,,,,,,,,,,,,,,,,,,,,,,,,,,,,,,,,,,,,,,,,,,,,,,,,,,,,,,,,,,,,,,,,,,,,,,,,,,,,,,,,,,,,,,,,,,,,,,,,,,,,,,,0,0,0,0,0,0,0,0,0,0,0,0,0,0,0,0,0,0,50,50,legacy_planted_id_v0_audited_equivalent_to_query_payload_v1
corrected_connected_rerun::prod_mag_seed7202_s20260608_q50_types_multi_fine_multi_coarse_sizes20_50_100_filterall_component_b2000_per_query.csv,C:\Users\Swastik\Desktop\Jigsaw\runs\lcr_mag_v3\results\prod_mag_seed7202_s20260608_q50_types_multi_fine_multi_coarse_sizes20_50_100_filterall_component_b2000_per_query.csv,mag,mag,20260608,mag,multi_fine,20,all,filterall_component,type_rel_feat32,50,50,50,0,50,0,0,0,0,50,0,5.747356317640006,5.7001967644998786,6.215859334500021,339443.92,736759.7,138.76,105.90415164352517,494507.6686062369,1.0,0.0005,1.0,1000000000.0,1000000000.0,1000000000.0,0.0,5727.653518459988,19.70279918001779,0,0,0,0,0,0,0,0,0,50,,,,,,,,,,,,,,,,,,,,,,,,,,,,,,,,,,,,,,,,,,,,,,,,,,,,,,,,,,,,,,,,,,,,,,,,,,,,,,,,,,,,,,,,,,,,,,,,,,,,,,,,,,,,,,,,,,,,,,0,0,0,0,0,0,0,0,0,0,0,0,0,0,0,0,0,0,50,50,legacy_planted_id_v0_audited_equivalent_to_query_payload_v1
corrected_connected_rerun::prod_mag_seed7202_s20260608_q50_types_multi_fine_multi_coarse_sizes20_50_100_filterall_component_b2000_per_query.csv,C:\Users\Swastik\Desktop\Jigsaw\runs\lcr_mag_v3\results\prod_mag_seed7202_s20260608_q50_types_multi_fine_multi_coarse_sizes20_50_100_filterall_component_b2000_per_query.csv,mag,mag,20260608,mag,multi_fine,50,all,filterall_component,type_rel_feat32,50,50,50,0,50,0,0,0,0,50,0,6.15463639896002,6.175783394500058,6.659821244649958,569766.36,895257.55,188.12,450.8734141001055,67207.79447855505,1.0,0.0005,1.0,1000000000.0,1000000000.0,1000000000.0,0.0,6123.749445719996,30.886953240024013,0,0,0,0,0,0,0,0,0,50,,,,,,,,,,,,,,,,,,,,,,,,,,,,,,,,,,,,,,,,,,,,,,,,,,,,,,,,,,,,,,,,,,,,,,,,,,,,,,,,,,,,,,,,,,,,,,,,,,,,,,,,,,,,,,,,,,,,,,0,0,0,0,0,0,0,0,0,0,0,0,0,0,0,0,0,0,50,50,legacy_planted_id_v0_audited_equivalent_to_query_payload_v1
corrected_connected_rerun::prod_mag_seed7202_s20260608_q50_types_multi_fine_multi_coarse_sizes20_50_100_filterall_component_b2000_per_query.csv,C:\Users\Swastik\Desktop\Jigsaw\runs\lcr_mag_v3\results\prod_mag_seed7202_s20260608_q50_types_multi_fine_multi_coarse_sizes20_50_100_filterall_component_b2000_per_query.csv,mag,mag,20260608,mag,multi_fine,100,all,filterall_component,type_rel_feat32,50,50,50,0,50,0,0,0,0,50,0,6.240484443899995,6.228718616500146,6.705329018849762,719579.68,922049.3999999999,306.98,4.159002494015265,23021.81788440567,1.0,0.0005,1.0,1000000000.0,1000000000.0,1000000000.0,0.0,6185.365280240004,55.11916365999241,0,0,0,0,0,0,0,0,0,50,,,,,,,,,,,,,,,,,,,,,,,,,,,,,,,,,,,,,,,,,,,,,,,,,,,,,,,,,,,,,,,,,,,,,,,,,,,,,,,,,,,,,,,,,,,,,,,,,,,,,,,,,,,,,,,,,,,,,,0,0,0,0,0,0,0,0,0,0,0,0,0,0,0,0,0,0,50,50,legacy_planted_id_v0_audited_equivalent_to_query_payload_v1
runs\lightning_mag_full\jigsaw-mag-gcp-cpux8-filterall-s20260608-dark-v1\summary.csv,runs\lightning_mag_full\jigsaw-mag-gcp-cpux8-filterall-s20260608-dark-v1\results\prod_mag_rgcn_seed7202_s20260608_q50_types_all_sizes20_50_100_filterall_component_b2000_per_query.csv,mag,mag,20260608,mag,k_hop,20,all,filterall_component,type_rel_feat32,50,50,50,0,50,0,0,0,0,50,0,5.482674229700033,5.495732780500248,5.874898020050045,258278.88,645817.2,308.84,2176.092953743001,370184.89283606934,10.02,0.00501,1.0,1000000000.0,1000000000.0,1000000000.0,0.0,5440.862859060007,41.811370640025416,0,0,0,0,0,0,0,0,0,50,,,,,,,,,,,,,,,,,,,,,,,,,,,,,,,,,,,,,,,,,,,,,,,,,,,,,,,,,,,,,,,,,,,,,,,,,,,,,,,,,,,,,,,,,,,,,,,,,,,,,,,,,,,,,,,,,,,,,,0,0,0,0,0,0,0,0,0,0,0,0,0,0,0,0,0,0,50,50,legacy_planted_id_v0_audited_equivalent_to_query_payload_v1
runs\lightning_mag_full\jigsaw-mag-gcp-cpux8-filterall-s20260608-dark-v1\summary.csv,runs\lightning_mag_full\jigsaw-mag-gcp-cpux8-filterall-s20260608-dark-v1\results\prod_mag_rgcn_seed7202_s20260608_q50_types_all_sizes20_50_100_filterall_component_b2000_per_query.csv,mag,mag,20260608,mag,k_hop,50,all,filterall_component,type_rel_feat32,50,49,50,0,49,0,0,0,1,50,1,5.469540120560068,5.27324258399949,5.722069543900488,403107.94,714882.5,744.54,36.57884676491469,97790.20131540373,27.2,0.013600000000000001,1.0,1000000000.0,1000000000.0,1000000000.0,0.0,5176.27996862002,293.2601519400487,0,0,0,0,0,0,0,0,0,49,,,,,,,,,,,,,,,,,,,,,,,,,,,,,,,,,,,,,,,,,,,,,,,,,,,,,,,,,,,,,,,,,,,,,,,,,,,,,,,,,,,,,,,,,,,,,,,,,,,,,,,,,,,,,,,,,,,,,,0,0,0,0,0,0,0,0,0,0,0,0,0,0,0,0,0,0,49,49,legacy_planted_id_v0_audited_equivalent_to_query_payload_v1
runs\lightning_mag_full\jigsaw-mag-gcp-cpux8-filterall-s20260608-dark-v1\summary.csv,runs\lightning_mag_full\jigsaw-mag-gcp-cpux8-filterall-s20260608-dark-v1\results\prod_mag_rgcn_seed7202_s20260608_q50_types_all_sizes20_50_100_filterall_component_b2000_per_query.csv,mag,mag,20260608,mag,k_hop,100,all,filterall_component,type_rel_feat32,50,49,50,0,49,0,0,0,1,50,1,5.785853705579975,5.333076031999553,7.141240452250257,482645.06,801202.75,1230.24,68.04495720531261,56635.91778512887,53.88,0.02694,1.0,1000000000.0,1000000000.0,1000000000.0,0.0,5279.7586401398075,506.0950654401677,0,0,0,0,0,0,0,0,0,49,,,,,,,,,,,,,,,,,,,,,,,,,,,,,,,,,,,,,,,,,,,,,,,,,,,,,,,,,,,,,,,,,,,,,,,,,,,,,,,,,,,,,,,,,,,,,,,,,,,,,,,,,,,,,,,,,,,,,,0,0,0,0,0,0,0,0,0,0,0,0,0,0,0,0,0,0,49,49,legacy_planted_id_v0_audited_equivalent_to_query_payload_v1
runs\lightning_mag_full\jigsaw-mag-gcp-cpux8-filterall-s20260608-dark-v1\summary.csv,runs\lightning_mag_full\jigsaw-mag-gcp-cpux8-filterall-s20260608-dark-v1\results\prod_mag_rgcn_seed7202_s20260608_q50_types_all_sizes20_50_100_filterall_component_b2000_per_query.csv,mag,mag,20260608,mag,degree_k_hop,20,all,filterall_component,type_rel_feat32,50,50,50,0,50,0,0,0,0,50,0,5.443160914679993,5.457635783999876,5.751333021149957,302650.58,594274.75,395.76,4846.053583539454,513269.9225124941,10.68,0.00534,1.0,1000000000.0,1000000000.0,1000000000.0,0.0,5392.19777176002,50.9631429199726,0,0,0,0,0,0,0,0,0,50,,,,,,,,,,,,,,,,,,,,,,,,,,,,,,,,,,,,,,,,,,,,,,,,,,,,,,,,,,,,,,,,,,,,,,,,,,,,,,,,,,,,,,,,,,,,,,,,,,,,,,,,,,,,,,,,,,,,,,0,0,0,0,0,0,0,0,0,0,0,0,0,0,0,0,0,0,50,50,legacy_planted_id_v0_audited_equivalent_to_query_payload_v1
runs\lightning_mag_full\jigsaw-mag-gcp-cpux8-filterall-s20260608-dark-v1\summary.csv,runs\lightning_mag_full\jigsaw-mag-gcp-cpux8-filterall-s20260608-dark-v1\results\prod_mag_rgcn_seed7202_s20260608_q50_types_all_sizes20_50_100_filterall_component_b2000_per_query.csv,mag,mag,20260608,mag,degree_k_hop,50,all,filterall_component,type_rel_feat32,50,50,50,0,50,0,0,0,0,50,0,5.328535642600036,5.283975059000113,5.847661063850273,360169.78,748153.1499999998,560.18,481.87669418225465,108812.89212555008,27.1,0.01355,1.0,1000000000.0,1000000000.0,1000000000.0,0.0,5239.753024640049,88.78261795998696,0,0,0,0,0,0,0,0,0,50,,,,,,,,,,,,,,,,,,,,,,,,,,,,,,,,,,,,,,,,,,,,,,,,,,,,,,,,,,,,,,,,,,,,,,,,,,,,,,,,,,,,,,,,,,,,,,,,,,,,,,,,,,,,,,,,,,,,,,0,0,0,0,0,0,0,0,0,0,0,0,0,0,0,0,0,0,50,50,legacy_planted_id_v0_audited_equivalent_to_query_payload_v1
runs\lightning_mag_full\jigsaw-mag-gcp-cpux8-filterall-s20260608-dark-v1\summary.csv,runs\lightning_mag_full\jigsaw-mag-gcp-cpux8-filterall-s20260608-dark-v1\results\prod_mag_rgcn_seed7202_s20260608_q50_types_all_sizes20_50_100_filterall_component_b2000_per_query.csv,mag,mag,20260608,mag,degree_k_hop,100,all,filterall_component,type_rel_feat32,50,49,50,0,49,0,0,0,1,50,1,5.664194813100003,5.200209970999822,5.72991090965097,489263.46,816457.7499999999,1209.5,87.02120342010623,40176.34604482041,52.28,0.02614,1.0,1000000000.0,1000000000.0,1000000000.0,0.0,5094.983853219892,569.2109598801107,0,0,0,0,0,0,0,0,0,49,,,,,,,,,,,,,,,,,,,,,,,,,,,,,,,,,,,,,,,,,,,,,,,,,,,,,,,,,,,,,,,,,,,,,,,,,,,,,,,,,,,,,,,,,,,,,,,,,,,,,,,,,,,,,,,,,,,,,,0,0,0,0,0,0,0,0,0,0,0,0,0,0,0,0,0,0,49,49,legacy_planted_id_v0_audited_equivalent_to_query_payload_v1
runs\lightning_mag_full\jigsaw-mag-gcp-cpux8-filterall-s20260608-dark-v1\summary.csv,runs\lightning_mag_full\jigsaw-mag-gcp-cpux8-filterall-s20260608-dark-v1\results\prod_mag_rgcn_seed7202_s20260608_q50_types_all_sizes20_50_100_filterall_component_b2000_per_query.csv,mag,mag,20260608,mag,random_walk,20,all,filterall_component,type_rel_feat32,50,50,50,0,50,0,0,0,0,50,0,5.571513514179915,5.513695584999823,6.114963264699963,332876.98,611577.0,623.24,2220.685206229591,584013.9505325153,12.12,0.006059999999999999,1.0,1000000000.0,1000000000.0,1000000000.0,0.0,5452.433838799961,119.07967537995319,0,0,0,0,0,0,0,0,0,50,,,,,,,,,,,,,,,,,,,,,,,,,,,,,,,,,,,,,,,,,,,,,,,,,,,,,,,,,,,,,,,,,,,,,,,,,,,,,,,,,,,,,,,,,,,,,,,,,,,,,,,,,,,,,,,,,,,,,,0,0,0,0,0,0,0,0,0,0,0,0,0,0,0,0,0,0,50,50,legacy_planted_id_v0_audited_equivalent_to_query_payload_v1
runs\lightning_mag_full\jigsaw-mag-gcp-cpux8-filterall-s20260608-dark-v1\summary.csv,runs\lightning_mag_full\jigsaw-mag-gcp-cpux8-filterall-s20260608-dark-v1\results\prod_mag_rgcn_seed7202_s20260608_q50_types_all_sizes20_50_100_filterall_component_b2000_per_query.csv,mag,mag,20260608,mag,random_walk,50,all,filterall_component,type_rel_feat32,50,49,50,0,49,0,0,0,1,50,1,5.59295569125994,5.306012971499513,6.083995093350721,372013.82,750237.25,1058.24,202.8347442464318,197424.67175935057,28.56,0.01428,1.0,1000000000.0,1000000000.0,1000000000.0,0.0,5268.242352579982,324.7133386799578,0,0,0,0,0,0,0,0,0,49,,,,,,,,,,,,,,,,,,,,,,,,,,,,,,,,,,,,,,,,,,,,,,,,,,,,,,,,,,,,,,,,,,,,,,,,,,,,,,,,,,,,,,,,,,,,,,,,,,,,,,,,,,,,,,,,,,,,,,0,0,0,0,0,0,0,0,0,0,0,0,0,0,0,0,0,0,49,49,legacy_planted_id_v0_audited_equivalent_to_query_payload_v1
runs\lightning_mag_full\jigsaw-mag-gcp-cpux8-filterall-s20260608-dark-v1\summary.csv,runs\lightning_mag_full\jigsaw-mag-gcp-cpux8-filterall-s20260608-dark-v1\results\prod_mag_rgcn_seed7202_s20260608_q50_types_all_sizes20_50_100_filterall_component_b2000_per_query.csv,mag,mag,20260608,mag,random_walk,100,all,filterall_component,type_rel_feat32,50,47,50,0,47,0,0,0,3,50,3,6.9490694509000965,5.4551543119996495,18.531652779649853,627327.64,862600.2,3594.82,5.127265624284546,3729.201024553966,56.66,0.02833,1.0,1000000000.0,1000000000.0,1000000000.0,0.0,5277.789617299968,1671.2798336001288,0,0,0,0,0,0,0,0,0,47,,,,,,,,,,,,,,,,,,,,,,,,,,,,,,,,,,,,,,,,,,,,,,,,,,,,,,,,,,,,,,,,,,,,,,,,,,,,,,,,,,,,,,,,,,,,,,,,,,,,,,,,,,,,,,,,,,,,,,0,0,0,0,0,0,0,0,0,0,0,0,0,0,0,0,0,0,47,47,legacy_planted_id_v0_audited_equivalent_to_query_payload_v1
corrected_connected_rerun::prod_mag_seed7202_s20260608_q50_types_multi_fine_multi_coarse_sizes20_50_100_filterall_component_b2000_per_query.csv,C:\Users\Swastik\Desktop\Jigsaw\runs\lcr_mag_v3\results\prod_mag_seed7202_s20260608_q50_types_multi_fine_multi_coarse_sizes20_50_100_filterall_component_b2000_per_query.csv,mag,mag,20260608,mag,multi_coarse,20,all,filterall_component,type_rel_feat32,50,50,50,0,50,0,0,0,0,50,0,5.929978554879986,5.946478039999988,6.461639117950062,469512.14,766977.25,310.34,17.702667455861633,796925.4779202279,4.4,0.0022,1.0,1000000000.0,1000000000.0,1000000000.0,0.0,5878.784002200005,51.194552679980916,0,0,0,0,0,0,0,0,0,50,,,,,,,,,,,,,,,,,,,,,,,,,,,,,,,,,,,,,,,,,,,,,,,,,,,,,,,,,,,,,,,,,,,,,,,,,,,,,,,,,,,,,,,,,,,,,,,,,,,,,,,,,,,,,,,,,,,,,,0,0,0,0,0,0,0,0,0,0,0,0,0,0,0,0,0,0,50,50,legacy_planted_id_v0_audited_equivalent_to_query_payload_v1
corrected_connected_rerun::prod_mag_seed7202_s20260608_q50_types_multi_fine_multi_coarse_sizes20_50_100_filterall_component_b2000_per_query.csv,C:\Users\Swastik\Desktop\Jigsaw\runs\lcr_mag_v3\results\prod_mag_seed7202_s20260608_q50_types_multi_fine_multi_coarse_sizes20_50_100_filterall_component_b2000_per_query.csv,mag,mag,20260608,mag,multi_coarse,50,all,filterall_component,type_rel_feat32,50,50,50,0,50,0,0,0,0,50,0,6.16355189732004,6.102069655500145,6.705370918999574,635153.74,884064.05,327.92,521.9589385212632,132085.16931348538,4.28,0.00214,1.0,1000000000.0,1000000000.0,1000000000.0,0.0,6106.8531200800235,56.69877724001708,0,0,0,0,0,0,0,0,0,50,,,,,,,,,,,,,,,,,,,,,,,,,,,,,,,,,,,,,,,,,,,,,,,,,,,,,,,,,,,,,,,,,,,,,,,,,,,,,,,,,,,,,,,,,,,,,,,,,,,,,,,,,,,,,,,,,,,,,,0,0,0,0,0,0,0,0,0,0,0,0,0,0,0,0,0,0,50,50,legacy_planted_id_v0_audited_equivalent_to_query_payload_v1
corrected_connected_rerun::prod_mag_seed7202_s20260608_q50_types_multi_fine_multi_coarse_sizes20_50_100_filterall_component_b2000_per_query.csv,C:\Users\Swastik\Desktop\Jigsaw\runs\lcr_mag_v3\results\prod_mag_seed7202_s20260608_q50_types_multi_fine_multi_coarse_sizes20_50_100_filterall_component_b2000_per_query.csv,mag,mag,20260608,mag,multi_coarse,100,all,filterall_component,type_rel_feat32,50,49,50,0,49,0,0,0,1,50,1,6.72991114290001,6.2594890145001045,6.887826867999979,736754.24,936311.6,844.12,3.001317556921813,0.0,4.4,0.0022,1.0,1000000000.0,1000000000.0,1000000000.0,0.0,6240.841090860031,489.0700520399787,0,0,0,0,0,0,0,0,0,49,,,,,,,,,,,,,,,,,,,,,,,,,,,,,,,,,,,,,,,,,,,,,,,,,,,,,,,,,,,,,,,,,,,,,,,,,,,,,,,,,,,,,,,,,,,,,,,,,,,,,,,,,,,,,,,,,,,,,,0,0,0,0,0,0,0,0,0,0,0,0,0,0,0,0,0,0,49,49,legacy_planted_id_v0_audited_equivalent_to_query_payload_v1
/workspace/jigsaw_pkg/runs/noid_negative_mag_v3/results/prod_mag_pv1_s20260608_neg_filterall_component_b2000_per_query.csv,/workspace/jigsaw_pkg/runs/noid_negative_mag_v3/results/prod_mag_pv1_s20260608_neg_filterall_component_b2000_per_query.csv,mag,mag,20260608,mag,negative_label,20,all,filterall_component,type_rel_feat32,50,0,0,50,0,0,50,0,0,5,0,2.6835297039200667,2.6932882725004674,2.912929468449965,279068.48,635645.9,0.0,1219.209106301914,491029.53141473053,11.08,0.005540000000000002,1.0,1000000000.0,1000000000.0,1000000000.0,0.0,2683.529703920067,0.0,0,0,0,0,0,0,0,0,0,0,query_payload_v1_negative_rerun_2026-08-01,50,0,,0,1,0,50,0,2.68352970392,0,2.6835297039200667,279068.48,,,,,,,,0,,,,,,,,,,,,,,,,,,,,,,,,,,,,,,,,,,,,,,,,,,,,,,,,,,,,,,,,,,,,,,,,,,,,,,,,,,,,,,,,,,,,,,,,,,,,,,,0.1,0,0,0,0,0,0,0,0,0,0,0,0,0,0,0,0,0,0,0,0,0,query_payload_v1
/workspace/jigsaw_pkg/runs/noid_negative_mag_v3/results/prod_mag_pv1_s20260608_neg_filterall_component_b2000_per_query.csv,/workspace/jigsaw_pkg/runs/noid_negative_mag_v3/results/prod_mag_pv1_s20260608_neg_filterall_component_b2000_per_query.csv,mag,mag,20260608,mag,negative_label,50,all,filterall_component,type_rel_feat32,50,0,0,50,0,0,50,0,0,9,0,2.7670320196799367,2.7775518650005324,2.996601272449152,411601.64,696596.2,0.0,151.07523086559368,128127.27228847514,27.94,0.013969999999999998,1.0,1000000000.0,1000000000.0,1000000000.0,0.0,2767.032019679936,0.0,0,0,0,0,0,0,0,0,0,0,query_payload_v1_negative_rerun_2026-08-01,50,0,,0,1,0,50,0,2.76703201968,0,2.7670320196799367,411601.64,,,,,,,,0,,,,,,,,,,,,,,,,,,,,,,,,,,,,,,,,,,,,,,,,,,,,,,,,,,,,,,,,,,,,,,,,,,,,,,,,,,,,,,,,,,,,,,,,,,,,,,,0.18,0,0,0,0,0,0,0,0,0,0,0,0,0,0,0,0,0,0,0,0,0,query_payload_v1
/workspace/jigsaw_pkg/runs/noid_negative_mag_v3/results/prod_mag_pv1_s20260608_neg_filterall_component_b2000_per_query.csv,/workspace/jigsaw_pkg/runs/noid_negative_mag_v3/results/prod_mag_pv1_s20260608_neg_filterall_component_b2000_per_query.csv,mag,mag,20260608,mag,negative_label,100,all,filterall_component,type_rel_feat32,50,0,0,50,0,0,50,0,0,8,0,2.718313736640048,2.6980379035003352,2.9126380779493957,391668.48,718037.25,0.0,20.171517368126132,47660.116940651125,52.76,0.026380000000000004,1.0,1000000000.0,1000000000.0,1000000000.0,0.0,2718.313736640048,0.0,0,0,0,0,0,0,0,0,0,0,query_payload_v1_negative_rerun_2026-08-01,50,0,,0,1,0,50,0,2.71831373664,0,2.718313736640048,391668.48,,,,,,,,0,,,,,,,,,,,,,,,,,,,,,,,,,,,,,,,,,,,,,,,,,,,,,,,,,,,,,,,,,,,,,,,,,,,,,,,,,,,,,,,,,,,,,,,,,,,,,,,0.16,0,0,0,0,0,0,0,0,0,0,0,0,0,0,0,0,0,0,0,0,0,query_payload_v1
/workspace/jigsaw_pkg/runs/noid_negative_mag_v3/results/prod_mag_pv1_s20260608_neg_filterall_component_b2000_per_query.csv,/workspace/jigsaw_pkg/runs/noid_negative_mag_v3/results/prod_mag_pv1_s20260608_neg_filterall_component_b2000_per_query.csv,mag,mag,20260608,mag,negative_structure,20,all,filterall_component,type_rel_feat32,50,0,0,50,0,0,49,1,1,50,1,3.0597943229799056,2.8033140545003334,3.005018420050328,298114.7,704687.2499999998,619.62,1251.0646461135796,389331.2297726037,11.0,0.005500000000000002,1.0,1000000000.0,1000000000.0,1000000000.0,0.0,2760.8600719798774,298.93425100002787,0,0,0,0,0,0,0,0,0,0,query_payload_v1_negative_rerun_2026-08-01,50,0,,0,0.98,0,50,0.298934251,2.76086007198,0,3.0597943229799056,298114.7,,,,,,,,1,,,,,,,,,,,,,,,,,,,,,,,,,,,,,,,,,,,,,,,,,,,,,,,,,,,,,,,,,,,,,,,,,,,,,,,,,,,,,,,,,,,,,,,,,,,,,,,1,0.02,0,0,0,0,0,0,0,0,0,0,0,0,0,0,0,0,0,0,0,0,query_payload_v1
/workspace/jigsaw_pkg/runs/noid_negative_mag_v3/results/prod_mag_pv1_s20260608_neg_filterall_component_b2000_per_query.csv,/workspace/jigsaw_pkg/runs/noid_negative_mag_v3/results/prod_mag_pv1_s20260608_neg_filterall_component_b2000_per_query.csv,mag,mag,20260608,mag,negative_structure,50,all,filterall_component,type_rel_feat32,50,0,0,50,0,0,49,1,1,50,1,2.8333763257397733,2.690199138000935,2.8873736150002514,329896.66,691942.95,734.36,1726.0471319324945,128784.17624146756,27.16,0.013579999999999998,1.0,1000000000.0,1000000000.0,1000000000.0,0.0,2660.8881851398473,172.48814059992583,0,0,0,0,0,0,0,0,0,0,query_payload_v1_negative_rerun_2026-08-01,50,0,,0,0.98,0,50,0.1724881406,2.66088818514,0,2.8333763257397733,329896.66,,,,,,,,1,,,,,,,,,,,,,,,,,,,,,,,,,,,,,,,,,,,,,,,,,,,,,,,,,,,,,,,,,,,,,,,,,,,,,,,,,,,,,,,,,,,,,,,,,,,,,,,1,0.02,0,0,0,0,0,0,0,0,0,0,0,0,0,0,0,0,0,0,0,0,query_payload_v1
/workspace/jigsaw_pkg/runs/noid_negative_mag_v3/results/prod_mag_pv1_s20260608_neg_filterall_component_b2000_per_query.csv,/workspace/jigsaw_pkg/runs/noid_negative_mag_v3/results/prod_mag_pv1_s20260608_neg_filterall_component_b2000_per_query.csv,mag,mag,20260608,mag,negative_structure,100,all,filterall_component,type_rel_feat32,50,0,0,50,0,0,50,0,0,50,0,2.9312849051000014,2.7857878799995888,2.98895810545182,456319.6,914832.1,950.14,53.800366409889236,55763.981351987335,47.4,0.023700000000000002,1.0,1000000000.0,1000000000.0,1000000000.0,0.0,2747.5254974999552,183.75940760004596,0,0,0,0,0,0,0,0,0,0,query_payload_v1_negative_rerun_2026-08-01,50,0,,0,1,0,50,0.1837594076,2.7475254975,0,2.9312849051000014,456319.6,,,,,,,,0,,,,,,,,,,,,,,,,,,,,,,,,,,,,,,,,,,,,,,,,,,,,,,,,,,,,,,,,,,,,,,,,,,,,,,,,,,,,,,,,,,,,,,,,,,,,,,,1,0,0,0,0,0,0,0,0,0,0,0,0,0,0,0,0,0,0,0,0,0,query_payload_v1
