query_name,query_type,solver_mode,dataset,anchor_coarse_idx,predicted_coarse_idx,predicted_fine_idx,correct_coarse_predicted,coarse_recall_at_20,true_coarse_indices,query_nodes,query_embedding_time,faiss_coarse_search_time,faiss_fine_search_time,perfect_solution_found,time_to_first_solution,first_solution_accuracy,best_accuracy,time_to_best_solution,solution_num_for_best_accuracy,total_solutions_in_timeout,solver_time,total_time,solver_level,stitched_nodes,solver_timed_out,query_size,model_load_time,partition_time,faiss_build_time
single_0,single,stitch,arxiv,168,122,1225,False,1.0,[168],20,0.006600141525268555,0.00021839141845703125,0.04894137382507324,True,0.42996740341186523,1.0,1.0,0.4402904510498047,1,1,1.2693345546722412,1.3588378429412842,top-5,5035,False,20,0.35828447341918945,10.352535963058472,2.6141438484191895
single_1,single,stitch,arxiv,89,89,891,True,1.0,[89],20,0.004893302917480469,0.0001690387725830078,0.041553497314453125,True,0.052727460861206055,1.0,1.0,0.05709242820739746,1,1,0.16471529006958008,0.21459627151489258,top-1,829,False,20,0.35828447341918945,10.352535963058472,2.6141438484191895
single_2,single,stitch,arxiv,112,112,1125,True,1.0,[112],20,0.009240865707397461,0.0004851818084716797,0.043087005615234375,True,0.05280470848083496,1.0,1.0,0.05599689483642578,1,1,0.20748615264892578,0.26342034339904785,top-1,872,False,20,0.35828447341918945,10.352535963058472,2.6141438484191895
single_3,single,stitch,arxiv,83,83,837,True,1.0,[83],20,0.005164623260498047,0.0002410411834716797,0.07828664779663086,True,0.07546353340148926,1.0,1.0,0.0807180404663086,1,1,0.20399951934814453,0.29344725608825684,top-1,872,False,20,0.35828447341918945,10.352535963058472,2.6141438484191895
single_4,single,stitch,arxiv,91,91,914,True,1.0,[91],20,0.006209611892700195,0.0002694129943847656,0.0558924674987793,True,0.051494598388671875,1.0,1.0,0.05508780479431152,1,1,0.17883586883544922,0.24795103073120117,top-1,835,False,20,0.35828447341918945,10.352535963058472,2.6141438484191895
single_5,single,stitch,arxiv,23,23,236,True,1.0,[23],20,0.01343393325805664,0.00023603439331054688,0.07683348655700684,True,0.07345724105834961,0.95,1.0,0.07646751403808594,2,2,0.20974183082580566,0.309558629989624,top-1,872,False,20,0.35828447341918945,10.352535963058472,2.6141438484191895
single_6,single,stitch,arxiv,82,82,827,True,1.0,[82],20,0.00577235221862793,0.0003151893615722656,0.05318117141723633,True,0.045443058013916016,1.0,1.0,0.047632455825805664,1,1,0.1558668613433838,0.2179858684539795,top-1,822,False,20,0.35828447341918945,10.352535963058472,2.6141438484191895
single_7,single,stitch,arxiv,32,30,300,False,0.0,[32],17,0.00503087043762207,0.00022125244140625,0.05181312561035156,False,-1.0,-1.0,-1.0,-1.0,0,0,7.352724075317383,7.460399866104126,none,0,False,20,0.35828447341918945,10.352535963058472,2.6141438484191895
single_8,single,stitch,arxiv,82,82,827,True,1.0,[82],20,0.00468134880065918,0.00017118453979492188,0.04980278015136719,True,0.054198265075683594,1.0,1.0,0.0569911003112793,1,1,0.1711125373840332,0.23047757148742676,top-1,822,False,20,0.35828447341918945,10.352535963058472,2.6141438484191895
single_9,single,stitch,arxiv,115,150,1506,False,1.0,[115],20,0.005227088928222656,0.0001964569091796875,0.0547795295715332,True,0.5062892436981201,1.0,1.0,0.5150644779205322,1,1,1.3178882598876953,1.3990776538848877,top-5,5078,False,20,0.35828447341918945,10.352535963058472,2.6141438484191895
single_10,single,stitch,arxiv,123,123,1231,True,1.0,[123],20,0.005443572998046875,0.00017213821411132812,0.06474137306213379,True,0.04836320877075195,1.0,1.0,0.051724910736083984,1,1,0.16690850257873535,0.2400505542755127,top-1,869,False,20,0.35828447341918945,10.352535963058472,2.6141438484191895
single_11,single,stitch,arxiv,35,35,358,True,1.0,[35],20,0.004636287689208984,0.00020313262939453125,0.04327273368835449,True,0.05767035484313965,1.0,1.0,0.0605928897857666,1,1,0.16780447959899902,0.21891307830810547,top-1,832,False,20,0.35828447341918945,10.352535963058472,2.6141438484191895
single_12,single,stitch,arxiv,123,123,1232,True,1.0,[123],20,0.005053281784057617,0.00016021728515625,0.04980158805847168,True,0.05148506164550781,1.0,1.0,0.05598878860473633,1,1,0.17583227157592773,0.23345637321472168,top-1,869,False,20,0.35828447341918945,10.352535963058472,2.6141438484191895
single_13,single,stitch,arxiv,71,71,711,True,1.0,[71],20,0.0054912567138671875,0.0002014636993408203,0.04209303855895996,True,0.05057168006896973,1.0,1.0,0.05289649963378906,1,1,0.15996050834655762,0.21048474311828613,top-1,852,False,20,0.35828447341918945,10.352535963058472,2.6141438484191895
single_14,single,stitch,arxiv,94,117,1177,False,0.0,[94],20,0.00514674186706543,0.0005276203155517578,0.05317854881286621,False,-1.0,-1.0,-1.0,-1.0,0,0,9.10159420967102,9.321675539016724,none,0,False,20,0.35828447341918945,10.352535963058472,2.6141438484191895
single_15,single,stitch,arxiv,32,33,332,False,1.0,[32],20,0.006543159484863281,0.00022149085998535156,0.06287837028503418,True,0.46746325492858887,1.0,1.0,0.47951602935791016,1,1,1.2994513511657715,1.4099748134613037,top-5,5101,False,20,0.35828447341918945,10.352535963058472,2.6141438484191895
single_16,single,stitch,arxiv,179,72,726,False,1.0,[179],20,0.005970478057861328,0.00023126602172851562,0.05294513702392578,True,0.4055805206298828,0.9,1.0,0.41658568382263184,2,2,1.2180001735687256,1.3162014484405518,top-5,5080,False,20,0.35828447341918945,10.352535963058472,2.6141438484191895
single_17,single,stitch,arxiv,134,134,1349,True,1.0,[134],12,0.09083771705627441,0.00021886825561523438,0.06560945510864258,True,0.07241249084472656,1.0,1.0,0.07706665992736816,1,1,0.21297216415405273,0.3722550868988037,top-1,843,False,20,0.35828447341918945,10.352535963058472,2.6141438484191895
single_18,single,stitch,arxiv,0,0,7,True,1.0,[0],20,0.005293130874633789,0.0002655982971191406,0.07345032691955566,True,0.057410240173339844,1.0,1.0,0.06089520454406738,1,1,0.17627763748168945,0.2596614360809326,top-1,822,False,20,0.35828447341918945,10.352535963058472,2.6141438484191895
single_19,single,stitch,arxiv,56,56,564,True,1.0,[56],20,0.006124258041381836,0.0001895427703857422,0.11658525466918945,True,0.07988262176513672,0.95,1.0,0.08385729789733887,2,2,0.21271133422851562,0.34211158752441406,top-1,871,False,20,0.35828447341918945,10.352535963058472,2.6141438484191895
single_20,single,stitch,arxiv,61,61,613,True,1.0,[61],20,0.004727363586425781,0.00021338462829589844,0.057375192642211914,True,0.06110715866088867,1.0,1.0,0.0647122859954834,1,1,0.1913585662841797,0.25976085662841797,top-1,872,False,20,0.35828447341918945,10.352535963058472,2.6141438484191895
single_21,single,stitch,arxiv,61,61,613,True,1.0,[61],20,0.004586458206176758,0.0001666545867919922,0.03866696357727051,True,0.09321999549865723,1.0,1.0,0.09703874588012695,1,1,0.22512245178222656,0.2747492790222168,top-1,872,False,20,0.35828447341918945,10.352535963058472,2.6141438484191895
single_22,single,stitch,arxiv,22,22,222,True,1.0,[22],20,0.0051422119140625,0.0001862049102783203,0.048194169998168945,True,0.07481956481933594,1.0,1.0,0.07831072807312012,1,1,0.19431614875793457,0.2516052722930908,top-1,864,False,20,0.35828447341918945,10.352535963058472,2.6141438484191895
single_23,single,stitch,arxiv,23,23,236,True,1.0,[23],20,0.004792690277099609,0.0001857280731201172,0.03823995590209961,True,0.0965268611907959,0.95,1.0,0.10638642311096191,2,2,0.2267920970916748,0.2749595642089844,top-1,872,False,20,0.35828447341918945,10.352535963058472,2.6141438484191895
single_24,single,stitch,arxiv,31,31,319,True,1.0,[31],20,0.0048828125,0.00015807151794433594,0.0447688102722168,True,0.0886080265045166,1.0,1.0,0.09180402755737305,1,1,0.2055056095123291,0.2582409381866455,top-1,872,False,20,0.35828447341918945,10.352535963058472,2.6141438484191895
single_25,single,stitch,arxiv,52,52,527,True,1.0,[52],20,0.0048258304595947266,0.00021028518676757812,0.05038118362426758,True,0.05471634864807129,1.0,1.0,0.05743598937988281,1,1,0.16204142570495605,0.22087526321411133,top-1,823,False,20,0.35828447341918945,10.352535963058472,2.6141438484191895
single_26,single,stitch,arxiv,19,19,197,True,1.0,[19],20,0.005033254623413086,0.000225067138671875,0.0580902099609375,True,0.088653564453125,1.0,1.0,0.09211921691894531,1,1,0.24053168296813965,0.3102552890777588,top-1,872,False,20,0.35828447341918945,10.352535963058472,2.6141438484191895
single_27,single,stitch,arxiv,183,183,1832,True,1.0,[183],20,0.005097150802612305,0.0002474784851074219,0.07441449165344238,True,0.06808924674987793,0.95,1.0,0.0719156265258789,2,2,0.20048761367797852,0.285353422164917,top-1,870,False,20,0.35828447341918945,10.352535963058472,2.6141438484191895
single_28,single,stitch,arxiv,128,128,1287,True,1.0,[128],20,0.0048198699951171875,0.00020503997802734375,0.04333019256591797,True,0.0524141788482666,1.0,1.0,0.06020236015319824,1,1,0.21812891960144043,0.26910829544067383,top-1,849,False,20,0.35828447341918945,10.352535963058472,2.6141438484191895
single_29,single,stitch,arxiv,175,175,1756,True,1.0,[175],20,0.0056192874908447266,0.0002086162567138672,0.047453880310058594,True,0.0571751594543457,1.0,1.0,0.06032299995422363,1,1,0.17166972160339355,0.23546290397644043,top-1,836,False,20,0.35828447341918945,10.352535963058472,2.6141438484191895
single_30,single,stitch,arxiv,129,130,1300,False,1.0,[129],20,0.004610300064086914,0.0001971721649169922,0.05181241035461426,True,0.6719634532928467,1.0,1.0,0.6885402202606201,1,1,1.6192045211791992,1.6903486251831055,top-5,5063,False,20,0.35828447341918945,10.352535963058472,2.6141438484191895
single_31,single,stitch,arxiv,131,131,1314,True,1.0,[131],20,0.0051653385162353516,0.0002353191375732422,0.05076336860656738,True,0.06264185905456543,1.0,1.0,0.06658482551574707,1,1,0.19039440155029297,0.25002336502075195,top-1,842,False,20,0.35828447341918945,10.352535963058472,2.6141438484191895
single_32,single,stitch,arxiv,5,3,30,False,1.0,[5],20,0.0045588016510009766,0.00020956993103027344,0.08933806419372559,True,0.6473221778869629,1.0,1.0,0.6596314907073975,1,1,1.48270583152771,1.6012814044952393,top-5,5040,False,20,0.35828447341918945,10.352535963058472,2.6141438484191895
single_33,single,stitch,arxiv,188,188,1880,True,1.0,[188],20,0.005494594573974609,0.00021076202392578125,0.053167104721069336,True,0.049904584884643555,1.0,1.0,0.05698752403259277,1,1,0.17951297760009766,0.241286039352417,top-1,852,False,20,0.35828447341918945,10.352535963058472,2.6141438484191895
single_34,single,stitch,arxiv,119,119,1190,True,1.0,[119],20,0.009711503982543945,0.00043129920959472656,0.06387925148010254,True,0.05357813835144043,1.0,1.0,0.05636739730834961,1,1,0.18177247047424316,0.25861024856567383,top-1,855,False,20,0.35828447341918945,10.352535963058472,2.6141438484191895
single_35,single,stitch,arxiv,81,81,813,True,1.0,[81],20,0.004966259002685547,0.00024390220642089844,0.06139779090881348,True,0.050280094146728516,1.0,1.0,0.05348086357116699,1,1,0.17478060722351074,0.24502229690551758,top-1,822,False,20,0.35828447341918945,10.352535963058472,2.6141438484191895
single_36,single,stitch,arxiv,49,49,491,True,1.0,[49],20,0.007587432861328125,0.0002512931823730469,0.04981040954589844,True,0.07294297218322754,1.0,1.0,0.07715153694152832,1,1,0.1950697898864746,0.25838351249694824,top-1,872,False,20,0.35828447341918945,10.352535963058472,2.6141438484191895
single_37,single,stitch,arxiv,18,18,181,True,1.0,[18],20,0.009591341018676758,0.0016880035400390625,0.07563304901123047,True,0.06450772285461426,1.0,1.0,0.06747555732727051,1,1,0.20789051055908203,0.3068814277648926,top-1,825,False,20,0.35828447341918945,10.352535963058472,2.6141438484191895
single_38,single,stitch,arxiv,131,131,1314,True,1.0,[131],20,0.005531787872314453,0.00032210350036621094,0.07147860527038574,True,0.07133841514587402,1.0,1.0,0.07465553283691406,1,1,0.2619302272796631,0.342022180557251,top-1,842,False,20,0.35828447341918945,10.352535963058472,2.6141438484191895
single_39,single,stitch,arxiv,170,170,1705,True,1.0,[170],20,0.005590915679931641,0.00020647048950195312,0.0484011173248291,True,0.04800677299499512,1.0,1.0,0.05035996437072754,1,1,0.15898513793945312,0.2207784652709961,top-1,826,False,20,0.35828447341918945,10.352535963058472,2.6141438484191895
single_40,single,stitch,arxiv,62,62,622,True,1.0,[62],20,0.005224943161010742,0.0006310939788818359,0.11564064025878906,True,0.10029959678649902,1.0,1.0,0.10394811630249023,1,1,0.2717854976654053,0.4106748104095459,top-1,870,False,20,0.35828447341918945,10.352535963058472,2.6141438484191895
single_41,single,stitch,arxiv,63,63,636,True,1.0,[63],20,0.00587916374206543,0.0004191398620605469,0.09895038604736328,True,0.06284523010253906,1.0,1.0,0.06770515441894531,1,1,0.18515825271606445,0.3157844543457031,top-1,822,False,20,0.35828447341918945,10.352535963058472,2.6141438484191895
single_42,single,stitch,arxiv,84,84,843,True,1.0,[84],20,0.005365610122680664,0.00029158592224121094,0.07903099060058594,True,0.057116031646728516,1.0,1.0,0.0601351261138916,1,1,0.18680453300476074,0.2788674831390381,top-1,872,False,20,0.35828447341918945,10.352535963058472,2.6141438484191895
single_43,single,stitch,arxiv,122,122,1226,True,1.0,[122],20,0.014524459838867188,0.0003342628479003906,0.0482025146484375,True,0.05244112014770508,1.0,1.0,0.055300235748291016,1,1,0.16565680503845215,0.24377989768981934,top-1,823,False,20,0.35828447341918945,10.352535963058472,2.6141438484191895
single_44,single,stitch,arxiv,95,95,959,True,1.0,[95],20,0.0110015869140625,0.0006074905395507812,0.07922148704528809,True,0.05818319320678711,1.0,1.0,0.061029672622680664,1,1,0.1760578155517578,0.2705376148223877,top-1,872,False,20,0.35828447341918945,10.352535963058472,2.6141438484191895
single_45,single,stitch,arxiv,30,30,303,True,1.0,[30],20,0.004575252532958984,0.00021529197692871094,0.0422816276550293,True,0.0678098201751709,1.0,1.0,0.07055354118347168,1,1,0.19446945190429688,0.2697336673736572,top-1,872,False,20,0.35828447341918945,10.352535963058472,2.6141438484191895
single_46,single,stitch,arxiv,188,116,1160,False,1.0,[188],19,0.004631757736206055,0.0002167224884033203,0.04635143280029297,True,0.628178596496582,0.8947368421052632,1.0,0.6354143619537354,2,2,1.4389963150024414,1.5261507034301758,top-5,5027,False,20,0.35828447341918945,10.352535963058472,2.6141438484191895
single_47,single,stitch,arxiv,173,173,1739,True,1.0,[173],20,0.0055997371673583984,0.00020122528076171875,0.05209064483642578,True,0.05325150489807129,1.0,1.0,0.05584406852722168,1,1,0.16145753860473633,0.22223591804504395,top-1,822,False,20,0.35828447341918945,10.352535963058472,2.6141438484191895
single_48,single,stitch,arxiv,107,103,1030,False,1.0,[107],20,0.0052716732025146484,0.00017642974853515625,0.05933690071105957,True,0.6824500560760498,1.0,1.0,0.6901123523712158,1,1,1.4856436252593994,1.5777981281280518,top-5,5126,False,20,0.35828447341918945,10.352535963058472,2.6141438484191895
single_49,single,stitch,arxiv,193,193,1938,True,1.0,[193],20,0.004790067672729492,0.0003066062927246094,0.05087709426879883,True,0.06879067420959473,1.0,1.0,0.07236337661743164,1,1,0.1824352741241455,0.2414391040802002,top-1,856,False,20,0.35828447341918945,10.352535963058472,2.6141438484191895
single_50,single,stitch,arxiv,134,134,1344,True,1.0,[134],20,0.004828214645385742,0.0002503395080566406,0.04541158676147461,True,0.04797077178955078,0.95,1.0,0.04996514320373535,2,2,0.1622612476348877,0.21514201164245605,top-1,843,False,20,0.35828447341918945,10.352535963058472,2.6141438484191895
single_51,single,stitch,arxiv,4,4,48,True,1.0,[4],20,0.004598140716552734,0.0002162456512451172,0.05237221717834473,True,0.06093168258666992,1.0,1.0,0.06441855430603027,1,1,0.17522525787353516,0.23680400848388672,top-1,851,False,20,0.35828447341918945,10.352535963058472,2.6141438484191895
single_52,single,stitch,arxiv,143,143,1434,True,1.0,[143],20,0.004518985748291016,0.00021600723266601562,0.04721260070800781,True,0.048879384994506836,1.0,1.0,0.05188131332397461,1,1,0.16176986694335938,0.21648025512695312,top-1,872,False,20,0.35828447341918945,10.352535963058472,2.6141438484191895
single_53,single,stitch,arxiv,113,113,1134,True,1.0,[113],20,0.004628181457519531,0.00016927719116210938,0.05225563049316406,True,0.04869484901428223,1.0,1.0,0.05064892768859863,1,1,0.1608421802520752,0.2217237949371338,top-1,872,False,20,0.35828447341918945,10.352535963058472,2.6141438484191895
single_54,single,stitch,arxiv,24,24,243,True,1.0,[24],20,0.004453420639038086,0.0001709461212158203,0.051052093505859375,True,0.053156375885009766,1.0,1.0,0.05659937858581543,1,1,0.16988086700439453,0.23122096061706543,top-1,822,False,20,0.35828447341918945,10.352535963058472,2.6141438484191895
single_55,single,stitch,arxiv,193,193,1931,True,1.0,[193],14,0.0051555633544921875,0.0002551078796386719,0.04199862480163574,True,0.05385756492614746,1.0,1.0,0.0556178092956543,1,1,0.17435097694396973,0.22495174407958984,top-1,856,False,20,0.35828447341918945,10.352535963058472,2.6141438484191895
single_56,single,stitch,arxiv,64,64,648,True,1.0,[64],20,0.004960060119628906,0.00021219253540039062,0.047571659088134766,True,0.045819997787475586,1.0,1.0,0.04773306846618652,1,1,0.15990138053894043,0.2172842025756836,top-1,855,False,20,0.35828447341918945,10.352535963058472,2.6141438484191895
single_57,single,stitch,arxiv,111,113,1137,False,1.0,[111],20,0.005267143249511719,0.00018715858459472656,0.04086780548095703,True,0.7864551544189453,1.0,1.0,0.7943763732910156,1,1,1.5965335369110107,1.6667182445526123,top-5,5008,False,20,0.35828447341918945,10.352535963058472,2.6141438484191895
single_58,single,stitch,arxiv,161,161,1613,True,1.0,[161],20,0.004452228546142578,0.00021696090698242188,0.04300332069396973,True,0.06434059143066406,1.0,1.0,0.06719470024108887,1,1,0.17485857009887695,0.22524285316467285,top-1,834,False,20,0.35828447341918945,10.352535963058472,2.6141438484191895
single_59,single,stitch,arxiv,23,23,236,True,1.0,[23],20,0.006402015686035156,0.0002532005310058594,0.06210017204284668,True,0.07570743560791016,0.95,1.0,0.08037710189819336,2,2,0.199937105178833,0.2776634693145752,top-1,872,False,20,0.35828447341918945,10.352535963058472,2.6141438484191895
single_60,single,stitch,arxiv,136,136,1361,True,1.0,[136],20,0.005506992340087891,0.0002570152282714844,0.054143667221069336,True,0.06219935417175293,1.0,1.0,0.06625890731811523,1,1,0.17920827865600586,0.24142003059387207,top-1,833,False,20,0.35828447341918945,10.352535963058472,2.6141438484191895
single_61,single,stitch,arxiv,103,103,1035,True,1.0,[103],20,0.011556863784790039,0.001760721206665039,0.04839515686035156,True,0.04919028282165527,1.0,1.0,0.051959991455078125,1,1,0.15784406661987305,0.22190642356872559,top-1,848,False,20,0.35828447341918945,10.352535963058472,2.6141438484191895
single_62,single,stitch,arxiv,15,15,153,True,1.0,[15],20,0.004452228546142578,0.00016736984252929688,0.044469594955444336,True,0.06541180610656738,1.0,1.0,0.06847834587097168,1,1,0.19257044792175293,0.24534821510314941,top-1,872,False,20,0.35828447341918945,10.352535963058472,2.6141438484191895
single_63,single,stitch,arxiv,7,7,75,True,1.0,[7],20,0.004827260971069336,0.0002346038818359375,0.0657796859741211,True,0.06606483459472656,1.0,1.0,0.06900525093078613,1,1,0.208740234375,0.28270673751831055,top-1,823,False,20,0.35828447341918945,10.352535963058472,2.6141438484191895
single_64,single,stitch,arxiv,129,129,1297,True,1.0,[129],20,0.00481867790222168,0.0002357959747314453,0.0807335376739502,True,0.0697469711303711,1.0,1.0,0.0732874870300293,1,1,0.21266627311706543,0.3108665943145752,top-1,872,False,20,0.35828447341918945,10.352535963058472,2.6141438484191895
single_65,single,stitch,arxiv,169,169,1697,True,1.0,[169],20,0.004487276077270508,0.0002155303955078125,0.05040884017944336,True,0.058739423751831055,1.0,1.0,0.06288337707519531,1,1,0.1807413101196289,0.2659022808074951,top-1,872,False,20,0.35828447341918945,10.352535963058472,2.6141438484191895
single_66,single,stitch,arxiv,22,22,222,True,1.0,[22],20,0.004877567291259766,0.0002105236053466797,0.0397946834564209,True,0.05922889709472656,1.0,1.0,0.062459468841552734,1,1,0.17348384857177734,0.22232627868652344,top-1,864,False,20,0.35828447341918945,10.352535963058472,2.6141438484191895
single_67,single,stitch,arxiv,130,130,1305,True,1.0,[130],20,0.004452228546142578,0.00019931793212890625,0.03878617286682129,True,0.058917999267578125,1.0,1.0,0.06265377998352051,1,1,0.17077255249023438,0.2183225154876709,top-1,823,False,20,0.35828447341918945,10.352535963058472,2.6141438484191895
single_68,single,stitch,arxiv,99,99,994,True,1.0,[99],20,0.0047414302825927734,0.00022029876708984375,0.04930233955383301,True,0.05265951156616211,1.0,1.0,0.0556490421295166,1,1,0.19776105880737305,0.2551398277282715,top-1,822,False,20,0.35828447341918945,10.352535963058472,2.6141438484191895
single_69,single,stitch,arxiv,70,29,295,False,1.0,[70],20,0.005432605743408203,0.0002593994140625,0.07823324203491211,True,0.6477580070495605,1.0,1.0,0.6657719612121582,1,1,1.4870245456695557,1.5958311557769775,top-5,5135,False,20,0.35828447341918945,10.352535963058472,2.6141438484191895
single_70,single,stitch,arxiv,100,100,1003,True,1.0,[100],20,0.00747370719909668,0.0004189014434814453,0.06276226043701172,True,0.06995344161987305,1.0,1.0,0.07335495948791504,1,1,0.19172430038452148,0.2657625675201416,top-1,872,False,20,0.35828447341918945,10.352535963058472,2.6141438484191895
single_71,single,stitch,arxiv,100,100,1005,True,1.0,[100],20,0.005026102066040039,0.00023627281188964844,0.04120683670043945,True,0.05709481239318848,1.0,1.0,0.06046485900878906,1,1,0.1846330165863037,0.24624872207641602,top-1,872,False,20,0.35828447341918945,10.352535963058472,2.6141438484191895
single_72,single,stitch,arxiv,18,18,181,True,1.0,[18],20,0.0067501068115234375,0.00023365020751953125,0.04711651802062988,True,0.07688498497009277,1.0,1.0,0.08131027221679688,1,1,0.20230317115783691,0.26032257080078125,top-1,825,False,20,0.35828447341918945,10.352535963058472,2.6141438484191895
single_73,single,stitch,arxiv,120,120,1208,True,1.0,[120],20,0.005374431610107422,0.0002002716064453125,0.04872322082519531,True,0.0640566349029541,1.0,1.0,0.0672445297241211,1,1,0.21644282341003418,0.27571582794189453,top-1,872,False,20,0.35828447341918945,10.352535963058472,2.6141438484191895
single_74,single,stitch,arxiv,117,117,1177,True,1.0,[117],20,0.004899024963378906,0.0002028942108154297,0.05521059036254883,True,0.05364799499511719,1.0,1.0,0.057492971420288086,1,1,0.17276358604431152,0.2375047206878662,top-1,872,False,20,0.35828447341918945,10.352535963058472,2.6141438484191895
single_75,single,stitch,arxiv,22,22,227,True,1.0,[22],20,0.006332874298095703,0.0002484321594238281,0.04922032356262207,True,0.06316947937011719,1.0,1.0,0.06627035140991211,1,1,0.18897247314453125,0.2488083839416504,top-1,864,False,20,0.35828447341918945,10.352535963058472,2.6141438484191895
single_76,single,stitch,arxiv,75,75,752,True,1.0,[75],20,0.008487462997436523,0.0003180503845214844,0.07132935523986816,True,0.053637027740478516,1.0,1.0,0.056633710861206055,1,1,0.16196966171264648,0.2455754280090332,top-1,822,False,20,0.35828447341918945,10.352535963058472,2.6141438484191895
single_77,single,stitch,arxiv,31,31,319,True,1.0,[31],20,0.007527589797973633,0.00031828880310058594,0.06434059143066406,True,0.06893014907836914,1.0,1.0,0.08098554611206055,1,1,0.19777560234069824,0.2745015621185303,top-1,872,False,20,0.35828447341918945,10.352535963058472,2.6141438484191895
single_78,single,stitch,arxiv,185,185,1854,True,1.0,[185],20,0.004742860794067383,0.00021338462829589844,0.058794260025024414,True,0.04611396789550781,0.95,1.0,0.049161434173583984,2,2,0.1698777675628662,0.2363898754119873,top-1,846,False,20,0.35828447341918945,10.352535963058472,2.6141438484191895
single_79,single,stitch,arxiv,106,150,1508,False,0.0,[106],16,0.005267620086669922,0.0002295970916748047,0.04392552375793457,False,-1.0,-1.0,-1.0,-1.0,0,0,8.375030517578125,8.594764709472656,none,0,False,20,0.35828447341918945,10.352535963058472,2.6141438484191895
single_80,single,stitch,arxiv,18,18,181,True,1.0,[18],20,0.004846096038818359,0.00021886825561523438,0.03860878944396973,True,0.06396770477294922,1.0,1.0,0.06753420829772949,1,1,0.2290327548980713,0.2764902114868164,top-1,825,False,20,0.35828447341918945,10.352535963058472,2.6141438484191895
single_81,single,stitch,arxiv,18,18,181,True,1.0,[18],20,0.008941888809204102,0.000698089599609375,0.07480549812316895,True,0.0513765811920166,1.0,1.0,0.054512739181518555,1,1,0.18388772010803223,0.2776031494140625,top-1,825,False,20,0.35828447341918945,10.352535963058472,2.6141438484191895
single_82,single,stitch,arxiv,69,69,696,True,1.0,[69],20,0.005064964294433594,0.00026917457580566406,0.043364524841308594,True,0.05732321739196777,1.0,1.0,0.059960126876831055,1,1,0.17650270462036133,0.22933101654052734,top-1,872,False,20,0.35828447341918945,10.352535963058472,2.6141438484191895
single_83,single,stitch,arxiv,2,0,6,False,1.0,[2],20,0.005497932434082031,0.00030350685119628906,0.05040240287780762,True,0.4502735137939453,1.0,1.0,0.46169447898864746,1,1,1.3189656734466553,1.4583053588867188,top-5,4973,False,20,0.35828447341918945,10.352535963058472,2.6141438484191895
single_84,single,stitch,arxiv,182,182,1823,True,1.0,[182],20,0.00554347038269043,0.00022721290588378906,0.060708045959472656,True,0.06827354431152344,1.0,1.0,0.07160615921020508,1,1,0.19850921630859375,0.26868677139282227,top-1,832,False,20,0.35828447341918945,10.352535963058472,2.6141438484191895
single_85,single,stitch,arxiv,199,199,1992,True,1.0,[199],20,0.007493734359741211,0.0003044605255126953,0.0622406005859375,True,0.06626605987548828,1.0,1.0,0.07180142402648926,1,1,0.22657084465026855,0.3000814914703369,top-1,872,False,20,0.35828447341918945,10.352535963058472,2.6141438484191895
single_86,single,stitch,arxiv,182,182,1823,True,1.0,[182],20,0.0049571990966796875,0.00024962425231933594,0.0400540828704834,True,0.04896736145019531,1.0,1.0,0.05096578598022461,1,1,0.16521215438842773,0.23336291313171387,top-1,832,False,20,0.35828447341918945,10.352535963058472,2.6141438484191895
single_87,single,stitch,arxiv,194,195,1953,False,1.0,[194],20,0.004995107650756836,0.0002288818359375,0.10575652122497559,True,0.586423397064209,1.0,1.0,0.5965535640716553,1,1,1.4511513710021973,1.6545300483703613,top-5,5115,False,20,0.35828447341918945,10.352535963058472,2.6141438484191895
single_88,single,stitch,arxiv,137,137,1370,True,1.0,[137],20,0.006709575653076172,0.0001881122589111328,0.09383559226989746,True,0.05069589614868164,1.0,1.0,0.05443596839904785,1,1,0.20595264434814453,0.3200385570526123,top-1,825,False,20,0.35828447341918945,10.352535963058472,2.6141438484191895
single_89,single,stitch,arxiv,117,117,1177,True,1.0,[117],20,0.0058667659759521484,0.0002467632293701172,0.045687198638916016,True,0.057105064392089844,1.0,1.0,0.06097769737243652,1,1,0.17914342880249023,0.23993349075317383,top-1,872,False,20,0.35828447341918945,10.352535963058472,2.6141438484191895
single_90,single,stitch,arxiv,139,139,1392,True,1.0,[139],20,0.00586247444152832,0.0002582073211669922,0.06434011459350586,True,0.05613303184509277,1.0,1.0,0.058917999267578125,1,1,0.1875014305114746,0.2614436149597168,top-1,870,False,20,0.35828447341918945,10.352535963058472,2.6141438484191895
single_91,single,stitch,arxiv,56,56,564,True,1.0,[56],20,0.008988618850708008,0.0002415180206298828,0.04516005516052246,True,0.06545591354370117,0.95,1.0,0.06933474540710449,2,2,0.1856091022491455,0.2603728771209717,top-1,871,False,20,0.35828447341918945,10.352535963058472,2.6141438484191895
single_92,single,stitch,arxiv,179,179,1793,True,1.0,[179],20,0.005112171173095703,0.0002455711364746094,0.0895540714263916,True,0.055057525634765625,0.95,1.0,0.05737924575805664,2,2,0.17988967895507812,0.2783374786376953,top-1,854,False,20,0.35828447341918945,10.352535963058472,2.6141438484191895
single_93,single,stitch,arxiv,67,67,672,True,1.0,[67],20,0.005876302719116211,0.00028324127197265625,0.07699298858642578,True,0.05131697654724121,1.0,1.0,0.054743051528930664,1,1,0.17774605751037598,0.2750253677368164,top-1,823,False,20,0.35828447341918945,10.352535963058472,2.6141438484191895
single_94,single,stitch,arxiv,76,76,760,True,1.0,[76],20,0.0056760311126708984,0.000247955322265625,0.06797099113464355,True,0.054225921630859375,1.0,1.0,0.05846047401428223,1,1,0.1687636375427246,0.24727082252502441,top-1,823,False,20,0.35828447341918945,10.352535963058472,2.6141438484191895
single_95,single,stitch,arxiv,150,150,1506,True,1.0,[150],20,0.005720853805541992,0.00026416778564453125,0.05231523513793945,True,0.056195735931396484,1.0,1.0,0.06012392044067383,1,1,0.18883490562438965,0.24976325035095215,top-1,869,False,20,0.35828447341918945,10.352535963058472,2.6141438484191895
single_96,single,stitch,arxiv,133,133,1339,True,1.0,[133],20,0.011917352676391602,0.0002930164337158203,0.10025167465209961,True,0.051050662994384766,1.0,1.0,0.05436062812805176,1,1,0.1834428310394287,0.3170783519744873,top-1,872,False,20,0.35828447341918945,10.352535963058472,2.6141438484191895
single_97,single,stitch,arxiv,176,175,1751,False,1.0,[176],20,0.004532814025878906,0.0002143383026123047,0.0536038875579834,True,0.6228766441345215,1.0,1.0,0.637336015701294,1,1,1.4861071109771729,1.7382481098175049,top-5,5032,False,20,0.35828447341918945,10.352535963058472,2.6141438484191895
single_98,single,stitch,arxiv,49,49,491,True,1.0,[49],20,0.004500150680541992,0.0002014636993408203,0.04523944854736328,True,0.07220602035522461,1.0,1.0,0.07553315162658691,1,1,0.18999934196472168,0.24460840225219727,top-1,872,False,20,0.35828447341918945,10.352535963058472,2.6141438484191895
single_99,single,stitch,arxiv,189,189,1897,True,1.0,[189],20,0.0043714046478271484,0.0002579689025878906,0.04377555847167969,True,0.059721946716308594,1.0,1.0,0.06458044052124023,1,1,0.17944979667663574,0.2309873104095459,top-1,844,False,20,0.35828447341918945,10.352535963058472,2.6141438484191895
single_100,single,stitch,arxiv,190,190,1903,True,1.0,[190],50,0.004389047622680664,0.00018167495727539062,0.04170393943786621,True,0.0531613826751709,1.0,1.0,0.056490421295166016,1,1,0.17660951614379883,0.22577857971191406,top-1,860,False,50,0.35828447341918945,10.352535963058472,2.6141438484191895
single_101,single,stitch,arxiv,137,146,1463,False,1.0,[137],27,0.007376670837402344,0.00024056434631347656,0.0771787166595459,True,0.4667041301727295,1.0,1.0,0.47612833976745605,1,1,1.2702910900115967,1.4054975509643555,top-5,5112,False,50,0.35828447341918945,10.352535963058472,2.6141438484191895
single_102,single,stitch,arxiv,116,116,1160,True,1.0,[116],40,0.00532078742980957,0.0002257823944091797,0.04567599296569824,True,0.05155062675476074,1.0,1.0,0.054785728454589844,1,1,0.17917704582214355,0.2758364677429199,top-1,825,False,50,0.35828447341918945,10.352535963058472,2.6141438484191895
single_103,single,stitch,arxiv,176,176,1763,True,1.0,[176],50,0.0070552825927734375,0.0003273487091064453,0.05120277404785156,True,0.06761336326599121,1.0,1.0,0.07149529457092285,1,1,0.18913865089416504,0.25124454498291016,top-1,822,False,50,0.35828447341918945,10.352535963058472,2.6141438484191895
single_104,single,stitch,arxiv,166,166,1669,True,1.0,[166],50,0.00534510612487793,0.0016133785247802734,0.06468749046325684,True,0.056241750717163086,1.0,1.0,0.05907464027404785,1,1,0.22263193130493164,0.307204008102417,top-1,822,False,50,0.35828447341918945,10.352535963058472,2.6141438484191895
single_105,single,stitch,arxiv,146,146,1467,True,1.0,[146],50,0.007205963134765625,0.00025463104248046875,0.04944944381713867,True,0.05302000045776367,1.0,1.0,0.056179046630859375,1,1,0.17586088180541992,0.24285364151000977,top-1,866,False,50,0.35828447341918945,10.352535963058472,2.6141438484191895
single_106,single,stitch,arxiv,198,198,1982,True,1.0,[198],50,0.005231142044067383,0.00020933151245117188,0.04243779182434082,True,0.0509800910949707,1.0,1.0,0.05412602424621582,1,1,0.16793155670166016,0.2201855182647705,top-1,844,False,50,0.35828447341918945,10.352535963058472,2.6141438484191895
single_107,single,stitch,arxiv,191,191,1916,True,1.0,[191],50,0.005544185638427734,0.00021839141845703125,0.05656242370605469,True,0.05146002769470215,1.0,1.0,0.05372023582458496,1,1,0.20749306678771973,0.28733205795288086,top-1,823,False,50,0.35828447341918945,10.352535963058472,2.6141438484191895
single_108,single,stitch,arxiv,109,39,398,False,1.0,[109],38,0.006596088409423828,0.00018596649169921875,0.07911038398742676,True,0.37345409393310547,1.0,1.0,0.3810005187988281,1,1,1.2220468521118164,1.3670997619628906,top-5,5041,False,50,0.35828447341918945,10.352535963058472,2.6141438484191895
single_109,single,stitch,arxiv,103,103,1033,True,1.0,[103],50,0.00602412223815918,0.00021195411682128906,0.05827689170837402,True,0.04633665084838867,1.0,1.0,0.04884791374206543,1,1,0.1758441925048828,0.2501494884490967,top-1,848,False,50,0.35828447341918945,10.352535963058472,2.6141438484191895
single_110,single,stitch,arxiv,181,181,1815,True,1.0,[181],50,0.006823062896728516,0.0002589225769042969,0.0618901252746582,True,0.0506594181060791,1.0,1.0,0.05332827568054199,1,1,0.1678602695465088,0.23906517028808594,top-1,829,False,50,0.35828447341918945,10.352535963058472,2.6141438484191895
single_111,single,stitch,arxiv,182,182,1824,True,1.0,[182],41,0.008567571640014648,0.00023126602172851562,0.06569290161132812,True,0.0531458854675293,1.0,1.0,0.056475162506103516,1,1,0.16977381706237793,0.24737024307250977,top-1,832,False,50,0.35828447341918945,10.352535963058472,2.6141438484191895
single_112,single,stitch,arxiv,0,0,7,True,1.0,[0],50,0.00698399543762207,0.0002808570861816406,0.07465219497680664,True,0.04795098304748535,1.0,1.0,0.05115222930908203,1,1,0.17167282104492188,0.2563917636871338,top-1,822,False,50,0.35828447341918945,10.352535963058472,2.6141438484191895
single_113,single,stitch,arxiv,44,44,445,True,1.0,[44],50,0.008732795715332031,0.00031280517578125,0.05958223342895508,True,0.046742916107177734,1.0,1.0,0.04947614669799805,1,1,0.16582655906677246,0.2382068634033203,top-1,823,False,50,0.35828447341918945,10.352535963058472,2.6141438484191895
single_114,single,stitch,arxiv,13,13,134,True,1.0,[13],50,0.005594491958618164,0.0002739429473876953,0.053122758865356445,True,0.05967879295349121,1.0,1.0,0.06333804130554199,1,1,0.18819046020507812,0.251706600189209,top-1,822,False,50,0.35828447341918945,10.352535963058472,2.6141438484191895
single_115,single,stitch,arxiv,80,80,808,True,1.0,[80],50,0.006562948226928711,0.00036835670471191406,0.07505631446838379,True,0.05173802375793457,0.98,1.0,0.05578136444091797,2,2,0.17924213409423828,0.27748823165893555,top-1,822,False,50,0.35828447341918945,10.352535963058472,2.6141438484191895
single_116,single,stitch,arxiv,53,53,533,True,1.0,[53],50,0.004872798919677734,0.00018405914306640625,0.05002760887145996,True,0.04970526695251465,1.0,1.0,0.053377389907836914,1,1,0.1645033359527588,0.22568774223327637,top-1,822,False,50,0.35828447341918945,10.352535963058472,2.6141438484191895
single_117,single,stitch,arxiv,143,143,1436,True,1.0,[143],50,0.0049169063568115234,0.0002868175506591797,0.041828155517578125,True,0.04849600791931152,1.0,1.0,0.05167245864868164,1,1,0.17308640480041504,0.22322678565979004,top-1,872,False,50,0.35828447341918945,10.352535963058472,2.6141438484191895
single_118,single,stitch,arxiv,193,193,1932,True,1.0,[193],50,0.004698276519775391,0.00022554397583007812,0.03883242607116699,True,0.047785282135009766,1.0,1.0,0.05140876770019531,1,1,0.16956353187561035,0.22286581993103027,top-1,856,False,50,0.35828447341918945,10.352535963058472,2.6141438484191895
single_119,single,stitch,arxiv,59,59,592,True,1.0,[59],50,0.004804134368896484,0.00023365020751953125,0.05283808708190918,True,0.05189824104309082,1.0,1.0,0.05438232421875,1,1,0.16648268699645996,0.2283031940460205,top-1,822,False,50,0.35828447341918945,10.352535963058472,2.6141438484191895
single_120,single,stitch,arxiv,40,40,409,True,1.0,[40],50,0.005034685134887695,0.0002319812774658203,0.05581212043762207,True,0.0447237491607666,1.0,1.0,0.04710841178894043,1,1,0.1688556671142578,0.23242831230163574,top-1,822,False,50,0.35828447341918945,10.352535963058472,2.6141438484191895
single_121,single,stitch,arxiv,57,57,579,True,1.0,[57],50,0.004987001419067383,0.00021719932556152344,0.04973149299621582,True,0.06679797172546387,1.0,1.0,0.07065916061401367,1,1,0.19250822067260742,0.25133824348449707,top-1,871,False,50,0.35828447341918945,10.352535963058472,2.6141438484191895
single_122,single,stitch,arxiv,52,52,527,True,1.0,[52],50,0.005536079406738281,0.00020551681518554688,0.04591727256774902,True,0.04485058784484863,1.0,1.0,0.0481107234954834,1,1,0.15768885612487793,0.21434283256530762,top-1,823,False,50,0.35828447341918945,10.352535963058472,2.6141438484191895
single_123,single,stitch,arxiv,43,43,439,True,1.0,[43],50,0.010628938674926758,0.00024819374084472656,0.06077742576599121,True,0.07586169242858887,1.0,1.0,0.08220219612121582,1,1,0.19908356666564941,0.2740902900695801,top-1,822,False,50,0.35828447341918945,10.352535963058472,2.6141438484191895
single_124,single,stitch,arxiv,79,79,799,True,1.0,[79],50,0.008473396301269531,0.0003559589385986328,0.07594537734985352,True,0.08417439460754395,1.0,1.0,0.08938074111938477,1,1,0.22919321060180664,0.32178330421447754,top-1,870,False,50,0.35828447341918945,10.352535963058472,2.6141438484191895
single_125,single,stitch,arxiv,40,40,405,True,1.0,[40],50,0.005026102066040039,0.0003001689910888672,0.04441022872924805,True,0.04900336265563965,1.0,1.0,0.051254987716674805,1,1,0.16838979721069336,0.22086477279663086,top-1,822,False,50,0.35828447341918945,10.352535963058472,2.6141438484191895
single_126,single,stitch,arxiv,97,97,973,True,1.0,[97],50,0.004546403884887695,0.00017762184143066406,0.07288312911987305,True,0.07038164138793945,1.0,1.0,0.07449507713317871,1,1,0.19711613655090332,0.2797069549560547,top-1,872,False,50,0.35828447341918945,10.352535963058472,2.6141438484191895
single_127,single,stitch,arxiv,32,32,320,True,1.0,[32],50,0.009503841400146484,0.0003314018249511719,0.05202937126159668,True,0.04685616493225098,1.0,1.0,0.0499422550201416,1,1,0.1641216278076172,0.22892141342163086,top-1,822,False,50,0.35828447341918945,10.352535963058472,2.6141438484191895
single_128,single,stitch,arxiv,194,194,1942,True,1.0,[194],50,0.0049839019775390625,0.00027871131896972656,0.05788755416870117,True,0.05300402641296387,1.0,1.0,0.0555882453918457,1,1,0.1878056526184082,0.25477051734924316,top-1,872,False,50,0.35828447341918945,10.352535963058472,2.6141438484191895
single_129,single,stitch,arxiv,56,56,564,True,1.0,[56],50,0.005509376525878906,0.00019073486328125,0.04090142250061035,True,0.06117677688598633,0.98,1.0,0.06459593772888184,2,2,0.19376683235168457,0.24564123153686523,top-1,871,False,50,0.35828447341918945,10.352535963058472,2.6141438484191895
single_130,single,stitch,arxiv,177,177,1773,True,1.0,[177],50,0.005111217498779297,0.00022792816162109375,0.05253744125366211,True,0.05159735679626465,1.0,1.0,0.054936885833740234,1,1,0.17474651336669922,0.2364332675933838,top-1,822,False,50,0.35828447341918945,10.352535963058472,2.6141438484191895
single_131,single,stitch,arxiv,81,81,813,True,1.0,[81],50,0.004732370376586914,0.00021195411682128906,0.038864850997924805,True,0.04828977584838867,1.0,1.0,0.05054903030395508,1,1,0.17140984535217285,0.22980880737304688,top-1,822,False,50,0.35828447341918945,10.352535963058472,2.6141438484191895
single_132,single,stitch,arxiv,82,82,828,True,1.0,[82],50,0.004933834075927734,0.0002167224884033203,0.041356563568115234,True,0.045203208923339844,1.0,1.0,0.048277854919433594,1,1,0.16376209259033203,0.2300417423248291,top-1,822,False,50,0.35828447341918945,10.352535963058472,2.6141438484191895
single_133,single,stitch,arxiv,34,34,342,True,1.0,[34],50,0.004720211029052734,0.00018262863159179688,0.04613184928894043,True,0.045660972595214844,1.0,1.0,0.04822802543640137,1,1,0.17151665687561035,0.2365736961364746,top-1,832,False,50,0.35828447341918945,10.352535963058472,2.6141438484191895
single_134,single,stitch,arxiv,18,18,182,True,1.0,[18],50,0.004486083984375,0.0001709461212158203,0.03916573524475098,True,0.05331087112426758,1.0,1.0,0.05599093437194824,1,1,0.242537260055542,0.28948187828063965,top-1,825,False,50,0.35828447341918945,10.352535963058472,2.6141438484191895
single_135,single,stitch,arxiv,146,146,1465,True,1.0,[146],50,0.004781007766723633,0.00021648406982421875,0.03926444053649902,True,0.047280073165893555,1.0,1.0,0.05091595649719238,1,1,0.16590237617492676,0.21852970123291016,top-1,866,False,50,0.35828447341918945,10.352535963058472,2.6141438484191895
single_136,single,stitch,arxiv,79,79,799,True,1.0,[79],50,0.004593849182128906,0.00023794174194335938,0.038870811462402344,True,0.07329392433166504,1.0,1.0,0.07759976387023926,1,1,0.1943836212158203,0.24284648895263672,top-1,870,False,50,0.35828447341918945,10.352535963058472,2.6141438484191895
single_137,single,stitch,arxiv,135,135,1351,True,1.0,[135],50,0.006273031234741211,0.00028896331787109375,0.07736730575561523,True,0.05865216255187988,1.0,1.0,0.062406301498413086,1,1,0.17862796783447266,0.2671034336090088,top-1,872,False,50,0.35828447341918945,10.352535963058472,2.6141438484191895
single_138,single,stitch,arxiv,51,51,512,True,1.0,[51],50,0.004913806915283203,0.00021266937255859375,0.04832649230957031,True,0.04929542541503906,1.0,1.0,0.051239967346191406,1,1,0.20604228973388672,0.2629687786102295,top-1,823,False,50,0.35828447341918945,10.352535963058472,2.6141438484191895
single_139,single,stitch,arxiv,22,22,227,True,1.0,[22],50,0.0043599605560302734,0.00024199485778808594,0.0387115478515625,True,0.04794025421142578,1.0,1.0,0.050516366958618164,1,1,0.1664416790008545,0.2318885326385498,top-1,864,False,50,0.35828447341918945,10.352535963058472,2.6141438484191895
single_140,single,stitch,arxiv,74,74,741,True,1.0,[74],26,0.004462003707885742,0.00016546249389648438,0.04491758346557617,True,0.04559969902038574,1.0,1.0,0.04732155799865723,1,1,0.1554272174835205,0.20760822296142578,top-1,822,False,50,0.35828447341918945,10.352535963058472,2.6141438484191895
single_141,single,stitch,arxiv,81,81,813,True,1.0,[81],50,0.004637718200683594,0.0001735687255859375,0.03994917869567871,True,0.049581050872802734,1.0,1.0,0.053951263427734375,1,1,0.16413307189941406,0.21172237396240234,top-1,822,False,50,0.35828447341918945,10.352535963058472,2.6141438484191895
single_142,single,stitch,arxiv,162,162,1622,True,1.0,[162],50,0.004815101623535156,0.0002460479736328125,0.08107852935791016,True,0.04926729202270508,1.0,1.0,0.05205988883972168,1,1,0.18643736839294434,0.32704973220825195,top-1,855,False,50,0.35828447341918945,10.352535963058472,2.6141438484191895
single_143,single,stitch,arxiv,195,195,1953,True,1.0,[195],50,0.0054934024810791016,0.0002090930938720703,0.04557919502258301,True,0.05449318885803223,1.0,1.0,0.05759286880493164,1,1,0.190382719039917,0.2746129035949707,top-1,872,False,50,0.35828447341918945,10.352535963058472,2.6141438484191895
single_144,single,stitch,arxiv,52,52,529,True,1.0,[52],50,0.004578113555908203,0.0001556873321533203,0.043579816818237305,True,0.05004453659057617,1.0,1.0,0.05281972885131836,1,1,0.16831469535827637,0.2198469638824463,top-1,823,False,50,0.35828447341918945,10.352535963058472,2.6141438484191895
single_145,single,stitch,arxiv,4,4,43,True,1.0,[4],50,0.0049898624420166016,0.00024580955505371094,0.03986072540283203,True,0.06593966484069824,1.0,1.0,0.07013726234436035,1,1,0.23050785064697266,0.2851531505584717,top-1,851,False,50,0.35828447341918945,10.352535963058472,2.6141438484191895
single_146,single,stitch,arxiv,33,33,335,True,1.0,[33],50,0.009573221206665039,0.00021004676818847656,0.052080631256103516,True,0.06407833099365234,1.0,1.0,0.06743979454040527,1,1,0.19037532806396484,0.26219630241394043,top-1,872,False,50,0.35828447341918945,10.352535963058472,2.6141438484191895
single_147,single,stitch,arxiv,28,28,285,True,1.0,[28],50,0.004998922348022461,0.0001621246337890625,0.05604290962219238,True,0.05502057075500488,0.98,1.0,0.05746269226074219,2,2,0.1741199493408203,0.23941874504089355,top-1,872,False,50,0.35828447341918945,10.352535963058472,2.6141438484191895
single_148,single,stitch,arxiv,62,62,622,True,1.0,[62],50,0.004821300506591797,0.00019788742065429688,0.03817558288574219,True,0.07034492492675781,1.0,1.0,0.07472991943359375,1,1,0.2702152729034424,0.318880558013916,top-1,870,False,50,0.35828447341918945,10.352535963058472,2.6141438484191895
single_149,single,stitch,arxiv,15,15,159,True,1.0,[15],50,0.010650157928466797,0.0007560253143310547,0.04063773155212402,True,0.05427265167236328,1.0,1.0,0.05780935287475586,1,1,0.23765349388122559,0.2932569980621338,top-1,872,False,50,0.35828447341918945,10.352535963058472,2.6141438484191895
single_150,single,stitch,arxiv,96,96,962,True,1.0,[96],50,0.004576683044433594,0.0002548694610595703,0.04557371139526367,True,0.04661893844604492,1.0,1.0,0.04905080795288086,1,1,0.17098760604858398,0.22575736045837402,top-1,822,False,50,0.35828447341918945,10.352535963058472,2.6141438484191895
single_151,single,stitch,arxiv,105,105,1059,True,1.0,[105],50,0.004809379577636719,0.00023865699768066406,0.053659915924072266,True,0.05585193634033203,1.0,1.0,0.06009221076965332,1,1,0.17721128463745117,0.23848605155944824,top-1,843,False,50,0.35828447341918945,10.352535963058472,2.6141438484191895
single_152,single,stitch,arxiv,62,62,622,True,1.0,[62],50,0.0053577423095703125,0.00023365020751953125,0.04001569747924805,True,0.05523848533630371,1.0,1.0,0.05860161781311035,1,1,0.18052124977111816,0.2559075355529785,top-1,870,False,50,0.35828447341918945,10.352535963058472,2.6141438484191895
single_153,single,stitch,arxiv,22,22,227,True,1.0,[22],50,0.004622459411621094,0.00019741058349609375,0.037900447845458984,True,0.055190086364746094,1.0,1.0,0.057756662368774414,1,1,0.17975378036499023,0.22860336303710938,top-1,864,False,50,0.35828447341918945,10.352535963058472,2.6141438484191895
single_154,single,stitch,arxiv,185,185,1859,True,1.0,[185],50,0.0048367977142333984,0.00016307830810546875,0.0388791561126709,True,0.04585695266723633,0.98,1.0,0.04810047149658203,2,2,0.16094756126403809,0.21028590202331543,top-1,846,False,50,0.35828447341918945,10.352535963058472,2.6141438484191895
single_155,single,stitch,arxiv,186,186,1862,True,1.0,[186],45,0.004528045654296875,0.00020551681518554688,0.04704117774963379,True,0.04493522644042969,1.0,1.0,0.04766368865966797,1,1,0.16529059410095215,0.2194368839263916,top-1,825,False,50,0.35828447341918945,10.352535963058472,2.6141438484191895
single_156,single,stitch,arxiv,89,89,892,True,1.0,[89],50,0.004525899887084961,0.00020885467529296875,0.04535388946533203,True,0.050153255462646484,1.0,1.0,0.05268692970275879,1,1,0.16505932807922363,0.21942925453186035,top-1,829,False,50,0.35828447341918945,10.352535963058472,2.6141438484191895
single_157,single,stitch,arxiv,159,159,1598,True,1.0,[159],50,0.0047452449798583984,0.000225067138671875,0.04776716232299805,True,0.04993486404418945,1.0,1.0,0.052515506744384766,1,1,0.1624600887298584,0.21857833862304688,top-1,822,False,50,0.35828447341918945,10.352535963058472,2.6141438484191895
single_158,single,stitch,arxiv,168,168,1683,True,1.0,[168],50,0.004510641098022461,0.00018095970153808594,0.0441286563873291,True,0.05196881294250488,1.0,1.0,0.055260658264160156,1,1,0.23169374465942383,0.28325462341308594,top-1,827,False,50,0.35828447341918945,10.352535963058472,2.6141438484191895
single_159,single,stitch,arxiv,144,144,1443,True,1.0,[144],38,0.004416227340698242,0.00016880035400390625,0.048447608947753906,True,0.048624515533447266,1.0,1.0,0.05176544189453125,1,1,0.1663675308227539,0.2240159511566162,top-1,831,False,50,0.35828447341918945,10.352535963058472,2.6141438484191895
single_160,single,stitch,arxiv,31,31,310,True,1.0,[31],50,0.004611015319824219,0.00017213821411132812,0.03883004188537598,True,0.04873967170715332,1.0,1.0,0.05146169662475586,1,1,0.1651606559753418,0.2220773696899414,top-1,872,False,50,0.35828447341918945,10.352535963058472,2.6141438484191895
single_161,single,stitch,arxiv,126,126,1260,True,1.0,[126],50,0.005695343017578125,0.0002658367156982422,0.05469655990600586,True,0.04689431190490723,1.0,1.0,0.04877829551696777,1,1,0.1593005657196045,0.2231895923614502,top-1,826,False,50,0.35828447341918945,10.352535963058472,2.6141438484191895
single_162,single,stitch,arxiv,174,174,1743,True,1.0,[174],50,0.004683494567871094,0.00019097328186035156,0.05523371696472168,True,0.06613039970397949,1.0,1.0,0.06995344161987305,1,1,0.18693089485168457,0.25179195404052734,top-1,872,False,50,0.35828447341918945,10.352535963058472,2.6141438484191895
single_163,single,stitch,arxiv,4,4,43,True,1.0,[4],50,0.009834527969360352,0.0002703666687011719,0.08391070365905762,True,0.06511235237121582,1.0,1.0,0.06962966918945312,1,1,0.19552826881408691,0.29654598236083984,top-1,851,False,50,0.35828447341918945,10.352535963058472,2.6141438484191895
single_164,single,stitch,arxiv,84,84,843,True,1.0,[84],50,0.004395961761474609,0.000270843505859375,0.039588212966918945,True,0.051134347915649414,1.0,1.0,0.05423474311828613,1,1,0.17327594757080078,0.22707819938659668,top-1,872,False,50,0.35828447341918945,10.352535963058472,2.6141438484191895
single_165,single,stitch,arxiv,100,100,1008,True,1.0,[100],50,0.004407167434692383,0.00017333030700683594,0.03841853141784668,True,0.0748295783996582,1.0,1.0,0.07858538627624512,1,1,0.21123003959655762,0.2623159885406494,top-1,872,False,50,0.35828447341918945,10.352535963058472,2.6141438484191895
single_166,single,stitch,arxiv,172,172,1723,True,1.0,[172],50,0.012044668197631836,0.00047206878662109375,0.07304787635803223,True,0.04998469352722168,1.0,1.0,0.052231550216674805,1,1,0.17191290855407715,0.26067471504211426,top-1,823,False,50,0.35828447341918945,10.352535963058472,2.6141438484191895
single_167,single,stitch,arxiv,185,185,1852,True,1.0,[185],50,0.004889011383056641,0.00024056434631347656,0.04208207130432129,True,0.04494047164916992,1.0,1.0,0.048624515533447266,1,1,0.1681807041168213,0.22443795204162598,top-1,846,False,50,0.35828447341918945,10.352535963058472,2.6141438484191895
single_168,single,stitch,arxiv,187,187,1874,True,1.0,[187],50,0.0049991607666015625,0.00025272369384765625,0.062110185623168945,True,0.04819846153259277,1.0,1.0,0.05080723762512207,1,1,0.1706256866455078,0.24039602279663086,top-1,872,False,50,0.35828447341918945,10.352535963058472,2.6141438484191895
single_169,single,stitch,arxiv,87,87,879,True,1.0,[87],50,0.011119604110717773,0.0004241466522216797,0.06137275695800781,True,0.0456690788269043,1.0,1.0,0.04839015007019043,1,1,0.1571340560913086,0.2331094741821289,top-1,822,False,50,0.35828447341918945,10.352535963058472,2.6141438484191895
single_170,single,stitch,arxiv,79,79,799,True,1.0,[79],50,0.007122039794921875,0.00020051002502441406,0.038396596908569336,True,0.06341433525085449,1.0,1.0,0.06687402725219727,1,1,0.18396973609924316,0.23421072959899902,top-1,870,False,50,0.35828447341918945,10.352535963058472,2.6141438484191895
single_171,single,stitch,arxiv,185,185,1850,True,1.0,[185],33,0.005148887634277344,0.00024580955505371094,0.04473471641540527,True,0.04664778709411621,1.0,1.0,0.04898667335510254,1,1,0.16487574577331543,0.22010111808776855,top-1,846,False,50,0.35828447341918945,10.352535963058472,2.6141438484191895
single_172,single,stitch,arxiv,88,88,883,True,1.0,[88],50,0.004319906234741211,0.00015854835510253906,0.043309688568115234,True,0.06188368797302246,1.0,1.0,0.06493854522705078,1,1,0.1989879608154297,0.250338077545166,top-1,826,False,50,0.35828447341918945,10.352535963058472,2.6141438484191895
single_173,single,stitch,arxiv,84,84,847,True,1.0,[84],28,0.008661985397338867,0.000324249267578125,0.05534839630126953,True,0.04575300216674805,1.0,1.0,0.04818081855773926,1,1,0.1594696044921875,0.22730731964111328,top-1,872,False,50,0.35828447341918945,10.352535963058472,2.6141438484191895
single_174,single,stitch,arxiv,164,164,1641,True,1.0,[164],50,0.00757145881652832,0.00026679039001464844,0.06738042831420898,True,0.04818248748779297,1.0,1.0,0.05187106132507324,1,1,0.1664409637451172,0.2450103759765625,top-1,822,False,50,0.35828447341918945,10.352535963058472,2.6141438484191895
single_175,single,stitch,arxiv,134,134,1348,True,1.0,[134],50,0.010003328323364258,0.0004680156707763672,0.09809589385986328,True,0.0460357666015625,1.0,1.0,0.049170494079589844,1,1,0.16089606285095215,0.2830021381378174,top-1,843,False,50,0.35828447341918945,10.352535963058472,2.6141438484191895
single_176,single,stitch,arxiv,50,50,503,True,1.0,[50],50,0.011091470718383789,0.00022983551025390625,0.0896768569946289,True,0.06568264961242676,1.0,1.0,0.06929445266723633,1,1,0.18314576148986816,0.2914855480194092,top-1,823,False,50,0.35828447341918945,10.352535963058472,2.6141438484191895
single_177,single,stitch,arxiv,35,35,358,True,1.0,[35],50,0.004603147506713867,0.0001628398895263672,0.040435075759887695,True,0.049301862716674805,1.0,1.0,0.05259513854980469,1,1,0.16669702529907227,0.26561760902404785,top-1,832,False,50,0.35828447341918945,10.352535963058472,2.6141438484191895
single_178,single,stitch,arxiv,80,80,808,True,1.0,[80],50,0.004755496978759766,0.0002079010009765625,0.04088258743286133,True,0.04884791374206543,1.0,1.0,0.05307793617248535,1,1,0.18587040901184082,0.26252031326293945,top-1,822,False,50,0.35828447341918945,10.352535963058472,2.6141438484191895
single_179,single,stitch,arxiv,33,33,335,True,1.0,[33],50,0.004765510559082031,0.0002181529998779297,0.041222333908081055,True,0.06885886192321777,1.0,1.0,0.07255792617797852,1,1,0.20933985710144043,0.270491361618042,top-1,872,False,50,0.35828447341918945,10.352535963058472,2.6141438484191895
single_180,single,stitch,arxiv,39,39,394,True,1.0,[39],50,0.004678249359130859,0.00020647048950195312,0.04180002212524414,True,0.07372879981994629,1.0,1.0,0.07767748832702637,1,1,0.1876997947692871,0.237076997756958,top-1,822,False,50,0.35828447341918945,10.352535963058472,2.6141438484191895
single_181,single,stitch,arxiv,142,142,1420,True,1.0,[142],50,0.0059549808502197266,0.0002295970916748047,0.0676727294921875,True,0.050591230392456055,1.0,1.0,0.05423140525817871,1,1,0.17275762557983398,0.25047779083251953,top-1,872,False,50,0.35828447341918945,10.352535963058472,2.6141438484191895
single_182,single,stitch,arxiv,115,115,1158,True,1.0,[115],50,0.004445552825927734,0.0002338886260986328,0.05667877197265625,True,0.04772186279296875,1.0,1.0,0.05060982704162598,1,1,0.16767406463623047,0.23491454124450684,top-1,862,False,50,0.35828447341918945,10.352535963058472,2.6141438484191895
single_183,single,stitch,arxiv,111,111,1111,True,1.0,[111],50,0.005025386810302734,0.00024962425231933594,0.0712897777557373,True,0.05872607231140137,1.0,1.0,0.061569929122924805,1,1,0.17457199096679688,0.25896573066711426,top-1,847,False,50,0.35828447341918945,10.352535963058472,2.6141438484191895
single_184,single,stitch,arxiv,187,187,1878,True,1.0,[187],33,0.004857778549194336,0.0002951622009277344,0.040474891662597656,True,0.04462122917175293,1.0,1.0,0.046265602111816406,1,1,0.1641535758972168,0.23422527313232422,top-1,872,False,50,0.35828447341918945,10.352535963058472,2.6141438484191895
single_185,single,stitch,arxiv,36,36,365,True,1.0,[36],50,0.004537343978881836,0.0001647472381591797,0.04271221160888672,True,0.05814766883850098,1.0,1.0,0.06046652793884277,1,1,0.17712187767028809,0.22754979133605957,top-1,870,False,50,0.35828447341918945,10.352535963058472,2.6141438484191895
single_186,single,stitch,arxiv,54,53,532,False,1.0,[54],50,0.008223295211791992,0.00017786026000976562,0.08063483238220215,True,0.5001966953277588,1.0,1.0,0.5124495029449463,1,1,1.2846488952636719,1.4619464874267578,top-5,4984,False,50,0.35828447341918945,10.352535963058472,2.6141438484191895
single_187,single,stitch,arxiv,70,70,701,True,1.0,[70],50,0.004590272903442383,0.0002853870391845703,0.05968642234802246,True,0.05975985527038574,1.0,1.0,0.06419134140014648,1,1,0.2012465000152588,0.2816159725189209,top-1,872,False,50,0.35828447341918945,10.352535963058472,2.6141438484191895
single_188,single,stitch,arxiv,194,194,1942,True,1.0,[194],50,0.0048716068267822266,0.0002529621124267578,0.04515647888183594,True,0.04789376258850098,1.0,1.0,0.05194830894470215,1,1,0.19105744361877441,0.2768404483795166,top-1,872,False,50,0.35828447341918945,10.352535963058472,2.6141438484191895
single_189,single,stitch,arxiv,193,193,1939,True,1.0,[193],50,0.00502324104309082,0.00024437904357910156,0.06130194664001465,True,0.05884742736816406,1.0,1.0,0.06334185600280762,1,1,0.18883228302001953,0.30459046363830566,top-1,856,False,50,0.35828447341918945,10.352535963058472,2.6141438484191895
single_190,single,stitch,arxiv,86,86,863,True,1.0,[86],50,0.004703521728515625,0.00036334991455078125,0.052884578704833984,True,0.05870842933654785,1.0,1.0,0.06288909912109375,1,1,0.2119300365447998,0.2752094268798828,top-1,862,False,50,0.35828447341918945,10.352535963058472,2.6141438484191895
single_191,single,stitch,arxiv,168,168,1683,True,1.0,[168],50,0.008245706558227539,0.0003247261047363281,0.07712244987487793,True,0.046079397201538086,1.0,1.0,0.046422719955444336,1,1,0.16391444206237793,0.2545661926269531,top-1,827,False,50,0.35828447341918945,10.352535963058472,2.6141438484191895
single_192,single,stitch,arxiv,29,29,293,True,1.0,[29],50,0.004389047622680664,0.00022292137145996094,0.04215526580810547,True,0.05610918998718262,1.0,1.0,0.06018638610839844,1,1,0.23666691780090332,0.31907200813293457,top-1,872,False,50,0.35828447341918945,10.352535963058472,2.6141438484191895
single_193,single,stitch,arxiv,173,173,1739,True,1.0,[173],50,0.01224517822265625,0.00042510032653808594,0.08547735214233398,True,0.04898786544799805,1.0,1.0,0.052220821380615234,1,1,0.18406033515930176,0.2867088317871094,top-1,822,False,50,0.35828447341918945,10.352535963058472,2.6141438484191895
single_194,single,stitch,arxiv,168,168,1680,True,1.0,[168],50,0.004845142364501953,0.00024080276489257812,0.04176187515258789,True,0.05260753631591797,1.0,1.0,0.05504608154296875,1,1,0.16654562950134277,0.21633529663085938,top-1,827,False,50,0.35828447341918945,10.352535963058472,2.6141438484191895
single_195,single,stitch,arxiv,22,22,227,True,1.0,[22],50,0.004753589630126953,0.0002722740173339844,0.04120898246765137,True,0.048043251037597656,1.0,1.0,0.05215048789978027,1,1,0.16786599159240723,0.24540972709655762,top-1,864,False,50,0.35828447341918945,10.352535963058472,2.6141438484191895
single_196,single,stitch,arxiv,49,49,491,True,1.0,[49],50,0.004773855209350586,0.00025153160095214844,0.050989627838134766,True,0.06608152389526367,1.0,1.0,0.06949520111083984,1,1,0.19333148002624512,0.25423502922058105,top-1,872,False,50,0.35828447341918945,10.352535963058472,2.6141438484191895
single_197,single,stitch,arxiv,148,148,1480,True,1.0,[148],50,0.004465818405151367,0.00016546249389648438,0.059655189514160156,True,0.0492405891418457,1.0,1.0,0.05252861976623535,1,1,0.16690373420715332,0.2343130111694336,top-1,850,False,50,0.35828447341918945,10.352535963058472,2.6141438484191895
single_198,single,stitch,arxiv,147,147,1470,True,1.0,[147],50,0.005688667297363281,0.00028896331787109375,0.09410572052001953,True,0.050652503967285156,0.98,1.0,0.05499744415283203,6,6,0.16944050788879395,0.27687644958496094,top-1,847,False,50,0.35828447341918945,10.352535963058472,2.6141438484191895
single_199,single,stitch,arxiv,5,3,34,False,1.0,[5],50,0.007546901702880859,0.0004153251647949219,0.0386350154876709,True,0.4412558078765869,1.0,1.0,0.4520716667175293,1,1,1.2545971870422363,1.3672163486480713,top-5,5066,False,50,0.35828447341918945,10.352535963058472,2.6141438484191895
single_200,single,stitch,arxiv,118,118,1180,True,1.0,[118],100,0.008823156356811523,0.0002231597900390625,0.06787109375,True,0.0519862174987793,1.0,1.0,0.05495309829711914,1,1,0.18634438514709473,0.26623106002807617,top-1,866,False,100,0.35828447341918945,10.352535963058472,2.6141438484191895
single_201,single,stitch,arxiv,82,82,828,True,1.0,[82],100,0.005074739456176758,0.0002799034118652344,0.0456233024597168,True,0.05323314666748047,1.0,1.0,0.056482791900634766,1,1,0.17649102210998535,0.2398395538330078,top-1,822,False,100,0.35828447341918945,10.352535963058472,2.6141438484191895
single_202,single,stitch,arxiv,182,182,1823,True,1.0,[182],100,0.005250453948974609,0.00024366378784179688,0.05301308631896973,True,0.06421804428100586,1.0,1.0,0.0675055980682373,1,1,0.1881392002105713,0.2499845027923584,top-1,832,False,100,0.35828447341918945,10.352535963058472,2.6141438484191895
single_203,single,stitch,arxiv,169,169,1694,True,1.0,[169],100,0.004960536956787109,0.0002541542053222656,0.04293704032897949,True,0.056050777435302734,1.0,1.0,0.05890250205993652,1,1,0.19283771514892578,0.25647640228271484,top-1,872,False,100,0.35828447341918945,10.352535963058472,2.6141438484191895
single_204,single,stitch,arxiv,137,137,1373,True,1.0,[137],86,0.004511117935180664,0.00024271011352539062,0.0414738655090332,True,0.05097794532775879,1.0,1.0,0.05468010902404785,1,1,0.21018195152282715,0.264711856842041,top-1,825,False,100,0.35828447341918945,10.352535963058472,2.6141438484191895
single_205,single,stitch,arxiv,9,9,99,True,1.0,[9],100,0.00492548942565918,0.0001761913299560547,0.05095386505126953,True,0.05738258361816406,1.0,1.0,0.061386823654174805,1,1,0.1953125,0.2552187442779541,top-1,840,False,100,0.35828447341918945,10.352535963058472,2.6141438484191895
single_206,single,stitch,arxiv,14,14,144,True,1.0,[14],100,0.006998777389526367,0.00035500526428222656,0.08740401268005371,True,0.07358312606811523,1.0,1.0,0.07859015464782715,1,1,0.2117767333984375,0.312274694442749,top-1,872,False,100,0.35828447341918945,10.352535963058472,2.6141438484191895
single_207,single,stitch,arxiv,199,199,1992,True,1.0,[199],100,0.005151987075805664,0.00036215782165527344,0.04373884201049805,True,0.05663609504699707,1.0,1.0,0.059211015701293945,1,1,0.18487858772277832,0.23714756965637207,top-1,872,False,100,0.35828447341918945,10.352535963058472,2.6141438484191895
single_208,single,stitch,arxiv,8,8,80,True,1.0,[8],100,0.008573293685913086,0.0002684593200683594,0.07687592506408691,True,0.06481480598449707,1.0,1.0,0.06814360618591309,1,1,0.19491982460021973,0.2861807346343994,top-1,872,False,100,0.35828447341918945,10.352535963058472,2.6141438484191895
single_209,single,stitch,arxiv,191,191,1916,True,1.0,[191],100,0.006862163543701172,0.00024366378784179688,0.05074429512023926,True,0.06536650657653809,1.0,1.0,0.0690150260925293,1,1,0.20261931419372559,0.2639150619506836,top-1,823,False,100,0.35828447341918945,10.352535963058472,2.6141438484191895
single_210,single,stitch,arxiv,16,16,162,True,1.0,[16],100,0.005031108856201172,0.0002110004425048828,0.04714369773864746,True,0.05069541931152344,1.0,1.0,0.053162336349487305,1,1,0.18080520629882812,0.23681855201721191,top-1,822,False,100,0.35828447341918945,10.352535963058472,2.6141438484191895
single_211,single,stitch,arxiv,124,124,1242,True,1.0,[124],100,0.004525899887084961,0.00021386146545410156,0.049338340759277344,True,0.051270246505737305,1.0,1.0,0.053540706634521484,1,1,0.19013738632202148,0.24743866920471191,top-1,856,False,100,0.35828447341918945,10.352535963058472,2.6141438484191895
single_212,single,stitch,arxiv,62,62,622,True,1.0,[62],100,0.005474090576171875,0.00018668174743652344,0.040633440017700195,True,0.06085324287414551,0.99,1.0,0.06412816047668457,2,2,0.19367098808288574,0.24718785285949707,top-1,870,False,100,0.35828447341918945,10.352535963058472,2.6141438484191895
single_213,single,stitch,arxiv,192,192,1924,True,1.0,[192],55,0.004769563674926758,0.0001697540283203125,0.04639410972595215,True,0.05248546600341797,1.0,1.0,0.055136919021606445,1,1,0.18164801597595215,0.23556208610534668,top-1,853,False,100,0.35828447341918945,10.352535963058472,2.6141438484191895
single_214,single,stitch,arxiv,194,194,1942,True,1.0,[194],100,0.0055544376373291016,0.000316619873046875,0.04485940933227539,True,0.05290699005126953,1.0,1.0,0.05635476112365723,1,1,0.19739031791687012,0.25768613815307617,top-1,872,False,100,0.35828447341918945,10.352535963058472,2.6141438484191895
single_215,single,stitch,arxiv,63,63,630,True,1.0,[63],100,0.006143331527709961,0.00021839141845703125,0.0527496337890625,True,0.0748598575592041,1.0,1.0,0.07891631126403809,1,1,0.22511911392211914,0.2982211112976074,top-1,822,False,100,0.35828447341918945,10.352535963058472,2.6141438484191895
single_216,single,stitch,arxiv,17,17,171,True,1.0,[17],100,0.004515171051025391,0.00018477439880371094,0.04366302490234375,True,0.052068233489990234,0.98,1.0,0.05453681945800781,2,2,0.17405486106872559,0.22643375396728516,top-1,824,False,100,0.35828447341918945,10.352535963058472,2.6141438484191895
single_217,single,stitch,arxiv,137,137,1374,True,1.0,[137],100,0.0073833465576171875,0.00032973289489746094,0.07294797897338867,True,0.06298184394836426,0.99,1.0,0.06577348709106445,2,2,0.20079922676086426,0.30646753311157227,top-1,825,False,100,0.35828447341918945,10.352535963058472,2.6141438484191895
single_218,single,stitch,arxiv,121,121,1217,True,1.0,[121],100,0.0055506229400634766,0.00033211708068847656,0.05398988723754883,True,0.06261563301086426,1.0,1.0,0.06797504425048828,1,1,0.2103748321533203,0.273484468460083,top-1,854,False,100,0.35828447341918945,10.352535963058472,2.6141438484191895
single_219,single,stitch,arxiv,16,16,162,True,1.0,[16],100,0.0049893856048583984,0.00024509429931640625,0.042053937911987305,True,0.05427861213684082,1.0,1.0,0.05837655067443848,1,1,0.2383742332458496,0.28879261016845703,top-1,822,False,100,0.35828447341918945,10.352535963058472,2.6141438484191895
single_220,single,stitch,arxiv,141,141,1413,True,1.0,[141],100,0.004634380340576172,0.0002238750457763672,0.04383492469787598,True,0.05015110969543457,1.0,1.0,0.052962303161621094,1,1,0.23395586013793945,0.28541135787963867,top-1,867,False,100,0.35828447341918945,10.352535963058472,2.6141438484191895
single_221,single,stitch,arxiv,52,52,527,True,1.0,[52],100,0.0045092105865478516,0.00017523765563964844,0.061217546463012695,True,0.05866265296936035,1.0,1.0,0.06077241897583008,1,1,0.19223880767822266,0.2625555992126465,top-1,823,False,100,0.35828447341918945,10.352535963058472,2.6141438484191895
single_222,single,stitch,arxiv,122,122,1229,True,1.0,[122],100,0.004446983337402344,0.00028896331787109375,0.04044151306152344,True,0.06290149688720703,1.0,1.0,0.06632328033447266,1,1,0.19069671630859375,0.23884010314941406,top-1,823,False,100,0.35828447341918945,10.352535963058472,2.6141438484191895
single_223,single,stitch,arxiv,58,58,582,True,1.0,[58],100,0.018816709518432617,0.0006182193756103516,0.05940437316894531,True,0.04735898971557617,1.0,1.0,0.05036020278930664,1,1,0.17032933235168457,0.2521054744720459,top-1,831,False,100,0.35828447341918945,10.352535963058472,2.6141438484191895
single_224,single,stitch,arxiv,46,46,461,True,1.0,[46],100,0.004767417907714844,0.00026798248291015625,0.05537843704223633,True,0.05443239212036133,1.0,1.0,0.05716061592102051,1,1,0.17621660232543945,0.24030208587646484,top-1,822,False,100,0.35828447341918945,10.352535963058472,2.6141438484191895
single_225,single,stitch,arxiv,29,29,292,True,1.0,[29],100,0.005246877670288086,0.0004863739013671875,0.04187417030334473,True,0.05269742012023926,1.0,1.0,0.05634570121765137,1,1,0.1858983039855957,0.23749613761901855,top-1,872,False,100,0.35828447341918945,10.352535963058472,2.6141438484191895
single_226,single,stitch,arxiv,78,78,784,True,1.0,[78],100,0.008925199508666992,0.0002865791320800781,0.09746456146240234,True,0.059747934341430664,0.99,1.0,0.06309223175048828,2,2,0.20414519309997559,0.3141443729400635,top-1,872,False,100,0.35828447341918945,10.352535963058472,2.6141438484191895
single_227,single,stitch,arxiv,13,13,134,True,1.0,[13],100,0.0075075626373291016,0.00044465065002441406,0.07787442207336426,True,0.08244013786315918,1.0,1.0,0.08742833137512207,1,1,0.2193300724029541,0.32212185859680176,top-1,822,False,100,0.35828447341918945,10.352535963058472,2.6141438484191895
single_228,single,stitch,arxiv,113,113,1132,True,1.0,[113],100,0.005177974700927734,0.0002751350402832031,0.049861907958984375,True,0.05011558532714844,1.0,1.0,0.053876638412475586,1,1,0.2381892204284668,0.3013882637023926,top-1,872,False,100,0.35828447341918945,10.352535963058472,2.6141438484191895
single_229,single,stitch,arxiv,83,83,837,True,1.0,[83],100,0.00500798225402832,0.00032448768615722656,0.05001091957092285,True,0.09635543823242188,1.0,1.0,0.10164570808410645,1,1,0.3156616687774658,0.4395749568939209,top-1,872,False,100,0.35828447341918945,10.352535963058472,2.6141438484191895
single_230,single,stitch,arxiv,133,133,1338,True,1.0,[133],60,0.005699872970581055,0.0003294944763183594,0.04910707473754883,True,0.05237102508544922,1.0,1.0,0.05532479286193848,1,1,0.17543601989746094,0.23355388641357422,top-1,872,False,100,0.35828447341918945,10.352535963058472,2.6141438484191895
single_231,single,stitch,arxiv,160,160,1601,True,1.0,[160],100,0.0046155452728271484,0.0002608299255371094,0.04660177230834961,True,0.05691647529602051,1.0,1.0,0.060965538024902344,1,1,0.20216989517211914,0.2573227882385254,top-1,862,False,100,0.35828447341918945,10.352535963058472,2.6141438484191895
single_232,single,stitch,arxiv,59,59,592,True,1.0,[59],100,0.004398822784423828,0.0002472400665283203,0.04043984413146973,True,0.05630302429199219,1.0,1.0,0.05924582481384277,1,1,0.1966562271118164,0.2449784278869629,top-1,822,False,100,0.35828447341918945,10.352535963058472,2.6141438484191895
single_233,single,stitch,arxiv,59,59,593,True,1.0,[59],100,0.0076863765716552734,0.00046181678771972656,0.04514789581298828,True,0.05675983428955078,1.0,1.0,0.06043219566345215,1,1,0.19085025787353516,0.25442981719970703,top-1,822,False,100,0.35828447341918945,10.352535963058472,2.6141438484191895
single_234,single,stitch,arxiv,56,56,564,True,1.0,[56],100,0.004829883575439453,0.00027370452880859375,0.04115128517150879,True,0.0651552677154541,1.0,1.0,0.06940245628356934,1,1,0.29451417922973633,0.3457932472229004,top-1,871,False,100,0.35828447341918945,10.352535963058472,2.6141438484191895
single_235,single,stitch,arxiv,70,70,701,True,1.0,[70],100,0.0047266483306884766,0.00017499923706054688,0.042299509048461914,True,0.06265068054199219,1.0,1.0,0.06665205955505371,1,1,0.21506857872009277,0.2781224250793457,top-1,872,False,100,0.35828447341918945,10.352535963058472,2.6141438484191895
single_236,single,stitch,arxiv,172,172,1723,True,1.0,[172],100,0.004738569259643555,0.00022745132446289062,0.04976606369018555,True,0.052427053451538086,1.0,1.0,0.055144548416137695,1,1,0.18027734756469727,0.23847341537475586,top-1,823,False,100,0.35828447341918945,10.352535963058472,2.6141438484191895
single_237,single,stitch,arxiv,27,27,274,True,1.0,[27],100,0.004704475402832031,0.00017690658569335938,0.042925119400024414,True,0.05834031105041504,1.0,1.0,0.0620579719543457,1,1,0.18123769760131836,0.23293209075927734,top-1,825,False,100,0.35828447341918945,10.352535963058472,2.6141438484191895
single_238,single,stitch,arxiv,161,161,1617,True,1.0,[161],100,0.004716396331787109,0.0001628398895263672,0.03938412666320801,True,0.04914999008178711,1.0,1.0,0.052410125732421875,1,1,0.23537158966064453,0.2902560234069824,top-1,834,False,100,0.35828447341918945,10.352535963058472,2.6141438484191895
single_239,single,stitch,arxiv,92,92,922,True,1.0,[92],100,0.00471949577331543,0.0001647472381591797,0.052741050720214844,True,0.0543668270111084,1.0,1.0,0.05757498741149902,1,1,0.18374180793762207,0.24532294273376465,top-1,872,False,100,0.35828447341918945,10.352535963058472,2.6141438484191895
single_240,single,stitch,arxiv,22,22,228,True,1.0,[22],100,0.012074470520019531,0.0010111331939697266,0.043016910552978516,True,0.0680854320526123,1.0,1.0,0.07150769233703613,1,1,0.19902467727661133,0.25890326499938965,top-1,864,False,100,0.35828447341918945,10.352535963058472,2.6141438484191895
single_241,single,stitch,arxiv,163,163,1633,True,1.0,[163],100,0.005373239517211914,0.00023317337036132812,0.04957389831542969,True,0.05770564079284668,1.0,1.0,0.06090593338012695,1,1,0.18182158470153809,0.24085760116577148,top-1,827,False,100,0.35828447341918945,10.352535963058472,2.6141438484191895
single_242,single,stitch,arxiv,37,37,378,True,1.0,[37],100,0.009687423706054688,0.00030922889709472656,0.06604456901550293,True,0.045159339904785156,1.0,1.0,0.0477294921875,1,1,0.22463321685791016,0.30368781089782715,top-1,830,False,100,0.35828447341918945,10.352535963058472,2.6141438484191895
single_243,single,stitch,arxiv,194,194,1942,True,1.0,[194],100,0.004649639129638672,0.0002415180206298828,0.039162635803222656,True,0.054198503494262695,0.99,1.0,0.056325435638427734,2,2,0.19090056419372559,0.25220227241516113,top-1,872,False,100,0.35828447341918945,10.352535963058472,2.6141438484191895
single_244,single,stitch,arxiv,95,95,952,True,1.0,[95],100,0.005457639694213867,0.0002148151397705078,0.04901933670043945,True,0.05886197090148926,1.0,1.0,0.0624690055847168,1,1,0.20018243789672852,0.26145458221435547,top-1,872,False,100,0.35828447341918945,10.352535963058472,2.6141438484191895
single_245,single,stitch,arxiv,28,28,285,True,1.0,[28],100,0.008131742477416992,0.0004749298095703125,0.0520327091217041,True,0.06865453720092773,0.99,1.0,0.07254433631896973,2,2,0.20441341400146484,0.27884602546691895,top-1,872,False,100,0.35828447341918945,10.352535963058472,2.6141438484191895
single_246,single,stitch,arxiv,53,53,532,True,1.0,[53],100,0.004796504974365234,0.00020885467529296875,0.03997468948364258,True,0.05021524429321289,1.0,1.0,0.053090572357177734,1,1,0.16912603378295898,0.21719837188720703,top-1,822,False,100,0.35828447341918945,10.352535963058472,2.6141438484191895
single_247,single,stitch,arxiv,35,35,358,True,1.0,[35],100,0.004872560501098633,0.00018596649169921875,0.042446136474609375,True,0.0719602108001709,1.0,1.0,0.07545852661132812,1,1,0.20706462860107422,0.2579805850982666,top-1,832,False,100,0.35828447341918945,10.352535963058472,2.6141438484191895
single_248,single,stitch,arxiv,62,62,622,True,1.0,[62],100,0.008906841278076172,0.0002536773681640625,0.0838632583618164,True,0.07579874992370605,0.99,1.0,0.07912063598632812,2,2,0.29801249504089355,0.3982100486755371,top-1,870,False,100,0.35828447341918945,10.352535963058472,2.6141438484191895
single_249,single,stitch,arxiv,129,129,1291,True,1.0,[129],100,0.004855632781982422,0.00027871131896972656,0.04025411605834961,True,0.07456851005554199,1.0,1.0,0.07930445671081543,1,1,0.20823121070861816,0.27358579635620117,top-1,872,False,100,0.35828447341918945,10.352535963058472,2.6141438484191895
single_250,single,stitch,arxiv,48,48,484,True,1.0,[48],100,0.0045239925384521484,0.00021147727966308594,0.04622030258178711,True,0.06178450584411621,1.0,1.0,0.06528997421264648,1,1,0.18851780891418457,0.24273681640625,top-1,824,False,100,0.35828447341918945,10.352535963058472,2.6141438484191895
single_251,single,stitch,arxiv,84,84,842,True,1.0,[84],100,0.0052890777587890625,0.0002396106719970703,0.04548931121826172,True,0.06327342987060547,1.0,1.0,0.0656888484954834,1,1,0.19477629661560059,0.24915766716003418,top-1,872,False,100,0.35828447341918945,10.352535963058472,2.6141438484191895
single_252,single,stitch,arxiv,42,42,423,True,1.0,[42],100,0.004483222961425781,0.00017690658569335938,0.045831918716430664,True,0.04726529121398926,1.0,1.0,0.04944753646850586,1,1,0.1669478416442871,0.2204875946044922,top-1,822,False,100,0.35828447341918945,10.352535963058472,2.6141438484191895
single_253,single,stitch,arxiv,122,122,1222,True,1.0,[122],100,0.007695436477661133,0.00030922889709472656,0.06700348854064941,True,0.05278801918029785,0.98,1.0,0.05520200729370117,2,2,0.23706507682800293,0.33121752738952637,top-1,823,False,100,0.35828447341918945,10.352535963058472,2.6141438484191895
single_254,single,stitch,arxiv,36,36,360,True,1.0,[36],61,0.005910396575927734,0.0003478527069091797,0.04016828536987305,True,0.05050039291381836,1.0,1.0,0.05266737937927246,1,1,0.1700270175933838,0.2221086025238037,top-1,870,False,100,0.35828447341918945,10.352535963058472,2.6141438484191895
single_255,single,stitch,arxiv,26,26,264,True,1.0,[26],100,0.004908561706542969,0.00027441978454589844,0.04629015922546387,True,0.04381847381591797,1.0,1.0,0.0461728572845459,1,1,0.16548776626586914,0.2202310562133789,top-1,825,False,100,0.35828447341918945,10.352535963058472,2.6141438484191895
single_256,single,stitch,arxiv,116,116,1164,True,1.0,[116],100,0.005099058151245117,0.00017118453979492188,0.04033088684082031,True,0.04957699775695801,1.0,1.0,0.052826881408691406,1,1,0.17231202125549316,0.22114109992980957,top-1,825,False,100,0.35828447341918945,10.352535963058472,2.6141438484191895
single_257,single,stitch,arxiv,79,79,799,True,1.0,[79],100,0.00469517707824707,0.00018143653869628906,0.04151105880737305,True,0.06712460517883301,1.0,1.0,0.07115817070007324,1,1,0.22743940353393555,0.2803010940551758,top-1,870,False,100,0.35828447341918945,10.352535963058472,2.6141438484191895
single_258,single,stitch,arxiv,30,30,306,True,1.0,[30],100,0.004622220993041992,0.0001614093780517578,0.056281328201293945,True,0.06472945213317871,1.0,1.0,0.06915640830993652,1,1,0.23994803428649902,0.31008386611938477,top-1,872,False,100,0.35828447341918945,10.352535963058472,2.6141438484191895
single_259,single,stitch,arxiv,13,13,134,True,1.0,[13],100,0.0049991607666015625,0.00020623207092285156,0.0456242561340332,True,0.06313753128051758,1.0,1.0,0.06723713874816895,1,1,0.19542908668518066,0.2510190010070801,top-1,822,False,100,0.35828447341918945,10.352535963058472,2.6141438484191895
single_260,single,stitch,arxiv,92,92,922,True,1.0,[92],100,0.008296489715576172,0.00030159950256347656,0.07677412033081055,True,0.060079097747802734,1.0,1.0,0.06350517272949219,1,1,0.23439884185791016,0.3261418342590332,top-1,872,False,100,0.35828447341918945,10.352535963058472,2.6141438484191895
single_261,single,stitch,arxiv,47,47,472,True,1.0,[47],100,0.006851911544799805,0.00034499168395996094,0.0783224105834961,True,0.055956363677978516,0.99,1.0,0.0597078800201416,2,2,0.19902777671813965,0.29799723625183105,top-1,830,False,100,0.35828447341918945,10.352535963058472,2.6141438484191895
single_262,single,stitch,arxiv,132,132,1323,True,1.0,[132],100,0.010529756546020508,0.00034689903259277344,0.057291269302368164,True,0.05177903175354004,1.0,1.0,0.05486488342285156,1,1,0.19412589073181152,0.2665233612060547,top-1,872,False,100,0.35828447341918945,10.352535963058472,2.6141438484191895
single_263,single,stitch,arxiv,59,59,590,True,1.0,[59],100,0.004542112350463867,0.0002124309539794922,0.0446627140045166,True,0.04869508743286133,0.99,1.0,0.052114248275756836,2,2,0.18210482597351074,0.23581457138061523,top-1,822,False,100,0.35828447341918945,10.352535963058472,2.6141438484191895
single_264,single,stitch,arxiv,120,120,1207,True,1.0,[120],100,0.0053081512451171875,0.0002028942108154297,0.03970479965209961,True,0.054299354553222656,1.0,1.0,0.05886244773864746,1,1,0.1940937042236328,0.2433614730834961,top-1,872,False,100,0.35828447341918945,10.352535963058472,2.6141438484191895
single_265,single,stitch,arxiv,86,86,863,True,1.0,[86],100,0.00479435920715332,0.0001862049102783203,0.039101362228393555,True,0.07181000709533691,1.0,1.0,0.07682919502258301,1,1,0.20563459396362305,0.25647974014282227,top-1,862,False,100,0.35828447341918945,10.352535963058472,2.6141438484191895
single_266,single,stitch,arxiv,46,46,461,True,1.0,[46],100,0.00460052490234375,0.0004165172576904297,0.06063222885131836,True,0.058562278747558594,1.0,1.0,0.061638832092285156,1,1,0.17953705787658691,0.2481822967529297,top-1,822,False,100,0.35828447341918945,10.352535963058472,2.6141438484191895
single_267,single,stitch,arxiv,149,149,1493,True,1.0,[149],100,0.004647493362426758,0.0002155303955078125,0.04268360137939453,True,0.04749870300292969,1.0,1.0,0.04955101013183594,1,1,0.16779661178588867,0.21778392791748047,top-1,823,False,100,0.35828447341918945,10.352535963058472,2.6141438484191895
single_268,single,stitch,arxiv,16,16,162,True,1.0,[16],100,0.0067746639251708984,0.0002675056457519531,0.06416010856628418,True,0.05031633377075195,1.0,1.0,0.05343365669250488,1,1,0.17823457717895508,0.25365376472473145,top-1,822,False,100,0.35828447341918945,10.352535963058472,2.6141438484191895
single_269,single,stitch,arxiv,130,130,1304,True,1.0,[130],77,0.005497455596923828,0.0002052783966064453,0.044794559478759766,True,0.0480649471282959,0.974025974025974,1.0,0.0511014461517334,2,2,0.18748903274536133,0.24731063842773438,top-1,823,False,100,0.35828447341918945,10.352535963058472,2.6141438484191895
single_270,single,stitch,arxiv,119,119,1196,True,1.0,[119],100,0.005055665969848633,0.0002238750457763672,0.04186105728149414,True,0.04512810707092285,1.0,1.0,0.04766416549682617,1,1,0.19380879402160645,0.2505815029144287,top-1,855,False,100,0.35828447341918945,10.352535963058472,2.6141438484191895
single_271,single,stitch,arxiv,159,159,1593,True,1.0,[159],100,0.005856513977050781,0.0003285408020019531,0.049689292907714844,True,0.05499529838562012,0.98,1.0,0.05804610252380371,4,4,0.179457426071167,0.24267005920410156,top-1,822,False,100,0.35828447341918945,10.352535963058472,2.6141438484191895
single_272,single,stitch,arxiv,62,62,622,True,1.0,[62],100,0.004565715789794922,0.00023508071899414062,0.04243922233581543,True,0.07186388969421387,0.99,1.0,0.07527709007263184,2,2,0.20165324211120605,0.2589116096496582,top-1,870,False,100,0.35828447341918945,10.352535963058472,2.6141438484191895
single_273,single,stitch,arxiv,28,28,285,True,1.0,[28],100,0.009538650512695312,0.0009758472442626953,0.07681083679199219,True,0.06415510177612305,0.99,1.0,0.068756103515625,2,2,0.26529884338378906,0.3772735595703125,top-1,872,False,100,0.35828447341918945,10.352535963058472,2.6141438484191895
single_274,single,stitch,arxiv,70,70,701,True,1.0,[70],100,0.004378318786621094,0.0002219676971435547,0.04205656051635742,True,0.07106375694274902,1.0,1.0,0.07390332221984863,1,1,0.19974970817565918,0.27796411514282227,top-1,872,False,100,0.35828447341918945,10.352535963058472,2.6141438484191895
single_275,single,stitch,arxiv,86,86,863,True,1.0,[86],100,0.0045282840728759766,0.00020599365234375,0.04546213150024414,True,0.0625300407409668,1.0,1.0,0.06688070297241211,1,1,0.2055351734161377,0.2601344585418701,top-1,862,False,100,0.35828447341918945,10.352535963058472,2.6141438484191895
single_276,single,stitch,arxiv,55,55,554,True,1.0,[55],100,0.0057528018951416016,0.00022673606872558594,0.05905938148498535,True,0.04920530319213867,1.0,1.0,0.05192828178405762,1,1,0.17339301109313965,0.24228215217590332,top-1,822,False,100,0.35828447341918945,10.352535963058472,2.6141438484191895
single_277,single,stitch,arxiv,61,61,613,True,1.0,[61],100,0.008603811264038086,0.00039196014404296875,0.07419562339782715,True,0.07232952117919922,1.0,1.0,0.07593560218811035,1,1,0.23767733573913574,0.328108549118042,top-1,872,False,100,0.35828447341918945,10.352535963058472,2.6141438484191895
single_278,single,stitch,arxiv,160,160,1601,True,1.0,[160],100,0.005559682846069336,0.0002269744873046875,0.040084123611450195,True,0.0571599006652832,1.0,1.0,0.06061553955078125,1,1,0.21653318405151367,0.26606011390686035,top-1,862,False,100,0.35828447341918945,10.352535963058472,2.6141438484191895
single_279,single,stitch,arxiv,7,7,75,True,1.0,[7],100,0.00982356071472168,0.0005490779876708984,0.0863955020904541,True,0.0526432991027832,1.0,1.0,0.05632972717285156,1,1,0.17685794830322266,0.2778148651123047,top-1,823,False,100,0.35828447341918945,10.352535963058472,2.6141438484191895
single_280,single,stitch,arxiv,174,174,1741,True,1.0,[174],100,0.005034446716308594,0.00028586387634277344,0.04241681098937988,True,0.0720820426940918,1.0,1.0,0.07681870460510254,1,1,0.2090299129486084,0.26052117347717285,top-1,872,False,100,0.35828447341918945,10.352535963058472,2.6141438484191895
single_281,single,stitch,arxiv,95,95,952,True,1.0,[95],100,0.00491642951965332,0.00024056434631347656,0.04085874557495117,True,0.05828261375427246,1.0,1.0,0.0630943775177002,1,1,0.22776222229003906,0.277327299118042,top-1,872,False,100,0.35828447341918945,10.352535963058472,2.6141438484191895
single_282,single,stitch,arxiv,80,80,808,True,1.0,[80],100,0.010691642761230469,0.00035834312438964844,0.06559324264526367,True,0.05192446708679199,0.98,1.0,0.05477094650268555,2,2,0.19001483917236328,0.27520012855529785,top-1,822,False,100,0.35828447341918945,10.352535963058472,2.6141438484191895
single_283,single,stitch,arxiv,54,54,540,True,1.0,[54],100,0.00456690788269043,0.0002243518829345703,0.04674720764160156,True,0.09003734588623047,1.0,1.0,0.09493350982666016,1,1,0.25919055938720703,0.3174469470977783,top-1,872,False,100,0.35828447341918945,10.352535963058472,2.6141438484191895
single_284,single,stitch,arxiv,32,32,323,True,1.0,[32],100,0.004765748977661133,0.0003342628479003906,0.03886890411376953,True,0.04604792594909668,1.0,1.0,0.05418539047241211,1,1,0.1766347885131836,0.22312355041503906,top-1,822,False,100,0.35828447341918945,10.352535963058472,2.6141438484191895
single_285,single,stitch,arxiv,19,19,198,True,1.0,[19],81,0.007974863052368164,0.00028324127197265625,0.07596516609191895,True,0.06351757049560547,1.0,1.0,0.06697964668273926,1,1,0.26771116256713867,0.3579225540161133,top-1,872,False,100,0.35828447341918945,10.352535963058472,2.6141438484191895
single_286,single,stitch,arxiv,177,177,1777,True,1.0,[177],100,0.004947662353515625,0.0002186298370361328,0.041480064392089844,True,0.05773162841796875,1.0,1.0,0.06126809120178223,1,1,0.24063754081726074,0.2954545021057129,top-1,822,False,100,0.35828447341918945,10.352535963058472,2.6141438484191895
single_287,single,stitch,arxiv,86,86,863,True,1.0,[86],100,0.004637002944946289,0.00018310546875,0.04012656211853027,True,0.06390237808227539,1.0,1.0,0.06786441802978516,1,1,0.2053375244140625,0.26085948944091797,top-1,862,False,100,0.35828447341918945,10.352535963058472,2.6141438484191895
single_288,single,stitch,arxiv,23,23,236,True,1.0,[23],100,0.004605531692504883,0.00018310546875,0.03975105285644531,True,0.07111740112304688,1.0,1.0,0.07544445991516113,1,1,0.20806312561035156,0.25742077827453613,top-1,872,False,100,0.35828447341918945,10.352535963058472,2.6141438484191895
single_289,single,stitch,arxiv,193,193,1939,True,1.0,[193],100,0.004639625549316406,0.00023651123046875,0.03984880447387695,True,0.05199170112609863,1.0,1.0,0.05497121810913086,1,1,0.23560357093811035,0.28398633003234863,top-1,856,False,100,0.35828447341918945,10.352535963058472,2.6141438484191895
single_290,single,stitch,arxiv,87,87,878,True,1.0,[87],83,0.00856161117553711,0.0002493858337402344,0.07023382186889648,True,0.04417252540588379,1.0,1.0,0.04641151428222656,1,1,0.16194534301757812,0.24749994277954102,top-1,822,False,100,0.35828447341918945,10.352535963058472,2.6141438484191895
single_291,single,stitch,arxiv,78,78,784,True,1.0,[78],100,0.007714748382568359,0.0003459453582763672,0.04049825668334961,True,0.04974365234375,0.99,1.0,0.052814483642578125,2,2,0.1786820888519287,0.23064446449279785,top-1,872,False,100,0.35828447341918945,10.352535963058472,2.6141438484191895
single_292,single,stitch,arxiv,17,17,171,True,1.0,[17],100,0.005154132843017578,0.00016999244689941406,0.039611101150512695,True,0.05481100082397461,0.98,1.0,0.05746889114379883,2,2,0.18382811546325684,0.23126578330993652,top-1,824,False,100,0.35828447341918945,10.352535963058472,2.6141438484191895
single_293,single,stitch,arxiv,179,179,1799,True,1.0,[179],100,0.009031534194946289,0.0003414154052734375,0.05922508239746094,True,0.04638266563415527,1.0,1.0,0.04938554763793945,1,1,0.17853212356567383,0.24999165534973145,top-1,854,False,100,0.35828447341918945,10.352535963058472,2.6141438484191895
single_294,single,stitch,arxiv,23,23,236,True,1.0,[23],100,0.00466465950012207,0.00016760826110839844,0.04084324836730957,True,0.07366728782653809,1.0,1.0,0.07898068428039551,1,1,0.20833659172058105,0.25985050201416016,top-1,872,False,100,0.35828447341918945,10.352535963058472,2.6141438484191895
single_295,single,stitch,arxiv,121,121,1218,True,1.0,[121],100,0.0055866241455078125,0.00022983551025390625,0.04554605484008789,True,0.050515174865722656,1.0,1.0,0.053441524505615234,1,1,0.2436680793762207,0.3147616386413574,top-1,854,False,100,0.35828447341918945,10.352535963058472,2.6141438484191895
single_296,single,stitch,arxiv,76,76,764,True,1.0,[76],100,0.0043315887451171875,0.00024819374084472656,0.039136648178100586,True,0.05544781684875488,1.0,1.0,0.05975627899169922,1,1,0.18460869789123535,0.24129772186279297,top-1,823,False,100,0.35828447341918945,10.352535963058472,2.6141438484191895
single_297,single,stitch,arxiv,89,89,892,True,1.0,[89],100,0.004858970642089844,0.00016164779663085938,0.04038810729980469,True,0.062104225158691406,1.0,1.0,0.06537079811096191,1,1,0.1902141571044922,0.24450922012329102,top-1,829,False,100,0.35828447341918945,10.352535963058472,2.6141438484191895
single_298,single,stitch,arxiv,35,35,358,True,1.0,[35],100,0.007304191589355469,0.00019216537475585938,0.06736135482788086,True,0.06218314170837402,1.0,1.0,0.06604456901550293,1,1,0.18962359428405762,0.2698044776916504,top-1,832,False,100,0.35828447341918945,10.352535963058472,2.6141438484191895
single_299,single,stitch,arxiv,162,162,1622,True,1.0,[162],100,0.005067348480224609,0.0003108978271484375,0.04350733757019043,True,0.051924943923950195,1.0,1.0,0.054189205169677734,1,1,0.18882441520690918,0.26328372955322266,top-1,855,False,100,0.35828447341918945,10.352535963058472,2.6141438484191895
multi_fine_300,multi_fine,stitch,arxiv,155,155,1550,True,1.0,[155],17,0.005794525146484375,0.0002033710479736328,0.054343461990356445,True,0.06332564353942871,1.0,1.0,0.06696677207946777,1,1,0.1964561939239502,0.25960493087768555,top-1,822,False,20,0.35828447341918945,10.352535963058472,2.6141438484191895
multi_fine_301,multi_fine,stitch,arxiv,21,21,213,True,1.0,[21],19,0.006805419921875,0.0002474784851074219,0.09199666976928711,True,0.056339263916015625,1.0,1.0,0.060101985931396484,1,1,0.21842145919799805,0.3210933208465576,top-1,823,False,20,0.35828447341918945,10.352535963058472,2.6141438484191895
multi_fine_302,multi_fine,stitch,arxiv,178,178,1782,True,1.0,[178],20,0.0054972171783447266,0.0002117156982421875,0.05126643180847168,True,0.04289436340332031,1.0,1.0,0.045351505279541016,1,1,0.15271735191345215,0.21245813369750977,top-1,836,False,20,0.35828447341918945,10.352535963058472,2.6141438484191895
multi_fine_303,multi_fine,stitch,arxiv,86,86,868,True,1.0,[86],20,0.004631757736206055,0.00022077560424804688,0.03912234306335449,True,0.06879615783691406,1.0,1.0,0.07232546806335449,1,1,0.18413996696472168,0.23247790336608887,top-1,862,False,20,0.35828447341918945,10.352535963058472,2.6141438484191895
multi_fine_304,multi_fine,stitch,arxiv,112,112,1128,True,1.0,[112],20,0.0048449039459228516,0.00017118453979492188,0.040087223052978516,True,0.04849600791931152,1.0,1.0,0.05044388771057129,1,1,0.1627657413482666,0.22315430641174316,top-1,872,False,20,0.35828447341918945,10.352535963058472,2.6141438484191895
multi_fine_305,multi_fine,stitch,arxiv,67,67,670,True,1.0,[67],18,0.0056760311126708984,0.00020384788513183594,0.04156160354614258,True,0.04605889320373535,1.0,1.0,0.04907083511352539,1,1,0.15708661079406738,0.20986342430114746,top-1,823,False,20,0.35828447341918945,10.352535963058472,2.6141438484191895
multi_fine_306,multi_fine,stitch,arxiv,47,47,472,True,1.0,[47],18,0.0054514408111572266,0.00019931793212890625,0.04573464393615723,True,0.045691490173339844,0.9444444444444444,1.0,0.04834103584289551,2,2,0.1756300926208496,0.23138070106506348,top-1,830,False,20,0.35828447341918945,10.352535963058472,2.6141438484191895
multi_fine_307,multi_fine,stitch,arxiv,126,126,1263,True,1.0,[126],12,0.005053281784057617,0.00032067298889160156,0.04277205467224121,True,0.04588007926940918,1.0,1.0,0.04879283905029297,1,1,0.15294408798217773,0.21588420867919922,top-1,826,False,20,0.35828447341918945,10.352535963058472,2.6141438484191895
multi_fine_308,multi_fine,stitch,arxiv,118,118,1188,True,1.0,[118],16,0.008620023727416992,0.00036263465881347656,0.08241653442382812,True,0.045691728591918945,1.0,1.0,0.048082590103149414,1,1,0.15562129020690918,0.2641439437866211,top-1,866,False,20,0.35828447341918945,10.352535963058472,2.6141438484191895
multi_fine_309,multi_fine,stitch,arxiv,70,70,709,True,1.0,[70],11,0.011037588119506836,0.010898113250732422,0.04086875915527344,True,0.05058026313781738,1.0,1.0,0.052908897399902344,1,1,0.16667437553405762,0.23437881469726562,top-1,872,False,20,0.35828447341918945,10.352535963058472,2.6141438484191895
multi_fine_310,multi_fine,stitch,arxiv,21,21,211,True,1.0,[21],20,0.004484891891479492,0.0003597736358642578,0.04007577896118164,True,0.06564617156982422,1.0,1.0,0.06780195236206055,1,1,0.17386960983276367,0.2289409637451172,top-1,823,False,20,0.35828447341918945,10.352535963058472,2.6141438484191895
multi_fine_311,multi_fine,stitch,arxiv,163,170,1707,False,1.0,[163],20,0.005916118621826172,0.000274658203125,0.0452272891998291,True,0.38301753997802734,1.0,1.0,0.39426350593566895,1,1,1.1365203857421875,1.2063312530517578,top-5,4947,False,20,0.35828447341918945,10.352535963058472,2.6141438484191895
multi_fine_312,multi_fine,stitch,arxiv,9,9,90,True,1.0,[9],20,0.005859375,0.00022554397583007812,0.04142880439758301,True,0.0525355339050293,1.0,1.0,0.05594968795776367,1,1,0.17474150657653809,0.23502135276794434,top-1,840,False,20,0.35828447341918945,10.352535963058472,2.6141438484191895
multi_fine_313,multi_fine,stitch,arxiv,73,73,736,True,1.0,[73],18,0.004608154296875,0.0001595020294189453,0.05697131156921387,True,0.0633847713470459,1.0,1.0,0.06715106964111328,1,1,0.18293142318725586,0.25002598762512207,top-1,872,False,20,0.35828447341918945,10.352535963058472,2.6141438484191895
multi_fine_314,multi_fine,stitch,arxiv,59,59,596,True,1.0,[59],20,0.004848957061767578,0.0002269744873046875,0.04154849052429199,True,0.04286909103393555,1.0,1.0,0.044982194900512695,1,1,0.14902496337890625,0.19869136810302734,top-1,822,False,20,0.35828447341918945,10.352535963058472,2.6141438484191895
multi_fine_315,multi_fine,stitch,arxiv,119,119,1190,True,1.0,[119],20,0.0052030086517333984,0.00016927719116210938,0.04053163528442383,True,0.04636669158935547,1.0,1.0,0.04900670051574707,1,1,0.20786714553833008,0.2564365863800049,top-1,855,False,20,0.35828447341918945,10.352535963058472,2.6141438484191895
multi_fine_316,multi_fine,stitch,arxiv,142,142,1423,True,1.0,[142],18,0.0044629573822021484,0.0002503395080566406,0.041367292404174805,True,0.04977679252624512,1.0,1.0,0.052979469299316406,1,1,0.16451740264892578,0.21336698532104492,top-1,872,False,20,0.35828447341918945,10.352535963058472,2.6141438484191895
multi_fine_317,multi_fine,stitch,arxiv,169,169,1690,True,1.0,[169],18,0.004679441452026367,0.00022411346435546875,0.03938722610473633,True,0.05236077308654785,1.0,1.0,0.05714058876037598,1,1,0.16651320457458496,0.21698665618896484,top-1,872,False,20,0.35828447341918945,10.352535963058472,2.6141438484191895
multi_fine_318,multi_fine,stitch,arxiv,57,57,579,True,1.0,[57],20,0.004933595657348633,0.00019812583923339844,0.04719376564025879,True,0.053169965744018555,1.0,1.0,0.05605912208557129,1,1,0.22070097923278809,0.278425931930542,top-1,871,False,20,0.35828447341918945,10.352535963058472,2.6141438484191895
multi_fine_319,multi_fine,stitch,arxiv,98,98,984,True,1.0,[98],18,0.0063571929931640625,0.00029540061950683594,0.07123255729675293,True,0.07732105255126953,1.0,1.0,0.08207488059997559,1,1,0.20140933990478516,0.2929043769836426,top-1,872,False,20,0.35828447341918945,10.352535963058472,2.6141438484191895
multi_fine_320,multi_fine,stitch,arxiv,97,97,976,True,1.0,[97],18,0.006272077560424805,0.000213623046875,0.048727989196777344,True,0.08209800720214844,1.0,1.0,0.08524918556213379,1,1,0.25407910346984863,0.3183629512786865,top-1,872,False,20,0.35828447341918945,10.352535963058472,2.6141438484191895
multi_fine_321,multi_fine,stitch,arxiv,193,193,1932,True,1.0,[193],16,0.006265163421630859,0.0001952648162841797,0.04812932014465332,True,0.05266737937927246,1.0,1.0,0.056292057037353516,1,1,0.16350746154785156,0.22342395782470703,top-1,856,False,20,0.35828447341918945,10.352535963058472,2.6141438484191895
multi_fine_322,multi_fine,stitch,arxiv,160,160,1605,True,1.0,[160],20,0.006368160247802734,0.00031685829162597656,0.04732322692871094,True,0.05274510383605957,1.0,1.0,0.05667686462402344,1,1,0.17511820793151855,0.26944541931152344,top-1,862,False,20,0.35828447341918945,10.352535963058472,2.6141438484191895
multi_fine_323,multi_fine,stitch,arxiv,20,20,209,True,1.0,[20],17,0.0052301883697509766,0.00025391578674316406,0.07179713249206543,True,0.0507509708404541,1.0,1.0,0.054137229919433594,1,1,0.15873932838439941,0.24823570251464844,top-1,822,False,20,0.35828447341918945,10.352535963058472,2.6141438484191895
multi_fine_324,multi_fine,stitch,arxiv,123,123,1231,True,1.0,[123],20,0.00753021240234375,0.0002608299255371094,0.05811572074890137,True,0.04998326301574707,1.0,1.0,0.052947282791137695,1,1,0.23049139976501465,0.3032233715057373,top-1,869,False,20,0.35828447341918945,10.352535963058472,2.6141438484191895
multi_fine_325,multi_fine,stitch,arxiv,119,119,1196,True,1.0,[119],15,0.004971504211425781,0.0002460479736328125,0.041973114013671875,True,0.05430722236633301,1.0,1.0,0.057320356369018555,1,1,0.18788719177246094,0.26092958450317383,top-1,855,False,20,0.35828447341918945,10.352535963058472,2.6141438484191895
multi_fine_326,multi_fine,stitch,arxiv,63,63,636,True,1.0,[63],19,0.004819393157958984,0.00025653839111328125,0.04138374328613281,True,0.054746150970458984,1.0,1.0,0.058380126953125,1,1,0.16710925102233887,0.21803641319274902,top-1,822,False,20,0.35828447341918945,10.352535963058472,2.6141438484191895
multi_fine_327,multi_fine,stitch,arxiv,157,157,1578,True,1.0,[157],20,0.006960630416870117,0.00025272369384765625,0.04598259925842285,True,0.046655893325805664,1.0,1.0,0.049234628677368164,1,1,0.15697646141052246,0.21253609657287598,top-1,837,False,20,0.35828447341918945,10.352535963058472,2.6141438484191895
multi_fine_328,multi_fine,stitch,arxiv,38,38,387,True,1.0,[38],20,0.004430532455444336,0.00020265579223632812,0.04189705848693848,True,0.058768510818481445,1.0,1.0,0.06100201606750488,1,1,0.17067551612854004,0.22094225883483887,top-1,872,False,20,0.35828447341918945,10.352535963058472,2.6141438484191895
multi_fine_329,multi_fine,stitch,arxiv,79,79,790,True,1.0,[79],20,0.005190134048461914,0.0002930164337158203,0.04527711868286133,True,0.05670762062072754,1.0,1.0,0.06092357635498047,1,1,0.1793382167816162,0.23503446578979492,top-1,870,False,20,0.35828447341918945,10.352535963058472,2.6141438484191895
multi_fine_330,multi_fine,stitch,arxiv,154,154,1541,True,1.0,[154],20,0.004496335983276367,0.0002300739288330078,0.0572202205657959,True,0.05472898483276367,1.0,1.0,0.05811262130737305,1,1,0.16959571838378906,0.2365703582763672,top-1,872,False,20,0.35828447341918945,10.352535963058472,2.6141438484191895
multi_fine_331,multi_fine,stitch,arxiv,76,76,769,True,1.0,[76],20,0.00828409194946289,0.00035119056701660156,0.07272124290466309,True,0.05160808563232422,1.0,1.0,0.055254220962524414,1,1,0.16184759140014648,0.24725651741027832,top-1,823,False,20,0.35828447341918945,10.352535963058472,2.6141438484191895
multi_fine_332,multi_fine,stitch,arxiv,172,172,1721,True,1.0,[172],14,0.008866548538208008,0.0003139972686767578,0.053237199783325195,True,0.06387758255004883,1.0,1.0,0.06737685203552246,1,1,0.1744999885559082,0.24662113189697266,top-1,823,False,20,0.35828447341918945,10.352535963058472,2.6141438484191895
multi_fine_333,multi_fine,stitch,arxiv,198,198,1985,True,1.0,[198],15,0.004533529281616211,0.00019693374633789062,0.039057254791259766,True,0.05476522445678711,1.0,1.0,0.05729103088378906,1,1,0.16549277305603027,0.22797036170959473,top-1,844,False,20,0.35828447341918945,10.352535963058472,2.6141438484191895
multi_fine_334,multi_fine,stitch,arxiv,66,66,667,True,1.0,[66],20,0.0044100284576416016,0.00020432472229003906,0.044283151626586914,True,0.06913042068481445,1.0,1.0,0.07343363761901855,1,1,0.24564385414123535,0.30026817321777344,top-1,872,False,20,0.35828447341918945,10.352535963058472,2.6141438484191895
multi_fine_335,multi_fine,stitch,arxiv,109,182,1829,False,1.0,[109],15,0.0052487850189208984,0.00025153160095214844,0.041626930236816406,True,0.3558659553527832,1.0,1.0,0.36391472816467285,1,1,1.1146352291107178,1.2225396633148193,top-5,5017,False,20,0.35828447341918945,10.352535963058472,2.6141438484191895
multi_fine_336,multi_fine,stitch,arxiv,147,147,1475,True,1.0,[147],12,0.004599809646606445,0.0002636909484863281,0.04382634162902832,True,0.05650925636291504,1.0,1.0,0.05980205535888672,1,1,0.1956653594970703,0.24913311004638672,top-1,847,False,20,0.35828447341918945,10.352535963058472,2.6141438484191895
multi_fine_337,multi_fine,stitch,arxiv,83,83,837,True,1.0,[83],16,0.004953861236572266,0.0002727508544921875,0.038626909255981445,True,0.07588696479797363,1.0,1.0,0.07973766326904297,1,1,0.20223212242126465,0.2583305835723877,top-1,872,False,20,0.35828447341918945,10.352535963058472,2.6141438484191895
multi_fine_338,multi_fine,stitch,arxiv,85,85,859,True,1.0,[85],20,0.0044443607330322266,0.000164031982421875,0.04235959053039551,True,0.04072093963623047,1.0,1.0,0.04257369041442871,1,1,0.2111496925354004,0.260577917098999,top-1,822,False,20,0.35828447341918945,10.352535963058472,2.6141438484191895
multi_fine_339,multi_fine,stitch,arxiv,171,171,1711,True,1.0,[171],20,0.005166292190551758,0.00025534629821777344,0.048583030700683594,True,0.05382585525512695,1.0,1.0,0.05792522430419922,1,1,0.16861248016357422,0.22563767433166504,top-1,872,False,20,0.35828447341918945,10.352535963058472,2.6141438484191895
multi_fine_340,multi_fine,stitch,arxiv,146,146,1463,True,1.0,[146],20,0.007545948028564453,0.0004980564117431641,0.06962418556213379,True,0.046776771545410156,1.0,1.0,0.049515485763549805,1,1,0.16033649444580078,0.24519109725952148,top-1,866,False,20,0.35828447341918945,10.352535963058472,2.6141438484191895
multi_fine_341,multi_fine,stitch,arxiv,60,60,607,True,1.0,[60],18,0.004765033721923828,0.00022983551025390625,0.04946303367614746,True,0.04392576217651367,1.0,1.0,0.04624581336975098,1,1,0.17836880683898926,0.23683810234069824,top-1,823,False,20,0.35828447341918945,10.352535963058472,2.6141438484191895
multi_fine_342,multi_fine,stitch,arxiv,118,118,1189,True,1.0,[118],18,0.004766941070556641,0.00025463104248046875,0.04076266288757324,True,0.045305490493774414,1.0,1.0,0.04777932167053223,1,1,0.21819400787353516,0.26792144775390625,top-1,866,False,20,0.35828447341918945,10.352535963058472,2.6141438484191895
multi_fine_343,multi_fine,stitch,arxiv,156,156,1567,True,1.0,[156],20,0.004596233367919922,0.00017380714416503906,0.06502747535705566,True,0.04130363464355469,1.0,1.0,0.043259382247924805,1,1,0.1496744155883789,0.2219984531402588,top-1,827,False,20,0.35828447341918945,10.352535963058472,2.6141438484191895
multi_fine_344,multi_fine,stitch,arxiv,161,161,1615,True,1.0,[161],18,0.00498652458190918,0.0001957416534423828,0.04030132293701172,True,0.040943145751953125,1.0,1.0,0.04402875900268555,1,1,0.15026259422302246,0.20059490203857422,top-1,834,False,20,0.35828447341918945,10.352535963058472,2.6141438484191895
multi_fine_345,multi_fine,stitch,arxiv,124,124,1242,True,1.0,[124],20,0.005690097808837891,0.00020313262939453125,0.03814888000488281,True,0.041060686111450195,1.0,1.0,0.042938947677612305,1,1,0.1569514274597168,0.20955467224121094,top-1,856,False,20,0.35828447341918945,10.352535963058472,2.6141438484191895
multi_fine_346,multi_fine,stitch,arxiv,118,118,1181,True,1.0,[118],20,0.004894733428955078,0.00018024444580078125,0.03922748565673828,True,0.04099082946777344,1.0,1.0,0.04288840293884277,1,1,0.15828871726989746,0.20552277565002441,top-1,866,False,20,0.35828447341918945,10.352535963058472,2.6141438484191895
multi_fine_347,multi_fine,stitch,arxiv,32,97,974,False,1.0,[32],16,0.0043141841888427734,0.00018858909606933594,0.037557363510131836,True,0.4269561767578125,1.0,1.0,0.4353461265563965,1,1,1.2271604537963867,1.3247156143188477,top-5,5072,False,20,0.35828447341918945,10.352535963058472,2.6141438484191895
multi_fine_348,multi_fine,stitch,arxiv,84,84,842,True,1.0,[84],20,0.0043413639068603516,0.0001571178436279297,0.03844332695007324,True,0.05087399482727051,1.0,1.0,0.053484439849853516,1,1,0.16421890258789062,0.21196985244750977,top-1,872,False,20,0.35828447341918945,10.352535963058472,2.6141438484191895
multi_fine_349,multi_fine,stitch,arxiv,132,132,1323,True,1.0,[132],20,0.006872892379760742,0.00041937828063964844,0.06163358688354492,True,0.05129218101501465,1.0,1.0,0.0550386905670166,1,1,0.17911911010742188,0.2521834373474121,top-1,872,False,20,0.35828447341918945,10.352535963058472,2.6141438484191895
multi_fine_350,multi_fine,stitch,arxiv,35,35,350,True,1.0,[35],18,0.005494832992553711,0.0002307891845703125,0.03906583786010742,True,0.05891251564025879,1.0,1.0,0.06217360496520996,1,1,0.17015624046325684,0.2292320728302002,top-1,832,False,20,0.35828447341918945,10.352535963058472,2.6141438484191895
multi_fine_351,multi_fine,stitch,arxiv,104,104,1049,True,1.0,[104],20,0.0053424835205078125,0.00017333030700683594,0.04943132400512695,True,0.046038150787353516,1.0,1.0,0.04887580871582031,1,1,0.15796351432800293,0.23083853721618652,top-1,872,False,20,0.35828447341918945,10.352535963058472,2.6141438484191895
multi_fine_352,multi_fine,stitch,arxiv,10,10,102,True,1.0,[10],20,0.004650115966796875,0.0002124309539794922,0.04601311683654785,True,0.04813718795776367,1.0,1.0,0.050302982330322266,1,1,0.1600508689880371,0.21464991569519043,top-1,837,False,20,0.35828447341918945,10.352535963058472,2.6141438484191895
multi_fine_353,multi_fine,stitch,arxiv,131,131,1314,True,1.0,[131],20,0.0058650970458984375,0.00022149085998535156,0.049524545669555664,True,0.04828310012817383,1.0,1.0,0.04903912544250488,1,1,0.15787720680236816,0.2169039249420166,top-1,842,False,20,0.35828447341918945,10.352535963058472,2.6141438484191895
multi_fine_354,multi_fine,stitch,arxiv,87,88,887,False,1.0,[87],18,0.006589412689208984,0.0002422332763671875,0.04124283790588379,True,0.4120762348175049,1.0,1.0,0.419813871383667,1,1,1.4556994438171387,1.5665333271026611,top-5,4946,False,20,0.35828447341918945,10.352535963058472,2.6141438484191895
multi_fine_355,multi_fine,stitch,arxiv,15,15,153,True,1.0,[15],20,0.00450587272644043,0.0010082721710205078,0.04023289680480957,True,0.05184340476989746,1.0,1.0,0.054383277893066406,1,1,0.16483283042907715,0.21394801139831543,top-1,872,False,20,0.35828447341918945,10.352535963058472,2.6141438484191895
multi_fine_356,multi_fine,stitch,arxiv,20,20,202,True,1.0,[20],20,0.004601001739501953,0.00017714500427246094,0.03781247138977051,True,0.04659461975097656,1.0,1.0,0.04939436912536621,1,1,0.153472900390625,0.19949126243591309,top-1,822,False,20,0.35828447341918945,10.352535963058472,2.6141438484191895
multi_fine_357,multi_fine,stitch,arxiv,52,38,386,False,1.0,[52],15,0.004985809326171875,0.00024437904357910156,0.04576420783996582,True,0.33594369888305664,1.0,1.0,0.34270668029785156,1,1,1.1055068969726562,1.1747167110443115,top-5,4985,False,20,0.35828447341918945,10.352535963058472,2.6141438484191895
multi_fine_358,multi_fine,stitch,arxiv,98,98,984,True,1.0,[98],20,0.004746437072753906,0.0001823902130126953,0.04010319709777832,True,0.07163143157958984,1.0,1.0,0.07694649696350098,1,1,0.19670724868774414,0.2525510787963867,top-1,872,False,20,0.35828447341918945,10.352535963058472,2.6141438484191895
multi_fine_359,multi_fine,stitch,arxiv,60,30,309,False,1.0,[60],18,0.004525423049926758,0.00020051002502441406,0.039954185485839844,True,0.4978053569793701,1.0,1.0,0.5079147815704346,1,1,1.4315972328186035,1.5311965942382812,top-5,5065,False,20,0.35828447341918945,10.352535963058472,2.6141438484191895
multi_fine_360,multi_fine,stitch,arxiv,65,65,652,True,1.0,[65],20,0.004717588424682617,0.0012235641479492188,0.05279731750488281,True,0.04941272735595703,1.0,1.0,0.052794456481933594,1,1,0.16052532196044922,0.22276616096496582,top-1,825,False,20,0.35828447341918945,10.352535963058472,2.6141438484191895
multi_fine_361,multi_fine,stitch,arxiv,40,40,403,True,1.0,[40],20,0.010294198989868164,0.0002617835998535156,0.06707882881164551,True,0.04409909248352051,1.0,1.0,0.04636120796203613,1,1,0.15591025352478027,0.23633670806884766,top-1,822,False,20,0.35828447341918945,10.352535963058472,2.6141438484191895
multi_fine_362,multi_fine,stitch,arxiv,140,189,1893,False,1.0,[140],17,0.006787538528442383,0.0003948211669921875,0.06594562530517578,True,0.408677339553833,1.0,1.0,0.4182581901550293,1,1,1.206251859664917,1.338994026184082,top-5,5004,False,20,0.35828447341918945,10.352535963058472,2.6141438484191895
multi_fine_363,multi_fine,stitch,arxiv,174,174,1745,True,1.0,[174],20,0.004395008087158203,0.00019502639770507812,0.03976607322692871,True,0.06265425682067871,1.0,1.0,0.06709432601928711,1,1,0.1818523406982422,0.23042678833007812,top-1,872,False,20,0.35828447341918945,10.352535963058472,2.6141438484191895
multi_fine_364,multi_fine,stitch,arxiv,175,175,1753,True,1.0,[175],14,0.004569053649902344,0.00025725364685058594,0.04009413719177246,True,0.04630780220031738,1.0,1.0,0.05033302307128906,1,1,0.1566150188446045,0.21768903732299805,top-1,836,False,20,0.35828447341918945,10.352535963058472,2.6141438484191895
multi_fine_365,multi_fine,stitch,arxiv,176,175,1754,False,1.0,[176],20,0.005190610885620117,0.00022268295288085938,0.04153633117675781,True,0.4341766834259033,1.0,1.0,0.44231390953063965,1,1,1.2172157764434814,1.2842164039611816,top-5,5046,False,20,0.35828447341918945,10.352535963058472,2.6141438484191895
multi_fine_366,multi_fine,stitch,arxiv,58,58,583,True,1.0,[58],15,0.008184194564819336,0.00034618377685546875,0.04456615447998047,True,0.043778181076049805,1.0,1.0,0.0467524528503418,1,1,0.15027594566345215,0.20618486404418945,top-1,831,False,20,0.35828447341918945,10.352535963058472,2.6141438484191895
multi_fine_367,multi_fine,stitch,arxiv,114,114,1148,True,1.0,[114],18,0.006402730941772461,0.00019550323486328125,0.061258554458618164,True,0.04542708396911621,1.0,1.0,0.04740309715270996,1,1,0.15661096572875977,0.2272188663482666,top-1,872,False,20,0.35828447341918945,10.352535963058472,2.6141438484191895
multi_fine_368,multi_fine,stitch,arxiv,83,83,836,True,1.0,[83],18,0.004408836364746094,0.00020694732666015625,0.03847146034240723,True,0.06543898582458496,1.0,1.0,0.06867289543151855,1,1,0.18198347091674805,0.23503470420837402,top-1,872,False,20,0.35828447341918945,10.352535963058472,2.6141438484191895
multi_fine_369,multi_fine,stitch,arxiv,99,99,994,True,1.0,[99],16,0.005289316177368164,0.0002143383026123047,0.041878461837768555,True,0.04650163650512695,1.0,1.0,0.05056118965148926,1,1,0.1600344181060791,0.21676063537597656,top-1,822,False,20,0.35828447341918945,10.352535963058472,2.6141438484191895
multi_fine_370,multi_fine,stitch,arxiv,100,104,1045,False,1.0,[100],13,0.004666805267333984,0.00024247169494628906,0.04384899139404297,True,4.618393659591675,1.0,1.0,4.65831995010376,1,1,8.062980890274048,8.156105041503906,top-20,17930,False,20,0.35828447341918945,10.352535963058472,2.6141438484191895
multi_fine_371,multi_fine,stitch,arxiv,60,52,521,False,1.0,[60],19,0.004445791244506836,0.00020456314086914062,0.04075884819030762,True,0.3528933525085449,1.0,1.0,0.3598639965057373,1,1,1.1011545658111572,1.1635606288909912,top-5,4935,False,20,0.35828447341918945,10.352535963058472,2.6141438484191895
multi_fine_372,multi_fine,stitch,arxiv,193,193,1935,True,1.0,[193],19,0.004752397537231445,0.0001709461212158203,0.03859353065490723,True,0.04753279685974121,1.0,1.0,0.05015850067138672,1,1,0.15905380249023438,0.20576739311218262,top-1,856,False,20,0.35828447341918945,10.352535963058472,2.6141438484191895
multi_fine_373,multi_fine,stitch,arxiv,14,14,144,True,1.0,[14],20,0.004535675048828125,0.00020956993103027344,0.039481163024902344,True,0.05848240852355957,1.0,1.0,0.06282496452331543,1,1,0.17636322975158691,0.23224925994873047,top-1,872,False,20,0.35828447341918945,10.352535963058472,2.6141438484191895
multi_fine_374,multi_fine,stitch,arxiv,26,26,267,True,1.0,[26],13,0.0044536590576171875,0.0001728534698486328,0.03869342803955078,True,0.04030799865722656,1.0,1.0,0.04246020317077637,1,1,0.14407634735107422,0.19055533409118652,top-1,825,False,20,0.35828447341918945,10.352535963058472,2.6141438484191895
multi_fine_375,multi_fine,stitch,arxiv,80,80,802,True,1.0,[80],20,0.0047457218170166016,0.0002071857452392578,0.04671287536621094,True,0.04434537887573242,1.0,1.0,0.0466310977935791,1,1,0.15193676948547363,0.20740532875061035,top-1,822,False,20,0.35828447341918945,10.352535963058472,2.6141438484191895
multi_fine_376,multi_fine,stitch,arxiv,99,99,994,True,1.0,[99],20,0.0045680999755859375,0.0002048015594482422,0.039519548416137695,True,0.04938483238220215,1.0,1.0,0.05157160758972168,1,1,0.16425776481628418,0.21200299263000488,top-1,822,False,20,0.35828447341918945,10.352535963058472,2.6141438484191895
multi_fine_377,multi_fine,stitch,arxiv,70,28,285,False,1.0,[70],20,0.004735231399536133,0.000225067138671875,0.039298057556152344,True,0.4721529483795166,1.0,1.0,0.48517727851867676,1,1,1.2873001098632812,1.3697073459625244,top-5,5180,False,20,0.35828447341918945,10.352535963058472,2.6141438484191895
multi_fine_378,multi_fine,stitch,arxiv,21,16,165,False,1.0,[21],13,0.0051746368408203125,0.00021576881408691406,0.044611215591430664,True,0.41462039947509766,1.0,1.0,0.4225649833679199,1,1,1.2164039611816406,1.3004608154296875,top-5,4980,False,20,0.35828447341918945,10.352535963058472,2.6141438484191895
multi_fine_379,multi_fine,stitch,arxiv,38,38,383,True,1.0,[38],20,0.0052433013916015625,0.0001823902130126953,0.0410001277923584,True,0.04568004608154297,1.0,1.0,0.04836463928222656,1,1,0.16994333267211914,0.22382545471191406,top-1,872,False,20,0.35828447341918945,10.352535963058472,2.6141438484191895
multi_fine_380,multi_fine,stitch,arxiv,185,185,1856,True,1.0,[185],18,0.0057525634765625,0.00021004676818847656,0.04085516929626465,True,0.042714595794677734,0.9444444444444444,1.0,0.0452730655670166,2,2,0.1541283130645752,0.20575618743896484,top-1,846,False,20,0.35828447341918945,10.352535963058472,2.6141438484191895
multi_fine_381,multi_fine,stitch,arxiv,13,13,134,True,1.0,[13],18,0.004659414291381836,0.00016498565673828125,0.043254852294921875,True,0.055048227310180664,1.0,1.0,0.057917118072509766,1,1,0.16442656517028809,0.2307906150817871,top-1,822,False,20,0.35828447341918945,10.352535963058472,2.6141438484191895
multi_fine_382,multi_fine,stitch,arxiv,165,165,1657,True,1.0,[165],20,0.004620552062988281,0.0001766681671142578,0.04239368438720703,True,0.04377603530883789,0.95,1.0,0.04592728614807129,2,2,0.15400385856628418,0.20378446578979492,top-1,872,False,20,0.35828447341918945,10.352535963058472,2.6141438484191895
multi_fine_383,multi_fine,stitch,arxiv,61,61,616,True,1.0,[61],20,0.0061681270599365234,0.00018835067749023438,0.03807711601257324,True,0.05557560920715332,1.0,1.0,0.05817890167236328,1,1,0.16976261138916016,0.2178974151611328,top-1,872,False,20,0.35828447341918945,10.352535963058472,2.6141438484191895
multi_fine_384,multi_fine,stitch,arxiv,37,114,1140,False,1.0,[37],20,0.00461268424987793,0.00025725364685058594,0.0394587516784668,True,0.3889627456665039,1.0,1.0,0.39577770233154297,1,1,1.1423397064208984,1.1967072486877441,top-5,5085,False,20,0.35828447341918945,10.352535963058472,2.6141438484191895
multi_fine_385,multi_fine,stitch,arxiv,73,73,736,True,1.0,[73],18,0.004374265670776367,0.0002052783966064453,0.03852677345275879,True,0.07173490524291992,1.0,1.0,0.07776212692260742,1,1,0.19265103340148926,0.24274611473083496,top-1,872,False,20,0.35828447341918945,10.352535963058472,2.6141438484191895
multi_fine_386,multi_fine,stitch,arxiv,32,33,335,False,1.0,[32],15,0.004721403121948242,0.00016951560974121094,0.03921699523925781,True,0.42136096954345703,1.0,1.0,0.43208789825439453,1,1,1.2052264213562012,1.2629318237304688,top-5,5069,False,20,0.35828447341918945,10.352535963058472,2.6141438484191895
multi_fine_387,multi_fine,stitch,arxiv,139,136,1369,False,1.0,[139],18,0.005163669586181641,0.00023984909057617188,0.04203295707702637,True,0.45448899269104004,1.0,1.0,0.4617323875427246,1,1,1.2130968570709229,1.2739977836608887,top-5,5069,False,20,0.35828447341918945,10.352535963058472,2.6141438484191895
multi_fine_388,multi_fine,stitch,arxiv,139,139,1391,True,1.0,[139],15,0.0062105655670166016,0.00017571449279785156,0.04018998146057129,True,0.05297541618347168,1.0,1.0,0.05584883689880371,1,1,0.16714978218078613,0.22483086585998535,top-1,870,False,20,0.35828447341918945,10.352535963058472,2.6141438484191895
multi_fine_389,multi_fine,stitch,arxiv,67,67,672,True,1.0,[67],20,0.0046503543853759766,0.0001895427703857422,0.03903388977050781,True,0.04709959030151367,1.0,1.0,0.049365997314453125,1,1,0.15285658836364746,0.19956016540527344,top-1,823,False,20,0.35828447341918945,10.352535963058472,2.6141438484191895
multi_fine_390,multi_fine,stitch,arxiv,180,37,378,False,1.0,[180],20,0.00477290153503418,0.00019168853759765625,0.040969133377075195,True,0.47640347480773926,1.0,1.0,0.4905827045440674,1,1,1.2826192378997803,1.3616273403167725,top-5,5020,False,20,0.35828447341918945,10.352535963058472,2.6141438484191895
multi_fine_391,multi_fine,stitch,arxiv,78,80,807,False,1.0,[78],16,0.006714582443237305,0.0004456043243408203,0.0487210750579834,True,0.4660060405731201,1.0,1.0,0.47904229164123535,1,1,1.2432546615600586,1.390282392501831,top-5,5031,False,20,0.35828447341918945,10.352535963058472,2.6141438484191895
multi_fine_392,multi_fine,stitch,arxiv,29,29,293,True,1.0,[29],18,0.004739046096801758,0.0002014636993408203,0.038384437561035156,True,0.056209564208984375,1.0,1.0,0.06058144569396973,1,1,0.17484259605407715,0.22206616401672363,top-1,872,False,20,0.35828447341918945,10.352535963058472,2.6141438484191895
multi_fine_393,multi_fine,stitch,arxiv,32,32,323,True,1.0,[32],20,0.005030393600463867,0.00022554397583007812,0.046044349670410156,True,0.048873186111450195,1.0,1.0,0.05248761177062988,1,1,0.15798497200012207,0.2121274471282959,top-1,822,False,20,0.35828447341918945,10.352535963058472,2.6141438484191895
multi_fine_394,multi_fine,stitch,arxiv,140,142,1427,False,1.0,[140],18,0.0051610469818115234,0.00023818016052246094,0.0465848445892334,True,0.4936027526855469,1.0,1.0,0.5005555152893066,1,1,1.2739908695220947,1.3486032485961914,top-5,5109,False,20,0.35828447341918945,10.352535963058472,2.6141438484191895
multi_fine_395,multi_fine,stitch,arxiv,33,33,332,True,1.0,[33],18,0.005759716033935547,0.00023984909057617188,0.040900468826293945,True,0.05656743049621582,1.0,1.0,0.06035017967224121,1,1,0.17413115501403809,0.22530460357666016,top-1,872,False,20,0.35828447341918945,10.352535963058472,2.6141438484191895
multi_fine_396,multi_fine,stitch,arxiv,152,152,1529,True,1.0,[152],18,0.005312442779541016,0.00019931793212890625,0.050357818603515625,True,0.04223942756652832,1.0,1.0,0.04436469078063965,1,1,0.14900612831115723,0.2073984146118164,top-1,851,False,20,0.35828447341918945,10.352535963058472,2.6141438484191895
multi_fine_397,multi_fine,stitch,arxiv,170,170,1708,True,1.0,[170],16,0.004484415054321289,0.0002682209014892578,0.04950523376464844,True,0.0547943115234375,1.0,1.0,0.05737018585205078,1,1,0.19985342025756836,0.25914812088012695,top-1,826,False,20,0.35828447341918945,10.352535963058472,2.6141438484191895
multi_fine_398,multi_fine,stitch,arxiv,93,46,466,False,1.0,[93],18,0.0058057308197021484,0.0002951622009277344,0.043518781661987305,True,0.5362999439239502,1.0,1.0,0.5437502861022949,1,1,1.299030065536499,1.3698699474334717,top-5,5031,False,20,0.35828447341918945,10.352535963058472,2.6141438484191895
multi_fine_399,multi_fine,stitch,arxiv,10,10,101,True,1.0,[10],18,0.004839658737182617,0.00017833709716796875,0.04119086265563965,True,0.04420804977416992,1.0,1.0,0.04663872718811035,1,1,0.1528315544128418,0.20200014114379883,top-1,837,False,20,0.35828447341918945,10.352535963058472,2.6141438484191895
multi_fine_400,multi_fine,stitch,arxiv,131,133,1335,False,1.0,[131],26,0.0072367191314697266,0.00019979476928710938,0.03971576690673828,True,0.37435197830200195,1.0,1.0,0.3868286609649658,1,1,1.1710090637207031,1.2359557151794434,top-5,5098,False,50,0.35828447341918945,10.352535963058472,2.6141438484191895
multi_fine_401,multi_fine,stitch,arxiv,106,106,1068,True,1.0,[106],41,0.005793571472167969,0.0002791881561279297,0.06311392784118652,True,0.04486680030822754,1.0,1.0,0.04727935791015625,1,1,0.16200470924377441,0.23490166664123535,top-1,844,False,50,0.35828447341918945,10.352535963058472,2.6141438484191895
multi_fine_402,multi_fine,stitch,arxiv,10,10,102,True,1.0,[10],39,0.004638195037841797,0.00022029876708984375,0.04050016403198242,True,0.045494794845581055,1.0,1.0,0.04799485206604004,1,1,0.17376947402954102,0.22179007530212402,top-1,837,False,50,0.35828447341918945,10.352535963058472,2.6141438484191895
multi_fine_403,multi_fine,stitch,arxiv,149,149,1493,True,1.0,[149],47,0.004503011703491211,0.000812530517578125,0.039130210876464844,True,0.0485379695892334,1.0,1.0,0.05103802680969238,1,1,0.16127967834472656,0.2112727165222168,top-1,823,False,50,0.35828447341918945,10.352535963058472,2.6141438484191895
multi_fine_404,multi_fine,stitch,arxiv,7,7,75,True,1.0,[7],25,0.007641792297363281,0.00028634071350097656,0.05467534065246582,True,0.04668474197387695,1.0,1.0,0.0493321418762207,1,1,0.15643811225891113,0.2227029800415039,top-1,823,False,50,0.35828447341918945,10.352535963058472,2.6141438484191895
multi_fine_405,multi_fine,stitch,arxiv,46,46,462,True,1.0,[46],43,0.004803180694580078,0.00016760826110839844,0.0394284725189209,True,0.06770205497741699,1.0,1.0,0.07212233543395996,1,1,0.21424365043640137,0.2619669437408447,top-1,822,False,50,0.35828447341918945,10.352535963058472,2.6141438484191895
multi_fine_406,multi_fine,stitch,arxiv,127,127,1279,True,1.0,[127],34,0.004872798919677734,0.0002961158752441406,0.06721115112304688,True,0.05467963218688965,1.0,1.0,0.058435678482055664,1,1,0.17728710174560547,0.25812435150146484,top-1,870,False,50,0.35828447341918945,10.352535963058472,2.6141438484191895
multi_fine_407,multi_fine,stitch,arxiv,60,60,608,True,1.0,[60],46,0.006217241287231445,0.00024199485778808594,0.04081296920776367,True,0.053745269775390625,1.0,1.0,0.05647110939025879,1,1,0.16561412811279297,0.21587109565734863,top-1,823,False,50,0.35828447341918945,10.352535963058472,2.6141438484191895
multi_fine_408,multi_fine,stitch,arxiv,161,161,1613,True,1.0,[161],34,0.006269931793212891,0.0008378028869628906,0.04760265350341797,True,0.0468442440032959,1.0,1.0,0.05060005187988281,1,1,0.1682603359222412,0.22587275505065918,top-1,834,False,50,0.35828447341918945,10.352535963058472,2.6141438484191895
multi_fine_409,multi_fine,stitch,arxiv,190,190,1903,True,1.0,[190],43,0.0054895877838134766,0.0001761913299560547,0.03881382942199707,True,0.061068058013916016,1.0,1.0,0.06298494338989258,1,1,0.17301607131958008,0.22651267051696777,top-1,860,False,50,0.35828447341918945,10.352535963058472,2.6141438484191895
multi_fine_410,multi_fine,stitch,arxiv,117,117,1177,True,1.0,[117],48,0.004886627197265625,0.00031447410583496094,0.0386195182800293,True,0.05630683898925781,1.0,1.0,0.0588078498840332,1,1,0.17678356170654297,0.22717499732971191,top-1,872,False,50,0.35828447341918945,10.352535963058472,2.6141438484191895
multi_fine_411,multi_fine,stitch,arxiv,177,177,1775,True,1.0,[177],50,0.004554033279418945,0.0001926422119140625,0.04144287109375,True,0.0602109432220459,1.0,1.0,0.06281828880310059,1,1,0.17755937576293945,0.22700738906860352,top-1,822,False,50,0.35828447341918945,10.352535963058472,2.6141438484191895
multi_fine_412,multi_fine,stitch,arxiv,41,41,417,True,1.0,[41],48,0.004456758499145508,0.00017523765563964844,0.045918941497802734,True,0.05020880699157715,1.0,1.0,0.05333065986633301,1,1,0.15968585014343262,0.21872329711914062,top-1,822,False,50,0.35828447341918945,10.352535963058472,2.6141438484191895
multi_fine_413,multi_fine,stitch,arxiv,91,91,910,True,1.0,[91],26,0.0045621395111083984,0.00022268295288085938,0.039514780044555664,True,0.04268145561218262,1.0,1.0,0.0448758602142334,1,1,0.1612234115600586,0.21113896369934082,top-1,835,False,50,0.35828447341918945,10.352535963058472,2.6141438484191895
multi_fine_414,multi_fine,stitch,arxiv,30,30,303,True,1.0,[30],48,0.004604339599609375,0.0001723766326904297,0.04356575012207031,True,0.04951000213623047,1.0,1.0,0.05313706398010254,1,1,0.17349743843078613,0.22534680366516113,top-1,872,False,50,0.35828447341918945,10.352535963058472,2.6141438484191895
multi_fine_415,multi_fine,stitch,arxiv,9,9,98,True,1.0,[9],26,0.004332542419433594,0.00015592575073242188,0.03839516639709473,True,0.05462241172790527,1.0,1.0,0.058164358139038086,1,1,0.1799783706665039,0.2358226776123047,top-1,840,False,50,0.35828447341918945,10.352535963058472,2.6141438484191895
multi_fine_416,multi_fine,stitch,arxiv,192,192,1925,True,1.0,[192],44,0.005104541778564453,0.0002524852752685547,0.04231142997741699,True,0.04447484016418457,1.0,1.0,0.04792523384094238,1,1,0.18095159530639648,0.25509166717529297,top-1,853,False,50,0.35828447341918945,10.352535963058472,2.6141438484191895
multi_fine_417,multi_fine,stitch,arxiv,61,61,613,True,1.0,[61],48,0.004675865173339844,0.001890420913696289,0.040093183517456055,True,0.06321167945861816,1.0,1.0,0.06715178489685059,1,1,0.18470072746276855,0.23651671409606934,top-1,872,False,50,0.35828447341918945,10.352535963058472,2.6141438484191895
multi_fine_418,multi_fine,stitch,arxiv,128,128,1287,True,1.0,[128],36,0.004402875900268555,0.0001647472381591797,0.038094520568847656,True,0.0502777099609375,1.0,1.0,0.05432415008544922,1,1,0.16883206367492676,0.21413516998291016,top-1,849,False,50,0.35828447341918945,10.352535963058472,2.6141438484191895
multi_fine_419,multi_fine,stitch,arxiv,168,168,1682,True,1.0,[168],29,0.006095409393310547,0.00030541419982910156,0.06305432319641113,True,0.05168461799621582,1.0,1.0,0.05530047416687012,1,1,0.17662429809570312,0.24885344505310059,top-1,827,False,50,0.35828447341918945,10.352535963058472,2.6141438484191895
multi_fine_420,multi_fine,stitch,arxiv,83,83,837,True,1.0,[83],48,0.005702495574951172,0.0002961158752441406,0.04579663276672363,True,0.07826566696166992,1.0,1.0,0.08253145217895508,1,1,0.2189805507659912,0.2879912853240967,top-1,872,False,50,0.35828447341918945,10.352535963058472,2.6141438484191895
multi_fine_421,multi_fine,stitch,arxiv,190,190,1908,True,1.0,[190],41,0.004828214645385742,0.0002491474151611328,0.04092216491699219,True,0.04359030723571777,1.0,1.0,0.045430660247802734,1,1,0.15682315826416016,0.20542573928833008,top-1,860,False,50,0.35828447341918945,10.352535963058472,2.6141438484191895
multi_fine_422,multi_fine,stitch,arxiv,45,45,457,True,1.0,[45],48,0.004866361618041992,0.000225067138671875,0.0545804500579834,True,0.06989622116088867,1.0,1.0,0.07320189476013184,1,1,0.19156217575073242,0.25484490394592285,top-1,872,False,50,0.35828447341918945,10.352535963058472,2.6141438484191895
multi_fine_423,multi_fine,stitch,arxiv,27,27,278,True,1.0,[27],32,0.005029201507568359,0.00022172927856445312,0.04824113845825195,True,0.05648612976074219,1.0,1.0,0.058911800384521484,1,1,0.17436838150024414,0.23125910758972168,top-1,825,False,50,0.35828447341918945,10.352535963058472,2.6141438484191895
multi_fine_424,multi_fine,stitch,arxiv,117,117,1174,True,1.0,[117],38,0.005692720413208008,0.00024628639221191406,0.04255509376525879,True,0.06644701957702637,1.0,1.0,0.06996917724609375,1,1,0.18638396263122559,0.23836565017700195,top-1,872,False,50,0.35828447341918945,10.352535963058472,2.6141438484191895
multi_fine_425,multi_fine,stitch,arxiv,132,132,1323,True,1.0,[132],43,0.005117177963256836,0.00023055076599121094,0.04075145721435547,True,0.05176711082458496,1.0,1.0,0.0549166202545166,1,1,0.17453408241271973,0.22479820251464844,top-1,872,False,50,0.35828447341918945,10.352535963058472,2.6141438484191895
multi_fine_426,multi_fine,stitch,arxiv,167,167,1677,True,1.0,[167],48,0.005037546157836914,0.000179290771484375,0.043741464614868164,True,0.06657671928405762,1.0,1.0,0.06996703147888184,1,1,0.18479657173156738,0.23710155487060547,top-1,851,False,50,0.35828447341918945,10.352535963058472,2.6141438484191895
multi_fine_427,multi_fine,stitch,arxiv,109,109,1094,True,1.0,[109],40,0.004447460174560547,0.00017595291137695312,0.04522418975830078,True,0.06601762771606445,1.0,1.0,0.06841063499450684,1,1,0.17935633659362793,0.23149418830871582,top-1,847,False,50,0.35828447341918945,10.352535963058472,2.6141438484191895
multi_fine_428,multi_fine,stitch,arxiv,17,16,161,False,1.0,[17],37,0.007894515991210938,0.0037004947662353516,0.04093337059020996,True,0.7086503505706787,1.0,1.0,0.717397928237915,1,1,1.5645294189453125,1.6373274326324463,top-5,4980,False,50,0.35828447341918945,10.352535963058472,2.6141438484191895
multi_fine_429,multi_fine,stitch,arxiv,73,73,738,True,1.0,[73],48,0.0051670074462890625,0.000232696533203125,0.03930473327636719,True,0.08320879936218262,1.0,1.0,0.08855581283569336,1,1,0.20940709114074707,0.26351428031921387,top-1,872,False,50,0.35828447341918945,10.352535963058472,2.6141438484191895
multi_fine_430,multi_fine,stitch,arxiv,124,124,1243,True,1.0,[124],36,0.011434078216552734,0.00023221969604492188,0.05986380577087402,True,0.06751823425292969,1.0,1.0,0.07157659530639648,1,1,0.19952678680419922,0.278989315032959,top-1,856,False,50,0.35828447341918945,10.352535963058472,2.6141438484191895
multi_fine_431,multi_fine,stitch,arxiv,33,33,332,True,1.0,[33],50,0.004857063293457031,0.0002269744873046875,0.04559063911437988,True,0.07656311988830566,1.0,1.0,0.08115315437316895,1,1,0.21505022048950195,0.29840087890625,top-1,872,False,50,0.35828447341918945,10.352535963058472,2.6141438484191895
multi_fine_432,multi_fine,stitch,arxiv,128,128,1289,True,1.0,[128],44,0.004742145538330078,0.00021576881408691406,0.04121756553649902,True,0.07634162902832031,1.0,1.0,0.07936286926269531,1,1,0.19605398178100586,0.24535608291625977,top-1,849,False,50,0.35828447341918945,10.352535963058472,2.6141438484191895
multi_fine_433,multi_fine,stitch,arxiv,131,131,1312,True,1.0,[131],38,0.004949808120727539,0.0002536773681640625,0.04181528091430664,True,0.06740236282348633,1.0,1.0,0.07063555717468262,1,1,0.20958328247070312,0.28226542472839355,top-1,842,False,50,0.35828447341918945,10.352535963058472,2.6141438484191895
multi_fine_434,multi_fine,stitch,arxiv,69,69,697,True,1.0,[69],40,0.005339145660400391,0.000316619873046875,0.0501704216003418,True,0.059320688247680664,1.0,1.0,0.06409001350402832,1,1,0.19755148887634277,0.30278635025024414,top-1,872,False,50,0.35828447341918945,10.352535963058472,2.6141438484191895
multi_fine_435,multi_fine,stitch,arxiv,198,198,1982,True,1.0,[198],32,0.004681825637817383,0.00028324127197265625,0.041617631912231445,True,0.051666975021362305,1.0,1.0,0.054251909255981445,1,1,0.166975736618042,0.23560428619384766,top-1,844,False,50,0.35828447341918945,10.352535963058472,2.6141438484191895
multi_fine_436,multi_fine,stitch,arxiv,154,154,1543,True,1.0,[154],36,0.00567936897277832,0.0007450580596923828,0.04683995246887207,True,0.06375765800476074,1.0,1.0,0.06661295890808105,1,1,0.19849705696105957,0.2648932933807373,top-1,872,False,50,0.35828447341918945,10.352535963058472,2.6141438484191895
multi_fine_437,multi_fine,stitch,arxiv,149,149,1493,True,1.0,[149],29,0.012168407440185547,0.0002281665802001953,0.06458377838134766,True,0.04688739776611328,1.0,1.0,0.05093646049499512,1,1,0.2734091281890869,0.37734556198120117,top-1,823,False,50,0.35828447341918945,10.352535963058472,2.6141438484191895
multi_fine_438,multi_fine,stitch,arxiv,46,46,468,True,1.0,[46],39,0.0056247711181640625,0.00022602081298828125,0.049280643463134766,True,0.07606935501098633,1.0,1.0,0.07930994033813477,1,1,0.21106576919555664,0.269808292388916,top-1,822,False,50,0.35828447341918945,10.352535963058472,2.6141438484191895
multi_fine_439,multi_fine,stitch,arxiv,76,76,761,True,1.0,[76],48,0.004636049270629883,0.00018715858459472656,0.0395359992980957,True,0.05091571807861328,1.0,1.0,0.05510091781616211,1,1,0.20272469520568848,0.25580906867980957,top-1,823,False,50,0.35828447341918945,10.352535963058472,2.6141438484191895
multi_fine_440,multi_fine,stitch,arxiv,13,13,137,True,1.0,[13],33,0.012611150741577148,0.002157926559448242,0.0518794059753418,True,0.06930327415466309,1.0,1.0,0.07347607612609863,1,1,0.1876380443572998,0.2588036060333252,top-1,822,False,50,0.35828447341918945,10.352535963058472,2.6141438484191895
multi_fine_441,multi_fine,stitch,arxiv,27,27,274,True,1.0,[27],46,0.006066083908081055,0.0004146099090576172,0.05066800117492676,True,0.06443190574645996,0.9782608695652174,1.0,0.06948733329772949,2,2,0.20029139518737793,0.2612934112548828,top-1,825,False,50,0.35828447341918945,10.352535963058472,2.6141438484191895
multi_fine_442,multi_fine,stitch,arxiv,108,108,1083,True,1.0,[108],42,0.005571842193603516,0.00026035308837890625,0.06640195846557617,True,0.060729265213012695,1.0,1.0,0.06394433975219727,1,1,0.19003820419311523,0.27077698707580566,top-1,842,False,50,0.35828447341918945,10.352535963058472,2.6141438484191895
multi_fine_443,multi_fine,stitch,arxiv,72,72,720,True,1.0,[72],48,0.00465846061706543,0.00039958953857421875,0.07558298110961914,True,0.11124992370605469,1.0,1.0,0.11884808540344238,1,1,0.2503218650817871,0.33903932571411133,top-1,870,False,50,0.35828447341918945,10.352535963058472,2.6141438484191895
multi_fine_444,multi_fine,stitch,arxiv,25,100,1004,False,1.0,[25],37,0.006421327590942383,0.0002493858337402344,0.06895160675048828,True,0.436124324798584,1.0,1.0,0.445328950881958,1,1,1.230029821395874,1.3302571773529053,top-5,5054,False,50,0.35828447341918945,10.352535963058472,2.6141438484191895
multi_fine_445,multi_fine,stitch,arxiv,79,79,799,True,1.0,[79],48,0.0046901702880859375,0.00023746490478515625,0.04191255569458008,True,0.08036303520202637,1.0,1.0,0.08066630363464355,1,1,0.20512914657592773,0.2585775852203369,top-1,870,False,50,0.35828447341918945,10.352535963058472,2.6141438484191895
multi_fine_446,multi_fine,stitch,arxiv,185,185,1854,True,1.0,[185],48,0.00439763069152832,0.0001926422119140625,0.04328727722167969,True,0.061844587326049805,0.9791666666666666,1.0,0.07082819938659668,2,2,0.18268704414367676,0.23364925384521484,top-1,846,False,50,0.35828447341918945,10.352535963058472,2.6141438484191895
multi_fine_447,multi_fine,stitch,arxiv,43,43,438,True,1.0,[43],30,0.0193331241607666,0.0005748271942138672,0.13287663459777832,True,0.05216193199157715,1.0,1.0,0.055707693099975586,1,1,0.16582465171813965,0.3647019863128662,top-1,822,False,50,0.35828447341918945,10.352535963058472,2.6141438484191895
multi_fine_448,multi_fine,stitch,arxiv,11,11,117,True,1.0,[11],39,0.005656719207763672,0.0001976490020751953,0.08290433883666992,True,0.05249929428100586,1.0,1.0,0.055169105529785156,1,1,0.17499947547912598,0.2877974510192871,top-1,872,False,50,0.35828447341918945,10.352535963058472,2.6141438484191895
multi_fine_449,multi_fine,stitch,arxiv,37,37,374,True,1.0,[37],37,0.004872560501098633,0.0002472400665283203,0.03915977478027344,True,0.04630470275878906,1.0,1.0,0.04990530014038086,1,1,0.15788555145263672,0.21752405166625977,top-1,830,False,50,0.35828447341918945,10.352535963058472,2.6141438484191895
multi_fine_450,multi_fine,stitch,arxiv,89,89,891,True,1.0,[89],39,0.004357099533081055,0.0001690387725830078,0.037683963775634766,True,0.04993128776550293,1.0,1.0,0.0524592399597168,1,1,0.1606886386871338,0.206071138381958,top-1,829,False,50,0.35828447341918945,10.352535963058472,2.6141438484191895
multi_fine_451,multi_fine,stitch,arxiv,93,93,934,True,1.0,[93],29,0.004677534103393555,0.0001785755157470703,0.05340409278869629,True,0.052436113357543945,1.0,1.0,0.058409690856933594,1,1,0.16608667373657227,0.249129056930542,top-1,823,False,50,0.35828447341918945,10.352535963058472,2.6141438484191895
multi_fine_452,multi_fine,stitch,arxiv,168,168,1683,True,1.0,[168],43,0.004769325256347656,0.00023555755615234375,0.03948688507080078,True,0.04483366012573242,1.0,1.0,0.046843528747558594,1,1,0.16059660911560059,0.23577404022216797,top-1,827,False,50,0.35828447341918945,10.352535963058472,2.6141438484191895
multi_fine_453,multi_fine,stitch,arxiv,162,162,1622,True,1.0,[162],40,0.0046002864837646484,0.00022149085998535156,0.03975033760070801,True,0.051154375076293945,1.0,1.0,0.0541226863861084,1,1,0.16481685638427734,0.24606037139892578,top-1,855,False,50,0.35828447341918945,10.352535963058472,2.6141438484191895
multi_fine_454,multi_fine,stitch,arxiv,58,58,581,True,1.0,[58],47,0.004935026168823242,0.00023984909057617188,0.03927159309387207,True,0.06848859786987305,1.0,1.0,0.07210803031921387,1,1,0.18928956985473633,0.24221348762512207,top-1,831,False,50,0.35828447341918945,10.352535963058472,2.6141438484191895
multi_fine_455,multi_fine,stitch,arxiv,183,183,1836,True,1.0,[183],34,0.004930973052978516,0.00019598007202148438,0.0436248779296875,True,0.08615326881408691,1.0,1.0,0.0970313549041748,1,1,0.2105107307434082,0.26853179931640625,top-1,870,False,50,0.35828447341918945,10.352535963058472,2.6141438484191895
multi_fine_456,multi_fine,stitch,arxiv,166,166,1662,True,1.0,[166],34,0.0048100948333740234,0.00018286705017089844,0.039833784103393555,True,0.04673051834106445,1.0,1.0,0.049912214279174805,1,1,0.1586287021636963,0.2118988037109375,top-1,822,False,50,0.35828447341918945,10.352535963058472,2.6141438484191895
multi_fine_457,multi_fine,stitch,arxiv,3,3,34,True,1.0,[3],35,0.004910469055175781,0.0002014636993408203,0.04026293754577637,True,0.055292606353759766,1.0,1.0,0.05858659744262695,1,1,0.17634797096252441,0.23181438446044922,top-1,822,False,50,0.35828447341918945,10.352535963058472,2.6141438484191895
multi_fine_458,multi_fine,stitch,arxiv,96,96,969,True,1.0,[96],29,0.004910469055175781,0.0002148151397705078,0.03915667533874512,True,0.046382904052734375,1.0,1.0,0.04875516891479492,1,1,0.16067910194396973,0.20852279663085938,top-1,822,False,50,0.35828447341918945,10.352535963058472,2.6141438484191895
multi_fine_459,multi_fine,stitch,arxiv,122,122,1224,True,1.0,[122],29,0.004590511322021484,0.0009615421295166016,0.04072737693786621,True,0.04298138618469238,1.0,1.0,0.04655098915100098,1,1,0.16425132751464844,0.21338939666748047,top-1,823,False,50,0.35828447341918945,10.352535963058472,2.6141438484191895
multi_fine_460,multi_fine,stitch,arxiv,6,6,64,True,1.0,[6],37,0.004701852798461914,0.00019788742065429688,0.06151390075683594,True,0.049250125885009766,1.0,1.0,0.051563262939453125,1,1,0.16519689559936523,0.23581933975219727,top-1,869,False,50,0.35828447341918945,10.352535963058472,2.6141438484191895
multi_fine_461,multi_fine,stitch,arxiv,98,96,963,False,1.0,[98],43,0.004579305648803711,0.00018286705017089844,0.04191875457763672,True,0.5366384983062744,1.0,1.0,0.5510492324829102,1,1,1.3945114612579346,1.527984619140625,top-5,5082,False,50,0.35828447341918945,10.352535963058472,2.6141438484191895
multi_fine_462,multi_fine,stitch,arxiv,5,5,51,True,1.0,[5],48,0.004761219024658203,0.000225067138671875,0.04901623725891113,True,0.05660510063171387,1.0,1.0,0.059920549392700195,1,1,0.1951005458831787,0.26177048683166504,top-1,872,False,50,0.35828447341918945,10.352535963058472,2.6141438484191895
multi_fine_463,multi_fine,stitch,arxiv,193,193,1937,True,1.0,[193],40,0.004697322845458984,0.0001690387725830078,0.04056072235107422,True,0.059678077697753906,1.0,1.0,0.06403708457946777,1,1,0.1971571445465088,0.25260233879089355,top-1,856,False,50,0.35828447341918945,10.352535963058472,2.6141438484191895
multi_fine_464,multi_fine,stitch,arxiv,60,60,609,True,1.0,[60],48,0.004522562026977539,0.00017309188842773438,0.037584781646728516,True,0.04967474937438965,1.0,1.0,0.052005767822265625,1,1,0.16146016120910645,0.20730948448181152,top-1,823,False,50,0.35828447341918945,10.352535963058472,2.6141438484191895
multi_fine_465,multi_fine,stitch,arxiv,127,127,1279,True,1.0,[127],48,0.004660129547119141,0.00022363662719726562,0.039156436920166016,True,0.04637408256530762,1.0,1.0,0.049260616302490234,1,1,0.16883563995361328,0.21591949462890625,top-1,870,False,50,0.35828447341918945,10.352535963058472,2.6141438484191895
multi_fine_466,multi_fine,stitch,arxiv,104,104,1045,True,1.0,[104],40,0.005330085754394531,0.00019025802612304688,0.039754629135131836,True,0.04472684860229492,1.0,1.0,0.04957270622253418,1,1,0.16855263710021973,0.21705937385559082,top-1,872,False,50,0.35828447341918945,10.352535963058472,2.6141438484191895
multi_fine_467,multi_fine,stitch,arxiv,156,156,1564,True,1.0,[156],39,0.004792690277099609,0.00017309188842773438,0.03997468948364258,True,0.04149127006530762,1.0,1.0,0.04335141181945801,1,1,0.15364480018615723,0.2018289566040039,top-1,827,False,50,0.35828447341918945,10.352535963058472,2.6141438484191895
multi_fine_468,multi_fine,stitch,arxiv,5,8,81,False,1.0,[5],48,0.004320859909057617,0.00021529197692871094,0.03904366493225098,True,0.40935420989990234,1.0,1.0,0.41886305809020996,1,1,1.2224771976470947,1.2940795421600342,top-5,5033,False,50,0.35828447341918945,10.352535963058472,2.6141438484191895
multi_fine_469,multi_fine,stitch,arxiv,181,180,1802,False,1.0,[181],30,0.004889249801635742,0.00018548965454101562,0.04731249809265137,True,0.37140607833862305,1.0,1.0,0.37787580490112305,1,1,1.1368250846862793,1.2179622650146484,top-5,5051,False,50,0.35828447341918945,10.352535963058472,2.6141438484191895
multi_fine_470,multi_fine,stitch,arxiv,14,14,144,True,1.0,[14],50,0.005114316940307617,0.00021123886108398438,0.04642152786254883,True,0.06621265411376953,1.0,1.0,0.07097506523132324,1,1,0.1945362091064453,0.25143861770629883,top-1,872,False,50,0.35828447341918945,10.352535963058472,2.6141438484191895
multi_fine_471,multi_fine,stitch,arxiv,182,182,1823,True,1.0,[182],35,0.004793405532836914,0.00022935867309570312,0.04206657409667969,True,0.04449462890625,1.0,1.0,0.046927690505981445,1,1,0.15697050094604492,0.2142176628112793,top-1,832,False,50,0.35828447341918945,10.352535963058472,2.6141438484191895
multi_fine_472,multi_fine,stitch,arxiv,71,71,713,True,1.0,[71],29,0.0056912899017333984,0.00015735626220703125,0.03826642036437988,True,0.043540000915527344,1.0,1.0,0.047106266021728516,1,1,0.16187119483947754,0.20920133590698242,top-1,852,False,50,0.35828447341918945,10.352535963058472,2.6141438484191895
multi_fine_473,multi_fine,stitch,arxiv,158,158,1581,True,1.0,[158],34,0.004959821701049805,0.00024771690368652344,0.0456387996673584,True,0.04717731475830078,1.0,1.0,0.050642967224121094,1,1,0.16368699073791504,0.22055268287658691,top-1,830,False,50,0.35828447341918945,10.352535963058472,2.6141438484191895
multi_fine_474,multi_fine,stitch,arxiv,110,110,1101,True,1.0,[110],44,0.0048558712005615234,0.0002295970916748047,0.04668593406677246,True,0.04747128486633301,1.0,1.0,0.05046868324279785,1,1,0.1703031063079834,0.22485756874084473,top-1,869,False,50,0.35828447341918945,10.352535963058472,2.6141438484191895
multi_fine_475,multi_fine,stitch,arxiv,193,193,1932,True,1.0,[193],46,0.004590272903442383,0.00020647048950195312,0.04239845275878906,True,0.058405160903930664,1.0,1.0,0.06204366683959961,1,1,0.17810392379760742,0.2396557331085205,top-1,856,False,50,0.35828447341918945,10.352535963058472,2.6141438484191895
multi_fine_476,multi_fine,stitch,arxiv,180,180,1802,True,1.0,[180],42,0.005675315856933594,0.00024890899658203125,0.059860944747924805,True,0.04301309585571289,1.0,1.0,0.0454564094543457,1,1,0.15784215927124023,0.22613000869750977,top-1,825,False,50,0.35828447341918945,10.352535963058472,2.6141438484191895
multi_fine_477,multi_fine,stitch,arxiv,179,179,1792,True,1.0,[179],39,0.0046427249908447266,0.0002200603485107422,0.042313575744628906,True,0.059772491455078125,1.0,1.0,0.0624547004699707,1,1,0.1780238151550293,0.23527812957763672,top-1,854,False,50,0.35828447341918945,10.352535963058472,2.6141438484191895
multi_fine_478,multi_fine,stitch,arxiv,14,14,147,True,1.0,[14],50,0.004911184310913086,0.00016736984252929688,0.041266679763793945,True,0.0718526840209961,1.0,1.0,0.07569503784179688,1,1,0.2116858959197998,0.2766287326812744,top-1,872,False,50,0.35828447341918945,10.352535963058472,2.6141438484191895
multi_fine_479,multi_fine,stitch,arxiv,37,37,375,True,1.0,[37],48,0.004552602767944336,0.00020837783813476562,0.04326605796813965,True,0.054511070251464844,1.0,1.0,0.059262752532958984,1,1,0.1990203857421875,0.25438475608825684,top-1,830,False,50,0.35828447341918945,10.352535963058472,2.6141438484191895
multi_fine_480,multi_fine,stitch,arxiv,118,118,1184,True,1.0,[118],39,0.00475001335144043,0.00021648406982421875,0.04020357131958008,True,0.05060219764709473,1.0,1.0,0.054131269454956055,1,1,0.1779642105102539,0.23339557647705078,top-1,866,False,50,0.35828447341918945,10.352535963058472,2.6141438484191895
multi_fine_481,multi_fine,stitch,arxiv,156,156,1567,True,1.0,[156],50,0.005990028381347656,0.0003108978271484375,0.049242258071899414,True,0.054143428802490234,1.0,1.0,0.057953834533691406,1,1,0.17084598541259766,0.23145556449890137,top-1,827,False,50,0.35828447341918945,10.352535963058472,2.6141438484191895
multi_fine_482,multi_fine,stitch,arxiv,189,189,1898,True,1.0,[189],48,0.008458614349365234,0.0002884864807128906,0.08735060691833496,True,0.04549145698547363,1.0,1.0,0.04793500900268555,1,1,0.2018744945526123,0.30433154106140137,top-1,844,False,50,0.35828447341918945,10.352535963058472,2.6141438484191895
multi_fine_483,multi_fine,stitch,arxiv,116,116,1166,True,1.0,[116],33,0.0048024654388427734,0.0002982616424560547,0.04162716865539551,True,0.04837179183959961,1.0,1.0,0.05199575424194336,1,1,0.15869688987731934,0.21034979820251465,top-1,825,False,50,0.35828447341918945,10.352535963058472,2.6141438484191895
multi_fine_484,multi_fine,stitch,arxiv,134,134,1346,True,1.0,[134],44,0.00496673583984375,0.0002639293670654297,0.042761802673339844,True,0.04975605010986328,1.0,1.0,0.05353140830993652,1,1,0.16721677780151367,0.21764063835144043,top-1,843,False,50,0.35828447341918945,10.352535963058472,2.6141438484191895
multi_fine_485,multi_fine,stitch,arxiv,1,1,14,True,1.0,[1],48,0.0052607059478759766,0.00021886825561523438,0.04890704154968262,True,0.04889726638793945,1.0,1.0,0.05265092849731445,2,2,0.16704440116882324,0.22478342056274414,top-1,859,False,50,0.35828447341918945,10.352535963058472,2.6141438484191895
multi_fine_486,multi_fine,stitch,arxiv,25,25,252,True,1.0,[25],48,0.006316184997558594,0.0004749298095703125,0.0587313175201416,True,0.04774188995361328,1.0,1.0,0.050187110900878906,1,1,0.16880440711975098,0.2387228012084961,top-1,823,False,50,0.35828447341918945,10.352535963058472,2.6141438484191895
multi_fine_487,multi_fine,stitch,arxiv,182,182,1820,True,1.0,[182],43,0.004769802093505859,0.00025343894958496094,0.04289603233337402,True,0.04529070854187012,1.0,1.0,0.047548770904541016,1,1,0.15552735328674316,0.21055150032043457,top-1,832,False,50,0.35828447341918945,10.352535963058472,2.6141438484191895
multi_fine_488,multi_fine,stitch,arxiv,195,195,1953,True,1.0,[195],48,0.004385232925415039,0.0001595020294189453,0.0375673770904541,True,0.05065631866455078,1.0,1.0,0.05397152900695801,1,1,0.1776566505432129,0.23166561126708984,top-1,872,False,50,0.35828447341918945,10.352535963058472,2.6141438484191895
multi_fine_489,multi_fine,stitch,arxiv,78,78,782,True,1.0,[78],29,0.004834413528442383,0.0004355907440185547,0.04005885124206543,True,0.05106163024902344,1.0,1.0,0.053693294525146484,1,1,0.17023873329162598,0.22240471839904785,top-1,872,False,50,0.35828447341918945,10.352535963058472,2.6141438484191895
multi_fine_490,multi_fine,stitch,arxiv,127,127,1279,True,1.0,[127],48,0.004662990570068359,0.0001957416534423828,0.04363393783569336,True,0.05418825149536133,1.0,1.0,0.05799698829650879,1,1,0.1772167682647705,0.2427215576171875,top-1,870,False,50,0.35828447341918945,10.352535963058472,2.6141438484191895
multi_fine_491,multi_fine,stitch,arxiv,182,182,1822,True,1.0,[182],45,0.00670170783996582,0.00023484230041503906,0.04407215118408203,True,0.05936694145202637,1.0,1.0,0.05965232849121094,1,1,0.23324346542358398,0.2893848419189453,top-1,832,False,50,0.35828447341918945,10.352535963058472,2.6141438484191895
multi_fine_492,multi_fine,stitch,arxiv,178,178,1789,True,1.0,[178],48,0.005585670471191406,0.00019216537475585938,0.04500126838684082,True,0.056275367736816406,1.0,1.0,0.05914711952209473,1,1,0.22920918464660645,0.2829606533050537,top-1,836,False,50,0.35828447341918945,10.352535963058472,2.6141438484191895
multi_fine_493,multi_fine,stitch,arxiv,58,58,580,True,1.0,[58],39,0.007570743560791016,0.00044655799865722656,0.044124603271484375,True,0.045241355895996094,1.0,1.0,0.04772806167602539,1,1,0.15843534469604492,0.21770668029785156,top-1,831,False,50,0.35828447341918945,10.352535963058472,2.6141438484191895
multi_fine_494,multi_fine,stitch,arxiv,170,170,1700,True,1.0,[170],25,0.006726503372192383,0.000255584716796875,0.04436016082763672,True,0.04937338829040527,1.0,1.0,0.051509857177734375,1,1,0.15765094757080078,0.21810269355773926,top-1,826,False,50,0.35828447341918945,10.352535963058472,2.6141438484191895
multi_fine_495,multi_fine,stitch,arxiv,183,183,1830,True,1.0,[183],34,0.00471806526184082,0.00017189979553222656,0.04094052314758301,True,0.04779982566833496,1.0,1.0,0.049843788146972656,1,1,0.1636064052581787,0.2121429443359375,top-1,870,False,50,0.35828447341918945,10.352535963058472,2.6141438484191895
multi_fine_496,multi_fine,stitch,arxiv,126,126,1265,True,1.0,[126],34,0.004504203796386719,0.00016188621520996094,0.03824973106384277,True,0.04872894287109375,1.0,1.0,0.051462650299072266,1,1,0.15741777420043945,0.20296764373779297,top-1,826,False,50,0.35828447341918945,10.352535963058472,2.6141438484191895
multi_fine_497,multi_fine,stitch,arxiv,181,181,1810,True,1.0,[181],27,0.005386829376220703,0.00020265579223632812,0.03961658477783203,True,0.05356788635253906,1.0,1.0,0.0557863712310791,1,1,0.16100192070007324,0.2120680809020996,top-1,829,False,50,0.35828447341918945,10.352535963058472,2.6141438484191895
multi_fine_498,multi_fine,stitch,arxiv,151,151,1512,True,1.0,[151],30,0.006166934967041016,0.00025343894958496094,0.0522160530090332,True,0.05382680892944336,1.0,1.0,0.05662822723388672,1,1,0.1903681755065918,0.2518131732940674,top-1,863,False,50,0.35828447341918945,10.352535963058472,2.6141438484191895
multi_fine_499,multi_fine,stitch,arxiv,8,8,84,True,1.0,[8],48,0.00461268424987793,0.00017261505126953125,0.03917336463928223,True,0.07570409774780273,1.0,1.0,0.08016490936279297,1,1,0.2058565616607666,0.2547760009765625,top-1,872,False,50,0.35828447341918945,10.352535963058472,2.6141438484191895
multi_fine_500,multi_fine,stitch,arxiv,5,5,53,True,1.0,[5],55,0.007775068283081055,0.0010318756103515625,0.04535222053527832,True,0.08220338821411133,1.0,1.0,0.08509182929992676,1,1,0.2049262523651123,0.27018237113952637,top-1,872,False,100,0.35828447341918945,10.352535963058472,2.6141438484191895
multi_fine_501,multi_fine,stitch,arxiv,130,130,1304,True,1.0,[130],61,0.0048258304595947266,0.0001666545867919922,0.03892064094543457,True,0.05971574783325195,1.0,1.0,0.06191205978393555,1,1,0.17753839492797852,0.22434520721435547,top-1,823,False,100,0.35828447341918945,10.352535963058472,2.6141438484191895
multi_fine_502,multi_fine,stitch,arxiv,177,177,1776,True,1.0,[177],53,0.004675388336181641,0.00018644332885742188,0.041177988052368164,True,0.06271719932556152,1.0,1.0,0.06756973266601562,1,1,0.17781615257263184,0.23175358772277832,top-1,822,False,100,0.35828447341918945,10.352535963058472,2.6141438484191895
multi_fine_503,multi_fine,stitch,arxiv,52,52,521,True,1.0,[52],77,0.004555225372314453,0.00016045570373535156,0.040953874588012695,True,0.047464847564697266,1.0,1.0,0.05096888542175293,1,1,0.1658637523651123,0.21767139434814453,top-1,823,False,100,0.35828447341918945,10.352535963058472,2.6141438484191895
multi_fine_504,multi_fine,stitch,arxiv,133,133,1333,True,1.0,[133],95,0.007344722747802734,0.00018668174743652344,0.042581796646118164,True,0.06541800498962402,1.0,1.0,0.06939291954040527,1,1,0.1941375732421875,0.24713683128356934,top-1,872,False,100,0.35828447341918945,10.352535963058472,2.6141438484191895
multi_fine_505,multi_fine,stitch,arxiv,12,12,122,True,1.0,[12],52,0.004727363586425781,0.0001690387725830078,0.06167173385620117,True,0.05537557601928711,1.0,1.0,0.05763745307922363,1,1,0.17955398559570312,0.2494053840637207,top-1,822,False,100,0.35828447341918945,10.352535963058472,2.6141438484191895
multi_fine_506,multi_fine,stitch,arxiv,196,196,1968,True,1.0,[196],90,0.004504680633544922,0.000225067138671875,0.06198310852050781,True,0.05692124366760254,1.0,1.0,0.05943441390991211,1,1,0.18868589401245117,0.2582535743713379,top-1,840,False,100,0.35828447341918945,10.352535963058472,2.6141438484191895
multi_fine_507,multi_fine,stitch,arxiv,70,70,708,True,1.0,[70],56,0.0048220157623291016,0.0002551078796386719,0.0459742546081543,True,0.05192923545837402,1.0,1.0,0.0552668571472168,1,1,0.1738433837890625,0.22919774055480957,top-1,872,False,100,0.35828447341918945,10.352535963058472,2.6141438484191895
multi_fine_508,multi_fine,stitch,arxiv,53,53,534,True,1.0,[53],82,0.005698442459106445,0.00021028518676757812,0.04257535934448242,True,0.04607081413269043,1.0,1.0,0.0483241081237793,1,1,0.16865086555480957,0.2198030948638916,top-1,822,False,100,0.35828447341918945,10.352535963058472,2.6141438484191895
multi_fine_509,multi_fine,stitch,arxiv,71,71,718,True,1.0,[71],75,0.004745960235595703,0.00020360946655273438,0.04081082344055176,True,0.04927229881286621,1.0,1.0,0.051323890686035156,1,1,0.17947816848754883,0.22908473014831543,top-1,852,False,100,0.35828447341918945,10.352535963058472,2.6141438484191895
multi_fine_510,multi_fine,stitch,arxiv,163,163,1631,True,1.0,[163],56,0.005583524703979492,0.0002484321594238281,0.05028343200683594,True,0.04713749885559082,1.0,1.0,0.04959273338317871,1,1,0.16502118110656738,0.22372794151306152,top-1,827,False,100,0.35828447341918945,10.352535963058472,2.6141438484191895
multi_fine_511,multi_fine,stitch,arxiv,40,40,407,True,1.0,[40],84,0.004776954650878906,0.00017499923706054688,0.03914642333984375,True,0.05260038375854492,1.0,1.0,0.05491900444030762,1,1,0.17270255088806152,0.21993613243103027,top-1,822,False,100,0.35828447341918945,10.352535963058472,2.6141438484191895
multi_fine_512,multi_fine,stitch,arxiv,29,29,298,True,1.0,[29],100,0.004443168640136719,0.00019931793212890625,0.05121755599975586,True,0.06735038757324219,1.0,1.0,0.07065987586975098,1,1,0.1981513500213623,0.25691747665405273,top-1,872,False,100,0.35828447341918945,10.352535963058472,2.6141438484191895
multi_fine_513,multi_fine,stitch,arxiv,168,168,1683,True,1.0,[168],50,0.005074262619018555,0.00022864341735839844,0.04362678527832031,True,0.07259845733642578,1.0,1.0,0.07642221450805664,1,1,0.1970672607421875,0.280487060546875,top-1,827,False,100,0.35828447341918945,10.352535963058472,2.6141438484191895
multi_fine_514,multi_fine,stitch,arxiv,48,48,485,True,1.0,[48],75,0.008188247680664062,0.00022172927856445312,0.05544638633728027,True,0.0712587833404541,1.0,1.0,0.07591986656188965,1,1,0.20976996421813965,0.30911803245544434,top-1,824,False,100,0.35828447341918945,10.352535963058472,2.6141438484191895
multi_fine_515,multi_fine,stitch,arxiv,84,84,844,True,1.0,[84],78,0.014122962951660156,0.0002636909484863281,0.05152559280395508,True,0.09639334678649902,1.0,1.0,0.10056281089782715,1,1,0.23929738998413086,0.3160412311553955,top-1,872,False,100,0.35828447341918945,10.352535963058472,2.6141438484191895
multi_fine_516,multi_fine,stitch,arxiv,98,98,982,True,1.0,[98],100,0.0067059993743896484,0.0001919269561767578,0.043631553649902344,True,0.08113789558410645,1.0,1.0,0.08593869209289551,1,1,0.23294401168823242,0.289961576461792,top-1,872,False,100,0.35828447341918945,10.352535963058472,2.6141438484191895
multi_fine_517,multi_fine,stitch,arxiv,76,76,764,True,1.0,[76],100,0.005906343460083008,0.0002434253692626953,0.046296119689941406,True,0.057383060455322266,1.0,1.0,0.062018632888793945,1,1,0.18913006782531738,0.24612140655517578,top-1,823,False,100,0.35828447341918945,10.352535963058472,2.6141438484191895
multi_fine_518,multi_fine,stitch,arxiv,5,5,53,True,1.0,[5],99,0.007061004638671875,0.0002257823944091797,0.044840097427368164,True,0.07138776779174805,1.0,1.0,0.07626914978027344,1,1,0.2023162841796875,0.3177216053009033,top-1,872,False,100,0.35828447341918945,10.352535963058472,2.6141438484191895
multi_fine_519,multi_fine,stitch,arxiv,124,124,1242,True,1.0,[124],78,0.009085416793823242,0.00022268295288085938,0.05011940002441406,True,0.0511016845703125,1.0,1.0,0.054567575454711914,1,1,0.17272186279296875,0.24722933769226074,top-1,856,False,100,0.35828447341918945,10.352535963058472,2.6141438484191895
multi_fine_520,multi_fine,stitch,arxiv,150,150,1500,True,1.0,[150],80,0.004540920257568359,0.00025200843811035156,0.0396723747253418,True,0.04598593711853027,1.0,1.0,0.04884767532348633,1,1,0.17157649993896484,0.21867012977600098,top-1,869,False,100,0.35828447341918945,10.352535963058472,2.6141438484191895
multi_fine_521,multi_fine,stitch,arxiv,114,114,1140,True,1.0,[114],51,0.00520634651184082,0.0002791881561279297,0.044013261795043945,True,0.057767391204833984,1.0,1.0,0.0639040470123291,1,1,0.24035239219665527,0.2933998107910156,top-1,872,False,100,0.35828447341918945,10.352535963058472,2.6141438484191895
multi_fine_522,multi_fine,stitch,arxiv,52,52,527,True,1.0,[52],74,0.007733583450317383,0.0002467632293701172,0.05524325370788574,True,0.044326066970825195,1.0,1.0,0.05128931999206543,1,1,0.16411924362182617,0.2302546501159668,top-1,823,False,100,0.35828447341918945,10.352535963058472,2.6141438484191895
multi_fine_523,multi_fine,stitch,arxiv,65,65,654,True,1.0,[65],96,0.004939079284667969,0.00020837783813476562,0.03923749923706055,True,0.06656575202941895,1.0,1.0,0.07018136978149414,1,1,0.21928000450134277,0.26737523078918457,top-1,825,False,100,0.35828447341918945,10.352535963058472,2.6141438484191895
multi_fine_524,multi_fine,stitch,arxiv,97,97,973,True,1.0,[97],88,0.004639148712158203,0.000171661376953125,0.03944802284240723,True,0.05923199653625488,1.0,1.0,0.06207680702209473,1,1,0.1844639778137207,0.2328336238861084,top-1,872,False,100,0.35828447341918945,10.352535963058472,2.6141438484191895
multi_fine_525,multi_fine,stitch,arxiv,26,26,268,True,1.0,[26],70,0.004709005355834961,0.00018167495727539062,0.03839731216430664,True,0.050775766372680664,1.0,1.0,0.05335378646850586,1,1,0.16719341278076172,0.21286416053771973,top-1,825,False,100,0.35828447341918945,10.352535963058472,2.6141438484191895
multi_fine_526,multi_fine,stitch,arxiv,104,104,1048,True,1.0,[104],56,0.005272865295410156,0.0002701282501220703,0.04483604431152344,True,0.049935102462768555,1.0,1.0,0.05297493934631348,1,1,0.17035961151123047,0.2368917465209961,top-1,872,False,100,0.35828447341918945,10.352535963058472,2.6141438484191895
multi_fine_527,multi_fine,stitch,arxiv,82,82,829,True,1.0,[82],63,0.005836963653564453,0.0002675056457519531,0.045302629470825195,True,0.05277085304260254,1.0,1.0,0.05620241165161133,1,1,0.16881132125854492,0.2236323356628418,top-1,822,False,100,0.35828447341918945,10.352535963058472,2.6141438484191895
multi_fine_528,multi_fine,stitch,arxiv,151,151,1515,True,1.0,[151],64,0.0047626495361328125,0.0002219676971435547,0.04126405715942383,True,0.05073070526123047,1.0,1.0,0.053856849670410156,1,1,0.22909855842590332,0.29646754264831543,top-1,863,False,100,0.35828447341918945,10.352535963058472,2.6141438484191895
multi_fine_529,multi_fine,stitch,arxiv,121,121,1211,True,1.0,[121],70,0.005553483963012695,0.0002765655517578125,0.04570627212524414,True,0.05053377151489258,0.9857142857142858,1.0,0.055077314376831055,2,2,0.19165849685668945,0.24670982360839844,top-1,854,False,100,0.35828447341918945,10.352535963058472,2.6141438484191895
multi_fine_530,multi_fine,stitch,arxiv,125,125,1258,True,1.0,[125],66,0.004913330078125,0.0002636909484863281,0.05916118621826172,True,0.0527951717376709,1.0,1.0,0.05549764633178711,1,1,0.17962908744812012,0.24686861038208008,top-1,872,False,100,0.35828447341918945,10.352535963058472,2.6141438484191895
multi_fine_531,multi_fine,stitch,arxiv,123,123,1239,True,1.0,[123],82,0.004884243011474609,0.00028777122497558594,0.04235029220581055,True,0.055151939392089844,1.0,1.0,0.059565067291259766,1,1,0.19090628623962402,0.24127531051635742,top-1,869,False,100,0.35828447341918945,10.352535963058472,2.6141438484191895
multi_fine_532,multi_fine,stitch,arxiv,30,30,308,True,1.0,[30],100,0.004743337631225586,0.00022220611572265625,0.04336047172546387,True,0.05830097198486328,1.0,1.0,0.06327390670776367,1,1,0.20827198028564453,0.26599574089050293,top-1,872,False,100,0.35828447341918945,10.352535963058472,2.6141438484191895
multi_fine_533,multi_fine,stitch,arxiv,148,148,1482,True,1.0,[148],75,0.006989717483520508,0.00021576881408691406,0.04662442207336426,True,0.04961991310119629,1.0,1.0,0.05380105972290039,1,1,0.21571755409240723,0.27674078941345215,top-1,850,False,100,0.35828447341918945,10.352535963058472,2.6141438484191895
multi_fine_534,multi_fine,stitch,arxiv,170,170,1708,True,1.0,[170],82,0.004704713821411133,0.00024509429931640625,0.04360008239746094,True,0.05130624771118164,1.0,1.0,0.055532217025756836,1,1,0.1925818920135498,0.26926684379577637,top-1,826,False,100,0.35828447341918945,10.352535963058472,2.6141438484191895
multi_fine_535,multi_fine,stitch,arxiv,131,131,1314,True,1.0,[131],56,0.007622957229614258,0.00036525726318359375,0.07509016990661621,True,0.05202174186706543,0.9642857142857143,1.0,0.05547451972961426,2,2,0.17279386520385742,0.27498888969421387,top-1,842,False,100,0.35828447341918945,10.352535963058472,2.6141438484191895
multi_fine_536,multi_fine,stitch,arxiv,29,29,293,True,1.0,[29],87,0.005148887634277344,0.00020265579223632812,0.053138017654418945,True,0.059450387954711914,1.0,1.0,0.06392455101013184,1,1,0.21800875663757324,0.28311824798583984,top-1,872,False,100,0.35828447341918945,10.352535963058472,2.6141438484191895
multi_fine_537,multi_fine,stitch,arxiv,49,49,490,True,1.0,[49],99,0.004868030548095703,0.00021147727966308594,0.04469704627990723,True,0.08018779754638672,1.0,1.0,0.08644819259643555,1,1,0.21935033798217773,0.292724609375,top-1,872,False,100,0.35828447341918945,10.352535963058472,2.6141438484191895
multi_fine_538,multi_fine,stitch,arxiv,110,110,1103,True,1.0,[110],70,0.0055730342864990234,0.00022530555725097656,0.045740365982055664,True,0.05112791061401367,1.0,1.0,0.05380511283874512,1,1,0.17957448959350586,0.2518770694732666,top-1,869,False,100,0.35828447341918945,10.352535963058472,2.6141438484191895
multi_fine_539,multi_fine,stitch,arxiv,66,66,667,True,1.0,[66],84,0.007272958755493164,0.000316619873046875,0.0699610710144043,True,0.07018613815307617,1.0,1.0,0.07504773139953613,1,1,0.23567628860473633,0.3190467357635498,top-1,872,False,100,0.35828447341918945,10.352535963058472,2.6141438484191895
multi_fine_540,multi_fine,stitch,arxiv,46,46,460,True,1.0,[46],77,0.0051763057708740234,0.00019121170043945312,0.0406186580657959,True,0.053603410720825195,0.987012987012987,1.0,0.056252241134643555,2,2,0.1720876693725586,0.22147822380065918,top-1,822,False,100,0.35828447341918945,10.352535963058472,2.6141438484191895
multi_fine_541,multi_fine,stitch,arxiv,150,150,1500,True,1.0,[150],57,0.005003929138183594,0.00023102760314941406,0.040198564529418945,True,0.049894094467163086,1.0,1.0,0.05278372764587402,1,1,0.19255328178405762,0.2483079433441162,top-1,869,False,100,0.35828447341918945,10.352535963058472,2.6141438484191895
multi_fine_542,multi_fine,stitch,arxiv,65,65,652,True,1.0,[65],79,0.005517244338989258,0.00016260147094726562,0.041841745376586914,True,0.05308175086975098,1.0,1.0,0.05711817741394043,1,1,0.20285844802856445,0.2593414783477783,top-1,825,False,100,0.35828447341918945,10.352535963058472,2.6141438484191895
multi_fine_543,multi_fine,stitch,arxiv,130,130,1300,True,1.0,[130],64,0.005742549896240234,0.00016117095947265625,0.05561208724975586,True,0.048473358154296875,0.96875,1.0,0.05079936981201172,2,2,0.20825433731079102,0.27289652824401855,top-1,823,False,100,0.35828447341918945,10.352535963058472,2.6141438484191895
multi_fine_544,multi_fine,stitch,arxiv,9,9,94,True,1.0,[9],78,0.005984783172607422,0.0003561973571777344,0.05937933921813965,True,0.04810833930969238,1.0,1.0,0.0505671501159668,1,1,0.16805124282836914,0.23835515975952148,top-1,840,False,100,0.35828447341918945,10.352535963058472,2.6141438484191895
multi_fine_545,multi_fine,stitch,arxiv,101,101,1018,True,1.0,[101],59,0.004693746566772461,0.00017642974853515625,0.044473886489868164,True,0.042813777923583984,1.0,1.0,0.04558849334716797,1,1,0.21275115013122559,0.26467061042785645,top-1,844,False,100,0.35828447341918945,10.352535963058472,2.6141438484191895
multi_fine_546,multi_fine,stitch,arxiv,92,92,923,True,1.0,[92],76,0.004652500152587891,0.00016427040100097656,0.03838086128234863,True,0.05484342575073242,1.0,1.0,0.05807924270629883,1,1,0.17976880073547363,0.22711825370788574,top-1,872,False,100,0.35828447341918945,10.352535963058472,2.6141438484191895
multi_fine_547,multi_fine,stitch,arxiv,86,86,869,True,1.0,[86],99,0.005864143371582031,0.00022292137145996094,0.04605388641357422,True,0.06708693504333496,1.0,1.0,0.07076191902160645,1,1,0.2043623924255371,0.26830506324768066,top-1,862,False,100,0.35828447341918945,10.352535963058472,2.6141438484191895
multi_fine_548,multi_fine,stitch,arxiv,150,150,1509,True,1.0,[150],57,0.005992889404296875,0.0002570152282714844,0.06049227714538574,True,0.04408669471740723,1.0,1.0,0.04729485511779785,1,1,0.17308354377746582,0.2471311092376709,top-1,869,False,100,0.35828447341918945,10.352535963058472,2.6141438484191895
multi_fine_549,multi_fine,stitch,arxiv,44,44,440,True,1.0,[44],77,0.00599217414855957,0.0002052783966064453,0.06759357452392578,True,0.05986618995666504,1.0,1.0,0.06017565727233887,1,1,0.1909317970275879,0.2684619426727295,top-1,823,False,100,0.35828447341918945,10.352535963058472,2.6141438484191895
multi_fine_550,multi_fine,stitch,arxiv,145,145,1454,True,1.0,[145],72,0.004599809646606445,0.00020003318786621094,0.05535745620727539,True,0.05633735656738281,1.0,1.0,0.061032772064208984,1,1,0.1953110694885254,0.2666440010070801,top-1,863,False,100,0.35828447341918945,10.352535963058472,2.6141438484191895
multi_fine_551,multi_fine,stitch,arxiv,190,190,1900,True,1.0,[190],52,0.004965066909790039,0.0002658367156982422,0.04343724250793457,True,0.07176756858825684,1.0,1.0,0.07616877555847168,1,1,0.20027470588684082,0.2525022029876709,top-1,860,False,100,0.35828447341918945,10.352535963058472,2.6141438484191895
multi_fine_552,multi_fine,stitch,arxiv,47,47,474,True,1.0,[47],59,0.005353212356567383,0.00022745132446289062,0.047528743743896484,True,0.05531024932861328,1.0,1.0,0.05892348289489746,1,1,0.18605542182922363,0.24255132675170898,top-1,830,False,100,0.35828447341918945,10.352535963058472,2.6141438484191895
multi_fine_553,multi_fine,stitch,arxiv,38,38,382,True,1.0,[38],68,0.004700183868408203,0.00024509429931640625,0.03899526596069336,True,0.05057692527770996,1.0,1.0,0.054762840270996094,1,1,0.17275309562683105,0.2261819839477539,top-1,872,False,100,0.35828447341918945,10.352535963058472,2.6141438484191895
multi_fine_554,multi_fine,stitch,arxiv,48,48,484,True,1.0,[48],73,0.005861043930053711,0.00024080276489257812,0.04935956001281738,True,0.05278158187866211,1.0,1.0,0.055498361587524414,1,1,0.17472028732299805,0.240142822265625,top-1,824,False,100,0.35828447341918945,10.352535963058472,2.6141438484191895
multi_fine_555,multi_fine,stitch,arxiv,165,165,1658,True,1.0,[165],85,0.004949092864990234,0.0002262592315673828,0.04485964775085449,True,0.060399532318115234,1.0,1.0,0.06495475769042969,1,1,0.198319673538208,0.2554008960723877,top-1,872,False,100,0.35828447341918945,10.352535963058472,2.6141438484191895
multi_fine_556,multi_fine,stitch,arxiv,165,165,1652,True,1.0,[165],72,0.005238056182861328,0.0002372264862060547,0.0440373420715332,True,0.06984186172485352,1.0,1.0,0.07307672500610352,1,1,0.21891140937805176,0.27455949783325195,top-1,872,False,100,0.35828447341918945,10.352535963058472,2.6141438484191895
multi_fine_557,multi_fine,stitch,arxiv,9,9,94,True,1.0,[9],62,0.007161378860473633,0.0002818107604980469,0.04558157920837402,True,0.05367469787597656,1.0,1.0,0.05712890625,1,1,0.2295694351196289,0.2860901355743408,top-1,840,False,100,0.35828447341918945,10.352535963058472,2.6141438484191895
multi_fine_558,multi_fine,stitch,arxiv,194,194,1946,True,1.0,[194],65,0.005382061004638672,0.00022125244140625,0.04186081886291504,True,0.060861825942993164,1.0,1.0,0.06396198272705078,1,1,0.1889486312866211,0.2415158748626709,top-1,872,False,100,0.35828447341918945,10.352535963058472,2.6141438484191895
multi_fine_559,multi_fine,stitch,arxiv,158,158,1580,True,1.0,[158],79,0.00516510009765625,0.00021314620971679688,0.05014991760253906,True,0.0537567138671875,1.0,1.0,0.05735588073730469,1,1,0.17986583709716797,0.23852205276489258,top-1,830,False,100,0.35828447341918945,10.352535963058472,2.6141438484191895
multi_fine_560,multi_fine,stitch,arxiv,130,130,1302,True,1.0,[130],63,0.009494781494140625,0.000240325927734375,0.05022716522216797,True,0.05526590347290039,1.0,1.0,0.05903196334838867,1,1,0.17958712577819824,0.24328994750976562,top-1,823,False,100,0.35828447341918945,10.352535963058472,2.6141438484191895
multi_fine_561,multi_fine,stitch,arxiv,172,172,1724,True,1.0,[172],55,0.007781028747558594,0.00026679039001464844,0.06980085372924805,True,0.05946469306945801,1.0,1.0,0.06226348876953125,1,1,0.1852576732635498,0.26853227615356445,top-1,823,False,100,0.35828447341918945,10.352535963058472,2.6141438484191895
multi_fine_562,multi_fine,stitch,arxiv,172,172,1728,True,1.0,[172],75,0.0045359134674072266,0.00022172927856445312,0.03891754150390625,True,0.052376747131347656,1.0,1.0,0.05633234977722168,1,1,0.17156505584716797,0.21860885620117188,top-1,823,False,100,0.35828447341918945,10.352535963058472,2.6141438484191895
multi_fine_563,multi_fine,stitch,arxiv,62,62,622,True,1.0,[62],90,0.005000591278076172,0.00031185150146484375,0.03995013236999512,True,0.058785200119018555,1.0,1.0,0.06343531608581543,1,1,0.19574689865112305,0.24548912048339844,top-1,870,False,100,0.35828447341918945,10.352535963058472,2.6141438484191895
multi_fine_564,multi_fine,stitch,arxiv,139,139,1399,True,1.0,[139],51,0.004876852035522461,0.00021839141845703125,0.039412736892700195,True,0.04760122299194336,1.0,1.0,0.05039787292480469,1,1,0.17061090469360352,0.21778178215026855,top-1,870,False,100,0.35828447341918945,10.352535963058472,2.6141438484191895
multi_fine_565,multi_fine,stitch,arxiv,166,166,1664,True,1.0,[166],65,0.005088090896606445,0.000225067138671875,0.03924894332885742,True,0.05733036994934082,1.0,1.0,0.06105232238769531,1,1,0.17277908325195312,0.2201826572418213,top-1,822,False,100,0.35828447341918945,10.352535963058472,2.6141438484191895
multi_fine_566,multi_fine,stitch,arxiv,174,174,1741,True,1.0,[174],81,0.004882335662841797,0.00032901763916015625,0.0437924861907959,True,0.06077313423156738,1.0,1.0,0.06473183631896973,1,1,0.23110246658325195,0.2833888530731201,top-1,872,False,100,0.35828447341918945,10.352535963058472,2.6141438484191895
multi_fine_567,multi_fine,stitch,arxiv,3,83,830,False,1.0,[3],64,0.006536245346069336,0.00017309188842773438,0.058913469314575195,True,0.4459662437438965,1.0,1.0,0.4568634033203125,1,1,1.269829273223877,1.3521089553833008,top-5,5042,False,100,0.35828447341918945,10.352535963058472,2.6141438484191895
multi_fine_568,multi_fine,stitch,arxiv,9,9,98,True,1.0,[9],72,0.004975557327270508,0.00017189979553222656,0.07614994049072266,True,0.05072212219238281,1.0,1.0,0.05772590637207031,1,1,0.19574475288391113,0.28516602516174316,top-1,840,False,100,0.35828447341918945,10.352535963058472,2.6141438484191895
multi_fine_569,multi_fine,stitch,arxiv,147,147,1473,True,1.0,[147],100,0.004828453063964844,0.00025177001953125,0.03969860076904297,True,0.06742596626281738,1.0,1.0,0.07091903686523438,1,1,0.19250035285949707,0.2403886318206787,top-1,847,False,100,0.35828447341918945,10.352535963058472,2.6141438484191895
multi_fine_570,multi_fine,stitch,arxiv,146,146,1465,True,1.0,[146],62,0.008267402648925781,0.0003457069396972656,0.07928276062011719,True,0.05328965187072754,1.0,1.0,0.056993961334228516,1,1,0.17659258842468262,0.26894497871398926,top-1,866,False,100,0.35828447341918945,10.352535963058472,2.6141438484191895
multi_fine_571,multi_fine,stitch,arxiv,3,3,31,True,1.0,[3],100,0.006032705307006836,0.000217437744140625,0.041020870208740234,True,0.06772279739379883,1.0,1.0,0.07567429542541504,1,1,0.19376277923583984,0.24695563316345215,top-1,822,False,100,0.35828447341918945,10.352535963058472,2.6141438484191895
multi_fine_572,multi_fine,stitch,arxiv,144,144,1443,True,1.0,[144],71,0.007704973220825195,0.0002658367156982422,0.061975955963134766,True,0.049031734466552734,1.0,1.0,0.05204510688781738,1,1,0.17177724838256836,0.26062560081481934,top-1,831,False,100,0.35828447341918945,10.352535963058472,2.6141438484191895
multi_fine_573,multi_fine,stitch,arxiv,84,84,844,True,1.0,[84],99,0.004876613616943359,0.00020599365234375,0.039711713790893555,True,0.06304001808166504,1.0,1.0,0.06649541854858398,1,1,0.19978976249694824,0.2550239562988281,top-1,872,False,100,0.35828447341918945,10.352535963058472,2.6141438484191895
multi_fine_574,multi_fine,stitch,arxiv,115,115,1156,True,1.0,[115],90,0.005194187164306641,0.00022935867309570312,0.042137861251831055,True,0.06622004508972168,1.0,1.0,0.07059907913208008,1,1,0.18888640403747559,0.24547028541564941,top-1,862,False,100,0.35828447341918945,10.352535963058472,2.6141438484191895
multi_fine_575,multi_fine,stitch,arxiv,67,67,672,True,1.0,[67],91,0.006422281265258789,0.0002453327178955078,0.06862306594848633,True,0.058382511138916016,1.0,1.0,0.062000274658203125,1,1,0.19243931770324707,0.28029394149780273,top-1,823,False,100,0.35828447341918945,10.352535963058472,2.6141438484191895
multi_fine_576,multi_fine,stitch,arxiv,96,96,968,True,1.0,[96],81,0.0048122406005859375,0.0001983642578125,0.03867650032043457,True,0.046175241470336914,1.0,1.0,0.048279523849487305,1,1,0.16195893287658691,0.20865273475646973,top-1,822,False,100,0.35828447341918945,10.352535963058472,2.6141438484191895
multi_fine_577,multi_fine,stitch,arxiv,152,152,1522,True,1.0,[152],67,0.004878520965576172,0.00022411346435546875,0.03890395164489746,True,0.04421281814575195,1.0,1.0,0.04639601707458496,1,1,0.23614096641540527,0.2879464626312256,top-1,851,False,100,0.35828447341918945,10.352535963058472,2.6141438484191895
multi_fine_578,multi_fine,stitch,arxiv,32,32,328,True,1.0,[32],68,0.012158393859863281,0.00020623207092285156,0.04221510887145996,True,0.043564558029174805,1.0,1.0,0.04627418518066406,1,1,0.17208600044250488,0.2497406005859375,top-1,822,False,100,0.35828447341918945,10.352535963058472,2.6141438484191895
multi_fine_579,multi_fine,stitch,arxiv,192,192,1925,True,1.0,[192],75,0.005389690399169922,0.00022792816162109375,0.04517984390258789,True,0.04853320121765137,1.0,1.0,0.050948381423950195,1,1,0.17636370658874512,0.23665690422058105,top-1,853,False,100,0.35828447341918945,10.352535963058472,2.6141438484191895
multi_fine_580,multi_fine,stitch,arxiv,102,102,1028,True,1.0,[102],52,0.005694389343261719,0.00019884109497070312,0.04173707962036133,True,0.04596138000488281,1.0,1.0,0.048863887786865234,1,1,0.16347765922546387,0.2138209342956543,top-1,871,False,100,0.35828447341918945,10.352535963058472,2.6141438484191895
multi_fine_581,multi_fine,stitch,arxiv,130,130,1302,True,1.0,[130],60,0.0046482086181640625,0.00023651123046875,0.038626909255981445,True,0.05791163444519043,1.0,1.0,0.0599970817565918,1,1,0.25104665756225586,0.32108187675476074,top-1,823,False,100,0.35828447341918945,10.352535963058472,2.6141438484191895
multi_fine_582,multi_fine,stitch,arxiv,23,23,235,True,1.0,[23],100,0.007946014404296875,0.00029778480529785156,0.07897830009460449,True,0.07175135612487793,1.0,1.0,0.08525609970092773,1,1,0.22098708152770996,0.3137545585632324,top-1,872,False,100,0.35828447341918945,10.352535963058472,2.6141438484191895
multi_fine_583,multi_fine,stitch,arxiv,35,35,356,True,1.0,[35],66,0.004570722579956055,0.0001838207244873047,0.038424015045166016,True,0.0485539436340332,1.0,1.0,0.05064702033996582,1,1,0.16360688209533691,0.21241188049316406,top-1,832,False,100,0.35828447341918945,10.352535963058472,2.6141438484191895
multi_fine_584,multi_fine,stitch,arxiv,82,82,826,True,1.0,[82],55,0.0045206546783447266,0.00020170211791992188,0.0380558967590332,True,0.0467534065246582,1.0,1.0,0.04906415939331055,1,1,0.15705275535583496,0.2095811367034912,top-1,822,False,100,0.35828447341918945,10.352535963058472,2.6141438484191895
multi_fine_585,multi_fine,stitch,arxiv,121,121,1210,True,1.0,[121],72,0.004754066467285156,0.0001862049102783203,0.039048194885253906,True,0.04859328269958496,1.0,1.0,0.05112624168395996,1,1,0.16774296760559082,0.2194843292236328,top-1,854,False,100,0.35828447341918945,10.352535963058472,2.6141438484191895
multi_fine_586,multi_fine,stitch,arxiv,109,109,1092,True,1.0,[109],61,0.005179405212402344,0.0002205371856689453,0.04051661491394043,True,0.04379749298095703,1.0,1.0,0.04624819755554199,1,1,0.21131205558776855,0.26560211181640625,top-1,847,False,100,0.35828447341918945,10.352535963058472,2.6141438484191895
multi_fine_587,multi_fine,stitch,arxiv,65,65,652,True,1.0,[65],57,0.0044078826904296875,0.000164031982421875,0.03837013244628906,True,0.04815387725830078,1.0,1.0,0.05032086372375488,1,1,0.16120028495788574,0.20846819877624512,top-1,825,False,100,0.35828447341918945,10.352535963058472,2.6141438484191895
multi_fine_588,multi_fine,stitch,arxiv,176,176,1760,True,1.0,[176],82,0.005095243453979492,0.00021696090698242188,0.04141521453857422,True,0.054001569747924805,0.975609756097561,1.0,0.05776691436767578,2,2,0.17908024787902832,0.22901606559753418,top-1,822,False,100,0.35828447341918945,10.352535963058472,2.6141438484191895
multi_fine_589,multi_fine,stitch,arxiv,63,63,633,True,1.0,[63],85,0.004624605178833008,0.00017952919006347656,0.03911733627319336,True,0.06144213676452637,1.0,1.0,0.06418824195861816,1,1,0.2660226821899414,0.313809871673584,top-1,822,False,100,0.35828447341918945,10.352535963058472,2.6141438484191895
multi_fine_590,multi_fine,stitch,arxiv,32,32,324,True,1.0,[32],67,0.004797458648681641,0.00015616416931152344,0.04111123085021973,True,0.04794764518737793,1.0,1.0,0.050376176834106445,1,1,0.1612684726715088,0.210036039352417,top-1,822,False,100,0.35828447341918945,10.352535963058472,2.6141438484191895
multi_fine_591,multi_fine,stitch,arxiv,189,189,1899,True,1.0,[189],78,0.004999876022338867,0.00021195411682128906,0.03834676742553711,True,0.0480198860168457,1.0,1.0,0.05041909217834473,1,1,0.16729164123535156,0.21666717529296875,top-1,844,False,100,0.35828447341918945,10.352535963058472,2.6141438484191895
multi_fine_592,multi_fine,stitch,arxiv,35,35,358,True,1.0,[35],85,0.008810043334960938,0.00024366378784179688,0.08055281639099121,True,0.0512089729309082,1.0,1.0,0.05341053009033203,1,1,0.24417996406555176,0.3369603157043457,top-1,832,False,100,0.35828447341918945,10.352535963058472,2.6141438484191895
multi_fine_593,multi_fine,stitch,arxiv,83,83,832,True,1.0,[83],100,0.004691362380981445,0.00020051002502441406,0.038617610931396484,True,0.08591914176940918,1.0,1.0,0.09016704559326172,1,1,0.22027921676635742,0.27047133445739746,top-1,872,False,100,0.35828447341918945,10.352535963058472,2.6141438484191895
multi_fine_594,multi_fine,stitch,arxiv,13,13,134,True,1.0,[13],100,0.0045697689056396484,0.00015234947204589844,0.0382685661315918,True,0.059561967849731445,1.0,1.0,0.06273293495178223,1,1,0.18133807182312012,0.23005962371826172,top-1,822,False,100,0.35828447341918945,10.352535963058472,2.6141438484191895
multi_fine_595,multi_fine,stitch,arxiv,8,8,83,True,1.0,[8],73,0.006258487701416016,0.00022459030151367188,0.07654285430908203,True,0.05262470245361328,1.0,1.0,0.055166006088256836,1,1,0.24321484565734863,0.34477901458740234,top-1,872,False,100,0.35828447341918945,10.352535963058472,2.6141438484191895
multi_fine_596,multi_fine,stitch,arxiv,87,70,700,False,1.0,[87],54,0.004828929901123047,0.0001575946807861328,0.040204524993896484,True,0.41600823402404785,1.0,1.0,0.4253201484680176,1,1,1.3417999744415283,1.418466329574585,top-5,5081,False,100,0.35828447341918945,10.352535963058472,2.6141438484191895
multi_fine_597,multi_fine,stitch,arxiv,90,90,901,True,1.0,[90],55,0.005009651184082031,0.00033354759216308594,0.0448145866394043,True,0.04913830757141113,1.0,1.0,0.05168867111206055,1,1,0.16764569282531738,0.22127580642700195,top-1,867,False,100,0.35828447341918945,10.352535963058472,2.6141438484191895
multi_fine_598,multi_fine,stitch,arxiv,44,44,444,True,1.0,[44],73,0.00458526611328125,0.00016832351684570312,0.03759288787841797,True,0.046456098556518555,1.0,1.0,0.04863405227661133,1,1,0.1669139862060547,0.21600961685180664,top-1,823,False,100,0.35828447341918945,10.352535963058472,2.6141438484191895
multi_fine_599,multi_fine,stitch,arxiv,4,4,48,True,1.0,[4],58,0.004500865936279297,0.0002639293670654297,0.04587388038635254,True,0.056359291076660156,1.0,1.0,0.05988287925720215,1,1,0.17619872093200684,0.23118042945861816,top-1,851,False,100,0.35828447341918945,10.352535963058472,2.6141438484191895
multi_coarse_600,multi_coarse,stitch,arxiv,8,7,76,False,1.0,"[8, 125]",14,0.005069255828857422,0.00020885467529296875,0.03921675682067871,True,4.715311527252197,0.9285714285714286,1.0,4.753504514694214,2,2,8.389762163162231,8.515446186065674,top-20,17701,False,20,0.35828447341918945,10.352535963058472,2.6141438484191895
multi_coarse_601,multi_coarse,stitch,arxiv,20,125,1259,True,1.0,"[20, 125]",20,0.007328510284423828,0.00019550323486328125,0.06650233268737793,True,0.35822582244873047,1.0,1.0,0.3664076328277588,1,1,1.1353068351745605,1.22633695602417,top-5,5050,False,20,0.35828447341918945,10.352535963058472,2.6141438484191895
multi_coarse_602,multi_coarse,stitch,arxiv,43,43,437,True,1.0,"[43, 71]",20,0.005214691162109375,0.0004305839538574219,0.043195247650146484,True,3.989668607711792,0.95,1.0,4.032256364822388,2,2,7.290273427963257,7.496794939041138,top-20,17805,False,20,0.35828447341918945,10.352535963058472,2.6141438484191895
multi_coarse_603,multi_coarse,stitch,arxiv,13,113,1134,False,1.0,"[13, 25]",13,0.004662990570068359,0.00021791458129882812,0.04668426513671875,True,3.807781934738159,1.0,1.0,3.8383567333221436,1,1,7.04547905921936,7.148281574249268,top-20,17655,False,20,0.35828447341918945,10.352535963058472,2.6141438484191895
multi_coarse_604,multi_coarse,stitch,arxiv,99,198,1982,True,1.0,"[99, 198]",20,0.009750843048095703,0.00026226043701171875,0.040958404541015625,True,4.876136541366577,1.0,1.0,4.909772157669067,1,1,8.108234643936157,8.226786136627197,top-20,17656,False,20,0.35828447341918945,10.352535963058472,2.6141438484191895
multi_coarse_605,multi_coarse,stitch,arxiv,27,125,1254,False,1.0,"[27, 187]",20,0.005300998687744141,0.0001628398895263672,0.04892373085021973,True,0.39963793754577637,1.0,1.0,0.4098536968231201,1,1,1.7707784175872803,1.8400979042053223,top-5,5040,False,20,0.35828447341918945,10.352535963058472,2.6141438484191895
multi_coarse_606,multi_coarse,stitch,arxiv,26,198,1986,False,1.0,"[26, 132]",13,0.004555702209472656,0.00024962425231933594,0.03899550437927246,True,3.9708354473114014,1.0,1.0,4.008135557174683,1,1,7.273783206939697,7.366375207901001,top-20,17693,False,20,0.35828447341918945,10.352535963058472,2.6141438484191895
multi_coarse_607,multi_coarse,stitch,arxiv,20,8,81,False,1.0,"[20, 49]",18,0.005007028579711914,0.0001552104949951172,0.03897857666015625,True,5.640249252319336,1.0,1.0,5.687920093536377,1,1,9.190329313278198,9.315035343170166,top-20,17656,False,20,0.35828447341918945,10.352535963058472,2.6141438484191895
multi_coarse_608,multi_coarse,stitch,arxiv,16,16,162,True,0.5,"[16, 84]",20,0.004658937454223633,0.00017642974853515625,0.03863239288330078,False,-1.0,-1.0,-1.0,-1.0,0,0,8.774215459823608,8.891865253448486,none,0,False,20,0.35828447341918945,10.352535963058472,2.6141438484191895
multi_coarse_609,multi_coarse,stitch,arxiv,45,45,454,True,0.5,"[45, 70]",13,0.00444340705871582,0.00018453598022460938,0.04079103469848633,False,-1.0,-1.0,-1.0,-1.0,0,0,9.114270210266113,9.261090993881226,none,0,False,20,0.35828447341918945,10.352535963058472,2.6141438484191895
multi_coarse_610,multi_coarse,stitch,arxiv,50,50,503,True,1.0,"[50, 162]",20,0.0084381103515625,0.0007731914520263672,0.057212114334106445,True,0.4628794193267822,1.0,1.0,0.4721064567565918,1,1,1.4496238231658936,1.6727814674377441,top-5,4967,False,20,0.35828447341918945,10.352535963058472,2.6141438484191895
multi_coarse_611,multi_coarse,stitch,arxiv,0,67,673,False,0.5,"[0, 87]",13,0.005013465881347656,0.00016951560974121094,0.038684844970703125,False,-1.0,-1.0,-1.0,-1.0,0,0,9.45464277267456,9.55892276763916,none,0,False,20,0.35828447341918945,10.352535963058472,2.6141438484191895
multi_coarse_612,multi_coarse,stitch,arxiv,87,92,924,False,1.0,"[87, 91]",18,0.004921674728393555,0.0003371238708496094,0.04065537452697754,True,6.586070775985718,1.0,1.0,6.638331651687622,1,1,10.363773345947266,10.476308822631836,top-20,17549,False,20,0.35828447341918945,10.352535963058472,2.6141438484191895
multi_coarse_613,multi_coarse,stitch,arxiv,17,19,196,False,1.0,"[17, 20]",18,0.004923820495605469,0.001092672348022461,0.041581153869628906,True,5.383112907409668,1.0,1.0,5.4287543296813965,1,1,9.14057445526123,9.323456764221191,top-20,17555,False,20,0.35828447341918945,10.352535963058472,2.6141438484191895
multi_coarse_614,multi_coarse,stitch,arxiv,4,123,1237,False,1.0,"[4, 115]",19,0.004626750946044922,0.00018405914306640625,0.03926658630371094,True,5.569096088409424,0.9473684210526315,1.0,5.603720664978027,2,2,9.612000226974487,9.716648817062378,top-20,17925,False,20,0.35828447341918945,10.352535963058472,2.6141438484191895
multi_coarse_615,multi_coarse,stitch,arxiv,3,83,837,False,1.0,"[3, 81]",20,0.0051076412200927734,0.0002582073211669922,0.04240107536315918,True,7.662109375,1.0,1.0,7.741616725921631,1,1,11.40298342704773,11.509341478347778,top-20,17909,False,20,0.35828447341918945,10.352535963058472,2.6141438484191895
multi_coarse_616,multi_coarse,stitch,arxiv,85,86,866,False,1.0,"[85, 123]",20,0.005232572555541992,0.00019121170043945312,0.03785085678100586,True,3.641343832015991,1.0,1.0,3.67091965675354,1,1,6.873080492019653,6.950774431228638,top-20,17732,False,20,0.35828447341918945,10.352535963058472,2.6141438484191895
multi_coarse_617,multi_coarse,stitch,arxiv,103,181,1812,True,1.0,"[103, 181]",20,0.0053975582122802734,0.00031065940856933594,0.0396113395690918,True,0.6182773113250732,1.0,1.0,0.6264708042144775,1,1,1.4087955951690674,1.4777240753173828,top-5,5022,False,20,0.35828447341918945,10.352535963058472,2.6141438484191895
multi_coarse_618,multi_coarse,stitch,arxiv,92,63,636,False,1.0,"[92, 112]",20,0.0048100948333740234,0.00021314620971679688,0.040364742279052734,True,5.599621534347534,1.0,1.0,5.660152196884155,1,1,9.627341508865356,9.857969999313354,top-20,17751,False,20,0.35828447341918945,10.352535963058472,2.6141438484191895
multi_coarse_619,multi_coarse,stitch,arxiv,59,120,1205,True,0.5,"[59, 120]",18,0.004814863204956055,0.0002079010009765625,0.042639732360839844,False,-1.0,-1.0,-1.0,-1.0,0,0,7.94973611831665,8.08306360244751,none,0,False,20,0.35828447341918945,10.352535963058472,2.6141438484191895
multi_coarse_620,multi_coarse,stitch,arxiv,145,148,1483,True,1.0,"[145, 148]",15,0.004984617233276367,0.00016689300537109375,0.03921961784362793,True,0.34921717643737793,1.0,1.0,0.35716986656188965,1,1,1.1268339157104492,1.1889214515686035,top-5,5096,False,20,0.35828447341918945,10.352535963058472,2.6141438484191895
multi_coarse_621,multi_coarse,stitch,arxiv,23,23,232,True,1.0,"[23, 193]",20,0.004523515701293945,0.0001995563507080078,0.04044461250305176,True,9.142781734466553,0.95,1.0,9.196330547332764,2,2,12.765089988708496,12.860209703445435,top-20,17706,False,20,0.35828447341918945,10.352535963058472,2.6141438484191895
multi_coarse_622,multi_coarse,stitch,arxiv,111,125,1253,False,1.0,"[111, 155]",16,0.004702091217041016,0.0002486705780029297,0.042597055435180664,True,4.629619598388672,1.0,1.0,4.658820152282715,1,1,8.86603593826294,9.086206436157227,top-20,17820,False,20,0.35828447341918945,10.352535963058472,2.6141438484191895
multi_coarse_623,multi_coarse,stitch,arxiv,65,65,652,True,1.0,"[65, 68]",20,0.004769086837768555,0.00016498565673828125,0.04191851615905762,True,0.3707399368286133,1.0,1.0,0.38185954093933105,1,1,1.3279860019683838,1.3952996730804443,top-5,5061,False,20,0.35828447341918945,10.352535963058472,2.6141438484191895
multi_coarse_624,multi_coarse,stitch,arxiv,87,117,1172,True,1.0,"[87, 117]",15,0.004407167434692383,0.00023317337036132812,0.04050803184509277,True,3.7910492420196533,1.0,1.0,3.8289361000061035,1,1,7.510422229766846,7.595121145248413,top-20,17789,False,20,0.35828447341918945,10.352535963058472,2.6141438484191895
multi_coarse_625,multi_coarse,stitch,arxiv,60,155,1555,False,1.0,"[60, 162]",17,0.0046651363372802734,0.00017309188842773438,0.0390164852142334,True,4.322903156280518,1.0,1.0,4.362916946411133,1,1,7.789318799972534,7.892072677612305,top-20,17698,False,20,0.35828447341918945,10.352535963058472,2.6141438484191895
multi_coarse_626,multi_coarse,stitch,arxiv,40,40,408,True,1.0,"[40, 43]",20,0.0053026676177978516,0.001748800277709961,0.04523825645446777,True,0.39273858070373535,1.0,1.0,0.4025857448577881,1,1,1.1951045989990234,1.2722797393798828,top-5,5012,False,20,0.35828447341918945,10.352535963058472,2.6141438484191895
multi_coarse_627,multi_coarse,stitch,arxiv,26,27,270,False,1.0,"[26, 143]",20,0.005591630935668945,0.00029730796813964844,0.04641103744506836,True,0.448974609375,1.0,1.0,0.4572463035583496,1,1,1.2750098705291748,1.3967044353485107,top-5,5031,False,20,0.35828447341918945,10.352535963058472,2.6141438484191895
multi_coarse_628,multi_coarse,stitch,arxiv,176,175,1755,False,1.0,"[176, 188]",20,0.004689455032348633,0.00038123130798339844,0.043108463287353516,True,4.762258052825928,1.0,1.0,4.847484588623047,1,1,8.507124423980713,8.749472618103027,top-20,17707,False,20,0.35828447341918945,10.352535963058472,2.6141438484191895
multi_coarse_629,multi_coarse,stitch,arxiv,89,94,940,True,0.5,"[89, 94]",16,0.00600886344909668,0.0005176067352294922,0.07477355003356934,False,-1.0,-1.0,-1.0,-1.0,0,0,8.502819538116455,8.663233995437622,none,0,False,20,0.35828447341918945,10.352535963058472,2.6141438484191895
multi_coarse_630,multi_coarse,stitch,arxiv,20,20,201,True,0.5,"[20, 90]",20,0.00457000732421875,0.0002219676971435547,0.03958845138549805,False,-1.0,-1.0,-1.0,-1.0,0,0,10.233486652374268,10.329608917236328,none,0,False,20,0.35828447341918945,10.352535963058472,2.6141438484191895
multi_coarse_631,multi_coarse,stitch,arxiv,74,162,1623,True,1.0,"[74, 162]",20,0.00506281852722168,0.0003266334533691406,0.07757401466369629,True,0.4286925792694092,1.0,1.0,0.44577646255493164,1,1,1.3017723560333252,1.4689476490020752,top-5,5045,False,20,0.35828447341918945,10.352535963058472,2.6141438484191895
multi_coarse_632,multi_coarse,stitch,arxiv,7,83,830,True,1.0,"[7, 83]",20,0.006877422332763672,0.0005412101745605469,0.0515437126159668,True,4.989354133605957,1.0,1.0,5.0338664054870605,1,1,8.768741846084595,8.97720217704773,top-20,17787,False,20,0.35828447341918945,10.352535963058472,2.6141438484191895
multi_coarse_633,multi_coarse,stitch,arxiv,2,9,90,False,0.5,"[2, 13]",14,0.0063169002532958984,0.0001690387725830078,0.04097151756286621,False,-1.0,-1.0,-1.0,-1.0,0,0,9.407979965209961,9.536587238311768,none,0,False,20,0.35828447341918945,10.352535963058472,2.6141438484191895
multi_coarse_634,multi_coarse,stitch,arxiv,49,48,481,False,0.5,"[49, 131]",20,0.00859689712524414,0.0002295970916748047,0.039736270904541016,False,-1.0,-1.0,-1.0,-1.0,0,0,8.867796421051025,9.001125812530518,none,0,False,20,0.35828447341918945,10.352535963058472,2.6141438484191895
multi_coarse_635,multi_coarse,stitch,arxiv,0,0,3,True,1.0,"[0, 127]",20,0.004975557327270508,0.0001595020294189453,0.04304218292236328,True,4.999312162399292,1.0,1.0,5.035157203674316,1,1,8.767122268676758,8.867920637130737,top-20,17805,False,20,0.35828447341918945,10.352535963058472,2.6141438484191895
multi_coarse_636,multi_coarse,stitch,arxiv,144,6,66,False,0.5,"[144, 153]",15,0.004634380340576172,0.0002799034118652344,0.09565377235412598,False,-1.0,-1.0,-1.0,-1.0,0,0,8.073323726654053,8.218948125839233,none,0,False,20,0.35828447341918945,10.352535963058472,2.6141438484191895
multi_coarse_637,multi_coarse,stitch,arxiv,35,72,727,False,1.0,"[35, 81]",20,0.013349771499633789,0.0007951259613037109,0.039957523345947266,True,4.820493459701538,1.0,1.0,4.869747161865234,1,1,8.328274726867676,8.420916080474854,top-20,17504,False,20,0.35828447341918945,10.352535963058472,2.6141438484191895
multi_coarse_638,multi_coarse,stitch,arxiv,5,30,303,True,0.5,"[5, 30]",20,0.004728078842163086,0.0002193450927734375,0.03834724426269531,False,-1.0,-1.0,-1.0,-1.0,0,0,9.173856258392334,9.30798077583313,none,0,False,20,0.35828447341918945,10.352535963058472,2.6141438484191895
multi_coarse_639,multi_coarse,stitch,arxiv,119,119,1190,True,0.5,"[119, 181]",13,0.004264116287231445,0.00016260147094726562,0.0381627082824707,False,-1.0,-1.0,-1.0,-1.0,0,0,8.059916973114014,8.134696960449219,none,0,False,20,0.35828447341918945,10.352535963058472,2.6141438484191895
multi_coarse_640,multi_coarse,stitch,arxiv,46,46,464,True,1.0,"[46, 69]",20,0.004479169845581055,0.0001800060272216797,0.03833603858947754,True,0.7637693881988525,1.0,1.0,0.7714502811431885,1,1,1.5409681797027588,1.608351707458496,top-5,4991,False,20,0.35828447341918945,10.352535963058472,2.6141438484191895
multi_coarse_641,multi_coarse,stitch,arxiv,33,33,335,True,1.0,"[33, 135]",20,0.0053822994232177734,0.0002181529998779297,0.04395031929016113,True,6.461719512939453,1.0,1.0,6.50373387336731,1,1,10.452185153961182,10.577545166015625,top-20,17802,False,20,0.35828447341918945,10.352535963058472,2.6141438484191895
multi_coarse_642,multi_coarse,stitch,arxiv,12,142,1421,True,0.5,"[12, 142]",20,0.004781007766723633,0.00017595291137695312,0.04081010818481445,False,-1.0,-1.0,-1.0,-1.0,0,0,10.117591381072998,10.199957609176636,none,0,False,20,0.35828447341918945,10.352535963058472,2.6141438484191895
multi_coarse_643,multi_coarse,stitch,arxiv,78,78,789,True,1.0,"[78, 148]",20,0.01215052604675293,0.0010743141174316406,0.0409853458404541,True,1.0926055908203125,0.95,1.0,1.1093182563781738,2,2,1.971818208694458,2.0558815002441406,top-5,5083,False,20,0.35828447341918945,10.352535963058472,2.6141438484191895
multi_coarse_644,multi_coarse,stitch,arxiv,6,6,60,True,0.5,"[6, 115]",20,0.0054285526275634766,0.00018215179443359375,0.03935599327087402,False,-1.0,-1.0,-1.0,-1.0,0,0,9.599513530731201,9.68830680847168,none,0,False,20,0.35828447341918945,10.352535963058472,2.6141438484191895
multi_coarse_645,multi_coarse,stitch,arxiv,10,0,2,False,1.0,"[10, 18]",20,0.0045719146728515625,0.0005478858947753906,0.03878426551818848,True,0.4524521827697754,0.95,1.0,0.4666423797607422,2,2,1.2458534240722656,1.3085088729858398,top-5,5016,False,20,0.35828447341918945,10.352535963058472,2.6141438484191895
multi_coarse_646,multi_coarse,stitch,arxiv,154,154,1547,True,1.0,"[154, 162]",13,0.005402803421020508,0.00018739700317382812,0.04135918617248535,True,8.977554321289062,1.0,1.0,9.066461324691772,1,1,12.907689332962036,13.015433073043823,top-20,17733,False,20,0.35828447341918945,10.352535963058472,2.6141438484191895
multi_coarse_647,multi_coarse,stitch,arxiv,115,142,1428,True,0.5,"[115, 142]",14,0.00539088249206543,0.0003123283386230469,0.04926109313964844,False,-1.0,-1.0,-1.0,-1.0,0,0,9.356269359588623,9.608177185058594,none,0,False,20,0.35828447341918945,10.352535963058472,2.6141438484191895
multi_coarse_648,multi_coarse,stitch,arxiv,54,145,1455,True,0.5,"[54, 145]",20,0.0048525333404541016,0.0002052783966064453,0.04180264472961426,False,-1.0,-1.0,-1.0,-1.0,0,0,10.409854888916016,10.615953207015991,none,0,False,20,0.35828447341918945,10.352535963058472,2.6141438484191895
multi_coarse_649,multi_coarse,stitch,arxiv,57,189,1894,True,1.0,"[57, 189]",20,0.0060214996337890625,0.00027680397033691406,0.0447080135345459,True,0.7370576858520508,1.0,1.0,0.7443704605102539,1,1,1.5168979167938232,1.585920810699463,top-5,5072,False,20,0.35828447341918945,10.352535963058472,2.6141438484191895
multi_coarse_650,multi_coarse,stitch,arxiv,65,162,1622,False,0.5,"[65, 172]",20,0.00449824333190918,0.0001919269561767578,0.03866720199584961,False,-1.0,-1.0,-1.0,-1.0,0,0,9.123769760131836,9.25342583656311,none,0,False,20,0.35828447341918945,10.352535963058472,2.6141438484191895
multi_coarse_651,multi_coarse,stitch,arxiv,88,88,883,True,1.0,"[88, 90]",20,0.005164384841918945,0.00018787384033203125,0.04186081886291504,True,4.493555784225464,1.0,1.0,4.534083604812622,1,1,8.027661561965942,8.139115810394287,top-20,17716,False,20,0.35828447341918945,10.352535963058472,2.6141438484191895
multi_coarse_652,multi_coarse,stitch,arxiv,159,154,1543,False,1.0,"[159, 176]",20,0.004378795623779297,0.00016117095947265625,0.03824329376220703,True,0.37375664710998535,1.0,1.0,0.39026975631713867,1,1,1.1802020072937012,1.2345175743103027,top-5,5019,False,20,0.35828447341918945,10.352535963058472,2.6141438484191895
multi_coarse_653,multi_coarse,stitch,arxiv,172,194,1941,True,1.0,"[172, 194]",15,0.00631403923034668,0.00021505355834960938,0.051821231842041016,True,0.36225175857543945,1.0,1.0,0.37172842025756836,1,1,1.1512930393218994,1.2209665775299072,top-5,5075,False,20,0.35828447341918945,10.352535963058472,2.6141438484191895
multi_coarse_654,multi_coarse,stitch,arxiv,22,67,670,False,0.0,"[22, 179]",17,0.005751132965087891,0.0002467632293701172,0.040705204010009766,False,-1.0,-1.0,-1.0,-1.0,0,0,7.01819634437561,7.104498863220215,none,0,False,20,0.35828447341918945,10.352535963058472,2.6141438484191895
multi_coarse_655,multi_coarse,stitch,arxiv,3,102,1020,False,1.0,"[3, 101]",20,0.0045623779296875,0.000179290771484375,0.03893303871154785,True,3.1718549728393555,1.0,1.0,3.199460744857788,1,1,6.335646390914917,6.4115636348724365,top-20,17794,False,20,0.35828447341918945,10.352535963058472,2.6141438484191895
multi_coarse_656,multi_coarse,stitch,arxiv,26,26,263,True,1.0,"[26, 145]",20,0.004408359527587891,0.00016355514526367188,0.03684520721435547,True,0.31975317001342773,1.0,1.0,0.3261833190917969,1,1,1.0610473155975342,1.1201822757720947,top-5,5056,False,20,0.35828447341918945,10.352535963058472,2.6141438484191895
multi_coarse_657,multi_coarse,stitch,arxiv,157,172,1726,False,1.0,"[157, 190]",20,0.00457000732421875,0.00017976760864257812,0.03728127479553223,True,3.41658878326416,1.0,1.0,3.453239917755127,2,2,6.566319942474365,6.6444196701049805,top-20,17686,False,20,0.35828447341918945,10.352535963058472,2.6141438484191895
multi_coarse_658,multi_coarse,stitch,arxiv,162,162,1623,True,1.0,"[162, 192]",20,0.005073070526123047,0.0001785755157470703,0.04000234603881836,True,0.30213046073913574,1.0,1.0,0.31068873405456543,1,1,1.0843379497528076,1.1451265811920166,top-5,5052,False,20,0.35828447341918945,10.352535963058472,2.6141438484191895
multi_coarse_659,multi_coarse,stitch,arxiv,117,184,1842,True,1.0,"[117, 184]",20,0.00507044792175293,0.0001780986785888672,0.05881166458129883,True,3.316371202468872,1.0,1.0,3.3407211303710938,1,1,6.837315082550049,6.928319692611694,top-20,17688,False,20,0.35828447341918945,10.352535963058472,2.6141438484191895
multi_coarse_660,multi_coarse,stitch,arxiv,114,124,1240,True,1.0,"[114, 124]",20,0.004987001419067383,0.00019049644470214844,0.040224313735961914,True,0.31767892837524414,1.0,1.0,0.3265867233276367,1,1,1.088731050491333,1.1481657028198242,top-5,5116,False,20,0.35828447341918945,10.352535963058472,2.6141438484191895
multi_coarse_661,multi_coarse,stitch,arxiv,105,151,1512,True,0.5,"[105, 151]",20,0.004904270172119141,0.00019431114196777344,0.03796648979187012,False,-1.0,-1.0,-1.0,-1.0,0,0,6.402654409408569,6.475021123886108,none,0,False,20,0.35828447341918945,10.352535963058472,2.6141438484191895
multi_coarse_662,multi_coarse,stitch,arxiv,49,44,445,False,1.0,"[49, 164]",15,0.0043294429779052734,0.00020551681518554688,0.039014577865600586,True,3.4766979217529297,0.9333333333333333,1.0,3.506958484649658,2,2,6.75016450881958,6.82463526725769,top-20,17619,False,20,0.35828447341918945,10.352535963058472,2.6141438484191895
multi_coarse_663,multi_coarse,stitch,arxiv,112,112,1123,True,1.0,"[112, 114]",20,0.004571199417114258,0.00015854835510253906,0.03992772102355957,True,0.2953665256500244,1.0,1.0,0.30240535736083984,1,1,1.0597918033599854,1.1206531524658203,top-5,5060,False,20,0.35828447341918945,10.352535963058472,2.6141438484191895
multi_coarse_664,multi_coarse,stitch,arxiv,50,112,1126,True,1.0,"[50, 112]",19,0.004881143569946289,0.00019240379333496094,0.03925776481628418,True,3.2993581295013428,1.0,1.0,3.327460765838623,1,1,6.520839691162109,6.601923227310181,top-20,17845,False,20,0.35828447341918945,10.352535963058472,2.6141438484191895
multi_coarse_665,multi_coarse,stitch,arxiv,65,87,873,False,1.0,"[65, 69]",17,0.0044519901275634766,0.00015783309936523438,0.03740119934082031,True,3.4756734371185303,0.9411764705882353,1.0,3.5057265758514404,2,2,6.657159090042114,6.726305961608887,top-20,17605,False,20,0.35828447341918945,10.352535963058472,2.6141438484191895
multi_coarse_666,multi_coarse,stitch,arxiv,0,114,1140,True,1.0,"[0, 114]",20,0.004944801330566406,0.0001761913299560547,0.03840279579162598,True,0.32375073432922363,1.0,1.0,0.3313102722167969,1,1,1.0875604152679443,1.1421291828155518,top-5,5061,False,20,0.35828447341918945,10.352535963058472,2.6141438484191895
multi_coarse_667,multi_coarse,stitch,arxiv,7,54,549,True,1.0,"[7, 54]",16,0.004404306411743164,0.0001583099365234375,0.037531375885009766,True,0.41040658950805664,1.0,1.0,0.4212193489074707,1,1,1.2008275985717773,1.2569773197174072,top-5,4984,False,20,0.35828447341918945,10.352535963058472,2.6141438484191895
multi_coarse_668,multi_coarse,stitch,arxiv,86,86,861,True,1.0,"[86, 139]",14,0.0046846866607666016,0.00018072128295898438,0.0375981330871582,True,3.972961902618408,1.0,1.0,4.006607532501221,1,1,7.324549913406372,7.404031276702881,top-20,17762,False,20,0.35828447341918945,10.352535963058472,2.6141438484191895
multi_coarse_669,multi_coarse,stitch,arxiv,66,67,670,False,1.0,"[66, 150]",16,0.0047876834869384766,0.00018548965454101562,0.039267539978027344,True,3.6619019508361816,1.0,1.0,3.6935269832611084,1,1,6.950494289398193,7.032467603683472,top-20,17783,False,20,0.35828447341918945,10.352535963058472,2.6141438484191895
multi_coarse_670,multi_coarse,stitch,arxiv,134,134,1347,True,1.0,"[134, 153]",20,0.004439830780029297,0.00016427040100097656,0.03825855255126953,True,3.2800192832946777,1.0,1.0,3.3069021701812744,1,1,6.519951105117798,6.599915266036987,top-20,17988,False,20,0.35828447341918945,10.352535963058472,2.6141438484191895
multi_coarse_671,multi_coarse,stitch,arxiv,156,156,1560,True,1.0,"[156, 162]",20,0.004490852355957031,0.00015234947204589844,0.03684568405151367,True,0.3145456314086914,1.0,1.0,0.32114720344543457,1,1,1.0618243217468262,1.1271703243255615,top-5,5052,False,20,0.35828447341918945,10.352535963058472,2.6141438484191895
multi_coarse_672,multi_coarse,stitch,arxiv,25,25,252,True,1.0,"[25, 195]",20,0.004758358001708984,0.0001952648162841797,0.037586212158203125,True,0.33745479583740234,1.0,1.0,0.34572792053222656,1,1,1.0933547019958496,1.1458070278167725,top-5,5075,False,20,0.35828447341918945,10.352535963058472,2.6141438484191895
multi_coarse_673,multi_coarse,stitch,arxiv,43,43,437,True,0.5,"[43, 152]",17,0.004308462142944336,0.00014591217041015625,0.03760957717895508,False,-1.0,-1.0,-1.0,-1.0,0,0,6.732460021972656,6.810579061508179,none,0,False,20,0.35828447341918945,10.352535963058472,2.6141438484191895
multi_coarse_674,multi_coarse,stitch,arxiv,139,107,1070,False,1.0,"[139, 141]",20,0.004739999771118164,0.00016260147094726562,0.04277443885803223,True,0.30915093421936035,1.0,1.0,0.31531476974487305,1,1,1.0694119930267334,1.1268222332000732,top-5,5097,False,20,0.35828447341918945,10.352535963058472,2.6141438484191895
multi_coarse_675,multi_coarse,stitch,arxiv,11,11,113,True,0.5,"[11, 131]",14,0.004691362380981445,0.0002219676971435547,0.04117417335510254,False,-1.0,-1.0,-1.0,-1.0,0,0,6.550106525421143,6.629166126251221,none,0,False,20,0.35828447341918945,10.352535963058472,2.6141438484191895
multi_coarse_676,multi_coarse,stitch,arxiv,156,187,1879,False,0.5,"[156, 176]",17,0.004832267761230469,0.00016808509826660156,0.04165148735046387,False,-1.0,-1.0,-1.0,-1.0,0,0,7.056566953659058,7.18221640586853,none,0,False,20,0.35828447341918945,10.352535963058472,2.6141438484191895
multi_coarse_677,multi_coarse,stitch,arxiv,29,29,292,True,1.0,"[29, 98]",20,0.004881143569946289,0.00016617774963378906,0.0393064022064209,True,4.031949520111084,0.9,1.0,4.068644285202026,4,4,7.470911264419556,7.564738035202026,top-20,17824,False,20,0.35828447341918945,10.352535963058472,2.6141438484191895
multi_coarse_678,multi_coarse,stitch,arxiv,7,21,215,False,1.0,"[7, 16]",20,0.004287242889404297,0.000179290771484375,0.03754830360412598,True,4.211101770401001,1.0,1.0,4.250558614730835,1,1,7.450549125671387,7.52601170539856,top-20,17688,False,20,0.35828447341918945,10.352535963058472,2.6141438484191895
multi_coarse_679,multi_coarse,stitch,arxiv,64,0,1,False,1.0,"[64, 130]",20,0.004582643508911133,0.00016260147094726562,0.040724992752075195,True,0.3502829074859619,1.0,1.0,0.35882997512817383,1,1,1.137740135192871,1.197737455368042,top-5,5056,False,20,0.35828447341918945,10.352535963058472,2.6141438484191895
multi_coarse_680,multi_coarse,stitch,arxiv,116,124,1242,True,1.0,"[116, 124]",16,0.0043947696685791016,0.00016927719116210938,0.0377192497253418,True,3.482299327850342,1.0,1.0,3.5104596614837646,1,1,6.713657855987549,6.78489875793457,top-20,17927,False,20,0.35828447341918945,10.352535963058472,2.6141438484191895
multi_coarse_681,multi_coarse,stitch,arxiv,25,116,1160,False,1.0,"[25, 153]",20,0.004473447799682617,0.00016236305236816406,0.03769707679748535,True,3.1645541191101074,1.0,1.0,3.1905946731567383,1,1,6.282548666000366,6.352005958557129,top-20,17737,False,20,0.35828447341918945,10.352535963058472,2.6141438484191895
multi_coarse_682,multi_coarse,stitch,arxiv,16,16,162,True,1.0,"[16, 169]",20,0.0044400691986083984,0.0001518726348876953,0.037126779556274414,True,3.261561870574951,1.0,1.0,3.2960379123687744,1,1,6.802366256713867,6.883728742599487,top-20,17599,False,20,0.35828447341918945,10.352535963058472,2.6141438484191895
multi_coarse_683,multi_coarse,stitch,arxiv,107,152,1529,True,1.0,"[107, 152]",20,0.0042989253997802734,0.0001652240753173828,0.037351369857788086,True,0.28224778175354004,1.0,1.0,0.2881505489349365,1,1,1.037355899810791,1.0895640850067139,top-5,5052,False,20,0.35828447341918945,10.352535963058472,2.6141438484191895
multi_coarse_684,multi_coarse,stitch,arxiv,95,40,407,False,1.0,"[95, 103]",20,0.0045778751373291016,0.00015401840209960938,0.0380856990814209,True,0.3198738098144531,1.0,1.0,0.32663917541503906,1,1,1.066368818283081,1.11965012550354,top-5,5073,False,20,0.35828447341918945,10.352535963058472,2.6141438484191895
multi_coarse_685,multi_coarse,stitch,arxiv,33,33,333,True,1.0,"[33, 76]",20,0.004387378692626953,0.00016069412231445312,0.0384058952331543,True,0.4146413803100586,1.0,1.0,0.42482686042785645,1,1,1.2022969722747803,1.2584080696105957,top-5,5055,False,20,0.35828447341918945,10.352535963058472,2.6141438484191895
multi_coarse_686,multi_coarse,stitch,arxiv,70,28,285,False,1.0,"[70, 73]",20,0.005002498626708984,0.00018262863159179688,0.03860282897949219,True,0.5180277824401855,1.0,1.0,0.5310811996459961,1,1,1.331000804901123,1.3899118900299072,top-5,5180,False,20,0.35828447341918945,10.352535963058472,2.6141438484191895
multi_coarse_687,multi_coarse,stitch,arxiv,12,111,1113,False,0.5,"[12, 156]",16,0.004599809646606445,0.0001838207244873047,0.03732419013977051,False,-1.0,-1.0,-1.0,-1.0,0,0,6.322954177856445,6.396282434463501,none,0,False,20,0.35828447341918945,10.352535963058472,2.6141438484191895
multi_coarse_688,multi_coarse,stitch,arxiv,8,0,6,False,1.0,"[8, 112]",20,0.004531383514404297,0.000152587890625,0.03755068778991699,True,3.7312171459198,1.0,1.0,3.7652430534362793,1,1,6.969836235046387,7.046730279922485,top-20,17799,False,20,0.35828447341918945,10.352535963058472,2.6141438484191895
multi_coarse_689,multi_coarse,stitch,arxiv,10,33,339,False,1.0,"[10, 81]",14,0.004502773284912109,0.0001537799835205078,0.038933515548706055,True,3.228724241256714,1.0,1.0,3.261476755142212,1,1,6.484105110168457,6.565581560134888,top-20,17725,False,20,0.35828447341918945,10.352535963058472,2.6141438484191895
multi_coarse_690,multi_coarse,stitch,arxiv,184,188,1889,True,0.5,"[184, 188]",20,0.004770040512084961,0.00016641616821289062,0.03807520866394043,False,-1.0,-1.0,-1.0,-1.0,0,0,6.4469850063323975,6.518579483032227,none,0,False,20,0.35828447341918945,10.352535963058472,2.6141438484191895
multi_coarse_691,multi_coarse,stitch,arxiv,127,126,1262,False,1.0,"[127, 196]",20,0.004359006881713867,0.00015544891357421875,0.037908077239990234,True,3.3176403045654297,0.95,1.0,3.3433074951171875,2,2,6.572657108306885,6.650601148605347,top-20,17843,False,20,0.35828447341918945,10.352535963058472,2.6141438484191895
multi_coarse_692,multi_coarse,stitch,arxiv,151,151,1518,True,1.0,"[151, 180]",20,0.004854440689086914,0.0001838207244873047,0.03806328773498535,True,3.370958089828491,1.0,1.0,3.3971598148345947,1,1,6.550071954727173,6.639707803726196,top-20,17766,False,20,0.35828447341918945,10.352535963058472,2.6141438484191895
multi_coarse_693,multi_coarse,stitch,arxiv,34,34,340,True,1.0,"[34, 104]",16,0.004978179931640625,0.00017881393432617188,0.040069580078125,True,0.33126163482666016,1.0,1.0,0.33781981468200684,1,1,1.0822458267211914,1.1386737823486328,top-5,5076,False,20,0.35828447341918945,10.352535963058472,2.6141438484191895
multi_coarse_694,multi_coarse,stitch,arxiv,134,140,1405,True,1.0,"[134, 140]",20,0.004413127899169922,0.00015544891357421875,0.04299569129943848,True,0.2940402030944824,1.0,1.0,0.30156922340393066,1,1,1.0478172302246094,1.1111681461334229,top-5,5073,False,20,0.35828447341918945,10.352535963058472,2.6141438484191895
multi_coarse_695,multi_coarse,stitch,arxiv,32,151,1513,False,1.0,"[32, 71]",18,0.004404306411743164,0.000156402587890625,0.03747844696044922,True,0.2917938232421875,1.0,1.0,0.2984201908111572,1,1,1.0395119190216064,1.0920302867889404,top-5,5052,False,20,0.35828447341918945,10.352535963058472,2.6141438484191895
multi_coarse_696,multi_coarse,stitch,arxiv,135,185,1859,True,1.0,"[135, 185]",16,0.004246711730957031,0.00015354156494140625,0.03746771812438965,True,0.3048582077026367,1.0,1.0,0.3131108283996582,1,1,1.0532970428466797,1.1054606437683105,top-5,5008,False,20,0.35828447341918945,10.352535963058472,2.6141438484191895
multi_coarse_697,multi_coarse,stitch,arxiv,59,51,511,False,0.5,"[59, 90]",15,0.004475116729736328,0.0001690387725830078,0.0370638370513916,False,-1.0,-1.0,-1.0,-1.0,0,0,7.572291374206543,7.65037727355957,none,0,False,20,0.35828447341918945,10.352535963058472,2.6141438484191895
multi_coarse_698,multi_coarse,stitch,arxiv,39,111,1113,True,1.0,"[39, 111]",18,0.004803180694580078,0.00016450881958007812,0.037183284759521484,True,0.2940194606781006,1.0,1.0,0.3018038272857666,1,1,1.0538532733917236,1.1115648746490479,top-5,5007,False,20,0.35828447341918945,10.352535963058472,2.6141438484191895
multi_coarse_699,multi_coarse,stitch,arxiv,105,146,1465,False,0.5,"[105, 142]",20,0.0048792362213134766,0.0001888275146484375,0.0401456356048584,False,-1.0,-1.0,-1.0,-1.0,0,0,6.644739627838135,6.721083402633667,none,0,False,20,0.35828447341918945,10.352535963058472,2.6141438484191895
multi_coarse_700,multi_coarse,stitch,arxiv,117,188,1889,False,1.0,"[117, 195]",50,0.004549741744995117,0.0002067089080810547,0.0377347469329834,True,0.33257222175598145,1.0,1.0,0.3411421775817871,1,1,1.0977916717529297,1.149510383605957,top-5,5087,False,50,0.35828447341918945,10.352535963058472,2.6141438484191895
multi_coarse_701,multi_coarse,stitch,arxiv,157,174,1745,False,1.0,"[157, 172]",31,0.004366397857666016,0.0001614093780517578,0.03811335563659668,True,0.3412742614746094,1.0,1.0,0.3502974510192871,1,1,1.0997061729431152,1.1585824489593506,top-5,5004,False,50,0.35828447341918945,10.352535963058472,2.6141438484191895
multi_coarse_702,multi_coarse,stitch,arxiv,15,15,152,True,1.0,"[15, 149]",25,0.004549264907836914,0.00016736984252929688,0.03796720504760742,True,3.5638160705566406,1.0,1.0,3.5911262035369873,1,1,6.797937631607056,6.868618488311768,top-20,17796,False,50,0.35828447341918945,10.352535963058472,2.6141438484191895
multi_coarse_703,multi_coarse,stitch,arxiv,71,172,1727,True,1.0,"[71, 172]",50,0.00459742546081543,0.0001819133758544922,0.03701663017272949,True,0.32177114486694336,1.0,1.0,0.33339953422546387,1,1,1.0911929607391357,1.1471407413482666,top-5,5078,False,50,0.35828447341918945,10.352535963058472,2.6141438484191895
multi_coarse_704,multi_coarse,stitch,arxiv,43,43,437,True,1.0,"[43, 151]",45,0.0042726993560791016,0.00016188621520996094,0.03725600242614746,True,0.30485081672668457,1.0,1.0,0.31275391578674316,1,1,1.0661895275115967,1.118246078491211,top-5,5057,False,50,0.35828447341918945,10.352535963058472,2.6141438484191895
multi_coarse_705,multi_coarse,stitch,arxiv,123,149,1490,True,1.0,"[123, 149]",50,0.004500627517700195,0.00018906593322753906,0.03820300102233887,True,0.3060457706451416,1.0,1.0,0.3136448860168457,1,1,1.052868127822876,1.1067376136779785,top-5,5075,False,50,0.35828447341918945,10.352535963058472,2.6141438484191895
multi_coarse_706,multi_coarse,stitch,arxiv,1,162,1622,True,1.0,"[1, 162]",50,0.004302978515625,0.00017213821411132812,0.037343740463256836,True,0.35002875328063965,1.0,1.0,0.36391425132751465,1,1,1.1125006675720215,1.1648366451263428,top-5,5054,False,50,0.35828447341918945,10.352535963058472,2.6141438484191895
multi_coarse_707,multi_coarse,stitch,arxiv,36,114,1141,False,1.0,"[36, 113]",38,0.004358530044555664,0.00017070770263671875,0.03740549087524414,True,0.317429780960083,1.0,1.0,0.32447218894958496,1,1,1.0860943794250488,1.1390705108642578,top-5,5130,False,50,0.35828447341918945,10.352535963058472,2.6141438484191895
multi_coarse_708,multi_coarse,stitch,arxiv,147,147,1476,True,1.0,"[147, 154]",50,0.004563093185424805,0.00016307830810546875,0.037914276123046875,True,0.32766127586364746,1.0,1.0,0.33858680725097656,1,1,1.0965299606323242,1.1500115394592285,top-5,5027,False,50,0.35828447341918945,10.352535963058472,2.6141438484191895
multi_coarse_709,multi_coarse,stitch,arxiv,118,149,1496,False,1.0,"[118, 131]",50,0.004724740982055664,0.00018286705017089844,0.03775191307067871,True,0.32140326499938965,1.0,1.0,0.3303980827331543,1,1,1.0810201168060303,1.134347915649414,top-5,5043,False,50,0.35828447341918945,10.352535963058472,2.6141438484191895
multi_coarse_710,multi_coarse,stitch,arxiv,57,58,584,False,0.5,"[57, 128]",31,0.004841327667236328,0.00019860267639160156,0.037790775299072266,False,-1.0,-1.0,-1.0,-1.0,0,0,6.936436653137207,7.011332750320435,none,0,False,50,0.35828447341918945,10.352535963058472,2.6141438484191895
multi_coarse_711,multi_coarse,stitch,arxiv,159,172,1722,True,1.0,"[159, 172]",50,0.004730939865112305,0.00018024444580078125,0.03751039505004883,True,3.4561285972595215,0.98,1.0,3.488708734512329,2,2,7.099563360214233,7.1743927001953125,top-20,17692,False,50,0.35828447341918945,10.352535963058472,2.6141438484191895
multi_coarse_712,multi_coarse,stitch,arxiv,26,27,277,False,0.5,"[26, 182]",29,0.00478672981262207,0.00018215179443359375,0.03767061233520508,False,-1.0,-1.0,-1.0,-1.0,0,0,6.584103345870972,6.658558130264282,none,0,False,50,0.35828447341918945,10.352535963058472,2.6141438484191895
multi_coarse_713,multi_coarse,stitch,arxiv,65,65,652,True,1.0,"[65, 70]",50,0.004574775695800781,0.00016260147094726562,0.03792238235473633,True,3.746154308319092,1.0,1.0,3.784489393234253,1,1,7.073067903518677,7.158172369003296,top-20,17915,False,50,0.35828447341918945,10.352535963058472,2.6141438484191895
multi_coarse_714,multi_coarse,stitch,arxiv,157,182,1826,False,1.0,"[157, 186]",41,0.004317522048950195,0.0001697540283203125,0.03795886039733887,True,3.442328453063965,1.0,1.0,3.468318223953247,1,1,6.6619908809661865,6.734642267227173,top-20,17805,False,50,0.35828447341918945,10.352535963058472,2.6141438484191895
multi_coarse_715,multi_coarse,stitch,arxiv,83,83,837,True,1.0,"[83, 155]",50,0.0045032501220703125,0.0001761913299560547,0.03819870948791504,True,3.7599358558654785,1.0,1.0,3.792677879333496,1,1,7.132667064666748,7.212347030639648,top-20,17753,False,50,0.35828447341918945,10.352535963058472,2.6141438484191895
multi_coarse_716,multi_coarse,stitch,arxiv,7,65,652,True,0.5,"[7, 65]",29,0.0042150020599365234,0.00015044212341308594,0.03698921203613281,False,-1.0,-1.0,-1.0,-1.0,0,0,7.707821607589722,7.78740930557251,none,0,False,50,0.35828447341918945,10.352535963058472,2.6141438484191895
multi_coarse_717,multi_coarse,stitch,arxiv,5,81,810,True,0.5,"[5, 81]",39,0.004777669906616211,0.0001811981201171875,0.04020857810974121,False,-1.0,-1.0,-1.0,-1.0,0,0,6.675267457962036,6.7724761962890625,none,0,False,50,0.35828447341918945,10.352535963058472,2.6141438484191895
multi_coarse_718,multi_coarse,stitch,arxiv,48,48,484,True,0.5,"[48, 116]",50,0.004595041275024414,0.00016999244689941406,0.03821873664855957,False,-1.0,-1.0,-1.0,-1.0,0,0,7.267369508743286,7.343705177307129,none,0,False,50,0.35828447341918945,10.352535963058472,2.6141438484191895
multi_coarse_719,multi_coarse,stitch,arxiv,29,29,295,True,1.0,"[29, 188]",50,0.0047304630279541016,0.0001823902130126953,0.03786444664001465,True,0.3720974922180176,1.0,1.0,0.3795166015625,1,1,1.1541316509246826,1.2085814476013184,top-5,5117,False,50,0.35828447341918945,10.352535963058472,2.6141438484191895
multi_coarse_720,multi_coarse,stitch,arxiv,49,49,491,True,1.0,"[49, 82]",32,0.004433393478393555,0.0001628398895263672,0.0377955436706543,True,3.8124775886535645,1.0,1.0,3.853494882583618,1,1,7.13106632232666,7.2070536613464355,top-20,17657,False,50,0.35828447341918945,10.352535963058472,2.6141438484191895
multi_coarse_721,multi_coarse,stitch,arxiv,13,83,837,True,0.5,"[13, 83]",30,0.004561424255371094,0.00016641616821289062,0.0375676155090332,False,-1.0,-1.0,-1.0,-1.0,0,0,7.0321714878082275,7.1147215366363525,none,0,False,50,0.35828447341918945,10.352535963058472,2.6141438484191895
multi_coarse_722,multi_coarse,stitch,arxiv,12,12,122,True,0.5,"[12, 199]",35,0.0047321319580078125,0.0001723766326904297,0.03948831558227539,False,-1.0,-1.0,-1.0,-1.0,0,0,6.607187986373901,6.693069696426392,none,0,False,50,0.35828447341918945,10.352535963058472,2.6141438484191895
multi_coarse_723,multi_coarse,stitch,arxiv,71,100,1002,False,1.0,"[71, 102]",50,0.00461125373840332,0.00015854835510253906,0.037641048431396484,True,0.2908923625946045,1.0,1.0,0.29671311378479004,1,1,1.0761072635650635,1.1294076442718506,top-5,5109,False,50,0.35828447341918945,10.352535963058472,2.6141438484191895
multi_coarse_724,multi_coarse,stitch,arxiv,71,71,712,True,1.0,"[71, 186]",44,0.004836559295654297,0.00018906593322753906,0.03751659393310547,True,0.3101847171783447,1.0,1.0,0.31706833839416504,1,1,1.0664665699005127,1.1245825290679932,top-5,5053,False,50,0.35828447341918945,10.352535963058472,2.6141438484191895
multi_coarse_725,multi_coarse,stitch,arxiv,12,140,1400,True,0.5,"[12, 140]",50,0.005193233489990234,0.00021791458129882812,0.03884577751159668,False,-1.0,-1.0,-1.0,-1.0,0,0,6.967331647872925,7.039073944091797,none,0,False,50,0.35828447341918945,10.352535963058472,2.6141438484191895
multi_coarse_726,multi_coarse,stitch,arxiv,47,39,399,False,0.0,"[47, 170]",27,0.004364013671875,0.00015234947204589844,0.037631988525390625,False,-1.0,-1.0,-1.0,-1.0,0,0,6.364107608795166,6.433648347854614,none,0,False,50,0.35828447341918945,10.352535963058472,2.6141438484191895
multi_coarse_727,multi_coarse,stitch,arxiv,34,83,837,True,0.5,"[34, 83]",35,0.0044612884521484375,0.0002155303955078125,0.04233241081237793,False,-1.0,-1.0,-1.0,-1.0,0,0,7.191695213317871,7.275698900222778,none,0,False,50,0.35828447341918945,10.352535963058472,2.6141438484191895
multi_coarse_728,multi_coarse,stitch,arxiv,188,195,1953,False,1.0,"[188, 199]",50,0.00482940673828125,0.0001881122589111328,0.04070734977722168,True,3.454273223876953,1.0,1.0,3.485100269317627,1,1,6.727290153503418,6.809136152267456,top-20,17843,False,50,0.35828447341918945,10.352535963058472,2.6141438484191895
multi_coarse_729,multi_coarse,stitch,arxiv,62,43,437,False,0.5,"[62, 113]",38,0.004465818405151367,0.00016188621520996094,0.039575815200805664,False,-1.0,-1.0,-1.0,-1.0,0,0,6.499924898147583,6.581439256668091,none,0,False,50,0.35828447341918945,10.352535963058472,2.6141438484191895
multi_coarse_730,multi_coarse,stitch,arxiv,29,29,299,True,1.0,"[29, 98]",50,0.0043103694915771484,0.00015997886657714844,0.03734326362609863,True,4.576429843902588,0.98,1.0,4.616989850997925,2,2,7.9601054191589355,8.040550470352173,top-20,17914,False,50,0.35828447341918945,10.352535963058472,2.6141438484191895
multi_coarse_731,multi_coarse,stitch,arxiv,78,80,807,False,1.0,"[78, 98]",50,0.00435948371887207,0.0001571178436279297,0.03747892379760742,True,5.15826678276062,1.0,1.0,5.207872152328491,1,1,8.452074527740479,8.550653219223022,top-20,17709,False,50,0.35828447341918945,10.352535963058472,2.6141438484191895
multi_coarse_732,multi_coarse,stitch,arxiv,6,133,1334,True,1.0,"[6, 133]",50,0.004933834075927734,0.00022912025451660156,0.043790340423583984,True,3.7194392681121826,1.0,1.0,3.75610089302063,1,1,7.099890232086182,7.1950695514678955,top-20,17882,False,50,0.35828447341918945,10.352535963058472,2.6141438484191895
multi_coarse_733,multi_coarse,stitch,arxiv,156,161,1616,False,1.0,"[156, 165]",50,0.004528045654296875,0.0001728534698486328,0.03813457489013672,True,0.32808828353881836,0.98,1.0,0.33514928817749023,2,2,1.1089770793914795,1.1633687019348145,top-5,5022,False,50,0.35828447341918945,10.352535963058472,2.6141438484191895
multi_coarse_734,multi_coarse,stitch,arxiv,32,53,532,False,0.5,"[32, 54]",30,0.004953861236572266,0.00018548965454101562,0.042971134185791016,False,-1.0,-1.0,-1.0,-1.0,0,0,9.211827516555786,9.328564643859863,none,0,False,50,0.35828447341918945,10.352535963058472,2.6141438484191895
multi_coarse_735,multi_coarse,stitch,arxiv,87,166,1663,True,0.5,"[87, 166]",40,0.0049898624420166016,0.00016117095947265625,0.045650482177734375,False,-1.0,-1.0,-1.0,-1.0,0,0,6.82600474357605,6.9223761558532715,none,0,False,50,0.35828447341918945,10.352535963058472,2.6141438484191895
multi_coarse_736,multi_coarse,stitch,arxiv,54,77,774,True,1.0,"[54, 77]",50,0.004360675811767578,0.00017261505126953125,0.04150223731994629,True,0.403393030166626,1.0,1.0,0.4132113456726074,1,1,1.1832199096679688,1.2426714897155762,top-5,5054,False,50,0.35828447341918945,10.352535963058472,2.6141438484191895
multi_coarse_737,multi_coarse,stitch,arxiv,27,43,434,True,0.5,"[27, 43]",37,0.004873037338256836,0.0001723766326904297,0.037654876708984375,False,-1.0,-1.0,-1.0,-1.0,0,0,6.732243537902832,6.807385444641113,none,0,False,50,0.35828447341918945,10.352535963058472,2.6141438484191895
multi_coarse_738,multi_coarse,stitch,arxiv,165,165,1656,True,1.0,"[165, 171]",50,0.005305051803588867,0.0001857280731201172,0.04110240936279297,True,0.3652474880218506,0.98,1.0,0.372967004776001,2,2,1.1622884273529053,1.2218892574310303,top-5,5063,False,50,0.35828447341918945,10.352535963058472,2.6141438484191895
multi_coarse_739,multi_coarse,stitch,arxiv,43,49,493,False,1.0,"[43, 88]",31,0.004946708679199219,0.00017333030700683594,0.037940025329589844,True,3.7981607913970947,1.0,1.0,3.8319945335388184,1,1,7.1660497188568115,7.251611232757568,top-20,17775,False,50,0.35828447341918945,10.352535963058472,2.6141438484191895
multi_coarse_740,multi_coarse,stitch,arxiv,8,103,1033,False,1.0,"[8, 104]",46,0.004310131072998047,0.000156402587890625,0.03731346130371094,True,3.6112661361694336,0.9347826086956522,1.0,3.6446902751922607,16,16,6.921005487442017,6.996245861053467,top-20,17823,False,50,0.35828447341918945,10.352535963058472,2.6141438484191895
multi_coarse_741,multi_coarse,stitch,arxiv,26,29,299,True,1.0,"[26, 29]",50,0.004538774490356445,0.00015306472778320312,0.03844165802001953,True,0.33150434494018555,0.98,1.0,0.34012722969055176,2,2,1.1101984977722168,1.1759259700775146,top-5,5038,False,50,0.35828447341918945,10.352535963058472,2.6141438484191895
multi_coarse_742,multi_coarse,stitch,arxiv,97,97,976,True,1.0,"[97, 164]",50,0.005141735076904297,0.00016927719116210938,0.043289899826049805,True,0.4074103832244873,0.98,1.0,0.4181632995605469,2,2,1.2405154705047607,1.3106472492218018,top-5,5082,False,50,0.35828447341918945,10.352535963058472,2.6141438484191895
multi_coarse_743,multi_coarse,stitch,arxiv,28,28,286,True,1.0,"[28, 93]",42,0.004338979721069336,0.000156402587890625,0.037537336349487305,True,3.920412302017212,0.9761904761904762,1.0,3.95997953414917,2,2,7.295132637023926,7.371525287628174,top-20,17824,False,50,0.35828447341918945,10.352535963058472,2.6141438484191895
multi_coarse_744,multi_coarse,stitch,arxiv,31,56,566,True,1.0,"[31, 56]",50,0.00447392463684082,0.0001544952392578125,0.03716421127319336,True,0.37928128242492676,1.0,1.0,0.38854026794433594,1,1,1.1803615093231201,1.2355363368988037,top-5,5171,False,50,0.35828447341918945,10.352535963058472,2.6141438484191895
multi_coarse_745,multi_coarse,stitch,arxiv,47,46,461,False,1.0,"[47, 54]",50,0.004269123077392578,0.000156402587890625,0.036627769470214844,True,0.3778824806213379,0.98,1.0,0.38759756088256836,2,2,1.1533668041229248,1.2073509693145752,top-5,5042,False,50,0.35828447341918945,10.352535963058472,2.6141438484191895
multi_coarse_746,multi_coarse,stitch,arxiv,12,12,122,True,1.0,"[12, 112]",40,0.004599571228027344,0.000156402587890625,0.037183523178100586,True,0.32028722763061523,1.0,1.0,0.32729482650756836,1,1,1.0610215663909912,1.1136276721954346,top-5,4983,False,50,0.35828447341918945,10.352535963058472,2.6141438484191895
multi_coarse_747,multi_coarse,stitch,arxiv,34,66,661,False,0.5,"[34, 64]",50,0.00435328483581543,0.00015020370483398438,0.037221670150756836,False,-1.0,-1.0,-1.0,-1.0,0,0,7.646338939666748,7.733179807662964,none,0,False,50,0.35828447341918945,10.352535963058472,2.6141438484191895
multi_coarse_748,multi_coarse,stitch,arxiv,55,162,1623,True,1.0,"[55, 162]",50,0.005145072937011719,0.0001933574676513672,0.03823041915893555,True,0.34188055992126465,1.0,1.0,0.34883618354797363,1,1,1.1043529510498047,1.1601207256317139,top-5,5019,False,50,0.35828447341918945,10.352535963058472,2.6141438484191895
multi_coarse_749,multi_coarse,stitch,arxiv,156,156,1562,True,1.0,"[156, 193]",50,0.004557371139526367,0.00015878677368164062,0.03990960121154785,True,0.32434773445129395,1.0,1.0,0.3317379951477051,1,1,1.0951948165893555,1.1507158279418945,top-5,5036,False,50,0.35828447341918945,10.352535963058472,2.6141438484191895
multi_coarse_750,multi_coarse,stitch,arxiv,16,16,162,True,0.5,"[16, 52]",39,0.0043942928314208984,0.00014781951904296875,0.03728079795837402,False,-1.0,-1.0,-1.0,-1.0,0,0,7.083631277084351,7.158596992492676,none,0,False,50,0.35828447341918945,10.352535963058472,2.6141438484191895
multi_coarse_751,multi_coarse,stitch,arxiv,72,72,728,True,0.5,"[72, 181]",33,0.0046274662017822266,0.0001709461212158203,0.03745722770690918,False,-1.0,-1.0,-1.0,-1.0,0,0,7.5550243854522705,7.635104417800903,none,0,False,50,0.35828447341918945,10.352535963058472,2.6141438484191895
multi_coarse_752,multi_coarse,stitch,arxiv,4,18,187,False,1.0,"[4, 55]",50,0.004443645477294922,0.00016379356384277344,0.03847932815551758,True,4.690075874328613,0.98,1.0,4.730414628982544,2,2,8.167881727218628,8.248462915420532,top-20,17749,False,50,0.35828447341918945,10.352535963058472,2.6141438484191895
multi_coarse_753,multi_coarse,stitch,arxiv,24,83,837,False,1.0,"[24, 84]",32,0.004323244094848633,0.0001537799835205078,0.03751826286315918,True,4.020437240600586,1.0,1.0,4.058534860610962,1,1,7.815040111541748,7.900222063064575,top-20,17869,False,50,0.35828447341918945,10.352535963058472,2.6141438484191895
multi_coarse_754,multi_coarse,stitch,arxiv,34,58,582,False,1.0,"[34, 60]",50,0.006743431091308594,0.00021314620971679688,0.038961172103881836,True,3.6082592010498047,1.0,1.0,3.6420910358428955,1,1,6.831815958023071,6.923962593078613,top-20,17701,False,50,0.35828447341918945,10.352535963058472,2.6141438484191895
multi_coarse_755,multi_coarse,stitch,arxiv,91,185,1854,True,1.0,"[91, 185]",50,0.0047953128814697266,0.0002110004425048828,0.03758406639099121,True,0.3109910488128662,0.98,1.0,0.31952977180480957,2,2,1.0700695514678955,1.123805284500122,top-5,5023,False,50,0.35828447341918945,10.352535963058472,2.6141438484191895
multi_coarse_756,multi_coarse,stitch,arxiv,13,13,131,True,0.5,"[13, 74]",50,0.0046503543853759766,0.0002052783966064453,0.0373537540435791,False,-1.0,-1.0,-1.0,-1.0,0,0,7.777749061584473,7.8601765632629395,none,0,False,50,0.35828447341918945,10.352535963058472,2.6141438484191895
multi_coarse_757,multi_coarse,stitch,arxiv,3,55,554,True,1.0,"[3, 55]",46,0.00446772575378418,0.0001614093780517578,0.039346933364868164,True,0.400909423828125,0.9782608695652174,1.0,0.4096217155456543,2,2,1.165891408920288,1.2327930927276611,top-5,5032,False,50,0.35828447341918945,10.352535963058472,2.6141438484191895
multi_coarse_758,multi_coarse,stitch,arxiv,22,88,883,True,0.5,"[22, 88]",30,0.004209041595458984,0.00015115737915039062,0.036843299865722656,False,-1.0,-1.0,-1.0,-1.0,0,0,7.318268537521362,7.394298791885376,none,0,False,50,0.35828447341918945,10.352535963058472,2.6141438484191895
multi_coarse_759,multi_coarse,stitch,arxiv,81,84,843,True,1.0,"[81, 84]",50,0.004625797271728516,0.0001804828643798828,0.03934478759765625,True,0.3461647033691406,1.0,1.0,0.3540370464324951,1,1,1.121342658996582,1.1808032989501953,top-5,5130,False,50,0.35828447341918945,10.352535963058472,2.6141438484191895
multi_coarse_760,multi_coarse,stitch,arxiv,26,80,803,True,0.5,"[26, 80]",28,0.0044858455657958984,0.00014972686767578125,0.03776693344116211,False,-1.0,-1.0,-1.0,-1.0,0,0,8.120907068252563,8.222447395324707,none,0,False,50,0.35828447341918945,10.352535963058472,2.6141438484191895
multi_coarse_761,multi_coarse,stitch,arxiv,100,159,1593,True,1.0,"[100, 159]",43,0.004543781280517578,0.0001609325408935547,0.03687620162963867,True,3.4199717044830322,0.9767441860465116,1.0,3.4486987590789795,2,2,6.616459608078003,6.687626600265503,top-20,17706,False,50,0.35828447341918945,10.352535963058472,2.6141438484191895
multi_coarse_762,multi_coarse,stitch,arxiv,58,58,588,True,0.5,"[58, 96]",38,0.004412174224853516,0.00015687942504882812,0.03802752494812012,False,-1.0,-1.0,-1.0,-1.0,0,0,6.496932029724121,6.573545455932617,none,0,False,50,0.35828447341918945,10.352535963058472,2.6141438484191895
multi_coarse_763,multi_coarse,stitch,arxiv,39,134,1344,True,1.0,"[39, 134]",44,0.00471806526184082,0.00018715858459472656,0.038152456283569336,True,0.3193659782409668,1.0,1.0,0.325664758682251,1,1,1.0844287872314453,1.1382663249969482,top-5,5039,False,50,0.35828447341918945,10.352535963058472,2.6141438484191895
multi_coarse_764,multi_coarse,stitch,arxiv,32,122,1227,True,0.5,"[32, 122]",50,0.0044019222259521484,0.00016736984252929688,0.03737354278564453,False,-1.0,-1.0,-1.0,-1.0,0,0,6.5392069816589355,6.619098663330078,none,0,False,50,0.35828447341918945,10.352535963058472,2.6141438484191895
multi_coarse_765,multi_coarse,stitch,arxiv,102,112,1129,False,0.5,"[102, 193]",27,0.0047435760498046875,0.00021266937255859375,0.03737020492553711,False,-1.0,-1.0,-1.0,-1.0,0,0,6.585941553115845,6.658487796783447,none,0,False,50,0.35828447341918945,10.352535963058472,2.6141438484191895
multi_coarse_766,multi_coarse,stitch,arxiv,113,167,1677,True,1.0,"[113, 167]",50,0.004602670669555664,0.00015783309936523438,0.03801083564758301,True,0.33263206481933594,1.0,1.0,0.3413090705871582,1,1,1.1190156936645508,1.1729779243469238,top-5,5087,False,50,0.35828447341918945,10.352535963058472,2.6141438484191895
multi_coarse_767,multi_coarse,stitch,arxiv,38,38,380,True,1.0,"[38, 124]",32,0.004710197448730469,0.00016999244689941406,0.0375974178314209,True,3.555468797683716,1.0,1.0,3.5860207080841064,1,1,6.718671083450317,6.7923619747161865,top-20,17584,False,50,0.35828447341918945,10.352535963058472,2.6141438484191895
multi_coarse_768,multi_coarse,stitch,arxiv,107,199,1994,True,1.0,"[107, 199]",50,0.004615306854248047,0.0001747608184814453,0.03791975975036621,True,3.2486507892608643,1.0,1.0,3.276150703430176,1,1,6.522722005844116,6.591633319854736,top-20,17829,False,50,0.35828447341918945,10.352535963058472,2.6141438484191895
multi_coarse_769,multi_coarse,stitch,arxiv,41,163,1634,True,1.0,"[41, 163]",45,0.004467010498046875,0.00014710426330566406,0.03705906867980957,True,3.4120047092437744,1.0,1.0,3.4427967071533203,1,1,6.619300127029419,6.692306756973267,top-20,17646,False,50,0.35828447341918945,10.352535963058472,2.6141438484191895
multi_coarse_770,multi_coarse,stitch,arxiv,119,127,1272,True,1.0,"[119, 127]",50,0.004868507385253906,0.00018453598022460938,0.038198232650756836,True,3.298548698425293,1.0,1.0,3.3256173133850098,1,1,6.881881475448608,6.958941698074341,top-20,17861,False,50,0.35828447341918945,10.352535963058472,2.6141438484191895
multi_coarse_771,multi_coarse,stitch,arxiv,48,100,1008,True,0.5,"[48, 100]",28,0.0046536922454833984,0.0001659393310546875,0.03895092010498047,False,-1.0,-1.0,-1.0,-1.0,0,0,6.330097198486328,6.403226375579834,none,0,False,50,0.35828447341918945,10.352535963058472,2.6141438484191895
multi_coarse_772,multi_coarse,stitch,arxiv,5,22,223,True,1.0,"[5, 22]",30,0.004382133483886719,0.00015354156494140625,0.037224531173706055,True,4.039268970489502,1.0,1.0,4.082042694091797,1,1,7.324665307998657,7.4000701904296875,top-20,17875,False,50,0.35828447341918945,10.352535963058472,2.6141438484191895
multi_coarse_773,multi_coarse,stitch,arxiv,163,157,1575,False,1.0,"[163, 188]",36,0.00497126579284668,0.00020074844360351562,0.03849339485168457,True,3.3385753631591797,1.0,1.0,3.367408037185669,1,1,6.534147262573242,6.609342098236084,top-20,17672,False,50,0.35828447341918945,10.352535963058472,2.6141438484191895
multi_coarse_774,multi_coarse,stitch,arxiv,89,117,1177,True,0.5,"[89, 117]",29,0.004328250885009766,0.00015974044799804688,0.03742861747741699,False,-1.0,-1.0,-1.0,-1.0,0,0,6.45305061340332,6.525030612945557,none,0,False,50,0.35828447341918945,10.352535963058472,2.6141438484191895
multi_coarse_775,multi_coarse,stitch,arxiv,35,35,357,True,1.0,"[35, 49]",50,0.0048656463623046875,0.0001811981201171875,0.038573503494262695,True,0.3517117500305176,0.98,1.0,0.35998082160949707,2,2,1.124382734298706,1.1832082271575928,top-5,5042,False,50,0.35828447341918945,10.352535963058472,2.6141438484191895
multi_coarse_776,multi_coarse,stitch,arxiv,41,41,415,True,1.0,"[41, 151]",36,0.004379987716674805,0.0001678466796875,0.03706002235412598,True,3.2751049995422363,1.0,1.0,3.3005053997039795,1,1,6.850296974182129,6.927159070968628,top-20,17625,False,50,0.35828447341918945,10.352535963058472,2.6141438484191895
multi_coarse_777,multi_coarse,stitch,arxiv,119,119,1190,True,0.5,"[119, 190]",30,0.0043146610260009766,0.00017452239990234375,0.03722691535949707,False,-1.0,-1.0,-1.0,-1.0,0,0,6.539645671844482,6.6114661693573,none,0,False,50,0.35828447341918945,10.352535963058472,2.6141438484191895
multi_coarse_778,multi_coarse,stitch,arxiv,6,121,1217,False,1.0,"[6, 122]",50,0.004350900650024414,0.00015091896057128906,0.037148237228393555,True,0.31560850143432617,1.0,1.0,0.3220491409301758,1,1,1.0837507247924805,1.1357057094573975,top-5,5015,False,50,0.35828447341918945,10.352535963058472,2.6141438484191895
multi_coarse_779,multi_coarse,stitch,arxiv,163,194,1942,False,1.0,"[163, 197]",50,0.004460573196411133,0.0001811981201171875,0.03797006607055664,True,0.3263397216796875,1.0,1.0,0.3342292308807373,1,1,1.1073007583618164,1.1608803272247314,top-5,5079,False,50,0.35828447341918945,10.352535963058472,2.6141438484191895
multi_coarse_780,multi_coarse,stitch,arxiv,6,6,62,True,1.0,"[6, 55]",50,0.00436711311340332,0.00016927719116210938,0.037291526794433594,True,0.33500003814697266,1.0,1.0,0.3431413173675537,1,1,1.1054089069366455,1.164550542831421,top-5,5067,False,50,0.35828447341918945,10.352535963058472,2.6141438484191895
multi_coarse_781,multi_coarse,stitch,arxiv,140,140,1409,True,1.0,"[140, 198]",50,0.0043299198150634766,0.0001544952392578125,0.03790283203125,True,0.32353806495666504,1.0,1.0,0.3313932418823242,1,1,1.0988774299621582,1.1536972522735596,top-5,5134,False,50,0.35828447341918945,10.352535963058472,2.6141438484191895
multi_coarse_782,multi_coarse,stitch,arxiv,20,30,306,True,0.5,"[20, 30]",36,0.0043184757232666016,0.00015044212341308594,0.037346839904785156,False,-1.0,-1.0,-1.0,-1.0,0,0,6.645578861236572,6.742472887039185,none,0,False,50,0.35828447341918945,10.352535963058472,2.6141438484191895
multi_coarse_783,multi_coarse,stitch,arxiv,159,157,1572,False,1.0,"[159, 172]",50,0.004563570022583008,0.0001659393310546875,0.03735685348510742,True,0.32708239555358887,1.0,1.0,0.33557939529418945,1,1,1.0866055488586426,1.1388492584228516,top-5,5032,False,50,0.35828447341918945,10.352535963058472,2.6141438484191895
multi_coarse_784,multi_coarse,stitch,arxiv,2,91,914,True,0.5,"[2, 91]",39,0.004360198974609375,0.0001575946807861328,0.03736090660095215,False,-1.0,-1.0,-1.0,-1.0,0,0,6.973883390426636,7.049349784851074,none,0,False,50,0.35828447341918945,10.352535963058472,2.6141438484191895
multi_coarse_785,multi_coarse,stitch,arxiv,35,35,355,True,1.0,"[35, 56]",50,0.004317283630371094,0.00015163421630859375,0.03726553916931152,True,0.3376631736755371,0.98,1.0,0.3451721668243408,2,2,1.110208511352539,1.1705045700073242,top-5,5080,False,50,0.35828447341918945,10.352535963058472,2.6141438484191895
multi_coarse_786,multi_coarse,stitch,arxiv,34,34,342,True,0.5,"[34, 171]",30,0.004776716232299805,0.0001862049102783203,0.03766345977783203,False,-1.0,-1.0,-1.0,-1.0,0,0,6.45876932144165,6.5323486328125,none,0,False,50,0.35828447341918945,10.352535963058472,2.6141438484191895
multi_coarse_787,multi_coarse,stitch,arxiv,7,52,528,True,0.5,"[7, 52]",28,0.004636049270629883,0.0001556873321533203,0.03760385513305664,False,-1.0,-1.0,-1.0,-1.0,0,0,6.775410413742065,6.850534915924072,none,0,False,50,0.35828447341918945,10.352535963058472,2.6141438484191895
multi_coarse_788,multi_coarse,stitch,arxiv,21,46,461,False,1.0,"[21, 49]",50,0.004978656768798828,0.00017571449279785156,0.038028717041015625,True,3.8287885189056396,0.96,1.0,3.865666151046753,4,4,7.129345893859863,7.215426921844482,top-20,17617,False,50,0.35828447341918945,10.352535963058472,2.6141438484191895
multi_coarse_789,multi_coarse,stitch,arxiv,21,112,1127,False,0.5,"[21, 143]",44,0.005012989044189453,0.0001938343048095703,0.039167165756225586,False,-1.0,-1.0,-1.0,-1.0,0,0,6.531110048294067,6.604454517364502,none,0,False,50,0.35828447341918945,10.352535963058472,2.6141438484191895
multi_coarse_790,multi_coarse,stitch,arxiv,172,16,169,False,0.5,"[172, 189]",29,0.004737138748168945,0.0001857280731201172,0.037973880767822266,False,-1.0,-1.0,-1.0,-1.0,0,0,7.490197420120239,7.568393230438232,none,0,False,50,0.35828447341918945,10.352535963058472,2.6141438484191895
multi_coarse_791,multi_coarse,stitch,arxiv,116,134,1343,True,1.0,"[116, 134]",39,0.0047070980072021484,0.00016736984252929688,0.03699374198913574,True,3.2736010551452637,1.0,1.0,3.299306631088257,1,1,6.515624523162842,6.58591103553772,top-20,17917,False,50,0.35828447341918945,10.352535963058472,2.6141438484191895
multi_coarse_792,multi_coarse,stitch,arxiv,14,75,752,True,0.5,"[14, 75]",30,0.0047152042388916016,0.00017976760864257812,0.03807878494262695,False,-1.0,-1.0,-1.0,-1.0,0,0,7.197836637496948,7.2833030223846436,none,0,False,50,0.35828447341918945,10.352535963058472,2.6141438484191895
multi_coarse_793,multi_coarse,stitch,arxiv,22,22,223,True,1.0,"[22, 106]",35,0.005036354064941406,0.00017833709716796875,0.03823041915893555,True,0.30172085762023926,1.0,1.0,0.308854341506958,1,1,1.0761687755584717,1.133063554763794,top-5,5112,False,50,0.35828447341918945,10.352535963058472,2.6141438484191895
multi_coarse_794,multi_coarse,stitch,arxiv,33,33,335,True,1.0,"[33, 147]",50,0.004813194274902344,0.00036716461181640625,0.03969740867614746,True,0.3544471263885498,1.0,1.0,0.36257457733154297,1,1,1.1584749221801758,1.21571683883667,top-5,5135,False,50,0.35828447341918945,10.352535963058472,2.6141438484191895
multi_coarse_795,multi_coarse,stitch,arxiv,3,114,1149,True,1.0,"[3, 114]",50,0.004979848861694336,0.00020051002502441406,0.03782176971435547,True,0.3148365020751953,1.0,1.0,0.32457876205444336,1,1,1.0906622409820557,1.1447224617004395,top-5,5096,False,50,0.35828447341918945,10.352535963058472,2.6141438484191895
multi_coarse_796,multi_coarse,stitch,arxiv,24,23,231,False,1.0,"[24, 49]",50,0.00437617301940918,0.00014710426330566406,0.03696441650390625,True,0.42186760902404785,1.0,1.0,0.4328196048736572,1,1,1.2186665534973145,1.2796566486358643,top-5,5034,False,50,0.35828447341918945,10.352535963058472,2.6141438484191895
multi_coarse_797,multi_coarse,stitch,arxiv,26,144,1440,False,1.0,"[26, 145]",45,0.004321575164794922,0.0001575946807861328,0.036895036697387695,True,0.30208659172058105,1.0,1.0,0.31002378463745117,1,1,1.058708906173706,1.1127963066101074,top-5,5021,False,50,0.35828447341918945,10.352535963058472,2.6141438484191895
multi_coarse_798,multi_coarse,stitch,arxiv,76,76,760,True,1.0,"[76, 133]",33,0.004616498947143555,0.0001735687255859375,0.03768348693847656,True,3.7352192401885986,1.0,1.0,3.77301025390625,1,1,7.515808820724487,7.605837345123291,top-20,17837,False,50,0.35828447341918945,10.352535963058472,2.6141438484191895
multi_coarse_799,multi_coarse,stitch,arxiv,137,149,1498,True,1.0,"[137, 149]",49,0.004906177520751953,0.00017690658569335938,0.03829836845397949,True,0.30077099800109863,1.0,1.0,0.3082125186920166,1,1,1.0630707740783691,1.1231188774108887,top-5,5033,False,50,0.35828447341918945,10.352535963058472,2.6141438484191895
multi_coarse_800,multi_coarse,stitch,arxiv,23,23,236,True,0.5,"[23, 125]",53,0.004607439041137695,0.00016045570373535156,0.03686666488647461,False,-1.0,-1.0,-1.0,-1.0,0,0,7.4370973110198975,7.51675820350647,none,0,False,100,0.35828447341918945,10.352535963058472,2.6141438484191895
multi_coarse_801,multi_coarse,stitch,arxiv,59,59,593,True,1.0,"[59, 107]",77,0.004337310791015625,0.00015854835510253906,0.036638498306274414,True,0.3049964904785156,1.0,1.0,0.31288766860961914,1,1,1.06809401512146,1.126335620880127,top-5,4968,False,100,0.35828447341918945,10.352535963058472,2.6141438484191895
multi_coarse_802,multi_coarse,stitch,arxiv,63,63,635,True,1.0,"[63, 70]",100,0.004860877990722656,0.0001704692840576172,0.03876781463623047,True,4.929041147232056,1.0,1.0,4.975261449813843,1,1,8.42789602279663,8.523319482803345,top-20,17719,False,100,0.35828447341918945,10.352535963058472,2.6141438484191895
multi_coarse_803,multi_coarse,stitch,arxiv,46,46,462,True,1.0,"[46, 78]",100,0.0046844482421875,0.0001671314239501953,0.03860068321228027,True,0.3358011245727539,0.99,1.0,0.34276413917541504,2,2,1.0945074558258057,1.1491034030914307,top-5,4990,False,100,0.35828447341918945,10.352535963058472,2.6141438484191895
multi_coarse_804,multi_coarse,stitch,arxiv,48,70,701,True,0.5,"[48, 70]",61,0.0047092437744140625,0.0001685619354248047,0.03754019737243652,False,-1.0,-1.0,-1.0,-1.0,0,0,7.544651508331299,7.623622894287109,none,0,False,100,0.35828447341918945,10.352535963058472,2.6141438484191895
multi_coarse_805,multi_coarse,stitch,arxiv,57,57,579,True,1.0,"[57, 94]",100,0.0044591426849365234,0.00019168853759765625,0.037615299224853516,True,0.3687155246734619,1.0,1.0,0.37795352935791016,1,1,1.1635608673095703,1.223961591720581,top-5,5043,False,100,0.35828447341918945,10.352535963058472,2.6141438484191895
multi_coarse_806,multi_coarse,stitch,arxiv,77,83,831,True,1.0,"[77, 83]",100,0.004481077194213867,0.00016999244689941406,0.03742337226867676,True,0.48438167572021484,1.0,1.0,0.49560546875,1,1,1.324416160583496,1.3803741931915283,top-5,5104,False,100,0.35828447341918945,10.352535963058472,2.6141438484191895
multi_coarse_807,multi_coarse,stitch,arxiv,6,121,1219,True,1.0,"[6, 121]",57,0.004330873489379883,0.0001537799835205078,0.037256479263305664,True,3.2664260864257812,1.0,1.0,3.297948122024536,1,1,6.488894462585449,6.579150438308716,top-20,17757,False,100,0.35828447341918945,10.352535963058472,2.6141438484191895
multi_coarse_808,multi_coarse,stitch,arxiv,38,94,943,False,1.0,"[38, 98]",100,0.0048139095306396484,0.0001957416534423828,0.03893113136291504,True,0.4130387306213379,1.0,1.0,0.42508578300476074,1,1,1.2040581703186035,1.259953260421753,top-5,5038,False,100,0.35828447341918945,10.352535963058472,2.6141438484191895
multi_coarse_809,multi_coarse,stitch,arxiv,31,89,892,True,0.5,"[31, 89]",65,0.00445556640625,0.0001647472381591797,0.038442134857177734,False,-1.0,-1.0,-1.0,-1.0,0,0,6.75439977645874,6.828993082046509,none,0,False,100,0.35828447341918945,10.352535963058472,2.6141438484191895
multi_coarse_810,multi_coarse,stitch,arxiv,155,162,1622,True,1.0,"[155, 162]",64,0.004893779754638672,0.00016188621520996094,0.037587881088256836,True,3.394878387451172,1.0,1.0,3.424426317214966,1,1,6.669667482376099,6.768748044967651,top-20,17779,False,100,0.35828447341918945,10.352535963058472,2.6141438484191895
multi_coarse_811,multi_coarse,stitch,arxiv,120,120,1205,True,1.0,"[120, 140]",100,0.004624605178833008,0.00048732757568359375,0.03952479362487793,True,3.4950995445251465,1.0,1.0,3.52321457862854,1,1,6.814988374710083,6.927481412887573,top-20,17871,False,100,0.35828447341918945,10.352535963058472,2.6141438484191895
multi_coarse_812,multi_coarse,stitch,arxiv,55,112,1120,True,0.5,"[55, 112]",54,0.004317760467529297,0.00015926361083984375,0.03728365898132324,False,-1.0,-1.0,-1.0,-1.0,0,0,6.728864431381226,6.81201434135437,none,0,False,100,0.35828447341918945,10.352535963058472,2.6141438484191895
multi_coarse_813,multi_coarse,stitch,arxiv,3,122,1223,True,1.0,"[3, 122]",100,0.0048139095306396484,0.00018072128295898438,0.03793597221374512,True,3.5152151584625244,0.97,1.0,3.5545032024383545,4,4,6.775480508804321,6.84786581993103,top-20,17721,False,100,0.35828447341918945,10.352535963058472,2.6141438484191895
multi_coarse_814,multi_coarse,stitch,arxiv,10,10,102,True,1.0,"[10, 68]",100,0.004326581954956055,0.0001571178436279297,0.03851056098937988,True,3.744757890701294,0.99,1.0,3.776326894760132,8,8,7.460587978363037,7.541219472885132,top-20,17772,False,100,0.35828447341918945,10.352535963058472,2.6141438484191895
multi_coarse_815,multi_coarse,stitch,arxiv,33,33,335,True,0.5,"[33, 185]",53,0.0045773983001708984,0.000156402587890625,0.03774690628051758,False,-1.0,-1.0,-1.0,-1.0,0,0,7.142381906509399,7.218049049377441,none,0,False,100,0.35828447341918945,10.352535963058472,2.6141438484191895
multi_coarse_816,multi_coarse,stitch,arxiv,123,130,1304,True,0.5,"[123, 130]",62,0.004584789276123047,0.0001628398895263672,0.040915489196777344,False,-1.0,-1.0,-1.0,-1.0,0,0,6.476691722869873,6.553958892822266,none,0,False,100,0.35828447341918945,10.352535963058472,2.6141438484191895
multi_coarse_817,multi_coarse,stitch,arxiv,79,194,1944,True,1.0,"[79, 194]",100,0.0043637752532958984,0.00017118453979492188,0.037584543228149414,True,3.6480214595794678,1.0,1.0,3.6793596744537354,1,1,6.955181121826172,7.026862859725952,top-20,17761,False,100,0.35828447341918945,10.352535963058472,2.6141438484191895
multi_coarse_818,multi_coarse,stitch,arxiv,30,30,307,True,1.0,"[30, 91]",100,0.00473475456237793,0.00016641616821289062,0.03789973258972168,True,3.6796464920043945,1.0,1.0,3.7119572162628174,1,1,7.063865900039673,7.141860485076904,top-20,17879,False,100,0.35828447341918945,10.352535963058472,2.6141438484191895
multi_coarse_819,multi_coarse,stitch,arxiv,49,187,1874,True,1.0,"[49, 187]",100,0.0046923160552978516,0.0003025531768798828,0.0380098819732666,True,0.3616960048675537,1.0,1.0,0.3719158172607422,1,1,1.1561305522918701,1.21571683883667,top-5,5133,False,100,0.35828447341918945,10.352535963058472,2.6141438484191895
multi_coarse_820,multi_coarse,stitch,arxiv,143,145,1454,False,1.0,"[143, 179]",97,0.004379749298095703,0.00015425682067871094,0.03782200813293457,True,3.3441050052642822,0.979381443298969,1.0,3.373425245285034,2,2,6.5877344608306885,6.659343719482422,top-20,17898,False,100,0.35828447341918945,10.352535963058472,2.6141438484191895
multi_coarse_821,multi_coarse,stitch,arxiv,113,158,1584,True,0.5,"[113, 158]",53,0.004665374755859375,0.0001506805419921875,0.03802084922790527,False,-1.0,-1.0,-1.0,-1.0,0,0,6.961313247680664,7.063915252685547,none,0,False,100,0.35828447341918945,10.352535963058472,2.6141438484191895
multi_coarse_822,multi_coarse,stitch,arxiv,30,30,305,True,1.0,"[30, 162]",83,0.004549503326416016,0.00016236305236816406,0.03841137886047363,True,0.35825586318969727,1.0,1.0,0.36636900901794434,1,1,1.1570522785186768,1.2124106884002686,top-5,5156,False,100,0.35828447341918945,10.352535963058472,2.6141438484191895
multi_coarse_823,multi_coarse,stitch,arxiv,36,82,828,True,1.0,"[36, 82]",100,0.0046596527099609375,0.00015544891357421875,0.03937125205993652,True,0.4563899040222168,1.0,1.0,0.4720447063446045,1,1,1.2513377666473389,1.311736822128296,top-5,5040,False,100,0.35828447341918945,10.352535963058472,2.6141438484191895
multi_coarse_824,multi_coarse,stitch,arxiv,134,134,1343,True,0.5,"[134, 157]",59,0.004675865173339844,0.00016021728515625,0.037749528884887695,False,-1.0,-1.0,-1.0,-1.0,0,0,6.529633522033691,6.601051568984985,none,0,False,100,0.35828447341918945,10.352535963058472,2.6141438484191895
multi_coarse_825,multi_coarse,stitch,arxiv,44,48,484,False,1.0,"[44, 62]",100,0.004616737365722656,0.00016069412231445312,0.03882908821105957,True,3.8962597846984863,1.0,1.0,3.9360275268554688,1,1,7.268387794494629,7.365161418914795,top-20,17617,False,100,0.35828447341918945,10.352535963058472,2.6141438484191895
multi_coarse_826,multi_coarse,stitch,arxiv,28,194,1944,False,1.0,"[28, 89]",50,0.004662275314331055,0.00015234947204589844,0.03767848014831543,True,3.5411128997802734,1.0,1.0,3.5714974403381348,1,1,6.826696157455444,6.9158782958984375,top-20,17762,False,100,0.35828447341918945,10.352535963058472,2.6141438484191895
multi_coarse_827,multi_coarse,stitch,arxiv,118,135,1351,True,0.5,"[118, 135]",57,0.005336761474609375,0.00016498565673828125,0.04104042053222656,False,-1.0,-1.0,-1.0,-1.0,0,0,6.5864458084106445,6.668875217437744,none,0,False,100,0.35828447341918945,10.352535963058472,2.6141438484191895
multi_coarse_828,multi_coarse,stitch,arxiv,45,183,1834,True,1.0,"[45, 183]",100,0.0049135684967041016,0.00018095970153808594,0.038506269454956055,True,0.3451244831085205,1.0,1.0,0.3541867733001709,1,1,1.1394951343536377,1.2055273056030273,top-5,5105,False,100,0.35828447341918945,10.352535963058472,2.6141438484191895
multi_coarse_829,multi_coarse,stitch,arxiv,27,27,274,True,1.0,"[27, 41]",100,0.004766702651977539,0.00019788742065429688,0.03803753852844238,True,0.3421003818511963,1.0,1.0,0.34972453117370605,1,1,1.1066553592681885,1.1601204872131348,top-5,4985,False,100,0.35828447341918945,10.352535963058472,2.6141438484191895
multi_coarse_830,multi_coarse,stitch,arxiv,46,46,461,True,1.0,"[46, 93]",80,0.004423856735229492,0.0001690387725830078,0.03786015510559082,True,0.364666223526001,1.0,1.0,0.37420082092285156,1,1,1.1259410381317139,1.179250717163086,top-5,4943,False,100,0.35828447341918945,10.352535963058472,2.6141438484191895
multi_coarse_831,multi_coarse,stitch,arxiv,1,1,14,True,1.0,"[1, 195]",73,0.005114078521728516,0.000244140625,0.03853654861450195,True,0.3278050422668457,1.0,1.0,0.33664751052856445,1,1,1.1107196807861328,1.1650443077087402,top-5,5070,False,100,0.35828447341918945,10.352535963058472,2.6141438484191895
multi_coarse_832,multi_coarse,stitch,arxiv,28,28,284,True,1.0,"[28, 54]",100,0.004439592361450195,0.00017833709716796875,0.03854036331176758,True,0.5249712467193604,0.99,1.0,0.5367953777313232,2,2,1.3661024570465088,1.4232819080352783,top-5,5182,False,100,0.35828447341918945,10.352535963058472,2.6141438484191895
multi_coarse_833,multi_coarse,stitch,arxiv,49,48,481,False,1.0,"[49, 96]",100,0.004294395446777344,0.00014519691467285156,0.037329673767089844,True,4.315200328826904,1.0,1.0,4.3564465045928955,1,1,7.728687763214111,7.837631940841675,top-20,17637,False,100,0.35828447341918945,10.352535963058472,2.6141438484191895
multi_coarse_834,multi_coarse,stitch,arxiv,29,198,1984,True,1.0,"[29, 198]",74,0.004404544830322266,0.00016117095947265625,0.03742408752441406,True,3.4070613384246826,1.0,1.0,3.4378654956817627,1,1,6.6768879890441895,6.765773057937622,top-20,17707,False,100,0.35828447341918945,10.352535963058472,2.6141438484191895
multi_coarse_835,multi_coarse,stitch,arxiv,73,73,734,True,0.5,"[73, 170]",55,0.004666566848754883,0.00016164779663085938,0.03769683837890625,False,-1.0,-1.0,-1.0,-1.0,0,0,7.880492687225342,7.970459461212158,none,0,False,100,0.35828447341918945,10.352535963058472,2.6141438484191895
multi_coarse_836,multi_coarse,stitch,arxiv,98,176,1760,True,1.0,"[98, 176]",100,0.0042705535888671875,0.0001590251922607422,0.03700518608093262,True,3.863642930984497,1.0,1.0,3.8972103595733643,1,1,7.202050685882568,7.283608436584473,top-20,17804,False,100,0.35828447341918945,10.352535963058472,2.6141438484191895
multi_coarse_837,multi_coarse,stitch,arxiv,48,48,488,True,0.5,"[48, 59]",66,0.004374027252197266,0.0001614093780517578,0.03692030906677246,False,-1.0,-1.0,-1.0,-1.0,0,0,7.037395238876343,7.121514558792114,none,0,False,100,0.35828447341918945,10.352535963058472,2.6141438484191895
multi_coarse_838,multi_coarse,stitch,arxiv,30,30,306,True,1.0,"[30, 163]",100,0.004607200622558594,0.0001609325408935547,0.03797650337219238,True,0.33401918411254883,1.0,1.0,0.3413505554199219,1,1,1.1345367431640625,1.1939764022827148,top-5,5067,False,100,0.35828447341918945,10.352535963058472,2.6141438484191895
multi_coarse_839,multi_coarse,stitch,arxiv,22,22,220,True,1.0,"[22, 100]",100,0.005011320114135742,0.00019812583923339844,0.03823065757751465,True,0.32071471214294434,1.0,1.0,0.3285641670227051,1,1,1.1012585163116455,1.1557233333587646,top-5,5096,False,100,0.35828447341918945,10.352535963058472,2.6141438484191895
multi_coarse_840,multi_coarse,stitch,arxiv,98,98,984,True,0.5,"[98, 101]",56,0.004708051681518555,0.00016546249389648438,0.03788304328918457,False,-1.0,-1.0,-1.0,-1.0,0,0,8.305277824401855,8.388015508651733,none,0,False,100,0.35828447341918945,10.352535963058472,2.6141438484191895
multi_coarse_841,multi_coarse,stitch,arxiv,13,13,133,True,1.0,"[13, 140]",89,0.004405021667480469,0.00015497207641601562,0.038256168365478516,True,0.3768301010131836,1.0,1.0,0.3860299587249756,1,1,1.1826117038726807,1.253448247909546,top-5,5112,False,100,0.35828447341918945,10.352535963058472,2.6141438484191895
multi_coarse_842,multi_coarse,stitch,arxiv,47,47,472,True,0.5,"[47, 170]",60,0.004469394683837891,0.0001595020294189453,0.03753232955932617,False,-1.0,-1.0,-1.0,-1.0,0,0,7.160119533538818,7.2319207191467285,none,0,False,100,0.35828447341918945,10.352535963058472,2.6141438484191895
multi_coarse_843,multi_coarse,stitch,arxiv,2,76,764,True,0.5,"[2, 76]",54,0.004904747009277344,0.0001766681671142578,0.03874468803405762,False,-1.0,-1.0,-1.0,-1.0,0,0,7.366697788238525,7.448663234710693,none,0,False,100,0.35828447341918945,10.352535963058472,2.6141438484191895
multi_coarse_844,multi_coarse,stitch,arxiv,22,86,863,True,0.5,"[22, 86]",75,0.00496363639831543,0.0001900196075439453,0.03789091110229492,False,-1.0,-1.0,-1.0,-1.0,0,0,7.233200788497925,7.335434675216675,none,0,False,100,0.35828447341918945,10.352535963058472,2.6141438484191895
multi_coarse_845,multi_coarse,stitch,arxiv,15,15,153,True,1.0,"[15, 85]",100,0.0044667720794677734,0.000164031982421875,0.0386655330657959,True,0.3974003791809082,1.0,1.0,0.4057955741882324,1,1,1.1921558380126953,1.248267412185669,top-5,5033,False,100,0.35828447341918945,10.352535963058472,2.6141438484191895
multi_coarse_846,multi_coarse,stitch,arxiv,43,132,1320,True,0.5,"[43, 132]",75,0.004579067230224609,0.00019860267639160156,0.03900551795959473,False,-1.0,-1.0,-1.0,-1.0,0,0,6.798856019973755,6.909095048904419,none,0,False,100,0.35828447341918945,10.352535963058472,2.6141438484191895
multi_coarse_847,multi_coarse,stitch,arxiv,1,16,162,True,1.0,"[1, 16]",54,0.004566669464111328,0.00016736984252929688,0.041129350662231445,True,3.7383816242218018,1.0,1.0,3.7750630378723145,1,1,6.972714424133301,7.051516056060791,top-20,17617,False,100,0.35828447341918945,10.352535963058472,2.6141438484191895
multi_coarse_848,multi_coarse,stitch,arxiv,92,92,929,True,0.5,"[92, 144]",100,0.004601001739501953,0.000152587890625,0.03712034225463867,False,-1.0,-1.0,-1.0,-1.0,0,0,7.390690565109253,7.4704718589782715,none,0,False,100,0.35828447341918945,10.352535963058472,2.6141438484191895
multi_coarse_849,multi_coarse,stitch,arxiv,152,166,1667,True,1.0,"[152, 166]",64,0.0042874813079833984,0.00015354156494140625,0.03787493705749512,True,3.3241660594940186,1.0,1.0,3.350841522216797,1,1,6.906549692153931,6.983062982559204,top-20,17663,False,100,0.35828447341918945,10.352535963058472,2.6141438484191895
multi_coarse_850,multi_coarse,stitch,arxiv,64,124,1240,True,1.0,"[64, 124]",82,0.004637479782104492,0.00016617774963378906,0.03808259963989258,True,0.3289463520050049,1.0,1.0,0.33623480796813965,1,1,1.1038734912872314,1.1895718574523926,top-5,5082,False,100,0.35828447341918945,10.352535963058472,2.6141438484191895
multi_coarse_851,multi_coarse,stitch,arxiv,5,46,461,True,1.0,"[5, 46]",100,0.00436091423034668,0.00016117095947265625,0.0380859375,True,4.252897500991821,1.0,1.0,4.298316240310669,1,1,7.675159454345703,7.767674922943115,top-20,17653,False,100,0.35828447341918945,10.352535963058472,2.6141438484191895
multi_coarse_852,multi_coarse,stitch,arxiv,15,33,335,True,1.0,"[15, 33]",100,0.0042879581451416016,0.00016689300537109375,0.0372767448425293,True,0.4301424026489258,1.0,1.0,0.4409916400909424,1,1,1.2793564796447754,1.3392395973205566,top-5,5119,False,100,0.35828447341918945,10.352535963058472,2.6141438484191895
multi_coarse_853,multi_coarse,stitch,arxiv,76,76,760,True,1.0,"[76, 96]",59,0.0064928531646728516,0.0004942417144775391,0.04175281524658203,True,4.19487190246582,1.0,1.0,4.233080863952637,1,1,7.562129497528076,7.685758829116821,top-20,17735,False,100,0.35828447341918945,10.352535963058472,2.6141438484191895
multi_coarse_854,multi_coarse,stitch,arxiv,41,113,1137,True,1.0,"[41, 113]",66,0.0044460296630859375,0.00015974044799804688,0.03848862648010254,True,0.31615734100341797,1.0,1.0,0.3239314556121826,1,1,1.0941462516784668,1.1613538265228271,top-5,5057,False,100,0.35828447341918945,10.352535963058472,2.6141438484191895
multi_coarse_855,multi_coarse,stitch,arxiv,15,130,1304,True,1.0,"[15, 130]",100,0.004797697067260742,0.0001838207244873047,0.042742013931274414,True,0.351116418838501,1.0,1.0,0.3606288433074951,1,1,1.1494688987731934,1.2139852046966553,top-5,5037,False,100,0.35828447341918945,10.352535963058472,2.6141438484191895
multi_coarse_856,multi_coarse,stitch,arxiv,22,149,1499,True,1.0,"[22, 149]",89,0.005270719528198242,0.000202178955078125,0.04204821586608887,True,0.3390932083129883,1.0,1.0,0.3466975688934326,1,1,1.116837501525879,1.1852037906646729,top-5,5089,False,100,0.35828447341918945,10.352535963058472,2.6141438484191895
multi_coarse_857,multi_coarse,stitch,arxiv,60,164,1640,True,0.5,"[60, 164]",61,0.0047342777252197266,0.00019121170043945312,0.03737473487854004,False,-1.0,-1.0,-1.0,-1.0,0,0,6.766323566436768,6.839355707168579,none,0,False,100,0.35828447341918945,10.352535963058472,2.6141438484191895
multi_coarse_858,multi_coarse,stitch,arxiv,70,70,701,True,0.5,"[70, 131]",64,0.004662990570068359,0.00016641616821289062,0.03729677200317383,False,-1.0,-1.0,-1.0,-1.0,0,0,7.381643772125244,7.478965520858765,none,0,False,100,0.35828447341918945,10.352535963058472,2.6141438484191895
multi_coarse_859,multi_coarse,stitch,arxiv,3,62,622,True,1.0,"[3, 62]",100,0.004599094390869141,0.00016880035400390625,0.03856468200683594,True,0.378598690032959,0.99,1.0,0.3886241912841797,2,2,1.1886563301086426,1.2483994960784912,top-5,5082,False,100,0.35828447341918945,10.352535963058472,2.6141438484191895
multi_coarse_860,multi_coarse,stitch,arxiv,10,71,714,True,1.0,"[10, 71]",52,0.005083322525024414,0.0001671314239501953,0.03894686698913574,True,3.652021646499634,1.0,1.0,3.685089349746704,1,1,6.896586656570435,6.973791122436523,top-20,17790,False,100,0.35828447341918945,10.352535963058472,2.6141438484191895
multi_coarse_861,multi_coarse,stitch,arxiv,177,177,1779,True,1.0,"[177, 186]",60,0.005434274673461914,0.00022482872009277344,0.03998136520385742,True,3.463399648666382,1.0,1.0,3.494797468185425,1,1,6.768332242965698,6.849661350250244,top-20,17741,False,100,0.35828447341918945,10.352535963058472,2.6141438484191895
multi_coarse_862,multi_coarse,stitch,arxiv,98,98,989,True,0.5,"[98, 106]",58,0.0047414302825927734,0.00017213821411132812,0.03735828399658203,False,-1.0,-1.0,-1.0,-1.0,0,0,7.88890266418457,7.976502180099487,none,0,False,100,0.35828447341918945,10.352535963058472,2.6141438484191895
multi_coarse_863,multi_coarse,stitch,arxiv,30,30,300,True,1.0,"[30, 149]",58,0.0047948360443115234,0.00017547607421875,0.03852105140686035,True,3.480739116668701,1.0,1.0,3.5115010738372803,1,1,6.780580282211304,6.855269193649292,top-20,17868,False,100,0.35828447341918945,10.352535963058472,2.6141438484191895
multi_coarse_864,multi_coarse,stitch,arxiv,89,89,892,True,0.5,"[89, 93]",67,0.004651784896850586,0.00016832351684570312,0.038051605224609375,False,-1.0,-1.0,-1.0,-1.0,0,0,7.317798852920532,7.404348611831665,none,0,False,100,0.35828447341918945,10.352535963058472,2.6141438484191895
multi_coarse_865,multi_coarse,stitch,arxiv,16,16,160,True,1.0,"[16, 144]",60,0.0043468475341796875,0.00015997886657714844,0.037377357482910156,True,4.112027883529663,1.0,1.0,4.145918130874634,1,1,7.3594231605529785,7.4431445598602295,top-20,17663,False,100,0.35828447341918945,10.352535963058472,2.6141438484191895
multi_coarse_866,multi_coarse,stitch,arxiv,30,30,307,True,1.0,"[30, 68]",57,0.004545450210571289,0.0001518726348876953,0.03854107856750488,True,3.400076150894165,1.0,1.0,3.4304912090301514,1,1,6.7103660106658936,6.78418755531311,top-20,17909,False,100,0.35828447341918945,10.352535963058472,2.6141438484191895
multi_coarse_867,multi_coarse,stitch,arxiv,32,56,564,True,1.0,"[32, 56]",86,0.004857063293457031,0.00019669532775878906,0.03830981254577637,True,3.5262503623962402,0.9883720930232558,1.0,3.556575298309326,2,2,6.869222402572632,6.95252799987793,top-20,17755,False,100,0.35828447341918945,10.352535963058472,2.6141438484191895
multi_coarse_868,multi_coarse,stitch,arxiv,35,75,753,True,1.0,"[35, 75]",60,0.004485368728637695,0.0001614093780517578,0.0375666618347168,True,3.580270767211914,1.0,1.0,3.609360456466675,1,1,6.821081638336182,6.900582551956177,top-20,17858,False,100,0.35828447341918945,10.352535963058472,2.6141438484191895
multi_coarse_869,multi_coarse,stitch,arxiv,125,125,1254,True,1.0,"[125, 128]",52,0.004801273345947266,0.000171661376953125,0.037693023681640625,True,0.2993276119232178,1.0,1.0,0.3071017265319824,1,1,1.0685312747955322,1.1266796588897705,top-5,5062,False,100,0.35828447341918945,10.352535963058472,2.6141438484191895
multi_coarse_870,multi_coarse,stitch,arxiv,11,11,118,True,0.5,"[11, 188]",56,0.004328489303588867,0.00015687942504882812,0.03774595260620117,False,-1.0,-1.0,-1.0,-1.0,0,0,7.187625885009766,7.273637533187866,none,0,False,100,0.35828447341918945,10.352535963058472,2.6141438484191895
multi_coarse_871,multi_coarse,stitch,arxiv,53,91,918,True,1.0,"[53, 91]",100,0.004453897476196289,0.00015616416931152344,0.03747820854187012,True,4.013224840164185,0.98,1.0,4.048789739608765,4,4,7.672770023345947,7.751967906951904,top-20,17565,False,100,0.35828447341918945,10.352535963058472,2.6141438484191895
multi_coarse_872,multi_coarse,stitch,arxiv,9,19,195,True,1.0,"[9, 19]",100,0.004476308822631836,0.00016236305236816406,0.03753948211669922,True,0.3745150566101074,1.0,1.0,0.38286662101745605,1,1,1.1850485801696777,1.2451043128967285,top-5,5066,False,100,0.35828447341918945,10.352535963058472,2.6141438484191895
multi_coarse_873,multi_coarse,stitch,arxiv,13,13,133,True,1.0,"[13, 63]",100,0.004389286041259766,0.0001609325408935547,0.03717350959777832,True,0.4395885467529297,1.0,1.0,0.4503631591796875,1,1,1.252037763595581,1.315141201019287,top-5,5082,False,100,0.35828447341918945,10.352535963058472,2.6141438484191895
multi_coarse_874,multi_coarse,stitch,arxiv,40,82,827,True,0.5,"[40, 82]",56,0.004880428314208984,0.00018334388732910156,0.03787732124328613,False,-1.0,-1.0,-1.0,-1.0,0,0,6.940288066864014,7.016735315322876,none,0,False,100,0.35828447341918945,10.352535963058472,2.6141438484191895
multi_coarse_875,multi_coarse,stitch,arxiv,54,83,837,True,1.0,"[54, 83]",100,0.004280805587768555,0.0001518726348876953,0.037746429443359375,True,0.4537169933319092,1.0,1.0,0.4646332263946533,1,1,1.2868313789367676,1.3449084758758545,top-5,5104,False,100,0.35828447341918945,10.352535963058472,2.6141438484191895
multi_coarse_876,multi_coarse,stitch,arxiv,117,117,1177,True,0.5,"[117, 120]",53,0.004731893539428711,0.00014925003051757812,0.03684186935424805,False,-1.0,-1.0,-1.0,-1.0,0,0,6.632133483886719,6.708189249038696,none,0,False,100,0.35828447341918945,10.352535963058472,2.6141438484191895
multi_coarse_877,multi_coarse,stitch,arxiv,153,164,1647,False,1.0,"[153, 163]",69,0.0049724578857421875,0.00019884109497070312,0.03909015655517578,True,0.31006741523742676,1.0,1.0,0.317673921585083,1,1,1.0915138721466064,1.1543872356414795,top-5,5022,False,100,0.35828447341918945,10.352535963058472,2.6141438484191895
multi_coarse_878,multi_coarse,stitch,arxiv,26,72,727,False,1.0,"[26, 74]",65,0.004694461822509766,0.0001647472381591797,0.0373075008392334,True,0.341721773147583,1.0,1.0,0.3498039245605469,2,2,1.1344399452209473,1.1935012340545654,top-5,5034,False,100,0.35828447341918945,10.352535963058472,2.6141438484191895
multi_coarse_879,multi_coarse,stitch,arxiv,96,125,1253,True,1.0,"[96, 125]",100,0.007159233093261719,0.00020647048950195312,0.04746222496032715,True,0.3142275810241699,0.99,1.0,0.32115626335144043,2,2,1.105910062789917,1.1736581325531006,top-5,5034,False,100,0.35828447341918945,10.352535963058472,2.6141438484191895
multi_coarse_880,multi_coarse,stitch,arxiv,60,148,1482,True,1.0,"[60, 148]",100,0.004285335540771484,0.00014734268188476562,0.03757309913635254,True,0.33074951171875,0.99,1.0,0.33820652961730957,4,4,1.1213111877441406,1.1846344470977783,top-5,5086,False,100,0.35828447341918945,10.352535963058472,2.6141438484191895
multi_coarse_881,multi_coarse,stitch,arxiv,44,44,445,True,0.5,"[44, 116]",55,0.004511117935180664,0.0001544952392578125,0.03738117218017578,False,-1.0,-1.0,-1.0,-1.0,0,0,7.017329931259155,7.090403318405151,none,0,False,100,0.35828447341918945,10.352535963058472,2.6141438484191895
multi_coarse_882,multi_coarse,stitch,arxiv,22,60,601,True,0.5,"[22, 60]",60,0.004755973815917969,0.0006420612335205078,0.050804853439331055,False,-1.0,-1.0,-1.0,-1.0,0,0,7.965914487838745,8.071403503417969,none,0,False,100,0.35828447341918945,10.352535963058472,2.6141438484191895
multi_coarse_883,multi_coarse,stitch,arxiv,27,27,277,True,0.5,"[27, 52]",100,0.004363536834716797,0.0002009868621826172,0.03776264190673828,False,-1.0,-1.0,-1.0,-1.0,0,0,6.529797315597534,6.60736870765686,none,0,False,100,0.35828447341918945,10.352535963058472,2.6141438484191895
multi_coarse_884,multi_coarse,stitch,arxiv,7,145,1457,True,0.5,"[7, 145]",62,0.004809856414794922,0.00019860267639160156,0.0382535457611084,False,-1.0,-1.0,-1.0,-1.0,0,0,6.7576072216033936,6.831946849822998,none,0,False,100,0.35828447341918945,10.352535963058472,2.6141438484191895
multi_coarse_885,multi_coarse,stitch,arxiv,64,117,1177,True,1.0,"[64, 117]",61,0.004321575164794922,0.00016546249389648438,0.037353515625,True,3.2754406929016113,0.9836065573770492,1.0,3.304072856903076,2,2,6.4728522300720215,6.5398523807525635,top-20,17740,False,100,0.35828447341918945,10.352535963058472,2.6141438484191895
multi_coarse_886,multi_coarse,stitch,arxiv,8,31,314,False,1.0,"[8, 33]",100,0.0043485164642333984,0.0001595020294189453,0.0376591682434082,True,0.432528018951416,0.99,1.0,0.44078588485717773,2,2,1.2440276145935059,1.2966101169586182,top-5,5119,False,100,0.35828447341918945,10.352535963058472,2.6141438484191895
multi_coarse_887,multi_coarse,stitch,arxiv,100,100,1006,True,1.0,"[100, 104]",67,0.005865335464477539,0.0002040863037109375,0.04066157341003418,True,0.2995572090148926,1.0,1.0,0.30641818046569824,1,1,1.0709843635559082,1.1474759578704834,top-5,5128,False,100,0.35828447341918945,10.352535963058472,2.6141438484191895
multi_coarse_888,multi_coarse,stitch,arxiv,32,33,332,False,1.0,"[32, 84]",53,0.004523038864135742,0.00016641616821289062,0.03736305236816406,True,3.6699295043945312,1.0,1.0,3.704169988632202,1,1,7.035792350769043,7.12007212638855,top-20,17843,False,100,0.35828447341918945,10.352535963058472,2.6141438484191895
multi_coarse_889,multi_coarse,stitch,arxiv,4,45,451,True,1.0,"[4, 45]",100,0.004292726516723633,0.00016617774963378906,0.03666400909423828,True,0.3999319076538086,1.0,1.0,0.40974855422973633,1,1,1.2030978202819824,1.254364252090454,top-5,5064,False,100,0.35828447341918945,10.352535963058472,2.6141438484191895
multi_coarse_890,multi_coarse,stitch,arxiv,97,97,973,True,1.0,"[97, 118]",66,0.0042989253997802734,0.0001506805419921875,0.03687405586242676,True,0.42656922340393066,1.0,1.0,0.43583202362060547,1,1,1.2327353954315186,1.287520170211792,top-5,5126,False,100,0.35828447341918945,10.352535963058472,2.6141438484191895
multi_coarse_891,multi_coarse,stitch,arxiv,66,80,809,True,1.0,"[66, 80]",100,0.004956722259521484,0.00018143653869628906,0.03826618194580078,True,0.36416125297546387,1.0,1.0,0.37290143966674805,1,1,1.1587815284729004,1.2146172523498535,top-5,5034,False,100,0.35828447341918945,10.352535963058472,2.6141438484191895
multi_coarse_892,multi_coarse,stitch,arxiv,38,38,383,True,1.0,"[38, 155]",62,0.004650115966796875,0.00015783309936523438,0.03713369369506836,True,3.5435216426849365,1.0,1.0,3.580674409866333,2,2,6.769510507583618,6.842522382736206,top-20,17550,False,100,0.35828447341918945,10.352535963058472,2.6141438484191895
multi_coarse_893,multi_coarse,stitch,arxiv,61,72,728,False,1.0,"[61, 74]",61,0.004807472229003906,0.00018334388732910156,0.03796958923339844,True,4.561011791229248,1.0,1.0,4.597342491149902,1,1,8.086029052734375,8.169719696044922,top-20,17908,False,100,0.35828447341918945,10.352535963058472,2.6141438484191895
multi_coarse_894,multi_coarse,stitch,arxiv,53,82,821,True,1.0,"[53, 82]",95,0.004778623580932617,0.00016498565673828125,0.037665605545043945,True,3.1600751876831055,1.0,1.0,3.1859912872314453,1,1,6.3312907218933105,6.410859107971191,top-20,17586,False,100,0.35828447341918945,10.352535963058472,2.6141438484191895
multi_coarse_895,multi_coarse,stitch,arxiv,169,169,1694,True,1.0,"[169, 171]",56,0.004627227783203125,0.0001697540283203125,0.037213802337646484,True,0.3313291072845459,1.0,1.0,0.3400566577911377,1,1,1.1204783916473389,1.1740717887878418,top-5,5049,False,100,0.35828447341918945,10.352535963058472,2.6141438484191895
multi_coarse_896,multi_coarse,stitch,arxiv,105,198,1984,True,0.5,"[105, 198]",57,0.004984140396118164,0.00018596649169921875,0.03934478759765625,False,-1.0,-1.0,-1.0,-1.0,0,0,6.5448668003082275,6.619316101074219,none,0,False,100,0.35828447341918945,10.352535963058472,2.6141438484191895
multi_coarse_897,multi_coarse,stitch,arxiv,14,14,141,True,1.0,"[14, 128]",75,0.004423379898071289,0.00015687942504882812,0.03871464729309082,True,3.8114404678344727,1.0,1.0,3.8428564071655273,1,1,7.595698356628418,7.678504943847656,top-20,17650,False,100,0.35828447341918945,10.352535963058472,2.6141438484191895
multi_coarse_898,multi_coarse,stitch,arxiv,6,6,67,True,0.5,"[6, 35]",65,0.005517482757568359,0.0002644062042236328,0.04925394058227539,False,-1.0,-1.0,-1.0,-1.0,0,0,6.971856355667114,7.056645393371582,none,0,False,100,0.35828447341918945,10.352535963058472,2.6141438484191895
multi_coarse_899,multi_coarse,stitch,arxiv,3,71,713,True,1.0,"[3, 71]",100,0.004346609115600586,0.0001513957977294922,0.03861594200134277,True,0.40575718879699707,0.99,1.0,0.4177389144897461,2,2,1.1874399185180664,1.241905927658081,top-5,5091,False,100,0.35828447341918945,10.352535963058472,2.6141438484191895
k_hop_900,k_hop,stitch,arxiv,52,75,759,True,0.3333333333333333,"[52, 53, 54, 67, 69, 75, 77, 79, 85, 87, 90, 93]",40,0.004318714141845703,0.0001633167266845703,0.03878641128540039,False,-1.0,-1.0,-1.0,-1.0,0,0,7.243718862533569,7.321640729904175,none,0,False,20,0.35828447341918945,10.352535963058472,2.6141438484191895
k_hop_901,k_hop,stitch,arxiv,3,114,1142,True,0.21428571428571427,"[3, 4, 9, 12, 25, 38, 48, 49, 68, 71, 104, 114, 125, 198]",40,0.004544496536254883,0.00016546249389648438,0.038177490234375,False,-1.0,-1.0,-1.0,-1.0,0,0,6.53713846206665,6.619277238845825,none,0,False,20,0.35828447341918945,10.352535963058472,2.6141438484191895
k_hop_902,k_hop,stitch,arxiv,12,81,816,True,1.0,"[12, 39, 81, 109, 184]",34,0.004605770111083984,0.00017118453979492188,0.037477970123291016,True,3.2852845191955566,1.0,1.0,3.3138012886047363,1,1,6.433469772338867,6.50252628326416,top-20,17655,False,20,0.35828447341918945,10.352535963058472,2.6141438484191895
k_hop_903,k_hop,stitch,arxiv,77,179,1790,True,0.5,"[77, 179]",23,0.004362821578979492,0.00015425682067871094,0.03791999816894531,False,-1.0,-1.0,-1.0,-1.0,0,0,6.4119484424591064,6.488412857055664,none,0,False,20,0.35828447341918945,10.352535963058472,2.6141438484191895
k_hop_904,k_hop,stitch,arxiv,108,108,1083,True,1.0,[108],25,0.004556179046630859,0.00016617774963378906,0.03823375701904297,True,0.04323220252990723,1.0,1.0,0.04556083679199219,1,1,0.15070462226867676,0.213958740234375,top-1,842,False,20,0.35828447341918945,10.352535963058472,2.6141438484191895
k_hop_905,k_hop,stitch,arxiv,0,0,6,True,0.5909090909090909,"[0, 1, 2, 3, 6, 7, 8, 9, 11, 13, 19, 21, 22, 23, 24, 31, 33, 55, 83, 91, 98, 127]",40,0.004725217819213867,0.0003116130828857422,0.03833460807800293,False,-1.0,-1.0,-1.0,-1.0,0,0,7.80033016204834,7.883535385131836,none,0,False,20,0.35828447341918945,10.352535963058472,2.6141438484191895
k_hop_906,k_hop,stitch,arxiv,106,154,1541,True,0.5,"[106, 119, 126, 147, 149, 154]",26,0.004642486572265625,0.00017833709716796875,0.03827857971191406,False,-1.0,-1.0,-1.0,-1.0,0,0,6.624918460845947,6.707413911819458,none,0,False,20,0.35828447341918945,10.352535963058472,2.6141438484191895
k_hop_907,k_hop,stitch,arxiv,13,72,722,True,0.35294117647058826,"[13, 21, 22, 23, 28, 33, 55, 60, 62, 64, 66, 72, 73, 74, 80, 90, 98]",40,0.00465083122253418,0.0001773834228515625,0.03765416145324707,False,-1.0,-1.0,-1.0,-1.0,0,0,8.01136589050293,8.102005004882812,none,0,False,20,0.35828447341918945,10.352535963058472,2.6141438484191895
k_hop_908,k_hop,stitch,arxiv,71,182,1829,False,0.5714285714285714,"[71, 140, 147, 176, 179, 186, 187]",21,0.0045664310455322266,0.0001819133758544922,0.038359642028808594,False,-1.0,-1.0,-1.0,-1.0,0,0,6.454956769943237,6.525665283203125,none,0,False,20,0.35828447341918945,10.352535963058472,2.6141438484191895
k_hop_909,k_hop,stitch,arxiv,136,136,1363,True,1.0,[136],40,0.004378795623779297,0.0001800060272216797,0.03916001319885254,True,0.040433645248413086,1.0,1.0,0.042099714279174805,1,1,0.1462700366973877,0.19243693351745605,top-1,833,False,20,0.35828447341918945,10.352535963058472,2.6141438484191895
k_hop_910,k_hop,stitch,arxiv,4,97,973,True,0.3225806451612903,"[4, 6, 9, 10, 16, 17, 20, 21, 23, 26, 28, 34, 40, 42, 49, 55, 56, 61, 65, 70, 72, 74, 77, 79, 87, 88, 89, 96, 97, 98, 127]",40,0.004673004150390625,0.0001678466796875,0.037734270095825195,False,-1.0,-1.0,-1.0,-1.0,0,0,7.768754482269287,7.854344606399536,none,0,False,20,0.35828447341918945,10.352535963058472,2.6141438484191895
k_hop_911,k_hop,stitch,arxiv,43,120,1206,True,0.2857142857142857,"[43, 45, 48, 49, 69, 71, 115, 120, 121, 151, 153, 162, 187, 189]",40,0.005069255828857422,0.00020456314086914062,0.04012012481689453,False,-1.0,-1.0,-1.0,-1.0,0,0,6.749148845672607,6.829324007034302,none,0,False,20,0.35828447341918945,10.352535963058472,2.6141438484191895
k_hop_912,k_hop,stitch,arxiv,4,3,34,False,0.6666666666666666,"[4, 5, 8, 18, 19, 23, 33, 34, 62]",22,0.0047757625579833984,0.00018072128295898438,0.03957796096801758,False,-1.0,-1.0,-1.0,-1.0,0,0,8.084471702575684,8.196863174438477,none,0,False,20,0.35828447341918945,10.352535963058472,2.6141438484191895
k_hop_913,k_hop,stitch,arxiv,106,135,1355,True,0.4444444444444444,"[106, 131, 132, 133, 134, 135, 146, 147, 185]",40,0.004498481750488281,0.00015926361083984375,0.03766274452209473,False,-1.0,-1.0,-1.0,-1.0,0,0,6.4457807540893555,6.523644685745239,none,0,False,20,0.35828447341918945,10.352535963058472,2.6141438484191895
k_hop_914,k_hop,stitch,arxiv,19,117,1177,True,0.4444444444444444,"[19, 20, 30, 35, 96, 116, 117, 131, 137]",40,0.004458904266357422,0.0001595020294189453,0.0387730598449707,False,-1.0,-1.0,-1.0,-1.0,0,0,6.3958659172058105,6.47298002243042,none,0,False,20,0.35828447341918945,10.352535963058472,2.6141438484191895
k_hop_915,k_hop,stitch,arxiv,154,169,1693,True,0.9,"[154, 163, 164, 166, 169, 170, 171, 172, 173, 174]",40,0.004767894744873047,0.00018835067749023438,0.043898820877075195,False,-1.0,-1.0,-1.0,-1.0,0,0,6.844292402267456,6.942343473434448,none,0,False,20,0.35828447341918945,10.352535963058472,2.6141438484191895
k_hop_916,k_hop,stitch,arxiv,25,102,1029,True,0.6666666666666666,"[25, 102, 107]",40,0.004640817642211914,0.00015687942504882812,0.03809046745300293,False,-1.0,-1.0,-1.0,-1.0,0,0,6.366023778915405,6.4534993171691895,none,0,False,20,0.35828447341918945,10.352535963058472,2.6141438484191895
k_hop_917,k_hop,stitch,arxiv,148,148,1486,True,1.0,[148],20,0.00429081916809082,0.0001671314239501953,0.03783249855041504,True,0.043679237365722656,1.0,1.0,0.04583239555358887,1,1,0.15356135368347168,0.19852852821350098,top-1,850,False,20,0.35828447341918945,10.352535963058472,2.6141438484191895
k_hop_918,k_hop,stitch,arxiv,102,183,1833,True,0.6666666666666666,"[102, 182, 183]",40,0.004845142364501953,0.0001690387725830078,0.039287567138671875,False,-1.0,-1.0,-1.0,-1.0,0,0,6.792693376541138,6.886571884155273,none,0,False,20,0.35828447341918945,10.352535963058472,2.6141438484191895
k_hop_919,k_hop,stitch,arxiv,6,97,973,True,0.3225806451612903,"[6, 9, 10, 16, 17, 19, 20, 21, 23, 26, 28, 34, 40, 49, 55, 56, 61, 65, 67, 70, 72, 74, 77, 79, 87, 88, 89, 96, 97, 98, 127]",40,0.004250288009643555,0.00015401840209960938,0.0380244255065918,False,-1.0,-1.0,-1.0,-1.0,0,0,8.311614751815796,8.395864486694336,none,0,False,20,0.35828447341918945,10.352535963058472,2.6141438484191895
k_hop_920,k_hop,stitch,arxiv,33,54,540,True,0.8571428571428571,"[33, 54, 61, 62, 66, 73, 77]",24,0.004400491714477539,0.00015974044799804688,0.03815746307373047,False,-1.0,-1.0,-1.0,-1.0,0,0,8.853502035140991,8.95201587677002,none,0,False,20,0.35828447341918945,10.352535963058472,2.6141438484191895
k_hop_921,k_hop,stitch,arxiv,15,162,1620,True,0.6666666666666666,"[15, 41, 44, 49, 67, 71, 74, 82, 94, 95, 151, 162]",22,0.004418611526489258,0.0001518726348876953,0.0384366512298584,False,-1.0,-1.0,-1.0,-1.0,0,0,6.587814092636108,6.6771323680877686,none,0,False,20,0.35828447341918945,10.352535963058472,2.6141438484191895
k_hop_922,k_hop,stitch,arxiv,121,166,1666,True,0.8571428571428571,"[121, 155, 158, 160, 161, 162, 166]",30,0.004309177398681641,0.0001690387725830078,0.03769207000732422,False,-1.0,-1.0,-1.0,-1.0,0,0,6.408281564712524,6.484421253204346,none,0,False,20,0.35828447341918945,10.352535963058472,2.6141438484191895
k_hop_923,k_hop,stitch,arxiv,0,66,661,True,0.5,"[0, 13, 14, 39, 54, 65, 66, 67, 70, 79, 90, 94, 96, 98]",40,0.004392385482788086,0.0001518726348876953,0.03743457794189453,False,-1.0,-1.0,-1.0,-1.0,0,0,7.740946292877197,7.827202081680298,none,0,False,20,0.35828447341918945,10.352535963058472,2.6141438484191895
k_hop_924,k_hop,stitch,arxiv,1,15,152,True,0.36363636363636365,"[1, 15, 18, 23, 24, 52, 81, 100, 101, 115, 185]",40,0.0071489810943603516,0.00027441978454589844,0.07423853874206543,False,-1.0,-1.0,-1.0,-1.0,0,0,6.655925273895264,6.807931661605835,none,0,False,20,0.35828447341918945,10.352535963058472,2.6141438484191895
k_hop_925,k_hop,stitch,arxiv,13,199,1992,True,0.5454545454545454,"[13, 35, 115, 119, 125, 127, 144, 148, 187, 196, 199]",40,0.004830598831176758,0.00019741058349609375,0.03973746299743652,False,-1.0,-1.0,-1.0,-1.0,0,0,6.741907119750977,6.826159238815308,none,0,False,20,0.35828447341918945,10.352535963058472,2.6141438484191895
k_hop_926,k_hop,stitch,arxiv,1,63,636,False,0.44,"[1, 4, 5, 8, 13, 17, 28, 32, 33, 50, 51, 53, 54, 55, 61, 64, 66, 70, 75, 76, 77, 85, 88, 92, 164]",40,0.004571437835693359,0.00017714500427246094,0.03862619400024414,False,-1.0,-1.0,-1.0,-1.0,0,0,7.731564521789551,7.833233594894409,none,0,False,20,0.35828447341918945,10.352535963058472,2.6141438484191895
k_hop_927,k_hop,stitch,arxiv,44,104,1049,True,0.5,"[44, 103, 104, 123]",40,0.004727363586425781,0.0001742839813232422,0.03702211380004883,False,-1.0,-1.0,-1.0,-1.0,0,0,6.734253168106079,6.8059751987457275,none,0,False,20,0.35828447341918945,10.352535963058472,2.6141438484191895
k_hop_928,k_hop,stitch,arxiv,12,86,866,True,0.6666666666666666,"[12, 42, 54, 59, 63, 67, 69, 75, 79, 85, 86, 89, 91, 96, 98]",40,0.004693031311035156,0.00014638900756835938,0.03728961944580078,False,-1.0,-1.0,-1.0,-1.0,0,0,8.186061382293701,8.321785688400269,none,0,False,20,0.35828447341918945,10.352535963058472,2.6141438484191895
k_hop_929,k_hop,stitch,arxiv,29,49,494,True,0.5,"[29, 33, 46, 49]",26,0.0046269893646240234,0.00015974044799804688,0.03742361068725586,False,-1.0,-1.0,-1.0,-1.0,0,0,6.83609676361084,6.92439079284668,none,0,False,20,0.35828447341918945,10.352535963058472,2.6141438484191895
k_hop_930,k_hop,stitch,arxiv,101,101,1014,True,1.0,"[101, 103]",23,0.005494832992553711,0.00027751922607421875,0.039336442947387695,True,0.3379945755004883,1.0,1.0,0.34464573860168457,1,1,1.095763921737671,1.1559851169586182,top-5,5101,False,20,0.35828447341918945,10.352535963058472,2.6141438484191895
k_hop_931,k_hop,stitch,arxiv,179,179,1795,True,1.0,[179],35,0.004658699035644531,0.00018024444580078125,0.041887521743774414,True,0.048955678939819336,1.0,1.0,0.05144786834716797,1,1,0.16510510444641113,0.22026586532592773,top-1,854,False,20,0.35828447341918945,10.352535963058472,2.6141438484191895
k_hop_932,k_hop,stitch,arxiv,4,4,45,True,0.6363636363636364,"[4, 8, 14, 16, 18, 19, 20, 22, 23, 24, 27]",40,0.004377126693725586,0.00018167495727539062,0.04043078422546387,False,-1.0,-1.0,-1.0,-1.0,0,0,7.777588367462158,7.859303712844849,none,0,False,20,0.35828447341918945,10.352535963058472,2.6141438484191895
k_hop_933,k_hop,stitch,arxiv,123,144,1444,True,1.0,"[123, 137, 144]",40,0.0045549869537353516,0.00017261505126953125,0.03781628608703613,True,3.432464838027954,1.0,1.0,3.4638583660125732,1,1,6.672465562820435,6.760536193847656,top-20,17821,False,20,0.35828447341918945,10.352535963058472,2.6141438484191895
k_hop_934,k_hop,stitch,arxiv,29,124,1242,True,0.5555555555555556,"[29, 69, 115, 118, 123, 124, 145, 181, 197]",40,0.004974842071533203,0.0001735687255859375,0.04024529457092285,False,-1.0,-1.0,-1.0,-1.0,0,0,6.797375202178955,6.8800368309021,none,0,False,20,0.35828447341918945,10.352535963058472,2.6141438484191895
k_hop_935,k_hop,stitch,arxiv,30,162,1623,True,0.75,"[30, 98, 162, 191]",26,0.004859209060668945,0.0001595020294189453,0.055567264556884766,False,-1.0,-1.0,-1.0,-1.0,0,0,6.800282955169678,6.924558401107788,none,0,False,20,0.35828447341918945,10.352535963058472,2.6141438484191895
k_hop_936,k_hop,stitch,arxiv,156,161,1617,True,0.7777777777777778,"[156, 158, 160, 161, 165, 166, 188, 189, 193]",40,0.004380702972412109,0.0001766681671142578,0.03911566734313965,False,-1.0,-1.0,-1.0,-1.0,0,0,6.878994703292847,6.9769206047058105,none,0,False,20,0.35828447341918945,10.352535963058472,2.6141438484191895
k_hop_937,k_hop,stitch,arxiv,12,46,469,True,0.6666666666666666,"[12, 23, 39, 41, 42, 45, 46, 47, 49, 75, 79, 86, 93, 97, 98]",40,0.00463557243347168,0.00016379356384277344,0.047426462173461914,False,-1.0,-1.0,-1.0,-1.0,0,0,6.982651948928833,7.092908620834351,none,0,False,20,0.35828447341918945,10.352535963058472,2.6141438484191895
k_hop_938,k_hop,stitch,arxiv,34,119,1194,False,0.42857142857142855,"[34, 37, 41, 44, 69, 120, 145]",20,0.00507807731628418,0.0001556873321533203,0.03928112983703613,False,-1.0,-1.0,-1.0,-1.0,0,0,6.763589143753052,6.8671875,none,0,False,20,0.35828447341918945,10.352535963058472,2.6141438484191895
k_hop_939,k_hop,stitch,arxiv,136,139,1398,True,1.0,"[136, 138, 139, 146]",26,0.004599332809448242,0.00017118453979492188,0.03773212432861328,True,3.467953681945801,1.0,1.0,3.496363401412964,1,1,7.094321250915527,7.1749656200408936,top-20,17823,False,20,0.35828447341918945,10.352535963058472,2.6141438484191895
k_hop_940,k_hop,stitch,arxiv,9,34,341,True,0.3333333333333333,"[9, 22, 23, 34, 98, 136]",23,0.004538536071777344,0.00018739700317382812,0.04605412483215332,False,-1.0,-1.0,-1.0,-1.0,0,0,6.565988779067993,6.66544771194458,none,0,False,20,0.35828447341918945,10.352535963058472,2.6141438484191895
k_hop_941,k_hop,stitch,arxiv,69,83,832,True,0.625,"[69, 70, 73, 75, 81, 83, 84, 94]",25,0.006676912307739258,0.00026297569274902344,0.03972506523132324,False,-1.0,-1.0,-1.0,-1.0,0,0,8.797889947891235,8.901373147964478,none,0,False,20,0.35828447341918945,10.352535963058472,2.6141438484191895
k_hop_942,k_hop,stitch,arxiv,35,126,1261,False,1.0,"[35, 125, 127, 130]",21,0.00449681282043457,0.0001614093780517578,0.03752613067626953,True,3.158628225326538,1.0,1.0,3.186612844467163,1,1,6.605668783187866,6.6777122020721436,top-20,17789,False,20,0.35828447341918945,10.352535963058472,2.6141438484191895
k_hop_943,k_hop,stitch,arxiv,4,23,234,True,0.4090909090909091,"[4, 8, 14, 16, 18, 21, 22, 23, 26, 27, 40, 43, 53, 54, 58, 59, 66, 67, 70, 73, 94, 95]",40,0.0051555633544921875,0.0001823902130126953,0.03913569450378418,False,-1.0,-1.0,-1.0,-1.0,0,0,7.99892258644104,8.083883047103882,none,0,False,20,0.35828447341918945,10.352535963058472,2.6141438484191895
k_hop_944,k_hop,stitch,arxiv,3,71,710,True,0.1875,"[3, 10, 11, 33, 41, 49, 71, 73, 84, 91, 105, 106, 115, 133, 139, 140]",40,0.004324913024902344,0.00016427040100097656,0.037374019622802734,False,-1.0,-1.0,-1.0,-1.0,0,0,6.4126317501068115,6.491356372833252,none,0,False,20,0.35828447341918945,10.352535963058472,2.6141438484191895
k_hop_945,k_hop,stitch,arxiv,112,112,1126,True,0.3333333333333333,"[112, 175, 195]",28,0.004561424255371094,0.000179290771484375,0.03743720054626465,False,-1.0,-1.0,-1.0,-1.0,0,0,6.666210651397705,6.738216161727905,none,0,False,20,0.35828447341918945,10.352535963058472,2.6141438484191895
k_hop_946,k_hop,stitch,arxiv,37,40,400,True,0.6666666666666666,"[37, 40, 68, 114, 119, 128]",40,0.005572080612182617,0.00018739700317382812,0.03842306137084961,False,-1.0,-1.0,-1.0,-1.0,0,0,6.665395021438599,6.742616891860962,none,0,False,20,0.35828447341918945,10.352535963058472,2.6141438484191895
k_hop_947,k_hop,stitch,arxiv,134,136,1360,True,1.0,"[134, 136, 147, 148]",40,0.004983663558959961,0.00031113624572753906,0.03832817077636719,True,0.30766963958740234,1.0,1.0,0.3156728744506836,1,1,1.072174072265625,1.1323637962341309,top-5,5051,False,20,0.35828447341918945,10.352535963058472,2.6141438484191895
k_hop_948,k_hop,stitch,arxiv,151,167,1673,True,0.75,"[151, 162, 166, 167, 169, 170, 171, 173]",35,0.004410743713378906,0.00015425682067871094,0.03806447982788086,False,-1.0,-1.0,-1.0,-1.0,0,0,6.6458799839019775,6.7363433837890625,none,0,False,20,0.35828447341918945,10.352535963058472,2.6141438484191895
k_hop_949,k_hop,stitch,arxiv,43,120,1206,True,0.3076923076923077,"[43, 45, 48, 69, 71, 115, 120, 121, 151, 153, 162, 187, 189]",40,0.004359006881713867,0.000156402587890625,0.03836679458618164,False,-1.0,-1.0,-1.0,-1.0,0,0,6.811387777328491,6.900101184844971,none,0,False,20,0.35828447341918945,10.352535963058472,2.6141438484191895
k_hop_950,k_hop,stitch,arxiv,6,115,1151,True,0.5,"[6, 21, 32, 115, 117, 119, 123, 130]",40,0.0044062137603759766,0.00017976760864257812,0.038469791412353516,False,-1.0,-1.0,-1.0,-1.0,0,0,6.839097738265991,6.922272205352783,none,0,False,20,0.35828447341918945,10.352535963058472,2.6141438484191895
k_hop_951,k_hop,stitch,arxiv,6,29,299,False,0.4,"[6, 9, 10, 16, 17, 20, 21, 23, 28, 40, 49, 50, 51, 54, 55, 56, 61, 64, 70, 72, 73, 74, 77, 79, 87, 88, 89, 96, 97, 127]",40,0.004716634750366211,0.00020241737365722656,0.03792738914489746,False,-1.0,-1.0,-1.0,-1.0,0,0,7.98989725112915,8.074557781219482,none,0,False,20,0.35828447341918945,10.352535963058472,2.6141438484191895
k_hop_952,k_hop,stitch,arxiv,1,34,344,True,0.42857142857142855,"[1, 3, 5, 8, 9, 17, 21, 25, 34, 58, 59, 83, 114, 151]",40,0.004277944564819336,0.00019168853759765625,0.037537336349487305,False,-1.0,-1.0,-1.0,-1.0,0,0,6.464030504226685,6.542272567749023,none,0,False,20,0.35828447341918945,10.352535963058472,2.6141438484191895
k_hop_953,k_hop,stitch,arxiv,25,88,885,True,0.9,"[25, 88, 89, 96, 193, 194, 195, 197, 198, 199]",40,0.004319906234741211,0.0003311634063720703,0.038941383361816406,False,-1.0,-1.0,-1.0,-1.0,0,0,6.9991114139556885,7.081231117248535,none,0,False,20,0.35828447341918945,10.352535963058472,2.6141438484191895
k_hop_954,k_hop,stitch,arxiv,28,120,1200,True,0.3333333333333333,"[28, 35, 43, 45, 47, 48, 59, 93, 115, 120, 133, 189]",40,0.0050811767578125,0.00018715858459472656,0.03905916213989258,False,-1.0,-1.0,-1.0,-1.0,0,0,6.83194899559021,6.920802116394043,none,0,False,20,0.35828447341918945,10.352535963058472,2.6141438484191895
k_hop_955,k_hop,stitch,arxiv,49,153,1536,True,0.7142857142857143,"[49, 82, 121, 122, 127, 153, 155]",40,0.0044133663177490234,0.00015211105346679688,0.041506052017211914,False,-1.0,-1.0,-1.0,-1.0,0,0,6.300172567367554,6.379124641418457,none,0,False,20,0.35828447341918945,10.352535963058472,2.6141438484191895
k_hop_956,k_hop,stitch,arxiv,12,109,1094,True,0.75,"[12, 38, 39, 81, 106, 109, 141, 184]",40,0.0049250125885009766,0.0002014636993408203,0.037941694259643555,False,-1.0,-1.0,-1.0,-1.0,0,0,6.20003080368042,6.270039081573486,none,0,False,20,0.35828447341918945,10.352535963058472,2.6141438484191895
k_hop_957,k_hop,stitch,arxiv,117,124,1244,True,0.6666666666666666,"[117, 124, 143]",20,0.004434108734130859,0.00016689300537109375,0.038117170333862305,False,-1.0,-1.0,-1.0,-1.0,0,0,6.387630939483643,6.458406448364258,none,0,False,20,0.35828447341918945,10.352535963058472,2.6141438484191895
k_hop_958,k_hop,stitch,arxiv,111,138,1387,True,0.4,"[111, 138, 139, 144, 145]",23,0.004450559616088867,0.00018334388732910156,0.0418848991394043,False,-1.0,-1.0,-1.0,-1.0,0,0,6.848559617996216,6.9296300411224365,none,0,False,20,0.35828447341918945,10.352535963058472,2.6141438484191895
k_hop_959,k_hop,stitch,arxiv,13,114,1145,True,0.75,"[13, 104, 114, 179]",21,0.004408121109008789,0.00015997886657714844,0.038664817810058594,False,-1.0,-1.0,-1.0,-1.0,0,0,6.4153892993927,6.487677097320557,none,0,False,20,0.35828447341918945,10.352535963058472,2.6141438484191895
k_hop_960,k_hop,stitch,arxiv,1,0,6,False,0.5789473684210527,"[1, 3, 6, 8, 9, 11, 13, 14, 19, 20, 21, 22, 24, 31, 32, 33, 65, 82, 144]",40,0.004724264144897461,0.00016188621520996094,0.037251949310302734,False,-1.0,-1.0,-1.0,-1.0,0,0,7.592596530914307,7.669928073883057,none,0,False,20,0.35828447341918945,10.352535963058472,2.6141438484191895
k_hop_961,k_hop,stitch,arxiv,101,101,1016,True,1.0,"[101, 102]",23,0.004327297210693359,0.00016045570373535156,0.03738236427307129,True,0.28920531272888184,1.0,1.0,0.2995893955230713,1,1,1.0443549156188965,1.0964484214782715,top-5,5101,False,20,0.35828447341918945,10.352535963058472,2.6141438484191895
k_hop_962,k_hop,stitch,arxiv,11,120,1203,True,0.5384615384615384,"[11, 37, 43, 67, 69, 117, 119, 120, 125, 126, 127, 151, 187]",40,0.004622220993041992,0.0003180503845214844,0.03820967674255371,False,-1.0,-1.0,-1.0,-1.0,0,0,6.6961634159088135,6.775477647781372,none,0,False,20,0.35828447341918945,10.352535963058472,2.6141438484191895
k_hop_963,k_hop,stitch,arxiv,1,0,6,False,0.5789473684210527,"[1, 3, 6, 8, 9, 11, 13, 14, 19, 20, 21, 22, 24, 31, 32, 33, 65, 82, 144]",40,0.004355430603027344,0.00015807151794433594,0.03803229331970215,False,-1.0,-1.0,-1.0,-1.0,0,0,7.5757575035095215,7.653392791748047,none,0,False,20,0.35828447341918945,10.352535963058472,2.6141438484191895
k_hop_964,k_hop,stitch,arxiv,1,11,111,True,0.4444444444444444,"[1, 6, 9, 11, 12, 18, 19, 26, 34, 37, 67, 77, 86, 119, 123, 142, 144, 198]",40,0.004566192626953125,0.0001633167266845703,0.0377042293548584,False,-1.0,-1.0,-1.0,-1.0,0,0,6.651844024658203,6.72671914100647,none,0,False,20,0.35828447341918945,10.352535963058472,2.6141438484191895
k_hop_965,k_hop,stitch,arxiv,25,106,1062,True,1.0,"[25, 43, 101, 102, 106, 107, 108]",40,0.0043239593505859375,0.0001685619354248047,0.0370635986328125,True,3.0986504554748535,1.0,1.0,3.123713970184326,1,1,6.27596116065979,6.3464415073394775,top-20,17724,False,20,0.35828447341918945,10.352535963058472,2.6141438484191895
k_hop_966,k_hop,stitch,arxiv,17,97,973,False,0.36,"[17, 24, 27, 32, 34, 35, 36, 38, 54, 58, 60, 61, 62, 64, 65, 70, 79, 81, 82, 83, 84, 92, 94, 95, 98]",40,0.0046234130859375,0.000164031982421875,0.03974652290344238,False,-1.0,-1.0,-1.0,-1.0,0,0,8.276151180267334,8.358376026153564,none,0,False,20,0.35828447341918945,10.352535963058472,2.6141438484191895
k_hop_967,k_hop,stitch,arxiv,27,195,1950,True,0.6666666666666666,"[27, 155, 157, 166, 167, 168, 172, 174, 187, 194, 195, 197]",40,0.004323244094848633,0.00016450881958007812,0.03744149208068848,False,-1.0,-1.0,-1.0,-1.0,0,0,6.584251165390015,6.685959815979004,none,0,False,20,0.35828447341918945,10.352535963058472,2.6141438484191895
k_hop_968,k_hop,stitch,arxiv,153,154,1547,True,0.8,"[153, 154, 160, 169, 176]",40,0.004259347915649414,0.00015616416931152344,0.03661465644836426,False,-1.0,-1.0,-1.0,-1.0,0,0,6.718783140182495,6.799164295196533,none,0,False,20,0.35828447341918945,10.352535963058472,2.6141438484191895
k_hop_969,k_hop,stitch,arxiv,2,0,6,False,0.5555555555555556,"[2, 4, 6, 7, 8, 9, 11, 13, 14, 16, 18, 19, 20, 21, 22, 23, 24, 26, 31, 38, 55, 65, 72, 76, 82, 127, 164]",40,0.0048792362213134766,0.00018548965454101562,0.03807783126831055,False,-1.0,-1.0,-1.0,-1.0,0,0,8.37543773651123,8.458728790283203,none,0,False,20,0.35828447341918945,10.352535963058472,2.6141438484191895
k_hop_970,k_hop,stitch,arxiv,0,48,488,True,0.5652173913043478,"[0, 12, 19, 23, 30, 34, 41, 42, 43, 44, 45, 47, 48, 49, 53, 54, 58, 62, 74, 98, 162, 164, 167]",40,0.004798412322998047,0.00021648406982421875,0.038197994232177734,False,-1.0,-1.0,-1.0,-1.0,0,0,6.930974245071411,7.013607501983643,none,0,False,20,0.35828447341918945,10.352535963058472,2.6141438484191895
k_hop_971,k_hop,stitch,arxiv,28,175,1758,True,0.6666666666666666,"[28, 175, 177]",22,0.004319190979003906,0.0001544952392578125,0.03721904754638672,False,-1.0,-1.0,-1.0,-1.0,0,0,6.666326999664307,6.737611532211304,none,0,False,20,0.35828447341918945,10.352535963058472,2.6141438484191895
k_hop_972,k_hop,stitch,arxiv,1,8,86,True,0.42857142857142855,"[1, 8, 10, 23, 24, 82, 127]",20,0.0070438385009765625,0.000308990478515625,0.05735349655151367,False,-1.0,-1.0,-1.0,-1.0,0,0,6.651567697525024,6.769011974334717,none,0,False,20,0.35828447341918945,10.352535963058472,2.6141438484191895
k_hop_973,k_hop,stitch,arxiv,157,172,1721,True,0.8,"[157, 159, 168, 171, 172, 187, 194, 195, 196, 197]",40,0.004666805267333984,0.0001766681671142578,0.03773140907287598,False,-1.0,-1.0,-1.0,-1.0,0,0,6.831889867782593,6.902735233306885,none,0,False,20,0.35828447341918945,10.352535963058472,2.6141438484191895
k_hop_974,k_hop,stitch,arxiv,2,0,6,False,0.5555555555555556,"[2, 4, 6, 7, 8, 9, 11, 13, 14, 16, 18, 19, 20, 21, 22, 23, 24, 26, 31, 38, 55, 65, 72, 76, 82, 127, 164]",40,0.004377603530883789,0.0001544952392578125,0.037636756896972656,False,-1.0,-1.0,-1.0,-1.0,0,0,8.018928050994873,8.100119352340698,none,0,False,20,0.35828447341918945,10.352535963058472,2.6141438484191895
k_hop_975,k_hop,stitch,arxiv,101,101,1019,True,1.0,"[101, 106]",37,0.0044062137603759766,0.00016045570373535156,0.03744029998779297,True,0.2868204116821289,0.9459459459459459,1.0,0.2933685779571533,2,2,1.0382986068725586,1.0942542552947998,top-5,5100,False,20,0.35828447341918945,10.352535963058472,2.6141438484191895
k_hop_976,k_hop,stitch,arxiv,25,117,1175,True,0.625,"[25, 29, 30, 73, 82, 83, 116, 117]",40,0.004472255706787109,0.0002334117889404297,0.0373837947845459,False,-1.0,-1.0,-1.0,-1.0,0,0,6.31561541557312,6.38199520111084,none,0,False,20,0.35828447341918945,10.352535963058472,2.6141438484191895
k_hop_977,k_hop,stitch,arxiv,25,32,328,True,0.5833333333333334,"[25, 32, 33, 52, 67, 70, 72, 73, 85, 89, 94, 98]",40,0.0042989253997802734,0.00020599365234375,0.03712654113769531,False,-1.0,-1.0,-1.0,-1.0,0,0,6.856081962585449,6.938854932785034,none,0,False,20,0.35828447341918945,10.352535963058472,2.6141438484191895
k_hop_978,k_hop,stitch,arxiv,74,182,1829,True,0.2222222222222222,"[74, 90, 109, 137, 150, 165, 170, 182, 184]",27,0.0047686100006103516,0.00016450881958007812,0.03781867027282715,False,-1.0,-1.0,-1.0,-1.0,0,0,6.264232397079468,6.330643892288208,none,0,False,20,0.35828447341918945,10.352535963058472,2.6141438484191895
k_hop_979,k_hop,stitch,arxiv,4,21,213,True,0.4074074074074074,"[4, 9, 11, 13, 14, 15, 16, 17, 18, 19, 21, 22, 23, 24, 26, 27, 31, 34, 38, 45, 55, 58, 72, 76, 91, 96, 98]",40,0.0043485164642333984,0.00017714500427246094,0.037459373474121094,False,-1.0,-1.0,-1.0,-1.0,0,0,7.181530237197876,7.261905908584595,none,0,False,20,0.35828447341918945,10.352535963058472,2.6141438484191895
k_hop_980,k_hop,stitch,arxiv,54,77,775,True,0.6923076923076923,"[54, 55, 61, 63, 73, 75, 77, 79, 80, 85, 86, 91, 98]",40,0.00474238395690918,0.0001785755157470703,0.03819870948791504,False,-1.0,-1.0,-1.0,-1.0,0,0,8.46360993385315,8.548930644989014,none,0,False,20,0.35828447341918945,10.352535963058472,2.6141438484191895
k_hop_981,k_hop,stitch,arxiv,12,38,384,True,0.4117647058823529,"[12, 14, 15, 36, 38, 49, 51, 54, 66, 67, 73, 75, 78, 79, 83, 84, 98]",40,0.004574298858642578,0.00016999244689941406,0.03729248046875,False,-1.0,-1.0,-1.0,-1.0,0,0,6.694745063781738,6.770679950714111,none,0,False,20,0.35828447341918945,10.352535963058472,2.6141438484191895
k_hop_982,k_hop,stitch,arxiv,16,51,519,True,0.8,"[16, 51, 59, 66, 90]",20,0.004432201385498047,0.00015497207641601562,0.03849482536315918,False,-1.0,-1.0,-1.0,-1.0,0,0,7.6125452518463135,7.6939311027526855,none,0,False,20,0.35828447341918945,10.352535963058472,2.6141438484191895
k_hop_983,k_hop,stitch,arxiv,16,130,1300,True,0.6666666666666666,"[16, 129, 130]",40,0.0045011043548583984,0.0001633167266845703,0.03761100769042969,False,-1.0,-1.0,-1.0,-1.0,0,0,6.379117727279663,6.4483642578125,none,0,False,20,0.35828447341918945,10.352535963058472,2.6141438484191895
k_hop_984,k_hop,stitch,arxiv,13,63,635,False,0.3103448275862069,"[13, 14, 16, 17, 24, 26, 28, 40, 46, 50, 51, 54, 55, 61, 64, 65, 67, 70, 71, 72, 73, 75, 79, 80, 87, 89, 92, 98, 199]",40,0.0047760009765625,0.0001785755157470703,0.037988901138305664,False,-1.0,-1.0,-1.0,-1.0,0,0,7.957766056060791,8.045973062515259,none,0,False,20,0.35828447341918945,10.352535963058472,2.6141438484191895
k_hop_985,k_hop,stitch,arxiv,13,66,661,False,0.2903225806451613,"[13, 14, 16, 17, 26, 28, 40, 51, 54, 58, 61, 64, 65, 70, 71, 72, 73, 75, 79, 83, 85, 87, 88, 89, 90, 92, 95, 97, 98, 99, 164]",40,0.004422903060913086,0.00023174285888671875,0.05131101608276367,False,-1.0,-1.0,-1.0,-1.0,0,0,8.239369630813599,8.352821826934814,none,0,False,20,0.35828447341918945,10.352535963058472,2.6141438484191895
k_hop_986,k_hop,stitch,arxiv,13,83,836,True,0.4444444444444444,"[13, 20, 23, 28, 46, 51, 53, 54, 55, 64, 67, 70, 75, 76, 77, 79, 81, 83, 84, 88, 90, 94, 96, 97, 98, 99, 164]",40,0.004374027252197266,0.00016164779663085938,0.037261009216308594,False,-1.0,-1.0,-1.0,-1.0,0,0,8.2350332736969,8.32638931274414,none,0,False,20,0.35828447341918945,10.352535963058472,2.6141438484191895
k_hop_987,k_hop,stitch,arxiv,109,123,1234,True,1.0,"[109, 123, 126, 140, 142]",40,0.004787445068359375,0.0002124309539794922,0.0412898063659668,True,3.2468276023864746,1.0,1.0,3.273043155670166,1,1,6.480871915817261,6.574049949645996,top-20,17909,False,20,0.35828447341918945,10.352535963058472,2.6141438484191895
k_hop_988,k_hop,stitch,arxiv,5,29,295,True,0.25,"[5, 17, 19, 22, 28, 29, 31, 34, 38, 40, 48, 53, 56, 58, 64, 70, 71, 73, 75, 84, 90, 92, 94, 95]",40,0.00485682487487793,0.00020003318786621094,0.03833150863647461,False,-1.0,-1.0,-1.0,-1.0,0,0,7.1121790409088135,7.198096036911011,none,0,False,20,0.35828447341918945,10.352535963058472,2.6141438484191895
k_hop_989,k_hop,stitch,arxiv,6,66,661,False,0.2727272727272727,"[6, 9, 10, 13, 14, 16, 17, 20, 21, 23, 28, 40, 49, 51, 54, 56, 61, 64, 65, 70, 71, 73, 74, 75, 77, 79, 87, 88, 89, 92, 96, 97, 127]",40,0.004424571990966797,0.00016546249389648438,0.037034034729003906,False,-1.0,-1.0,-1.0,-1.0,0,0,8.305936813354492,8.40508508682251,none,0,False,20,0.35828447341918945,10.352535963058472,2.6141438484191895
k_hop_990,k_hop,stitch,arxiv,35,117,1175,True,1.0,"[35, 117, 188, 189]",40,0.0043332576751708984,0.00017976760864257812,0.03727579116821289,True,0.37241435050964355,1.0,1.0,0.38072729110717773,1,1,1.145052194595337,1.1978759765625,top-5,5047,False,20,0.35828447341918945,10.352535963058472,2.6141438484191895
k_hop_991,k_hop,stitch,arxiv,12,162,1621,True,0.625,"[12, 72, 73, 83, 154, 155, 162, 163, 164, 167, 168, 169, 170, 171, 172, 173]",40,0.006184816360473633,0.0001983642578125,0.03922438621520996,False,-1.0,-1.0,-1.0,-1.0,0,0,6.655576705932617,6.734217643737793,none,0,False,20,0.35828447341918945,10.352535963058472,2.6141438484191895
k_hop_992,k_hop,stitch,arxiv,33,137,1370,True,0.7647058823529411,"[33, 107, 118, 132, 133, 137, 138, 139, 140, 141, 142, 143, 144, 145, 146, 147, 149]",40,0.004718780517578125,0.0001728534698486328,0.037957191467285156,False,-1.0,-1.0,-1.0,-1.0,0,0,6.582478046417236,6.6551923751831055,none,0,False,20,0.35828447341918945,10.352535963058472,2.6141438484191895
k_hop_993,k_hop,stitch,arxiv,15,100,1003,True,0.6666666666666666,"[15, 47, 100, 101, 103, 108, 111, 134, 186]",40,0.004923343658447266,0.00017833709716796875,0.03921008110046387,False,-1.0,-1.0,-1.0,-1.0,0,0,6.342156887054443,6.414215326309204,none,0,False,20,0.35828447341918945,10.352535963058472,2.6141438484191895
k_hop_994,k_hop,stitch,arxiv,13,98,983,True,0.6428571428571429,"[13, 55, 57, 59, 73, 76, 79, 86, 89, 94, 96, 97, 98, 99]",40,0.0044171810150146484,0.00029659271240234375,0.037836551666259766,False,-1.0,-1.0,-1.0,-1.0,0,0,9.513914346694946,9.601927757263184,none,0,False,20,0.35828447341918945,10.352535963058472,2.6141438484191895
k_hop_995,k_hop,stitch,arxiv,1,13,131,True,0.6153846153846154,"[1, 4, 5, 13, 14, 18, 19, 22, 23, 33, 66, 93, 98]",40,0.004489421844482422,0.000164031982421875,0.03892016410827637,False,-1.0,-1.0,-1.0,-1.0,0,0,7.916671991348267,8.020111083984375,none,0,False,20,0.35828447341918945,10.352535963058472,2.6141438484191895
k_hop_996,k_hop,stitch,arxiv,6,21,213,True,0.3,"[6, 9, 10, 13, 16, 17, 18, 20, 21, 23, 24, 26, 28, 34, 40, 49, 55, 56, 61, 70, 72, 74, 77, 79, 87, 88, 89, 96, 97, 127]",40,0.005564212799072266,0.00019884109497070312,0.04221463203430176,False,-1.0,-1.0,-1.0,-1.0,0,0,7.495299339294434,7.5971996784210205,none,0,False,20,0.35828447341918945,10.352535963058472,2.6141438484191895
k_hop_997,k_hop,stitch,arxiv,107,137,1370,True,0.9,"[107, 122, 124, 137, 138, 139, 145, 146, 147, 148]",40,0.004570722579956055,0.00017881393432617188,0.03794384002685547,False,-1.0,-1.0,-1.0,-1.0,0,0,6.600985050201416,6.689091920852661,none,0,False,20,0.35828447341918945,10.352535963058472,2.6141438484191895
k_hop_998,k_hop,stitch,arxiv,13,63,634,False,0.28,"[13, 14, 16, 26, 28, 40, 51, 53, 54, 55, 61, 64, 65, 70, 71, 72, 73, 75, 79, 82, 88, 89, 92, 94, 97]",40,0.004799604415893555,0.00018024444580078125,0.03746318817138672,False,-1.0,-1.0,-1.0,-1.0,0,0,7.709025144577026,7.793171405792236,none,0,False,20,0.35828447341918945,10.352535963058472,2.6141438484191895
k_hop_999,k_hop,stitch,arxiv,7,133,1335,False,0.5714285714285714,"[7, 31, 59, 105, 125, 131, 134, 135, 137, 140, 142, 144, 146, 148]",40,0.004307985305786133,0.00015616416931152344,0.03694868087768555,False,-1.0,-1.0,-1.0,-1.0,0,0,7.20566201210022,7.279819965362549,none,0,False,20,0.35828447341918945,10.352535963058472,2.6141438484191895
k_hop_1000,k_hop,stitch,arxiv,11,83,830,True,0.3076923076923077,"[11, 13, 14, 16, 17, 23, 24, 28, 29, 32, 34, 38, 40, 50, 51, 53, 54, 55, 57, 58, 61, 64, 65, 66, 68, 70, 71, 72, 73, 75, 76, 77, 79, 80, 82, 83, 84, 85, 86, 87, 88, 89, 90, 92, 94, 95, 96, 97, 98, 99, 162, 164]",100,0.004296064376831055,0.00017762184143066406,0.03776812553405762,False,-1.0,-1.0,-1.0,-1.0,0,0,8.059391260147095,8.151222467422485,none,0,False,50,0.35828447341918945,10.352535963058472,2.6141438484191895
k_hop_1001,k_hop,stitch,arxiv,93,151,1517,True,0.8,"[93, 97, 119, 150, 151, 152, 153, 154, 155, 162, 164, 166, 169, 170, 173]",100,0.004353523254394531,0.00016450881958007812,0.04254269599914551,False,-1.0,-1.0,-1.0,-1.0,0,0,6.543450593948364,6.624457120895386,none,0,False,50,0.35828447341918945,10.352535963058472,2.6141438484191895
k_hop_1002,k_hop,stitch,arxiv,11,66,661,True,0.25,"[11, 13, 14, 16, 17, 24, 26, 28, 29, 32, 33, 40, 42, 50, 51, 52, 53, 54, 55, 57, 58, 61, 64, 65, 66, 68, 70, 71, 72, 73, 75, 76, 77, 79, 80, 82, 83, 85, 88, 89, 90, 92, 94, 97, 98, 99, 162, 164]",100,0.004829883575439453,0.0002117156982421875,0.03764629364013672,False,-1.0,-1.0,-1.0,-1.0,0,0,8.198487758636475,8.285003662109375,none,0,False,50,0.35828447341918945,10.352535963058472,2.6141438484191895
k_hop_1003,k_hop,stitch,arxiv,12,101,1012,True,0.42857142857142855,"[12, 17, 101, 106, 107, 159, 186]",59,0.004662275314331055,0.00018358230590820312,0.03819417953491211,False,-1.0,-1.0,-1.0,-1.0,0,0,6.365852117538452,6.4430928230285645,none,0,False,50,0.35828447341918945,10.352535963058472,2.6141438484191895
k_hop_1004,k_hop,stitch,arxiv,0,119,1198,True,0.5,"[0, 2, 35, 41, 43, 68, 69, 71, 115, 116, 117, 118, 119, 120, 121, 123, 124, 125, 132, 137, 140, 143, 144, 148, 149, 151, 188, 195, 197, 199]",100,0.004861354827880859,0.0001785755157470703,0.03763246536254883,False,-1.0,-1.0,-1.0,-1.0,0,0,6.604804992675781,6.676423072814941,none,0,False,50,0.35828447341918945,10.352535963058472,2.6141438484191895
k_hop_1005,k_hop,stitch,arxiv,100,190,1902,True,0.5,"[100, 110, 119, 179, 180, 190]",60,0.00446319580078125,0.00016021728515625,0.03892922401428223,False,-1.0,-1.0,-1.0,-1.0,0,0,6.554267644882202,6.631678104400635,none,0,False,50,0.35828447341918945,10.352535963058472,2.6141438484191895
k_hop_1006,k_hop,stitch,arxiv,0,72,720,True,0.2857142857142857,"[0, 5, 13, 14, 17, 21, 22, 23, 25, 28, 29, 30, 40, 42, 46, 50, 53, 54, 55, 56, 57, 59, 61, 62, 64, 65, 66, 67, 69, 70, 72, 73, 74, 75, 81, 84, 85, 86, 88, 89, 93, 98]",100,0.00436711311340332,0.0001685619354248047,0.03784918785095215,False,-1.0,-1.0,-1.0,-1.0,0,0,8.441971778869629,8.522627115249634,none,0,False,50,0.35828447341918945,10.352535963058472,2.6141438484191895
k_hop_1007,k_hop,stitch,arxiv,30,164,1644,True,0.625,"[30, 43, 59, 151, 153, 154, 155, 160, 162, 164, 166, 167, 169, 170, 171, 183]",100,0.004619121551513672,0.00017571449279785156,0.0390019416809082,False,-1.0,-1.0,-1.0,-1.0,0,0,6.777582883834839,6.855839729309082,none,0,False,50,0.35828447341918945,10.352535963058472,2.6141438484191895
k_hop_1008,k_hop,stitch,arxiv,12,46,461,True,0.5,"[12, 13, 17, 19, 38, 41, 42, 43, 45, 46, 47, 48, 49, 52, 53, 62, 66, 68, 75, 82, 83, 85, 93, 94, 96, 97, 98, 124]",100,0.004380464553833008,0.00015401840209960938,0.03787064552307129,False,-1.0,-1.0,-1.0,-1.0,0,0,7.338576316833496,7.430696487426758,none,0,False,50,0.35828447341918945,10.352535963058472,2.6141438484191895
k_hop_1009,k_hop,stitch,arxiv,1,71,711,True,0.4166666666666667,"[1, 32, 41, 50, 51, 55, 58, 71, 85, 97, 103, 117, 130, 131, 133, 134, 144, 151, 176, 179, 184, 185, 186, 199]",100,0.004639863967895508,0.00018095970153808594,0.03940272331237793,False,-1.0,-1.0,-1.0,-1.0,0,0,6.6186888217926025,6.708076000213623,none,0,False,50,0.35828447341918945,10.352535963058472,2.6141438484191895
k_hop_1010,k_hop,stitch,arxiv,0,23,231,True,0.4146341463414634,"[0, 1, 2, 3, 4, 5, 6, 9, 10, 11, 13, 14, 15, 16, 17, 18, 19, 20, 21, 22, 23, 24, 26, 31, 34, 35, 36, 38, 42, 53, 55, 61, 66, 71, 73, 77, 78, 86, 96, 127, 132]",100,0.004552125930786133,0.0001780986785888672,0.03882265090942383,False,-1.0,-1.0,-1.0,-1.0,0,0,7.669180393218994,7.763561248779297,none,0,False,50,0.35828447341918945,10.352535963058472,2.6141438484191895
k_hop_1011,k_hop,stitch,arxiv,68,191,1915,True,0.5,"[68, 115, 119, 123, 142, 144, 158, 163, 166, 172, 188, 189, 191, 192, 193, 195]",100,0.004441976547241211,0.00018405914306640625,0.03793072700500488,False,-1.0,-1.0,-1.0,-1.0,0,0,6.752086400985718,6.850152969360352,none,0,False,50,0.35828447341918945,10.352535963058472,2.6141438484191895
k_hop_1012,k_hop,stitch,arxiv,2,23,231,True,0.25,"[2, 4, 5, 7, 10, 13, 14, 15, 16, 17, 18, 19, 20, 21, 22, 23, 24, 26, 27, 32, 34, 36, 38, 39, 41, 42, 45, 46, 47, 48, 49, 55, 61, 66, 70, 77, 78, 83, 84, 86, 90, 94, 96, 97, 98, 127, 164, 172]",100,0.004324197769165039,0.00015878677368164062,0.03677773475646973,False,-1.0,-1.0,-1.0,-1.0,0,0,7.395410776138306,7.494948863983154,none,0,False,50,0.35828447341918945,10.352535963058472,2.6141438484191895
k_hop_1013,k_hop,stitch,arxiv,5,14,141,True,0.48148148148148145,"[5, 6, 8, 9, 13, 14, 17, 23, 26, 27, 51, 54, 60, 61, 62, 65, 66, 67, 70, 73, 84, 90, 91, 92, 94, 98, 125]",50,0.004586219787597656,0.0002799034118652344,0.03991961479187012,False,-1.0,-1.0,-1.0,-1.0,0,0,9.125302791595459,9.231026887893677,none,0,False,50,0.35828447341918945,10.352535963058472,2.6141438484191895
k_hop_1014,k_hop,stitch,arxiv,4,112,1120,True,0.5,"[4, 5, 8, 10, 15, 25, 33, 40, 44, 82, 85, 95, 104, 112, 113, 114, 118, 141]",100,0.004580020904541016,0.00017642974853515625,0.03791308403015137,False,-1.0,-1.0,-1.0,-1.0,0,0,6.756251811981201,6.840810060501099,none,0,False,50,0.35828447341918945,10.352535963058472,2.6141438484191895
k_hop_1015,k_hop,stitch,arxiv,26,146,1463,True,0.47058823529411764,"[26, 39, 81, 107, 108, 135, 137, 138, 139, 142, 146, 147, 148, 149, 157, 178, 196]",100,0.00472259521484375,0.0002067089080810547,0.03886079788208008,False,-1.0,-1.0,-1.0,-1.0,0,0,6.6774468421936035,6.759289503097534,none,0,False,50,0.35828447341918945,10.352535963058472,2.6141438484191895
k_hop_1016,k_hop,stitch,arxiv,151,166,1667,True,0.625,"[151, 152, 154, 155, 160, 161, 162, 164, 165, 166, 167, 168, 170, 171, 173, 191]",100,0.004965305328369141,0.00017642974853515625,0.038477420806884766,False,-1.0,-1.0,-1.0,-1.0,0,0,6.925322771072388,7.0030837059021,none,0,False,50,0.35828447341918945,10.352535963058472,2.6141438484191895
k_hop_1017,k_hop,stitch,arxiv,129,129,1294,True,1.0,"[129, 130]",68,0.005145549774169922,0.00019598007202148438,0.04270625114440918,True,0.32268309593200684,1.0,1.0,0.33127307891845703,1,1,1.1308834552764893,1.1974294185638428,top-5,5021,False,50,0.35828447341918945,10.352535963058472,2.6141438484191895
k_hop_1018,k_hop,stitch,arxiv,2,130,1308,True,0.4166666666666667,"[2, 32, 37, 53, 99, 125, 126, 129, 130, 131, 132, 133]",100,0.004491567611694336,0.00017261505126953125,0.04135537147521973,False,-1.0,-1.0,-1.0,-1.0,0,0,6.732214450836182,6.822636604309082,none,0,False,50,0.35828447341918945,10.352535963058472,2.6141438484191895
k_hop_1019,k_hop,stitch,arxiv,14,50,504,True,0.3888888888888889,"[14, 15, 22, 23, 29, 38, 42, 44, 46, 47, 50, 54, 56, 57, 61, 65, 73, 98]",62,0.004884481430053711,0.00015854835510253906,0.037987709045410156,False,-1.0,-1.0,-1.0,-1.0,0,0,8.572872400283813,8.671874761581421,none,0,False,50,0.35828447341918945,10.352535963058472,2.6141438484191895
k_hop_1020,k_hop,stitch,arxiv,13,54,540,True,0.3125,"[13, 14, 16, 17, 23, 26, 32, 34, 40, 42, 46, 50, 51, 52, 54, 55, 56, 57, 58, 59, 61, 63, 64, 65, 68, 70, 71, 72, 73, 75, 76, 77, 78, 79, 80, 83, 84, 85, 88, 89, 90, 92, 94, 95, 96, 98, 99, 162]",100,0.005274057388305664,0.0001785755157470703,0.04355883598327637,False,-1.0,-1.0,-1.0,-1.0,0,0,9.238186359405518,9.370057344436646,none,0,False,50,0.35828447341918945,10.352535963058472,2.6141438484191895
k_hop_1021,k_hop,stitch,arxiv,154,154,1542,True,0.875,"[154, 158, 159, 160, 161, 169, 176, 192]",100,0.00465846061706543,0.00016951560974121094,0.03872990608215332,False,-1.0,-1.0,-1.0,-1.0,0,0,7.205153703689575,7.302169322967529,none,0,False,50,0.35828447341918945,10.352535963058472,2.6141438484191895
k_hop_1022,k_hop,stitch,arxiv,8,65,654,True,0.7777777777777778,"[8, 14, 54, 56, 62, 65, 73, 96, 98]",54,0.004773855209350586,0.00026917457580566406,0.040160179138183594,False,-1.0,-1.0,-1.0,-1.0,0,0,8.287124156951904,8.41530728340149,none,0,False,50,0.35828447341918945,10.352535963058472,2.6141438484191895
k_hop_1023,k_hop,stitch,arxiv,1,0,6,False,0.36585365853658536,"[1, 2, 3, 4, 6, 7, 8, 9, 10, 11, 13, 14, 17, 19, 20, 21, 22, 23, 24, 26, 31, 32, 33, 34, 45, 55, 64, 65, 68, 82, 85, 86, 87, 90, 98, 127, 128, 132, 143, 144, 164]",100,0.004637718200683594,0.0002048015594482422,0.04323530197143555,False,-1.0,-1.0,-1.0,-1.0,0,0,7.576214790344238,7.662132501602173,none,0,False,50,0.35828447341918945,10.352535963058472,2.6141438484191895
k_hop_1024,k_hop,stitch,arxiv,28,175,1757,True,0.5652173913043478,"[28, 68, 82, 116, 117, 137, 140, 143, 145, 146, 149, 165, 175, 176, 177, 178, 189, 191, 192, 193, 194, 195, 196]",100,0.004419803619384766,0.0001919269561767578,0.03767228126525879,False,-1.0,-1.0,-1.0,-1.0,0,0,6.576631784439087,6.647902727127075,none,0,False,50,0.35828447341918945,10.352535963058472,2.6141438484191895
k_hop_1025,k_hop,stitch,arxiv,31,161,1610,True,0.8571428571428571,"[31, 157, 159, 160, 161, 165, 166, 167, 168, 169, 170, 171, 172, 173]",100,0.004651308059692383,0.00019049644470214844,0.03884291648864746,False,-1.0,-1.0,-1.0,-1.0,0,0,7.2383856773376465,7.339086055755615,none,0,False,50,0.35828447341918945,10.352535963058472,2.6141438484191895
k_hop_1026,k_hop,stitch,arxiv,8,199,1992,True,0.5416666666666666,"[8, 28, 29, 33, 37, 61, 87, 88, 89, 93, 115, 143, 145, 160, 168, 175, 178, 193, 194, 195, 196, 197, 198, 199]",100,0.004465341567993164,0.00017523765563964844,0.03764963150024414,False,-1.0,-1.0,-1.0,-1.0,0,0,6.61173939704895,6.686527729034424,none,0,False,50,0.35828447341918945,10.352535963058472,2.6141438484191895
k_hop_1027,k_hop,stitch,arxiv,107,107,1073,True,0.75,"[107, 138, 142, 146]",52,0.004418849945068359,0.0001652240753173828,0.038321495056152344,False,-1.0,-1.0,-1.0,-1.0,0,0,6.522512435913086,6.607424020767212,none,0,False,50,0.35828447341918945,10.352535963058472,2.6141438484191895
k_hop_1028,k_hop,stitch,arxiv,4,29,295,True,0.35714285714285715,"[4, 5, 22, 26, 28, 29, 30, 35, 40, 45, 46, 49, 52, 54, 61, 62, 68, 69, 72, 73, 79, 82, 85, 86, 90, 93, 97, 98]",100,0.004555463790893555,0.0001709461212158203,0.03930950164794922,False,-1.0,-1.0,-1.0,-1.0,0,0,7.2118449211120605,7.291363954544067,none,0,False,50,0.35828447341918945,10.352535963058472,2.6141438484191895
k_hop_1029,k_hop,stitch,arxiv,19,73,739,True,0.43478260869565216,"[19, 21, 22, 29, 32, 51, 53, 54, 55, 65, 69, 70, 72, 73, 74, 77, 78, 81, 83, 84, 88, 93, 98]",100,0.004403114318847656,0.00016760826110839844,0.03767991065979004,False,-1.0,-1.0,-1.0,-1.0,0,0,9.022311210632324,9.10706353187561,none,0,False,50,0.35828447341918945,10.352535963058472,2.6141438484191895
k_hop_1030,k_hop,stitch,arxiv,27,187,1870,True,0.4444444444444444,"[27, 33, 60, 85, 107, 113, 124, 147, 148, 155, 157, 158, 159, 161, 164, 165, 166, 168, 171, 172, 174, 187, 193, 194, 196, 198, 199]",100,0.005655050277709961,0.00025463104248046875,0.04274296760559082,False,-1.0,-1.0,-1.0,-1.0,0,0,6.460474967956543,6.545099496841431,none,0,False,50,0.35828447341918945,10.352535963058472,2.6141438484191895
k_hop_1031,k_hop,stitch,arxiv,81,184,1849,True,0.6666666666666666,"[81, 101, 103, 109, 113, 151, 152, 153, 179, 180, 181, 184]",100,0.004532814025878906,0.00015473365783691406,0.037552833557128906,False,-1.0,-1.0,-1.0,-1.0,0,0,6.288785457611084,6.357647895812988,none,0,False,50,0.35828447341918945,10.352535963058472,2.6141438484191895
k_hop_1032,k_hop,stitch,arxiv,12,46,469,True,0.4375,"[12, 13, 36, 38, 41, 42, 43, 44, 45, 46, 48, 49, 50, 52, 56, 59, 61, 66, 72, 73, 77, 78, 79, 81, 82, 83, 84, 92, 94, 97, 98, 168]",100,0.004349946975708008,0.00015592575073242188,0.03771519660949707,False,-1.0,-1.0,-1.0,-1.0,0,0,6.952934265136719,7.035721302032471,none,0,False,50,0.35828447341918945,10.352535963058472,2.6141438484191895
k_hop_1033,k_hop,stitch,arxiv,28,39,392,True,0.4444444444444444,"[28, 37, 38, 39, 44, 45, 46, 47, 50, 57, 59, 60, 61, 75, 77, 78, 79, 80, 86, 95, 107, 113, 118, 124, 155, 169, 197]",100,0.004599332809448242,0.0001678466796875,0.038335323333740234,False,-1.0,-1.0,-1.0,-1.0,0,0,6.6286256313323975,6.7072083950042725,none,0,False,50,0.35828447341918945,10.352535963058472,2.6141438484191895
k_hop_1034,k_hop,stitch,arxiv,121,134,1342,True,0.6666666666666666,"[121, 126, 134, 144, 147, 149, 158, 161, 177]",52,0.0050580501556396484,0.00019121170043945312,0.042532920837402344,False,-1.0,-1.0,-1.0,-1.0,0,0,6.420175313949585,6.509430170059204,none,0,False,50,0.35828447341918945,10.352535963058472,2.6141438484191895
k_hop_1035,k_hop,stitch,arxiv,13,83,836,True,0.3125,"[13, 14, 16, 17, 23, 26, 29, 32, 34, 40, 42, 50, 51, 52, 54, 55, 56, 57, 58, 59, 61, 63, 64, 65, 68, 70, 71, 72, 73, 75, 76, 77, 78, 79, 83, 84, 85, 88, 89, 90, 92, 94, 95, 96, 97, 98, 99, 162]",100,0.00453639030456543,0.0001556873321533203,0.03865957260131836,False,-1.0,-1.0,-1.0,-1.0,0,0,8.525264739990234,8.630777597427368,none,0,False,50,0.35828447341918945,10.352535963058472,2.6141438484191895
k_hop_1036,k_hop,stitch,arxiv,105,134,1349,True,0.6666666666666666,"[105, 119, 134, 136, 147, 148]",100,0.004816770553588867,0.00023245811462402344,0.05859994888305664,False,-1.0,-1.0,-1.0,-1.0,0,0,6.454304218292236,6.576861143112183,none,0,False,50,0.35828447341918945,10.352535963058472,2.6141438484191895
k_hop_1037,k_hop,stitch,arxiv,0,23,231,True,0.2978723404255319,"[0, 1, 2, 3, 4, 5, 7, 9, 10, 13, 14, 15, 16, 17, 18, 19, 20, 21, 22, 23, 24, 26, 32, 34, 36, 38, 45, 51, 55, 61, 63, 66, 72, 74, 75, 77, 78, 79, 82, 83, 84, 85, 86, 93, 96, 98, 127]",100,0.0045092105865478516,0.0003097057342529297,0.03984999656677246,False,-1.0,-1.0,-1.0,-1.0,0,0,7.7529120445251465,7.861329078674316,none,0,False,50,0.35828447341918945,10.352535963058472,2.6141438484191895
k_hop_1038,k_hop,stitch,arxiv,1,0,6,False,0.6363636363636364,"[1, 2, 3, 5, 6, 7, 8, 9, 12, 16, 17, 18, 19, 20, 21, 22, 23, 24, 60, 69, 70, 98]",100,0.004507303237915039,0.00015997886657714844,0.03731513023376465,False,-1.0,-1.0,-1.0,-1.0,0,0,8.57478141784668,8.659903049468994,none,0,False,50,0.35828447341918945,10.352535963058472,2.6141438484191895
k_hop_1039,k_hop,stitch,arxiv,28,43,435,True,0.25,"[28, 29, 40, 43, 46, 49, 53, 118, 132, 143, 145, 197]",70,0.004434347152709961,0.0001957416534423828,0.038190603256225586,False,-1.0,-1.0,-1.0,-1.0,0,0,6.553302764892578,6.632138729095459,none,0,False,50,0.35828447341918945,10.352535963058472,2.6141438484191895
k_hop_1040,k_hop,stitch,arxiv,12,97,975,True,0.358974358974359,"[12, 13, 15, 18, 26, 28, 29, 32, 33, 35, 43, 45, 47, 48, 49, 52, 61, 62, 66, 83, 85, 89, 90, 93, 95, 96, 97, 98, 99, 113, 117, 118, 119, 120, 121, 143, 162, 197, 199]",100,0.004885196685791016,0.00015926361083984375,0.03798627853393555,False,-1.0,-1.0,-1.0,-1.0,0,0,7.773134469985962,7.878240585327148,none,0,False,50,0.35828447341918945,10.352535963058472,2.6141438484191895
k_hop_1041,k_hop,stitch,arxiv,11,147,1473,True,0.47368421052631576,"[11, 31, 33, 42, 45, 105, 107, 109, 112, 120, 122, 123, 134, 141, 146, 147, 148, 173, 182]",100,0.004392862319946289,0.000164031982421875,0.037053585052490234,False,-1.0,-1.0,-1.0,-1.0,0,0,6.856216907501221,6.946575403213501,none,0,False,50,0.35828447341918945,10.352535963058472,2.6141438484191895
k_hop_1042,k_hop,stitch,arxiv,2,184,1849,True,0.32,"[2, 14, 16, 30, 37, 38, 41, 50, 51, 54, 61, 73, 77, 78, 81, 109, 113, 150, 151, 153, 179, 182, 183, 184, 197]",100,0.00449371337890625,0.00016570091247558594,0.0379946231842041,False,-1.0,-1.0,-1.0,-1.0,0,0,6.231163740158081,6.301019906997681,none,0,False,50,0.35828447341918945,10.352535963058472,2.6141438484191895
k_hop_1043,k_hop,stitch,arxiv,3,83,837,True,0.21052631578947367,"[3, 12, 13, 17, 19, 20, 21, 22, 25, 30, 34, 36, 38, 47, 53, 54, 56, 58, 61, 62, 65, 66, 69, 70, 72, 74, 75, 77, 81, 82, 83, 84, 88, 90, 93, 97, 98, 162]",100,0.004882335662841797,0.00017523765563964844,0.03723335266113281,False,-1.0,-1.0,-1.0,-1.0,0,0,7.4446094036102295,7.525688886642456,none,0,False,50,0.35828447341918945,10.352535963058472,2.6141438484191895
k_hop_1044,k_hop,stitch,arxiv,32,187,1875,False,0.35714285714285715,"[32, 37, 40, 41, 43, 44, 46, 47, 48, 62, 85, 97, 112, 115, 116, 119, 124, 140, 141, 153, 155, 156, 173, 178, 188, 189, 192, 196]",100,0.0045092105865478516,0.00016236305236816406,0.03853750228881836,False,-1.0,-1.0,-1.0,-1.0,0,0,6.530338764190674,6.599809885025024,none,0,False,50,0.35828447341918945,10.352535963058472,2.6141438484191895
k_hop_1045,k_hop,stitch,arxiv,16,162,1622,True,0.2826086956521739,"[16, 18, 21, 22, 28, 29, 30, 33, 34, 42, 46, 48, 49, 53, 55, 62, 69, 70, 72, 73, 74, 81, 82, 83, 84, 87, 89, 94, 95, 96, 97, 98, 117, 120, 151, 153, 154, 155, 162, 168, 171, 172, 174, 191, 192, 193]",100,0.0058441162109375,0.00020933151245117188,0.04362630844116211,False,-1.0,-1.0,-1.0,-1.0,0,0,7.477991104125977,7.567259311676025,none,0,False,50,0.35828447341918945,10.352535963058472,2.6141438484191895
k_hop_1046,k_hop,stitch,arxiv,2,86,862,True,0.2698412698412698,"[2, 4, 5, 6, 9, 10, 11, 12, 13, 14, 16, 17, 20, 21, 22, 23, 26, 28, 29, 32, 33, 34, 40, 42, 46, 49, 50, 51, 54, 55, 56, 57, 58, 59, 61, 66, 67, 70, 71, 72, 74, 75, 76, 77, 79, 80, 82, 84, 86, 87, 88, 89, 90, 92, 93, 94, 96, 97, 98, 99, 127, 162, 172]",100,0.004753828048706055,0.00022745132446289062,0.0462796688079834,False,-1.0,-1.0,-1.0,-1.0,0,0,8.100924253463745,8.195153713226318,none,0,False,50,0.35828447341918945,10.352535963058472,2.6141438484191895
k_hop_1047,k_hop,stitch,arxiv,11,80,803,True,0.3541666666666667,"[11, 12, 13, 14, 29, 36, 38, 42, 50, 51, 53, 54, 55, 56, 57, 58, 59, 60, 61, 62, 64, 65, 66, 67, 69, 70, 72, 73, 74, 75, 76, 77, 79, 80, 81, 82, 83, 84, 85, 86, 88, 89, 90, 92, 93, 94, 98, 156]",100,0.004906415939331055,0.00018167495727539062,0.03821897506713867,False,-1.0,-1.0,-1.0,-1.0,0,0,8.964650392532349,9.088411331176758,none,0,False,50,0.35828447341918945,10.352535963058472,2.6141438484191895
k_hop_1048,k_hop,stitch,arxiv,0,28,287,True,0.2894736842105263,"[0, 3, 5, 11, 15, 16, 22, 25, 28, 29, 30, 36, 37, 39, 40, 45, 48, 49, 52, 61, 62, 65, 67, 68, 73, 75, 78, 82, 84, 85, 92, 93, 94, 95, 99, 115, 119, 128]",100,0.005897998809814453,0.00023865699768066406,0.04256319999694824,False,-1.0,-1.0,-1.0,-1.0,0,0,6.929321765899658,7.054717063903809,none,0,False,50,0.35828447341918945,10.352535963058472,2.6141438484191895
k_hop_1049,k_hop,stitch,arxiv,6,19,194,True,0.5454545454545454,"[6, 8, 9, 16, 17, 18, 19, 20, 23, 24, 98]",69,0.004687070846557617,0.00021457672119140625,0.037780046463012695,False,-1.0,-1.0,-1.0,-1.0,0,0,7.6319897174835205,7.71860146522522,none,0,False,50,0.35828447341918945,10.352535963058472,2.6141438484191895
k_hop_1050,k_hop,stitch,arxiv,28,111,1111,True,0.6666666666666666,"[28, 37, 38, 42, 43, 44, 45, 46, 47, 90, 105, 109, 110, 111, 156]",76,0.004372119903564453,0.0001595020294189453,0.03671979904174805,False,-1.0,-1.0,-1.0,-1.0,0,0,7.009480237960815,7.111072301864624,none,0,False,50,0.35828447341918945,10.352535963058472,2.6141438484191895
k_hop_1051,k_hop,stitch,arxiv,37,112,1123,True,0.5384615384615384,"[37, 107, 112, 115, 118, 156, 161, 177, 180, 188, 189, 191, 192]",63,0.004509687423706055,0.0001614093780517578,0.037264108657836914,False,-1.0,-1.0,-1.0,-1.0,0,0,7.340590238571167,7.411401271820068,none,0,False,50,0.35828447341918945,10.352535963058472,2.6141438484191895
k_hop_1052,k_hop,stitch,arxiv,3,66,661,True,0.2037037037037037,"[3, 4, 6, 7, 8, 9, 10, 11, 13, 14, 16, 17, 18, 19, 20, 24, 26, 28, 29, 31, 40, 42, 50, 51, 53, 54, 55, 56, 58, 61, 64, 65, 66, 68, 70, 71, 72, 73, 75, 76, 77, 79, 80, 82, 83, 85, 88, 89, 92, 94, 97, 98, 99, 164]",100,0.004277229309082031,0.0001552104949951172,0.03669023513793945,False,-1.0,-1.0,-1.0,-1.0,0,0,8.794224739074707,8.88042950630188,none,0,False,50,0.35828447341918945,10.352535963058472,2.6141438484191895
k_hop_1053,k_hop,stitch,arxiv,1,127,1271,True,0.28125,"[1, 2, 6, 9, 12, 13, 17, 23, 25, 31, 34, 35, 40, 53, 56, 60, 61, 62, 64, 84, 94, 113, 115, 120, 123, 124, 125, 126, 127, 132, 133, 145]",100,0.0054931640625,0.00018548965454101562,0.037925004959106445,False,-1.0,-1.0,-1.0,-1.0,0,0,7.541517734527588,7.615694046020508,none,0,False,50,0.35828447341918945,10.352535963058472,2.6141438484191895
k_hop_1054,k_hop,stitch,arxiv,13,92,922,True,0.5217391304347826,"[13, 16, 47, 50, 51, 52, 53, 54, 63, 66, 73, 83, 84, 88, 89, 91, 92, 93, 96, 98, 99, 153, 198]",100,0.005606651306152344,0.00022935867309570312,0.03866887092590332,False,-1.0,-1.0,-1.0,-1.0,0,0,8.714615106582642,8.80476689338684,none,0,False,50,0.35828447341918945,10.352535963058472,2.6141438484191895
k_hop_1055,k_hop,stitch,arxiv,30,171,1713,True,0.6428571428571429,"[30, 155, 160, 162, 163, 165, 167, 171, 172, 173, 174, 193, 194, 195]",100,0.004568576812744141,0.00015974044799804688,0.0395662784576416,False,-1.0,-1.0,-1.0,-1.0,0,0,8.368943929672241,8.465400218963623,none,0,False,50,0.35828447341918945,10.352535963058472,2.6141438484191895
k_hop_1056,k_hop,stitch,arxiv,3,83,837,True,0.2222222222222222,"[3, 10, 13, 15, 23, 26, 28, 31, 32, 41, 46, 51, 53, 55, 56, 58, 65, 66, 68, 69, 70, 75, 77, 79, 81, 82, 83, 84, 88, 90, 95, 96, 98, 99, 117, 162]",100,0.00455927848815918,0.0001919269561767578,0.03871941566467285,False,-1.0,-1.0,-1.0,-1.0,0,0,8.438238143920898,8.528125762939453,none,0,False,50,0.35828447341918945,10.352535963058472,2.6141438484191895
k_hop_1057,k_hop,stitch,arxiv,110,129,1298,False,0.6666666666666666,"[110, 136, 146]",11,0.0056498050689697266,0.00016570091247558594,0.03770923614501953,False,-1.0,-1.0,-1.0,-1.0,0,0,7.405523777008057,7.483603000640869,none,0,False,50,0.35828447341918945,10.352535963058472,2.6141438484191895
k_hop_1058,k_hop,stitch,arxiv,10,148,1482,True,0.7058823529411765,"[10, 104, 112, 115, 117, 131, 132, 133, 134, 135, 137, 139, 143, 146, 147, 148, 149]",100,0.004711627960205078,0.0001685619354248047,0.03795456886291504,False,-1.0,-1.0,-1.0,-1.0,0,0,7.5314552783966064,7.605429410934448,none,0,False,50,0.35828447341918945,10.352535963058472,2.6141438484191895
k_hop_1059,k_hop,stitch,arxiv,30,150,1500,True,0.7272727272727273,"[30, 55, 71, 97, 119, 150, 151, 176, 181, 183, 184]",72,0.0048220157623291016,0.00019860267639160156,0.04064631462097168,False,-1.0,-1.0,-1.0,-1.0,0,0,7.232117414474487,7.310627460479736,none,0,False,50,0.35828447341918945,10.352535963058472,2.6141438484191895
k_hop_1060,k_hop,stitch,arxiv,11,96,967,True,0.34146341463414637,"[11, 12, 13, 15, 17, 19, 20, 21, 32, 50, 55, 56, 60, 61, 63, 65, 66, 67, 74, 75, 76, 79, 80, 84, 85, 86, 87, 88, 89, 91, 92, 93, 94, 95, 96, 97, 98, 99, 148, 168, 197]",100,0.0048139095306396484,0.0003120899200439453,0.06160426139831543,False,-1.0,-1.0,-1.0,-1.0,0,0,9.652701139450073,9.778258562088013,none,0,False,50,0.35828447341918945,10.352535963058472,2.6141438484191895
k_hop_1061,k_hop,stitch,arxiv,11,117,1177,True,0.4074074074074074,"[11, 19, 20, 25, 30, 35, 68, 73, 74, 82, 85, 90, 94, 96, 115, 116, 117, 121, 123, 131, 137, 140, 149, 153, 176, 182, 188]",100,0.0047299861907958984,0.00020194053649902344,0.04005885124206543,False,-1.0,-1.0,-1.0,-1.0,0,0,7.299234390258789,7.375089645385742,none,0,False,50,0.35828447341918945,10.352535963058472,2.6141438484191895
k_hop_1062,k_hop,stitch,arxiv,0,66,661,True,0.2222222222222222,"[0, 2, 4, 5, 6, 9, 10, 11, 12, 13, 14, 16, 17, 18, 19, 20, 21, 22, 23, 24, 26, 28, 29, 31, 32, 33, 34, 38, 40, 42, 44, 46, 49, 50, 51, 55, 56, 61, 66, 70, 72, 74, 75, 76, 77, 79, 80, 84, 85, 86, 87, 88, 89, 92, 93, 96, 97, 98, 99, 127, 162, 164, 172]",100,0.004237651824951172,0.00015926361083984375,0.03770041465759277,False,-1.0,-1.0,-1.0,-1.0,0,0,9.218897581100464,9.338449239730835,none,0,False,50,0.35828447341918945,10.352535963058472,2.6141438484191895
k_hop_1063,k_hop,stitch,arxiv,12,28,285,True,0.28125,"[12, 16, 22, 28, 30, 36, 39, 43, 49, 55, 58, 60, 63, 65, 68, 69, 70, 72, 73, 74, 75, 81, 82, 83, 87, 89, 94, 95, 96, 97, 98, 198]",100,0.004754304885864258,0.0007195472717285156,0.04932546615600586,False,-1.0,-1.0,-1.0,-1.0,0,0,8.679560661315918,8.787310600280762,none,0,False,50,0.35828447341918945,10.352535963058472,2.6141438484191895
k_hop_1064,k_hop,stitch,arxiv,0,0,6,True,0.43243243243243246,"[0, 1, 2, 3, 4, 6, 7, 8, 9, 10, 11, 13, 14, 19, 20, 21, 22, 23, 24, 26, 31, 32, 33, 34, 36, 55, 65, 67, 82, 86, 90, 97, 98, 126, 127, 143, 144]",100,0.004790306091308594,0.0001926422119140625,0.03834891319274902,False,-1.0,-1.0,-1.0,-1.0,0,0,8.139379739761353,8.237643718719482,none,0,False,50,0.35828447341918945,10.352535963058472,2.6141438484191895
k_hop_1065,k_hop,stitch,arxiv,35,118,1182,True,0.3888888888888889,"[35, 45, 97, 104, 109, 110, 113, 116, 118, 121, 122, 123, 132, 143, 148, 153, 184, 197]",100,0.005476474761962891,0.00017380714416503906,0.04857134819030762,False,-1.0,-1.0,-1.0,-1.0,0,0,7.491048097610474,7.600137233734131,none,0,False,50,0.35828447341918945,10.352535963058472,2.6141438484191895
k_hop_1066,k_hop,stitch,arxiv,47,148,1484,True,0.75,"[47, 76, 87, 132, 134, 137, 144, 145, 146, 147, 148, 149]",100,0.004399299621582031,0.0001709461212158203,0.03719615936279297,False,-1.0,-1.0,-1.0,-1.0,0,0,7.8395280838012695,7.917441129684448,none,0,False,50,0.35828447341918945,10.352535963058472,2.6141438484191895
k_hop_1067,k_hop,stitch,arxiv,0,9,90,True,0.5833333333333334,"[0, 1, 3, 5, 6, 7, 8, 9, 15, 31, 34, 62, 83, 104, 115, 118, 125, 126, 127, 144, 149, 180, 181, 184]",100,0.004759788513183594,0.00017571449279785156,0.03714919090270996,False,-1.0,-1.0,-1.0,-1.0,0,0,7.439513206481934,7.5184032917022705,none,0,False,50,0.35828447341918945,10.352535963058472,2.6141438484191895
k_hop_1068,k_hop,stitch,arxiv,119,134,1342,True,0.6,"[119, 121, 134, 136, 148]",83,0.0046672821044921875,0.000194549560546875,0.03908276557922363,False,-1.0,-1.0,-1.0,-1.0,0,0,7.072278022766113,7.1494300365448,none,0,False,50,0.35828447341918945,10.352535963058472,2.6141438484191895
k_hop_1069,k_hop,stitch,arxiv,28,199,1992,True,0.5,"[28, 29, 33, 37, 50, 55, 61, 72, 73, 79, 87, 88, 89, 97, 143, 145, 175, 178, 190, 193, 194, 195, 196, 197, 198, 199]",100,0.005029439926147461,0.0001952648162841797,0.03789043426513672,False,-1.0,-1.0,-1.0,-1.0,0,0,7.2172136306762695,7.288485527038574,none,0,False,50,0.35828447341918945,10.352535963058472,2.6141438484191895
k_hop_1070,k_hop,stitch,arxiv,9,165,1657,True,0.5833333333333334,"[9, 45, 120, 124, 151, 152, 153, 158, 161, 162, 163, 164, 165, 166, 167, 168, 170, 171, 172, 173, 174, 185, 189, 197]",100,0.004396200180053711,0.000186920166015625,0.03672480583190918,False,-1.0,-1.0,-1.0,-1.0,0,0,7.2704010009765625,7.348715782165527,none,0,False,50,0.35828447341918945,10.352535963058472,2.6141438484191895
k_hop_1071,k_hop,stitch,arxiv,0,23,231,True,0.3684210526315789,"[0, 1, 2, 3, 4, 5, 6, 7, 10, 12, 13, 14, 15, 16, 18, 19, 20, 21, 22, 23, 24, 30, 32, 34, 37, 52, 55, 58, 61, 63, 69, 70, 73, 74, 93, 94, 98, 144]",100,0.0047760009765625,0.00016736984252929688,0.03743553161621094,False,-1.0,-1.0,-1.0,-1.0,0,0,7.658996343612671,7.7386558055877686,none,0,False,50,0.35828447341918945,10.352535963058472,2.6141438484191895
k_hop_1072,k_hop,stitch,arxiv,32,121,1213,True,0.7142857142857143,"[32, 35, 37, 45, 117, 118, 119, 120, 121, 122, 123, 124, 144, 189]",100,0.004311800003051758,0.000171661376953125,0.03757119178771973,False,-1.0,-1.0,-1.0,-1.0,0,0,6.416313409805298,6.487725257873535,none,0,False,50,0.35828447341918945,10.352535963058472,2.6141438484191895
k_hop_1073,k_hop,stitch,arxiv,0,0,6,True,0.42105263157894735,"[0, 1, 2, 3, 4, 6, 7, 8, 9, 10, 11, 13, 14, 17, 19, 20, 21, 22, 23, 24, 26, 31, 32, 33, 34, 36, 55, 65, 67, 82, 86, 90, 97, 98, 126, 127, 143, 144]",100,0.004433155059814453,0.00015997886657714844,0.038813114166259766,False,-1.0,-1.0,-1.0,-1.0,0,0,7.532286167144775,7.610106945037842,none,0,False,50,0.35828447341918945,10.352535963058472,2.6141438484191895
k_hop_1074,k_hop,stitch,arxiv,1,18,187,True,0.625,"[1, 2, 4, 5, 13, 14, 15, 16, 18, 19, 20, 22, 23, 24, 45, 98]",100,0.004428386688232422,0.0001552104949951172,0.03831911087036133,False,-1.0,-1.0,-1.0,-1.0,0,0,8.127098083496094,8.212648153305054,none,0,False,50,0.35828447341918945,10.352535963058472,2.6141438484191895
k_hop_1075,k_hop,stitch,arxiv,11,117,1177,True,0.4,"[11, 16, 19, 20, 25, 28, 30, 58, 68, 74, 82, 85, 90, 96, 115, 117, 124, 145, 153, 188]",100,0.004518747329711914,0.0001804828643798828,0.037276506423950195,False,-1.0,-1.0,-1.0,-1.0,0,0,6.618285179138184,6.717642307281494,none,0,False,50,0.35828447341918945,10.352535963058472,2.6141438484191895
k_hop_1076,k_hop,stitch,arxiv,1,66,661,True,0.22580645161290322,"[1, 2, 4, 5, 6, 7, 8, 9, 10, 11, 12, 13, 14, 16, 17, 18, 19, 20, 21, 22, 23, 24, 26, 28, 29, 32, 33, 34, 38, 40, 42, 49, 50, 51, 55, 56, 61, 66, 70, 72, 74, 75, 76, 77, 79, 80, 83, 86, 87, 88, 89, 92, 93, 94, 96, 97, 98, 99, 127, 162, 164, 172]",100,0.004817008972167969,0.00017404556274414062,0.038055419921875,False,-1.0,-1.0,-1.0,-1.0,0,0,7.785155534744263,7.88719367980957,none,0,False,50,0.35828447341918945,10.352535963058472,2.6141438484191895
k_hop_1077,k_hop,stitch,arxiv,12,97,970,True,0.47619047619047616,"[12, 13, 15, 20, 22, 27, 33, 34, 48, 52, 69, 79, 86, 89, 91, 94, 95, 96, 97, 98, 99]",100,0.004807233810424805,0.00019478797912597656,0.03757500648498535,False,-1.0,-1.0,-1.0,-1.0,0,0,7.657235622406006,7.742530107498169,none,0,False,50,0.35828447341918945,10.352535963058472,2.6141438484191895
k_hop_1078,k_hop,stitch,arxiv,1,23,234,True,0.3142857142857143,"[1, 2, 5, 6, 7, 11, 13, 14, 15, 16, 18, 21, 22, 23, 24, 28, 30, 32, 40, 46, 55, 62, 70, 71, 72, 73, 74, 85, 92, 93, 94, 98, 117, 145, 176]",100,0.0048787593841552734,0.00016880035400390625,0.03795027732849121,False,-1.0,-1.0,-1.0,-1.0,0,0,7.88127326965332,7.971359014511108,none,0,False,50,0.35828447341918945,10.352535963058472,2.6141438484191895
k_hop_1079,k_hop,stitch,arxiv,0,66,661,True,0.25806451612903225,"[0, 4, 6, 9, 10, 11, 12, 13, 14, 16, 17, 20, 21, 23, 26, 28, 29, 32, 33, 34, 40, 42, 49, 50, 51, 52, 54, 55, 56, 57, 58, 61, 64, 65, 66, 70, 71, 72, 73, 74, 75, 76, 77, 79, 80, 83, 85, 86, 87, 88, 89, 90, 92, 93, 94, 96, 97, 98, 99, 127, 162, 172]",100,0.006304502487182617,0.00017452239990234375,0.04006791114807129,False,-1.0,-1.0,-1.0,-1.0,0,0,8.242042303085327,8.378288745880127,none,0,False,50,0.35828447341918945,10.352535963058472,2.6141438484191895
k_hop_1080,k_hop,stitch,arxiv,3,104,1049,True,0.6666666666666666,"[3, 68, 103, 104, 115, 141]",57,0.004569530487060547,0.00017642974853515625,0.038416147232055664,False,-1.0,-1.0,-1.0,-1.0,0,0,6.828503608703613,6.914891004562378,none,0,False,50,0.35828447341918945,10.352535963058472,2.6141438484191895
k_hop_1081,k_hop,stitch,arxiv,14,45,455,True,0.5,"[14, 15, 16, 18, 22, 23, 27, 37, 45, 46, 48, 49, 67, 70, 96, 97, 98, 99]",59,0.004380226135253906,0.00017261505126953125,0.03785276412963867,False,-1.0,-1.0,-1.0,-1.0,0,0,7.608436822891235,7.699811697006226,none,0,False,50,0.35828447341918945,10.352535963058472,2.6141438484191895
k_hop_1082,k_hop,stitch,arxiv,11,97,973,True,0.3469387755102041,"[11, 13, 14, 17, 24, 28, 36, 40, 46, 50, 51, 52, 54, 55, 56, 57, 58, 59, 60, 61, 62, 63, 64, 65, 66, 67, 68, 69, 70, 71, 72, 73, 75, 76, 80, 83, 84, 85, 87, 88, 89, 90, 92, 94, 96, 97, 98, 99, 106]",100,0.004931449890136719,0.0002377033233642578,0.043172359466552734,False,-1.0,-1.0,-1.0,-1.0,0,0,8.690289735794067,8.787121534347534,none,0,False,50,0.35828447341918945,10.352535963058472,2.6141438484191895
k_hop_1083,k_hop,stitch,arxiv,36,152,1529,True,0.5,"[36, 82, 95, 149, 151, 152, 155, 162, 163, 176, 177, 181, 182, 183, 185, 196]",100,0.008787870407104492,0.00018906593322753906,0.03917980194091797,False,-1.0,-1.0,-1.0,-1.0,0,0,6.947340965270996,7.0549585819244385,none,0,False,50,0.35828447341918945,10.352535963058472,2.6141438484191895
k_hop_1084,k_hop,stitch,arxiv,147,174,1743,True,0.7368421052631579,"[147, 152, 154, 155, 157, 159, 162, 163, 165, 167, 168, 169, 170, 171, 172, 173, 174, 191, 193]",100,0.00954747200012207,0.0003254413604736328,0.040023088455200195,False,-1.0,-1.0,-1.0,-1.0,0,0,7.0207600593566895,7.156085729598999,none,0,False,50,0.35828447341918945,10.352535963058472,2.6141438484191895
k_hop_1085,k_hop,stitch,arxiv,16,99,990,True,0.24242424242424243,"[16, 20, 27, 30, 33, 35, 36, 41, 50, 54, 55, 56, 60, 61, 62, 63, 69, 70, 73, 76, 81, 83, 85, 89, 93, 94, 98, 99, 103, 122, 144, 181, 184]",100,0.0050470829010009766,0.00022912025451660156,0.03866934776306152,False,-1.0,-1.0,-1.0,-1.0,0,0,7.703321218490601,7.80804443359375,none,0,False,50,0.35828447341918945,10.352535963058472,2.6141438484191895
k_hop_1086,k_hop,stitch,arxiv,12,78,784,True,0.631578947368421,"[12, 25, 38, 39, 42, 44, 46, 60, 61, 75, 76, 77, 78, 79, 80, 96, 124, 188, 197]",100,0.005097389221191406,0.00031948089599609375,0.042890310287475586,False,-1.0,-1.0,-1.0,-1.0,0,0,7.867740154266357,7.959979057312012,none,0,False,50,0.35828447341918945,10.352535963058472,2.6141438484191895
k_hop_1087,k_hop,stitch,arxiv,12,61,613,True,0.37209302325581395,"[12, 17, 19, 23, 33, 34, 38, 39, 42, 51, 52, 54, 55, 56, 57, 58, 59, 60, 61, 65, 69, 70, 72, 74, 75, 76, 77, 78, 79, 84, 85, 86, 87, 88, 90, 91, 92, 93, 94, 95, 96, 97, 98]",100,0.0043299198150634766,0.00015282630920410156,0.03858065605163574,False,-1.0,-1.0,-1.0,-1.0,0,0,9.139237642288208,9.239357709884644,none,0,False,50,0.35828447341918945,10.352535963058472,2.6141438484191895
k_hop_1088,k_hop,stitch,arxiv,2,66,661,True,0.2692307692307692,"[2, 10, 11, 13, 14, 16, 17, 20, 23, 24, 26, 27, 28, 29, 38, 40, 42, 46, 50, 51, 52, 53, 54, 55, 58, 61, 64, 65, 66, 68, 70, 71, 72, 73, 75, 76, 79, 80, 82, 83, 84, 85, 86, 87, 88, 89, 90, 92, 94, 97, 98, 99]",100,0.004709482192993164,0.0002162456512451172,0.04125833511352539,False,-1.0,-1.0,-1.0,-1.0,0,0,8.619963645935059,8.707167863845825,none,0,False,50,0.35828447341918945,10.352535963058472,2.6141438484191895
k_hop_1089,k_hop,stitch,arxiv,155,174,1746,True,0.85,"[155, 156, 157, 159, 160, 161, 162, 163, 165, 166, 167, 170, 171, 172, 173, 174, 189, 192, 193, 194]",86,0.004430055618286133,0.00016355514526367188,0.037615299224853516,False,-1.0,-1.0,-1.0,-1.0,0,0,7.411048173904419,7.502715587615967,none,0,False,50,0.35828447341918945,10.352535963058472,2.6141438484191895
k_hop_1090,k_hop,stitch,arxiv,1,23,239,True,0.38095238095238093,"[1, 2, 3, 4, 5, 6, 7, 8, 9, 10, 11, 13, 15, 17, 18, 19, 21, 22, 23, 24, 26, 31, 33, 34, 36, 38, 40, 44, 45, 48, 56, 58, 60, 61, 62, 66, 67, 70, 74, 97, 98, 127]",100,0.004975557327270508,0.00025153160095214844,0.042070627212524414,False,-1.0,-1.0,-1.0,-1.0,0,0,9.381123542785645,9.473836183547974,none,0,False,50,0.35828447341918945,10.352535963058472,2.6141438484191895
k_hop_1091,k_hop,stitch,arxiv,31,148,1482,True,0.6470588235294118,"[31, 33, 53, 77, 93, 127, 132, 133, 135, 137, 139, 143, 145, 146, 147, 148, 196]",100,0.005309343338012695,0.00021839141845703125,0.04377102851867676,False,-1.0,-1.0,-1.0,-1.0,0,0,7.495984792709351,7.587521314620972,none,0,False,50,0.35828447341918945,10.352535963058472,2.6141438484191895
k_hop_1092,k_hop,stitch,arxiv,0,45,455,True,0.3684210526315789,"[0, 4, 10, 11, 12, 13, 21, 35, 37, 38, 39, 41, 43, 44, 45, 46, 47, 48, 49, 57, 58, 66, 70, 71, 81, 93, 102, 111, 113, 118, 119, 120, 122, 154, 162, 166, 173, 186]",100,0.004749774932861328,0.0001685619354248047,0.038692474365234375,False,-1.0,-1.0,-1.0,-1.0,0,0,7.853437185287476,8.006152153015137,none,0,False,50,0.35828447341918945,10.352535963058472,2.6141438484191895
k_hop_1093,k_hop,stitch,arxiv,44,141,1418,True,0.8125,"[44, 103, 107, 108, 110, 112, 133, 137, 139, 140, 141, 142, 145, 146, 147, 148]",100,0.004354000091552734,0.00015234947204589844,0.03787541389465332,False,-1.0,-1.0,-1.0,-1.0,0,0,7.33050799369812,7.401737689971924,none,0,False,50,0.35828447341918945,10.352535963058472,2.6141438484191895
k_hop_1094,k_hop,stitch,arxiv,0,54,540,True,0.3541666666666667,"[0, 1, 2, 3, 6, 11, 13, 14, 17, 21, 29, 35, 40, 41, 46, 51, 52, 53, 54, 55, 56, 57, 59, 61, 62, 63, 64, 65, 66, 67, 70, 71, 72, 73, 76, 80, 86, 89, 90, 91, 92, 93, 96, 98, 113, 127, 162, 172]",100,0.004465579986572266,0.00022935867309570312,0.040621042251586914,False,-1.0,-1.0,-1.0,-1.0,0,0,8.8392493724823,8.966416597366333,none,0,False,50,0.35828447341918945,10.352535963058472,2.6141438484191895
k_hop_1095,k_hop,stitch,arxiv,1,19,190,True,0.2727272727272727,"[1, 2, 4, 5, 9, 10, 12, 13, 14, 15, 17, 18, 19, 20, 21, 22, 23, 24, 27, 34, 40, 41, 43, 44, 45, 46, 47, 48, 49, 55, 59, 60, 61, 62, 65, 66, 77, 83, 92, 96, 98, 115, 162, 184]",100,0.004573345184326172,0.0007524490356445312,0.03812050819396973,False,-1.0,-1.0,-1.0,-1.0,0,0,8.49781322479248,8.581347465515137,none,0,False,50,0.35828447341918945,10.352535963058472,2.6141438484191895
k_hop_1096,k_hop,stitch,arxiv,0,8,84,True,0.2564102564102564,"[0, 1, 3, 4, 5, 6, 7, 8, 9, 16, 17, 18, 19, 21, 22, 23, 24, 30, 31, 33, 36, 44, 59, 62, 64, 65, 68, 71, 72, 73, 84, 90, 96, 97, 98, 124, 126, 145, 197]",100,0.005421161651611328,0.00021409988403320312,0.04064679145812988,False,-1.0,-1.0,-1.0,-1.0,0,0,8.384212017059326,8.479171752929688,none,0,False,50,0.35828447341918945,10.352535963058472,2.6141438484191895
k_hop_1097,k_hop,stitch,arxiv,3,31,317,True,0.48148148148148145,"[3, 20, 30, 31, 32, 33, 35, 41, 53, 55, 59, 65, 71, 82, 87, 112, 116, 126, 127, 131, 132, 133, 134, 148, 153, 164, 196]",100,0.005472660064697266,0.0002486705780029297,0.046996116638183594,False,-1.0,-1.0,-1.0,-1.0,0,0,7.475656747817993,7.569186687469482,none,0,False,50,0.35828447341918945,10.352535963058472,2.6141438484191895
k_hop_1098,k_hop,stitch,arxiv,0,0,6,True,0.4594594594594595,"[0, 1, 2, 3, 4, 6, 7, 8, 9, 10, 11, 13, 14, 17, 19, 20, 21, 22, 23, 24, 26, 31, 32, 33, 34, 45, 55, 64, 65, 82, 86, 90, 98, 127, 143, 144, 164]",100,0.0050296783447265625,0.000164031982421875,0.0389554500579834,False,-1.0,-1.0,-1.0,-1.0,0,0,8.540790557861328,8.636104345321655,none,0,False,50,0.35828447341918945,10.352535963058472,2.6141438484191895
k_hop_1099,k_hop,stitch,arxiv,13,83,830,True,0.3958333333333333,"[13, 14, 16, 17, 26, 27, 28, 40, 42, 50, 51, 52, 53, 54, 55, 56, 57, 58, 61, 63, 64, 65, 66, 67, 70, 71, 72, 73, 75, 76, 77, 79, 80, 83, 84, 85, 88, 89, 90, 91, 92, 94, 96, 97, 98, 99, 162, 164]",100,0.0049686431884765625,0.00019598007202148438,0.039069414138793945,False,-1.0,-1.0,-1.0,-1.0,0,0,9.345703840255737,9.431248426437378,none,0,False,50,0.35828447341918945,10.352535963058472,2.6141438484191895
k_hop_1100,k_hop,stitch,arxiv,4,66,661,True,0.22077922077922077,"[4, 5, 6, 9, 10, 11, 12, 13, 14, 16, 17, 20, 21, 22, 23, 24, 26, 28, 29, 32, 33, 34, 40, 41, 42, 44, 46, 49, 50, 51, 52, 53, 54, 55, 56, 57, 58, 59, 61, 62, 63, 64, 65, 66, 67, 68, 70, 71, 72, 73, 74, 75, 76, 77, 79, 80, 82, 83, 84, 85, 86, 87, 88, 89, 90, 92, 93, 94, 95, 96, 97, 98, 99, 127, 162, 164, 172]",200,0.004958629608154297,0.00022077560424804688,0.03977823257446289,False,-1.0,-1.0,-1.0,-1.0,0,0,9.239327430725098,9.329843282699585,none,0,False,100,0.35828447341918945,10.352535963058472,2.6141438484191895
k_hop_1101,k_hop,stitch,arxiv,0,0,6,True,0.3220338983050847,"[0, 1, 2, 3, 4, 5, 6, 7, 8, 9, 10, 11, 12, 13, 14, 15, 17, 18, 19, 20, 21, 22, 23, 24, 26, 28, 31, 32, 33, 34, 36, 44, 45, 46, 53, 55, 56, 60, 62, 64, 65, 66, 67, 69, 72, 81, 82, 84, 86, 90, 93, 97, 98, 117, 126, 127, 143, 144, 164]",200,0.006429433822631836,0.0001595020294189453,0.03784823417663574,False,-1.0,-1.0,-1.0,-1.0,0,0,9.254651069641113,9.351275444030762,none,0,False,100,0.35828447341918945,10.352535963058472,2.6141438484191895
k_hop_1102,k_hop,stitch,arxiv,154,160,1608,True,0.625,"[154, 156, 158, 159, 160, 161, 162, 165, 166, 167, 168, 173, 174, 176, 192, 193]",200,0.004623889923095703,0.00016379356384277344,0.03931283950805664,False,-1.0,-1.0,-1.0,-1.0,0,0,8.155495405197144,8.249958038330078,none,0,False,100,0.35828447341918945,10.352535963058472,2.6141438484191895
k_hop_1103,k_hop,stitch,arxiv,121,161,1615,True,0.5652173913043478,"[121, 156, 157, 159, 160, 161, 162, 163, 164, 165, 166, 167, 168, 169, 170, 171, 173, 174, 188, 189, 191, 193, 194]",200,0.00484919548034668,0.00016880035400390625,0.03812050819396973,False,-1.0,-1.0,-1.0,-1.0,0,0,7.705445051193237,7.8025970458984375,none,0,False,100,0.35828447341918945,10.352535963058472,2.6141438484191895
k_hop_1104,k_hop,stitch,arxiv,2,92,929,True,0.2463768115942029,"[2, 11, 13, 14, 16, 17, 18, 19, 23, 24, 27, 28, 29, 32, 33, 36, 38, 42, 45, 46, 50, 51, 52, 53, 54, 55, 56, 57, 58, 59, 60, 61, 62, 63, 64, 65, 66, 68, 70, 71, 72, 73, 74, 75, 76, 77, 79, 80, 82, 83, 84, 85, 87, 88, 89, 90, 91, 92, 93, 94, 95, 96, 97, 98, 99, 164, 168, 176, 197]",200,0.00470733642578125,0.00021505355834960938,0.04446840286254883,False,-1.0,-1.0,-1.0,-1.0,0,0,9.59384799003601,9.695044994354248,none,0,False,100,0.35828447341918945,10.352535963058472,2.6141438484191895
k_hop_1105,k_hop,stitch,arxiv,4,83,836,True,0.18292682926829268,"[4, 5, 6, 9, 10, 11, 12, 13, 14, 15, 16, 17, 18, 20, 21, 22, 23, 24, 26, 27, 28, 29, 30, 32, 33, 34, 39, 40, 41, 42, 44, 46, 47, 49, 50, 51, 52, 53, 54, 55, 56, 57, 58, 59, 61, 62, 63, 64, 65, 66, 67, 68, 70, 71, 72, 73, 74, 75, 76, 77, 79, 80, 82, 83, 84, 85, 86, 87, 88, 89, 90, 92, 93, 94, 95, 96, 97, 98, 99, 127, 162, 172]",200,0.007044553756713867,0.0001697540283203125,0.03767991065979004,False,-1.0,-1.0,-1.0,-1.0,0,0,9.176702737808228,9.27225923538208,none,0,False,100,0.35828447341918945,10.352535963058472,2.6141438484191895
k_hop_1106,k_hop,stitch,arxiv,12,78,784,True,0.5769230769230769,"[12, 25, 30, 38, 39, 42, 44, 46, 51, 54, 59, 60, 61, 73, 75, 76, 77, 78, 79, 80, 82, 93, 124, 166, 188, 197]",200,0.004820108413696289,0.00017547607421875,0.0382387638092041,False,-1.0,-1.0,-1.0,-1.0,0,0,8.574830770492554,8.664275884628296,none,0,False,100,0.35828447341918945,10.352535963058472,2.6141438484191895
k_hop_1107,k_hop,stitch,arxiv,19,182,1826,True,0.2692307692307692,"[19, 29, 30, 69, 72, 74, 90, 109, 116, 117, 118, 134, 136, 137, 144, 149, 150, 151, 153, 162, 165, 170, 173, 182, 184, 185]",121,0.0045928955078125,0.0002048015594482422,0.041466712951660156,False,-1.0,-1.0,-1.0,-1.0,0,0,7.255672216415405,7.337110280990601,none,0,False,100,0.35828447341918945,10.352535963058472,2.6141438484191895
k_hop_1108,k_hop,stitch,arxiv,2,88,883,True,0.1927710843373494,"[2, 4, 5, 6, 9, 10, 11, 12, 13, 14, 15, 16, 17, 18, 20, 21, 22, 23, 24, 26, 28, 29, 32, 33, 34, 38, 40, 41, 42, 44, 45, 46, 47, 49, 50, 51, 52, 53, 54, 55, 56, 57, 58, 59, 61, 62, 63, 64, 65, 66, 67, 68, 70, 71, 72, 73, 74, 75, 76, 77, 79, 80, 82, 83, 84, 85, 86, 87, 88, 89, 90, 92, 93, 94, 95, 96, 97, 98, 99, 127, 162, 168, 172]",200,0.004419088363647461,0.0001552104949951172,0.03836226463317871,False,-1.0,-1.0,-1.0,-1.0,0,0,9.046764373779297,9.143014430999756,none,0,False,100,0.35828447341918945,10.352535963058472,2.6141438484191895
k_hop_1109,k_hop,stitch,arxiv,2,88,883,True,0.25,"[2, 5, 11, 13, 14, 16, 17, 18, 19, 23, 24, 26, 27, 28, 29, 30, 32, 33, 34, 38, 40, 42, 45, 46, 50, 51, 52, 53, 54, 55, 56, 57, 58, 59, 60, 61, 62, 63, 64, 65, 66, 67, 68, 70, 71, 72, 73, 74, 75, 76, 77, 78, 79, 80, 82, 83, 84, 85, 88, 89, 90, 91, 92, 93, 94, 95, 96, 97, 98, 99, 162, 168]",200,0.005767822265625,0.0001766681671142578,0.038422346115112305,False,-1.0,-1.0,-1.0,-1.0,0,0,9.127119779586792,9.22891116142273,none,0,False,100,0.35828447341918945,10.352535963058472,2.6141438484191895
k_hop_1110,k_hop,stitch,arxiv,68,191,1916,True,0.7647058823529411,"[68, 112, 158, 159, 162, 163, 172, 175, 176, 177, 178, 188, 189, 191, 192, 193, 195]",200,0.0043904781341552734,0.0001575946807861328,0.03731274604797363,False,-1.0,-1.0,-1.0,-1.0,0,0,7.875424146652222,7.9508397579193115,none,0,False,100,0.35828447341918945,10.352535963058472,2.6141438484191895
k_hop_1111,k_hop,stitch,arxiv,3,40,400,True,0.22916666666666666,"[3, 7, 10, 12, 23, 24, 27, 28, 29, 32, 33, 35, 40, 43, 46, 47, 48, 49, 52, 53, 55, 56, 64, 67, 70, 73, 88, 90, 95, 114, 116, 117, 119, 120, 121, 133, 135, 138, 144, 145, 147, 149, 156, 163, 188, 192, 193, 195]",187,0.0045621395111083984,0.00020241737365722656,0.03783774375915527,False,-1.0,-1.0,-1.0,-1.0,0,0,7.428264379501343,7.503238677978516,none,0,False,100,0.35828447341918945,10.352535963058472,2.6141438484191895
k_hop_1112,k_hop,stitch,arxiv,135,146,1463,True,1.0,"[135, 137, 139, 141, 142, 146, 147, 149]",138,0.0047512054443359375,0.00019550323486328125,0.04091143608093262,True,4.2572197914123535,1.0,1.0,4.293293476104736,1,1,7.5985496044158936,7.685911655426025,top-20,17920,False,100,0.35828447341918945,10.352535963058472,2.6141438484191895
k_hop_1113,k_hop,stitch,arxiv,0,2,27,True,0.5666666666666667,"[0, 1, 2, 3, 4, 5, 6, 7, 8, 12, 13, 14, 15, 16, 17, 20, 21, 22, 23, 24, 33, 47, 52, 61, 72, 81, 83, 98, 100, 127]",200,0.004675149917602539,0.00020599365234375,0.04275941848754883,False,-1.0,-1.0,-1.0,-1.0,0,0,8.902451276779175,8.987071752548218,none,0,False,100,0.35828447341918945,10.352535963058472,2.6141438484191895
k_hop_1114,k_hop,stitch,arxiv,1,88,883,True,0.17045454545454544,"[1, 2, 4, 5, 6, 9, 10, 11, 12, 13, 14, 15, 16, 17, 18, 19, 20, 21, 22, 23, 25, 26, 27, 28, 29, 32, 33, 34, 35, 38, 40, 41, 42, 44, 45, 46, 47, 48, 49, 50, 51, 55, 56, 58, 59, 60, 61, 62, 64, 65, 66, 67, 70, 71, 72, 73, 74, 75, 76, 77, 79, 80, 82, 83, 84, 85, 86, 87, 88, 89, 90, 92, 93, 94, 95, 96, 97, 98, 99, 106, 126, 127, 144, 162, 168, 172, 197, 198]",200,0.004537820816040039,0.00016570091247558594,0.03755474090576172,False,-1.0,-1.0,-1.0,-1.0,0,0,9.394267797470093,9.475710391998291,none,0,False,100,0.35828447341918945,10.352535963058472,2.6141438484191895
k_hop_1115,k_hop,stitch,arxiv,12,57,579,True,0.3958333333333333,"[12, 14, 17, 23, 33, 34, 38, 41, 52, 53, 54, 55, 56, 57, 58, 59, 60, 61, 66, 67, 68, 69, 70, 72, 74, 75, 76, 77, 78, 79, 80, 83, 84, 85, 86, 87, 88, 89, 90, 91, 92, 93, 94, 95, 96, 97, 98, 99]",200,0.008075952529907227,0.0003552436828613281,0.0708768367767334,False,-1.0,-1.0,-1.0,-1.0,0,0,9.48927617073059,9.645440816879272,none,0,False,100,0.35828447341918945,10.352535963058472,2.6141438484191895
k_hop_1116,k_hop,stitch,arxiv,10,103,1032,True,0.8823529411764706,"[10, 68, 100, 103, 104, 105, 106, 107, 108, 109, 110, 111, 112, 113, 114, 140, 141]",119,0.0046117305755615234,0.00017380714416503906,0.03870248794555664,False,-1.0,-1.0,-1.0,-1.0,0,0,6.984681844711304,7.062537670135498,none,0,False,100,0.35828447341918945,10.352535963058472,2.6141438484191895
k_hop_1117,k_hop,stitch,arxiv,3,39,394,True,0.5714285714285714,"[3, 12, 25, 34, 36, 38, 39, 40, 41, 42, 43, 44, 45, 46, 47, 48, 60, 75, 78, 79, 86, 104, 105, 107, 109, 111, 113, 155]",200,0.00506281852722168,0.00017786026000976562,0.0428311824798584,False,-1.0,-1.0,-1.0,-1.0,0,0,7.366266965866089,7.447967529296875,none,0,False,100,0.35828447341918945,10.352535963058472,2.6141438484191895
k_hop_1118,k_hop,stitch,arxiv,5,111,1110,True,0.6,"[5, 20, 37, 41, 45, 49, 68, 81, 100, 101, 102, 103, 104, 106, 107, 108, 109, 110, 111, 113, 137, 140, 141, 159, 172]",200,0.004525899887084961,0.00016546249389648438,0.04220175743103027,False,-1.0,-1.0,-1.0,-1.0,0,0,7.132769584655762,7.232441425323486,none,0,False,100,0.35828447341918945,10.352535963058472,2.6141438484191895
k_hop_1119,k_hop,stitch,arxiv,1,88,883,True,0.17857142857142858,"[1, 2, 4, 5, 6, 7, 9, 10, 11, 12, 13, 14, 15, 16, 17, 18, 19, 20, 21, 22, 23, 24, 25, 26, 27, 28, 29, 32, 33, 34, 38, 40, 41, 42, 44, 45, 46, 47, 48, 49, 50, 51, 55, 56, 58, 61, 62, 66, 67, 70, 72, 73, 74, 75, 76, 77, 79, 80, 83, 84, 85, 86, 87, 88, 89, 90, 92, 93, 94, 95, 96, 97, 98, 99, 106, 126, 127, 144, 162, 164, 168, 172, 197, 198]",200,0.004748344421386719,0.0001647472381591797,0.03847479820251465,False,-1.0,-1.0,-1.0,-1.0,0,0,8.863874197006226,8.950232028961182,none,0,False,100,0.35828447341918945,10.352535963058472,2.6141438484191895
k_hop_1120,k_hop,stitch,arxiv,0,8,81,True,0.3103448275862069,"[0, 1, 2, 3, 4, 5, 6, 7, 8, 9, 10, 11, 12, 13, 14, 15, 17, 18, 20, 21, 22, 23, 24, 31, 32, 33, 34, 41, 44, 45, 46, 49, 51, 52, 53, 56, 62, 64, 65, 66, 67, 69, 72, 81, 82, 84, 86, 90, 93, 98, 106, 125, 126, 127, 128, 134, 164, 196]",200,0.004561424255371094,0.00016760826110839844,0.037401437759399414,False,-1.0,-1.0,-1.0,-1.0,0,0,8.117817878723145,8.192100286483765,none,0,False,100,0.35828447341918945,10.352535963058472,2.6141438484191895
k_hop_1121,k_hop,stitch,arxiv,10,185,1854,True,0.5384615384615384,"[10, 30, 41, 55, 60, 71, 82, 90, 97, 102, 106, 111, 115, 116, 117, 131, 134, 147, 149, 171, 176, 181, 182, 183, 185, 186]",200,0.0047686100006103516,0.00017309188842773438,0.037981510162353516,False,-1.0,-1.0,-1.0,-1.0,0,0,7.145373821258545,7.233046054840088,none,0,False,100,0.35828447341918945,10.352535963058472,2.6141438484191895
k_hop_1122,k_hop,stitch,arxiv,5,97,973,True,0.2857142857142857,"[5, 13, 14, 16, 17, 24, 26, 27, 29, 30, 32, 34, 38, 40, 42, 50, 51, 52, 53, 54, 55, 56, 57, 58, 59, 60, 61, 62, 63, 64, 65, 66, 68, 69, 70, 71, 72, 73, 74, 75, 76, 77, 79, 80, 82, 83, 84, 85, 86, 87, 88, 89, 90, 91, 92, 93, 94, 96, 97, 98, 99, 162, 168]",200,0.00603032112121582,0.0002071857452392578,0.03932332992553711,False,-1.0,-1.0,-1.0,-1.0,0,0,9.21297550201416,9.332640171051025,none,0,False,100,0.35828447341918945,10.352535963058472,2.6141438484191895
k_hop_1123,k_hop,stitch,arxiv,3,113,1137,True,0.5384615384615384,"[3, 12, 20, 25, 37, 39, 40, 41, 43, 44, 45, 47, 48, 60, 72, 87, 105, 111, 112, 113, 114, 123, 124, 134, 162, 184]",200,0.005056858062744141,0.00023031234741210938,0.04656982421875,False,-1.0,-1.0,-1.0,-1.0,0,0,6.986170768737793,7.085720777511597,none,0,False,100,0.35828447341918945,10.352535963058472,2.6141438484191895
k_hop_1124,k_hop,stitch,arxiv,5,51,512,True,0.3225806451612903,"[5, 10, 11, 12, 13, 14, 17, 22, 23, 28, 29, 36, 38, 42, 46, 50, 51, 52, 53, 54, 55, 56, 57, 58, 59, 60, 61, 62, 63, 64, 65, 66, 67, 68, 69, 70, 71, 72, 73, 74, 75, 76, 77, 78, 79, 80, 83, 84, 85, 86, 87, 88, 89, 90, 92, 93, 95, 96, 97, 98, 99, 164]",200,0.004551887512207031,0.00018358230590820312,0.038285255432128906,False,-1.0,-1.0,-1.0,-1.0,0,0,9.713711977005005,9.811984300613403,none,0,False,100,0.35828447341918945,10.352535963058472,2.6141438484191895
k_hop_1125,k_hop,stitch,arxiv,0,35,358,True,0.2,"[0, 1, 2, 3, 4, 7, 8, 9, 10, 12, 13, 15, 16, 17, 20, 21, 23, 30, 31, 32, 33, 35, 36, 37, 43, 48, 52, 53, 54, 56, 59, 60, 61, 67, 68, 73, 77, 79, 81, 86, 91, 92, 94, 98, 100, 115, 117, 120, 122, 124]",200,0.004530191421508789,0.00017952919006347656,0.038240909576416016,False,-1.0,-1.0,-1.0,-1.0,0,0,7.778692007064819,7.856312990188599,none,0,False,100,0.35828447341918945,10.352535963058472,2.6141438484191895
k_hop_1126,k_hop,stitch,arxiv,0,11,117,True,0.21428571428571427,"[0, 1, 2, 3, 4, 5, 6, 7, 8, 9, 10, 11, 12, 13, 14, 15, 16, 17, 18, 19, 20, 21, 22, 23, 24, 26, 28, 31, 32, 33, 34, 36, 40, 51, 53, 54, 55, 56, 60, 61, 62, 63, 65, 66, 67, 70, 74, 79, 82, 86, 89, 90, 92, 93, 97, 98, 117, 126, 127, 128, 132, 143, 144, 145, 159, 169, 189, 197, 198, 199]",200,0.004716634750366211,0.0001628398895263672,0.03834819793701172,False,-1.0,-1.0,-1.0,-1.0,0,0,8.607559442520142,8.688246726989746,none,0,False,100,0.35828447341918945,10.352535963058472,2.6141438484191895
k_hop_1127,k_hop,stitch,arxiv,103,107,1073,True,0.5,"[103, 107, 112, 115, 121, 136, 137, 139, 141, 142, 146, 147]",141,0.00476384162902832,0.00016689300537109375,0.03896689414978027,False,-1.0,-1.0,-1.0,-1.0,0,0,7.50714373588562,7.586788654327393,none,0,False,100,0.35828447341918945,10.352535963058472,2.6141438484191895
k_hop_1128,k_hop,stitch,arxiv,3,92,929,True,0.2708333333333333,"[3, 5, 13, 14, 16, 17, 22, 26, 29, 32, 46, 50, 52, 53, 54, 55, 56, 58, 61, 62, 63, 64, 66, 68, 70, 72, 73, 74, 76, 77, 78, 80, 81, 82, 83, 84, 90, 91, 92, 93, 94, 96, 97, 98, 99, 117, 119, 198]",200,0.004509925842285156,0.0001609325408935547,0.04099082946777344,False,-1.0,-1.0,-1.0,-1.0,0,0,8.938370704650879,9.11037802696228,none,0,False,100,0.35828447341918945,10.352535963058472,2.6141438484191895
k_hop_1129,k_hop,stitch,arxiv,3,104,1049,True,0.36585365853658536,"[3, 4, 5, 10, 12, 13, 15, 25, 31, 33, 35, 36, 37, 41, 43, 44, 45, 48, 60, 66, 85, 93, 94, 98, 100, 103, 104, 105, 110, 112, 113, 114, 115, 117, 123, 125, 141, 143, 181, 185, 198]",200,0.005324840545654297,0.00021409988403320312,0.04239487648010254,False,-1.0,-1.0,-1.0,-1.0,0,0,8.482219457626343,8.560991525650024,none,0,False,100,0.35828447341918945,10.352535963058472,2.6141438484191895
k_hop_1130,k_hop,stitch,arxiv,1,88,883,True,0.16279069767441862,"[1, 2, 4, 5, 6, 9, 10, 11, 12, 13, 14, 15, 16, 17, 18, 19, 20, 21, 22, 23, 24, 25, 26, 28, 29, 32, 33, 34, 38, 40, 41, 42, 44, 45, 46, 47, 48, 49, 50, 51, 52, 53, 55, 56, 57, 58, 59, 61, 62, 63, 66, 67, 69, 70, 72, 73, 74, 75, 76, 77, 79, 80, 83, 84, 85, 86, 87, 88, 89, 92, 93, 94, 95, 96, 97, 98, 99, 106, 126, 127, 144, 162, 168, 172, 197, 198]",200,0.004600048065185547,0.00016689300537109375,0.03788447380065918,False,-1.0,-1.0,-1.0,-1.0,0,0,9.133439064025879,9.215815305709839,none,0,False,100,0.35828447341918945,10.352535963058472,2.6141438484191895
k_hop_1131,k_hop,stitch,arxiv,0,6,61,True,0.23076923076923078,"[0, 1, 2, 3, 4, 6, 7, 8, 9, 11, 12, 13, 14, 15, 17, 18, 19, 21, 22, 25, 26, 28, 30, 31, 32, 33, 34, 36, 37, 40, 52, 56, 57, 58, 62, 64, 69, 70, 71, 72, 73, 74, 76, 82, 86, 87, 92, 93, 97, 106, 115, 116, 120, 126, 127, 134, 144, 145, 149, 171, 179, 183, 195, 196, 198]",200,0.005316495895385742,0.00019049644470214844,0.0416254997253418,False,-1.0,-1.0,-1.0,-1.0,0,0,8.116334199905396,8.214194059371948,none,0,False,100,0.35828447341918945,10.352535963058472,2.6141438484191895
k_hop_1132,k_hop,stitch,arxiv,2,140,1400,True,0.4117647058823529,"[2, 25, 31, 32, 33, 37, 59, 64, 75, 77, 85, 100, 104, 105, 106, 108, 109, 112, 123, 128, 131, 133, 134, 137, 138, 139, 140, 144, 148, 176, 178, 179, 190, 197]",156,0.005064249038696289,0.00026798248291015625,0.04995536804199219,False,-1.0,-1.0,-1.0,-1.0,0,0,7.7485973834991455,7.8606953620910645,none,0,False,100,0.35828447341918945,10.352535963058472,2.6141438484191895
k_hop_1133,k_hop,stitch,arxiv,15,110,1103,True,0.3076923076923077,"[15, 34, 41, 47, 81, 109, 110, 111, 116, 118, 121, 147, 183]",143,0.0052411556243896484,0.00022530555725097656,0.03854537010192871,False,-1.0,-1.0,-1.0,-1.0,0,0,7.499673366546631,7.577826261520386,none,0,False,100,0.35828447341918945,10.352535963058472,2.6141438484191895
k_hop_1134,k_hop,stitch,arxiv,1,88,883,True,0.1744186046511628,"[1, 2, 4, 5, 6, 9, 10, 11, 12, 13, 14, 15, 16, 17, 18, 19, 20, 21, 22, 23, 24, 25, 26, 28, 29, 32, 33, 34, 38, 40, 41, 42, 44, 45, 46, 47, 48, 49, 50, 51, 52, 53, 54, 55, 56, 57, 58, 59, 61, 62, 63, 66, 67, 70, 72, 73, 74, 75, 76, 77, 79, 80, 83, 84, 85, 86, 87, 88, 89, 92, 93, 94, 95, 96, 97, 98, 99, 106, 126, 127, 144, 162, 168, 172, 197, 198]",200,0.004705667495727539,0.0001678466796875,0.038240909576416016,False,-1.0,-1.0,-1.0,-1.0,0,0,9.019854068756104,9.102262735366821,none,0,False,100,0.35828447341918945,10.352535963058472,2.6141438484191895
k_hop_1135,k_hop,stitch,arxiv,2,83,830,True,0.19718309859154928,"[2, 5, 11, 13, 14, 16, 17, 18, 24, 26, 27, 28, 29, 30, 32, 33, 34, 38, 40, 42, 46, 48, 49, 50, 51, 52, 53, 54, 55, 56, 57, 58, 59, 61, 62, 63, 64, 65, 66, 68, 70, 71, 72, 73, 74, 75, 76, 77, 79, 80, 82, 83, 84, 85, 87, 88, 89, 90, 91, 92, 93, 94, 95, 96, 97, 98, 99, 162, 168, 172, 193]",200,0.005174875259399414,0.00016069412231445312,0.03744673728942871,False,-1.0,-1.0,-1.0,-1.0,0,0,8.932501316070557,9.075481653213501,none,0,False,100,0.35828447341918945,10.352535963058472,2.6141438484191895
k_hop_1136,k_hop,stitch,arxiv,35,123,1232,True,0.5454545454545454,"[35, 43, 64, 97, 109, 110, 113, 115, 116, 118, 119, 120, 121, 122, 123, 125, 126, 127, 143, 148, 168, 196]",200,0.006917238235473633,0.00018095970153808594,0.03767728805541992,False,-1.0,-1.0,-1.0,-1.0,0,0,7.39256739616394,7.471534013748169,none,0,False,100,0.35828447341918945,10.352535963058472,2.6141438484191895
k_hop_1137,k_hop,stitch,arxiv,39,192,1929,True,0.5652173913043478,"[39, 40, 52, 70, 90, 112, 116, 124, 156, 159, 160, 165, 168, 172, 175, 177, 185, 188, 189, 191, 192, 193, 195]",200,0.004813671112060547,0.00016236305236816406,0.03985404968261719,False,-1.0,-1.0,-1.0,-1.0,0,0,7.554574966430664,7.6452317237854,none,0,False,100,0.35828447341918945,10.352535963058472,2.6141438484191895
k_hop_1138,k_hop,stitch,arxiv,12,155,1551,True,0.375,"[12, 45, 107, 112, 116, 120, 121, 122, 133, 140, 141, 142, 145, 147, 151, 152, 153, 155, 156, 158, 160, 162, 163, 164, 165, 168, 169, 170, 171, 173, 176, 187]",200,0.005342245101928711,0.00021123886108398438,0.04093170166015625,False,-1.0,-1.0,-1.0,-1.0,0,0,8.073328495025635,8.171736240386963,none,0,False,100,0.35828447341918945,10.352535963058472,2.6141438484191895
k_hop_1139,k_hop,stitch,arxiv,25,111,1114,True,0.6,"[25, 33, 37, 43, 44, 48, 81, 85, 101, 102, 106, 107, 108, 109, 110, 111, 113, 117, 134, 141]",200,0.004480123519897461,0.00018453598022460938,0.03783059120178223,False,-1.0,-1.0,-1.0,-1.0,0,0,7.252273082733154,7.3219380378723145,none,0,False,100,0.35828447341918945,10.352535963058472,2.6141438484191895
k_hop_1140,k_hop,stitch,arxiv,2,88,883,True,0.25,"[2, 5, 11, 13, 14, 16, 17, 18, 24, 26, 27, 28, 29, 30, 32, 33, 38, 40, 42, 45, 46, 50, 51, 52, 53, 54, 55, 56, 57, 58, 59, 60, 61, 62, 63, 64, 65, 66, 67, 68, 70, 71, 72, 73, 74, 75, 76, 77, 79, 80, 82, 83, 84, 85, 88, 89, 90, 91, 92, 94, 95, 96, 97, 98, 99, 162, 164, 168]",200,0.004541635513305664,0.00017023086547851562,0.03725266456604004,False,-1.0,-1.0,-1.0,-1.0,0,0,9.30798864364624,9.395413637161255,none,0,False,100,0.35828447341918945,10.352535963058472,2.6141438484191895
k_hop_1141,k_hop,stitch,arxiv,71,119,1191,True,0.8571428571428571,"[71, 90, 118, 119, 138, 139, 146]",50,0.004510402679443359,0.00017333030700683594,0.037404775619506836,False,-1.0,-1.0,-1.0,-1.0,0,0,7.49357271194458,7.5644612312316895,none,0,False,100,0.35828447341918945,10.352535963058472,2.6141438484191895
k_hop_1142,k_hop,stitch,arxiv,0,126,1260,True,0.2830188679245283,"[0, 1, 3, 6, 7, 8, 9, 10, 11, 12, 13, 14, 17, 21, 25, 26, 28, 31, 32, 33, 34, 35, 36, 43, 56, 57, 58, 69, 73, 84, 86, 87, 90, 93, 95, 97, 98, 120, 125, 126, 127, 128, 129, 131, 132, 133, 134, 144, 145, 173, 179, 196, 198]",200,0.00495147705078125,0.0001761913299560547,0.03787732124328613,False,-1.0,-1.0,-1.0,-1.0,0,0,7.662237882614136,7.744099140167236,none,0,False,100,0.35828447341918945,10.352535963058472,2.6141438484191895
k_hop_1143,k_hop,stitch,arxiv,0,132,1321,True,0.4666666666666667,"[0, 6, 24, 26, 28, 29, 31, 32, 33, 35, 115, 116, 118, 124, 126, 127, 132, 133, 143, 144, 145, 146, 147, 148, 149, 193, 196, 197, 198, 199]",200,0.006521940231323242,0.00016689300537109375,0.0426180362701416,False,-1.0,-1.0,-1.0,-1.0,0,0,7.956915855407715,8.05421495437622,none,0,False,100,0.35828447341918945,10.352535963058472,2.6141438484191895
k_hop_1144,k_hop,stitch,arxiv,3,12,120,False,0.75,"[3, 20, 22, 114]",22,0.005984783172607422,0.00017189979553222656,0.03910565376281738,False,-1.0,-1.0,-1.0,-1.0,0,0,7.814232349395752,7.917779207229614,none,0,False,100,0.35828447341918945,10.352535963058472,2.6141438484191895
k_hop_1145,k_hop,stitch,arxiv,103,110,1103,True,0.875,"[103, 106, 107, 108, 109, 110, 111, 141]",129,0.0047969818115234375,0.0001647472381591797,0.041021108627319336,False,-1.0,-1.0,-1.0,-1.0,0,0,7.724165678024292,7.808284282684326,none,0,False,100,0.35828447341918945,10.352535963058472,2.6141438484191895
k_hop_1146,k_hop,stitch,arxiv,1,88,883,True,0.18292682926829268,"[1, 2, 4, 5, 6, 9, 10, 11, 12, 13, 14, 15, 16, 17, 18, 19, 20, 21, 22, 23, 25, 26, 28, 29, 32, 33, 34, 38, 40, 41, 42, 44, 45, 46, 47, 48, 49, 50, 51, 54, 55, 56, 57, 58, 59, 61, 62, 63, 64, 66, 67, 70, 72, 73, 74, 75, 76, 77, 79, 80, 83, 84, 85, 86, 87, 88, 89, 92, 93, 95, 96, 97, 98, 99, 106, 126, 127, 144, 162, 168, 172, 197]",200,0.005519390106201172,0.0017244815826416016,0.0409853458404541,False,-1.0,-1.0,-1.0,-1.0,0,0,9.024559020996094,9.122908115386963,none,0,False,100,0.35828447341918945,10.352535963058472,2.6141438484191895
k_hop_1147,k_hop,stitch,arxiv,0,8,81,True,0.3,"[0, 1, 2, 3, 4, 5, 6, 7, 8, 9, 10, 11, 12, 13, 14, 15, 17, 18, 19, 20, 21, 22, 23, 24, 27, 31, 32, 33, 34, 41, 44, 45, 46, 52, 53, 56, 60, 62, 64, 65, 66, 67, 69, 72, 81, 82, 84, 86, 90, 93, 96, 98, 106, 125, 127, 128, 156, 164, 179, 196]",200,0.0047283172607421875,0.0001621246337890625,0.03991532325744629,False,-1.0,-1.0,-1.0,-1.0,0,0,9.019385814666748,9.09962248802185,none,0,False,100,0.35828447341918945,10.352535963058472,2.6141438484191895
k_hop_1148,k_hop,stitch,arxiv,156,156,1561,True,1.0,[156],123,0.005158185958862305,0.0001926422119140625,0.04010200500488281,True,0.04966092109680176,1.0,1.0,0.052306175231933594,1,1,0.18920660018920898,0.2401289939880371,top-1,827,False,100,0.35828447341918945,10.352535963058472,2.6141438484191895
k_hop_1149,k_hop,stitch,arxiv,94,186,1867,True,0.7777777777777778,"[94, 105, 115, 116, 117, 149, 182, 185, 186]",74,0.004945039749145508,0.00023221969604492188,0.04179096221923828,False,-1.0,-1.0,-1.0,-1.0,0,0,7.169780969619751,7.2650628089904785,none,0,False,100,0.35828447341918945,10.352535963058472,2.6141438484191895
k_hop_1150,k_hop,stitch,arxiv,28,153,1536,True,0.27586206896551724,"[28, 38, 43, 45, 73, 81, 82, 83, 96, 116, 118, 120, 122, 124, 128, 133, 136, 151, 153, 156, 157, 159, 164, 166, 181, 184, 187, 197, 199]",121,0.006175994873046875,0.000202178955078125,0.044158935546875,False,-1.0,-1.0,-1.0,-1.0,0,0,6.972010135650635,7.051616668701172,none,0,False,100,0.35828447341918945,10.352535963058472,2.6141438484191895
k_hop_1151,k_hop,stitch,arxiv,3,105,1059,True,0.29411764705882354,"[3, 10, 12, 13, 14, 16, 17, 27, 36, 37, 40, 41, 42, 44, 46, 47, 48, 55, 58, 62, 70, 73, 74, 75, 83, 85, 93, 94, 95, 104, 105, 110, 113, 128]",132,0.005136013031005859,0.000171661376953125,0.0390775203704834,False,-1.0,-1.0,-1.0,-1.0,0,0,7.035680294036865,7.109453439712524,none,0,False,100,0.35828447341918945,10.352535963058472,2.6141438484191895
k_hop_1152,k_hop,stitch,arxiv,2,71,710,True,0.22388059701492538,"[2, 4, 8, 11, 14, 15, 20, 23, 25, 26, 29, 30, 31, 32, 34, 36, 39, 41, 44, 45, 48, 49, 50, 52, 53, 54, 55, 56, 58, 59, 70, 71, 72, 73, 74, 82, 84, 85, 90, 93, 95, 96, 97, 98, 105, 106, 109, 111, 112, 115, 117, 119, 131, 132, 133, 134, 139, 140, 144, 149, 150, 176, 177, 179, 185, 186, 191]",200,0.005555152893066406,0.00019884109497070312,0.04036116600036621,False,-1.0,-1.0,-1.0,-1.0,0,0,7.227956056594849,7.341055631637573,none,0,False,100,0.35828447341918945,10.352535963058472,2.6141438484191895
k_hop_1153,k_hop,stitch,arxiv,5,46,461,True,0.25806451612903225,"[5, 6, 8, 9, 11, 12, 13, 14, 17, 19, 23, 24, 27, 28, 32, 34, 38, 39, 40, 41, 42, 43, 44, 45, 46, 47, 48, 49, 51, 52, 53, 54, 56, 57, 58, 59, 61, 62, 63, 64, 66, 67, 69, 70, 72, 73, 74, 76, 77, 78, 80, 82, 83, 84, 85, 86, 90, 93, 94, 98, 99, 198]",200,0.004389762878417969,0.000232696533203125,0.03893852233886719,False,-1.0,-1.0,-1.0,-1.0,0,0,8.704850196838379,8.82391357421875,none,0,False,100,0.35828447341918945,10.352535963058472,2.6141438484191895
k_hop_1154,k_hop,stitch,arxiv,0,54,547,True,0.3076923076923077,"[0, 1, 7, 11, 16, 17, 21, 23, 27, 28, 29, 32, 33, 34, 38, 40, 42, 46, 48, 49, 50, 51, 52, 53, 54, 55, 56, 57, 58, 59, 60, 61, 63, 64, 65, 66, 67, 68, 69, 70, 72, 74, 75, 76, 77, 79, 80, 83, 84, 85, 86, 87, 88, 89, 90, 91, 92, 93, 94, 95, 96, 97, 98, 99, 172]",200,0.004819631576538086,0.00016689300537109375,0.03865933418273926,False,-1.0,-1.0,-1.0,-1.0,0,0,8.831436157226562,8.938774108886719,none,0,False,100,0.35828447341918945,10.352535963058472,2.6141438484191895
k_hop_1155,k_hop,stitch,arxiv,32,171,1711,True,0.5925925925925926,"[32, 34, 150, 151, 152, 154, 155, 157, 158, 159, 162, 163, 164, 165, 166, 167, 168, 169, 170, 171, 172, 173, 174, 176, 191, 193, 197]",200,0.004704952239990234,0.0002200603485107422,0.03879117965698242,False,-1.0,-1.0,-1.0,-1.0,0,0,7.939172744750977,8.0527663230896,none,0,False,100,0.35828447341918945,10.352535963058472,2.6141438484191895
k_hop_1156,k_hop,stitch,arxiv,0,23,231,True,0.22727272727272727,"[0, 2, 3, 5, 7, 9, 10, 12, 13, 14, 15, 16, 17, 18, 19, 20, 21, 22, 23, 24, 25, 26, 30, 32, 33, 34, 36, 38, 40, 41, 42, 43, 44, 45, 46, 47, 48, 49, 52, 53, 54, 55, 61, 62, 66, 70, 72, 73, 74, 75, 80, 82, 83, 84, 86, 90, 93, 94, 98, 115, 118, 133, 164, 167, 185, 194]",200,0.004857301712036133,0.00026535987854003906,0.04062080383300781,False,-1.0,-1.0,-1.0,-1.0,0,0,9.10770034790039,9.237713098526001,none,0,False,100,0.35828447341918945,10.352535963058472,2.6141438484191895
k_hop_1157,k_hop,stitch,arxiv,10,104,1049,True,0.631578947368421,"[10, 13, 17, 34, 41, 44, 55, 81, 100, 103, 104, 105, 111, 112, 113, 114, 115, 140, 141]",134,0.004904747009277344,0.00022029876708984375,0.03864717483520508,False,-1.0,-1.0,-1.0,-1.0,0,0,7.644374132156372,7.724124431610107,none,0,False,100,0.35828447341918945,10.352535963058472,2.6141438484191895
k_hop_1158,k_hop,stitch,arxiv,1,88,883,True,0.17777777777777778,"[1, 2, 4, 5, 6, 9, 10, 11, 12, 13, 14, 15, 16, 17, 18, 19, 20, 21, 22, 23, 25, 26, 28, 29, 30, 32, 33, 34, 38, 40, 41, 42, 44, 45, 46, 47, 48, 49, 50, 51, 55, 56, 58, 61, 62, 66, 67, 70, 72, 73, 74, 75, 76, 77, 79, 80, 83, 84, 85, 86, 87, 88, 89, 92, 93, 95, 96, 97, 98, 99, 106, 124, 126, 127, 144, 154, 162, 163, 165, 167, 168, 169, 170, 171, 172, 173, 174, 193, 194, 197]",200,0.004756927490234375,0.00017547607421875,0.03853607177734375,False,-1.0,-1.0,-1.0,-1.0,0,0,8.597750186920166,8.689027070999146,none,0,False,100,0.35828447341918945,10.352535963058472,2.6141438484191895
k_hop_1159,k_hop,stitch,arxiv,17,101,1011,True,0.7272727272727273,"[17, 25, 34, 101, 102, 103, 104, 106, 107, 109, 140]",153,0.004767179489135742,0.00019025802612304688,0.03822803497314453,False,-1.0,-1.0,-1.0,-1.0,0,0,7.133865833282471,7.213502883911133,none,0,False,100,0.35828447341918945,10.352535963058472,2.6141438484191895
k_hop_1160,k_hop,stitch,arxiv,11,198,1983,True,0.358974358974359,"[11, 17, 18, 28, 50, 51, 53, 56, 64, 65, 68, 70, 72, 73, 79, 80, 86, 87, 88, 90, 92, 93, 94, 95, 116, 132, 143, 144, 145, 149, 157, 158, 181, 194, 195, 196, 197, 198, 199]",200,0.004590034484863281,0.00017380714416503906,0.03819155693054199,False,-1.0,-1.0,-1.0,-1.0,0,0,8.00711703300476,8.087204694747925,none,0,False,100,0.35828447341918945,10.352535963058472,2.6141438484191895
k_hop_1161,k_hop,stitch,arxiv,1,72,721,True,0.3191489361702128,"[1, 3, 5, 16, 17, 21, 22, 23, 27, 29, 30, 34, 42, 44, 46, 48, 49, 52, 53, 54, 55, 56, 58, 59, 61, 62, 63, 64, 69, 70, 71, 72, 73, 74, 78, 81, 84, 87, 89, 93, 97, 98, 141, 151, 186, 191, 195]",200,0.010484933853149414,0.00043582916259765625,0.0410764217376709,False,-1.0,-1.0,-1.0,-1.0,0,0,8.618601083755493,8.721383810043335,none,0,False,100,0.35828447341918945,10.352535963058472,2.6141438484191895
k_hop_1162,k_hop,stitch,arxiv,1,88,883,True,0.15217391304347827,"[1, 2, 4, 5, 6, 9, 10, 11, 12, 13, 14, 15, 16, 17, 18, 19, 20, 21, 22, 23, 24, 25, 26, 28, 29, 32, 33, 34, 38, 40, 41, 42, 44, 45, 46, 47, 48, 49, 50, 51, 52, 55, 56, 58, 59, 61, 62, 64, 65, 66, 67, 70, 71, 72, 73, 74, 75, 76, 77, 79, 80, 82, 83, 84, 85, 86, 87, 88, 89, 92, 93, 94, 95, 96, 97, 98, 99, 100, 104, 105, 106, 123, 126, 127, 141, 144, 162, 168, 172, 176, 197, 198]",200,0.009045839309692383,0.0002377033233642578,0.04422760009765625,False,-1.0,-1.0,-1.0,-1.0,0,0,8.852935791015625,8.96813154220581,none,0,False,100,0.35828447341918945,10.352535963058472,2.6141438484191895
k_hop_1163,k_hop,stitch,arxiv,1,88,883,True,0.17857142857142858,"[1, 2, 4, 5, 6, 9, 10, 11, 12, 13, 14, 15, 16, 17, 18, 19, 20, 21, 22, 23, 25, 26, 28, 29, 32, 33, 34, 38, 39, 40, 41, 42, 44, 45, 46, 47, 48, 49, 50, 51, 52, 53, 55, 56, 57, 58, 59, 61, 62, 66, 67, 70, 72, 73, 74, 75, 76, 77, 79, 80, 83, 84, 85, 86, 87, 88, 89, 92, 93, 94, 95, 96, 97, 98, 99, 106, 126, 127, 144, 162, 168, 172, 197, 198]",200,0.0046482086181640625,0.00015616416931152344,0.03843498229980469,False,-1.0,-1.0,-1.0,-1.0,0,0,9.825839042663574,9.914694547653198,none,0,False,100,0.35828447341918945,10.352535963058472,2.6141438484191895
k_hop_1164,k_hop,stitch,arxiv,12,54,542,True,0.2711864406779661,"[12, 13, 14, 21, 27, 29, 30, 34, 36, 42, 49, 50, 51, 52, 53, 54, 55, 56, 57, 58, 59, 60, 61, 62, 63, 64, 65, 66, 67, 68, 69, 70, 72, 73, 74, 75, 76, 77, 78, 79, 80, 82, 83, 84, 85, 86, 88, 89, 90, 91, 92, 93, 94, 96, 97, 98, 99, 168, 176]",200,0.004679441452026367,0.0002009868621826172,0.03843092918395996,False,-1.0,-1.0,-1.0,-1.0,0,0,9.846546411514282,9.961297988891602,none,0,False,100,0.35828447341918945,10.352535963058472,2.6141438484191895
k_hop_1165,k_hop,stitch,arxiv,0,127,1275,True,0.46875,"[0, 1, 2, 3, 5, 6, 7, 9, 10, 11, 12, 17, 23, 25, 31, 34, 35, 62, 118, 125, 126, 127, 128, 130, 132, 133, 134, 144, 153, 180, 186, 196]",200,0.004438877105712891,0.00016689300537109375,0.038316965103149414,False,-1.0,-1.0,-1.0,-1.0,0,0,7.810261249542236,7.896255731582642,none,0,False,100,0.35828447341918945,10.352535963058472,2.6141438484191895
k_hop_1166,k_hop,stitch,arxiv,1,11,117,True,0.2,"[1, 2, 3, 6, 7, 8, 9, 10, 11, 12, 13, 14, 15, 17, 18, 19, 20, 23, 26, 27, 28, 30, 31, 32, 33, 34, 37, 39, 40, 41, 42, 44, 47, 49, 51, 52, 55, 56, 57, 58, 60, 61, 62, 64, 65, 66, 68, 69, 70, 73, 74, 75, 76, 77, 80, 81, 82, 84, 85, 86, 88, 90, 91, 92, 93, 94, 95, 96, 97, 98, 103, 117, 124, 127, 148, 151, 154, 156, 162, 198]",200,0.004991292953491211,0.00016736984252929688,0.03862452507019043,False,-1.0,-1.0,-1.0,-1.0,0,0,8.955222368240356,9.048036336898804,none,0,False,100,0.35828447341918945,10.352535963058472,2.6141438484191895
k_hop_1167,k_hop,stitch,arxiv,17,155,1553,True,0.5333333333333333,"[17, 135, 151, 153, 155, 156, 157, 160, 161, 162, 164, 166, 167, 176, 183]",200,0.004800081253051758,0.00016188621520996094,0.03848385810852051,False,-1.0,-1.0,-1.0,-1.0,0,0,7.613537311553955,7.706382751464844,none,0,False,100,0.35828447341918945,10.352535963058472,2.6141438484191895
k_hop_1168,k_hop,stitch,arxiv,16,89,897,True,0.42424242424242425,"[16, 22, 25, 29, 50, 54, 55, 56, 57, 61, 69, 70, 73, 74, 79, 82, 86, 87, 88, 89, 92, 95, 97, 98, 99, 162, 193, 194, 195, 196, 197, 198, 199]",200,0.005094051361083984,0.00022459030151367188,0.03991508483886719,False,-1.0,-1.0,-1.0,-1.0,0,0,8.217885732650757,8.324303150177002,none,0,False,100,0.35828447341918945,10.352535963058472,2.6141438484191895
k_hop_1169,k_hop,stitch,arxiv,1,97,973,True,0.2077922077922078,"[1, 2, 4, 5, 6, 7, 8, 9, 11, 12, 13, 14, 16, 17, 18, 19, 20, 21, 22, 23, 24, 26, 27, 28, 29, 30, 31, 32, 33, 36, 38, 40, 42, 45, 46, 50, 51, 52, 54, 56, 57, 58, 59, 60, 61, 62, 63, 64, 65, 70, 71, 72, 73, 75, 76, 77, 78, 79, 82, 83, 84, 85, 87, 88, 89, 90, 91, 92, 94, 95, 96, 97, 98, 99, 127, 162, 164]",200,0.005181550979614258,0.0002238750457763672,0.03765153884887695,False,-1.0,-1.0,-1.0,-1.0,0,0,9.701160430908203,9.814271926879883,none,0,False,100,0.35828447341918945,10.352535963058472,2.6141438484191895
k_hop_1170,k_hop,stitch,arxiv,1,79,799,True,0.17857142857142858,"[1, 2, 4, 5, 6, 7, 8, 9, 10, 11, 12, 13, 14, 15, 16, 17, 18, 19, 20, 21, 22, 23, 24, 25, 26, 27, 28, 29, 31, 32, 33, 34, 38, 40, 41, 42, 44, 45, 46, 47, 48, 49, 50, 51, 55, 56, 58, 61, 62, 66, 67, 70, 72, 73, 74, 75, 76, 77, 79, 80, 83, 84, 85, 86, 87, 88, 89, 92, 93, 94, 95, 96, 97, 98, 99, 106, 126, 127, 144, 162, 168, 172, 197, 198]",200,0.004555225372314453,0.00015282630920410156,0.03780078887939453,False,-1.0,-1.0,-1.0,-1.0,0,0,8.70800495147705,8.784932136535645,none,0,False,100,0.35828447341918945,10.352535963058472,2.6141438484191895
k_hop_1171,k_hop,stitch,arxiv,9,129,1292,True,0.375,"[9, 31, 34, 36, 53, 128, 129, 130]",200,0.0045948028564453125,0.00017380714416503906,0.038825273513793945,False,-1.0,-1.0,-1.0,-1.0,0,0,7.409854173660278,7.48741888999939,none,0,False,100,0.35828447341918945,10.352535963058472,2.6141438484191895
k_hop_1172,k_hop,stitch,arxiv,1,14,144,True,0.18666666666666668,"[1, 2, 3, 4, 5, 6, 7, 8, 9, 10, 11, 13, 14, 17, 19, 20, 21, 22, 23, 24, 25, 26, 28, 29, 31, 32, 33, 34, 36, 38, 45, 46, 50, 51, 52, 53, 54, 55, 56, 58, 59, 61, 62, 63, 64, 65, 66, 68, 69, 70, 71, 72, 73, 75, 80, 82, 83, 84, 85, 86, 87, 88, 89, 90, 92, 93, 95, 96, 97, 98, 99, 127, 143, 144, 164]",200,0.005217313766479492,0.00022482872009277344,0.0410459041595459,False,-1.0,-1.0,-1.0,-1.0,0,0,8.533632040023804,8.639916896820068,none,0,False,100,0.35828447341918945,10.352535963058472,2.6141438484191895
k_hop_1173,k_hop,stitch,arxiv,13,103,1031,False,0.36363636363636365,"[13, 27, 104, 106, 114, 140, 147, 176, 179, 181, 186]",40,0.004360198974609375,0.00015735626220703125,0.03862261772155762,False,-1.0,-1.0,-1.0,-1.0,0,0,7.197076797485352,7.26738166809082,none,0,False,100,0.35828447341918945,10.352535963058472,2.6141438484191895
k_hop_1174,k_hop,stitch,arxiv,6,144,1446,True,0.3611111111111111,"[6, 7, 8, 24, 29, 35, 40, 47, 71, 73, 85, 86, 95, 97, 115, 117, 119, 120, 126, 127, 131, 132, 133, 134, 135, 137, 141, 144, 146, 147, 149, 151, 161, 188, 189, 197]",200,0.004422903060913086,0.00015735626220703125,0.037744998931884766,False,-1.0,-1.0,-1.0,-1.0,0,0,7.447227954864502,7.519951343536377,none,0,False,100,0.35828447341918945,10.352535963058472,2.6141438484191895
k_hop_1175,k_hop,stitch,arxiv,30,134,1349,True,0.4444444444444444,"[30, 41, 74, 105, 108, 119, 121, 132, 133, 134, 135, 136, 144, 146, 147, 148, 149, 158]",200,0.004445314407348633,0.00016760826110839844,0.03728938102722168,False,-1.0,-1.0,-1.0,-1.0,0,0,7.944356203079224,8.013699769973755,none,0,False,100,0.35828447341918945,10.352535963058472,2.6141438484191895
k_hop_1176,k_hop,stitch,arxiv,0,88,883,True,0.15294117647058825,"[0, 1, 2, 4, 5, 6, 9, 10, 11, 12, 13, 14, 15, 16, 17, 18, 19, 20, 21, 22, 23, 24, 25, 26, 27, 28, 29, 32, 33, 34, 36, 38, 40, 41, 42, 44, 45, 46, 47, 48, 49, 50, 51, 53, 55, 56, 57, 61, 62, 66, 67, 70, 72, 73, 74, 75, 76, 77, 78, 79, 80, 83, 84, 85, 86, 87, 88, 89, 90, 92, 93, 95, 96, 97, 98, 99, 106, 126, 127, 131, 144, 162, 164, 168, 172]",200,0.004647493362426758,0.00017595291137695312,0.03931617736816406,False,-1.0,-1.0,-1.0,-1.0,0,0,8.969933032989502,9.095060586929321,none,0,False,100,0.35828447341918945,10.352535963058472,2.6141438484191895
k_hop_1177,k_hop,stitch,arxiv,39,146,1467,True,0.5555555555555556,"[39, 64, 106, 109, 111, 131, 133, 135, 137, 138, 139, 140, 142, 146, 147, 148, 149, 155]",186,0.005026578903198242,0.0002033710479736328,0.03824186325073242,False,-1.0,-1.0,-1.0,-1.0,0,0,7.639936208724976,7.725147247314453,none,0,False,100,0.35828447341918945,10.352535963058472,2.6141438484191895
k_hop_1178,k_hop,stitch,arxiv,151,174,1747,True,0.6470588235294118,"[151, 159, 160, 162, 163, 164, 165, 166, 167, 168, 169, 170, 171, 172, 173, 174, 193]",173,0.00481867790222168,0.0001609325408935547,0.037992000579833984,False,-1.0,-1.0,-1.0,-1.0,0,0,7.627864360809326,7.707402229309082,none,0,False,100,0.35828447341918945,10.352535963058472,2.6141438484191895
k_hop_1179,k_hop,stitch,arxiv,6,126,1261,True,0.5714285714285714,"[6, 7, 25, 31, 35, 42, 52, 66, 81, 96, 115, 116, 117, 118, 119, 120, 122, 123, 125, 126, 127, 128, 130, 132, 133, 147, 183, 184]",126,0.00558018684387207,0.00015616416931152344,0.0409083366394043,False,-1.0,-1.0,-1.0,-1.0,0,0,7.282037019729614,7.358507871627808,none,0,False,100,0.35828447341918945,10.352535963058472,2.6141438484191895
k_hop_1180,k_hop,stitch,arxiv,151,169,1694,True,0.7142857142857143,"[151, 154, 160, 163, 164, 166, 167, 168, 169, 170, 171, 172, 173, 174]",200,0.004683494567871094,0.00020837783813476562,0.03859853744506836,False,-1.0,-1.0,-1.0,-1.0,0,0,7.645467042922974,7.7223289012908936,none,0,False,100,0.35828447341918945,10.352535963058472,2.6141438484191895
k_hop_1181,k_hop,stitch,arxiv,0,48,480,True,0.5833333333333334,"[0, 4, 12, 13, 15, 19, 37, 38, 40, 41, 42, 43, 44, 45, 46, 47, 48, 49, 67, 70, 82, 111, 113, 132]",200,0.00448155403137207,0.0001647472381591797,0.03752565383911133,False,-1.0,-1.0,-1.0,-1.0,0,0,7.996211767196655,8.07293152809143,none,0,False,100,0.35828447341918945,10.352535963058472,2.6141438484191895
k_hop_1182,k_hop,stitch,arxiv,2,88,883,True,0.18072289156626506,"[2, 4, 5, 6, 9, 10, 11, 12, 13, 14, 15, 16, 17, 18, 20, 21, 22, 23, 24, 26, 28, 29, 32, 33, 34, 38, 40, 41, 42, 44, 45, 46, 47, 49, 50, 51, 52, 53, 54, 55, 56, 57, 58, 59, 61, 62, 63, 64, 65, 66, 67, 68, 70, 71, 72, 73, 74, 75, 76, 77, 79, 80, 82, 83, 84, 85, 86, 87, 88, 89, 90, 92, 93, 94, 95, 96, 97, 98, 99, 127, 162, 168, 172]",200,0.0044286251068115234,0.00016045570373535156,0.037422895431518555,False,-1.0,-1.0,-1.0,-1.0,0,0,9.107357501983643,9.229028463363647,none,0,False,100,0.35828447341918945,10.352535963058472,2.6141438484191895
k_hop_1183,k_hop,stitch,arxiv,3,198,1988,True,0.2830188679245283,"[3, 8, 24, 27, 30, 31, 32, 33, 40, 44, 53, 56, 60, 63, 65, 67, 68, 73, 75, 77, 79, 81, 86, 88, 89, 90, 92, 105, 114, 116, 117, 119, 128, 132, 133, 134, 136, 137, 144, 145, 148, 155, 162, 166, 170, 172, 179, 181, 187, 196, 197, 198, 199]",200,0.004870891571044922,0.00017976760864257812,0.039844512939453125,False,-1.0,-1.0,-1.0,-1.0,0,0,7.573003053665161,7.648112058639526,none,0,False,100,0.35828447341918945,10.352535963058472,2.6141438484191895
k_hop_1184,k_hop,stitch,arxiv,3,120,1200,True,0.38095238095238093,"[3, 12, 26, 28, 29, 30, 43, 49, 59, 72, 90, 101, 113, 120, 121, 128, 132, 145, 151, 195, 197]",101,0.004723548889160156,0.00017762184143066406,0.038065195083618164,False,-1.0,-1.0,-1.0,-1.0,0,0,8.091567993164062,8.161557674407959,none,0,False,100,0.35828447341918945,10.352535963058472,2.6141438484191895
k_hop_1185,k_hop,stitch,arxiv,9,143,1439,True,0.4,"[9, 28, 30, 33, 37, 41, 47, 68, 72, 75, 81, 82, 83, 100, 112, 115, 116, 117, 119, 120, 123, 128, 132, 137, 138, 140, 141, 142, 143, 144, 145, 146, 148, 149, 188, 193, 194, 195, 197, 199]",200,0.004922628402709961,0.00021457672119140625,0.03896045684814453,False,-1.0,-1.0,-1.0,-1.0,0,0,7.836267948150635,7.917608976364136,none,0,False,100,0.35828447341918945,10.352535963058472,2.6141438484191895
k_hop_1186,k_hop,stitch,arxiv,0,187,1872,True,0.2727272727272727,"[0, 1, 5, 7, 8, 9, 10, 18, 39, 43, 51, 57, 67, 68, 80, 90, 94, 95, 105, 115, 124, 125, 126, 127, 128, 129, 130, 131, 132, 133, 134, 141, 143, 145, 148, 149, 155, 171, 176, 187, 188, 196, 197, 198]",200,0.004576683044433594,0.00017976760864257812,0.037459373474121094,False,-1.0,-1.0,-1.0,-1.0,0,0,7.573524713516235,7.64500880241394,none,0,False,100,0.35828447341918945,10.352535963058472,2.6141438484191895
k_hop_1187,k_hop,stitch,arxiv,30,176,1760,True,0.5,"[30, 61, 70, 71, 72, 73, 98, 106, 131, 138, 146, 151, 154, 155, 160, 162, 176, 177]",200,0.005029439926147461,0.0002155303955078125,0.038085222244262695,False,-1.0,-1.0,-1.0,-1.0,0,0,7.7474610805511475,7.82147479057312,none,0,False,100,0.35828447341918945,10.352535963058472,2.6141438484191895
k_hop_1188,k_hop,stitch,arxiv,1,88,883,True,0.18292682926829268,"[1, 2, 4, 5, 6, 9, 10, 11, 12, 13, 14, 15, 16, 17, 18, 19, 20, 21, 22, 23, 24, 25, 26, 28, 29, 32, 33, 34, 36, 38, 40, 41, 42, 44, 45, 46, 47, 48, 49, 50, 51, 55, 56, 58, 61, 62, 66, 67, 70, 72, 73, 74, 75, 76, 77, 78, 79, 80, 83, 84, 85, 86, 87, 88, 89, 92, 93, 94, 95, 96, 97, 98, 99, 106, 126, 127, 144, 162, 168, 172, 197, 198]",200,0.0044863224029541016,0.00016021728515625,0.03816580772399902,False,-1.0,-1.0,-1.0,-1.0,0,0,9.046931505203247,9.1327543258667,none,0,False,100,0.35828447341918945,10.352535963058472,2.6141438484191895
k_hop_1189,k_hop,stitch,arxiv,0,31,314,True,0.3,"[0, 1, 2, 5, 6, 7, 8, 9, 10, 11, 14, 17, 18, 19, 20, 24, 30, 31, 32, 33, 34, 44, 51, 56, 63, 64, 72, 73, 77, 80, 117, 118, 125, 127, 128, 133, 134, 137, 145, 149]",200,0.004508018493652344,0.000164031982421875,0.04090237617492676,False,-1.0,-1.0,-1.0,-1.0,0,0,8.244856834411621,8.332367181777954,none,0,False,100,0.35828447341918945,10.352535963058472,2.6141438484191895
k_hop_1190,k_hop,stitch,arxiv,1,13,139,True,0.23728813559322035,"[1, 2, 3, 4, 5, 6, 9, 11, 12, 13, 14, 15, 16, 17, 18, 19, 20, 22, 23, 24, 29, 31, 32, 34, 36, 38, 42, 44, 46, 50, 52, 54, 55, 56, 58, 59, 60, 61, 62, 63, 65, 66, 67, 70, 72, 73, 74, 76, 80, 84, 86, 88, 90, 94, 95, 96, 98, 99, 127]",200,0.005238533020019531,0.0001964569091796875,0.040883541107177734,False,-1.0,-1.0,-1.0,-1.0,0,0,9.09682822227478,9.20370078086853,none,0,False,100,0.35828447341918945,10.352535963058472,2.6141438484191895
k_hop_1191,k_hop,stitch,arxiv,0,128,1281,True,0.2619047619047619,"[0, 6, 7, 8, 9, 10, 11, 14, 17, 19, 20, 22, 26, 28, 30, 31, 35, 36, 37, 38, 40, 44, 51, 53, 56, 63, 65, 68, 77, 87, 95, 96, 116, 122, 125, 128, 143, 144, 148, 154, 198, 199]",113,0.004567384719848633,0.00015687942504882812,0.039008378982543945,False,-1.0,-1.0,-1.0,-1.0,0,0,7.885519504547119,7.966268062591553,none,0,False,100,0.35828447341918945,10.352535963058472,2.6141438484191895
k_hop_1192,k_hop,stitch,arxiv,1,8,85,True,0.4482758620689655,"[1, 2, 3, 5, 6, 8, 9, 10, 11, 18, 31, 33, 52, 68, 105, 116, 126, 127, 131, 132, 133, 137, 142, 146, 147, 148, 176, 183, 188]",200,0.0044651031494140625,0.00016999244689941406,0.038378238677978516,False,-1.0,-1.0,-1.0,-1.0,0,0,7.7228124141693115,7.802334547042847,none,0,False,100,0.35828447341918945,10.352535963058472,2.6141438484191895
k_hop_1193,k_hop,stitch,arxiv,2,83,830,True,0.23943661971830985,"[2, 5, 11, 13, 14, 16, 17, 18, 22, 24, 26, 27, 28, 29, 30, 32, 33, 38, 40, 42, 45, 46, 50, 51, 52, 53, 54, 55, 56, 57, 58, 59, 60, 61, 62, 63, 64, 65, 66, 67, 68, 70, 71, 72, 73, 74, 75, 76, 77, 79, 80, 82, 83, 84, 85, 86, 87, 88, 89, 90, 91, 92, 93, 94, 95, 96, 97, 98, 99, 162, 168]",200,0.004816770553588867,0.0001914501190185547,0.04061245918273926,False,-1.0,-1.0,-1.0,-1.0,0,0,9.14709997177124,9.236844062805176,none,0,False,100,0.35828447341918945,10.352535963058472,2.6141438484191895
k_hop_1194,k_hop,stitch,arxiv,0,8,81,True,0.4634146341463415,"[0, 1, 2, 3, 4, 5, 6, 7, 8, 9, 10, 11, 12, 13, 14, 15, 16, 17, 18, 19, 20, 21, 23, 24, 31, 34, 35, 40, 55, 61, 62, 63, 65, 68, 69, 74, 127, 180, 184, 186, 196]",200,0.0048258304595947266,0.0001933574676513672,0.03835797309875488,False,-1.0,-1.0,-1.0,-1.0,0,0,9.719595193862915,9.801820755004883,none,0,False,100,0.35828447341918945,10.352535963058472,2.6141438484191895
k_hop_1195,k_hop,stitch,arxiv,0,0,6,True,0.3191489361702128,"[0, 1, 2, 3, 4, 5, 7, 8, 9, 12, 14, 15, 16, 17, 18, 19, 20, 21, 22, 23, 24, 25, 27, 28, 29, 30, 31, 32, 34, 40, 55, 58, 59, 62, 66, 67, 68, 69, 70, 72, 74, 85, 90, 97, 98, 126, 127]",200,0.0050852298736572266,0.00022220611572265625,0.042571067810058594,False,-1.0,-1.0,-1.0,-1.0,0,0,9.122080564498901,9.205681800842285,none,0,False,100,0.35828447341918945,10.352535963058472,2.6141438484191895
k_hop_1196,k_hop,stitch,arxiv,0,82,829,True,0.23529411764705882,"[0, 1, 2, 3, 4, 5, 6, 8, 9, 14, 15, 17, 18, 20, 21, 22, 23, 25, 26, 29, 30, 31, 32, 33, 34, 35, 36, 52, 54, 56, 57, 58, 63, 64, 65, 68, 69, 70, 72, 73, 74, 77, 79, 81, 82, 83, 84, 85, 86, 87, 89, 92, 93, 94, 96, 97, 98, 106, 116, 125, 126, 127, 134, 144, 179, 180, 181, 198]",200,0.004690647125244141,0.00020456314086914062,0.03935551643371582,False,-1.0,-1.0,-1.0,-1.0,0,0,8.195651054382324,8.298842906951904,none,0,False,100,0.35828447341918945,10.352535963058472,2.6141438484191895
k_hop_1197,k_hop,stitch,arxiv,27,199,1992,True,0.35714285714285715,"[27, 28, 29, 33, 40, 50, 51, 53, 54, 55, 59, 60, 61, 63, 65, 67, 72, 73, 75, 79, 87, 88, 89, 91, 92, 93, 97, 98, 99, 117, 125, 143, 144, 149, 168, 193, 194, 195, 196, 197, 198, 199]",200,0.004611492156982422,0.00018024444580078125,0.03910017013549805,False,-1.0,-1.0,-1.0,-1.0,0,0,7.801154136657715,7.8894336223602295,none,0,False,100,0.35828447341918945,10.352535963058472,2.6141438484191895
k_hop_1198,k_hop,stitch,arxiv,1,14,141,True,0.22807017543859648,"[1, 3, 4, 6, 8, 9, 12, 13, 14, 15, 16, 17, 19, 20, 21, 22, 23, 24, 26, 27, 29, 30, 34, 36, 39, 41, 42, 45, 46, 50, 52, 54, 58, 62, 63, 64, 66, 69, 70, 71, 72, 73, 74, 81, 82, 83, 84, 85, 86, 90, 91, 92, 93, 94, 98, 126, 196]",200,0.0046041011810302734,0.00017642974853515625,0.04430127143859863,False,-1.0,-1.0,-1.0,-1.0,0,0,8.620047807693481,8.733104705810547,none,0,False,100,0.35828447341918945,10.352535963058472,2.6141438484191895
k_hop_1199,k_hop,stitch,arxiv,0,6,69,True,0.34210526315789475,"[0, 1, 2, 3, 4, 5, 6, 7, 8, 9, 12, 14, 18, 19, 20, 21, 22, 24, 25, 31, 33, 34, 35, 54, 56, 70, 97, 98, 99, 115, 119, 125, 126, 127, 130, 144, 145, 185]",200,0.004934787750244141,0.0001671314239501953,0.03829503059387207,False,-1.0,-1.0,-1.0,-1.0,0,0,8.297465085983276,8.384745121002197,none,0,False,100,0.35828447341918945,10.352535963058472,2.6141438484191895
