query_name,query_type,solver_mode,dataset,anchor_coarse_idx,predicted_coarse_idx,predicted_fine_idx,correct_coarse_predicted,coarse_recall_at_20,true_coarse_indices,query_nodes,query_embedding_time,faiss_coarse_search_time,faiss_fine_search_time,perfect_solution_found,time_to_first_solution,first_solution_accuracy,best_accuracy,time_to_best_solution,solution_num_for_best_accuracy,total_solutions_in_timeout,solver_time,total_time,solver_level,stitched_nodes,solver_timed_out,query_size,model_load_time,partition_time,faiss_build_time
single_0,single,stitch,corafull,5,5,25,True,1.0,[5],20,0.019370317459106445,0.0002644062042236328,0.047943830490112305,True,0.08323836326599121,1.0,1.0,0.08728408813476562,1,1,0.1519010066986084,0.22750091552734375,top-1,970,False,20,0.3542201519012451,0.25119471549987793,0.8687844276428223
single_0,single,full,corafull,5,-1,-1,False,0.0,[5],20,0.0,0.0,0.0,True,4.0361621379852295,1.0,1.0,4.074608564376831,1,1,5.1989946365356445,5.199429512023926,full,19793,False,20,0.3542201519012451,0.25119471549987793,0.8687844276428223
single_1,single,stitch,corafull,4,4,20,True,1.0,[4],20,0.0054607391357421875,0.0002224445343017578,0.046411752700805664,True,0.05497908592224121,1.0,1.0,0.05840468406677246,1,1,0.11478590965270996,0.1734914779663086,top-1,977,False,20,0.3542201519012451,0.25119471549987793,0.8687844276428223
single_1,single,full,corafull,4,-1,-1,False,0.0,[4],20,0.0,0.0,0.0,True,4.203779935836792,0.95,1.0,4.235810995101929,3,3,4.241292953491211,4.2415008544921875,full,19793,False,20,0.3542201519012451,0.25119471549987793,0.8687844276428223
single_2,single,stitch,corafull,8,8,43,True,1.0,[8],20,0.005773305892944336,0.000217437744140625,0.04384303092956543,True,0.04942488670349121,0.9,1.0,0.05348491668701172,2,2,0.12208700180053711,0.1870255470275879,top-1,999,False,20,0.3542201519012451,0.25119471549987793,0.8687844276428223
single_2,single,full,corafull,8,-1,-1,False,0.0,[8],20,0.0,0.0,0.0,True,4.123811483383179,0.9,1.0,4.161091327667236,2,2,4.165966033935547,4.166093587875366,full,19793,False,20,0.3542201519012451,0.25119471549987793,0.8687844276428223
single_3,single,stitch,corafull,0,0,1,True,1.0,[0],20,0.0059664249420166016,0.00021505355834960938,0.04009056091308594,True,0.04711198806762695,1.0,1.0,0.049732208251953125,1,1,0.11677026748657227,0.17029666900634766,top-1,998,False,20,0.3542201519012451,0.25119471549987793,0.8687844276428223
single_3,single,full,corafull,0,-1,-1,False,0.0,[0],20,0.0,0.0,0.0,True,4.009380102157593,1.0,1.0,4.044159889221191,1,1,4.050402641296387,4.050567388534546,full,19793,False,20,0.3542201519012451,0.25119471549987793,0.8687844276428223
single_4,single,stitch,corafull,7,7,39,True,1.0,[7],20,0.006951570510864258,0.0002779960632324219,0.03377103805541992,True,0.047579050064086914,0.95,1.0,0.05013012886047363,2,2,0.11382174491882324,0.16212940216064453,top-1,969,False,20,0.3542201519012451,0.25119471549987793,0.8687844276428223
single_4,single,full,corafull,7,-1,-1,False,0.0,[7],20,0.0,0.0,0.0,True,3.9674532413482666,0.95,1.0,4.0035364627838135,2,2,4.008293151855469,4.008402347564697,full,19793,False,20,0.3542201519012451,0.25119471549987793,0.8687844276428223
single_5,single,stitch,corafull,3,3,18,True,1.0,[3],20,0.005260944366455078,0.0002219676971435547,0.03239178657531738,True,0.048412322998046875,1.0,1.0,0.05057048797607422,1,1,0.1085512638092041,0.1541910171508789,top-1,983,False,20,0.3542201519012451,0.25119471549987793,0.8687844276428223
single_5,single,full,corafull,3,-1,-1,False,0.0,[3],20,0.0,0.0,0.0,True,3.741481304168701,1.0,1.0,3.774703025817871,1,1,3.7794604301452637,3.7796454429626465,full,19793,False,20,0.3542201519012451,0.25119471549987793,0.8687844276428223
single_6,single,stitch,corafull,4,4,24,True,1.0,[4],20,0.005355119705200195,0.00017786026000976562,0.021733522415161133,True,0.04557633399963379,1.0,1.0,0.047844648361206055,1,1,0.10984969139099121,0.14519929885864258,top-1,977,False,20,0.3542201519012451,0.25119471549987793,0.8687844276428223
single_6,single,full,corafull,4,-1,-1,False,0.0,[4],20,0.0,0.0,0.0,True,3.818699359893799,0.95,1.0,3.8506019115448,2,2,3.855306386947632,3.8555078506469727,full,19793,False,20,0.3542201519012451,0.25119471549987793,0.8687844276428223
single_7,single,stitch,corafull,5,5,28,True,1.0,[5],20,0.005189180374145508,0.00015687942504882812,0.020673274993896484,True,0.04381299018859863,1.0,1.0,0.046602725982666016,1,1,0.10283017158508301,0.13528108596801758,top-1,970,False,20,0.3542201519012451,0.25119471549987793,0.8687844276428223
single_7,single,full,corafull,5,-1,-1,False,0.0,[5],20,0.0,0.0,0.0,True,3.58243465423584,1.0,1.0,3.616246461868286,1,1,3.6206583976745605,3.6208066940307617,full,19793,False,20,0.3542201519012451,0.25119471549987793,0.8687844276428223
single_8,single,stitch,corafull,19,19,96,True,1.0,[19],20,0.005846977233886719,0.000194549560546875,0.04673171043395996,True,0.059732913970947266,1.0,1.0,0.06279802322387695,1,1,0.1286318302154541,0.1896822452545166,top-1,1018,False,20,0.3542201519012451,0.25119471549987793,0.8687844276428223
single_8,single,full,corafull,19,-1,-1,False,0.0,[19],20,0.0,0.0,0.0,True,3.913602352142334,1.0,1.0,3.9480960369110107,1,1,3.952967882156372,3.9531939029693604,full,19793,False,20,0.3542201519012451,0.25119471549987793,0.8687844276428223
single_9,single,stitch,corafull,17,17,87,True,1.0,[17],20,0.0052301883697509766,0.00020742416381835938,0.031204700469970703,True,0.04563403129577637,1.0,1.0,0.047533512115478516,1,1,0.1058046817779541,0.14932656288146973,top-1,969,False,20,0.3542201519012451,0.25119471549987793,0.8687844276428223
single_9,single,full,corafull,17,-1,-1,False,0.0,[17],20,0.0,0.0,0.0,True,3.718604564666748,0.95,1.0,3.753185510635376,2,2,3.7583417892456055,3.7584645748138428,full,19793,False,20,0.3542201519012451,0.25119471549987793,0.8687844276428223
single_10,single,stitch,corafull,10,10,53,True,1.0,[10],20,0.006128072738647461,0.0002295970916748047,0.05112957954406738,True,0.05130362510681152,1.0,1.0,0.0550076961517334,1,1,0.11813139915466309,0.1857287883758545,top-1,1016,False,20,0.3542201519012451,0.25119471549987793,0.8687844276428223
single_10,single,full,corafull,10,-1,-1,False,0.0,[10],20,0.0,0.0,0.0,True,3.649048089981079,1.0,1.0,3.6825573444366455,1,1,3.692082405090332,3.692196846008301,full,19793,False,20,0.3542201519012451,0.25119471549987793,0.8687844276428223
single_11,single,stitch,corafull,14,14,72,True,1.0,[14],20,0.005500078201293945,0.00018262863159179688,0.03928422927856445,True,0.04743790626525879,1.0,1.0,0.050467491149902344,1,1,0.11597084999084473,0.16717243194580078,top-1,968,False,20,0.3542201519012451,0.25119471549987793,0.8687844276428223
single_11,single,full,corafull,14,-1,-1,False,0.0,[14],20,0.0,0.0,0.0,True,3.951216459274292,1.0,1.0,3.982976198196411,1,1,3.987696886062622,3.987866163253784,full,19793,False,20,0.3542201519012451,0.25119471549987793,0.8687844276428223
single_12,single,stitch,corafull,5,5,28,True,1.0,[5],20,0.005105495452880859,0.00014662742614746094,0.021018028259277344,True,0.05387091636657715,1.0,1.0,0.05600094795227051,1,1,0.1204838752746582,0.1533796787261963,top-1,970,False,20,0.3542201519012451,0.25119471549987793,0.8687844276428223
single_12,single,full,corafull,5,-1,-1,False,0.0,[5],20,0.0,0.0,0.0,True,3.866921901702881,1.0,1.0,3.9028496742248535,1,1,3.9085683822631836,3.9086999893188477,full,19793,False,20,0.3542201519012451,0.25119471549987793,0.8687844276428223
single_13,single,stitch,corafull,19,19,96,True,1.0,[19],20,0.00541234016418457,0.00021719932556152344,0.02173018455505371,True,0.0555419921875,1.0,1.0,0.05987977981567383,1,1,0.1251528263092041,0.16057109832763672,top-1,1018,False,20,0.3542201519012451,0.25119471549987793,0.8687844276428223
single_13,single,full,corafull,19,-1,-1,False,0.0,[19],20,0.0,0.0,0.0,True,3.9263830184936523,1.0,1.0,3.9590609073638916,1,1,3.9642457962036133,3.9644227027893066,full,19793,False,20,0.3542201519012451,0.25119471549987793,0.8687844276428223
single_14,single,stitch,corafull,16,16,83,True,1.0,[16],20,0.00577235221862793,0.00019812583923339844,0.03521227836608887,True,0.047338247299194336,1.0,1.0,0.05037546157836914,1,1,0.11588358879089355,0.16687989234924316,top-1,997,False,20,0.3542201519012451,0.25119471549987793,0.8687844276428223
single_14,single,full,corafull,16,-1,-1,False,0.0,[16],20,0.0,0.0,0.0,True,3.806927442550659,0.9,1.0,3.8451790809631348,6,6,3.8509581089019775,3.851160764694214,full,19793,False,20,0.3542201519012451,0.25119471549987793,0.8687844276428223
single_15,single,stitch,corafull,1,1,6,True,1.0,[1],20,0.0056209564208984375,0.00020956993103027344,0.03224897384643555,True,0.05227327346801758,1.0,1.0,0.05453372001647949,1,1,0.1147923469543457,0.1586899757385254,top-1,972,False,20,0.3542201519012451,0.25119471549987793,0.8687844276428223
single_15,single,full,corafull,1,-1,-1,False,0.0,[1],20,0.0,0.0,0.0,True,3.814626693725586,1.0,1.0,3.845928430557251,1,1,3.8560338020324707,3.856142520904541,full,19793,False,20,0.3542201519012451,0.25119471549987793,0.8687844276428223
single_16,single,stitch,corafull,2,2,13,True,1.0,[2],20,0.0051081180572509766,0.00017952919006347656,0.03226041793823242,True,0.04206562042236328,0.95,1.0,0.04401803016662598,6,6,0.1006157398223877,0.14432358741760254,top-1,962,False,20,0.3542201519012451,0.25119471549987793,0.8687844276428223
single_16,single,full,corafull,2,-1,-1,False,0.0,[2],20,0.0,0.0,0.0,True,3.718825578689575,0.95,1.0,3.7467739582061768,23,23,3.7540550231933594,3.7541756629943848,full,19793,False,20,0.3542201519012451,0.25119471549987793,0.8687844276428223
single_17,single,stitch,corafull,12,12,63,True,1.0,[12],10,0.006794929504394531,0.00017213821411132812,0.03424072265625,True,0.045783042907714844,1.0,1.0,0.0480954647064209,1,1,0.10976672172546387,0.16828489303588867,top-1,966,False,20,0.3542201519012451,0.25119471549987793,0.8687844276428223
single_17,single,full,corafull,12,-1,-1,False,0.0,[12],10,0.0,0.0,0.0,True,3.6810810565948486,1.0,1.0,3.713642120361328,1,1,3.717833995819092,3.718053102493286,full,19793,False,20,0.3542201519012451,0.25119471549987793,0.8687844276428223
single_18,single,stitch,corafull,16,16,81,True,1.0,[16],20,0.005239248275756836,0.00017380714416503906,0.0209047794342041,True,0.04505181312561035,1.0,1.0,0.04751229286193848,1,1,0.11070871353149414,0.144212007522583,top-1,997,False,20,0.3542201519012451,0.25119471549987793,0.8687844276428223
single_18,single,full,corafull,16,-1,-1,False,0.0,[16],20,0.0,0.0,0.0,True,3.5488743782043457,0.95,1.0,3.5816378593444824,4,4,3.5871825218200684,3.5873196125030518,full,19793,False,20,0.3542201519012451,0.25119471549987793,0.8687844276428223
single_19,single,stitch,corafull,5,5,28,True,1.0,[5],20,0.008471965789794922,0.00023627281188964844,0.023775100708007812,True,0.049448490142822266,1.0,1.0,0.051301002502441406,1,1,0.11231350898742676,0.15165376663208008,top-1,970,False,20,0.3542201519012451,0.25119471549987793,0.8687844276428223
single_19,single,full,corafull,5,-1,-1,False,0.0,[5],20,0.0,0.0,0.0,True,3.7243590354919434,1.0,1.0,3.757580041885376,1,1,3.762552499771118,3.762730598449707,full,19793,False,20,0.3542201519012451,0.25119471549987793,0.8687844276428223
single_20,single,stitch,corafull,19,19,99,True,1.0,[19],20,0.0050966739654541016,0.0001983642578125,0.020667314529418945,True,0.05148482322692871,1.0,1.0,0.054564714431762695,1,1,0.11933279037475586,0.15241146087646484,top-1,1018,False,20,0.3542201519012451,0.25119471549987793,0.8687844276428223
single_20,single,full,corafull,19,-1,-1,False,0.0,[19],20,0.0,0.0,0.0,True,3.6684398651123047,1.0,1.0,3.7038660049438477,1,1,3.708523750305176,3.7087106704711914,full,19793,False,20,0.3542201519012451,0.25119471549987793,0.8687844276428223
single_21,single,stitch,corafull,16,16,84,True,1.0,[16],20,0.005872964859008789,0.00018525123596191406,0.020991086959838867,True,0.04815101623535156,1.0,1.0,0.05032062530517578,1,1,0.11051201820373535,0.14418387413024902,top-1,997,False,20,0.3542201519012451,0.25119471549987793,0.8687844276428223
single_21,single,full,corafull,16,-1,-1,False,0.0,[16],20,0.0,0.0,0.0,True,3.771327495574951,1.0,1.0,3.8030037879943848,1,1,3.811065435409546,3.8111953735351562,full,19793,False,20,0.3542201519012451,0.25119471549987793,0.8687844276428223
single_22,single,stitch,corafull,13,13,69,True,1.0,[13],20,0.00503849983215332,0.0001373291015625,0.03315877914428711,True,0.04550981521606445,1.0,1.0,0.048268795013427734,1,1,0.11130189895629883,0.15682053565979004,top-1,1017,False,20,0.3542201519012451,0.25119471549987793,0.8687844276428223
single_22,single,full,corafull,13,-1,-1,False,0.0,[13],20,0.0,0.0,0.0,True,3.543843984603882,1.0,1.0,3.5773260593414307,1,1,3.5818543434143066,3.5819737911224365,full,19793,False,20,0.3542201519012451,0.25119471549987793,0.8687844276428223
single_23,single,stitch,corafull,18,18,94,True,1.0,[18],20,0.004858493804931641,0.0001494884490966797,0.02710890769958496,True,0.04675865173339844,1.0,1.0,0.0491335391998291,1,1,0.1048130989074707,0.14258408546447754,top-1,969,False,20,0.3542201519012451,0.25119471549987793,0.8687844276428223
single_23,single,full,corafull,18,-1,-1,False,0.0,[18],20,0.0,0.0,0.0,True,3.7818078994750977,1.0,1.0,3.814387083053589,1,1,3.8185994625091553,3.818709373474121,full,19793,False,20,0.3542201519012451,0.25119471549987793,0.8687844276428223
single_24,single,stitch,corafull,13,13,65,True,1.0,[13],20,0.005784749984741211,0.0002532005310058594,0.021688222885131836,True,0.04990744590759277,1.0,1.0,0.05244135856628418,1,1,0.11585450172424316,0.15057134628295898,top-1,1017,False,20,0.3542201519012451,0.25119471549987793,0.8687844276428223
single_24,single,full,corafull,13,-1,-1,False,0.0,[13],20,0.0,0.0,0.0,True,3.713085412979126,1.0,1.0,3.7443532943725586,1,1,3.7486817836761475,3.7487974166870117,full,19793,False,20,0.3542201519012451,0.25119471549987793,0.8687844276428223
single_25,single,stitch,corafull,4,4,20,True,1.0,[4],20,0.005067586898803711,0.00016832351684570312,0.021181344985961914,True,0.046587228775024414,1.0,1.0,0.048722028732299805,1,1,0.10844779014587402,0.14139318466186523,top-1,977,False,20,0.3542201519012451,0.25119471549987793,0.8687844276428223
single_25,single,full,corafull,4,-1,-1,False,0.0,[4],20,0.0,0.0,0.0,True,3.611922264099121,1.0,1.0,3.642751932144165,1,1,3.6474785804748535,3.6475958824157715,full,19793,False,20,0.3542201519012451,0.25119471549987793,0.8687844276428223
single_26,single,stitch,corafull,17,17,86,True,1.0,[17],20,0.005541563034057617,0.0001690387725830078,0.02089238166809082,True,0.04477286338806152,1.0,1.0,0.04740643501281738,1,1,0.10584020614624023,0.1383380889892578,top-1,969,False,20,0.3542201519012451,0.25119471549987793,0.8687844276428223
single_26,single,full,corafull,17,-1,-1,False,0.0,[17],20,0.0,0.0,0.0,True,3.809807062149048,0.95,1.0,3.8455517292022705,2,2,3.8502326011657715,3.850330352783203,full,19793,False,20,0.3542201519012451,0.25119471549987793,0.8687844276428223
single_27,single,stitch,corafull,11,11,56,True,1.0,[11],20,0.005797386169433594,0.0002148151397705078,0.031970977783203125,True,0.04474997520446777,1.0,1.0,0.0471644401550293,1,1,0.1047663688659668,0.14864492416381836,top-1,990,False,20,0.3542201519012451,0.25119471549987793,0.8687844276428223
single_27,single,full,corafull,11,-1,-1,False,0.0,[11],20,0.0,0.0,0.0,True,3.5794739723205566,1.0,1.0,3.6080360412597656,1,1,3.6126832962036133,3.6128792762756348,full,19793,False,20,0.3542201519012451,0.25119471549987793,0.8687844276428223
single_28,single,stitch,corafull,7,7,37,True,1.0,[7],20,0.006131649017333984,0.00018715858459472656,0.0215299129486084,True,0.04289817810058594,1.0,1.0,0.04538154602050781,1,1,0.10335612297058105,0.13737821578979492,top-1,969,False,20,0.3542201519012451,0.25119471549987793,0.8687844276428223
single_28,single,full,corafull,7,-1,-1,False,0.0,[7],20,0.0,0.0,0.0,True,3.6310062408447266,1.0,1.0,3.661850929260254,1,1,3.6661643981933594,3.666275978088379,full,19793,False,20,0.3542201519012451,0.25119471549987793,0.8687844276428223
single_29,single,stitch,corafull,1,1,7,True,1.0,[1],14,0.005713939666748047,0.00021505355834960938,0.02223038673400879,True,0.04534149169921875,1.0,1.0,0.04771113395690918,1,1,0.10696697235107422,0.1470785140991211,top-1,972,False,20,0.3542201519012451,0.25119471549987793,0.8687844276428223
single_29,single,full,corafull,1,-1,-1,False,0.0,[1],14,0.0,0.0,0.0,True,3.7811214923858643,1.0,1.0,3.8132376670837402,1,1,3.8170995712280273,3.8172523975372314,full,19793,False,20,0.3542201519012451,0.25119471549987793,0.8687844276428223
single_30,single,stitch,corafull,6,6,32,True,1.0,[6],20,0.004946470260620117,0.0001571178436279297,0.04358339309692383,True,0.047841787338256836,1.0,1.0,0.04995560646057129,1,1,0.11639118194580078,0.1782081127166748,top-1,1018,False,20,0.3542201519012451,0.25119471549987793,0.8687844276428223
single_30,single,full,corafull,6,-1,-1,False,0.0,[6],20,0.0,0.0,0.0,True,3.846078395843506,0.95,1.0,3.8794455528259277,2,2,3.8843746185302734,3.8844902515411377,full,19793,False,20,0.3542201519012451,0.25119471549987793,0.8687844276428223
single_31,single,stitch,corafull,6,6,30,True,1.0,[6],20,0.004964113235473633,0.00015807151794433594,0.021102428436279297,True,0.05076289176940918,0.9,1.0,0.053436279296875,2,2,0.12167024612426758,0.15570545196533203,top-1,1018,False,20,0.3542201519012451,0.25119471549987793,0.8687844276428223
single_31,single,full,corafull,6,-1,-1,False,0.0,[6],20,0.0,0.0,0.0,True,3.5664937496185303,0.9,1.0,3.60050368309021,2,2,3.607283115386963,3.607388973236084,full,19793,False,20,0.3542201519012451,0.25119471549987793,0.8687844276428223
single_32,single,stitch,corafull,0,0,0,True,1.0,[0],20,0.00525665283203125,0.00018334388732910156,0.020601272583007812,True,0.04385685920715332,1.0,1.0,0.04567718505859375,1,1,0.10610413551330566,0.13887786865234375,top-1,998,False,20,0.3542201519012451,0.25119471549987793,0.8687844276428223
single_32,single,full,corafull,0,-1,-1,False,0.0,[0],20,0.0,0.0,0.0,True,3.5712010860443115,0.95,1.0,3.60522723197937,2,2,3.6099603176116943,3.6100974082946777,full,19793,False,20,0.3542201519012451,0.25119471549987793,0.8687844276428223
single_33,single,stitch,corafull,14,14,71,True,1.0,[14],20,0.007056474685668945,0.00020074844360351562,0.023622989654541016,True,0.04782819747924805,1.0,1.0,0.05087542533874512,1,1,0.11452221870422363,0.15207862854003906,top-1,968,False,20,0.3542201519012451,0.25119471549987793,0.8687844276428223
single_33,single,full,corafull,14,-1,-1,False,0.0,[14],20,0.0,0.0,0.0,True,3.6823067665100098,1.0,1.0,3.711623430252075,1,1,3.7164306640625,3.7165729999542236,full,19793,False,20,0.3542201519012451,0.25119471549987793,0.8687844276428223
single_34,single,stitch,corafull,8,8,40,True,1.0,[8],20,0.004825592041015625,0.00015401840209960938,0.021940946578979492,True,0.0518193244934082,1.0,1.0,0.054859161376953125,1,1,0.12156820297241211,0.16457748413085938,top-1,999,False,20,0.3542201519012451,0.25119471549987793,0.8687844276428223
single_34,single,full,corafull,8,-1,-1,False,0.0,[8],20,0.0,0.0,0.0,True,4.02088737487793,1.0,1.0,4.0498270988464355,1,1,4.054648160934448,4.054810285568237,full,19793,False,20,0.3542201519012451,0.25119471549987793,0.8687844276428223
single_35,single,stitch,corafull,1,1,7,True,1.0,[1],20,0.004961252212524414,0.0001583099365234375,0.021511554718017578,True,0.04573488235473633,1.0,1.0,0.04847288131713867,1,1,0.11256170272827148,0.15117192268371582,top-1,972,False,20,0.3542201519012451,0.25119471549987793,0.8687844276428223
single_35,single,full,corafull,1,-1,-1,False,0.0,[1],20,0.0,0.0,0.0,True,3.698883533477783,1.0,1.0,3.7304553985595703,1,1,3.7367420196533203,3.736900568008423,full,19793,False,20,0.3542201519012451,0.25119471549987793,0.8687844276428223
single_36,single,stitch,corafull,18,18,90,True,1.0,[18],20,0.005394458770751953,0.00015664100646972656,0.02114129066467285,True,0.044121503829956055,1.0,1.0,0.04662823677062988,1,1,0.10371232032775879,0.13807034492492676,top-1,969,False,20,0.3542201519012451,0.25119471549987793,0.8687844276428223
single_36,single,full,corafull,18,-1,-1,False,0.0,[18],20,0.0,0.0,0.0,True,3.601576805114746,1.0,1.0,3.637106418609619,1,1,3.641817331314087,3.6419155597686768,full,19793,False,20,0.3542201519012451,0.25119471549987793,0.8687844276428223
single_37,single,stitch,corafull,14,14,74,True,1.0,[14],20,0.004681110382080078,0.00016236305236816406,0.020172119140625,True,0.04506826400756836,1.0,1.0,0.0473780632019043,1,1,0.10444116592407227,0.13956499099731445,top-1,968,False,20,0.3542201519012451,0.25119471549987793,0.8687844276428223
single_37,single,full,corafull,14,-1,-1,False,0.0,[14],20,0.0,0.0,0.0,True,3.485971212387085,1.0,1.0,3.5192058086395264,1,1,3.523195743560791,3.5233097076416016,full,19793,False,20,0.3542201519012451,0.25119471549987793,0.8687844276428223
single_38,single,stitch,corafull,9,9,47,True,1.0,[9],20,0.00478672981262207,0.00014519691467285156,0.03571319580078125,True,0.05055832862854004,1.0,1.0,0.05359911918640137,1,1,0.11927127838134766,0.1674501895904541,top-1,1019,False,20,0.3542201519012451,0.25119471549987793,0.8687844276428223
single_38,single,full,corafull,9,-1,-1,False,0.0,[9],20,0.0,0.0,0.0,True,3.6853528022766113,1.0,1.0,3.719353199005127,1,1,3.724039077758789,3.7241485118865967,full,19793,False,20,0.3542201519012451,0.25119471549987793,0.8687844276428223
single_39,single,stitch,corafull,7,7,39,True,1.0,[7],20,0.00509953498840332,0.0001533031463623047,0.021113157272338867,True,0.04395437240600586,0.9,1.0,0.04655289649963379,2,2,0.10344600677490234,0.13594770431518555,top-1,969,False,20,0.3542201519012451,0.25119471549987793,0.8687844276428223
single_39,single,full,corafull,7,-1,-1,False,0.0,[7],20,0.0,0.0,0.0,True,3.7037649154663086,0.9,1.0,3.7375614643096924,2,2,3.7422616481781006,3.7424185276031494,full,19793,False,20,0.3542201519012451,0.25119471549987793,0.8687844276428223
single_40,single,stitch,corafull,18,18,92,True,1.0,[18],20,0.005255222320556641,0.0001609325408935547,0.023184537887573242,True,0.04771709442138672,1.0,1.0,0.04994559288024902,1,1,0.10939908027648926,0.14390826225280762,top-1,969,False,20,0.3542201519012451,0.25119471549987793,0.8687844276428223
single_40,single,full,corafull,18,-1,-1,False,0.0,[18],20,0.0,0.0,0.0,True,3.775818109512329,1.0,1.0,3.809762716293335,1,1,3.8141307830810547,3.814258575439453,full,19793,False,20,0.3542201519012451,0.25119471549987793,0.8687844276428223
single_41,single,stitch,corafull,7,7,35,True,1.0,[7],20,0.00484156608581543,0.00015401840209960938,0.02039170265197754,True,0.0438382625579834,1.0,1.0,0.04628634452819824,1,1,0.10512948036193848,0.13962244987487793,top-1,969,False,20,0.3542201519012451,0.25119471549987793,0.8687844276428223
single_41,single,full,corafull,7,-1,-1,False,0.0,[7],20,0.0,0.0,0.0,True,3.799471855163574,1.0,1.0,3.8286402225494385,1,1,3.837233781814575,3.837341785430908,full,19793,False,20,0.3542201519012451,0.25119471549987793,0.8687844276428223
single_42,single,stitch,corafull,19,19,96,True,1.0,[19],20,0.005194425582885742,0.00018858909606933594,0.020815610885620117,True,0.046570777893066406,1.0,1.0,0.049273014068603516,1,1,0.11042094230651855,0.14442968368530273,top-1,1018,False,20,0.3542201519012451,0.25119471549987793,0.8687844276428223
single_42,single,full,corafull,19,-1,-1,False,0.0,[19],20,0.0,0.0,0.0,True,3.591858148574829,1.0,1.0,3.6198811531066895,1,1,3.6261584758758545,3.6262729167938232,full,19793,False,20,0.3542201519012451,0.25119471549987793,0.8687844276428223
single_43,single,stitch,corafull,14,14,71,True,1.0,[14],20,0.0048830509185791016,0.00019478797912597656,0.02036571502685547,True,0.04192972183227539,1.0,1.0,0.0434725284576416,1,1,0.10084056854248047,0.13190793991088867,top-1,968,False,20,0.3542201519012451,0.25119471549987793,0.8687844276428223
single_43,single,full,corafull,14,-1,-1,False,0.0,[14],20,0.0,0.0,0.0,True,3.7393875122070312,1.0,1.0,3.7700040340423584,1,1,3.7744174003601074,3.774509906768799,full,19793,False,20,0.3542201519012451,0.25119471549987793,0.8687844276428223
single_44,single,stitch,corafull,2,2,14,True,1.0,[2],20,0.004990339279174805,0.0001556873321533203,0.020635366439819336,True,0.040854692459106445,1.0,1.0,0.04248237609863281,1,1,0.09876275062561035,0.13109183311462402,top-1,962,False,20,0.3542201519012451,0.25119471549987793,0.8687844276428223
single_44,single,full,corafull,2,-1,-1,False,0.0,[2],20,0.0,0.0,0.0,True,3.7890677452087402,1.0,1.0,3.8185126781463623,1,1,3.822855234146118,3.822976589202881,full,19793,False,20,0.3542201519012451,0.25119471549987793,0.8687844276428223
single_45,single,stitch,corafull,14,14,71,True,1.0,[14],20,0.005009174346923828,0.0001366138458251953,0.02045440673828125,True,0.044141292572021484,1.0,1.0,0.04604792594909668,1,1,0.10462522506713867,0.13558745384216309,top-1,968,False,20,0.3542201519012451,0.25119471549987793,0.8687844276428223
single_45,single,full,corafull,14,-1,-1,False,0.0,[14],20,0.0,0.0,0.0,True,3.586801528930664,1.0,1.0,3.619847536087036,1,1,3.6246590614318848,3.6247713565826416,full,19793,False,20,0.3542201519012451,0.25119471549987793,0.8687844276428223
single_46,single,stitch,corafull,4,4,20,True,1.0,[4],20,0.0053119659423828125,0.00021839141845703125,0.022112131118774414,True,0.04529142379760742,1.0,1.0,0.047615766525268555,1,1,0.10724377632141113,0.14189839363098145,top-1,977,False,20,0.3542201519012451,0.25119471549987793,0.8687844276428223
single_46,single,full,corafull,4,-1,-1,False,0.0,[4],20,0.0,0.0,0.0,True,3.895643711090088,0.95,1.0,3.926703929901123,3,3,3.9310991764068604,3.9312005043029785,full,19793,False,20,0.3542201519012451,0.25119471549987793,0.8687844276428223
single_47,single,stitch,corafull,1,1,7,True,1.0,[1],20,0.00540924072265625,0.00016808509826660156,0.020781278610229492,True,0.05112051963806152,1.0,1.0,0.05405712127685547,1,1,0.11071443557739258,0.14271879196166992,top-1,972,False,20,0.3542201519012451,0.25119471549987793,0.8687844276428223
single_47,single,full,corafull,1,-1,-1,False,0.0,[1],20,0.0,0.0,0.0,True,3.9404354095458984,1.0,1.0,3.9850692749023438,1,1,3.990189552307129,3.9902825355529785,full,19793,False,20,0.3542201519012451,0.25119471549987793,0.8687844276428223
single_48,single,stitch,corafull,8,8,40,True,1.0,[8],14,0.0046346187591552734,0.000133514404296875,0.02125406265258789,True,0.048616647720336914,1.0,1.0,0.0516970157623291,1,1,0.11235570907592773,0.1461162567138672,top-1,999,False,20,0.3542201519012451,0.25119471549987793,0.8687844276428223
single_48,single,full,corafull,8,-1,-1,False,0.0,[8],14,0.0,0.0,0.0,True,3.771031618118286,1.0,1.0,3.8154971599578857,1,1,3.8193044662475586,3.8194708824157715,full,19793,False,20,0.3542201519012451,0.25119471549987793,0.8687844276428223
single_49,single,stitch,corafull,16,16,81,True,1.0,[16],20,0.005044460296630859,0.0001506805419921875,0.021418333053588867,True,0.0454099178314209,1.0,1.0,0.04765892028808594,1,1,0.10855889320373535,0.14305830001831055,top-1,997,False,20,0.3542201519012451,0.25119471549987793,0.8687844276428223
single_49,single,full,corafull,16,-1,-1,False,0.0,[16],20,0.0,0.0,0.0,True,3.4629554748535156,1.0,1.0,3.4952473640441895,1,1,3.4995784759521484,3.49967360496521,full,19793,False,20,0.3542201519012451,0.25119471549987793,0.8687844276428223
single_50,single,stitch,corafull,1,1,9,True,1.0,[1],20,0.005072832107543945,0.00014925003051757812,0.021157503128051758,True,0.042276620864868164,1.0,1.0,0.04430031776428223,1,1,0.10396575927734375,0.13616681098937988,top-1,972,False,20,0.3542201519012451,0.25119471549987793,0.8687844276428223
single_50,single,full,corafull,1,-1,-1,False,0.0,[1],20,0.0,0.0,0.0,True,3.5709102153778076,1.0,1.0,3.5991158485412598,1,1,3.6033127307891846,3.603431463241577,full,19793,False,20,0.3542201519012451,0.25119471549987793,0.8687844276428223
single_51,single,stitch,corafull,18,18,94,True,1.0,[18],20,0.005349874496459961,0.0001418590545654297,0.02045583724975586,True,0.042060136795043945,1.0,1.0,0.04420948028564453,1,1,0.10406780242919922,0.13556504249572754,top-1,969,False,20,0.3542201519012451,0.25119471549987793,0.8687844276428223
single_51,single,full,corafull,18,-1,-1,False,0.0,[18],20,0.0,0.0,0.0,True,3.584209680557251,1.0,1.0,3.6168031692504883,1,1,3.621440887451172,3.6215624809265137,full,19793,False,20,0.3542201519012451,0.25119471549987793,0.8687844276428223
single_52,single,stitch,corafull,5,5,26,True,1.0,[5],20,0.0051500797271728516,0.00015664100646972656,0.019980907440185547,True,0.0465245246887207,1.0,1.0,0.04916882514953613,1,1,0.10966897010803223,0.1417374610900879,top-1,970,False,20,0.3542201519012451,0.25119471549987793,0.8687844276428223
single_52,single,full,corafull,5,-1,-1,False,0.0,[5],20,0.0,0.0,0.0,True,3.759857654571533,1.0,1.0,3.7881269454956055,1,1,3.7923905849456787,3.7925198078155518,full,19793,False,20,0.3542201519012451,0.25119471549987793,0.8687844276428223
single_53,single,stitch,corafull,12,12,61,True,1.0,[12],20,0.005517244338989258,0.00016260147094726562,0.021034717559814453,True,0.04184079170227051,1.0,1.0,0.04355788230895996,1,1,0.1004796028137207,0.13318157196044922,top-1,966,False,20,0.3542201519012451,0.25119471549987793,0.8687844276428223
single_53,single,full,corafull,12,-1,-1,False,0.0,[12],20,0.0,0.0,0.0,True,3.432194948196411,1.0,1.0,3.4631950855255127,1,1,3.4671895503997803,3.4673194885253906,full,19793,False,20,0.3542201519012451,0.25119471549987793,0.8687844276428223
single_54,single,stitch,corafull,14,14,72,True,1.0,[14],20,0.004791736602783203,0.0001361370086669922,0.021817684173583984,True,0.04268240928649902,1.0,1.0,0.04424118995666504,1,1,0.10213398933410645,0.13551115989685059,top-1,968,False,20,0.3542201519012451,0.25119471549987793,0.8687844276428223
single_54,single,full,corafull,14,-1,-1,False,0.0,[14],20,0.0,0.0,0.0,True,3.5610430240631104,0.95,1.0,3.589475393295288,2,2,3.594090223312378,3.5941877365112305,full,19793,False,20,0.3542201519012451,0.25119471549987793,0.8687844276428223
single_55,single,stitch,corafull,11,11,59,True,1.0,[11],20,0.005048990249633789,0.0001513957977294922,0.02085709571838379,True,0.0402681827545166,1.0,1.0,0.04176688194274902,1,1,0.09887456893920898,0.13068556785583496,top-1,990,False,20,0.3542201519012451,0.25119471549987793,0.8687844276428223
single_55,single,full,corafull,11,-1,-1,False,0.0,[11],20,0.0,0.0,0.0,True,3.634425163269043,1.0,1.0,3.665950059890747,1,1,3.6701974868774414,3.6703057289123535,full,19793,False,20,0.3542201519012451,0.25119471549987793,0.8687844276428223
single_56,single,stitch,corafull,4,4,20,True,1.0,[4],20,0.005593061447143555,0.0001823902130126953,0.021985530853271484,True,0.04422807693481445,1.0,1.0,0.04591965675354004,1,1,0.10424208641052246,0.1386411190032959,top-1,977,False,20,0.3542201519012451,0.25119471549987793,0.8687844276428223
single_56,single,full,corafull,4,-1,-1,False,0.0,[4],20,0.0,0.0,0.0,True,3.610551595687866,0.95,1.0,3.6402885913848877,2,2,3.644679546356201,3.644779920578003,full,19793,False,20,0.3542201519012451,0.25119471549987793,0.8687844276428223
single_57,single,stitch,corafull,4,4,22,True,1.0,[4],20,0.005125522613525391,0.00014328956604003906,0.02625131607055664,True,0.04214739799499512,1.0,1.0,0.043462276458740234,1,1,0.10413479804992676,0.14248037338256836,top-1,977,False,20,0.3542201519012451,0.25119471549987793,0.8687844276428223
single_57,single,full,corafull,4,-1,-1,False,0.0,[4],20,0.0,0.0,0.0,True,3.694650411605835,0.95,1.0,3.726747512817383,8,8,3.732137680053711,3.7322378158569336,full,19793,False,20,0.3542201519012451,0.25119471549987793,0.8687844276428223
single_58,single,stitch,corafull,16,16,83,True,1.0,[16],16,0.004958391189575195,0.00015425682067871094,0.020706653594970703,True,0.04555702209472656,1.0,1.0,0.047858476638793945,1,1,0.11456131935119629,0.14728784561157227,top-1,997,False,20,0.3542201519012451,0.25119471549987793,0.8687844276428223
single_58,single,full,corafull,16,-1,-1,False,0.0,[16],16,0.0,0.0,0.0,True,3.6185009479522705,1.0,1.0,3.651960611343384,1,1,3.6561036109924316,3.6563515663146973,full,19793,False,20,0.3542201519012451,0.25119471549987793,0.8687844276428223
single_59,single,stitch,corafull,9,9,47,True,1.0,[9],20,0.004933595657348633,0.00014019012451171875,0.021012544631958008,True,0.04736638069152832,1.0,1.0,0.05116081237792969,1,1,0.1141514778137207,0.1486802101135254,top-1,1019,False,20,0.3542201519012451,0.25119471549987793,0.8687844276428223
single_59,single,full,corafull,9,-1,-1,False,0.0,[9],20,0.0,0.0,0.0,True,3.6094882488250732,0.95,1.0,3.6408777236938477,2,2,3.645449638366699,3.6455442905426025,full,19793,False,20,0.3542201519012451,0.25119471549987793,0.8687844276428223
single_60,single,stitch,corafull,16,16,84,True,1.0,[16],20,0.00531315803527832,0.00032520294189453125,0.02326202392578125,True,0.043665409088134766,1.0,1.0,0.04540371894836426,1,1,0.10550284385681152,0.14139032363891602,top-1,997,False,20,0.3542201519012451,0.25119471549987793,0.8687844276428223
single_60,single,full,corafull,16,-1,-1,False,0.0,[16],20,0.0,0.0,0.0,True,3.548713445663452,0.95,1.0,3.58168888092041,3,3,3.5862479209899902,3.5863606929779053,full,19793,False,20,0.3542201519012451,0.25119471549987793,0.8687844276428223
single_61,single,stitch,corafull,10,10,53,True,1.0,[10],20,0.004789829254150391,0.00013589859008789062,0.020417451858520508,True,0.04400277137756348,1.0,1.0,0.04616069793701172,1,1,0.11145162582397461,0.14389514923095703,top-1,1016,False,20,0.3542201519012451,0.25119471549987793,0.8687844276428223
single_61,single,full,corafull,10,-1,-1,False,0.0,[10],20,0.0,0.0,0.0,True,3.575390338897705,1.0,1.0,3.6039700508117676,1,1,3.6081109046936035,3.60821533203125,full,19793,False,20,0.3542201519012451,0.25119471549987793,0.8687844276428223
single_62,single,stitch,corafull,12,12,62,True,1.0,[12],20,0.0047283172607421875,0.00015115737915039062,0.019917964935302734,True,0.041445255279541016,1.0,1.0,0.04299306869506836,1,1,0.10106158256530762,0.13159441947937012,top-1,966,False,20,0.3542201519012451,0.25119471549987793,0.8687844276428223
single_62,single,full,corafull,12,-1,-1,False,0.0,[12],20,0.0,0.0,0.0,True,3.642150402069092,1.0,1.0,3.675757884979248,1,1,3.6803719997406006,3.680462121963501,full,19793,False,20,0.3542201519012451,0.25119471549987793,0.8687844276428223
single_63,single,stitch,corafull,14,14,71,True,1.0,[14],20,0.005544424057006836,0.000152587890625,0.02131199836730957,True,0.043425559997558594,1.0,1.0,0.045195817947387695,1,1,0.1035928726196289,0.13691329956054688,top-1,968,False,20,0.3542201519012451,0.25119471549987793,0.8687844276428223
single_63,single,full,corafull,14,-1,-1,False,0.0,[14],20,0.0,0.0,0.0,True,3.59599232673645,1.0,1.0,3.6262872219085693,1,1,3.6306328773498535,3.630765914916992,full,19793,False,20,0.3542201519012451,0.25119471549987793,0.8687844276428223
single_64,single,stitch,corafull,19,19,95,True,1.0,[19],20,0.004792451858520508,0.00017118453979492188,0.02014923095703125,True,0.044832468032836914,1.0,1.0,0.04774641990661621,1,1,0.1105959415435791,0.1434166431427002,top-1,1018,False,20,0.3542201519012451,0.25119471549987793,0.8687844276428223
single_64,single,full,corafull,19,-1,-1,False,0.0,[19],20,0.0,0.0,0.0,True,3.5393197536468506,1.0,1.0,3.5697238445281982,1,1,3.5740127563476562,3.5741312503814697,full,19793,False,20,0.3542201519012451,0.25119471549987793,0.8687844276428223
single_65,single,stitch,corafull,17,17,87,True,1.0,[17],20,0.004792213439941406,0.0001780986785888672,0.02031850814819336,True,0.04236769676208496,1.0,1.0,0.044164419174194336,1,1,0.10168123245239258,0.13248944282531738,top-1,969,False,20,0.3542201519012451,0.25119471549987793,0.8687844276428223
single_65,single,full,corafull,17,-1,-1,False,0.0,[17],20,0.0,0.0,0.0,True,3.465954065322876,0.95,1.0,3.5030574798583984,2,2,3.5076041221618652,3.5077552795410156,full,19793,False,20,0.3542201519012451,0.25119471549987793,0.8687844276428223
single_66,single,stitch,corafull,19,19,99,True,1.0,[19],20,0.005735158920288086,0.0001723766326904297,0.027733802795410156,True,0.054945945739746094,0.75,1.0,0.05731606483459473,100,100,0.13262605667114258,0.174058198928833,top-1,1018,False,20,0.3542201519012451,0.25119471549987793,0.8687844276428223
single_66,single,full,corafull,19,-1,-1,False,0.0,[19],20,0.0,0.0,0.0,True,3.8402390480041504,0.8,0.95,3.8607583045959473,100,100,3.8764593601226807,3.876629590988159,full,19793,False,20,0.3542201519012451,0.25119471549987793,0.8687844276428223
single_67,single,stitch,corafull,18,18,94,True,1.0,[18],20,0.005626201629638672,0.00021719932556152344,0.02327871322631836,True,0.04540300369262695,1.0,1.0,0.04762697219848633,1,1,0.10831880569458008,0.15770316123962402,top-1,969,False,20,0.3542201519012451,0.25119471549987793,0.8687844276428223
single_67,single,full,corafull,18,-1,-1,False,0.0,[18],20,0.0,0.0,0.0,True,4.539032220840454,1.0,1.0,4.569544076919556,1,1,4.574464559555054,4.5746424198150635,full,19793,False,20,0.3542201519012451,0.25119471549987793,0.8687844276428223
single_68,single,stitch,corafull,15,15,75,True,1.0,[15],20,0.005102872848510742,0.00015115737915039062,0.037760019302368164,True,0.046959638595581055,0.95,1.0,0.05101823806762695,3,3,0.1139225959777832,0.16687440872192383,top-1,1016,False,20,0.3542201519012451,0.25119471549987793,0.8687844276428223
single_68,single,full,corafull,15,-1,-1,False,0.0,[15],20,0.0,0.0,0.0,True,3.883265256881714,0.95,1.0,3.917956829071045,3,3,3.922966957092285,3.9231157302856445,full,19793,False,20,0.3542201519012451,0.25119471549987793,0.8687844276428223
single_69,single,stitch,corafull,2,2,11,True,1.0,[2],20,0.0050640106201171875,0.00015401840209960938,0.02284097671508789,True,0.0496821403503418,1.0,1.0,0.05347442626953125,1,1,0.11240744590759277,0.14560508728027344,top-1,962,False,20,0.3542201519012451,0.25119471549987793,0.8687844276428223
single_69,single,full,corafull,2,-1,-1,False,0.0,[2],20,0.0,0.0,0.0,True,3.7427945137023926,1.0,1.0,3.78106427192688,1,1,3.7850329875946045,3.7851269245147705,full,19793,False,20,0.3542201519012451,0.25119471549987793,0.8687844276428223
single_70,single,stitch,corafull,10,10,52,True,1.0,[10],20,0.004930019378662109,0.00014710426330566406,0.02153944969177246,True,0.04780173301696777,1.0,1.0,0.05048656463623047,1,1,0.11129546165466309,0.14544439315795898,top-1,1016,False,20,0.3542201519012451,0.25119471549987793,0.8687844276428223
single_70,single,full,corafull,10,-1,-1,False,0.0,[10],20,0.0,0.0,0.0,True,3.748457193374634,1.0,1.0,3.779630422592163,1,1,3.785796642303467,3.7859103679656982,full,19793,False,20,0.3542201519012451,0.25119471549987793,0.8687844276428223
single_71,single,stitch,corafull,0,0,1,True,1.0,[0],20,0.004952192306518555,0.0001590251922607422,0.020179271697998047,True,0.047029733657836914,1.0,1.0,0.049947261810302734,1,1,0.1074678897857666,0.1392803192138672,top-1,998,False,20,0.3542201519012451,0.25119471549987793,0.8687844276428223
single_71,single,full,corafull,0,-1,-1,False,0.0,[0],20,0.0,0.0,0.0,True,3.919468641281128,1.0,1.0,3.9696590900421143,1,1,3.9741687774658203,3.9742655754089355,full,19793,False,20,0.3542201519012451,0.25119471549987793,0.8687844276428223
single_72,single,stitch,corafull,13,13,67,True,1.0,[13],20,0.005803823471069336,0.00022268295288085938,0.02266073226928711,True,0.051329851150512695,1.0,1.0,0.0532383918762207,1,1,0.11402225494384766,0.15204834938049316,top-1,1017,False,20,0.3542201519012451,0.25119471549987793,0.8687844276428223
single_72,single,full,corafull,13,-1,-1,False,0.0,[13],20,0.0,0.0,0.0,True,4.746385812759399,1.0,1.0,4.779072284698486,1,1,4.78350305557251,4.78366231918335,full,19793,False,20,0.3542201519012451,0.25119471549987793,0.8687844276428223
single_73,single,stitch,corafull,4,4,22,True,1.0,[4],20,0.005936622619628906,0.00018262863159179688,0.022884845733642578,True,0.04556083679199219,0.95,1.0,0.046994924545288086,2,2,0.10868215560913086,0.14558672904968262,top-1,977,False,20,0.3542201519012451,0.25119471549987793,0.8687844276428223
single_73,single,full,corafull,4,-1,-1,False,0.0,[4],20,0.0,0.0,0.0,True,3.668604850769043,0.95,1.0,3.704578399658203,92,92,3.7190909385681152,3.7191872596740723,full,19793,False,20,0.3542201519012451,0.25119471549987793,0.8687844276428223
single_74,single,stitch,corafull,5,5,25,True,1.0,[5],20,0.004935503005981445,0.00015091896057128906,0.02031874656677246,True,0.042136430740356445,1.0,1.0,0.0444183349609375,1,1,0.10367369651794434,0.1352827548980713,top-1,970,False,20,0.3542201519012451,0.25119471549987793,0.8687844276428223
single_74,single,full,corafull,5,-1,-1,False,0.0,[5],20,0.0,0.0,0.0,True,3.7037813663482666,1.0,1.0,3.73410701751709,1,1,3.7384047508239746,3.7385013103485107,full,19793,False,20,0.3542201519012451,0.25119471549987793,0.8687844276428223
single_75,single,stitch,corafull,8,8,43,True,1.0,[8],20,0.005068302154541016,0.00016736984252929688,0.020616531372070312,True,0.051781415939331055,1.0,1.0,0.0543522834777832,1,1,0.11662054061889648,0.15098023414611816,top-1,999,False,20,0.3542201519012451,0.25119471549987793,0.8687844276428223
single_75,single,full,corafull,8,-1,-1,False,0.0,[8],20,0.0,0.0,0.0,True,3.531890630722046,1.0,1.0,3.5651419162750244,1,1,3.569561004638672,3.5697028636932373,full,19793,False,20,0.3542201519012451,0.25119471549987793,0.8687844276428223
single_76,single,stitch,corafull,15,15,77,True,1.0,[15],20,0.004660606384277344,0.00015592575073242188,0.019908666610717773,True,0.04761815071105957,1.0,1.0,0.05054283142089844,1,1,0.11271786689758301,0.14439058303833008,top-1,1016,False,20,0.3542201519012451,0.25119471549987793,0.8687844276428223
single_76,single,full,corafull,15,-1,-1,False,0.0,[15],20,0.0,0.0,0.0,True,3.826195240020752,1.0,1.0,3.8606960773468018,1,1,3.8652737140655518,3.8654167652130127,full,19793,False,20,0.3542201519012451,0.25119471549987793,0.8687844276428223
single_77,single,stitch,corafull,17,17,86,True,1.0,[17],20,0.00483393669128418,0.00014400482177734375,0.020197391510009766,True,0.04277396202087402,1.0,1.0,0.04445075988769531,1,1,0.10072016716003418,0.1314549446105957,top-1,969,False,20,0.3542201519012451,0.25119471549987793,0.8687844276428223
single_77,single,full,corafull,17,-1,-1,False,0.0,[17],20,0.0,0.0,0.0,True,3.6268603801727295,0.95,1.0,3.655839204788208,2,2,3.660400390625,3.6605653762817383,full,19793,False,20,0.3542201519012451,0.25119471549987793,0.8687844276428223
single_78,single,stitch,corafull,4,4,20,True,1.0,[4],20,0.0050296783447265625,0.00016808509826660156,0.02169013023376465,True,0.057478904724121094,1.0,1.0,0.06192135810852051,1,1,0.12235164642333984,0.17137980461120605,top-1,977,False,20,0.3542201519012451,0.25119471549987793,0.8687844276428223
single_78,single,full,corafull,4,-1,-1,False,0.0,[4],20,0.0,0.0,0.0,True,3.5217180252075195,1.0,1.0,3.5421128273010254,4,4,3.5476667881011963,3.5478453636169434,full,19793,False,20,0.3542201519012451,0.25119471549987793,0.8687844276428223
single_79,single,stitch,corafull,14,14,71,True,1.0,[14],20,0.005393505096435547,0.00015306472778320312,0.021043777465820312,True,0.04488539695739746,1.0,1.0,0.0470576286315918,1,1,0.10440874099731445,0.14046716690063477,top-1,968,False,20,0.3542201519012451,0.25119471549987793,0.8687844276428223
single_79,single,full,corafull,14,-1,-1,False,0.0,[14],20,0.0,0.0,0.0,True,3.613157272338867,1.0,1.0,3.64927339553833,1,1,3.653724431991577,3.653865337371826,full,19793,False,20,0.3542201519012451,0.25119471549987793,0.8687844276428223
single_80,single,stitch,corafull,14,14,72,True,1.0,[14],17,0.005410194396972656,0.0007185935974121094,0.02220630645751953,True,0.043808698654174805,1.0,1.0,0.04609537124633789,1,1,0.10516786575317383,0.13997101783752441,top-1,968,False,20,0.3542201519012451,0.25119471549987793,0.8687844276428223
single_80,single,full,corafull,14,-1,-1,False,0.0,[14],17,0.0,0.0,0.0,True,3.5373406410217285,1.0,1.0,3.5678224563598633,1,1,3.5715742111206055,3.571702718734741,full,19793,False,20,0.3542201519012451,0.25119471549987793,0.8687844276428223
single_81,single,stitch,corafull,8,8,43,True,1.0,[8],20,0.004797697067260742,0.0001430511474609375,0.020341873168945312,True,0.04477667808532715,0.9,1.0,0.046800851821899414,2,2,0.10752630233764648,0.1399097442626953,top-1,999,False,20,0.3542201519012451,0.25119471549987793,0.8687844276428223
single_81,single,full,corafull,8,-1,-1,False,0.0,[8],20,0.0,0.0,0.0,True,3.4515295028686523,0.85,1.0,3.4814958572387695,4,4,3.4856648445129395,3.4857492446899414,full,19793,False,20,0.3542201519012451,0.25119471549987793,0.8687844276428223
single_82,single,stitch,corafull,17,17,87,True,1.0,[17],20,0.004881858825683594,0.0001544952392578125,0.020345211029052734,True,0.04124188423156738,1.0,1.0,0.04257702827453613,1,1,0.10116720199584961,0.1330876350402832,top-1,969,False,20,0.3542201519012451,0.25119471549987793,0.8687844276428223
single_82,single,full,corafull,17,-1,-1,False,0.0,[17],20,0.0,0.0,0.0,True,3.6116485595703125,0.95,1.0,3.642404079437256,2,2,3.646486282348633,3.646580457687378,full,19793,False,20,0.3542201519012451,0.25119471549987793,0.8687844276428223
single_83,single,stitch,corafull,15,15,76,True,1.0,[15],20,0.005251169204711914,0.00018024444580078125,0.02074289321899414,True,0.04266071319580078,1.0,1.0,0.044945478439331055,1,1,0.10668325424194336,0.13949012756347656,top-1,1016,False,20,0.3542201519012451,0.25119471549987793,0.8687844276428223
single_83,single,full,corafull,15,-1,-1,False,0.0,[15],20,0.0,0.0,0.0,True,3.613445520401001,1.0,1.0,3.642838716506958,1,1,3.646926164627075,3.647047758102417,full,19793,False,20,0.3542201519012451,0.25119471549987793,0.8687844276428223
single_84,single,stitch,corafull,12,12,60,True,1.0,[12],20,0.0050411224365234375,0.00014901161193847656,0.02166271209716797,True,0.04304790496826172,1.0,1.0,0.0448148250579834,1,1,0.10547780990600586,0.13975811004638672,top-1,966,False,20,0.3542201519012451,0.25119471549987793,0.8687844276428223
single_84,single,full,corafull,12,-1,-1,False,0.0,[12],20,0.0,0.0,0.0,True,3.5897085666656494,1.0,1.0,3.622765064239502,1,1,3.6275699138641357,3.627671003341675,full,19793,False,20,0.3542201519012451,0.25119471549987793,0.8687844276428223
single_85,single,stitch,corafull,15,15,79,True,1.0,[15],20,0.004853487014770508,0.00015735626220703125,0.02066946029663086,True,0.04267382621765137,1.0,1.0,0.04564523696899414,1,1,0.10798358917236328,0.1406557559967041,top-1,1016,False,20,0.3542201519012451,0.25119471549987793,0.8687844276428223
single_85,single,full,corafull,15,-1,-1,False,0.0,[15],20,0.0,0.0,0.0,True,3.635333299636841,1.0,1.0,3.6652019023895264,1,1,3.669367551803589,3.6694631576538086,full,19793,False,20,0.3542201519012451,0.25119471549987793,0.8687844276428223
single_86,single,stitch,corafull,4,4,22,True,1.0,[4],20,0.005764961242675781,0.00020194053649902344,0.02201104164123535,True,0.04448413848876953,1.0,1.0,0.046323299407958984,1,1,0.10924148559570312,0.14739680290222168,top-1,977,False,20,0.3542201519012451,0.25119471549987793,0.8687844276428223
single_86,single,full,corafull,4,-1,-1,False,0.0,[4],20,0.0,0.0,0.0,True,3.692206859588623,1.0,1.0,3.725163459777832,2,2,3.7297372817993164,3.7298386096954346,full,19793,False,20,0.3542201519012451,0.25119471549987793,0.8687844276428223
single_87,single,stitch,corafull,5,5,29,True,1.0,[5],20,0.008282661437988281,0.00041413307189941406,0.02199697494506836,True,0.04845738410949707,1.0,1.0,0.05087709426879883,1,1,0.10916948318481445,0.14843440055847168,top-1,970,False,20,0.3542201519012451,0.25119471549987793,0.8687844276428223
single_87,single,full,corafull,5,-1,-1,False,0.0,[5],20,0.0,0.0,0.0,True,3.6464269161224365,1.0,1.0,3.6787612438201904,1,1,3.6829729080200195,3.683110475540161,full,19793,False,20,0.3542201519012451,0.25119471549987793,0.8687844276428223
single_88,single,stitch,corafull,16,16,81,True,1.0,[16],20,0.0061376094818115234,0.0002491474151611328,0.021823406219482422,True,0.053124189376831055,0.95,1.0,0.05677032470703125,2,2,0.12208724021911621,0.15769195556640625,top-1,997,False,20,0.3542201519012451,0.25119471549987793,0.8687844276428223
single_88,single,full,corafull,16,-1,-1,False,0.0,[16],20,0.0,0.0,0.0,True,3.7246439456939697,0.95,1.0,3.753755807876587,2,2,3.758928060531616,3.759085178375244,full,19793,False,20,0.3542201519012451,0.25119471549987793,0.8687844276428223
single_89,single,stitch,corafull,13,13,69,True,1.0,[13],20,0.005351543426513672,0.00017380714416503906,0.021061182022094727,True,0.046923160552978516,1.0,1.0,0.04968595504760742,1,1,0.11262679100036621,0.14681458473205566,top-1,1017,False,20,0.3542201519012451,0.25119471549987793,0.8687844276428223
single_89,single,full,corafull,13,-1,-1,False,0.0,[13],20,0.0,0.0,0.0,True,3.717170000076294,1.0,1.0,3.7489748001098633,1,1,3.7534775733947754,3.7536051273345947,full,19793,False,20,0.3542201519012451,0.25119471549987793,0.8687844276428223
single_90,single,stitch,corafull,0,0,0,True,1.0,[0],20,0.005395174026489258,0.00017762184143066406,0.021098852157592773,True,0.04828381538391113,1.0,1.0,0.0504910945892334,1,1,0.11582088470458984,0.1551058292388916,top-1,998,False,20,0.3542201519012451,0.25119471549987793,0.8687844276428223
single_90,single,full,corafull,0,-1,-1,False,0.0,[0],20,0.0,0.0,0.0,True,3.8113439083099365,1.0,1.0,3.8462462425231934,1,1,3.850886821746826,3.8510262966156006,full,19793,False,20,0.3542201519012451,0.25119471549987793,0.8687844276428223
single_91,single,stitch,corafull,1,1,9,True,1.0,[1],20,0.004992008209228516,0.0001633167266845703,0.02153635025024414,True,0.04517102241516113,1.0,1.0,0.049236297607421875,1,1,0.11046338081359863,0.14372706413269043,top-1,972,False,20,0.3542201519012451,0.25119471549987793,0.8687844276428223
single_91,single,full,corafull,1,-1,-1,False,0.0,[1],20,0.0,0.0,0.0,True,3.797428846359253,1.0,1.0,3.8307673931121826,1,1,3.835919141769409,3.8360934257507324,full,19793,False,20,0.3542201519012451,0.25119471549987793,0.8687844276428223
single_92,single,stitch,corafull,6,6,34,True,1.0,[6],20,0.004979372024536133,0.00016951560974121094,0.020881175994873047,True,0.047821044921875,1.0,1.0,0.051323890686035156,1,1,0.11528182029724121,0.15034031867980957,top-1,1018,False,20,0.3542201519012451,0.25119471549987793,0.8687844276428223
single_92,single,full,corafull,6,-1,-1,False,0.0,[6],20,0.0,0.0,0.0,True,3.7853918075561523,1.0,1.0,3.8176968097686768,1,1,3.8226218223571777,3.8227837085723877,full,19793,False,20,0.3542201519012451,0.25119471549987793,0.8687844276428223
single_93,single,stitch,corafull,10,10,52,True,1.0,[10],20,0.0055010318756103516,0.00018525123596191406,0.02101731300354004,True,0.05346846580505371,1.0,1.0,0.05812811851501465,1,1,0.11981034278869629,0.16025590896606445,top-1,1016,False,20,0.3542201519012451,0.25119471549987793,0.8687844276428223
single_93,single,full,corafull,10,-1,-1,False,0.0,[10],20,0.0,0.0,0.0,True,3.8100497722625732,1.0,1.0,3.842907190322876,1,1,3.849306583404541,3.8494043350219727,full,19793,False,20,0.3542201519012451,0.25119471549987793,0.8687844276428223
single_94,single,stitch,corafull,15,15,77,True,1.0,[15],20,0.0053250789642333984,0.0002853870391845703,0.02222609519958496,True,0.04714465141296387,1.0,1.0,0.049898386001586914,1,1,0.10981154441833496,0.14564752578735352,top-1,1016,False,20,0.3542201519012451,0.25119471549987793,0.8687844276428223
single_94,single,full,corafull,15,-1,-1,False,0.0,[15],20,0.0,0.0,0.0,True,3.7720417976379395,1.0,1.0,3.8002281188964844,1,1,3.8051133155822754,3.805204153060913,full,19793,False,20,0.3542201519012451,0.25119471549987793,0.8687844276428223
single_95,single,stitch,corafull,6,6,33,True,1.0,[6],20,0.00490260124206543,0.00013637542724609375,0.021671295166015625,True,0.04893827438354492,1.0,1.0,0.052278757095336914,1,1,0.11781644821166992,0.15265870094299316,top-1,1018,False,20,0.3542201519012451,0.25119471549987793,0.8687844276428223
single_95,single,full,corafull,6,-1,-1,False,0.0,[6],20,0.0,0.0,0.0,True,3.4624898433685303,1.0,1.0,3.4964494705200195,1,1,3.5012319087982178,3.501399040222168,full,19793,False,20,0.3542201519012451,0.25119471549987793,0.8687844276428223
single_96,single,stitch,corafull,2,2,14,True,1.0,[2],20,0.005902767181396484,0.00048351287841796875,0.022085905075073242,True,0.04790520668029785,1.0,1.0,0.05032038688659668,1,1,0.10906362533569336,0.14168643951416016,top-1,962,False,20,0.3542201519012451,0.25119471549987793,0.8687844276428223
single_96,single,full,corafull,2,-1,-1,False,0.0,[2],20,0.0,0.0,0.0,True,3.8628244400024414,0.95,1.0,3.894364356994629,2,2,3.899644374847412,3.8997957706451416,full,19793,False,20,0.3542201519012451,0.25119471549987793,0.8687844276428223
single_97,single,stitch,corafull,13,13,68,True,1.0,[13],20,0.00564885139465332,0.00016164779663085938,0.022676944732666016,True,0.04788827896118164,1.0,1.0,0.05033135414123535,1,1,0.11751675605773926,0.15491032600402832,top-1,1017,False,20,0.3542201519012451,0.25119471549987793,0.8687844276428223
single_97,single,full,corafull,13,-1,-1,False,0.0,[13],20,0.0,0.0,0.0,True,3.598606586456299,1.0,1.0,3.628676414489746,1,1,3.6333281993865967,3.633434534072876,full,19793,False,20,0.3542201519012451,0.25119471549987793,0.8687844276428223
single_98,single,stitch,corafull,13,13,68,True,1.0,[13],20,0.005556344985961914,0.0001647472381591797,0.021806955337524414,True,0.04530930519104004,1.0,1.0,0.048151493072509766,1,1,0.1133725643157959,0.14854812622070312,top-1,1017,False,20,0.3542201519012451,0.25119471549987793,0.8687844276428223
single_98,single,full,corafull,13,-1,-1,False,0.0,[13],20,0.0,0.0,0.0,True,3.7183892726898193,1.0,1.0,3.7517309188842773,1,1,3.755819082260132,3.7559702396392822,full,19793,False,20,0.3542201519012451,0.25119471549987793,0.8687844276428223
single_99,single,stitch,corafull,6,6,32,True,1.0,[6],20,0.005204200744628906,0.0001494884490966797,0.02080559730529785,True,0.04428744316101074,1.0,1.0,0.04566454887390137,1,1,0.10898971557617188,0.14267706871032715,top-1,1018,False,20,0.3542201519012451,0.25119471549987793,0.8687844276428223
single_99,single,full,corafull,6,-1,-1,False,0.0,[6],20,0.0,0.0,0.0,True,3.562044620513916,0.95,1.0,3.5924417972564697,2,2,3.597001552581787,3.597128391265869,full,19793,False,20,0.3542201519012451,0.25119471549987793,0.8687844276428223
single_100,single,stitch,corafull,8,8,41,True,1.0,[8],50,0.0049512386322021484,0.0001361370086669922,0.0197756290435791,True,0.05106663703918457,1.0,1.0,0.053971290588378906,1,1,0.11608719825744629,0.14788103103637695,top-1,999,False,50,0.3542201519012451,0.25119471549987793,0.8687844276428223
single_100,single,full,corafull,8,-1,-1,False,0.0,[8],50,0.0,0.0,0.0,True,3.817594289779663,1.0,1.0,3.852437973022461,1,1,3.864607334136963,3.8647727966308594,full,19793,False,50,0.3542201519012451,0.25119471549987793,0.8687844276428223
single_101,single,stitch,corafull,9,9,45,True,1.0,[9],50,0.005082368850708008,0.00015211105346679688,0.021987438201904297,True,0.05094552040100098,1.0,1.0,0.05349254608154297,1,1,0.12295079231262207,0.16536903381347656,top-1,1019,False,50,0.3542201519012451,0.25119471549987793,0.8687844276428223
single_101,single,full,corafull,9,-1,-1,False,0.0,[9],50,0.0,0.0,0.0,True,3.84906005859375,0.96,1.0,3.885340690612793,4,4,3.9015109539031982,3.901616334915161,full,19793,False,50,0.3542201519012451,0.25119471549987793,0.8687844276428223
single_102,single,stitch,corafull,10,10,51,True,1.0,[10],25,0.004900455474853516,0.00015282630920410156,0.020226478576660156,True,0.04583597183227539,0.92,1.0,0.048041343688964844,2,2,0.1102597713470459,0.14264535903930664,top-1,1016,False,50,0.3542201519012451,0.25119471549987793,0.8687844276428223
single_102,single,full,corafull,10,-1,-1,False,0.0,[10],25,0.0,0.0,0.0,True,3.6707375049591064,0.92,1.0,3.6994314193725586,2,2,3.7048654556274414,3.705007553100586,full,19793,False,50,0.3542201519012451,0.25119471549987793,0.8687844276428223
single_103,single,stitch,corafull,10,10,53,True,1.0,[10],50,0.0057430267333984375,0.0002269744873046875,0.020929336547851562,True,0.04528450965881348,1.0,1.0,0.04778575897216797,1,1,0.1172332763671875,0.15946388244628906,top-1,1016,False,50,0.3542201519012451,0.25119471549987793,0.8687844276428223
single_103,single,full,corafull,10,-1,-1,False,0.0,[10],50,0.0,0.0,0.0,True,3.6578869819641113,1.0,1.0,3.6995503902435303,1,1,3.7080836296081543,3.708230972290039,full,19793,False,50,0.3542201519012451,0.25119471549987793,0.8687844276428223
single_104,single,stitch,corafull,9,9,47,True,1.0,[9],50,0.0061337947845458984,0.00020360946655273438,0.023543834686279297,True,0.05715608596801758,1.0,1.0,0.061116695404052734,1,1,0.12955474853515625,0.16897964477539062,top-1,1019,False,50,0.3542201519012451,0.25119471549987793,0.8687844276428223
single_104,single,full,corafull,9,-1,-1,False,0.0,[9],50,0.0,0.0,0.0,True,3.7172186374664307,0.98,1.0,3.7507262229919434,2,2,3.7597007751464844,3.759904146194458,full,19793,False,50,0.3542201519012451,0.25119471549987793,0.8687844276428223
single_105,single,stitch,corafull,6,6,33,True,1.0,[6],50,0.0056879520416259766,0.00017070770263671875,0.021213769912719727,True,0.04778480529785156,1.0,1.0,0.05027937889099121,1,1,0.11631345748901367,0.15097880363464355,top-1,1018,False,50,0.3542201519012451,0.25119471549987793,0.8687844276428223
single_105,single,full,corafull,6,-1,-1,False,0.0,[6],50,0.0,0.0,0.0,True,3.818371295928955,1.0,1.0,3.846376895904541,1,1,3.8543572425842285,3.854475259780884,full,19793,False,50,0.3542201519012451,0.25119471549987793,0.8687844276428223
single_106,single,stitch,corafull,4,4,22,True,1.0,[4],50,0.004945278167724609,0.00013828277587890625,0.020223379135131836,True,0.0425722599029541,1.0,1.0,0.04403805732727051,1,1,0.1062462329864502,0.13812828063964844,top-1,977,False,50,0.3542201519012451,0.25119471549987793,0.8687844276428223
single_106,single,full,corafull,4,-1,-1,False,0.0,[4],50,0.0,0.0,0.0,True,3.609694719314575,1.0,1.0,3.642655611038208,2,2,3.6536502838134766,3.6538074016571045,full,19793,False,50,0.3542201519012451,0.25119471549987793,0.8687844276428223
single_107,single,stitch,corafull,0,0,2,True,1.0,[0],35,0.004915714263916016,0.00014925003051757812,0.02073216438293457,True,0.04559731483459473,1.0,1.0,0.05043220520019531,1,1,0.11107182502746582,0.14415645599365234,top-1,998,False,50,0.3542201519012451,0.25119471549987793,0.8687844276428223
single_107,single,full,corafull,0,-1,-1,False,0.0,[0],35,0.0,0.0,0.0,True,3.686306953430176,1.0,1.0,3.7185561656951904,1,1,3.724918842315674,3.7250428199768066,full,19793,False,50,0.3542201519012451,0.25119471549987793,0.8687844276428223
single_108,single,stitch,corafull,9,9,47,True,1.0,[9],50,0.0048961639404296875,0.00013184547424316406,0.021162033081054688,True,0.046456098556518555,1.0,1.0,0.04866957664489746,1,1,0.11577177047729492,0.15027904510498047,top-1,1019,False,50,0.3542201519012451,0.25119471549987793,0.8687844276428223
single_108,single,full,corafull,9,-1,-1,False,0.0,[9],50,0.0,0.0,0.0,True,3.7619516849517822,0.96,1.0,3.793252468109131,4,4,3.8019468784332275,3.80204176902771,full,19793,False,50,0.3542201519012451,0.25119471549987793,0.8687844276428223
single_109,single,stitch,corafull,6,6,32,True,1.0,[6],50,0.005028963088989258,0.00021123886108398438,0.02094554901123047,True,0.051229000091552734,1.0,1.0,0.054083824157714844,1,1,0.12554025650024414,0.1620192527770996,top-1,1018,False,50,0.3542201519012451,0.25119471549987793,0.8687844276428223
single_109,single,full,corafull,6,-1,-1,False,0.0,[6],50,0.0,0.0,0.0,True,3.7730135917663574,0.98,1.0,3.8055107593536377,2,2,3.814413070678711,3.8145835399627686,full,19793,False,50,0.3542201519012451,0.25119471549987793,0.8687844276428223
single_110,single,stitch,corafull,9,9,47,True,1.0,[9],50,0.0048673152923583984,0.00016260147094726562,0.02091240882873535,True,0.05390524864196777,1.0,1.0,0.0567622184753418,1,1,0.12645316123962402,0.1623091697692871,top-1,1019,False,50,0.3542201519012451,0.25119471549987793,0.8687844276428223
single_110,single,full,corafull,9,-1,-1,False,0.0,[9],50,0.0,0.0,0.0,True,3.7159674167633057,0.98,1.0,3.7576301097869873,2,2,3.766535520553589,3.7666661739349365,full,19793,False,50,0.3542201519012451,0.25119471549987793,0.8687844276428223
single_111,single,stitch,corafull,13,13,68,True,1.0,[13],50,0.0062198638916015625,0.00017499923706054688,0.024935007095336914,True,0.048738718032836914,1.0,1.0,0.05061674118041992,1,1,0.11519336700439453,0.15425992012023926,top-1,1017,False,50,0.3542201519012451,0.25119471549987793,0.8687844276428223
single_111,single,full,corafull,13,-1,-1,False,0.0,[13],50,0.0,0.0,0.0,True,3.808751106262207,1.0,1.0,3.838458776473999,1,1,3.846381425857544,3.8464739322662354,full,19793,False,50,0.3542201519012451,0.25119471549987793,0.8687844276428223
single_112,single,stitch,corafull,18,18,94,True,1.0,[18],50,0.005049705505371094,0.00013899803161621094,0.02080225944519043,True,0.04603910446166992,1.0,1.0,0.049198150634765625,1,1,0.11443281173706055,0.14763855934143066,top-1,969,False,50,0.3542201519012451,0.25119471549987793,0.8687844276428223
single_112,single,full,corafull,18,-1,-1,False,0.0,[18],50,0.0,0.0,0.0,True,4.157674789428711,1.0,1.0,4.194486618041992,1,1,4.202600717544556,4.202704191207886,full,19793,False,50,0.3542201519012451,0.25119471549987793,0.8687844276428223
single_113,single,stitch,corafull,16,16,80,True,1.0,[16],50,0.005204439163208008,0.0001380443572998047,0.021454334259033203,True,0.05005145072937012,0.96,1.0,0.05255937576293945,2,2,0.11803865432739258,0.15313434600830078,top-1,997,False,50,0.3542201519012451,0.25119471549987793,0.8687844276428223
single_113,single,full,corafull,16,-1,-1,False,0.0,[16],50,0.0,0.0,0.0,True,3.9837770462036133,0.94,1.0,4.01740837097168,4,4,4.026098012924194,4.0262017250061035,full,19793,False,50,0.3542201519012451,0.25119471549987793,0.8687844276428223
single_114,single,stitch,corafull,6,6,32,True,1.0,[6],50,0.005693674087524414,0.00034236907958984375,0.023712635040283203,True,0.05357503890991211,1.0,1.0,0.05732583999633789,1,1,0.12401628494262695,0.16112208366394043,top-1,1018,False,50,0.3542201519012451,0.25119471549987793,0.8687844276428223
single_114,single,full,corafull,6,-1,-1,False,0.0,[6],50,0.0,0.0,0.0,True,3.671099901199341,1.0,1.0,3.7002737522125244,1,1,3.7094876766204834,3.7096166610717773,full,19793,False,50,0.3542201519012451,0.25119471549987793,0.8687844276428223
single_115,single,stitch,corafull,14,14,71,True,1.0,[14],50,0.005021333694458008,0.000141143798828125,0.020066261291503906,True,0.045706748962402344,1.0,1.0,0.0478672981262207,1,1,0.10992932319641113,0.14248347282409668,top-1,968,False,50,0.3542201519012451,0.25119471549987793,0.8687844276428223
single_115,single,full,corafull,14,-1,-1,False,0.0,[14],50,0.0,0.0,0.0,True,3.80732798576355,1.0,1.0,3.8388099670410156,1,1,3.8466598987579346,3.846754550933838,full,19793,False,50,0.3542201519012451,0.25119471549987793,0.8687844276428223
single_116,single,stitch,corafull,14,14,70,True,1.0,[14],50,0.005388975143432617,0.0001423358917236328,0.020963191986083984,True,0.04455924034118652,0.94,1.0,0.04654216766357422,4,4,0.1095113754272461,0.1417083740234375,top-1,968,False,50,0.3542201519012451,0.25119471549987793,0.8687844276428223
single_116,single,full,corafull,14,-1,-1,False,0.0,[14],50,0.0,0.0,0.0,True,3.6453535556793213,0.94,1.0,3.6751115322113037,4,4,3.6837618350982666,3.6838648319244385,full,19793,False,50,0.3542201519012451,0.25119471549987793,0.8687844276428223
single_117,single,stitch,corafull,8,8,41,True,1.0,[8],50,0.006432771682739258,0.0002033710479736328,0.025148630142211914,True,0.04728102684020996,0.92,1.0,0.05002617835998535,4,4,0.11648249626159668,0.1621239185333252,top-1,999,False,50,0.3542201519012451,0.25119471549987793,0.8687844276428223
single_117,single,full,corafull,8,-1,-1,False,0.0,[8],50,0.0,0.0,0.0,True,4.060002088546753,0.92,1.0,4.090951204299927,4,4,4.099972248077393,4.100066661834717,full,19793,False,50,0.3542201519012451,0.25119471549987793,0.8687844276428223
single_118,single,stitch,corafull,16,16,82,True,1.0,[16],50,0.0052187442779541016,0.00021338462829589844,0.021111249923706055,True,0.04511213302612305,1.0,1.0,0.04727339744567871,1,1,0.11005473136901855,0.14350152015686035,top-1,997,False,50,0.3542201519012451,0.25119471549987793,0.8687844276428223
single_118,single,full,corafull,16,-1,-1,False,0.0,[16],50,0.0,0.0,0.0,True,5.739279270172119,1.0,1.0,5.776653289794922,1,1,5.784626007080078,5.784732341766357,full,19793,False,50,0.3542201519012451,0.25119471549987793,0.8687844276428223
single_119,single,stitch,corafull,0,0,2,True,1.0,[0],50,0.0050640106201171875,0.00015163421630859375,0.023917198181152344,True,0.05294656753540039,1.0,1.0,0.05541348457336426,1,1,0.12035679817199707,0.17103838920593262,top-1,998,False,50,0.3542201519012451,0.25119471549987793,0.8687844276428223
single_119,single,full,corafull,0,-1,-1,False,0.0,[0],50,0.0,0.0,0.0,True,4.545598268508911,1.0,1.0,4.581867694854736,1,1,4.592482328414917,4.5925819873809814,full,19793,False,50,0.3542201519012451,0.25119471549987793,0.8687844276428223
single_120,single,stitch,corafull,1,1,8,True,1.0,[1],50,0.007938623428344727,0.000209808349609375,0.021467924118041992,True,0.04957938194274902,1.0,1.0,0.052004098892211914,1,1,0.11564421653747559,0.15389513969421387,top-1,972,False,50,0.3542201519012451,0.25119471549987793,0.8687844276428223
single_120,single,full,corafull,1,-1,-1,False,0.0,[1],50,0.0,0.0,0.0,True,5.501040458679199,1.0,1.0,5.544536828994751,1,1,5.5544867515563965,5.554636716842651,full,19793,False,50,0.3542201519012451,0.25119471549987793,0.8687844276428223
single_121,single,stitch,corafull,13,13,69,True,1.0,[13],29,0.009990930557250977,0.00019073486328125,0.02421426773071289,True,0.07426714897155762,1.0,1.0,0.07784056663513184,1,1,0.14676237106323242,0.20284175872802734,top-1,1017,False,50,0.3542201519012451,0.25119471549987793,0.8687844276428223
single_121,single,full,corafull,13,-1,-1,False,0.0,[13],29,0.0,0.0,0.0,True,5.678054571151733,1.0,1.0,5.713902711868286,1,1,5.723595857620239,5.723718881607056,full,19793,False,50,0.3542201519012451,0.25119471549987793,0.8687844276428223
single_122,single,stitch,corafull,14,14,74,True,1.0,[14],50,0.0051250457763671875,0.00016188621520996094,0.022240400314331055,True,0.06956315040588379,1.0,1.0,0.07361888885498047,1,1,0.14519095420837402,0.18379998207092285,top-1,968,False,50,0.3542201519012451,0.25119471549987793,0.8687844276428223
single_122,single,full,corafull,14,-1,-1,False,0.0,[14],50,0.0,0.0,0.0,True,6.511775493621826,0.98,1.0,6.548802375793457,2,2,6.5588600635528564,6.559012413024902,full,19793,False,50,0.3542201519012451,0.25119471549987793,0.8687844276428223
single_123,single,stitch,corafull,15,15,79,True,1.0,[15],50,0.006011486053466797,0.0001766681671142578,0.023006439208984375,True,0.04868149757385254,1.0,1.0,0.05153989791870117,1,1,0.12017130851745605,0.16590523719787598,top-1,1016,False,50,0.3542201519012451,0.25119471549987793,0.8687844276428223
single_123,single,full,corafull,15,-1,-1,False,0.0,[15],50,0.0,0.0,0.0,True,7.60823917388916,1.0,1.0,7.6480700969696045,1,1,7.657938718795776,7.658057689666748,full,19793,False,50,0.3542201519012451,0.25119471549987793,0.8687844276428223
single_124,single,stitch,corafull,18,18,90,True,1.0,[18],39,0.005353212356567383,0.0002300739288330078,0.024409770965576172,True,0.04856300354003906,1.0,1.0,0.05177807807922363,1,1,0.11841893196105957,0.16013288497924805,top-1,969,False,50,0.3542201519012451,0.25119471549987793,0.8687844276428223
single_124,single,full,corafull,18,-1,-1,False,0.0,[18],39,0.0,0.0,0.0,True,7.362361907958984,1.0,1.0,7.39439845085144,1,1,7.403004884719849,7.403183221817017,full,19793,False,50,0.3542201519012451,0.25119471549987793,0.8687844276428223
single_125,single,stitch,corafull,7,7,39,True,1.0,[7],50,0.004779338836669922,0.0001437664031982422,0.02159881591796875,True,0.06030726432800293,0.96,1.0,0.06334376335144043,2,2,0.1308143138885498,0.16605186462402344,top-1,969,False,50,0.3542201519012451,0.25119471549987793,0.8687844276428223
single_125,single,full,corafull,7,-1,-1,False,0.0,[7],50,0.0,0.0,0.0,True,8.072531938552856,0.96,1.0,8.108587980270386,2,2,8.118408203125,8.118550062179565,full,19793,False,50,0.3542201519012451,0.25119471549987793,0.8687844276428223
single_126,single,stitch,corafull,17,17,88,True,1.0,[17],50,0.005505800247192383,0.00016069412231445312,0.021729230880737305,True,0.0889737606048584,0.96,1.0,0.0916295051574707,6,6,0.16489195823669434,0.2736937999725342,top-1,969,False,50,0.3542201519012451,0.25119471549987793,0.8687844276428223
single_126,single,full,corafull,17,-1,-1,False,0.0,[17],50,0.0,0.0,0.0,True,7.561996221542358,0.94,1.0,7.602523565292358,12,12,7.613762617111206,7.613901615142822,full,19793,False,50,0.3542201519012451,0.25119471549987793,0.8687844276428223
single_127,single,stitch,corafull,10,10,52,True,1.0,[10],50,0.005007743835449219,0.00015044212341308594,0.020653247833251953,True,0.04286909103393555,1.0,1.0,0.04542994499206543,1,1,0.10795164108276367,0.14145541191101074,top-1,1016,False,50,0.3542201519012451,0.25119471549987793,0.8687844276428223
single_127,single,full,corafull,10,-1,-1,False,0.0,[10],50,0.0,0.0,0.0,True,5.279090881347656,1.0,1.0,5.324934720993042,1,1,5.332431316375732,5.332528352737427,full,19793,False,50,0.3542201519012451,0.25119471549987793,0.8687844276428223
single_128,single,stitch,corafull,3,3,15,True,1.0,[3],50,0.0052640438079833984,0.00014019012451171875,0.02163839340209961,True,0.04943132400512695,0.88,0.94,0.05246734619140625,100,100,0.14079022407531738,0.17638444900512695,top-1,983,False,50,0.3542201519012451,0.25119471549987793,0.8687844276428223
single_128,single,full,corafull,3,-1,-1,False,0.0,[3],50,0.0,0.0,0.0,True,6.0867040157318115,0.84,0.92,6.104466915130615,100,100,6.137941598892212,6.138037443161011,full,19793,False,50,0.3542201519012451,0.25119471549987793,0.8687844276428223
single_129,single,stitch,corafull,11,11,55,True,1.0,[11],50,0.0055389404296875,0.00021600723266601562,0.022084712982177734,True,0.04681587219238281,1.0,1.0,0.04897141456604004,1,1,0.11343789100646973,0.15199804306030273,top-1,990,False,50,0.3542201519012451,0.25119471549987793,0.8687844276428223
single_129,single,full,corafull,11,-1,-1,False,0.0,[11],50,0.0,0.0,0.0,True,3.629570722579956,1.0,1.0,3.6616311073303223,1,1,3.6696300506591797,3.669736623764038,full,19793,False,50,0.3542201519012451,0.25119471549987793,0.8687844276428223
single_130,single,stitch,corafull,8,8,40,True,1.0,[8],50,0.005491495132446289,0.0001430511474609375,0.020367145538330078,True,0.04629397392272949,0.92,1.0,0.049288034439086914,4,4,0.1128842830657959,0.1534113883972168,top-1,999,False,50,0.3542201519012451,0.25119471549987793,0.8687844276428223
single_130,single,full,corafull,8,-1,-1,False,0.0,[8],50,0.0,0.0,0.0,True,3.898158311843872,0.94,1.0,3.9362642765045166,8,8,3.946178913116455,3.946276903152466,full,19793,False,50,0.3542201519012451,0.25119471549987793,0.8687844276428223
single_131,single,stitch,corafull,12,12,61,True,1.0,[12],50,0.006329059600830078,0.00018095970153808594,0.02419304847717285,True,0.04870033264160156,0.96,1.0,0.05115103721618652,2,2,0.11440396308898926,0.15188956260681152,top-1,966,False,50,0.3542201519012451,0.25119471549987793,0.8687844276428223
single_131,single,full,corafull,12,-1,-1,False,0.0,[12],50,0.0,0.0,0.0,True,3.5553174018859863,0.96,1.0,3.584914445877075,2,2,3.5935733318328857,3.5937230587005615,full,19793,False,50,0.3542201519012451,0.25119471549987793,0.8687844276428223
single_132,single,stitch,corafull,18,18,94,True,1.0,[18],50,0.004946708679199219,0.00015234947204589844,0.020913362503051758,True,0.053270578384399414,1.0,1.0,0.055824995040893555,1,1,0.11771941184997559,0.15000081062316895,top-1,969,False,50,0.3542201519012451,0.25119471549987793,0.8687844276428223
single_132,single,full,corafull,18,-1,-1,False,0.0,[18],50,0.0,0.0,0.0,True,3.783933401107788,1.0,1.0,3.818692922592163,1,1,3.826730728149414,3.8268654346466064,full,19793,False,50,0.3542201519012451,0.25119471549987793,0.8687844276428223
single_133,single,stitch,corafull,12,12,62,True,1.0,[12],50,0.0049402713775634766,0.00014638900756835938,0.020705461502075195,True,0.052978515625,1.0,1.0,0.05517911911010742,1,1,0.11783170700073242,0.15007472038269043,top-1,966,False,50,0.3542201519012451,0.25119471549987793,0.8687844276428223
single_133,single,full,corafull,12,-1,-1,False,0.0,[12],50,0.0,0.0,0.0,True,3.658369779586792,1.0,1.0,3.688312292098999,2,2,3.6968209743499756,3.6969499588012695,full,19793,False,50,0.3542201519012451,0.25119471549987793,0.8687844276428223
single_134,single,stitch,corafull,18,18,90,True,1.0,[18],28,0.005181074142456055,0.0001518726348876953,0.021004915237426758,True,0.04838919639587402,1.0,1.0,0.050777435302734375,1,1,0.1077110767364502,0.14047718048095703,top-1,969,False,50,0.3542201519012451,0.25119471549987793,0.8687844276428223
single_134,single,full,corafull,18,-1,-1,False,0.0,[18],28,0.0,0.0,0.0,True,3.6361758708953857,1.0,1.0,3.667980909347534,1,1,3.673126697540283,3.673258066177368,full,19793,False,50,0.3542201519012451,0.25119471549987793,0.8687844276428223
single_135,single,stitch,corafull,15,15,77,True,1.0,[15],50,0.005086183547973633,0.00014281272888183594,0.021015167236328125,True,0.04498791694641113,0.96,1.0,0.04663825035095215,6,6,0.11353445053100586,0.1463029384613037,top-1,1016,False,50,0.3542201519012451,0.25119471549987793,0.8687844276428223
single_135,single,full,corafull,15,-1,-1,False,0.0,[15],50,0.0,0.0,0.0,True,3.628638505935669,0.96,1.0,3.661714553833008,6,6,3.671027183532715,3.6711554527282715,full,19793,False,50,0.3542201519012451,0.25119471549987793,0.8687844276428223
single_136,single,stitch,corafull,4,4,24,True,1.0,[4],50,0.005652189254760742,0.00019478797912597656,0.025512218475341797,True,0.05137157440185547,0.96,1.0,0.0538327693939209,2,2,0.11884069442749023,0.16114354133605957,top-1,977,False,50,0.3542201519012451,0.25119471549987793,0.8687844276428223
single_136,single,full,corafull,4,-1,-1,False,0.0,[4],50,0.0,0.0,0.0,True,3.613887071609497,0.96,1.0,3.645545244216919,4,4,3.65510630607605,3.655256986618042,full,19793,False,50,0.3542201519012451,0.25119471549987793,0.8687844276428223
single_137,single,stitch,corafull,7,7,36,True,1.0,[7],50,0.004862546920776367,0.0001461505889892578,0.020020246505737305,True,0.04530811309814453,0.96,1.0,0.04720664024353027,2,2,0.10961198806762695,0.14197587966918945,top-1,969,False,50,0.3542201519012451,0.25119471549987793,0.8687844276428223
single_137,single,full,corafull,7,-1,-1,False,0.0,[7],50,0.0,0.0,0.0,True,3.878763437271118,0.96,1.0,3.912548542022705,2,2,3.9207870960235596,3.92087721824646,full,19793,False,50,0.3542201519012451,0.25119471549987793,0.8687844276428223
single_138,single,stitch,corafull,5,5,25,True,1.0,[5],50,0.0050356388092041016,0.0001442432403564453,0.020219087600708008,True,0.048345088958740234,1.0,1.0,0.05095720291137695,1,1,0.1152348518371582,0.14615416526794434,top-1,970,False,50,0.3542201519012451,0.25119471549987793,0.8687844276428223
single_138,single,full,corafull,5,-1,-1,False,0.0,[5],50,0.0,0.0,0.0,True,3.6237311363220215,1.0,1.0,3.6528642177581787,1,1,3.661092519760132,3.66119384765625,full,19793,False,50,0.3542201519012451,0.25119471549987793,0.8687844276428223
single_139,single,stitch,corafull,16,16,80,True,1.0,[16],50,0.005361318588256836,0.00017261505126953125,0.02082657814025879,True,0.04438638687133789,1.0,1.0,0.046225547790527344,1,1,0.10848236083984375,0.14121317863464355,top-1,997,False,50,0.3542201519012451,0.25119471549987793,0.8687844276428223
single_139,single,full,corafull,16,-1,-1,False,0.0,[16],50,0.0,0.0,0.0,True,3.593585729598999,1.0,1.0,3.6263484954833984,1,1,3.634380578994751,3.6345129013061523,full,19793,False,50,0.3542201519012451,0.25119471549987793,0.8687844276428223
single_140,single,stitch,corafull,12,12,61,True,1.0,[12],50,0.0050776004791259766,0.0001342296600341797,0.02054309844970703,True,0.04681062698364258,1.0,1.0,0.04885077476501465,1,1,0.10870242118835449,0.14109468460083008,top-1,966,False,50,0.3542201519012451,0.25119471549987793,0.8687844276428223
single_140,single,full,corafull,12,-1,-1,False,0.0,[12],50,0.0,0.0,0.0,True,3.840980052947998,1.0,1.0,3.8784444332122803,1,1,3.8866043090820312,3.8867251873016357,full,19793,False,50,0.3542201519012451,0.25119471549987793,0.8687844276428223
single_141,single,stitch,corafull,5,5,25,True,1.0,[5],50,0.005174875259399414,0.00014066696166992188,0.022672653198242188,True,0.04602694511413574,1.0,1.0,0.0482332706451416,1,1,0.10847187042236328,0.1423051357269287,top-1,970,False,50,0.3542201519012451,0.25119471549987793,0.8687844276428223
single_141,single,full,corafull,5,-1,-1,False,0.0,[5],50,0.0,0.0,0.0,True,3.7401046752929688,1.0,1.0,3.7746481895446777,1,1,3.782593250274658,3.782749652862549,full,19793,False,50,0.3542201519012451,0.25119471549987793,0.8687844276428223
single_142,single,stitch,corafull,5,5,25,True,1.0,[5],50,0.00536656379699707,0.0001552104949951172,0.02066946029663086,True,0.04683995246887207,1.0,1.0,0.04950857162475586,1,1,0.11329460144042969,0.1470329761505127,top-1,970,False,50,0.3542201519012451,0.25119471549987793,0.8687844276428223
single_142,single,full,corafull,5,-1,-1,False,0.0,[5],50,0.0,0.0,0.0,True,3.6166255474090576,1.0,1.0,3.6476898193359375,1,1,3.6559793949127197,3.6561126708984375,full,19793,False,50,0.3542201519012451,0.25119471549987793,0.8687844276428223
single_143,single,stitch,corafull,3,3,17,True,1.0,[3],50,0.005142927169799805,0.0001571178436279297,0.020374536514282227,True,0.04664206504821777,1.0,1.0,0.04929327964782715,1,1,0.11179113388061523,0.1495349407196045,top-1,983,False,50,0.3542201519012451,0.25119471549987793,0.8687844276428223
single_143,single,full,corafull,3,-1,-1,False,0.0,[3],50,0.0,0.0,0.0,True,3.6995742321014404,0.98,1.0,3.7358899116516113,2,2,3.7442994117736816,3.7444241046905518,full,19793,False,50,0.3542201519012451,0.25119471549987793,0.8687844276428223
single_144,single,stitch,corafull,9,9,47,True,1.0,[9],50,0.005013227462768555,0.00013303756713867188,0.021001577377319336,True,0.05249595642089844,1.0,1.0,0.05672121047973633,1,1,0.12325739860534668,0.16316533088684082,top-1,1019,False,50,0.3542201519012451,0.25119471549987793,0.8687844276428223
single_144,single,full,corafull,9,-1,-1,False,0.0,[9],50,0.0,0.0,0.0,True,3.6456778049468994,0.98,1.0,3.6755034923553467,2,2,3.683746337890625,3.683894395828247,full,19793,False,50,0.3542201519012451,0.25119471549987793,0.8687844276428223
single_145,single,stitch,corafull,15,15,79,True,1.0,[15],50,0.004983425140380859,0.00013947486877441406,0.021151065826416016,True,0.04331541061401367,0.96,1.0,0.044971466064453125,2,2,0.11129331588745117,0.14446592330932617,top-1,1016,False,50,0.3542201519012451,0.25119471549987793,0.8687844276428223
single_145,single,full,corafull,15,-1,-1,False,0.0,[15],50,0.0,0.0,0.0,True,3.580768346786499,0.96,1.0,3.612558126449585,2,2,3.6206400394439697,3.6207351684570312,full,19793,False,50,0.3542201519012451,0.25119471549987793,0.8687844276428223
single_146,single,stitch,corafull,6,6,34,True,1.0,[6],50,0.004965305328369141,0.00013709068298339844,0.020702362060546875,True,0.04535245895385742,1.0,1.0,0.047551870346069336,1,1,0.11906838417053223,0.15259075164794922,top-1,1018,False,50,0.3542201519012451,0.25119471549987793,0.8687844276428223
single_146,single,full,corafull,6,-1,-1,False,0.0,[6],50,0.0,0.0,0.0,True,3.5821759700775146,1.0,1.0,3.6124980449676514,1,1,3.6203479766845703,3.620497703552246,full,19793,False,50,0.3542201519012451,0.25119471549987793,0.8687844276428223
single_147,single,stitch,corafull,18,18,94,True,1.0,[18],50,0.00490117073059082,0.00013375282287597656,0.022072553634643555,True,0.04343843460083008,0.96,1.0,0.04517006874084473,2,2,0.10795259475708008,0.14124345779418945,top-1,969,False,50,0.3542201519012451,0.25119471549987793,0.8687844276428223
single_147,single,full,corafull,18,-1,-1,False,0.0,[18],50,0.0,0.0,0.0,True,3.6063344478607178,0.96,1.0,3.6369261741638184,2,2,3.6450088024139404,3.6451656818389893,full,19793,False,50,0.3542201519012451,0.25119471549987793,0.8687844276428223
single_148,single,stitch,corafull,17,17,88,True,1.0,[17],50,0.005511760711669922,0.0001914501190185547,0.0218961238861084,True,0.046765804290771484,0.96,1.0,0.049204111099243164,6,6,0.11127257347106934,0.14469671249389648,top-1,969,False,50,0.3542201519012451,0.25119471549987793,0.8687844276428223
single_148,single,full,corafull,17,-1,-1,False,0.0,[17],50,0.0,0.0,0.0,True,3.810567617416382,0.96,1.0,3.8450675010681152,6,6,3.8542966842651367,3.854429244995117,full,19793,False,50,0.3542201519012451,0.25119471549987793,0.8687844276428223
single_149,single,stitch,corafull,8,8,41,True,1.0,[8],35,0.005186557769775391,0.0001556873321533203,0.020856142044067383,True,0.045940399169921875,1.0,1.0,0.04810690879821777,1,1,0.11139154434204102,0.14461922645568848,top-1,999,False,50,0.3542201519012451,0.25119471549987793,0.8687844276428223
single_149,single,full,corafull,8,-1,-1,False,0.0,[8],35,0.0,0.0,0.0,True,3.5355265140533447,1.0,1.0,3.5686843395233154,1,1,3.574950933456421,3.575076103210449,full,19793,False,50,0.3542201519012451,0.25119471549987793,0.8687844276428223
single_150,single,stitch,corafull,5,5,27,True,1.0,[5],50,0.004877567291259766,0.00014519691467285156,0.02032613754272461,True,0.045983314514160156,1.0,1.0,0.04778718948364258,1,1,0.1113128662109375,0.1429283618927002,top-1,970,False,50,0.3542201519012451,0.25119471549987793,0.8687844276428223
single_150,single,full,corafull,5,-1,-1,False,0.0,[5],50,0.0,0.0,0.0,True,3.6859078407287598,1.0,1.0,3.7165884971618652,1,1,3.725306749343872,3.7254116535186768,full,19793,False,50,0.3542201519012451,0.25119471549987793,0.8687844276428223
single_151,single,stitch,corafull,5,5,25,True,1.0,[5],50,0.005585432052612305,0.0001544952392578125,0.020810842514038086,True,0.04587864875793457,1.0,1.0,0.04843616485595703,1,1,0.11196422576904297,0.14463090896606445,top-1,970,False,50,0.3542201519012451,0.25119471549987793,0.8687844276428223
single_151,single,full,corafull,5,-1,-1,False,0.0,[5],50,0.0,0.0,0.0,True,3.7475883960723877,1.0,1.0,3.7821691036224365,1,1,3.79054856300354,3.7906951904296875,full,19793,False,50,0.3542201519012451,0.25119471549987793,0.8687844276428223
single_152,single,stitch,corafull,4,4,22,True,1.0,[4],50,0.0051114559173583984,0.0001628398895263672,0.020923376083374023,True,0.04829597473144531,0.96,1.0,0.05172848701477051,2,2,0.1140751838684082,0.14674663543701172,top-1,977,False,50,0.3542201519012451,0.25119471549987793,0.8687844276428223
single_152,single,full,corafull,4,-1,-1,False,0.0,[4],50,0.0,0.0,0.0,True,3.755023241043091,0.92,1.0,3.7844467163085938,48,48,3.8050765991210938,3.80517315864563,full,19793,False,50,0.3542201519012451,0.25119471549987793,0.8687844276428223
single_153,single,stitch,corafull,2,2,12,True,1.0,[2],50,0.004920244216918945,0.0001518726348876953,0.02013111114501953,True,0.05184292793273926,0.98,1.0,0.05546689033508301,2,2,0.11638307571411133,0.14499521255493164,top-1,962,False,50,0.3542201519012451,0.25119471549987793,0.8687844276428223
single_153,single,full,corafull,2,-1,-1,False,0.0,[2],50,0.0,0.0,0.0,True,3.718134880065918,0.98,1.0,3.7498791217803955,2,2,3.7581515312194824,3.7582552433013916,full,19793,False,50,0.3542201519012451,0.25119471549987793,0.8687844276428223
single_154,single,stitch,corafull,18,18,94,True,1.0,[18],50,0.005044460296630859,0.00014066696166992188,0.02115607261657715,True,0.049101829528808594,1.0,1.0,0.05205368995666504,1,1,0.12171673774719238,0.15401005744934082,top-1,969,False,50,0.3542201519012451,0.25119471549987793,0.8687844276428223
single_154,single,full,corafull,18,-1,-1,False,0.0,[18],50,0.0,0.0,0.0,True,3.601482629776001,1.0,1.0,3.632040500640869,1,1,3.639953136444092,3.6400561332702637,full,19793,False,50,0.3542201519012451,0.25119471549987793,0.8687844276428223
single_155,single,stitch,corafull,6,6,30,True,1.0,[6],50,0.005629062652587891,0.00019240379333496094,0.02086639404296875,True,0.044043779373168945,0.96,1.0,0.046103715896606445,2,2,0.11470460891723633,0.14900588989257812,top-1,1018,False,50,0.3542201519012451,0.25119471549987793,0.8687844276428223
single_155,single,full,corafull,6,-1,-1,False,0.0,[6],50,0.0,0.0,0.0,True,3.5507287979125977,0.96,1.0,3.582130193710327,2,2,3.590153217315674,3.5902466773986816,full,19793,False,50,0.3542201519012451,0.25119471549987793,0.8687844276428223
single_156,single,stitch,corafull,6,6,32,True,1.0,[6],50,0.005202054977416992,0.0001456737518310547,0.02106761932373047,True,0.04743170738220215,1.0,1.0,0.04962968826293945,1,1,0.11895084381103516,0.1590280532836914,top-1,1018,False,50,0.3542201519012451,0.25119471549987793,0.8687844276428223
single_156,single,full,corafull,6,-1,-1,False,0.0,[6],50,0.0,0.0,0.0,True,3.8283426761627197,1.0,1.0,3.859956979751587,1,1,3.8684170246124268,3.8685476779937744,full,19793,False,50,0.3542201519012451,0.25119471549987793,0.8687844276428223
single_157,single,stitch,corafull,6,6,33,True,1.0,[6],50,0.00501561164855957,0.00015854835510253906,0.0206148624420166,True,0.04886603355407715,1.0,1.0,0.05126762390136719,1,1,0.11595439910888672,0.1498863697052002,top-1,1018,False,50,0.3542201519012451,0.25119471549987793,0.8687844276428223
single_157,single,full,corafull,6,-1,-1,False,0.0,[6],50,0.0,0.0,0.0,True,3.767378807067871,1.0,1.0,3.801396131515503,1,1,3.8090648651123047,3.8092401027679443,full,19793,False,50,0.3542201519012451,0.25119471549987793,0.8687844276428223
single_158,single,stitch,corafull,19,19,96,True,1.0,[19],50,0.00563359260559082,0.00018405914306640625,0.022423744201660156,True,0.04975128173828125,0.9,1.0,0.05367445945739746,100,100,0.14240789413452148,0.17954659461975098,top-1,1018,False,50,0.3542201519012451,0.25119471549987793,0.8687844276428223
single_158,single,full,corafull,19,-1,-1,False,0.0,[19],50,0.0,0.0,0.0,True,4.108811616897583,0.9,1.0,4.127762079238892,100,100,4.1622419357299805,4.162378787994385,full,19793,False,50,0.3542201519012451,0.25119471549987793,0.8687844276428223
single_159,single,stitch,corafull,4,4,22,True,1.0,[4],50,0.004946470260620117,0.00015306472778320312,0.020642518997192383,True,0.04523968696594238,0.96,1.0,0.047575950622558594,2,2,0.11528992652893066,0.14733052253723145,top-1,977,False,50,0.3542201519012451,0.25119471549987793,0.8687844276428223
single_159,single,full,corafull,4,-1,-1,False,0.0,[4],50,0.0,0.0,0.0,True,3.6674201488494873,0.96,1.0,3.7024991512298584,2,2,3.710785150527954,3.7109479904174805,full,19793,False,50,0.3542201519012451,0.25119471549987793,0.8687844276428223
single_160,single,stitch,corafull,3,3,15,True,1.0,[3],47,0.005512714385986328,0.00018930435180664062,0.020757675170898438,True,0.045775651931762695,0.9148936170212766,1.0,0.05005359649658203,4,4,0.11507248878479004,0.1485297679901123,top-1,983,False,50,0.3542201519012451,0.25119471549987793,0.8687844276428223
single_160,single,full,corafull,3,-1,-1,False,0.0,[3],47,0.0,0.0,0.0,True,3.7879512310028076,0.9148936170212766,1.0,3.822699785232544,4,4,3.831195592880249,3.8313305377960205,full,19793,False,50,0.3542201519012451,0.25119471549987793,0.8687844276428223
single_161,single,stitch,corafull,17,17,88,True,1.0,[17],50,0.005354404449462891,0.00017070770263671875,0.02068614959716797,True,0.04574084281921387,0.96,1.0,0.04834246635437012,6,6,0.11304616928100586,0.14523983001708984,top-1,969,False,50,0.3542201519012451,0.25119471549987793,0.8687844276428223
single_161,single,full,corafull,17,-1,-1,False,0.0,[17],50,0.0,0.0,0.0,True,3.7499160766601562,0.94,1.0,3.786188840866089,12,12,3.797977924346924,3.7980780601501465,full,19793,False,50,0.3542201519012451,0.25119471549987793,0.8687844276428223
single_162,single,stitch,corafull,4,4,24,True,1.0,[4],50,0.007302761077880859,0.0005273818969726562,0.0255582332611084,True,0.04958963394165039,0.96,1.0,0.05221915245056152,2,2,0.12475347518920898,0.17203950881958008,top-1,977,False,50,0.3542201519012451,0.25119471549987793,0.8687844276428223
single_162,single,full,corafull,4,-1,-1,False,0.0,[4],50,0.0,0.0,0.0,True,3.6083459854125977,0.96,1.0,3.6409785747528076,2,2,3.6504600048065186,3.6506030559539795,full,19793,False,50,0.3542201519012451,0.25119471549987793,0.8687844276428223
single_163,single,stitch,corafull,18,18,92,True,1.0,[18],38,0.004880428314208984,0.0001499652862548828,0.020213603973388672,True,0.047344207763671875,1.0,1.0,0.050688982009887695,1,1,0.11245155334472656,0.1450791358947754,top-1,969,False,50,0.3542201519012451,0.25119471549987793,0.8687844276428223
single_163,single,full,corafull,18,-1,-1,False,0.0,[18],38,0.0,0.0,0.0,True,3.656557559967041,1.0,1.0,3.6877942085266113,1,1,3.6942455768585205,3.6943557262420654,full,19793,False,50,0.3542201519012451,0.25119471549987793,0.8687844276428223
single_164,single,stitch,corafull,16,16,80,True,1.0,[16],50,0.0055887699127197266,0.0001728534698486328,0.021143674850463867,True,0.047042131423950195,1.0,1.0,0.05029630661010742,1,1,0.11612486839294434,0.1497666835784912,top-1,997,False,50,0.3542201519012451,0.25119471549987793,0.8687844276428223
single_164,single,full,corafull,16,-1,-1,False,0.0,[16],50,0.0,0.0,0.0,True,3.7715165615081787,1.0,1.0,3.803297758102417,1,1,3.811666250228882,3.811797857284546,full,19793,False,50,0.3542201519012451,0.25119471549987793,0.8687844276428223
single_165,single,stitch,corafull,19,19,97,True,1.0,[19],50,0.005479574203491211,0.00016450881958007812,0.020901203155517578,True,0.04911637306213379,1.0,1.0,0.05154752731323242,1,1,0.11672186851501465,0.15084314346313477,top-1,1018,False,50,0.3542201519012451,0.25119471549987793,0.8687844276428223
single_165,single,full,corafull,19,-1,-1,False,0.0,[19],50,0.0,0.0,0.0,True,3.573500633239746,1.0,1.0,3.601691246032715,1,1,3.6098012924194336,3.6099934577941895,full,19793,False,50,0.3542201519012451,0.25119471549987793,0.8687844276428223
single_166,single,stitch,corafull,8,8,42,True,1.0,[8],50,0.0054531097412109375,0.00017070770263671875,0.020711660385131836,True,0.04654502868652344,0.96,1.0,0.04932713508605957,2,2,0.1146690845489502,0.14966940879821777,top-1,999,False,50,0.3542201519012451,0.25119471549987793,0.8687844276428223
single_166,single,full,corafull,8,-1,-1,False,0.0,[8],50,0.0,0.0,0.0,True,3.6517789363861084,0.96,1.0,3.6804909706115723,2,2,3.688737154006958,3.6888599395751953,full,19793,False,50,0.3542201519012451,0.25119471549987793,0.8687844276428223
single_167,single,stitch,corafull,19,19,99,True,1.0,[19],31,0.005041837692260742,0.00014925003051757812,0.0208590030670166,True,0.046715497970581055,1.0,1.0,0.04959678649902344,1,1,0.11237549781799316,0.14639568328857422,top-1,1018,False,50,0.3542201519012451,0.25119471549987793,0.8687844276428223
single_167,single,full,corafull,19,-1,-1,False,0.0,[19],31,0.0,0.0,0.0,True,3.5802414417266846,1.0,1.0,3.612252950668335,1,1,3.618459939956665,3.6185810565948486,full,19793,False,50,0.3542201519012451,0.25119471549987793,0.8687844276428223
single_168,single,stitch,corafull,6,6,32,True,1.0,[6],50,0.0048618316650390625,0.00014400482177734375,0.020383596420288086,True,0.04732537269592285,1.0,1.0,0.04968714714050293,1,1,0.11987876892089844,0.15330123901367188,top-1,1018,False,50,0.3542201519012451,0.25119471549987793,0.8687844276428223
single_168,single,full,corafull,6,-1,-1,False,0.0,[6],50,0.0,0.0,0.0,True,3.5756893157958984,1.0,1.0,3.6056034564971924,1,1,3.6140575408935547,3.614194869995117,full,19793,False,50,0.3542201519012451,0.25119471549987793,0.8687844276428223
single_169,single,stitch,corafull,2,2,13,True,1.0,[2],43,0.006679058074951172,0.0001952648162841797,0.02079916000366211,True,0.04345989227294922,0.9534883720930233,1.0,0.045491933822631836,2,2,0.1061701774597168,0.13724374771118164,top-1,962,False,50,0.3542201519012451,0.25119471549987793,0.8687844276428223
single_169,single,full,corafull,2,-1,-1,False,0.0,[2],43,0.0,0.0,0.0,True,3.6321933269500732,0.9534883720930233,1.0,3.6694350242614746,2,2,3.6766438484191895,3.676745891571045,full,19793,False,50,0.3542201519012451,0.25119471549987793,0.8687844276428223
single_170,single,stitch,corafull,16,16,82,True,1.0,[16],50,0.004952669143676758,0.0001461505889892578,0.020614147186279297,True,0.04515576362609863,1.0,1.0,0.04714822769165039,1,1,0.1126093864440918,0.14461183547973633,top-1,997,False,50,0.3542201519012451,0.25119471549987793,0.8687844276428223
single_170,single,full,corafull,16,-1,-1,False,0.0,[16],50,0.0,0.0,0.0,True,3.653500556945801,1.0,1.0,3.6897308826446533,1,1,3.6981606483459473,3.698291540145874,full,19793,False,50,0.3542201519012451,0.25119471549987793,0.8687844276428223
single_171,single,stitch,corafull,6,6,32,True,1.0,[6],50,0.0054721832275390625,0.0001544952392578125,0.021271467208862305,True,0.050125837326049805,1.0,1.0,0.05358743667602539,1,1,0.1249539852142334,0.15924930572509766,top-1,1018,False,50,0.3542201519012451,0.25119471549987793,0.8687844276428223
single_171,single,full,corafull,6,-1,-1,False,0.0,[6],50,0.0,0.0,0.0,True,3.8208072185516357,0.98,1.0,3.8588900566101074,2,2,3.8673336505889893,3.8674795627593994,full,19793,False,50,0.3542201519012451,0.25119471549987793,0.8687844276428223
single_172,single,stitch,corafull,14,14,70,True,1.0,[14],50,0.0049288272857666016,0.00013589859008789062,0.02056145668029785,True,0.045751333236694336,1.0,1.0,0.047795772552490234,1,1,0.10626840591430664,0.13851404190063477,top-1,968,False,50,0.3542201519012451,0.25119471549987793,0.8687844276428223
single_172,single,full,corafull,14,-1,-1,False,0.0,[14],50,0.0,0.0,0.0,True,3.639862537384033,1.0,1.0,3.670767307281494,1,1,3.678758382797241,3.6788582801818848,full,19793,False,50,0.3542201519012451,0.25119471549987793,0.8687844276428223
single_173,single,stitch,corafull,6,6,32,True,1.0,[6],50,0.0054819583892822266,0.00015854835510253906,0.02079033851623535,True,0.046582698822021484,1.0,1.0,0.04900479316711426,1,1,0.11544680595397949,0.15002107620239258,top-1,1018,False,50,0.3542201519012451,0.25119471549987793,0.8687844276428223
single_173,single,full,corafull,6,-1,-1,False,0.0,[6],50,0.0,0.0,0.0,True,3.643277406692505,1.0,1.0,3.67464280128479,1,1,3.682856798171997,3.682996988296509,full,19793,False,50,0.3542201519012451,0.25119471549987793,0.8687844276428223
single_174,single,stitch,corafull,1,1,8,True,1.0,[1],50,0.005097150802612305,0.0001513957977294922,0.02139115333557129,True,0.04444479942321777,1.0,1.0,0.046332597732543945,1,1,0.10832476615905762,0.1407308578491211,top-1,972,False,50,0.3542201519012451,0.25119471549987793,0.8687844276428223
single_174,single,full,corafull,1,-1,-1,False,0.0,[1],50,0.0,0.0,0.0,True,3.6412177085876465,1.0,1.0,3.672696590423584,1,1,3.6810998916625977,3.6812734603881836,full,19793,False,50,0.3542201519012451,0.25119471549987793,0.8687844276428223
single_175,single,stitch,corafull,4,4,24,True,1.0,[4],50,0.00711822509765625,0.00027632713317871094,0.023487091064453125,True,0.05185270309448242,0.96,1.0,0.05470132827758789,2,2,0.11748552322387695,0.15618610382080078,top-1,977,False,50,0.3542201519012451,0.25119471549987793,0.8687844276428223
single_175,single,full,corafull,4,-1,-1,False,0.0,[4],50,0.0,0.0,0.0,True,3.8024206161499023,0.96,1.0,3.8376243114471436,4,4,3.8465771675109863,3.8466789722442627,full,19793,False,50,0.3542201519012451,0.25119471549987793,0.8687844276428223
single_176,single,stitch,corafull,0,0,0,True,1.0,[0],50,0.005182504653930664,0.000179290771484375,0.023265838623046875,True,0.04814791679382324,1.0,1.0,0.051900386810302734,1,1,0.11708402633666992,0.15461230278015137,top-1,998,False,50,0.3542201519012451,0.25119471549987793,0.8687844276428223
single_176,single,full,corafull,0,-1,-1,False,0.0,[0],50,0.0,0.0,0.0,True,3.6223304271698,1.0,1.0,3.651554584503174,1,1,3.659919023513794,3.660072088241577,full,19793,False,50,0.3542201519012451,0.25119471549987793,0.8687844276428223
single_177,single,stitch,corafull,12,12,64,True,1.0,[12],50,0.005172014236450195,0.00016260147094726562,0.02113628387451172,True,0.05092263221740723,0.98,1.0,0.053466796875,2,2,0.11778855323791504,0.15050888061523438,top-1,966,False,50,0.3542201519012451,0.25119471549987793,0.8687844276428223
single_177,single,full,corafull,12,-1,-1,False,0.0,[12],50,0.0,0.0,0.0,True,3.7340476512908936,0.98,1.0,3.764115571975708,2,2,3.77358341217041,3.7737481594085693,full,19793,False,50,0.3542201519012451,0.25119471549987793,0.8687844276428223
single_178,single,stitch,corafull,4,4,21,True,1.0,[4],50,0.005120277404785156,0.00014591217041015625,0.02170562744140625,True,0.04241514205932617,1.0,1.0,0.044502973556518555,1,1,0.10976076126098633,0.14265155792236328,top-1,977,False,50,0.3542201519012451,0.25119471549987793,0.8687844276428223
single_178,single,full,corafull,4,-1,-1,False,0.0,[4],50,0.0,0.0,0.0,True,3.492546319961548,0.98,1.0,3.522191047668457,6,6,3.5314953327178955,3.531656503677368,full,19793,False,50,0.3542201519012451,0.25119471549987793,0.8687844276428223
single_179,single,stitch,corafull,0,0,0,True,1.0,[0],26,0.0049495697021484375,0.00014448165893554688,0.0203859806060791,True,0.045327186584472656,1.0,1.0,0.047518253326416016,1,1,0.11214923858642578,0.1444230079650879,top-1,998,False,50,0.3542201519012451,0.25119471549987793,0.8687844276428223
single_179,single,full,corafull,0,-1,-1,False,0.0,[0],26,0.0,0.0,0.0,True,3.5801966190338135,1.0,1.0,3.6067543029785156,1,1,3.6117303371429443,3.611842155456543,full,19793,False,50,0.3542201519012451,0.25119471549987793,0.8687844276428223
single_180,single,stitch,corafull,15,15,78,True,1.0,[15],50,0.005198240280151367,0.0001614093780517578,0.020948410034179688,True,0.04520726203918457,0.98,1.0,0.04764413833618164,2,2,0.1138911247253418,0.14758086204528809,top-1,1016,False,50,0.3542201519012451,0.25119471549987793,0.8687844276428223
single_180,single,full,corafull,15,-1,-1,False,0.0,[15],50,0.0,0.0,0.0,True,3.6936914920806885,0.98,1.0,3.7291088104248047,3,3,3.7381789684295654,3.738337516784668,full,19793,False,50,0.3542201519012451,0.25119471549987793,0.8687844276428223
single_181,single,stitch,corafull,9,9,49,True,1.0,[9],50,0.005303144454956055,0.00015425682067871094,0.02181839942932129,True,0.05107283592224121,1.0,1.0,0.05434060096740723,1,1,0.12436842918395996,0.16013193130493164,top-1,1019,False,50,0.3542201519012451,0.25119471549987793,0.8687844276428223
single_181,single,full,corafull,9,-1,-1,False,0.0,[9],50,0.0,0.0,0.0,True,3.8525702953338623,1.0,1.0,3.887092351913452,1,1,3.8951265811920166,3.8952863216400146,full,19793,False,50,0.3542201519012451,0.25119471549987793,0.8687844276428223
single_182,single,stitch,corafull,6,6,32,True,1.0,[6],50,0.0049822330474853516,0.0001647472381591797,0.020661115646362305,True,0.05073904991149902,1.0,1.0,0.05322408676147461,1,1,0.12004923820495605,0.1531696319580078,top-1,1018,False,50,0.3542201519012451,0.25119471549987793,0.8687844276428223
single_182,single,full,corafull,6,-1,-1,False,0.0,[6],50,0.0,0.0,0.0,True,3.7627639770507812,0.98,1.0,3.7946279048919678,2,2,3.8030946254730225,3.8032710552215576,full,19793,False,50,0.3542201519012451,0.25119471549987793,0.8687844276428223
single_183,single,stitch,corafull,18,18,93,True,1.0,[18],50,0.004932403564453125,0.0001404285430908203,0.020513534545898438,True,0.04355740547180176,0.96,1.0,0.04531455039978027,2,2,0.11198234558105469,0.14359307289123535,top-1,969,False,50,0.3542201519012451,0.25119471549987793,0.8687844276428223
single_183,single,full,corafull,18,-1,-1,False,0.0,[18],50,0.0,0.0,0.0,True,3.631986379623413,0.96,1.0,3.669132947921753,2,2,3.6778526306152344,3.678013801574707,full,19793,False,50,0.3542201519012451,0.25119471549987793,0.8687844276428223
single_184,single,stitch,corafull,4,4,24,True,1.0,[4],50,0.0048983097076416016,0.000141143798828125,0.02030205726623535,True,0.04773259162902832,0.96,1.0,0.05061459541320801,2,2,0.11725759506225586,0.1493837833404541,top-1,977,False,50,0.3542201519012451,0.25119471549987793,0.8687844276428223
single_184,single,full,corafull,4,-1,-1,False,0.0,[4],50,0.0,0.0,0.0,True,3.6662323474884033,0.94,1.0,3.6969218254089355,8,8,3.7068722248077393,3.7069852352142334,full,19793,False,50,0.3542201519012451,0.25119471549987793,0.8687844276428223
single_185,single,stitch,corafull,4,4,21,True,1.0,[4],50,0.0051670074462890625,0.00015473365783691406,0.021483898162841797,True,0.052022695541381836,0.96,1.0,0.05539369583129883,2,2,0.11920762062072754,0.15311479568481445,top-1,977,False,50,0.3542201519012451,0.25119471549987793,0.8687844276428223
single_185,single,full,corafull,4,-1,-1,False,0.0,[4],50,0.0,0.0,0.0,True,3.7329254150390625,0.96,1.0,3.7639880180358887,2,2,3.772228479385376,3.772393226623535,full,19793,False,50,0.3542201519012451,0.25119471549987793,0.8687844276428223
single_186,single,stitch,corafull,14,14,71,True,1.0,[14],50,0.004885673522949219,0.00013709068298339844,0.02052783966064453,True,0.04647707939147949,1.0,1.0,0.04955720901489258,1,1,0.11252331733703613,0.14432764053344727,top-1,968,False,50,0.3542201519012451,0.25119471549987793,0.8687844276428223
single_186,single,full,corafull,14,-1,-1,False,0.0,[14],50,0.0,0.0,0.0,True,3.825676918029785,1.0,1.0,3.8549678325653076,1,1,3.8672244548797607,3.8673675060272217,full,19793,False,50,0.3542201519012451,0.25119471549987793,0.8687844276428223
single_187,single,stitch,corafull,3,3,15,True,1.0,[3],50,0.004980325698852539,0.00015687942504882812,0.020886898040771484,True,0.0456693172454834,0.88,0.94,0.04902315139770508,100,100,0.13963675498962402,0.17741179466247559,top-1,983,False,50,0.3542201519012451,0.25119471549987793,0.8687844276428223
single_187,single,full,corafull,3,-1,-1,False,0.0,[3],50,0.0,0.0,0.0,True,3.704960346221924,0.88,0.94,3.7245571613311768,100,100,3.7586746215820312,3.7588648796081543,full,19793,False,50,0.3542201519012451,0.25119471549987793,0.8687844276428223
single_188,single,stitch,corafull,15,15,77,True,1.0,[15],50,0.005347490310668945,0.000171661376953125,0.02131175994873047,True,0.04386019706726074,1.0,1.0,0.04637622833251953,1,1,0.1123664379119873,0.14710688591003418,top-1,1016,False,50,0.3542201519012451,0.25119471549987793,0.8687844276428223
single_188,single,full,corafull,15,-1,-1,False,0.0,[15],50,0.0,0.0,0.0,True,3.5377957820892334,1.0,1.0,3.5677175521850586,1,1,3.5758049488067627,3.5759050846099854,full,19793,False,50,0.3542201519012451,0.25119471549987793,0.8687844276428223
single_189,single,stitch,corafull,7,7,36,True,1.0,[7],29,0.007279872894287109,0.00022983551025390625,0.023813247680664062,True,0.0447845458984375,1.0,1.0,0.04702496528625488,1,1,0.1101980209350586,0.14876437187194824,top-1,969,False,50,0.3542201519012451,0.25119471549987793,0.8687844276428223
single_189,single,full,corafull,7,-1,-1,False,0.0,[7],29,0.0,0.0,0.0,True,3.6998629570007324,1.0,1.0,3.7287464141845703,1,1,3.7387819290161133,3.738910436630249,full,19793,False,50,0.3542201519012451,0.25119471549987793,0.8687844276428223
single_190,single,stitch,corafull,8,8,41,True,1.0,[8],50,0.005110979080200195,0.00014901161193847656,0.021101713180541992,True,0.04716086387634277,1.0,1.0,0.050425052642822266,1,1,0.11597204208374023,0.15020251274108887,top-1,999,False,50,0.3542201519012451,0.25119471549987793,0.8687844276428223
single_190,single,full,corafull,8,-1,-1,False,0.0,[8],50,0.0,0.0,0.0,True,3.8381035327911377,1.0,1.0,3.8709681034088135,1,1,3.87906551361084,3.8792266845703125,full,19793,False,50,0.3542201519012451,0.25119471549987793,0.8687844276428223
single_191,single,stitch,corafull,14,14,72,True,1.0,[14],50,0.005253314971923828,0.000152587890625,0.020447731018066406,True,0.04594540596008301,0.98,1.0,0.048032522201538086,2,2,0.11247563362121582,0.14467835426330566,top-1,968,False,50,0.3542201519012451,0.25119471549987793,0.8687844276428223
single_191,single,full,corafull,14,-1,-1,False,0.0,[14],50,0.0,0.0,0.0,True,3.5455684661865234,0.96,1.0,3.577296257019043,8,8,3.5910804271698,3.5912423133850098,full,19793,False,50,0.3542201519012451,0.25119471549987793,0.8687844276428223
single_192,single,stitch,corafull,1,1,7,True,1.0,[1],25,0.005423069000244141,0.00024819374084472656,0.020666122436523438,True,0.04349708557128906,1.0,1.0,0.04568910598754883,1,1,0.10703372955322266,0.1410815715789795,top-1,972,False,50,0.3542201519012451,0.25119471549987793,0.8687844276428223
single_192,single,full,corafull,1,-1,-1,False,0.0,[1],25,0.0,0.0,0.0,True,3.728018283843994,1.0,1.0,3.7559492588043213,1,1,3.7619881629943848,3.7621588706970215,full,19793,False,50,0.3542201519012451,0.25119471549987793,0.8687844276428223
single_193,single,stitch,corafull,7,7,39,True,1.0,[7],42,0.0051727294921875,0.0001418590545654297,0.020639657974243164,True,0.04529428482055664,1.0,1.0,0.04753899574279785,1,1,0.10823774337768555,0.1404094696044922,top-1,969,False,50,0.3542201519012451,0.25119471549987793,0.8687844276428223
single_193,single,full,corafull,7,-1,-1,False,0.0,[7],42,0.0,0.0,0.0,True,3.6792893409729004,1.0,1.0,3.7135186195373535,1,1,3.7207136154174805,3.7208755016326904,full,19793,False,50,0.3542201519012451,0.25119471549987793,0.8687844276428223
single_194,single,stitch,corafull,10,10,50,True,1.0,[10],50,0.005273342132568359,0.0001888275146484375,0.021356582641601562,True,0.04865264892578125,1.0,1.0,0.05208277702331543,1,1,0.1175537109375,0.15341544151306152,top-1,1016,False,50,0.3542201519012451,0.25119471549987793,0.8687844276428223
single_194,single,full,corafull,10,-1,-1,False,0.0,[10],50,0.0,0.0,0.0,True,3.8181955814361572,1.0,1.0,3.854522705078125,1,1,3.8629581928253174,3.8630974292755127,full,19793,False,50,0.3542201519012451,0.25119471549987793,0.8687844276428223
single_195,single,stitch,corafull,15,15,77,True,1.0,[15],50,0.005273580551147461,0.00017833709716796875,0.02141737937927246,True,0.04564785957336426,1.0,1.0,0.04746651649475098,1,1,0.11782383918762207,0.15352678298950195,top-1,1016,False,50,0.3542201519012451,0.25119471549987793,0.8687844276428223
single_195,single,full,corafull,15,-1,-1,False,0.0,[15],50,0.0,0.0,0.0,True,3.7859160900115967,1.0,1.0,3.8142740726470947,1,1,3.8225345611572266,3.8227312564849854,full,19793,False,50,0.3542201519012451,0.25119471549987793,0.8687844276428223
single_196,single,stitch,corafull,11,11,55,True,1.0,[11],43,0.005094051361083984,0.0001621246337890625,0.020575761795043945,True,0.04031515121459961,1.0,1.0,0.04190254211425781,1,1,0.10663723945617676,0.13883566856384277,top-1,990,False,50,0.3542201519012451,0.25119471549987793,0.8687844276428223
single_196,single,full,corafull,11,-1,-1,False,0.0,[11],43,0.0,0.0,0.0,True,3.5936787128448486,1.0,1.0,3.6266560554504395,1,1,3.6336827278137207,3.633787155151367,full,19793,False,50,0.3542201519012451,0.25119471549987793,0.8687844276428223
single_197,single,stitch,corafull,15,15,75,True,1.0,[15],50,0.005520820617675781,0.00022268295288085938,0.022130489349365234,True,0.04811835289001465,1.0,1.0,0.05095529556274414,1,1,0.11809182167053223,0.15356779098510742,top-1,1016,False,50,0.3542201519012451,0.25119471549987793,0.8687844276428223
single_197,single,full,corafull,15,-1,-1,False,0.0,[15],50,0.0,0.0,0.0,True,3.602837324142456,1.0,1.0,3.636911630630493,1,1,3.6448512077331543,3.6449902057647705,full,19793,False,50,0.3542201519012451,0.25119471549987793,0.8687844276428223
single_198,single,stitch,corafull,17,17,88,True,1.0,[17],50,0.005696296691894531,0.00016641616821289062,0.021395206451416016,True,0.04677629470825195,0.96,1.0,0.04935169219970703,6,6,0.11380720138549805,0.1475687026977539,top-1,969,False,50,0.3542201519012451,0.25119471549987793,0.8687844276428223
single_198,single,full,corafull,17,-1,-1,False,0.0,[17],50,0.0,0.0,0.0,True,3.667340040206909,0.94,1.0,3.6979424953460693,12,12,3.7110679149627686,3.7111711502075195,full,19793,False,50,0.3542201519012451,0.25119471549987793,0.8687844276428223
single_199,single,stitch,corafull,1,1,8,True,1.0,[1],50,0.0049610137939453125,0.00014543533325195312,0.02063441276550293,True,0.042600154876708984,1.0,1.0,0.043942928314208984,1,1,0.10727071762084961,0.13860297203063965,top-1,972,False,50,0.3542201519012451,0.25119471549987793,0.8687844276428223
single_199,single,full,corafull,1,-1,-1,False,0.0,[1],50,0.0,0.0,0.0,True,3.514087200164795,1.0,1.0,3.5459561347961426,1,1,3.553905963897705,3.5540034770965576,full,19793,False,50,0.3542201519012451,0.25119471549987793,0.8687844276428223
single_200,single,stitch,corafull,0,0,3,True,1.0,[0],100,0.005576372146606445,0.00017881393432617188,0.021259307861328125,True,0.05113530158996582,0.99,1.0,0.053780555725097656,2,2,0.12016558647155762,0.1602616310119629,top-1,998,False,100,0.3542201519012451,0.25119471549987793,0.8687844276428223
single_200,single,full,corafull,0,-1,-1,False,0.0,[0],100,0.0,0.0,0.0,True,3.807533025741577,0.99,1.0,3.8389084339141846,2,2,3.853886365890503,3.8539960384368896,full,19793,False,100,0.3542201519012451,0.25119471549987793,0.8687844276428223
single_201,single,stitch,corafull,2,2,13,True,1.0,[2],100,0.0060803890228271484,0.00019478797912597656,0.021934986114501953,True,0.046286821365356445,0.98,1.0,0.0487980842590332,2,2,0.11748719215393066,0.1496567726135254,top-1,962,False,100,0.3542201519012451,0.25119471549987793,0.8687844276428223
single_201,single,full,corafull,2,-1,-1,False,0.0,[2],100,0.0,0.0,0.0,True,3.8526268005371094,0.97,1.0,3.8900322914123535,4,4,3.905991554260254,3.9061152935028076,full,19793,False,100,0.3542201519012451,0.25119471549987793,0.8687844276428223
single_202,single,stitch,corafull,13,13,67,True,1.0,[13],100,0.005347728729248047,0.00015664100646972656,0.02249431610107422,True,0.052129507064819336,1.0,1.0,0.05558443069458008,1,1,0.12582635879516602,0.16145944595336914,top-1,1017,False,100,0.3542201519012451,0.25119471549987793,0.8687844276428223
single_202,single,full,corafull,13,-1,-1,False,0.0,[13],100,0.0,0.0,0.0,True,3.851038694381714,1.0,1.0,3.8829312324523926,1,1,3.8969032764434814,3.897008180618286,full,19793,False,100,0.3542201519012451,0.25119471549987793,0.8687844276428223
single_203,single,stitch,corafull,2,2,12,True,1.0,[2],63,0.005154132843017578,0.00014662742614746094,0.02093362808227539,True,0.04768872261047363,1.0,1.0,0.0500645637512207,1,1,0.11434817314147949,0.14385557174682617,top-1,962,False,100,0.3542201519012451,0.25119471549987793,0.8687844276428223
single_203,single,full,corafull,2,-1,-1,False,0.0,[2],63,0.0,0.0,0.0,True,3.682910919189453,1.0,1.0,3.715414047241211,1,1,3.725322961807251,3.725432872772217,full,19793,False,100,0.3542201519012451,0.25119471549987793,0.8687844276428223
single_204,single,stitch,corafull,18,18,92,True,1.0,[18],99,0.005294084548950195,0.00017547607421875,0.020672082901000977,True,0.04906916618347168,0.9797979797979798,1.0,0.05207943916320801,2,2,0.12153482437133789,0.15333175659179688,top-1,969,False,100,0.3542201519012451,0.25119471549987793,0.8687844276428223
single_204,single,full,corafull,18,-1,-1,False,0.0,[18],99,0.0,0.0,0.0,True,3.602787733078003,0.9797979797979798,1.0,3.6340808868408203,2,2,3.6481921672821045,3.6483216285705566,full,19793,False,100,0.3542201519012451,0.25119471549987793,0.8687844276428223
single_205,single,stitch,corafull,7,7,36,True,1.0,[7],100,0.00606846809387207,0.00019121170043945312,0.02112579345703125,True,0.04765129089355469,0.98,1.0,0.04978013038635254,2,2,0.11919856071472168,0.15330100059509277,top-1,969,False,100,0.3542201519012451,0.25119471549987793,0.8687844276428223
single_205,single,full,corafull,7,-1,-1,False,0.0,[7],100,0.0,0.0,0.0,True,3.7913620471954346,0.98,1.0,3.8208231925964355,2,2,3.8353614807128906,3.835495948791504,full,19793,False,100,0.3542201519012451,0.25119471549987793,0.8687844276428223
single_206,single,stitch,corafull,8,8,40,True,1.0,[8],91,0.004999399185180664,0.00014448165893554688,0.01998424530029297,True,0.04596972465515137,1.0,1.0,0.04834103584289551,1,1,0.11599373817443848,0.14853692054748535,top-1,999,False,100,0.3542201519012451,0.25119471549987793,0.8687844276428223
single_206,single,full,corafull,8,-1,-1,False,0.0,[8],91,0.0,0.0,0.0,True,4.012241840362549,1.0,1.0,4.047101020812988,1,1,4.060011625289917,4.06014084815979,full,19793,False,100,0.3542201519012451,0.25119471549987793,0.8687844276428223
single_207,single,stitch,corafull,19,19,97,True,1.0,[19],100,0.0055124759674072266,0.0001506805419921875,0.021513700485229492,True,0.050167083740234375,0.95,1.0,0.05575275421142578,100,100,0.18482375144958496,0.21912002563476562,top-1,1018,False,100,0.3542201519012451,0.25119471549987793,0.8687844276428223
single_207,single,full,corafull,19,-1,-1,False,0.0,[19],100,0.0,0.0,0.0,True,3.67413067817688,0.95,1.0,3.6930997371673584,100,100,3.759085178375244,3.7592248916625977,full,19793,False,100,0.3542201519012451,0.25119471549987793,0.8687844276428223
single_208,single,stitch,corafull,10,10,53,True,1.0,[10],64,0.004873991012573242,0.0001304149627685547,0.02049422264099121,True,0.043653249740600586,1.0,1.0,0.045247793197631836,1,1,0.1125946044921875,0.14576387405395508,top-1,1016,False,100,0.3542201519012451,0.25119471549987793,0.8687844276428223
single_208,single,full,corafull,10,-1,-1,False,0.0,[10],64,0.0,0.0,0.0,True,3.5002284049987793,1.0,1.0,3.533294677734375,1,1,3.5432469844818115,3.54337215423584,full,19793,False,100,0.3542201519012451,0.25119471549987793,0.8687844276428223
single_209,single,stitch,corafull,8,8,42,True,1.0,[8],100,0.005245685577392578,0.00016546249389648438,0.020171642303466797,True,0.04622602462768555,0.98,1.0,0.048981666564941406,2,2,0.11848616600036621,0.15705466270446777,top-1,999,False,100,0.3542201519012451,0.25119471549987793,0.8687844276428223
single_209,single,full,corafull,8,-1,-1,False,0.0,[8],100,0.0,0.0,0.0,True,3.6828572750091553,0.98,1.0,3.7103583812713623,2,2,3.7241170406341553,3.724231481552124,full,19793,False,100,0.3542201519012451,0.25119471549987793,0.8687844276428223
single_210,single,stitch,corafull,6,6,31,True,1.0,[6],100,0.005189418792724609,0.00013637542724609375,0.0207977294921875,True,0.048093318939208984,1.0,1.0,0.05081748962402344,1,1,0.12358498573303223,0.15707826614379883,top-1,1018,False,100,0.3542201519012451,0.25119471549987793,0.8687844276428223
single_210,single,full,corafull,6,-1,-1,False,0.0,[6],100,0.0,0.0,0.0,True,3.521073818206787,1.0,1.0,3.55509877204895,1,1,3.5690202713012695,3.56911301612854,full,19793,False,100,0.3542201519012451,0.25119471549987793,0.8687844276428223
single_211,single,stitch,corafull,19,19,96,True,1.0,[19],100,0.005163908004760742,0.00013971328735351562,0.02053976058959961,True,0.05044102668762207,0.95,1.0,0.05742955207824707,100,100,0.17927241325378418,0.21280860900878906,top-1,1018,False,100,0.3542201519012451,0.25119471549987793,0.8687844276428223
single_211,single,full,corafull,19,-1,-1,False,0.0,[19],100,0.0,0.0,0.0,True,3.655156135559082,0.95,1.0,3.6744871139526367,100,100,3.7394862174987793,3.73966646194458,full,19793,False,100,0.3542201519012451,0.25119471549987793,0.8687844276428223
single_212,single,stitch,corafull,19,19,96,True,1.0,[19],100,0.005243062973022461,0.00022125244140625,0.022401809692382812,True,0.048513174057006836,0.96,0.99,0.05416083335876465,100,100,0.1757676601409912,0.21088480949401855,top-1,1018,False,100,0.3542201519012451,0.25119471549987793,0.8687844276428223
single_212,single,full,corafull,19,-1,-1,False,0.0,[19],100,0.0,0.0,0.0,True,3.7882142066955566,0.96,0.99,3.8071706295013428,100,100,3.8714492321014404,3.8715925216674805,full,19793,False,100,0.3542201519012451,0.25119471549987793,0.8687844276428223
single_213,single,stitch,corafull,13,13,69,True,1.0,[13],100,0.005079984664916992,0.0001475811004638672,0.020496129989624023,True,0.05051732063293457,1.0,1.0,0.052961111068725586,1,1,0.1250777244567871,0.15748095512390137,top-1,1017,False,100,0.3542201519012451,0.25119471549987793,0.8687844276428223
single_213,single,full,corafull,13,-1,-1,False,0.0,[13],100,0.0,0.0,0.0,True,3.7975573539733887,1.0,1.0,3.8297040462493896,1,1,3.8430404663085938,3.8431379795074463,full,19793,False,100,0.3542201519012451,0.25119471549987793,0.8687844276428223
single_214,single,stitch,corafull,19,19,96,True,1.0,[19],66,0.0049970149993896484,0.0001327991485595703,0.020519018173217773,True,0.044825077056884766,0.9696969696969697,1.0,0.046610355377197266,2,2,0.11367058753967285,0.146101713180542,top-1,1018,False,100,0.3542201519012451,0.25119471549987793,0.8687844276428223
single_214,single,full,corafull,19,-1,-1,False,0.0,[19],66,0.0,0.0,0.0,True,3.681020736694336,0.9696969696969697,1.0,3.709146499633789,2,2,3.718832015991211,3.718932867050171,full,19793,False,100,0.3542201519012451,0.25119471549987793,0.8687844276428223
single_215,single,stitch,corafull,14,14,73,True,1.0,[14],100,0.0050542354583740234,0.0001347064971923828,0.020827054977416992,True,0.04510068893432617,0.96,1.0,0.047228097915649414,4,4,0.11634063720703125,0.14817476272583008,top-1,968,False,100,0.3542201519012451,0.25119471549987793,0.8687844276428223
single_215,single,full,corafull,14,-1,-1,False,0.0,[14],100,0.0,0.0,0.0,True,3.713249683380127,0.96,1.0,3.7494077682495117,4,4,3.764399766921997,3.764531135559082,full,19793,False,100,0.3542201519012451,0.25119471549987793,0.8687844276428223
single_216,single,stitch,corafull,13,13,65,True,1.0,[13],93,0.005228281021118164,0.000141143798828125,0.020452022552490234,True,0.0468747615814209,1.0,1.0,0.050290584564208984,1,1,0.11924505233764648,0.15145564079284668,top-1,1017,False,100,0.3542201519012451,0.25119471549987793,0.8687844276428223
single_216,single,full,corafull,13,-1,-1,False,0.0,[13],93,0.0,0.0,0.0,True,3.742276668548584,1.0,1.0,3.7734289169311523,1,1,3.7856929302215576,3.7858405113220215,full,19793,False,100,0.3542201519012451,0.25119471549987793,0.8687844276428223
single_217,single,stitch,corafull,5,5,27,True,1.0,[5],100,0.005008220672607422,0.00015425682067871094,0.020287752151489258,True,0.046187639236450195,1.0,1.0,0.04836297035217285,1,1,0.11256718635559082,0.14363741874694824,top-1,970,False,100,0.3542201519012451,0.25119471549987793,0.8687844276428223
single_217,single,full,corafull,5,-1,-1,False,0.0,[5],100,0.0,0.0,0.0,True,3.5488157272338867,1.0,1.0,3.583542585372925,1,1,3.5969417095184326,3.5970890522003174,full,19793,False,100,0.3542201519012451,0.25119471549987793,0.8687844276428223
single_218,single,stitch,corafull,13,13,69,True,1.0,[13],100,0.005181074142456055,0.00015544891357421875,0.02086806297302246,True,0.04737067222595215,1.0,1.0,0.04949331283569336,1,1,0.12163925170898438,0.15524530410766602,top-1,1017,False,100,0.3542201519012451,0.25119471549987793,0.8687844276428223
single_218,single,full,corafull,13,-1,-1,False,0.0,[13],100,0.0,0.0,0.0,True,3.818829298019409,1.0,1.0,3.8500187397003174,1,1,3.86383056640625,3.8639273643493652,full,19793,False,100,0.3542201519012451,0.25119471549987793,0.8687844276428223
single_219,single,stitch,corafull,5,5,27,True,1.0,[5],100,0.005311250686645508,0.0001552104949951172,0.020688295364379883,True,0.04907584190368652,1.0,1.0,0.05156087875366211,1,1,0.1198570728302002,0.1513538360595703,top-1,970,False,100,0.3542201519012451,0.25119471549987793,0.8687844276428223
single_219,single,full,corafull,5,-1,-1,False,0.0,[5],100,0.0,0.0,0.0,True,3.6848297119140625,1.0,1.0,3.715009927749634,1,1,3.728443145751953,3.728562355041504,full,19793,False,100,0.3542201519012451,0.25119471549987793,0.8687844276428223
single_220,single,stitch,corafull,13,13,68,True,1.0,[13],100,0.0052144527435302734,0.00016546249389648438,0.020901203155517578,True,0.04656648635864258,1.0,1.0,0.0485079288482666,1,1,0.12010455131530762,0.1532750129699707,top-1,1017,False,100,0.3542201519012451,0.25119471549987793,0.8687844276428223
single_220,single,full,corafull,13,-1,-1,False,0.0,[13],100,0.0,0.0,0.0,True,3.6293983459472656,1.0,1.0,3.656493902206421,1,1,3.6700310707092285,3.670125961303711,full,19793,False,100,0.3542201519012451,0.25119471549987793,0.8687844276428223
single_221,single,stitch,corafull,9,9,45,True,1.0,[9],100,0.005129814147949219,0.0001430511474609375,0.020438432693481445,True,0.05113363265991211,1.0,1.0,0.05430269241333008,1,1,0.13124942779541016,0.16417193412780762,top-1,1019,False,100,0.3542201519012451,0.25119471549987793,0.8687844276428223
single_221,single,full,corafull,9,-1,-1,False,0.0,[9],100,0.0,0.0,0.0,True,3.740463972091675,1.0,1.0,3.7690820693969727,1,1,3.785444974899292,3.7855703830718994,full,19793,False,100,0.3542201519012451,0.25119471549987793,0.8687844276428223
single_222,single,stitch,corafull,17,17,88,True,1.0,[17],100,0.0054323673248291016,0.0001633167266845703,0.020389795303344727,True,0.04713559150695801,0.98,1.0,0.049306392669677734,6,6,0.12069249153137207,0.15220308303833008,top-1,969,False,100,0.3542201519012451,0.25119471549987793,0.8687844276428223
single_222,single,full,corafull,17,-1,-1,False,0.0,[17],100,0.0,0.0,0.0,True,3.741443157196045,0.98,1.0,3.773705244064331,24,24,3.798921585083008,3.7990071773529053,full,19793,False,100,0.3542201519012451,0.25119471549987793,0.8687844276428223
single_223,single,stitch,corafull,12,12,62,True,1.0,[12],100,0.005356550216674805,0.00014972686767578125,0.021620512008666992,True,0.047035932540893555,1.0,1.0,0.049449920654296875,1,1,0.11829447746276855,0.1511838436126709,top-1,966,False,100,0.3542201519012451,0.25119471549987793,0.8687844276428223
single_223,single,full,corafull,12,-1,-1,False,0.0,[12],100,0.0,0.0,0.0,True,3.6933369636535645,1.0,1.0,3.727856397628784,1,1,3.7417492866516113,3.741870880126953,full,19793,False,100,0.3542201519012451,0.25119471549987793,0.8687844276428223
single_224,single,stitch,corafull,9,9,47,True,1.0,[9],100,0.0050923824310302734,0.00014543533325195312,0.020715713500976562,True,0.05037641525268555,1.0,1.0,0.0531916618347168,1,1,0.12612199783325195,0.15915846824645996,top-1,1019,False,100,0.3542201519012451,0.25119471549987793,0.8687844276428223
single_224,single,full,corafull,9,-1,-1,False,0.0,[9],100,0.0,0.0,0.0,True,3.796133279800415,1.0,1.0,3.8269171714782715,1,1,3.840672731399536,3.840803861618042,full,19793,False,100,0.3542201519012451,0.25119471549987793,0.8687844276428223
single_225,single,stitch,corafull,17,17,85,True,1.0,[17],66,0.005217313766479492,0.00015163421630859375,0.019956588745117188,True,0.04549002647399902,1.0,1.0,0.047446250915527344,1,1,0.11040091514587402,0.14188647270202637,top-1,969,False,100,0.3542201519012451,0.25119471549987793,0.8687844276428223
single_225,single,full,corafull,17,-1,-1,False,0.0,[17],66,0.0,0.0,0.0,True,3.6217610836029053,1.0,1.0,3.654567241668701,1,1,3.663996696472168,3.664102792739868,full,19793,False,100,0.3542201519012451,0.25119471549987793,0.8687844276428223
single_226,single,stitch,corafull,7,7,39,True,1.0,[7],100,0.005388021469116211,0.0001761913299560547,0.0207216739654541,True,0.04780244827270508,0.98,1.0,0.04987001419067383,2,2,0.11682319641113281,0.14894342422485352,top-1,969,False,100,0.3542201519012451,0.25119471549987793,0.8687844276428223
single_226,single,full,corafull,7,-1,-1,False,0.0,[7],100,0.0,0.0,0.0,True,3.678752899169922,0.98,1.0,3.7066798210144043,2,2,3.7203352451324463,3.7204926013946533,full,19793,False,100,0.3542201519012451,0.25119471549987793,0.8687844276428223
single_227,single,stitch,corafull,17,17,86,True,1.0,[17],100,0.005430936813354492,0.0001533031463623047,0.020122051239013672,True,0.04427456855773926,1.0,1.0,0.045829057693481445,1,1,0.1121981143951416,0.143280029296875,top-1,969,False,100,0.3542201519012451,0.25119471549987793,0.8687844276428223
single_227,single,full,corafull,17,-1,-1,False,0.0,[17],100,0.0,0.0,0.0,True,3.4329872131347656,1.0,1.0,3.460212469100952,1,1,3.4734418392181396,3.4735348224639893,full,19793,False,100,0.3542201519012451,0.25119471549987793,0.8687844276428223
single_228,single,stitch,corafull,8,8,42,True,1.0,[8],100,0.005005359649658203,0.00014281272888183594,0.020252227783203125,True,0.0445408821105957,0.92,0.96,0.04956960678100586,100,100,0.1758406162261963,0.2085731029510498,top-1,999,False,100,0.3542201519012451,0.25119471549987793,0.8687844276428223
single_228,single,full,corafull,8,-1,-1,False,0.0,[8],100,0.0,0.0,0.0,True,3.555480480194092,0.92,0.96,3.575451374053955,100,100,3.639962911605835,3.640089273452759,full,19793,False,100,0.3542201519012451,0.25119471549987793,0.8687844276428223
single_229,single,stitch,corafull,0,0,1,True,1.0,[0],92,0.0052509307861328125,0.0001475811004638672,0.020487546920776367,True,0.0441737174987793,1.0,1.0,0.04561448097229004,1,1,0.11238384246826172,0.14539217948913574,top-1,998,False,100,0.3542201519012451,0.25119471549987793,0.8687844276428223
single_229,single,full,corafull,0,-1,-1,False,0.0,[0],92,0.0,0.0,0.0,True,3.631669521331787,1.0,1.0,3.661632537841797,1,1,3.673739433288574,3.6738333702087402,full,19793,False,100,0.3542201519012451,0.25119471549987793,0.8687844276428223
single_230,single,stitch,corafull,9,9,47,True,1.0,[9],100,0.005516767501831055,0.00018787384033203125,0.0220792293548584,True,0.05219125747680664,1.0,1.0,0.0545346736907959,1,1,0.12640380859375,0.16226744651794434,top-1,1019,False,100,0.3542201519012451,0.25119471549987793,0.8687844276428223
single_230,single,full,corafull,9,-1,-1,False,0.0,[9],100,0.0,0.0,0.0,True,3.6564486026763916,1.0,1.0,3.6890997886657715,1,1,3.702479839324951,3.7026267051696777,full,19793,False,100,0.3542201519012451,0.25119471549987793,0.8687844276428223
single_231,single,stitch,corafull,9,9,47,True,1.0,[9],100,0.0052204132080078125,0.00013828277587890625,0.020708084106445312,True,0.05194234848022461,1.0,1.0,0.054718971252441406,1,1,0.12338018417358398,0.15691876411437988,top-1,1019,False,100,0.3542201519012451,0.25119471549987793,0.8687844276428223
single_231,single,full,corafull,9,-1,-1,False,0.0,[9],100,0.0,0.0,0.0,True,3.9905712604522705,1.0,1.0,4.024362564086914,1,1,4.037644386291504,4.037738084793091,full,19793,False,100,0.3542201519012451,0.25119471549987793,0.8687844276428223
single_232,single,stitch,corafull,2,2,10,True,1.0,[2],100,0.005559206008911133,0.0001609325408935547,0.020377397537231445,True,0.0489504337310791,0.97,1.0,0.05151486396789551,4,4,0.12864995002746582,0.15805339813232422,top-1,962,False,100,0.3542201519012451,0.25119471549987793,0.8687844276428223
single_232,single,full,corafull,2,-1,-1,False,0.0,[2],100,0.0,0.0,0.0,True,3.5179049968719482,0.97,1.0,3.5495100021362305,4,4,3.565203905105591,3.5653200149536133,full,19793,False,100,0.3542201519012451,0.25119471549987793,0.8687844276428223
single_233,single,stitch,corafull,15,15,79,True,1.0,[15],100,0.005043745040893555,0.0001361370086669922,0.020389080047607422,True,0.047376155853271484,0.98,1.0,0.049591064453125,2,2,0.1201634407043457,0.15233469009399414,top-1,1016,False,100,0.3542201519012451,0.25119471549987793,0.8687844276428223
single_233,single,full,corafull,15,-1,-1,False,0.0,[15],100,0.0,0.0,0.0,True,3.787386655807495,0.97,1.0,3.8178155422210693,4,4,3.8324971199035645,3.832584857940674,full,19793,False,100,0.3542201519012451,0.25119471549987793,0.8687844276428223
single_234,single,stitch,corafull,7,7,36,True,1.0,[7],100,0.005015373229980469,0.00014781951904296875,0.02013993263244629,True,0.04881596565246582,1.0,1.0,0.05182480812072754,1,1,0.12004613876342773,0.15081286430358887,top-1,969,False,100,0.3542201519012451,0.25119471549987793,0.8687844276428223
single_234,single,full,corafull,7,-1,-1,False,0.0,[7],100,0.0,0.0,0.0,True,3.67934513092041,1.0,1.0,3.7112982273101807,1,1,3.727388858795166,3.727510690689087,full,19793,False,100,0.3542201519012451,0.25119471549987793,0.8687844276428223
single_235,single,stitch,corafull,5,5,27,True,1.0,[5],100,0.005096912384033203,0.0001289844512939453,0.020142078399658203,True,0.04642295837402344,1.0,1.0,0.04967951774597168,1,1,0.11664485931396484,0.14826035499572754,top-1,970,False,100,0.3542201519012451,0.25119471549987793,0.8687844276428223
single_235,single,full,corafull,5,-1,-1,False,0.0,[5],100,0.0,0.0,0.0,True,3.591102123260498,1.0,1.0,3.62306547164917,1,1,3.636101484298706,3.6362009048461914,full,19793,False,100,0.3542201519012451,0.25119471549987793,0.8687844276428223
single_236,single,stitch,corafull,7,7,39,True,1.0,[7],100,0.005040168762207031,0.0001366138458251953,0.02063441276550293,True,0.044229984283447266,1.0,1.0,0.046386003494262695,1,1,0.11343240737915039,0.14444494247436523,top-1,969,False,100,0.3542201519012451,0.25119471549987793,0.8687844276428223
single_236,single,full,corafull,7,-1,-1,False,0.0,[7],100,0.0,0.0,0.0,True,3.6117794513702393,1.0,1.0,3.6441450119018555,1,1,3.6568939685821533,3.657029867172241,full,19793,False,100,0.3542201519012451,0.25119471549987793,0.8687844276428223
single_237,single,stitch,corafull,8,8,42,True,1.0,[8],100,0.004990100860595703,0.00013780593872070312,0.02009868621826172,True,0.04485821723937988,0.92,0.96,0.05030465126037598,100,100,0.17073416709899902,0.2026808261871338,top-1,999,False,100,0.3542201519012451,0.25119471549987793,0.8687844276428223
single_237,single,full,corafull,8,-1,-1,False,0.0,[8],100,0.0,0.0,0.0,True,3.6728155612945557,0.92,0.96,3.6916871070861816,100,100,3.756147861480713,3.7562458515167236,full,19793,False,100,0.3542201519012451,0.25119471549987793,0.8687844276428223
single_238,single,stitch,corafull,9,9,47,True,1.0,[9],100,0.005026578903198242,0.00013136863708496094,0.02041006088256836,True,0.04786872863769531,1.0,1.0,0.04941058158874512,1,1,0.12294435501098633,0.1554415225982666,top-1,1019,False,100,0.3542201519012451,0.25119471549987793,0.8687844276428223
single_238,single,full,corafull,9,-1,-1,False,0.0,[9],100,0.0,0.0,0.0,True,3.7160799503326416,1.0,1.0,3.746875047683716,1,1,3.7604339122772217,3.7605762481689453,full,19793,False,100,0.3542201519012451,0.25119471549987793,0.8687844276428223
single_239,single,stitch,corafull,7,7,36,True,1.0,[7],100,0.0049707889556884766,0.00013685226440429688,0.020319700241088867,True,0.04791450500488281,1.0,1.0,0.04991292953491211,1,1,0.11688780784606934,0.14782977104187012,top-1,969,False,100,0.3542201519012451,0.25119471549987793,0.8687844276428223
single_239,single,full,corafull,7,-1,-1,False,0.0,[7],100,0.0,0.0,0.0,True,3.8485915660858154,1.0,1.0,3.883068084716797,1,1,3.896127939224243,3.8962178230285645,full,19793,False,100,0.3542201519012451,0.25119471549987793,0.8687844276428223
single_240,single,stitch,corafull,9,9,47,True,1.0,[9],100,0.0051724910736083984,0.0001430511474609375,0.020879268646240234,True,0.054563045501708984,1.0,1.0,0.057253122329711914,1,1,0.1296234130859375,0.16323637962341309,top-1,1019,False,100,0.3542201519012451,0.25119471549987793,0.8687844276428223
single_240,single,full,corafull,9,-1,-1,False,0.0,[9],100,0.0,0.0,0.0,True,3.755100727081299,1.0,1.0,3.7853472232818604,1,1,3.7992050647735596,3.799330472946167,full,19793,False,100,0.3542201519012451,0.25119471549987793,0.8687844276428223
single_241,single,stitch,corafull,12,12,61,True,1.0,[12],83,0.005003690719604492,0.0001361370086669922,0.019754648208618164,True,0.044916391372680664,0.9759036144578314,1.0,0.047009944915771484,2,2,0.11203408241271973,0.14246606826782227,top-1,966,False,100,0.3542201519012451,0.25119471549987793,0.8687844276428223
single_241,single,full,corafull,12,-1,-1,False,0.0,[12],83,0.0,0.0,0.0,True,3.6881046295166016,0.9759036144578314,1.0,3.717989683151245,2,2,3.72961163520813,3.7297372817993164,full,19793,False,100,0.3542201519012451,0.25119471549987793,0.8687844276428223
single_242,single,stitch,corafull,4,4,22,True,1.0,[4],100,0.005051851272583008,0.00015282630920410156,0.020344972610473633,True,0.05024075508117676,0.96,1.0,0.05272865295410156,4,4,0.12269353866577148,0.15455031394958496,top-1,977,False,100,0.3542201519012451,0.25119471549987793,0.8687844276428223
single_242,single,full,corafull,4,-1,-1,False,0.0,[4],100,0.0,0.0,0.0,True,3.749830484390259,0.93,1.0,3.7834489345550537,96,96,3.846925735473633,3.847038984298706,full,19793,False,100,0.3542201519012451,0.25119471549987793,0.8687844276428223
single_243,single,stitch,corafull,4,4,20,True,1.0,[4],100,0.005097150802612305,0.00013947486877441406,0.020504236221313477,True,0.04700970649719238,0.96,1.0,0.04964923858642578,16,16,0.125960111618042,0.15746808052062988,top-1,977,False,100,0.3542201519012451,0.25119471549987793,0.8687844276428223
single_243,single,full,corafull,4,-1,-1,False,0.0,[4],100,0.0,0.0,0.0,True,3.574075222015381,0.93,0.98,3.591301202774048,100,100,3.6567928791046143,3.6569387912750244,full,19793,False,100,0.3542201519012451,0.25119471549987793,0.8687844276428223
single_244,single,stitch,corafull,18,18,90,True,1.0,[18],100,0.004975318908691406,0.0001354217529296875,0.020570755004882812,True,0.04398369789123535,0.97,1.0,0.047049760818481445,36,36,0.1347811222076416,0.16657066345214844,top-1,969,False,100,0.3542201519012451,0.25119471549987793,0.8687844276428223
single_244,single,full,corafull,18,-1,-1,False,0.0,[18],100,0.0,0.0,0.0,True,3.744926929473877,0.97,1.0,3.7763242721557617,36,36,3.8077235221862793,3.80782413482666,full,19793,False,100,0.3542201519012451,0.25119471549987793,0.8687844276428223
single_245,single,stitch,corafull,17,17,86,True,1.0,[17],64,0.004934072494506836,0.00013780593872070312,0.02063894271850586,True,0.045152902603149414,1.0,1.0,0.04744076728820801,1,1,0.1109316349029541,0.14240813255310059,top-1,969,False,100,0.3542201519012451,0.25119471549987793,0.8687844276428223
single_245,single,full,corafull,17,-1,-1,False,0.0,[17],64,0.0,0.0,0.0,True,3.5132837295532227,1.0,1.0,3.5425736904144287,1,1,3.554499626159668,3.5545899868011475,full,19793,False,100,0.3542201519012451,0.25119471549987793,0.8687844276428223
single_246,single,stitch,corafull,5,5,29,True,1.0,[5],100,0.005071401596069336,0.0001392364501953125,0.02035832405090332,True,0.04631924629211426,1.0,1.0,0.04764294624328613,1,1,0.11243224143981934,0.14368247985839844,top-1,970,False,100,0.3542201519012451,0.25119471549987793,0.8687844276428223
single_246,single,full,corafull,5,-1,-1,False,0.0,[5],100,0.0,0.0,0.0,True,3.7441301345825195,1.0,1.0,3.7775325775146484,1,1,3.790935754776001,3.7910327911376953,full,19793,False,100,0.3542201519012451,0.25119471549987793,0.8687844276428223
single_247,single,stitch,corafull,17,17,86,True,1.0,[17],79,0.005144834518432617,0.00014209747314453125,0.020595312118530273,True,0.04323458671569824,1.0,1.0,0.044744253158569336,1,1,0.10963869094848633,0.14103960990905762,top-1,969,False,100,0.3542201519012451,0.25119471549987793,0.8687844276428223
single_247,single,full,corafull,17,-1,-1,False,0.0,[17],79,0.0,0.0,0.0,True,3.6490840911865234,1.0,1.0,3.6778876781463623,1,1,3.688978433609009,3.6890714168548584,full,19793,False,100,0.3542201519012451,0.25119471549987793,0.8687844276428223
single_248,single,stitch,corafull,18,18,94,True,1.0,[18],100,0.005464315414428711,0.00015497207641601562,0.0214078426361084,True,0.047724008560180664,1.0,1.0,0.04998159408569336,1,1,0.11999940872192383,0.15581202507019043,top-1,969,False,100,0.3542201519012451,0.25119471549987793,0.8687844276428223
single_248,single,full,corafull,18,-1,-1,False,0.0,[18],100,0.0,0.0,0.0,True,3.826064109802246,1.0,1.0,3.8586432933807373,1,1,3.8723089694976807,3.8724365234375,full,19793,False,100,0.3542201519012451,0.25119471549987793,0.8687844276428223
single_249,single,stitch,corafull,5,5,25,True,1.0,[5],100,0.005042076110839844,0.0001380443572998047,0.020169734954833984,True,0.04554343223571777,1.0,1.0,0.047540903091430664,1,1,0.11492276191711426,0.14608430862426758,top-1,970,False,100,0.3542201519012451,0.25119471549987793,0.8687844276428223
single_249,single,full,corafull,5,-1,-1,False,0.0,[5],100,0.0,0.0,0.0,True,3.644152879714966,0.99,1.0,3.674137592315674,2,2,3.6874313354492188,3.6875760555267334,full,19793,False,100,0.3542201519012451,0.25119471549987793,0.8687844276428223
single_250,single,stitch,corafull,17,17,88,True,1.0,[17],100,0.005273342132568359,0.00019288063049316406,0.022986173629760742,True,0.04545712471008301,0.98,1.0,0.04779982566833496,6,6,0.11968803405761719,0.1548001766204834,top-1,969,False,100,0.3542201519012451,0.25119471549987793,0.8687844276428223
single_250,single,full,corafull,17,-1,-1,False,0.0,[17],100,0.0,0.0,0.0,True,3.6298913955688477,0.97,1.0,3.6650161743164062,12,12,3.684269666671753,3.6843738555908203,full,19793,False,100,0.3542201519012451,0.25119471549987793,0.8687844276428223
single_251,single,stitch,corafull,10,10,54,True,1.0,[10],91,0.005114078521728516,0.00013899803161621094,0.020456314086914062,True,0.047657012939453125,1.0,1.0,0.05014348030090332,1,1,0.11980152130126953,0.1521437168121338,top-1,1016,False,100,0.3542201519012451,0.25119471549987793,0.8687844276428223
single_251,single,full,corafull,10,-1,-1,False,0.0,[10],91,0.0,0.0,0.0,True,3.7021124362945557,1.0,1.0,3.7334728240966797,1,1,3.7459473609924316,3.7460453510284424,full,19793,False,100,0.3542201519012451,0.25119471549987793,0.8687844276428223
single_252,single,stitch,corafull,14,14,74,True,1.0,[14],100,0.005078792572021484,0.00013899803161621094,0.02070307731628418,True,0.04772806167602539,0.96,1.0,0.049939870834350586,4,4,0.11708974838256836,0.14839816093444824,top-1,968,False,100,0.3542201519012451,0.25119471549987793,0.8687844276428223
single_252,single,full,corafull,14,-1,-1,False,0.0,[14],100,0.0,0.0,0.0,True,3.6245169639587402,0.96,1.0,3.6570372581481934,4,4,3.6720824241638184,3.6721882820129395,full,19793,False,100,0.3542201519012451,0.25119471549987793,0.8687844276428223
single_253,single,stitch,corafull,0,0,3,True,1.0,[0],100,0.004959583282470703,0.00012946128845214844,0.019820451736450195,True,0.044036865234375,1.0,1.0,0.046343326568603516,1,1,0.11453366279602051,0.15160536766052246,top-1,998,False,100,0.3542201519012451,0.25119471549987793,0.8687844276428223
single_253,single,full,corafull,0,-1,-1,False,0.0,[0],100,0.0,0.0,0.0,True,3.599454641342163,1.0,1.0,3.632672071456909,1,1,3.646043539047241,3.6461753845214844,full,19793,False,100,0.3542201519012451,0.25119471549987793,0.8687844276428223
single_254,single,stitch,corafull,15,15,78,True,1.0,[15],89,0.005106687545776367,0.00014209747314453125,0.02081751823425293,True,0.04812264442443848,1.0,1.0,0.052674293518066406,1,1,0.12321829795837402,0.1565723419189453,top-1,1016,False,100,0.3542201519012451,0.25119471549987793,0.8687844276428223
single_254,single,full,corafull,15,-1,-1,False,0.0,[15],89,0.0,0.0,0.0,True,3.692983865737915,1.0,1.0,3.731137990951538,1,1,3.743492603302002,3.7436037063598633,full,19793,False,100,0.3542201519012451,0.25119471549987793,0.8687844276428223
single_255,single,stitch,corafull,9,9,47,True,1.0,[9],100,0.005197763442993164,0.0001392364501953125,0.020797252655029297,True,0.05406689643859863,1.0,1.0,0.05673813819885254,1,1,0.13071465492248535,0.16367578506469727,top-1,1019,False,100,0.3542201519012451,0.25119471549987793,0.8687844276428223
single_255,single,full,corafull,9,-1,-1,False,0.0,[9],100,0.0,0.0,0.0,True,3.8038156032562256,1.0,1.0,3.8326735496520996,1,1,3.845879316329956,3.8459880352020264,full,19793,False,100,0.3542201519012451,0.25119471549987793,0.8687844276428223
single_256,single,stitch,corafull,17,17,88,True,1.0,[17],100,0.005016803741455078,0.0001418590545654297,0.020623207092285156,True,0.04624009132385254,0.98,1.0,0.04810619354248047,6,6,0.11805319786071777,0.1494758129119873,top-1,969,False,100,0.3542201519012451,0.25119471549987793,0.8687844276428223
single_256,single,full,corafull,17,-1,-1,False,0.0,[17],100,0.0,0.0,0.0,True,3.6339714527130127,0.97,1.0,3.6706225872039795,12,12,3.6895289421081543,3.689621925354004,full,19793,False,100,0.3542201519012451,0.25119471549987793,0.8687844276428223
single_257,single,stitch,corafull,13,13,68,True,1.0,[13],100,0.005431652069091797,0.0001704692840576172,0.020850181579589844,True,0.048159122467041016,1.0,1.0,0.050614356994628906,1,1,0.11793208122253418,0.15101170539855957,top-1,1017,False,100,0.3542201519012451,0.25119471549987793,0.8687844276428223
single_257,single,full,corafull,13,-1,-1,False,0.0,[13],100,0.0,0.0,0.0,True,3.5012645721435547,1.0,1.0,3.52815580368042,1,1,3.5415666103363037,3.541675329208374,full,19793,False,100,0.3542201519012451,0.25119471549987793,0.8687844276428223
single_258,single,stitch,corafull,18,18,94,True,1.0,[18],100,0.004959821701049805,0.00015234947204589844,0.01989006996154785,True,0.04574418067932129,0.98,1.0,0.04731869697570801,2,2,0.1157832145690918,0.14630794525146484,top-1,969,False,100,0.3542201519012451,0.25119471549987793,0.8687844276428223
single_258,single,full,corafull,18,-1,-1,False,0.0,[18],100,0.0,0.0,0.0,True,3.6358487606048584,0.98,1.0,3.671530246734619,2,2,3.6852729320526123,3.6853749752044678,full,19793,False,100,0.3542201519012451,0.25119471549987793,0.8687844276428223
single_259,single,stitch,corafull,10,10,51,True,1.0,[10],55,0.0049822330474853516,0.00014019012451171875,0.020639419555664062,True,0.0447237491607666,1.0,1.0,0.046820640563964844,1,1,0.11301374435424805,0.14527106285095215,top-1,1016,False,100,0.3542201519012451,0.25119471549987793,0.8687844276428223
single_259,single,full,corafull,10,-1,-1,False,0.0,[10],55,0.0,0.0,0.0,True,3.5260281562805176,1.0,1.0,3.5601980686187744,1,1,3.567786693572998,3.5679149627685547,full,19793,False,100,0.3542201519012451,0.25119471549987793,0.8687844276428223
single_260,single,stitch,corafull,15,15,77,True,1.0,[15],92,0.005145072937011719,0.00015211105346679688,0.020246505737304688,True,0.04794025421142578,1.0,1.0,0.05040574073791504,1,1,0.12348771095275879,0.1564955711364746,top-1,1016,False,100,0.3542201519012451,0.25119471549987793,0.8687844276428223
single_260,single,full,corafull,15,-1,-1,False,0.0,[15],92,0.0,0.0,0.0,True,3.6031434535980225,1.0,1.0,3.6322782039642334,1,1,3.6454832553863525,3.64559268951416,full,19793,False,100,0.3542201519012451,0.25119471549987793,0.8687844276428223
single_261,single,stitch,corafull,8,8,40,True,1.0,[8],100,0.005033731460571289,0.0001347064971923828,0.020360946655273438,True,0.04384303092956543,0.9,0.94,0.0489046573638916,100,100,0.16856598854064941,0.20049643516540527,top-1,999,False,100,0.3542201519012451,0.25119471549987793,0.8687844276428223
single_261,single,full,corafull,8,-1,-1,False,0.0,[8],100,0.0,0.0,0.0,True,3.4975767135620117,0.9,0.94,3.5164711475372314,100,100,3.5796473026275635,3.579728126525879,full,19793,False,100,0.3542201519012451,0.25119471549987793,0.8687844276428223
single_262,single,stitch,corafull,15,15,77,True,1.0,[15],100,0.00503087043762207,0.00013446807861328125,0.020110368728637695,True,0.048391103744506836,1.0,1.0,0.05056118965148926,1,1,0.12365007400512695,0.15595030784606934,top-1,1016,False,100,0.3542201519012451,0.25119471549987793,0.8687844276428223
single_262,single,full,corafull,15,-1,-1,False,0.0,[15],100,0.0,0.0,0.0,True,3.732508897781372,0.99,1.0,3.7641286849975586,2,2,3.7773852348327637,3.7775259017944336,full,19793,False,100,0.3542201519012451,0.25119471549987793,0.8687844276428223
single_263,single,stitch,corafull,6,6,32,True,1.0,[6],100,0.005254030227661133,0.0001404285430908203,0.020980358123779297,True,0.051255226135253906,0.98,1.0,0.054027557373046875,2,2,0.1253206729888916,0.15899372100830078,top-1,1018,False,100,0.3542201519012451,0.25119471549987793,0.8687844276428223
single_263,single,full,corafull,6,-1,-1,False,0.0,[6],100,0.0,0.0,0.0,True,3.5579729080200195,0.98,1.0,3.5871529579162598,2,2,3.6014609336853027,3.601555824279785,full,19793,False,100,0.3542201519012451,0.25119471549987793,0.8687844276428223
single_264,single,stitch,corafull,12,12,62,True,1.0,[12],100,0.006017923355102539,0.00018787384033203125,0.021371841430664062,True,0.04516482353210449,1.0,1.0,0.04674053192138672,1,1,0.11628222465515137,0.14951395988464355,top-1,966,False,100,0.3542201519012451,0.25119471549987793,0.8687844276428223
single_264,single,full,corafull,12,-1,-1,False,0.0,[12],100,0.0,0.0,0.0,True,3.710374116897583,1.0,1.0,3.7441864013671875,1,1,3.7579493522644043,3.758047103881836,full,19793,False,100,0.3542201519012451,0.25119471549987793,0.8687844276428223
single_265,single,stitch,corafull,3,3,18,True,1.0,[3],100,0.005006551742553711,0.00012969970703125,0.020417451858520508,True,0.04884839057922363,0.93,0.96,0.05401420593261719,100,100,0.17136597633361816,0.20272183418273926,top-1,983,False,100,0.3542201519012451,0.25119471549987793,0.8687844276428223
single_265,single,full,corafull,3,-1,-1,False,0.0,[3],100,0.0,0.0,0.0,True,3.637373208999634,0.91,0.95,3.6562998294830322,100,100,3.721254587173462,3.7213518619537354,full,19793,False,100,0.3542201519012451,0.25119471549987793,0.8687844276428223
single_266,single,stitch,corafull,10,10,54,True,1.0,[10],98,0.005070686340332031,0.0001513957977294922,0.02205038070678711,True,0.04637432098388672,1.0,1.0,0.04892992973327637,1,1,0.11837339401245117,0.1525273323059082,top-1,1016,False,100,0.3542201519012451,0.25119471549987793,0.8687844276428223
single_266,single,full,corafull,10,-1,-1,False,0.0,[10],98,0.0,0.0,0.0,True,3.750797986984253,1.0,1.0,3.7873849868774414,1,1,3.8010690212249756,3.801161050796509,full,19793,False,100,0.3542201519012451,0.25119471549987793,0.8687844276428223
single_267,single,stitch,corafull,12,12,63,True,1.0,[12],100,0.005563259124755859,0.00015783309936523438,0.020398855209350586,True,0.048512935638427734,1.0,1.0,0.051705121994018555,1,1,0.12316155433654785,0.1553208827972412,top-1,966,False,100,0.3542201519012451,0.25119471549987793,0.8687844276428223
single_267,single,full,corafull,12,-1,-1,False,0.0,[12],100,0.0,0.0,0.0,True,3.65557599067688,1.0,1.0,3.6831188201904297,1,1,3.6969194412231445,3.6970276832580566,full,19793,False,100,0.3542201519012451,0.25119471549987793,0.8687844276428223
single_268,single,stitch,corafull,7,7,36,True,1.0,[7],100,0.005011796951293945,0.0001404285430908203,0.020067930221557617,True,0.04433012008666992,1.0,1.0,0.0462794303894043,1,1,0.1132054328918457,0.14331436157226562,top-1,969,False,100,0.3542201519012451,0.25119471549987793,0.8687844276428223
single_268,single,full,corafull,7,-1,-1,False,0.0,[7],100,0.0,0.0,0.0,True,3.641094207763672,1.0,1.0,3.6755008697509766,1,1,3.689171552658081,3.6892926692962646,full,19793,False,100,0.3542201519012451,0.25119471549987793,0.8687844276428223
single_269,single,stitch,corafull,13,13,67,True,1.0,[13],100,0.005528450012207031,0.00017142295837402344,0.020842790603637695,True,0.04962038993835449,0.98,1.0,0.052202463150024414,2,2,0.12465691566467285,0.1584329605102539,top-1,1017,False,100,0.3542201519012451,0.25119471549987793,0.8687844276428223
single_269,single,full,corafull,13,-1,-1,False,0.0,[13],100,0.0,0.0,0.0,True,3.7058351039886475,0.98,1.0,3.7434799671173096,4,4,3.758725166320801,3.758837938308716,full,19793,False,100,0.3542201519012451,0.25119471549987793,0.8687844276428223
single_270,single,stitch,corafull,2,2,13,True,1.0,[2],100,0.005098819732666016,0.00013518333435058594,0.020364046096801758,True,0.044442176818847656,0.98,1.0,0.04642915725708008,2,2,0.11195826530456543,0.14043211936950684,top-1,962,False,100,0.3542201519012451,0.25119471549987793,0.8687844276428223
single_270,single,full,corafull,2,-1,-1,False,0.0,[2],100,0.0,0.0,0.0,True,3.6070330142974854,0.98,1.0,3.637482166290283,2,2,3.651360273361206,3.6514620780944824,full,19793,False,100,0.3542201519012451,0.25119471549987793,0.8687844276428223
single_271,single,stitch,corafull,17,17,86,True,1.0,[17],100,0.0052869319915771484,0.0001442432403564453,0.02041769027709961,True,0.04483819007873535,1.0,1.0,0.04633307456970215,1,1,0.11257648468017578,0.1439685821533203,top-1,969,False,100,0.3542201519012451,0.25119471549987793,0.8687844276428223
single_271,single,full,corafull,17,-1,-1,False,0.0,[17],100,0.0,0.0,0.0,True,3.7454588413238525,1.0,1.0,3.778675079345703,1,1,3.791496753692627,3.791616916656494,full,19793,False,100,0.3542201519012451,0.25119471549987793,0.8687844276428223
single_272,single,stitch,corafull,3,3,15,True,1.0,[3],100,0.005227088928222656,0.0001327991485595703,0.021628379821777344,True,0.04715728759765625,0.95,0.97,0.052347660064697266,100,100,0.1749100685119629,0.20867180824279785,top-1,983,False,100,0.3542201519012451,0.25119471549987793,0.8687844276428223
single_272,single,full,corafull,3,-1,-1,False,0.0,[3],100,0.0,0.0,0.0,True,3.511288642883301,0.95,0.97,3.5304887294769287,100,100,3.595217704772949,3.595355987548828,full,19793,False,100,0.3542201519012451,0.25119471549987793,0.8687844276428223
single_273,single,stitch,corafull,18,18,94,True,1.0,[18],100,0.005053997039794922,0.0001461505889892578,0.02014899253845215,True,0.04671430587768555,1.0,1.0,0.04922199249267578,1,1,0.11914849281311035,0.1505293846130371,top-1,969,False,100,0.3542201519012451,0.25119471549987793,0.8687844276428223
single_273,single,full,corafull,18,-1,-1,False,0.0,[18],100,0.0,0.0,0.0,True,3.5844831466674805,1.0,1.0,3.6158294677734375,1,1,3.6293795108795166,3.6294760704040527,full,19793,False,100,0.3542201519012451,0.25119471549987793,0.8687844276428223
single_274,single,stitch,corafull,3,3,18,True,1.0,[3],100,0.0049991607666015625,0.0001392364501953125,0.020071029663085938,True,0.04738593101501465,0.93,0.96,0.05213212966918945,100,100,0.174346923828125,0.20583534240722656,top-1,983,False,100,0.3542201519012451,0.25119471549987793,0.8687844276428223
single_274,single,full,corafull,3,-1,-1,False,0.0,[3],100,0.0,0.0,0.0,True,3.8426225185394287,0.89,0.92,3.8620197772979736,100,100,3.9266393184661865,3.926759958267212,full,19793,False,100,0.3542201519012451,0.25119471549987793,0.8687844276428223
single_275,single,stitch,corafull,13,13,68,True,1.0,[13],100,0.0054225921630859375,0.00015878677368164062,0.020241498947143555,True,0.04429364204406738,0.98,1.0,0.046729326248168945,2,2,0.11690497398376465,0.14988136291503906,top-1,1017,False,100,0.3542201519012451,0.25119471549987793,0.8687844276428223
single_275,single,full,corafull,13,-1,-1,False,0.0,[13],100,0.0,0.0,0.0,True,3.7588236331939697,0.98,1.0,3.7883734703063965,2,2,3.802572727203369,3.802687406539917,full,19793,False,100,0.3542201519012451,0.25119471549987793,0.8687844276428223
single_276,single,stitch,corafull,6,6,32,True,1.0,[6],100,0.005823612213134766,0.00016450881958007812,0.022149085998535156,True,0.04705476760864258,1.0,1.0,0.049454689025878906,1,1,0.12292194366455078,0.15892672538757324,top-1,1018,False,100,0.3542201519012451,0.25119471549987793,0.8687844276428223
single_276,single,full,corafull,6,-1,-1,False,0.0,[6],100,0.0,0.0,0.0,True,3.662447929382324,1.0,1.0,3.6920547485351562,1,1,3.7060630321502686,3.7061927318573,full,19793,False,100,0.3542201519012451,0.25119471549987793,0.8687844276428223
single_277,single,stitch,corafull,13,13,68,True,1.0,[13],100,0.0055468082427978516,0.0001552104949951172,0.020761966705322266,True,0.04578423500061035,1.0,1.0,0.04794955253601074,1,1,0.12134170532226562,0.15538644790649414,top-1,1017,False,100,0.3542201519012451,0.25119471549987793,0.8687844276428223
single_277,single,full,corafull,13,-1,-1,False,0.0,[13],100,0.0,0.0,0.0,True,3.7234983444213867,1.0,1.0,3.753898859024048,1,1,3.767467498779297,3.7675623893737793,full,19793,False,100,0.3542201519012451,0.25119471549987793,0.8687844276428223
single_278,single,stitch,corafull,18,18,94,True,1.0,[18],100,0.005733489990234375,0.00016736984252929688,0.021202802658081055,True,0.046810150146484375,1.0,1.0,0.05002570152282715,1,1,0.11871051788330078,0.15213537216186523,top-1,969,False,100,0.3542201519012451,0.25119471549987793,0.8687844276428223
single_278,single,full,corafull,18,-1,-1,False,0.0,[18],100,0.0,0.0,0.0,True,3.5686159133911133,1.0,1.0,3.5975663661956787,1,1,3.611663341522217,3.611755609512329,full,19793,False,100,0.3542201519012451,0.25119471549987793,0.8687844276428223
single_279,single,stitch,corafull,19,19,97,True,1.0,[19],51,0.0048944950103759766,0.00025272369384765625,0.02352762222290039,True,0.04469728469848633,1.0,1.0,0.046434879302978516,1,1,0.11265039443969727,0.14884305000305176,top-1,1018,False,100,0.3542201519012451,0.25119471549987793,0.8687844276428223
single_279,single,full,corafull,19,-1,-1,False,0.0,[19],51,0.0,0.0,0.0,True,3.810577154159546,1.0,1.0,3.844367265701294,1,1,3.8525094985961914,3.8526575565338135,full,19793,False,100,0.3542201519012451,0.25119471549987793,0.8687844276428223
single_280,single,stitch,corafull,5,5,28,True,1.0,[5],100,0.0051572322845458984,0.00014543533325195312,0.021149873733520508,True,0.047684431076049805,1.0,1.0,0.050078630447387695,1,1,0.12018084526062012,0.1549820899963379,top-1,970,False,100,0.3542201519012451,0.25119471549987793,0.8687844276428223
single_280,single,full,corafull,5,-1,-1,False,0.0,[5],100,0.0,0.0,0.0,True,3.662816047668457,1.0,1.0,3.6929922103881836,1,1,3.7066376209259033,3.70672869682312,full,19793,False,100,0.3542201519012451,0.25119471549987793,0.8687844276428223
single_281,single,stitch,corafull,3,3,19,True,1.0,[3],100,0.005027055740356445,0.00015020370483398438,0.020814180374145508,True,0.04727578163146973,1.0,1.0,0.04916667938232422,1,1,0.11677789688110352,0.14950156211853027,top-1,983,False,100,0.3542201519012451,0.25119471549987793,0.8687844276428223
single_281,single,full,corafull,3,-1,-1,False,0.0,[3],100,0.0,0.0,0.0,True,3.5716304779052734,1.0,1.0,3.599142551422119,2,2,3.6132068634033203,3.6133077144622803,full,19793,False,100,0.3542201519012451,0.25119471549987793,0.8687844276428223
single_282,single,stitch,corafull,16,16,81,True,1.0,[16],94,0.005901813507080078,0.0001354217529296875,0.020958662033081055,True,0.042012691497802734,0.9361702127659575,1.0,0.04470968246459961,48,48,0.13672447204589844,0.17008519172668457,top-1,997,False,100,0.3542201519012451,0.25119471549987793,0.8687844276428223
single_282,single,full,corafull,16,-1,-1,False,0.0,[16],94,0.0,0.0,0.0,True,3.4720873832702637,0.9361702127659575,1.0,3.5087428092956543,48,48,3.544843912124634,3.5449423789978027,full,19793,False,100,0.3542201519012451,0.25119471549987793,0.8687844276428223
single_283,single,stitch,corafull,14,14,71,True,1.0,[14],100,0.005829811096191406,0.00017690658569335938,0.021486282348632812,True,0.04512286186218262,0.98,1.0,0.04737067222595215,2,2,0.11546635627746582,0.14938855171203613,top-1,968,False,100,0.3542201519012451,0.25119471549987793,0.8687844276428223
single_283,single,full,corafull,14,-1,-1,False,0.0,[14],100,0.0,0.0,0.0,True,3.6740949153900146,0.98,1.0,3.7032768726348877,2,2,3.7174150943756104,3.7175137996673584,full,19793,False,100,0.3542201519012451,0.25119471549987793,0.8687844276428223
single_284,single,stitch,corafull,18,18,91,True,1.0,[18],54,0.005057573318481445,0.00014972686767578125,0.02047133445739746,True,0.047100067138671875,1.0,1.0,0.04919242858886719,1,1,0.11141586303710938,0.14319515228271484,top-1,969,False,100,0.3542201519012451,0.25119471549987793,0.8687844276428223
single_284,single,full,corafull,18,-1,-1,False,0.0,[18],54,0.0,0.0,0.0,True,3.476469039916992,1.0,1.0,3.5047695636749268,1,1,3.512458324432373,3.512627601623535,full,19793,False,100,0.3542201519012451,0.25119471549987793,0.8687844276428223
single_285,single,stitch,corafull,13,13,68,True,1.0,[13],100,0.005169391632080078,0.00013589859008789062,0.02095961570739746,True,0.0460662841796875,1.0,1.0,0.04790186882019043,1,1,0.12035059928894043,0.15399909019470215,top-1,1017,False,100,0.3542201519012451,0.25119471549987793,0.8687844276428223
single_285,single,full,corafull,13,-1,-1,False,0.0,[13],100,0.0,0.0,0.0,True,3.660444498062134,1.0,1.0,3.693546772003174,1,1,3.7066869735717773,3.7067782878875732,full,19793,False,100,0.3542201519012451,0.25119471549987793,0.8687844276428223
single_286,single,stitch,corafull,5,5,26,True,1.0,[5],100,0.005123615264892578,0.00014019012451171875,0.0202639102935791,True,0.04285693168640137,0.98,1.0,0.04409646987915039,2,2,0.11290121078491211,0.1441643238067627,top-1,970,False,100,0.3542201519012451,0.25119471549987793,0.8687844276428223
single_286,single,full,corafull,5,-1,-1,False,0.0,[5],100,0.0,0.0,0.0,True,3.6906049251556396,0.98,1.0,3.718590497970581,2,2,3.7323672771453857,3.7324488162994385,full,19793,False,100,0.3542201519012451,0.25119471549987793,0.8687844276428223
single_287,single,stitch,corafull,5,5,28,True,1.0,[5],100,0.005173683166503906,0.0001385211944580078,0.021183013916015625,True,0.0483245849609375,1.0,1.0,0.050638675689697266,1,1,0.11895895004272461,0.1512291431427002,top-1,970,False,100,0.3542201519012451,0.25119471549987793,0.8687844276428223
single_287,single,full,corafull,5,-1,-1,False,0.0,[5],100,0.0,0.0,0.0,True,3.7110347747802734,1.0,1.0,3.7438948154449463,1,1,3.757744550704956,3.757829427719116,full,19793,False,100,0.3542201519012451,0.25119471549987793,0.8687844276428223
single_288,single,stitch,corafull,17,17,88,True,1.0,[17],100,0.0057163238525390625,0.00026607513427734375,0.022331714630126953,True,0.04536628723144531,0.98,1.0,0.04748201370239258,6,6,0.12183094024658203,0.15916156768798828,top-1,969,False,100,0.3542201519012451,0.25119471549987793,0.8687844276428223
single_288,single,full,corafull,17,-1,-1,False,0.0,[17],100,0.0,0.0,0.0,True,3.7531521320343018,0.97,1.0,3.785633087158203,12,12,3.8055458068847656,3.805673837661743,full,19793,False,100,0.3542201519012451,0.25119471549987793,0.8687844276428223
single_289,single,stitch,corafull,6,6,33,True,1.0,[6],100,0.0051424503326416016,0.0001385211944580078,0.02077007293701172,True,0.04634571075439453,0.98,1.0,0.04798150062561035,2,2,0.11985397338867188,0.15282845497131348,top-1,1018,False,100,0.3542201519012451,0.25119471549987793,0.8687844276428223
single_289,single,full,corafull,6,-1,-1,False,0.0,[6],100,0.0,0.0,0.0,True,3.6258511543273926,0.98,1.0,3.6559367179870605,2,2,3.6701278686523438,3.6702213287353516,full,19793,False,100,0.3542201519012451,0.25119471549987793,0.8687844276428223
single_290,single,stitch,corafull,17,17,88,True,1.0,[17],100,0.0050623416900634766,0.00015091896057128906,0.020635128021240234,True,0.04518866539001465,0.98,1.0,0.046872854232788086,6,6,0.11731433868408203,0.14836716651916504,top-1,969,False,100,0.3542201519012451,0.25119471549987793,0.8687844276428223
single_290,single,full,corafull,17,-1,-1,False,0.0,[17],100,0.0,0.0,0.0,True,3.6934523582458496,0.97,1.0,3.7300403118133545,12,12,3.7489426136016846,3.749032735824585,full,19793,False,100,0.3542201519012451,0.25119471549987793,0.8687844276428223
single_291,single,stitch,corafull,12,12,62,True,1.0,[12],100,0.005818843841552734,0.00015854835510253906,0.021181106567382812,True,0.04411602020263672,1.0,1.0,0.04603767395019531,1,1,0.11509084701538086,0.14809083938598633,top-1,966,False,100,0.3542201519012451,0.25119471549987793,0.8687844276428223
single_291,single,full,corafull,12,-1,-1,False,0.0,[12],100,0.0,0.0,0.0,True,3.691737413406372,1.0,1.0,3.7221951484680176,1,1,3.7360048294067383,3.7361018657684326,full,19793,False,100,0.3542201519012451,0.25119471549987793,0.8687844276428223
single_292,single,stitch,corafull,4,4,22,True,1.0,[4],100,0.004941701889038086,0.00013566017150878906,0.020351409912109375,True,0.04494190216064453,0.98,1.0,0.046842336654663086,2,2,0.11612439155578613,0.14721179008483887,top-1,977,False,100,0.3542201519012451,0.25119471549987793,0.8687844276428223
single_292,single,full,corafull,4,-1,-1,False,0.0,[4],100,0.0,0.0,0.0,True,3.490083932876587,0.98,1.0,3.5180747509002686,4,4,3.534078598022461,3.5342044830322266,full,19793,False,100,0.3542201519012451,0.25119471549987793,0.8687844276428223
single_293,single,stitch,corafull,13,13,69,True,1.0,[13],100,0.005410909652709961,0.0001571178436279297,0.02171182632446289,True,0.04580426216125488,1.0,1.0,0.04834461212158203,1,1,0.1216440200805664,0.15685629844665527,top-1,1017,False,100,0.3542201519012451,0.25119471549987793,0.8687844276428223
single_293,single,full,corafull,13,-1,-1,False,0.0,[13],100,0.0,0.0,0.0,True,3.67075514793396,1.0,1.0,3.703888177871704,1,1,3.7206871509552,3.720834970474243,full,19793,False,100,0.3542201519012451,0.25119471549987793,0.8687844276428223
single_294,single,stitch,corafull,19,19,96,True,1.0,[19],100,0.005485057830810547,0.00019097328186035156,0.023000240325927734,True,0.049593210220336914,0.95,1.0,0.05588054656982422,100,100,0.18368005752563477,0.22323298454284668,top-1,1018,False,100,0.3542201519012451,0.25119471549987793,0.8687844276428223
single_294,single,full,corafull,19,-1,-1,False,0.0,[19],100,0.0,0.0,0.0,True,3.4727063179016113,0.95,1.0,3.4922828674316406,100,100,3.559332847595215,3.5594565868377686,full,19793,False,100,0.3542201519012451,0.25119471549987793,0.8687844276428223
single_295,single,stitch,corafull,10,10,51,True,1.0,[10],71,0.004866361618041992,0.00014257431030273438,0.019862651824951172,True,0.046802520751953125,1.0,1.0,0.049017906188964844,1,1,0.118560791015625,0.15613913536071777,top-1,1016,False,100,0.3542201519012451,0.25119471549987793,0.8687844276428223
single_295,single,full,corafull,10,-1,-1,False,0.0,[10],71,0.0,0.0,0.0,True,3.8429741859436035,1.0,1.0,3.876176118850708,1,1,3.886416435241699,3.886521339416504,full,19793,False,100,0.3542201519012451,0.25119471549987793,0.8687844276428223
single_296,single,stitch,corafull,13,13,68,True,1.0,[13],100,0.005316495895385742,0.00020503997802734375,0.021473169326782227,True,0.04905247688293457,1.0,1.0,0.051506996154785156,1,1,0.1248314380645752,0.15944981575012207,top-1,1017,False,100,0.3542201519012451,0.25119471549987793,0.8687844276428223
single_296,single,full,corafull,13,-1,-1,False,0.0,[13],100,0.0,0.0,0.0,True,3.603590250015259,1.0,1.0,3.6318140029907227,1,1,3.645406723022461,3.64550518989563,full,19793,False,100,0.3542201519012451,0.25119471549987793,0.8687844276428223
single_297,single,stitch,corafull,15,15,77,True,1.0,[15],78,0.004995584487915039,0.00013637542724609375,0.0202176570892334,True,0.04476761817932129,1.0,1.0,0.04662656784057617,1,1,0.11567187309265137,0.14841461181640625,top-1,1016,False,100,0.3542201519012451,0.25119471549987793,0.8687844276428223
single_297,single,full,corafull,15,-1,-1,False,0.0,[15],78,0.0,0.0,0.0,True,3.7303881645202637,1.0,1.0,3.761000871658325,1,1,3.7719852924346924,3.772078037261963,full,19793,False,100,0.3542201519012451,0.25119471549987793,0.8687844276428223
single_298,single,stitch,corafull,5,5,28,True,1.0,[5],100,0.005130767822265625,0.0001399517059326172,0.020577669143676758,True,0.047067880630493164,1.0,1.0,0.0493016242980957,1,1,0.1197669506072998,0.15168166160583496,top-1,970,False,100,0.3542201519012451,0.25119471549987793,0.8687844276428223
single_298,single,full,corafull,5,-1,-1,False,0.0,[5],100,0.0,0.0,0.0,True,3.544414758682251,1.0,1.0,3.5743110179901123,1,1,3.588299036026001,3.58842134475708,full,19793,False,100,0.3542201519012451,0.25119471549987793,0.8687844276428223
single_299,single,stitch,corafull,9,9,48,True,1.0,[9],100,0.005817413330078125,0.0001590251922607422,0.021270036697387695,True,0.04780983924865723,1.0,1.0,0.050237417221069336,1,1,0.12198591232299805,0.15716123580932617,top-1,1019,False,100,0.3542201519012451,0.25119471549987793,0.8687844276428223
single_299,single,full,corafull,9,-1,-1,False,0.0,[9],100,0.0,0.0,0.0,True,3.464651107788086,1.0,1.0,3.49389386177063,1,1,3.507448196411133,3.5075294971466064,full,19793,False,100,0.3542201519012451,0.25119471549987793,0.8687844276428223
multi_fine_300,multi_fine,stitch,corafull,16,16,81,True,1.0,[16],18,0.004658699035644531,0.00013399124145507812,0.019779682159423828,True,0.03994250297546387,1.0,1.0,0.04135870933532715,1,1,0.10260319709777832,0.1326768398284912,top-1,997,False,20,0.3542201519012451,0.25119471549987793,0.8687844276428223
multi_fine_300,multi_fine,full,corafull,16,-1,-1,False,0.0,[16],18,0.0,0.0,0.0,True,3.563891887664795,1.0,1.0,3.594461441040039,1,1,3.598283290863037,3.598374605178833,full,19793,False,20,0.3542201519012451,0.25119471549987793,0.8687844276428223
multi_fine_301,multi_fine,stitch,corafull,9,9,47,True,1.0,[9],18,0.004704475402832031,0.0001404285430908203,0.02001333236694336,True,0.04679751396179199,1.0,1.0,0.049359798431396484,1,1,0.11266613006591797,0.1448376178741455,top-1,1019,False,20,0.3542201519012451,0.25119471549987793,0.8687844276428223
multi_fine_301,multi_fine,full,corafull,9,-1,-1,False,0.0,[9],18,0.0,0.0,0.0,True,3.612264394760132,1.0,1.0,3.6412572860717773,1,1,3.6450512409210205,3.6451570987701416,full,19793,False,20,0.3542201519012451,0.25119471549987793,0.8687844276428223
multi_fine_302,multi_fine,stitch,corafull,4,4,22,True,1.0,[4],18,0.004952192306518555,0.00013446807861328125,0.020811796188354492,True,0.04239392280578613,1.0,1.0,0.044159650802612305,1,1,0.10555338859558105,0.1384415626525879,top-1,977,False,20,0.3542201519012451,0.25119471549987793,0.8687844276428223
multi_fine_302,multi_fine,full,corafull,4,-1,-1,False,0.0,[4],18,0.0,0.0,0.0,True,3.8317384719848633,1.0,1.0,3.859325647354126,1,1,3.863046884536743,3.8631505966186523,full,19793,False,20,0.3542201519012451,0.25119471549987793,0.8687844276428223
multi_fine_303,multi_fine,stitch,corafull,5,5,28,True,1.0,[5],20,0.004744529724121094,0.00014710426330566406,0.01996588706970215,True,0.043089866638183594,1.0,1.0,0.04553699493408203,1,1,0.10470986366271973,0.13568830490112305,top-1,970,False,20,0.3542201519012451,0.25119471549987793,0.8687844276428223
multi_fine_303,multi_fine,full,corafull,5,-1,-1,False,0.0,[5],20,0.0,0.0,0.0,True,3.5813941955566406,1.0,1.0,3.6156606674194336,1,1,3.619765043258667,3.6198925971984863,full,19793,False,20,0.3542201519012451,0.25119471549987793,0.8687844276428223
multi_fine_304,multi_fine,stitch,corafull,11,11,58,True,1.0,[11],10,0.005013465881347656,0.00013875961303710938,0.020982027053833008,True,0.041803836822509766,0.8,1.0,0.043936729431152344,2,2,0.10104537010192871,0.1328291893005371,top-1,990,False,20,0.3542201519012451,0.25119471549987793,0.8687844276428223
multi_fine_304,multi_fine,full,corafull,11,-1,-1,False,0.0,[11],10,0.0,0.0,0.0,True,3.6588799953460693,0.8,1.0,3.68591046333313,2,2,3.6894891262054443,3.6896450519561768,full,19793,False,20,0.3542201519012451,0.25119471549987793,0.8687844276428223
multi_fine_305,multi_fine,stitch,corafull,18,18,92,True,1.0,[18],17,0.004591226577758789,0.00015401840209960938,0.019791364669799805,True,0.042500972747802734,1.0,1.0,0.04468202590942383,1,1,0.09890151023864746,0.12977242469787598,top-1,969,False,20,0.3542201519012451,0.25119471549987793,0.8687844276428223
multi_fine_305,multi_fine,full,corafull,18,-1,-1,False,0.0,[18],17,0.0,0.0,0.0,True,3.507108211517334,1.0,1.0,3.5358874797821045,1,1,3.539438009262085,3.539548397064209,full,19793,False,20,0.3542201519012451,0.25119471549987793,0.8687844276428223
multi_fine_306,multi_fine,stitch,corafull,13,13,67,True,1.0,[13],20,0.004671335220336914,0.00013518333435058594,0.02064681053161621,True,0.044556617736816406,1.0,1.0,0.0465090274810791,1,1,0.10677146911621094,0.13961124420166016,top-1,1017,False,20,0.3542201519012451,0.25119471549987793,0.8687844276428223
multi_fine_306,multi_fine,full,corafull,13,-1,-1,False,0.0,[13],20,0.0,0.0,0.0,True,3.692727565765381,1.0,1.0,3.7235774993896484,1,1,3.7275474071502686,3.7276391983032227,full,19793,False,20,0.3542201519012451,0.25119471549987793,0.8687844276428223
multi_fine_307,multi_fine,stitch,corafull,18,18,90,True,1.0,[18],20,0.004988908767700195,0.0001418590545654297,0.020441293716430664,True,0.04783320426940918,1.0,1.0,0.05052328109741211,1,1,0.11392688751220703,0.1455376148223877,top-1,969,False,20,0.3542201519012451,0.25119471549987793,0.8687844276428223
multi_fine_307,multi_fine,full,corafull,18,-1,-1,False,0.0,[18],20,0.0,0.0,0.0,True,3.527094602584839,1.0,1.0,3.560166597366333,1,1,3.564519166946411,3.5646464824676514,full,19793,False,20,0.3542201519012451,0.25119471549987793,0.8687844276428223
multi_fine_308,multi_fine,stitch,corafull,0,0,2,True,1.0,[0],20,0.004703521728515625,0.00013256072998046875,0.020271778106689453,True,0.04473137855529785,1.0,1.0,0.04905843734741211,1,1,0.10917925834655762,0.1405031681060791,top-1,998,False,20,0.3542201519012451,0.25119471549987793,0.8687844276428223
multi_fine_308,multi_fine,full,corafull,0,-1,-1,False,0.0,[0],20,0.0,0.0,0.0,True,3.6245462894439697,1.0,1.0,3.6536834239959717,1,1,3.6575446128845215,3.657639503479004,full,19793,False,20,0.3542201519012451,0.25119471549987793,0.8687844276428223
multi_fine_309,multi_fine,stitch,corafull,2,2,12,True,1.0,[2],20,0.0048825740814208984,0.00014710426330566406,0.020552635192871094,True,0.043177127838134766,1.0,1.0,0.04478192329406738,2,2,0.10040760040283203,0.12894463539123535,top-1,962,False,20,0.3542201519012451,0.25119471549987793,0.8687844276428223
multi_fine_309,multi_fine,full,corafull,2,-1,-1,False,0.0,[2],20,0.0,0.0,0.0,True,3.524329423904419,0.95,1.0,3.5594608783721924,2,2,3.5636215209960938,3.5637526512145996,full,19793,False,20,0.3542201519012451,0.25119471549987793,0.8687844276428223
multi_fine_310,multi_fine,stitch,corafull,6,6,32,True,1.0,[6],18,0.004859447479248047,0.00012874603271484375,0.020680904388427734,True,0.04552817344665527,1.0,1.0,0.047826290130615234,1,1,0.11037564277648926,0.14343857765197754,top-1,1018,False,20,0.3542201519012451,0.25119471549987793,0.8687844276428223
multi_fine_310,multi_fine,full,corafull,6,-1,-1,False,0.0,[6],18,0.0,0.0,0.0,True,3.598407030105591,1.0,1.0,3.63203501701355,1,1,3.635981321334839,3.63610577583313,full,19793,False,20,0.3542201519012451,0.25119471549987793,0.8687844276428223
multi_fine_311,multi_fine,stitch,corafull,4,4,23,True,1.0,[4],17,0.005254507064819336,0.0001461505889892578,0.020886659622192383,True,0.046708106994628906,0.8823529411764706,1.0,0.04880189895629883,2,2,0.10447049140930176,0.13670992851257324,top-1,977,False,20,0.3542201519012451,0.25119471549987793,0.8687844276428223
multi_fine_311,multi_fine,full,corafull,4,-1,-1,False,0.0,[4],17,0.0,0.0,0.0,True,3.7164247035980225,0.8823529411764706,1.0,3.7497494220733643,2,2,3.753397226333618,3.753502368927002,full,19793,False,20,0.3542201519012451,0.25119471549987793,0.8687844276428223
multi_fine_312,multi_fine,stitch,corafull,9,9,47,True,1.0,[9],15,0.0047762393951416016,0.00014400482177734375,0.020462512969970703,True,0.04763388633728027,1.0,1.0,0.05034995079040527,1,1,0.11645340919494629,0.15015411376953125,top-1,1019,False,20,0.3542201519012451,0.25119471549987793,0.8687844276428223
multi_fine_312,multi_fine,full,corafull,9,-1,-1,False,0.0,[9],15,0.0,0.0,0.0,True,3.7626845836639404,0.9333333333333333,1.0,3.7923808097839355,2,2,3.7960851192474365,3.796180009841919,full,19793,False,20,0.3542201519012451,0.25119471549987793,0.8687844276428223
multi_fine_313,multi_fine,stitch,corafull,8,8,40,True,1.0,[8],20,0.005387306213378906,0.00015807151794433594,0.02078866958618164,True,0.04617595672607422,0.9,1.0,0.04866790771484375,2,2,0.11020517349243164,0.14313530921936035,top-1,999,False,20,0.3542201519012451,0.25119471549987793,0.8687844276428223
multi_fine_313,multi_fine,full,corafull,8,-1,-1,False,0.0,[8],20,0.0,0.0,0.0,True,3.5460445880889893,0.9,1.0,3.5749223232269287,2,2,3.578789472579956,3.5789194107055664,full,19793,False,20,0.3542201519012451,0.25119471549987793,0.8687844276428223
multi_fine_314,multi_fine,stitch,corafull,6,6,32,True,1.0,[6],20,0.00502777099609375,0.00014472007751464844,0.020516633987426758,True,0.04285001754760742,1.0,1.0,0.04464364051818848,1,1,0.10414910316467285,0.13752007484436035,top-1,1018,False,20,0.3542201519012451,0.25119471549987793,0.8687844276428223
multi_fine_314,multi_fine,full,corafull,6,-1,-1,False,0.0,[6],20,0.0,0.0,0.0,True,3.6716041564941406,1.0,1.0,3.7041594982147217,1,1,3.708202600479126,3.708296537399292,full,19793,False,20,0.3542201519012451,0.25119471549987793,0.8687844276428223
multi_fine_315,multi_fine,stitch,corafull,3,3,16,True,1.0,[3],20,0.005197763442993164,0.00016760826110839844,0.02095937728881836,True,0.04155302047729492,1.0,1.0,0.04355955123901367,1,1,0.09916114807128906,0.13181209564208984,top-1,983,False,20,0.3542201519012451,0.25119471549987793,0.8687844276428223
multi_fine_315,multi_fine,full,corafull,3,-1,-1,False,0.0,[3],20,0.0,0.0,0.0,True,3.615450620651245,1.0,1.0,3.6484246253967285,1,1,3.6523325443267822,3.652449369430542,full,19793,False,20,0.3542201519012451,0.25119471549987793,0.8687844276428223
multi_fine_316,multi_fine,stitch,corafull,0,0,2,True,1.0,[0],18,0.0048558712005615234,0.00013780593872070312,0.020769119262695312,True,0.04308676719665527,1.0,1.0,0.04562711715698242,1,1,0.1019737720489502,0.13432741165161133,top-1,998,False,20,0.3542201519012451,0.25119471549987793,0.8687844276428223
multi_fine_316,multi_fine,full,corafull,0,-1,-1,False,0.0,[0],18,0.0,0.0,0.0,True,3.6169214248657227,1.0,1.0,3.6469132900238037,1,1,3.6504411697387695,3.6505308151245117,full,19793,False,20,0.3542201519012451,0.25119471549987793,0.8687844276428223
multi_fine_317,multi_fine,stitch,corafull,18,18,91,True,1.0,[18],18,0.004797458648681641,0.00013566017150878906,0.02063155174255371,True,0.04522109031677246,1.0,1.0,0.04735112190246582,1,1,0.10589838027954102,0.13689470291137695,top-1,969,False,20,0.3542201519012451,0.25119471549987793,0.8687844276428223
multi_fine_317,multi_fine,full,corafull,18,-1,-1,False,0.0,[18],18,0.0,0.0,0.0,True,3.6208767890930176,1.0,1.0,3.651123046875,1,1,3.6549041271209717,3.6549975872039795,full,19793,False,20,0.3542201519012451,0.25119471549987793,0.8687844276428223
multi_fine_318,multi_fine,stitch,corafull,18,18,94,True,1.0,[18],18,0.004868030548095703,0.00014400482177734375,0.020909786224365234,True,0.04437732696533203,1.0,1.0,0.04674172401428223,1,1,0.10612368583679199,0.13770580291748047,top-1,969,False,20,0.3542201519012451,0.25119471549987793,0.8687844276428223
multi_fine_318,multi_fine,full,corafull,18,-1,-1,False,0.0,[18],18,0.0,0.0,0.0,True,3.845266580581665,1.0,1.0,3.8776841163635254,1,1,3.8833327293395996,3.8834283351898193,full,19793,False,20,0.3542201519012451,0.25119471549987793,0.8687844276428223
multi_fine_319,multi_fine,stitch,corafull,5,5,25,True,1.0,[5],14,0.005862712860107422,0.0002589225769042969,0.022253751754760742,True,0.043651580810546875,1.0,1.0,0.04556012153625488,1,1,0.10778594017028809,0.1445143222808838,top-1,970,False,20,0.3542201519012451,0.25119471549987793,0.8687844276428223
multi_fine_319,multi_fine,full,corafull,5,-1,-1,False,0.0,[5],14,0.0,0.0,0.0,True,3.510194778442383,1.0,1.0,3.5394976139068604,1,1,3.5446674823760986,3.544785976409912,full,19793,False,20,0.3542201519012451,0.25119471549987793,0.8687844276428223
multi_fine_320,multi_fine,stitch,corafull,11,11,55,True,1.0,[11],11,0.005235433578491211,0.00019073486328125,0.022323131561279297,True,0.04140162467956543,1.0,1.0,0.0428929328918457,1,1,0.10341000556945801,0.1379077434539795,top-1,990,False,20,0.3542201519012451,0.25119471549987793,0.8687844276428223
multi_fine_320,multi_fine,full,corafull,11,-1,-1,False,0.0,[11],11,0.0,0.0,0.0,True,4.288454532623291,1.0,1.0,4.319033145904541,1,1,4.321778774261475,4.32187032699585,full,19793,False,20,0.3542201519012451,0.25119471549987793,0.8687844276428223
multi_fine_321,multi_fine,stitch,corafull,15,15,76,True,1.0,[15],19,0.004795074462890625,0.0001392364501953125,0.0204775333404541,True,0.05248379707336426,1.0,1.0,0.055599212646484375,1,1,0.1208958625793457,0.1543731689453125,top-1,1016,False,20,0.3542201519012451,0.25119471549987793,0.8687844276428223
multi_fine_321,multi_fine,full,corafull,15,-1,-1,False,0.0,[15],19,0.0,0.0,0.0,True,4.044216156005859,1.0,1.0,4.085006237030029,1,1,4.090604066848755,4.090754508972168,full,19793,False,20,0.3542201519012451,0.25119471549987793,0.8687844276428223
multi_fine_322,multi_fine,stitch,corafull,12,12,62,True,1.0,[12],20,0.005469799041748047,0.0002694129943847656,0.020835399627685547,True,0.046808719635009766,0.9,1.0,0.04840254783630371,2,2,0.1089639663696289,0.14116477966308594,top-1,966,False,20,0.3542201519012451,0.25119471549987793,0.8687844276428223
multi_fine_322,multi_fine,full,corafull,12,-1,-1,False,0.0,[12],20,0.0,0.0,0.0,True,3.6279819011688232,0.9,1.0,3.662635326385498,2,2,3.6669983863830566,3.6671438217163086,full,19793,False,20,0.3542201519012451,0.25119471549987793,0.8687844276428223
multi_fine_323,multi_fine,stitch,corafull,9,9,46,True,1.0,[9],18,0.004911661148071289,0.00016236305236816406,0.022806882858276367,True,0.04766416549682617,1.0,1.0,0.049791812896728516,1,1,0.11532235145568848,0.15069055557250977,top-1,1019,False,20,0.3542201519012451,0.25119471549987793,0.8687844276428223
multi_fine_323,multi_fine,full,corafull,9,-1,-1,False,0.0,[9],18,0.0,0.0,0.0,True,3.524953842163086,1.0,1.0,3.5584774017333984,1,1,3.5626401901245117,3.5627522468566895,full,19793,False,20,0.3542201519012451,0.25119471549987793,0.8687844276428223
multi_fine_324,multi_fine,stitch,corafull,0,0,1,True,1.0,[0],20,0.0047533512115478516,0.00013685226440429688,0.02034735679626465,True,0.044023752212524414,1.0,1.0,0.046265602111816406,1,1,0.10695433616638184,0.13834404945373535,top-1,998,False,20,0.3542201519012451,0.25119471549987793,0.8687844276428223
multi_fine_324,multi_fine,full,corafull,0,-1,-1,False,0.0,[0],20,0.0,0.0,0.0,True,3.7528669834136963,1.0,1.0,3.7801482677459717,1,1,3.784669876098633,3.784790515899658,full,19793,False,20,0.3542201519012451,0.25119471549987793,0.8687844276428223
multi_fine_325,multi_fine,stitch,corafull,18,18,92,True,1.0,[18],18,0.004804849624633789,0.0001342296600341797,0.02069997787475586,True,0.042012691497802734,1.0,1.0,0.04371333122253418,1,1,0.10121393203735352,0.133012056350708,top-1,969,False,20,0.3542201519012451,0.25119471549987793,0.8687844276428223
multi_fine_325,multi_fine,full,corafull,18,-1,-1,False,0.0,[18],18,0.0,0.0,0.0,True,3.621378183364868,1.0,1.0,3.6493911743164062,1,1,3.653411865234375,3.65350079536438,full,19793,False,20,0.3542201519012451,0.25119471549987793,0.8687844276428223
multi_fine_326,multi_fine,stitch,corafull,15,15,77,True,1.0,[15],20,0.004844188690185547,0.00013327598571777344,0.0205228328704834,True,0.04149818420410156,1.0,1.0,0.043466806411743164,1,1,0.10304498672485352,0.1359114646911621,top-1,1016,False,20,0.3542201519012451,0.25119471549987793,0.8687844276428223
multi_fine_326,multi_fine,full,corafull,15,-1,-1,False,0.0,[15],20,0.0,0.0,0.0,True,3.5242552757263184,1.0,1.0,3.5615556240081787,1,1,3.565636157989502,3.5657472610473633,full,19793,False,20,0.3542201519012451,0.25119471549987793,0.8687844276428223
multi_fine_327,multi_fine,stitch,corafull,9,9,48,True,1.0,[9],20,0.0048828125,0.00014519691467285156,0.020603656768798828,True,0.05609130859375,1.0,1.0,0.06101799011230469,1,1,0.1278839111328125,0.16130900382995605,top-1,1019,False,20,0.3542201519012451,0.25119471549987793,0.8687844276428223
multi_fine_327,multi_fine,full,corafull,9,-1,-1,False,0.0,[9],20,0.0,0.0,0.0,True,3.6283929347991943,1.0,1.0,3.6579205989837646,1,1,3.6630282402038574,3.663170576095581,full,19793,False,20,0.3542201519012451,0.25119471549987793,0.8687844276428223
multi_fine_328,multi_fine,stitch,corafull,19,19,98,True,1.0,[19],14,0.005056858062744141,0.0001678466796875,0.02064824104309082,True,0.042313575744628906,1.0,1.0,0.04400300979614258,1,1,0.10384416580200195,0.14073610305786133,top-1,1018,False,20,0.3542201519012451,0.25119471549987793,0.8687844276428223
multi_fine_328,multi_fine,full,corafull,19,-1,-1,False,0.0,[19],14,0.0,0.0,0.0,True,3.568495273590088,1.0,1.0,3.597769260406494,1,1,3.6013660430908203,3.6014771461486816,full,19793,False,20,0.3542201519012451,0.25119471549987793,0.8687844276428223
multi_fine_329,multi_fine,stitch,corafull,14,14,71,True,1.0,[14],17,0.0047512054443359375,0.0001366138458251953,0.020374059677124023,True,0.042105674743652344,1.0,1.0,0.04376363754272461,1,1,0.10163664817810059,0.13262271881103516,top-1,968,False,20,0.3542201519012451,0.25119471549987793,0.8687844276428223
multi_fine_329,multi_fine,full,corafull,14,-1,-1,False,0.0,[14],17,0.0,0.0,0.0,True,3.5817008018493652,1.0,1.0,3.609205722808838,1,1,3.613004684448242,3.613144874572754,full,19793,False,20,0.3542201519012451,0.25119471549987793,0.8687844276428223
multi_fine_330,multi_fine,stitch,corafull,16,16,84,True,1.0,[16],18,0.004922628402709961,0.0001437664031982422,0.02107381820678711,True,0.0446925163269043,0.8333333333333334,1.0,0.04674220085144043,4,4,0.11022138595581055,0.14304375648498535,top-1,997,False,20,0.3542201519012451,0.25119471549987793,0.8687844276428223
multi_fine_330,multi_fine,full,corafull,16,-1,-1,False,0.0,[16],18,0.0,0.0,0.0,True,3.899765729904175,0.8333333333333334,1.0,3.930607795715332,6,6,3.935039758682251,3.935182571411133,full,19793,False,20,0.3542201519012451,0.25119471549987793,0.8687844276428223
multi_fine_331,multi_fine,stitch,corafull,6,6,34,True,1.0,[6],17,0.006470441818237305,0.0003018379211425781,0.023247241973876953,True,0.053353309631347656,1.0,1.0,0.05747389793395996,1,1,0.12453508377075195,0.16420817375183105,top-1,1018,False,20,0.3542201519012451,0.25119471549987793,0.8687844276428223
multi_fine_331,multi_fine,full,corafull,6,-1,-1,False,0.0,[6],17,0.0,0.0,0.0,True,3.4854252338409424,0.9411764705882353,1.0,3.513300895690918,2,2,3.517322063446045,3.5174636840820312,full,19793,False,20,0.3542201519012451,0.25119471549987793,0.8687844276428223
multi_fine_332,multi_fine,stitch,corafull,8,8,44,True,1.0,[8],20,0.005048990249633789,0.0001621246337890625,0.021235227584838867,True,0.04484844207763672,1.0,1.0,0.04720497131347656,1,1,0.10935091972351074,0.14294004440307617,top-1,999,False,20,0.3542201519012451,0.25119471549987793,0.8687844276428223
multi_fine_332,multi_fine,full,corafull,8,-1,-1,False,0.0,[8],20,0.0,0.0,0.0,True,3.4736478328704834,1.0,1.0,3.5101206302642822,1,1,3.5148026943206787,3.514899969100952,full,19793,False,20,0.3542201519012451,0.25119471549987793,0.8687844276428223
multi_fine_333,multi_fine,stitch,corafull,6,6,32,True,1.0,[6],20,0.0048274993896484375,0.0001347064971923828,0.02027750015258789,True,0.045923471450805664,1.0,1.0,0.048254966735839844,1,1,0.10869622230529785,0.1409454345703125,top-1,1018,False,20,0.3542201519012451,0.25119471549987793,0.8687844276428223
multi_fine_333,multi_fine,full,corafull,6,-1,-1,False,0.0,[6],20,0.0,0.0,0.0,True,4.607873916625977,1.0,1.0,4.636401176452637,1,1,4.640540361404419,4.640684604644775,full,19793,False,20,0.3542201519012451,0.25119471549987793,0.8687844276428223
multi_fine_334,multi_fine,stitch,corafull,3,3,15,True,1.0,[3],17,0.004752397537231445,0.00015974044799804688,0.025463581085205078,True,0.04512143135070801,1.0,1.0,0.04805946350097656,1,1,0.10633444786071777,0.14363741874694824,top-1,983,False,20,0.3542201519012451,0.25119471549987793,0.8687844276428223
multi_fine_334,multi_fine,full,corafull,3,-1,-1,False,0.0,[3],17,0.0,0.0,0.0,True,3.6995341777801514,0.9411764705882353,1.0,3.729436159133911,2,2,3.7334680557250977,3.733598470687866,full,19793,False,20,0.3542201519012451,0.25119471549987793,0.8687844276428223
multi_fine_335,multi_fine,stitch,corafull,12,12,62,True,1.0,[12],18,0.004824399948120117,0.00013494491577148438,0.02043318748474121,True,0.043694496154785156,1.0,1.0,0.045935869216918945,1,1,0.10456991195678711,0.1383500099182129,top-1,966,False,20,0.3542201519012451,0.25119471549987793,0.8687844276428223
multi_fine_335,multi_fine,full,corafull,12,-1,-1,False,0.0,[12],18,0.0,0.0,0.0,True,3.7168376445770264,1.0,1.0,3.7476980686187744,1,1,3.7518680095672607,3.751981735229492,full,19793,False,20,0.3542201519012451,0.25119471549987793,0.8687844276428223
multi_fine_336,multi_fine,stitch,corafull,0,0,1,True,1.0,[0],20,0.005449056625366211,0.00015401840209960938,0.02053213119506836,True,0.042365312576293945,1.0,1.0,0.04591965675354004,1,1,0.11011481285095215,0.1456596851348877,top-1,998,False,20,0.3542201519012451,0.25119471549987793,0.8687844276428223
multi_fine_336,multi_fine,full,corafull,0,-1,-1,False,0.0,[0],20,0.0,0.0,0.0,True,3.6653759479522705,1.0,1.0,3.6946520805358887,1,1,3.6991851329803467,3.6993064880371094,full,19793,False,20,0.3542201519012451,0.25119471549987793,0.8687844276428223
multi_fine_337,multi_fine,stitch,corafull,18,18,92,True,1.0,[18],20,0.004698753356933594,0.00013899803161621094,0.01993393898010254,True,0.043485164642333984,1.0,1.0,0.04652667045593262,1,1,0.10729241371154785,0.1374952793121338,top-1,969,False,20,0.3542201519012451,0.25119471549987793,0.8687844276428223
multi_fine_337,multi_fine,full,corafull,18,-1,-1,False,0.0,[18],20,0.0,0.0,0.0,True,3.766390323638916,1.0,1.0,3.801830291748047,1,1,3.805647373199463,3.8057596683502197,full,19793,False,20,0.3542201519012451,0.25119471549987793,0.8687844276428223
multi_fine_338,multi_fine,stitch,corafull,6,6,34,True,1.0,[6],18,0.004831790924072266,0.0001437664031982422,0.02046489715576172,True,0.045014381408691406,1.0,1.0,0.0465848445892334,1,1,0.11055850982666016,0.14342975616455078,top-1,1018,False,20,0.3542201519012451,0.25119471549987793,0.8687844276428223
multi_fine_338,multi_fine,full,corafull,6,-1,-1,False,0.0,[6],18,0.0,0.0,0.0,True,4.261255741119385,1.0,1.0,4.2907257080078125,1,1,4.294536828994751,4.294649600982666,full,19793,False,20,0.3542201519012451,0.25119471549987793,0.8687844276428223
multi_fine_339,multi_fine,stitch,corafull,6,6,31,True,1.0,[6],15,0.004895448684692383,0.0001468658447265625,0.020281076431274414,True,0.04589366912841797,1.0,1.0,0.048635005950927734,1,1,0.11313199996948242,0.14864540100097656,top-1,1018,False,20,0.3542201519012451,0.25119471549987793,0.8687844276428223
multi_fine_339,multi_fine,full,corafull,6,-1,-1,False,0.0,[6],15,0.0,0.0,0.0,True,3.5723230838775635,1.0,1.0,3.620969533920288,1,1,3.6244776248931885,3.6246349811553955,full,19793,False,20,0.3542201519012451,0.25119471549987793,0.8687844276428223
multi_fine_340,multi_fine,stitch,corafull,11,11,55,True,1.0,[11],13,0.0047533512115478516,0.00016379356384277344,0.020452022552490234,True,0.04256033897399902,1.0,1.0,0.04425215721130371,1,1,0.10175657272338867,0.13289237022399902,top-1,990,False,20,0.3542201519012451,0.25119471549987793,0.8687844276428223
multi_fine_340,multi_fine,full,corafull,11,-1,-1,False,0.0,[11],13,0.0,0.0,0.0,True,3.5899598598480225,1.0,1.0,3.6213433742523193,1,1,3.6250979900360107,3.625291585922241,full,19793,False,20,0.3542201519012451,0.25119471549987793,0.8687844276428223
multi_fine_341,multi_fine,stitch,corafull,0,0,1,True,1.0,[0],18,0.0050809383392333984,0.00016736984252929688,0.020774364471435547,True,0.047013282775878906,1.0,1.0,0.04946184158325195,1,1,0.1115872859954834,0.14432597160339355,top-1,998,False,20,0.3542201519012451,0.25119471549987793,0.8687844276428223
multi_fine_341,multi_fine,full,corafull,0,-1,-1,False,0.0,[0],18,0.0,0.0,0.0,True,4.067051649093628,1.0,1.0,4.10082745552063,1,1,4.104790210723877,4.104953765869141,full,19793,False,20,0.3542201519012451,0.25119471549987793,0.8687844276428223
multi_fine_342,multi_fine,stitch,corafull,1,1,6,True,1.0,[1],14,0.004765987396240234,0.00016617774963378906,0.020244598388671875,True,0.0451509952545166,1.0,1.0,0.047449350357055664,1,1,0.10494327545166016,0.1352083683013916,top-1,972,False,20,0.3542201519012451,0.25119471549987793,0.8687844276428223
multi_fine_342,multi_fine,full,corafull,1,-1,-1,False,0.0,[1],14,0.0,0.0,0.0,True,3.7945315837860107,1.0,1.0,3.8305742740631104,1,1,3.83426570892334,3.8343966007232666,full,19793,False,20,0.3542201519012451,0.25119471549987793,0.8687844276428223
multi_fine_343,multi_fine,stitch,corafull,10,10,54,True,1.0,[10],18,0.0047490596771240234,0.00013780593872070312,0.020193099975585938,True,0.046942949295043945,1.0,1.0,0.04925799369812012,1,1,0.10758686065673828,0.13983702659606934,top-1,1016,False,20,0.3542201519012451,0.25119471549987793,0.8687844276428223
multi_fine_343,multi_fine,full,corafull,10,-1,-1,False,0.0,[10],18,0.0,0.0,0.0,True,4.047437429428101,1.0,1.0,4.0889270305633545,1,1,4.0931315422058105,4.093232154846191,full,19793,False,20,0.3542201519012451,0.25119471549987793,0.8687844276428223
multi_fine_344,multi_fine,stitch,corafull,4,4,20,True,1.0,[4],20,0.0047228336334228516,0.0001506805419921875,0.019959688186645508,True,0.0459287166595459,1.0,1.0,0.049989938735961914,1,1,0.10971498489379883,0.1400012969970703,top-1,977,False,20,0.3542201519012451,0.25119471549987793,0.8687844276428223
multi_fine_344,multi_fine,full,corafull,4,-1,-1,False,0.0,[4],20,0.0,0.0,0.0,True,3.963747501373291,0.95,1.0,4.008009433746338,2,2,4.012355804443359,4.012561798095703,full,19793,False,20,0.3542201519012451,0.25119471549987793,0.8687844276428223
multi_fine_345,multi_fine,stitch,corafull,17,17,86,True,1.0,[17],20,0.00542140007019043,0.0001659393310546875,0.02173638343811035,True,0.04667401313781738,1.0,1.0,0.048732757568359375,1,1,0.1098787784576416,0.14323735237121582,top-1,969,False,20,0.3542201519012451,0.25119471549987793,0.8687844276428223
multi_fine_345,multi_fine,full,corafull,17,-1,-1,False,0.0,[17],20,0.0,0.0,0.0,True,4.227588653564453,1.0,1.0,4.276535987854004,1,1,4.2811439037323,4.281313180923462,full,19793,False,20,0.3542201519012451,0.25119471549987793,0.8687844276428223
multi_fine_346,multi_fine,stitch,corafull,5,5,25,True,1.0,[5],18,0.005679607391357422,0.00018739700317382812,0.0206146240234375,True,0.04460930824279785,1.0,1.0,0.046645402908325195,1,1,0.1081552505493164,0.14079976081848145,top-1,970,False,20,0.3542201519012451,0.25119471549987793,0.8687844276428223
multi_fine_346,multi_fine,full,corafull,5,-1,-1,False,0.0,[5],18,0.0,0.0,0.0,True,4.0443031787872314,1.0,1.0,4.089884042739868,1,1,4.094175338745117,4.094297647476196,full,19793,False,20,0.3542201519012451,0.25119471549987793,0.8687844276428223
multi_fine_347,multi_fine,stitch,corafull,18,18,92,True,1.0,[18],20,0.004991769790649414,0.00014543533325195312,0.0212247371673584,True,0.04677915573120117,1.0,1.0,0.04935741424560547,1,1,0.10879015922546387,0.14124250411987305,top-1,969,False,20,0.3542201519012451,0.25119471549987793,0.8687844276428223
multi_fine_347,multi_fine,full,corafull,18,-1,-1,False,0.0,[18],20,0.0,0.0,0.0,True,3.9406700134277344,1.0,1.0,3.9877336025238037,1,1,3.991997718811035,3.992098331451416,full,19793,False,20,0.3542201519012451,0.25119471549987793,0.8687844276428223
multi_fine_348,multi_fine,stitch,corafull,10,10,51,True,1.0,[10],16,0.006472349166870117,0.0005638599395751953,0.023892641067504883,True,0.04854726791381836,1.0,1.0,0.05103659629821777,1,1,0.11300301551818848,0.1529998779296875,top-1,1016,False,20,0.3542201519012451,0.25119471549987793,0.8687844276428223
multi_fine_348,multi_fine,full,corafull,10,-1,-1,False,0.0,[10],16,0.0,0.0,0.0,True,4.093736410140991,1.0,1.0,4.126399517059326,1,1,4.129980087280273,4.130122423171997,full,19793,False,20,0.3542201519012451,0.25119471549987793,0.8687844276428223
multi_fine_349,multi_fine,stitch,corafull,3,3,15,True,1.0,[3],19,0.0055389404296875,0.00015664100646972656,0.021234989166259766,True,0.04042935371398926,1.0,1.0,0.04254627227783203,1,1,0.1023855209350586,0.13557767868041992,top-1,983,False,20,0.3542201519012451,0.25119471549987793,0.8687844276428223
multi_fine_349,multi_fine,full,corafull,3,-1,-1,False,0.0,[3],19,0.0,0.0,0.0,True,4.456199884414673,1.0,1.0,4.492124795913696,1,1,4.497175931930542,4.497318506240845,full,19793,False,20,0.3542201519012451,0.25119471549987793,0.8687844276428223
multi_fine_350,multi_fine,stitch,corafull,9,9,47,True,1.0,[9],20,0.005814552307128906,0.00017833709716796875,0.023133516311645508,True,0.05279660224914551,1.0,1.0,0.06277251243591309,1,1,0.1298682689666748,0.16767358779907227,top-1,1019,False,20,0.3542201519012451,0.25119471549987793,0.8687844276428223
multi_fine_350,multi_fine,full,corafull,9,-1,-1,False,0.0,[9],20,0.0,0.0,0.0,True,4.696944236755371,0.95,1.0,4.732252836227417,2,2,4.736788988113403,4.736958026885986,full,19793,False,20,0.3542201519012451,0.25119471549987793,0.8687844276428223
multi_fine_351,multi_fine,stitch,corafull,11,11,55,True,1.0,[11],12,0.0049173831939697266,0.0002593994140625,0.021980762481689453,True,0.0933370590209961,1.0,1.0,0.09555602073669434,1,1,0.1599273681640625,0.1944425106048584,top-1,990,False,20,0.3542201519012451,0.25119471549987793,0.8687844276428223
multi_fine_351,multi_fine,full,corafull,11,-1,-1,False,0.0,[11],12,0.0,0.0,0.0,True,4.798041105270386,1.0,1.0,4.833223819732666,1,1,4.837809801101685,4.837939262390137,full,19793,False,20,0.3542201519012451,0.25119471549987793,0.8687844276428223
multi_fine_352,multi_fine,stitch,corafull,3,3,16,True,1.0,[3],20,0.005479097366333008,0.00014352798461914062,0.02135920524597168,True,0.046317100524902344,1.0,1.0,0.04863619804382324,1,1,0.1145322322845459,0.15293097496032715,top-1,983,False,20,0.3542201519012451,0.25119471549987793,0.8687844276428223
multi_fine_352,multi_fine,full,corafull,3,-1,-1,False,0.0,[3],20,0.0,0.0,0.0,True,4.398053407669067,1.0,1.0,4.427780866622925,1,1,4.432304620742798,4.432442903518677,full,19793,False,20,0.3542201519012451,0.25119471549987793,0.8687844276428223
multi_fine_353,multi_fine,stitch,corafull,12,12,64,True,1.0,[12],14,0.005188703536987305,0.00026607513427734375,0.02178335189819336,True,0.047234296798706055,1.0,1.0,0.04929804801940918,1,1,0.1092231273651123,0.1420302391052246,top-1,966,False,20,0.3542201519012451,0.25119471549987793,0.8687844276428223
multi_fine_353,multi_fine,full,corafull,12,-1,-1,False,0.0,[12],14,0.0,0.0,0.0,True,4.961476802825928,1.0,1.0,5.007819652557373,1,1,5.011175870895386,5.01130223274231,full,19793,False,20,0.3542201519012451,0.25119471549987793,0.8687844276428223
multi_fine_354,multi_fine,stitch,corafull,12,12,62,True,1.0,[12],19,0.004922628402709961,0.00016260147094726562,0.02084207534790039,True,0.050028324127197266,1.0,1.0,0.05277848243713379,1,1,0.11281490325927734,0.14519906044006348,top-1,966,False,20,0.3542201519012451,0.25119471549987793,0.8687844276428223
multi_fine_354,multi_fine,full,corafull,12,-1,-1,False,0.0,[12],19,0.0,0.0,0.0,True,3.8691225051879883,1.0,1.0,3.903310775756836,1,1,3.907445192337036,3.907562494277954,full,19793,False,20,0.3542201519012451,0.25119471549987793,0.8687844276428223
multi_fine_355,multi_fine,stitch,corafull,6,6,33,True,1.0,[6],20,0.004820108413696289,0.00015997886657714844,0.020733356475830078,True,0.04868125915527344,1.0,1.0,0.05129408836364746,1,1,0.11584758758544922,0.15157294273376465,top-1,1018,False,20,0.3542201519012451,0.25119471549987793,0.8687844276428223
multi_fine_355,multi_fine,full,corafull,6,-1,-1,False,0.0,[6],20,0.0,0.0,0.0,True,3.65973162651062,1.0,1.0,3.6893985271453857,1,1,3.693509101867676,3.6935970783233643,full,19793,False,20,0.3542201519012451,0.25119471549987793,0.8687844276428223
multi_fine_356,multi_fine,stitch,corafull,15,15,77,True,1.0,[15],18,0.004828214645385742,0.00014495849609375,0.021799802780151367,True,0.04238390922546387,1.0,1.0,0.04534506797790527,1,1,0.10774946212768555,0.14196372032165527,top-1,1016,False,20,0.3542201519012451,0.25119471549987793,0.8687844276428223
multi_fine_356,multi_fine,full,corafull,15,-1,-1,False,0.0,[15],18,0.0,0.0,0.0,True,3.763861656188965,1.0,1.0,3.796027183532715,1,1,3.7997262477874756,3.7998204231262207,full,19793,False,20,0.3542201519012451,0.25119471549987793,0.8687844276428223
multi_fine_357,multi_fine,stitch,corafull,11,11,59,True,1.0,[11],18,0.0051116943359375,0.00018858909606933594,0.021130084991455078,True,0.04137730598449707,1.0,1.0,0.0429227352142334,1,1,0.09961891174316406,0.1322164535522461,top-1,990,False,20,0.3542201519012451,0.25119471549987793,0.8687844276428223
multi_fine_357,multi_fine,full,corafull,11,-1,-1,False,0.0,[11],18,0.0,0.0,0.0,True,3.5525288581848145,1.0,1.0,3.585023880004883,1,1,3.5889811515808105,3.5890817642211914,full,19793,False,20,0.3542201519012451,0.25119471549987793,0.8687844276428223
multi_fine_358,multi_fine,stitch,corafull,10,10,54,True,1.0,[10],18,0.004907846450805664,0.000152587890625,0.021424531936645508,True,0.05266070365905762,1.0,1.0,0.05590629577636719,1,1,0.11797404289245605,0.15240240097045898,top-1,1016,False,20,0.3542201519012451,0.25119471549987793,0.8687844276428223
multi_fine_358,multi_fine,full,corafull,10,-1,-1,False,0.0,[10],18,0.0,0.0,0.0,True,5.129378795623779,1.0,1.0,5.163603067398071,1,1,5.168234586715698,5.168360471725464,full,19793,False,20,0.3542201519012451,0.25119471549987793,0.8687844276428223
multi_fine_359,multi_fine,stitch,corafull,14,14,70,True,1.0,[14],20,0.004903316497802734,0.0001647472381591797,0.021436691284179688,True,0.04217386245727539,0.95,1.0,0.04440164566040039,2,2,0.1041104793548584,0.13715744018554688,top-1,968,False,20,0.3542201519012451,0.25119471549987793,0.8687844276428223
multi_fine_359,multi_fine,full,corafull,14,-1,-1,False,0.0,[14],20,0.0,0.0,0.0,True,3.6426384449005127,0.95,1.0,3.670682907104492,2,2,3.6748008728027344,3.6748905181884766,full,19793,False,20,0.3542201519012451,0.25119471549987793,0.8687844276428223
multi_fine_360,multi_fine,stitch,corafull,16,16,84,True,1.0,[16],15,0.004774332046508789,0.00013685226440429688,0.02046060562133789,True,0.04138684272766113,1.0,1.0,0.044051408767700195,1,1,0.10351943969726562,0.13465380668640137,top-1,997,False,20,0.3542201519012451,0.25119471549987793,0.8687844276428223
multi_fine_360,multi_fine,full,corafull,16,-1,-1,False,0.0,[16],15,0.0,0.0,0.0,True,4.7849321365356445,1.0,1.0,4.816793441772461,1,1,4.820861101150513,4.820961952209473,full,19793,False,20,0.3542201519012451,0.25119471549987793,0.8687844276428223
multi_fine_361,multi_fine,stitch,corafull,19,19,96,True,1.0,[19],20,0.005342245101928711,0.0002033710479736328,0.02169060707092285,True,0.056705474853515625,1.0,1.0,0.062436580657958984,1,1,0.13087105751037598,0.16687345504760742,top-1,1018,False,20,0.3542201519012451,0.25119471549987793,0.8687844276428223
multi_fine_361,multi_fine,full,corafull,19,-1,-1,False,0.0,[19],20,0.0,0.0,0.0,True,4.3148932456970215,1.0,1.0,4.34312629699707,1,1,4.347588062286377,4.347712516784668,full,19793,False,20,0.3542201519012451,0.25119471549987793,0.8687844276428223
multi_fine_362,multi_fine,stitch,corafull,0,0,0,True,1.0,[0],18,0.005077362060546875,0.0001609325408935547,0.020551443099975586,True,0.044058799743652344,1.0,1.0,0.046004295349121094,1,1,0.10387349128723145,0.13705039024353027,top-1,998,False,20,0.3542201519012451,0.25119471549987793,0.8687844276428223
multi_fine_362,multi_fine,full,corafull,0,-1,-1,False,0.0,[0],18,0.0,0.0,0.0,True,3.6734778881073,1.0,1.0,3.7122714519500732,1,1,3.7162671089172363,3.716383695602417,full,19793,False,20,0.3542201519012451,0.25119471549987793,0.8687844276428223
multi_fine_363,multi_fine,stitch,corafull,14,14,74,True,1.0,[14],18,0.004904270172119141,0.0001552104949951172,0.020644664764404297,True,0.05090808868408203,1.0,1.0,0.05323219299316406,1,1,0.11574673652648926,0.14949679374694824,top-1,968,False,20,0.3542201519012451,0.25119471549987793,0.8687844276428223
multi_fine_363,multi_fine,full,corafull,14,-1,-1,False,0.0,[14],18,0.0,0.0,0.0,True,3.675147294998169,1.0,1.0,3.714592933654785,1,1,3.718684434890747,3.718810796737671,full,19793,False,20,0.3542201519012451,0.25119471549987793,0.8687844276428223
multi_fine_364,multi_fine,stitch,corafull,4,4,23,True,1.0,[4],13,0.005522251129150391,0.0002796649932861328,0.02245473861694336,True,0.04535555839538574,1.0,1.0,0.04751276969909668,1,1,0.10998106002807617,0.14539194107055664,top-1,977,False,20,0.3542201519012451,0.25119471549987793,0.8687844276428223
multi_fine_364,multi_fine,full,corafull,4,-1,-1,False,0.0,[4],13,0.0,0.0,0.0,True,5.92806077003479,1.0,1.0,5.962200164794922,2,2,5.965569257736206,5.965714931488037,full,19793,False,20,0.3542201519012451,0.25119471549987793,0.8687844276428223
multi_fine_365,multi_fine,stitch,corafull,19,19,96,True,1.0,[19],15,0.0046002864837646484,0.00013637542724609375,0.01996612548828125,True,0.04606747627258301,1.0,1.0,0.04860734939575195,1,1,0.11127352714538574,0.14255547523498535,top-1,1018,False,20,0.3542201519012451,0.25119471549987793,0.8687844276428223
multi_fine_365,multi_fine,full,corafull,19,-1,-1,False,0.0,[19],15,0.0,0.0,0.0,True,3.5400843620300293,1.0,1.0,3.5687544345855713,1,1,3.5723652839660645,3.5724599361419678,full,19793,False,20,0.3542201519012451,0.25119471549987793,0.8687844276428223
multi_fine_366,multi_fine,stitch,corafull,10,10,54,True,1.0,[10],18,0.004851102828979492,0.00013375282287597656,0.02045750617980957,True,0.04160618782043457,1.0,1.0,0.04401206970214844,1,1,0.10327267646789551,0.1350252628326416,top-1,1016,False,20,0.3542201519012451,0.25119471549987793,0.8687844276428223
multi_fine_366,multi_fine,full,corafull,10,-1,-1,False,0.0,[10],18,0.0,0.0,0.0,True,3.4891536235809326,1.0,1.0,3.5226898193359375,1,1,3.526703119277954,3.526855945587158,full,19793,False,20,0.3542201519012451,0.25119471549987793,0.8687844276428223
multi_fine_367,multi_fine,stitch,corafull,9,9,48,True,1.0,[9],20,0.004898786544799805,0.00014638900756835938,0.02075052261352539,True,0.04615473747253418,1.0,1.0,0.048549652099609375,1,1,0.11644673347473145,0.14992594718933105,top-1,1019,False,20,0.3542201519012451,0.25119471549987793,0.8687844276428223
multi_fine_367,multi_fine,full,corafull,9,-1,-1,False,0.0,[9],20,0.0,0.0,0.0,True,3.5485265254974365,0.95,1.0,3.5813755989074707,2,2,3.585606336593628,3.585728168487549,full,19793,False,20,0.3542201519012451,0.25119471549987793,0.8687844276428223
multi_fine_368,multi_fine,stitch,corafull,16,16,84,True,1.0,[16],20,0.00479888916015625,0.0001595020294189453,0.020281076431274414,True,0.042797088623046875,1.0,1.0,0.04488849639892578,1,1,0.10317015647888184,0.13486123085021973,top-1,997,False,20,0.3542201519012451,0.25119471549987793,0.8687844276428223
multi_fine_368,multi_fine,full,corafull,16,-1,-1,False,0.0,[16],20,0.0,0.0,0.0,True,3.6422619819641113,1.0,1.0,3.6770951747894287,1,1,3.6806883811950684,3.680783987045288,full,19793,False,20,0.3542201519012451,0.25119471549987793,0.8687844276428223
multi_fine_369,multi_fine,stitch,corafull,18,18,92,True,1.0,[18],19,0.004898786544799805,0.0001354217529296875,0.020679235458374023,True,0.04426980018615723,1.0,1.0,0.04666876792907715,1,1,0.10358834266662598,0.13487529754638672,top-1,969,False,20,0.3542201519012451,0.25119471549987793,0.8687844276428223
multi_fine_369,multi_fine,full,corafull,18,-1,-1,False,0.0,[18],19,0.0,0.0,0.0,True,3.538696527481079,1.0,1.0,3.5682923793792725,1,1,3.572260856628418,3.5723471641540527,full,19793,False,20,0.3542201519012451,0.25119471549987793,0.8687844276428223
multi_fine_370,multi_fine,stitch,corafull,6,6,34,True,1.0,[6],18,0.004963874816894531,0.00013303756713867188,0.020974159240722656,True,0.044638633728027344,1.0,1.0,0.04761099815368652,1,1,0.11008620262145996,0.14351558685302734,top-1,1018,False,20,0.3542201519012451,0.25119471549987793,0.8687844276428223
multi_fine_370,multi_fine,full,corafull,6,-1,-1,False,0.0,[6],18,0.0,0.0,0.0,True,3.7703542709350586,1.0,1.0,3.800224542617798,1,1,3.8089187145233154,3.8090245723724365,full,19793,False,20,0.3542201519012451,0.25119471549987793,0.8687844276428223
multi_fine_371,multi_fine,stitch,corafull,6,6,30,True,1.0,[6],20,0.004874229431152344,0.0001518726348876953,0.020690202713012695,True,0.04507946968078613,1.0,1.0,0.048494577407836914,1,1,0.1121366024017334,0.1459336280822754,top-1,1018,False,20,0.3542201519012451,0.25119471549987793,0.8687844276428223
multi_fine_371,multi_fine,full,corafull,6,-1,-1,False,0.0,[6],20,0.0,0.0,0.0,True,3.6344056129455566,1.0,1.0,3.661989450454712,1,1,3.666041374206543,3.666125774383545,full,19793,False,20,0.3542201519012451,0.25119471549987793,0.8687844276428223
multi_fine_372,multi_fine,stitch,corafull,17,17,86,True,1.0,[17],20,0.005297422409057617,0.0001366138458251953,0.02034282684326172,True,0.0433812141418457,1.0,1.0,0.04555392265319824,1,1,0.10130858421325684,0.13251638412475586,top-1,969,False,20,0.3542201519012451,0.25119471549987793,0.8687844276428223
multi_fine_372,multi_fine,full,corafull,17,-1,-1,False,0.0,[17],20,0.0,0.0,0.0,True,3.724581480026245,1.0,1.0,3.757096767425537,1,1,3.761195421218872,3.7612783908843994,full,19793,False,20,0.3542201519012451,0.25119471549987793,0.8687844276428223
multi_fine_373,multi_fine,stitch,corafull,0,0,0,True,1.0,[0],18,0.00463557243347168,0.00013375282287597656,0.020595073699951172,True,0.04158902168273926,1.0,1.0,0.043111562728881836,1,1,0.10068225860595703,0.13263916969299316,top-1,998,False,20,0.3542201519012451,0.25119471549987793,0.8687844276428223
multi_fine_373,multi_fine,full,corafull,0,-1,-1,False,0.0,[0],18,0.0,0.0,0.0,True,3.7075679302215576,1.0,1.0,3.742100954055786,1,1,3.7457962036132812,3.745898723602295,full,19793,False,20,0.3542201519012451,0.25119471549987793,0.8687844276428223
multi_fine_374,multi_fine,stitch,corafull,2,2,10,True,1.0,[2],20,0.0052793025970458984,0.0001633167266845703,0.021301984786987305,True,0.04405546188354492,1.0,1.0,0.060567378997802734,1,1,0.11961221694946289,0.14951443672180176,top-1,962,False,20,0.3542201519012451,0.25119471549987793,0.8687844276428223
multi_fine_374,multi_fine,full,corafull,2,-1,-1,False,0.0,[2],20,0.0,0.0,0.0,True,4.197591066360474,1.0,1.0,4.229074716567993,1,1,4.233184576034546,4.233293294906616,full,19793,False,20,0.3542201519012451,0.25119471549987793,0.8687844276428223
multi_fine_375,multi_fine,stitch,corafull,2,2,14,True,1.0,[2],18,0.0047304630279541016,0.00013208389282226562,0.02017688751220703,True,0.04587984085083008,1.0,1.0,0.048117637634277344,1,1,0.10801577568054199,0.1362001895904541,top-1,962,False,20,0.3542201519012451,0.25119471549987793,0.8687844276428223
multi_fine_375,multi_fine,full,corafull,2,-1,-1,False,0.0,[2],18,0.0,0.0,0.0,True,3.5033187866210938,1.0,1.0,3.535623073577881,1,1,3.539484977722168,3.539571762084961,full,19793,False,20,0.3542201519012451,0.25119471549987793,0.8687844276428223
multi_fine_376,multi_fine,stitch,corafull,8,8,40,True,1.0,[8],20,0.004765033721923828,0.00013113021850585938,0.0199434757232666,True,0.0426790714263916,1.0,1.0,0.045742034912109375,1,1,0.10407233238220215,0.14072036743164062,top-1,999,False,20,0.3542201519012451,0.25119471549987793,0.8687844276428223
multi_fine_376,multi_fine,full,corafull,8,-1,-1,False,0.0,[8],20,0.0,0.0,0.0,True,3.7118418216705322,1.0,1.0,3.7449872493743896,1,1,3.7488224506378174,3.7489283084869385,full,19793,False,20,0.3542201519012451,0.25119471549987793,0.8687844276428223
multi_fine_377,multi_fine,stitch,corafull,4,4,20,True,1.0,[4],18,0.004797935485839844,0.00015211105346679688,0.02019500732421875,True,0.04891490936279297,1.0,1.0,0.05140233039855957,1,1,0.11070060729980469,0.14136147499084473,top-1,977,False,20,0.3542201519012451,0.25119471549987793,0.8687844276428223
multi_fine_377,multi_fine,full,corafull,4,-1,-1,False,0.0,[4],18,0.0,0.0,0.0,True,3.6185050010681152,1.0,1.0,3.645982027053833,1,1,3.6500964164733887,3.650237560272217,full,19793,False,20,0.3542201519012451,0.25119471549987793,0.8687844276428223
multi_fine_378,multi_fine,stitch,corafull,19,19,98,True,1.0,[19],18,0.005161762237548828,0.00014972686767578125,0.020728349685668945,True,0.043465614318847656,1.0,1.0,0.04538869857788086,1,1,0.10706233978271484,0.1401987075805664,top-1,1018,False,20,0.3542201519012451,0.25119471549987793,0.8687844276428223
multi_fine_378,multi_fine,full,corafull,19,-1,-1,False,0.0,[19],18,0.0,0.0,0.0,True,3.744550943374634,1.0,1.0,3.773155450820923,1,1,3.777221918106079,3.777320146560669,full,19793,False,20,0.3542201519012451,0.25119471549987793,0.8687844276428223
multi_fine_379,multi_fine,stitch,corafull,11,11,57,True,1.0,[11],15,0.0046045780181884766,0.00013256072998046875,0.020017147064208984,True,0.03940320014953613,1.0,1.0,0.04101443290710449,1,1,0.09632039070129395,0.12650322914123535,top-1,990,False,20,0.3542201519012451,0.25119471549987793,0.8687844276428223
multi_fine_379,multi_fine,full,corafull,11,-1,-1,False,0.0,[11],15,0.0,0.0,0.0,True,3.5468239784240723,1.0,1.0,3.5772762298583984,1,1,3.580801486968994,3.580906867980957,full,19793,False,20,0.3542201519012451,0.25119471549987793,0.8687844276428223
multi_fine_380,multi_fine,stitch,corafull,3,3,17,True,1.0,[3],20,0.004835844039916992,0.00012493133544921875,0.02080249786376953,True,0.04569530487060547,1.0,1.0,0.047666072845458984,1,1,0.1051321029663086,0.13697171211242676,top-1,983,False,20,0.3542201519012451,0.25119471549987793,0.8687844276428223
multi_fine_380,multi_fine,full,corafull,3,-1,-1,False,0.0,[3],20,0.0,0.0,0.0,True,3.660390615463257,1.0,1.0,3.691009044647217,1,1,3.695078134536743,3.6952006816864014,full,19793,False,20,0.3542201519012451,0.25119471549987793,0.8687844276428223
multi_fine_381,multi_fine,stitch,corafull,1,1,9,True,1.0,[1],12,0.004725933074951172,0.00012683868408203125,0.020542621612548828,True,0.038582563400268555,1.0,1.0,0.04033184051513672,1,1,0.09428048133850098,0.12506556510925293,top-1,972,False,20,0.3542201519012451,0.25119471549987793,0.8687844276428223
multi_fine_381,multi_fine,full,corafull,1,-1,-1,False,0.0,[1],12,0.0,0.0,0.0,True,3.5161969661712646,1.0,1.0,3.547624349594116,1,1,3.5507030487060547,3.550832986831665,full,19793,False,20,0.3542201519012451,0.25119471549987793,0.8687844276428223
multi_fine_382,multi_fine,stitch,corafull,15,15,77,True,1.0,[15],17,0.004986763000488281,0.00015020370483398438,0.021149158477783203,True,0.042977094650268555,1.0,1.0,0.04517698287963867,1,1,0.10702657699584961,0.1405315399169922,top-1,1016,False,20,0.3542201519012451,0.25119471549987793,0.8687844276428223
multi_fine_382,multi_fine,full,corafull,15,-1,-1,False,0.0,[15],17,0.0,0.0,0.0,True,5.766688585281372,1.0,1.0,5.795026063919067,1,1,5.799813747406006,5.799947023391724,full,19793,False,20,0.3542201519012451,0.25119471549987793,0.8687844276428223
multi_fine_383,multi_fine,stitch,corafull,13,13,65,True,1.0,[13],20,0.004778623580932617,0.0001342296600341797,0.019955158233642578,True,0.0438690185546875,1.0,1.0,0.04644370079040527,1,1,0.10999178886413574,0.14391446113586426,top-1,1017,False,20,0.3542201519012451,0.25119471549987793,0.8687844276428223
multi_fine_383,multi_fine,full,corafull,13,-1,-1,False,0.0,[13],20,0.0,0.0,0.0,True,3.564753293991089,1.0,1.0,3.5943758487701416,1,1,3.598400831222534,3.5984959602355957,full,19793,False,20,0.3542201519012451,0.25119471549987793,0.8687844276428223
multi_fine_384,multi_fine,stitch,corafull,10,10,51,True,1.0,[10],18,0.00490117073059082,0.00014591217041015625,0.02083134651184082,True,0.040221214294433594,1.0,1.0,0.04171872138977051,1,1,0.10128664970397949,0.13403797149658203,top-1,1016,False,20,0.3542201519012451,0.25119471549987793,0.8687844276428223
multi_fine_384,multi_fine,full,corafull,10,-1,-1,False,0.0,[10],18,0.0,0.0,0.0,True,3.6784379482269287,1.0,1.0,3.71205472946167,1,1,3.715820550918579,3.7159039974212646,full,19793,False,20,0.3542201519012451,0.25119471549987793,0.8687844276428223
multi_fine_385,multi_fine,stitch,corafull,11,11,57,True,1.0,[11],10,0.004812717437744141,0.00015926361083984375,0.020686864852905273,True,0.04138684272766113,1.0,1.0,0.04335975646972656,1,1,0.09918212890625,0.13065576553344727,top-1,990,False,20,0.3542201519012451,0.25119471549987793,0.8687844276428223
multi_fine_385,multi_fine,full,corafull,11,-1,-1,False,0.0,[11],10,0.0,0.0,0.0,True,3.701505661010742,1.0,1.0,3.7312347888946533,1,1,3.7342498302459717,3.734363317489624,full,19793,False,20,0.3542201519012451,0.25119471549987793,0.8687844276428223
multi_fine_386,multi_fine,stitch,corafull,18,18,92,True,1.0,[18],18,0.0051152706146240234,0.0001895427703857422,0.021780967712402344,True,0.04447340965270996,1.0,1.0,0.04716849327087402,1,1,0.10733723640441895,0.1403944492340088,top-1,969,False,20,0.3542201519012451,0.25119471549987793,0.8687844276428223
multi_fine_386,multi_fine,full,corafull,18,-1,-1,False,0.0,[18],18,0.0,0.0,0.0,True,3.535905122756958,1.0,1.0,3.5638716220855713,1,1,3.5678160190582275,3.5679714679718018,full,19793,False,20,0.3542201519012451,0.25119471549987793,0.8687844276428223
multi_fine_387,multi_fine,stitch,corafull,18,18,92,True,1.0,[18],15,0.004774808883666992,0.00013518333435058594,0.02049541473388672,True,0.04543948173522949,1.0,1.0,0.04682445526123047,1,1,0.10623288154602051,0.1369771957397461,top-1,969,False,20,0.3542201519012451,0.25119471549987793,0.8687844276428223
multi_fine_387,multi_fine,full,corafull,18,-1,-1,False,0.0,[18],15,0.0,0.0,0.0,True,3.4157512187957764,1.0,1.0,3.448162794113159,1,1,3.4527504444122314,3.452850818634033,full,19793,False,20,0.3542201519012451,0.25119471549987793,0.8687844276428223
multi_fine_388,multi_fine,stitch,corafull,9,9,46,True,1.0,[9],18,0.004972219467163086,0.00015115737915039062,0.021500110626220703,True,0.0466609001159668,1.0,1.0,0.04963564872741699,1,1,0.11340951919555664,0.1480257511138916,top-1,1019,False,20,0.3542201519012451,0.25119471549987793,0.8687844276428223
multi_fine_388,multi_fine,full,corafull,9,-1,-1,False,0.0,[9],18,0.0,0.0,0.0,True,3.4430315494537354,1.0,1.0,3.473234176635742,1,1,3.4771316051483154,3.4772891998291016,full,19793,False,20,0.3542201519012451,0.25119471549987793,0.8687844276428223
multi_fine_389,multi_fine,stitch,corafull,9,9,47,True,1.0,[9],18,0.005255222320556641,0.00015425682067871094,0.021193981170654297,True,0.05121970176696777,1.0,1.0,0.0537869930267334,1,1,0.12160253524780273,0.1575324535369873,top-1,1019,False,20,0.3542201519012451,0.25119471549987793,0.8687844276428223
multi_fine_389,multi_fine,full,corafull,9,-1,-1,False,0.0,[9],18,0.0,0.0,0.0,True,3.589505434036255,1.0,1.0,3.623162031173706,1,1,3.627319812774658,3.6274449825286865,full,19793,False,20,0.3542201519012451,0.25119471549987793,0.8687844276428223
multi_fine_390,multi_fine,stitch,corafull,2,2,11,True,1.0,[2],17,0.004755496978759766,0.00013637542724609375,0.020892620086669922,True,0.04205799102783203,1.0,1.0,0.04398655891418457,1,1,0.10232830047607422,0.13136029243469238,top-1,962,False,20,0.3542201519012451,0.25119471549987793,0.8687844276428223
multi_fine_390,multi_fine,full,corafull,2,-1,-1,False,0.0,[2],17,0.0,0.0,0.0,True,3.5951595306396484,1.0,1.0,3.629786968231201,1,1,3.6333436965942383,3.6334517002105713,full,19793,False,20,0.3542201519012451,0.25119471549987793,0.8687844276428223
multi_fine_391,multi_fine,stitch,corafull,18,18,92,True,1.0,[18],18,0.004805326461791992,0.0001366138458251953,0.0201570987701416,True,0.04564213752746582,1.0,1.0,0.04849100112915039,1,1,0.10566377639770508,0.1367802619934082,top-1,969,False,20,0.3542201519012451,0.25119471549987793,0.8687844276428223
multi_fine_391,multi_fine,full,corafull,18,-1,-1,False,0.0,[18],18,0.0,0.0,0.0,True,3.718552589416504,1.0,1.0,3.7496438026428223,1,1,3.7535080909729004,3.753603219985962,full,19793,False,20,0.3542201519012451,0.25119471549987793,0.8687844276428223
multi_fine_392,multi_fine,stitch,corafull,2,2,14,True,1.0,[2],20,0.004687070846557617,0.00013494491577148438,0.02378082275390625,True,0.04679536819458008,1.0,1.0,0.049155473709106445,1,1,0.10632634162902832,0.13865160942077637,top-1,962,False,20,0.3542201519012451,0.25119471549987793,0.8687844276428223
multi_fine_392,multi_fine,full,corafull,2,-1,-1,False,0.0,[2],20,0.0,0.0,0.0,True,3.67883563041687,1.0,1.0,3.708112955093384,1,1,3.7124643325805664,3.712561845779419,full,19793,False,20,0.3542201519012451,0.25119471549987793,0.8687844276428223
multi_fine_393,multi_fine,stitch,corafull,1,1,6,True,1.0,[1],20,0.004674434661865234,0.00014853477478027344,0.019930124282836914,True,0.04431581497192383,1.0,1.0,0.046654701232910156,1,1,0.10683751106262207,0.13694286346435547,top-1,972,False,20,0.3542201519012451,0.25119471549987793,0.8687844276428223
multi_fine_393,multi_fine,full,corafull,1,-1,-1,False,0.0,[1],20,0.0,0.0,0.0,True,3.6512980461120605,1.0,1.0,3.684518337249756,1,1,3.688931465148926,3.6890311241149902,full,19793,False,20,0.3542201519012451,0.25119471549987793,0.8687844276428223
multi_fine_394,multi_fine,stitch,corafull,3,3,17,True,1.0,[3],20,0.005196094512939453,0.00014495849609375,0.02156352996826172,True,0.0459597110748291,0.95,1.0,0.048822879791259766,3,3,0.10945391654968262,0.14903616905212402,top-1,983,False,20,0.3542201519012451,0.25119471549987793,0.8687844276428223
multi_fine_394,multi_fine,full,corafull,3,-1,-1,False,0.0,[3],20,0.0,0.0,0.0,True,3.670297861099243,0.95,1.0,3.730504035949707,3,3,3.7354516983032227,3.73561954498291,full,19793,False,20,0.3542201519012451,0.25119471549987793,0.8687844276428223
multi_fine_395,multi_fine,stitch,corafull,0,0,1,True,1.0,[0],18,0.005096435546875,0.00015401840209960938,0.022305011749267578,True,0.05548286437988281,1.0,1.0,0.059427738189697266,1,1,0.12150764465332031,0.16037464141845703,top-1,998,False,20,0.3542201519012451,0.25119471549987793,0.8687844276428223
multi_fine_395,multi_fine,full,corafull,0,-1,-1,False,0.0,[0],18,0.0,0.0,0.0,True,4.550307750701904,1.0,1.0,4.577379465103149,1,1,4.581438779830933,4.581564903259277,full,19793,False,20,0.3542201519012451,0.25119471549987793,0.8687844276428223
multi_fine_396,multi_fine,stitch,corafull,2,2,11,True,1.0,[2],17,0.004843235015869141,0.0001461505889892578,0.021222829818725586,True,0.04640364646911621,1.0,1.0,0.048933982849121094,1,1,0.1075277328491211,0.14269757270812988,top-1,962,False,20,0.3542201519012451,0.25119471549987793,0.8687844276428223
multi_fine_396,multi_fine,full,corafull,2,-1,-1,False,0.0,[2],17,0.0,0.0,0.0,True,3.8495805263519287,1.0,1.0,3.878818988800049,1,1,3.8826441764831543,3.882737874984741,full,19793,False,20,0.3542201519012451,0.25119471549987793,0.8687844276428223
multi_fine_397,multi_fine,stitch,corafull,16,16,83,True,1.0,[16],14,0.004685163497924805,0.0001468658447265625,0.020697593688964844,True,0.04168963432312012,1.0,1.0,0.04454946517944336,1,1,0.10424661636352539,0.13656854629516602,top-1,997,False,20,0.3542201519012451,0.25119471549987793,0.8687844276428223
multi_fine_397,multi_fine,full,corafull,16,-1,-1,False,0.0,[16],14,0.0,0.0,0.0,True,4.686409950256348,1.0,1.0,4.716942071914673,1,1,4.720397472381592,4.720487594604492,full,19793,False,20,0.3542201519012451,0.25119471549987793,0.8687844276428223
multi_fine_398,multi_fine,stitch,corafull,7,7,36,True,1.0,[7],15,0.0049016475677490234,0.00015473365783691406,0.02237391471862793,True,0.05051136016845703,1.0,1.0,0.05326128005981445,1,1,0.11114263534545898,0.1459493637084961,top-1,969,False,20,0.3542201519012451,0.25119471549987793,0.8687844276428223
multi_fine_398,multi_fine,full,corafull,7,-1,-1,False,0.0,[7],15,0.0,0.0,0.0,True,3.9853227138519287,1.0,1.0,4.0160181522369385,1,1,4.01955509185791,4.01969313621521,full,19793,False,20,0.3542201519012451,0.25119471549987793,0.8687844276428223
multi_fine_399,multi_fine,stitch,corafull,3,3,16,True,1.0,[3],15,0.004728794097900391,0.0001595020294189453,0.020156383514404297,True,0.04205632209777832,1.0,1.0,0.04423952102661133,1,1,0.10626554489135742,0.1374983787536621,top-1,983,False,20,0.3542201519012451,0.25119471549987793,0.8687844276428223
multi_fine_399,multi_fine,full,corafull,3,-1,-1,False,0.0,[3],15,0.0,0.0,0.0,True,3.7389209270477295,1.0,1.0,3.7687265872955322,1,1,3.772568464279175,3.7727324962615967,full,19793,False,20,0.3542201519012451,0.25119471549987793,0.8687844276428223
multi_fine_400,multi_fine,stitch,corafull,19,19,95,True,1.0,[19],32,0.004935026168823242,0.0001361370086669922,0.020370960235595703,True,0.04256772994995117,1.0,1.0,0.04433727264404297,1,1,0.11092233657836914,0.14339017868041992,top-1,1018,False,50,0.3542201519012451,0.25119471549987793,0.8687844276428223
multi_fine_400,multi_fine,full,corafull,19,-1,-1,False,0.0,[19],32,0.0,0.0,0.0,True,3.59110164642334,1.0,1.0,3.6197078227996826,1,1,3.6253321170806885,3.6254665851593018,full,19793,False,50,0.3542201519012451,0.25119471549987793,0.8687844276428223
multi_fine_401,multi_fine,stitch,corafull,3,3,15,True,1.0,[3],39,0.0047376155853271484,0.0001614093780517578,0.02108001708984375,True,0.042707204818725586,0.8974358974358975,1.0,0.045235395431518555,4,4,0.10928773880004883,0.14173030853271484,top-1,983,False,50,0.3542201519012451,0.25119471549987793,0.8687844276428223
multi_fine_401,multi_fine,full,corafull,3,-1,-1,False,0.0,[3],39,0.0,0.0,0.0,True,3.642435312271118,0.8974358974358975,1.0,3.673299551010132,4,4,3.6804537773132324,3.6805946826934814,full,19793,False,50,0.3542201519012451,0.25119471549987793,0.8687844276428223
multi_fine_402,multi_fine,stitch,corafull,5,5,25,True,1.0,[5],35,0.005051851272583008,0.00014853477478027344,0.020792007446289062,True,0.04362034797668457,1.0,1.0,0.04536700248718262,1,1,0.10777807235717773,0.1398310661315918,top-1,970,False,50,0.3542201519012451,0.25119471549987793,0.8687844276428223
multi_fine_402,multi_fine,full,corafull,5,-1,-1,False,0.0,[5],35,0.0,0.0,0.0,True,3.4781787395477295,1.0,1.0,3.507357358932495,1,1,3.5133326053619385,3.5135059356689453,full,19793,False,50,0.3542201519012451,0.25119471549987793,0.8687844276428223
multi_fine_403,multi_fine,stitch,corafull,17,17,86,True,1.0,[17],46,0.0048084259033203125,0.00013446807861328125,0.020145416259765625,True,0.04546833038330078,0.9565217391304348,1.0,0.04766678810119629,6,6,0.10848283767700195,0.1393299102783203,top-1,969,False,50,0.3542201519012451,0.25119471549987793,0.8687844276428223
multi_fine_403,multi_fine,full,corafull,17,-1,-1,False,0.0,[17],46,0.0,0.0,0.0,True,3.6291067600250244,0.9565217391304348,1.0,3.662301540374756,6,6,3.6705636978149414,3.670654773712158,full,19793,False,50,0.3542201519012451,0.25119471549987793,0.8687844276428223
multi_fine_404,multi_fine,stitch,corafull,1,1,7,True,1.0,[1],45,0.0053369998931884766,0.0001513957977294922,0.0226285457611084,True,0.039839982986450195,1.0,1.0,0.04126739501953125,1,1,0.10274529457092285,0.13676857948303223,top-1,972,False,50,0.3542201519012451,0.25119471549987793,0.8687844276428223
multi_fine_404,multi_fine,full,corafull,1,-1,-1,False,0.0,[1],45,0.0,0.0,0.0,True,3.6155340671539307,1.0,1.0,3.6484127044677734,1,1,3.6558516025543213,3.655970811843872,full,19793,False,50,0.3542201519012451,0.25119471549987793,0.8687844276428223
multi_fine_405,multi_fine,stitch,corafull,6,6,30,True,1.0,[6],50,0.0059661865234375,0.00017595291137695312,0.02127385139465332,True,0.04962611198425293,1.0,1.0,0.05343127250671387,1,1,0.12192702293395996,0.15717697143554688,top-1,1018,False,50,0.3542201519012451,0.25119471549987793,0.8687844276428223
multi_fine_405,multi_fine,full,corafull,6,-1,-1,False,0.0,[6],50,0.0,0.0,0.0,True,3.6459872722625732,1.0,1.0,3.683609962463379,1,1,3.691891670227051,3.692016839981079,full,19793,False,50,0.3542201519012451,0.25119471549987793,0.8687844276428223
multi_fine_406,multi_fine,stitch,corafull,13,13,69,True,1.0,[13],31,0.0047419071197509766,0.00013256072998046875,0.01995539665222168,True,0.046875,1.0,1.0,0.04956173896789551,1,1,0.1118171215057373,0.14363455772399902,top-1,1017,False,50,0.3542201519012451,0.25119471549987793,0.8687844276428223
multi_fine_406,multi_fine,full,corafull,13,-1,-1,False,0.0,[13],31,0.0,0.0,0.0,True,3.6511056423187256,1.0,1.0,3.6805686950683594,1,1,3.686291217803955,3.6863932609558105,full,19793,False,50,0.3542201519012451,0.25119471549987793,0.8687844276428223
multi_fine_407,multi_fine,stitch,corafull,11,11,57,True,1.0,[11],26,0.004782438278198242,0.00013589859008789062,0.020273447036743164,True,0.037744760513305664,1.0,1.0,0.03910708427429199,1,1,0.09774374961853027,0.128739595413208,top-1,990,False,50,0.3542201519012451,0.25119471549987793,0.8687844276428223
multi_fine_407,multi_fine,full,corafull,11,-1,-1,False,0.0,[11],26,0.0,0.0,0.0,True,3.636503219604492,1.0,1.0,3.667490243911743,1,1,3.676090717315674,3.6761934757232666,full,19793,False,50,0.3542201519012451,0.25119471549987793,0.8687844276428223
multi_fine_408,multi_fine,stitch,corafull,16,16,80,True,1.0,[16],43,0.005225181579589844,0.00013875961303710938,0.020189762115478516,True,0.04958367347717285,1.0,1.0,0.05178952217102051,1,1,0.11619162559509277,0.14940524101257324,top-1,997,False,50,0.3542201519012451,0.25119471549987793,0.8687844276428223
multi_fine_408,multi_fine,full,corafull,16,-1,-1,False,0.0,[16],43,0.0,0.0,0.0,True,3.6464409828186035,0.9534883720930233,1.0,3.673502206802368,6,6,3.682185173034668,3.6823081970214844,full,19793,False,50,0.3542201519012451,0.25119471549987793,0.8687844276428223
multi_fine_409,multi_fine,stitch,corafull,6,6,33,True,1.0,[6],33,0.004820346832275391,0.00013399124145507812,0.02051830291748047,True,0.04413962364196777,1.0,1.0,0.04596757888793945,1,1,0.10919761657714844,0.14180469512939453,top-1,1018,False,50,0.3542201519012451,0.25119471549987793,0.8687844276428223
multi_fine_409,multi_fine,full,corafull,6,-1,-1,False,0.0,[6],33,0.0,0.0,0.0,True,4.2676615715026855,1.0,1.0,4.295055389404297,1,1,4.301039695739746,4.301174640655518,full,19793,False,50,0.3542201519012451,0.25119471549987793,0.8687844276428223
multi_fine_410,multi_fine,stitch,corafull,6,6,33,True,1.0,[6],39,0.005621194839477539,0.00016117095947265625,0.021485567092895508,True,0.04561901092529297,1.0,1.0,0.049773216247558594,1,1,0.11666536331176758,0.1520833969116211,top-1,1018,False,50,0.3542201519012451,0.25119471549987793,0.8687844276428223
multi_fine_410,multi_fine,full,corafull,6,-1,-1,False,0.0,[6],39,0.0,0.0,0.0,True,3.5730907917022705,1.0,1.0,3.6034371852874756,1,1,3.6099843978881836,3.6100754737854004,full,19793,False,50,0.3542201519012451,0.25119471549987793,0.8687844276428223
multi_fine_411,multi_fine,stitch,corafull,4,4,20,True,1.0,[4],47,0.0050623416900634766,0.00016760826110839844,0.02138066291809082,True,0.045043230056762695,1.0,1.0,0.0471651554107666,1,1,0.1106865406036377,0.1437373161315918,top-1,977,False,50,0.3542201519012451,0.25119471549987793,0.8687844276428223
multi_fine_411,multi_fine,full,corafull,4,-1,-1,False,0.0,[4],47,0.0,0.0,0.0,True,3.6315901279449463,0.9361702127659575,1.0,3.666879892349243,72,72,3.692017078399658,3.6921558380126953,full,19793,False,50,0.3542201519012451,0.25119471549987793,0.8687844276428223
multi_fine_412,multi_fine,stitch,corafull,6,6,32,True,1.0,[6],45,0.005179166793823242,0.00014448165893554688,0.021752119064331055,True,0.048737287521362305,1.0,1.0,0.05165600776672363,1,1,0.12177896499633789,0.16461730003356934,top-1,1018,False,50,0.3542201519012451,0.25119471549987793,0.8687844276428223
multi_fine_412,multi_fine,full,corafull,6,-1,-1,False,0.0,[6],45,0.0,0.0,0.0,True,3.4823496341705322,1.0,1.0,3.5125043392181396,1,1,3.520141363143921,3.520268201828003,full,19793,False,50,0.3542201519012451,0.25119471549987793,0.8687844276428223
multi_fine_413,multi_fine,stitch,corafull,19,19,98,True,1.0,[19],50,0.0049076080322265625,0.00016617774963378906,0.0203397274017334,True,0.046549081802368164,0.9,1.0,0.05003094673156738,100,100,0.14265179634094238,0.17572712898254395,top-1,1018,False,50,0.3542201519012451,0.25119471549987793,0.8687844276428223
multi_fine_413,multi_fine,full,corafull,19,-1,-1,False,0.0,[19],50,0.0,0.0,0.0,True,3.5947377681732178,0.9,1.0,3.6132194995880127,100,100,3.6464617252349854,3.6466009616851807,full,19793,False,50,0.3542201519012451,0.25119471549987793,0.8687844276428223
multi_fine_414,multi_fine,stitch,corafull,5,5,25,True,1.0,[5],40,0.005483865737915039,0.0001766681671142578,0.021930694580078125,True,0.041268348693847656,0.95,1.0,0.04271531105041504,2,2,0.1047964096069336,0.14710712432861328,top-1,970,False,50,0.3542201519012451,0.25119471549987793,0.8687844276428223
multi_fine_414,multi_fine,full,corafull,5,-1,-1,False,0.0,[5],40,0.0,0.0,0.0,True,3.570549249649048,0.95,1.0,3.603039264678955,2,2,3.6100680828094482,3.6102585792541504,full,19793,False,50,0.3542201519012451,0.25119471549987793,0.8687844276428223
multi_fine_415,multi_fine,stitch,corafull,12,12,61,True,1.0,[12],40,0.005054473876953125,0.0001506805419921875,0.022040605545043945,True,0.04158830642700195,1.0,1.0,0.04322409629821777,1,1,0.10841631889343262,0.14305949211120605,top-1,966,False,50,0.3542201519012451,0.25119471549987793,0.8687844276428223
multi_fine_415,multi_fine,full,corafull,12,-1,-1,False,0.0,[12],40,0.0,0.0,0.0,True,3.5029046535491943,1.0,1.0,3.5302114486694336,1,1,3.5366625785827637,3.5367603302001953,full,19793,False,50,0.3542201519012451,0.25119471549987793,0.8687844276428223
multi_fine_416,multi_fine,stitch,corafull,19,19,99,True,1.0,[19],38,0.0049550533294677734,0.00013875961303710938,0.020246028900146484,True,0.04483342170715332,0.868421052631579,1.0,0.04756736755371094,100,100,0.13257241249084473,0.1654372215270996,top-1,1018,False,50,0.3542201519012451,0.25119471549987793,0.8687844276428223
multi_fine_416,multi_fine,full,corafull,19,-1,-1,False,0.0,[19],38,0.0,0.0,0.0,True,3.724721670150757,0.868421052631579,1.0,3.742722749710083,100,100,3.768158435821533,3.7682511806488037,full,19793,False,50,0.3542201519012451,0.25119471549987793,0.8687844276428223
multi_fine_417,multi_fine,stitch,corafull,5,5,26,True,1.0,[5],40,0.004898548126220703,0.00013208389282226562,0.020594358444213867,True,0.04269266128540039,1.0,1.0,0.04448843002319336,1,1,0.10483384132385254,0.1362757682800293,top-1,970,False,50,0.3542201519012451,0.25119471549987793,0.8687844276428223
multi_fine_417,multi_fine,full,corafull,5,-1,-1,False,0.0,[5],40,0.0,0.0,0.0,True,3.6634514331817627,1.0,1.0,3.696939468383789,1,1,3.703486680984497,3.7036290168762207,full,19793,False,50,0.3542201519012451,0.25119471549987793,0.8687844276428223
multi_fine_418,multi_fine,stitch,corafull,6,6,34,True,1.0,[6],48,0.00499725341796875,0.00014853477478027344,0.020847320556640625,True,0.04950141906738281,0.9375,1.0,0.052266836166381836,6,6,0.12181639671325684,0.1555931568145752,top-1,1018,False,50,0.3542201519012451,0.25119471549987793,0.8687844276428223
multi_fine_418,multi_fine,full,corafull,6,-1,-1,False,0.0,[6],48,0.0,0.0,0.0,True,3.5093953609466553,0.9375,1.0,3.539292335510254,6,6,3.548281669616699,3.548407793045044,full,19793,False,50,0.3542201519012451,0.25119471549987793,0.8687844276428223
multi_fine_419,multi_fine,stitch,corafull,11,11,55,True,1.0,[11],26,0.004819631576538086,0.0001385211944580078,0.019689559936523438,True,0.0414426326751709,1.0,1.0,0.04311394691467285,1,1,0.09929227828979492,0.12964510917663574,top-1,990,False,50,0.3542201519012451,0.25119471549987793,0.8687844276428223
multi_fine_419,multi_fine,full,corafull,11,-1,-1,False,0.0,[11],26,0.0,0.0,0.0,True,3.9829442501068115,1.0,1.0,4.015039682388306,1,1,4.022761106491089,4.022870302200317,full,19793,False,50,0.3542201519012451,0.25119471549987793,0.8687844276428223
multi_fine_420,multi_fine,stitch,corafull,10,10,51,True,1.0,[10],49,0.005106449127197266,0.0003209114074707031,0.02375316619873047,True,0.04432964324951172,1.0,1.0,0.046514272689819336,1,1,0.11417889595031738,0.15176081657409668,top-1,1016,False,50,0.3542201519012451,0.25119471549987793,0.8687844276428223
multi_fine_420,multi_fine,full,corafull,10,-1,-1,False,0.0,[10],49,0.0,0.0,0.0,True,3.737746000289917,1.0,1.0,3.76513409614563,1,1,3.772644281387329,3.7727363109588623,full,19793,False,50,0.3542201519012451,0.25119471549987793,0.8687844276428223
multi_fine_421,multi_fine,stitch,corafull,12,12,61,True,1.0,[12],30,0.004972696304321289,0.000133514404296875,0.020702838897705078,True,0.04058384895324707,1.0,1.0,0.042119503021240234,1,1,0.10353684425354004,0.13538575172424316,top-1,966,False,50,0.3542201519012451,0.25119471549987793,0.8687844276428223
multi_fine_421,multi_fine,full,corafull,12,-1,-1,False,0.0,[12],30,0.0,0.0,0.0,True,3.63076114654541,1.0,1.0,3.6647427082061768,1,1,3.670262336730957,3.6703927516937256,full,19793,False,50,0.3542201519012451,0.25119471549987793,0.8687844276428223
multi_fine_422,multi_fine,stitch,corafull,12,12,62,True,1.0,[12],48,0.0049321651458740234,0.00013256072998046875,0.02035379409790039,True,0.0420682430267334,0.9791666666666666,1.0,0.044074058532714844,2,2,0.10665225982666016,0.1437375545501709,top-1,966,False,50,0.3542201519012451,0.25119471549987793,0.8687844276428223
multi_fine_422,multi_fine,full,corafull,12,-1,-1,False,0.0,[12],48,0.0,0.0,0.0,True,3.450103759765625,0.9791666666666666,1.0,3.4773597717285156,2,2,3.4853298664093018,3.4854350090026855,full,19793,False,50,0.3542201519012451,0.25119471549987793,0.8687844276428223
multi_fine_423,multi_fine,stitch,corafull,4,4,20,True,1.0,[4],33,0.004834175109863281,0.0001304149627685547,0.020121335983276367,True,0.04284834861755371,0.9393939393939394,1.0,0.04481983184814453,2,2,0.10617399215698242,0.13695430755615234,top-1,977,False,50,0.3542201519012451,0.25119471549987793,0.8687844276428223
multi_fine_423,multi_fine,full,corafull,4,-1,-1,False,0.0,[4],33,0.0,0.0,0.0,True,3.8544273376464844,0.9393939393939394,1.0,3.889493942260742,2,2,3.89595103263855,3.8960394859313965,full,19793,False,50,0.3542201519012451,0.25119471549987793,0.8687844276428223
multi_fine_424,multi_fine,stitch,corafull,3,3,17,True,1.0,[3],50,0.005082130432128906,0.0002009868621826172,0.020632266998291016,True,0.04758167266845703,1.0,1.0,0.05031251907348633,1,1,0.11476612091064453,0.14882278442382812,top-1,983,False,50,0.3542201519012451,0.25119471549987793,0.8687844276428223
multi_fine_424,multi_fine,full,corafull,3,-1,-1,False,0.0,[3],50,0.0,0.0,0.0,True,3.939195156097412,1.0,1.0,3.972022771835327,1,1,3.9799156188964844,3.980050802230835,full,19793,False,50,0.3542201519012451,0.25119471549987793,0.8687844276428223
multi_fine_425,multi_fine,stitch,corafull,5,5,25,True,1.0,[5],33,0.004991292953491211,0.00016832351684570312,0.02085590362548828,True,0.0432438850402832,0.9393939393939394,1.0,0.045212745666503906,2,2,0.10775184631347656,0.14061784744262695,top-1,970,False,50,0.3542201519012451,0.25119471549987793,0.8687844276428223
multi_fine_425,multi_fine,full,corafull,5,-1,-1,False,0.0,[5],33,0.0,0.0,0.0,True,3.812875270843506,0.9393939393939394,1.0,3.8481390476226807,6,6,3.8551783561706543,3.8552768230438232,full,19793,False,50,0.3542201519012451,0.25119471549987793,0.8687844276428223
multi_fine_426,multi_fine,stitch,corafull,5,5,26,True,1.0,[5],50,0.005173683166503906,0.0002219676971435547,0.026497602462768555,True,0.05015683174133301,1.0,1.0,0.05233883857727051,1,1,0.11700963973999023,0.15745091438293457,top-1,970,False,50,0.3542201519012451,0.25119471549987793,0.8687844276428223
multi_fine_426,multi_fine,full,corafull,5,-1,-1,False,0.0,[5],50,0.0,0.0,0.0,True,3.6303212642669678,1.0,1.0,3.6617863178253174,1,1,3.669778347015381,3.669907808303833,full,19793,False,50,0.3542201519012451,0.25119471549987793,0.8687844276428223
multi_fine_427,multi_fine,stitch,corafull,18,18,90,True,1.0,[18],25,0.004965543746948242,0.00016546249389648438,0.020945072174072266,True,0.04570293426513672,1.0,1.0,0.048398733139038086,1,1,0.1081387996673584,0.1401505470275879,top-1,969,False,50,0.3542201519012451,0.25119471549987793,0.8687844276428223
multi_fine_427,multi_fine,full,corafull,18,-1,-1,False,0.0,[18],25,0.0,0.0,0.0,True,3.700155019760132,1.0,1.0,3.732635259628296,1,1,3.7376952171325684,3.7377870082855225,full,19793,False,50,0.3542201519012451,0.25119471549987793,0.8687844276428223
multi_fine_428,multi_fine,stitch,corafull,17,17,88,True,1.0,[17],28,0.005698442459106445,0.0001513957977294922,0.020730972290039062,True,0.04246354103088379,0.9285714285714286,1.0,0.04490184783935547,6,6,0.10486578941345215,0.13743257522583008,top-1,969,False,50,0.3542201519012451,0.25119471549987793,0.8687844276428223
multi_fine_428,multi_fine,full,corafull,17,-1,-1,False,0.0,[17],28,0.0,0.0,0.0,True,3.6084489822387695,0.9285714285714286,1.0,3.639258861541748,6,6,3.645205497741699,3.64530348777771,full,19793,False,50,0.3542201519012451,0.25119471549987793,0.8687844276428223
multi_fine_429,multi_fine,stitch,corafull,5,5,27,True,1.0,[5],37,0.0054552555084228516,0.00019025802612304688,0.020917654037475586,True,0.06561493873596191,1.0,1.0,0.06864762306213379,1,1,0.13469719886779785,0.16919565200805664,top-1,970,False,50,0.3542201519012451,0.25119471549987793,0.8687844276428223
multi_fine_429,multi_fine,full,corafull,5,-1,-1,False,0.0,[5],37,0.0,0.0,0.0,True,4.338647842407227,1.0,1.0,4.3693037033081055,1,1,4.376106262207031,4.376276016235352,full,19793,False,50,0.3542201519012451,0.25119471549987793,0.8687844276428223
multi_fine_430,multi_fine,stitch,corafull,3,3,18,True,1.0,[3],43,0.006035804748535156,0.00019741058349609375,0.021292448043823242,True,0.04715466499328613,0.9302325581395349,1.0,0.04987788200378418,6,6,0.11517977714538574,0.1505146026611328,top-1,983,False,50,0.3542201519012451,0.25119471549987793,0.8687844276428223
multi_fine_430,multi_fine,full,corafull,3,-1,-1,False,0.0,[3],43,0.0,0.0,0.0,True,3.6735074520111084,0.9302325581395349,1.0,3.7010316848754883,6,6,3.709764003753662,3.709857225418091,full,19793,False,50,0.3542201519012451,0.25119471549987793,0.8687844276428223
multi_fine_431,multi_fine,stitch,corafull,10,10,51,True,1.0,[10],38,0.004811286926269531,0.00014257431030273438,0.020127534866333008,True,0.04380226135253906,1.0,1.0,0.046776533126831055,1,1,0.11178922653198242,0.14416980743408203,top-1,1016,False,50,0.3542201519012451,0.25119471549987793,0.8687844276428223
multi_fine_431,multi_fine,full,corafull,10,-1,-1,False,0.0,[10],38,0.0,0.0,0.0,True,3.7259230613708496,1.0,1.0,3.7623379230499268,1,1,3.769287109375,3.769402265548706,full,19793,False,50,0.3542201519012451,0.25119471549987793,0.8687844276428223
multi_fine_432,multi_fine,stitch,corafull,15,15,76,True,1.0,[15],50,0.005560159683227539,0.00018906593322753906,0.02212047576904297,True,0.05879545211791992,1.0,1.0,0.06152057647705078,1,1,0.1300804615020752,0.1666395664215088,top-1,1016,False,50,0.3542201519012451,0.25119471549987793,0.8687844276428223
multi_fine_432,multi_fine,full,corafull,15,-1,-1,False,0.0,[15],50,0.0,0.0,0.0,True,4.625367879867554,1.0,1.0,4.655097007751465,1,1,4.663670063018799,4.663813591003418,full,19793,False,50,0.3542201519012451,0.25119471549987793,0.8687844276428223
multi_fine_433,multi_fine,stitch,corafull,8,8,42,True,1.0,[8],50,0.006283283233642578,0.00044465065002441406,0.023729801177978516,True,0.04875636100769043,1.0,1.0,0.0517880916595459,1,1,0.12084579467773438,0.1587362289428711,top-1,999,False,50,0.3542201519012451,0.25119471549987793,0.8687844276428223
multi_fine_433,multi_fine,full,corafull,8,-1,-1,False,0.0,[8],50,0.0,0.0,0.0,True,3.618206262588501,1.0,1.0,3.651057481765747,1,1,3.6592400074005127,3.6594178676605225,full,19793,False,50,0.3542201519012451,0.25119471549987793,0.8687844276428223
multi_fine_434,multi_fine,stitch,corafull,5,5,27,True,1.0,[5],48,0.005446672439575195,0.00015091896057128906,0.021225452423095703,True,0.04401254653930664,1.0,1.0,0.04632568359375,1,1,0.11269664764404297,0.14597344398498535,top-1,970,False,50,0.3542201519012451,0.25119471549987793,0.8687844276428223
multi_fine_434,multi_fine,full,corafull,5,-1,-1,False,0.0,[5],48,0.0,0.0,0.0,True,4.9916090965271,1.0,1.0,5.029245376586914,1,1,5.037710666656494,5.037863254547119,full,19793,False,50,0.3542201519012451,0.25119471549987793,0.8687844276428223
multi_fine_435,multi_fine,stitch,corafull,1,1,9,True,1.0,[1],31,0.0051000118255615234,0.00015020370483398438,0.02119302749633789,True,0.04474139213562012,1.0,1.0,0.04698777198791504,1,1,0.10519742965698242,0.13757896423339844,top-1,972,False,50,0.3542201519012451,0.25119471549987793,0.8687844276428223
multi_fine_435,multi_fine,full,corafull,1,-1,-1,False,0.0,[1],31,0.0,0.0,0.0,True,3.5648860931396484,1.0,1.0,3.6038658618927,1,1,3.6098430156707764,3.6099801063537598,full,19793,False,50,0.3542201519012451,0.25119471549987793,0.8687844276428223
multi_fine_436,multi_fine,stitch,corafull,4,4,23,True,1.0,[4],31,0.005066633224487305,0.00014281272888183594,0.021013498306274414,True,0.05031609535217285,0.9354838709677419,1.0,0.05321550369262695,2,2,0.11576962471008301,0.14866042137145996,top-1,977,False,50,0.3542201519012451,0.25119471549987793,0.8687844276428223
multi_fine_436,multi_fine,full,corafull,4,-1,-1,False,0.0,[4],31,0.0,0.0,0.0,True,3.8672306537628174,0.9354838709677419,1.0,3.9046831130981445,2,2,3.9105381965637207,3.9106497764587402,full,19793,False,50,0.3542201519012451,0.25119471549987793,0.8687844276428223
multi_fine_437,multi_fine,stitch,corafull,8,8,41,True,1.0,[8],39,0.004972219467163086,0.0001361370086669922,0.020751237869262695,True,0.047695159912109375,0.9487179487179487,1.0,0.05032944679260254,2,2,0.12022066116333008,0.15422368049621582,top-1,999,False,50,0.3542201519012451,0.25119471549987793,0.8687844276428223
multi_fine_437,multi_fine,full,corafull,8,-1,-1,False,0.0,[8],39,0.0,0.0,0.0,True,3.8933663368225098,0.9487179487179487,1.0,3.939814805984497,2,2,3.9472031593322754,3.94732666015625,full,19793,False,50,0.3542201519012451,0.25119471549987793,0.8687844276428223
multi_fine_438,multi_fine,stitch,corafull,19,19,96,True,1.0,[19],48,0.005269765853881836,0.00014162063598632812,0.020844221115112305,True,0.044979095458984375,0.9583333333333334,1.0,0.04774045944213867,2,2,0.11306405067443848,0.14732670783996582,top-1,1018,False,50,0.3542201519012451,0.25119471549987793,0.8687844276428223
multi_fine_438,multi_fine,full,corafull,19,-1,-1,False,0.0,[19],48,0.0,0.0,0.0,True,3.5714597702026367,0.9583333333333334,1.0,3.6005399227142334,2,2,3.6089096069335938,3.609018564224243,full,19793,False,50,0.3542201519012451,0.25119471549987793,0.8687844276428223
multi_fine_439,multi_fine,stitch,corafull,6,6,31,True,1.0,[6],50,0.0052642822265625,0.000141143798828125,0.021315336227416992,True,0.04627227783203125,1.0,1.0,0.04796338081359863,2,2,0.11835980415344238,0.15491390228271484,top-1,1018,False,50,0.3542201519012451,0.25119471549987793,0.8687844276428223
multi_fine_439,multi_fine,full,corafull,6,-1,-1,False,0.0,[6],50,0.0,0.0,0.0,True,4.986506462097168,1.0,1.0,5.020792722702026,2,2,5.029435396194458,5.029535293579102,full,19793,False,50,0.3542201519012451,0.25119471549987793,0.8687844276428223
multi_fine_440,multi_fine,stitch,corafull,16,16,84,True,1.0,[16],33,0.0051975250244140625,0.0001575946807861328,0.02058887481689453,True,0.045598506927490234,1.0,1.0,0.04792499542236328,1,1,0.11162137985229492,0.14461588859558105,top-1,997,False,50,0.3542201519012451,0.25119471549987793,0.8687844276428223
multi_fine_440,multi_fine,full,corafull,16,-1,-1,False,0.0,[16],33,0.0,0.0,0.0,True,3.596747398376465,1.0,1.0,3.6319334506988525,1,1,3.6378633975982666,3.638049602508545,full,19793,False,50,0.3542201519012451,0.25119471549987793,0.8687844276428223
multi_fine_441,multi_fine,stitch,corafull,0,0,0,True,1.0,[0],43,0.005023956298828125,0.00014543533325195312,0.02093648910522461,True,0.04407501220703125,1.0,1.0,0.046328067779541016,1,1,0.11003899574279785,0.1431870460510254,top-1,998,False,50,0.3542201519012451,0.25119471549987793,0.8687844276428223
multi_fine_441,multi_fine,full,corafull,0,-1,-1,False,0.0,[0],43,0.0,0.0,0.0,True,3.652742385864258,1.0,1.0,3.683793067932129,1,1,3.6907105445861816,3.690858840942383,full,19793,False,50,0.3542201519012451,0.25119471549987793,0.8687844276428223
multi_fine_442,multi_fine,stitch,corafull,15,15,78,True,1.0,[15],31,0.005002260208129883,0.00015163421630859375,0.02025437355041504,True,0.04349660873413086,0.9354838709677419,1.0,0.04586434364318848,2,2,0.11188054084777832,0.14453530311584473,top-1,1016,False,50,0.3542201519012451,0.25119471549987793,0.8687844276428223
multi_fine_442,multi_fine,full,corafull,15,-1,-1,False,0.0,[15],31,0.0,0.0,0.0,True,3.4541282653808594,0.9354838709677419,1.0,3.4820199012756348,2,2,3.488511800765991,3.488640546798706,full,19793,False,50,0.3542201519012451,0.25119471549987793,0.8687844276428223
multi_fine_443,multi_fine,stitch,corafull,1,1,9,True,1.0,[1],41,0.005294322967529297,0.0001926422119140625,0.021304607391357422,True,0.042878150939941406,1.0,1.0,0.04466080665588379,1,1,0.10746169090270996,0.13968276977539062,top-1,972,False,50,0.3542201519012451,0.25119471549987793,0.8687844276428223
multi_fine_443,multi_fine,full,corafull,1,-1,-1,False,0.0,[1],41,0.0,0.0,0.0,True,3.6148836612701416,1.0,1.0,3.646573781967163,1,1,3.653904676437378,3.654053211212158,full,19793,False,50,0.3542201519012451,0.25119471549987793,0.8687844276428223
multi_fine_444,multi_fine,stitch,corafull,12,12,62,True,1.0,[12],34,0.005738496780395508,0.00015592575073242188,0.022181272506713867,True,0.04771995544433594,1.0,1.0,0.050318002700805664,1,1,0.11759829521179199,0.1550884246826172,top-1,966,False,50,0.3542201519012451,0.25119471549987793,0.8687844276428223
multi_fine_444,multi_fine,full,corafull,12,-1,-1,False,0.0,[12],34,0.0,0.0,0.0,True,3.7417163848876953,1.0,1.0,3.776644706726074,1,1,3.783667802810669,3.783871650695801,full,19793,False,50,0.3542201519012451,0.25119471549987793,0.8687844276428223
multi_fine_445,multi_fine,stitch,corafull,7,7,39,True,1.0,[7],41,0.005065441131591797,0.00015354156494140625,0.021361827850341797,True,0.04772210121154785,1.0,1.0,0.049965620040893555,1,1,0.11383700370788574,0.148604154586792,top-1,969,False,50,0.3542201519012451,0.25119471549987793,0.8687844276428223
multi_fine_445,multi_fine,full,corafull,7,-1,-1,False,0.0,[7],41,0.0,0.0,0.0,True,3.552450656890869,1.0,1.0,3.583833932876587,1,1,3.590965509414673,3.591089963912964,full,19793,False,50,0.3542201519012451,0.25119471549987793,0.8687844276428223
multi_fine_446,multi_fine,stitch,corafull,10,10,54,True,1.0,[10],37,0.004973888397216797,0.0001418590545654297,0.020792722702026367,True,0.05213332176208496,1.0,1.0,0.05465340614318848,1,1,0.11775898933410645,0.15697264671325684,top-1,1016,False,50,0.3542201519012451,0.25119471549987793,0.8687844276428223
multi_fine_446,multi_fine,full,corafull,10,-1,-1,False,0.0,[10],37,0.0,0.0,0.0,True,3.9308218955993652,1.0,1.0,3.9591245651245117,1,1,3.965562105178833,3.965681552886963,full,19793,False,50,0.3542201519012451,0.25119471549987793,0.8687844276428223
multi_fine_447,multi_fine,stitch,corafull,13,13,66,True,1.0,[13],46,0.005174398422241211,0.00015497207641601562,0.021401166915893555,True,0.04548454284667969,0.9565217391304348,1.0,0.048233747482299805,2,2,0.11346888542175293,0.15976858139038086,top-1,1017,False,50,0.3542201519012451,0.25119471549987793,0.8687844276428223
multi_fine_447,multi_fine,full,corafull,13,-1,-1,False,0.0,[13],46,0.0,0.0,0.0,True,3.6447296142578125,0.9565217391304348,1.0,3.676293134689331,2,2,3.6844568252563477,3.6845483779907227,full,19793,False,50,0.3542201519012451,0.25119471549987793,0.8687844276428223
multi_fine_448,multi_fine,stitch,corafull,4,4,24,True,1.0,[4],45,0.0051136016845703125,0.00015783309936523438,0.020384550094604492,True,0.04810905456542969,0.9555555555555556,1.0,0.0506894588470459,2,2,0.11922216415405273,0.15159273147583008,top-1,977,False,50,0.3542201519012451,0.25119471549987793,0.8687844276428223
multi_fine_448,multi_fine,full,corafull,4,-1,-1,False,0.0,[4],45,0.0,0.0,0.0,True,3.6022989749908447,0.9555555555555556,1.0,3.6353061199188232,2,2,3.6427626609802246,3.64289927482605,full,19793,False,50,0.3542201519012451,0.25119471549987793,0.8687844276428223
multi_fine_449,multi_fine,stitch,corafull,16,16,82,True,1.0,[16],46,0.005143404006958008,0.0001628398895263672,0.02031254768371582,True,0.047205448150634766,1.0,1.0,0.05121970176696777,1,1,0.11639809608459473,0.1491706371307373,top-1,997,False,50,0.3542201519012451,0.25119471549987793,0.8687844276428223
multi_fine_449,multi_fine,full,corafull,16,-1,-1,False,0.0,[16],46,0.0,0.0,0.0,True,3.6843819618225098,1.0,1.0,3.717575788497925,1,1,3.7247726917266846,3.724931001663208,full,19793,False,50,0.3542201519012451,0.25119471549987793,0.8687844276428223
multi_fine_450,multi_fine,stitch,corafull,15,15,77,True,1.0,[15],38,0.0049173831939697266,0.00013518333435058594,0.020406007766723633,True,0.04874873161315918,1.0,1.0,0.05234980583190918,1,1,0.11551141738891602,0.14803838729858398,top-1,1016,False,50,0.3542201519012451,0.25119471549987793,0.8687844276428223
multi_fine_450,multi_fine,full,corafull,15,-1,-1,False,0.0,[15],38,0.0,0.0,0.0,True,3.818662405014038,1.0,1.0,3.8607640266418457,1,1,3.8675405979156494,3.867715358734131,full,19793,False,50,0.3542201519012451,0.25119471549987793,0.8687844276428223
multi_fine_451,multi_fine,stitch,corafull,15,15,75,True,1.0,[15],30,0.006935596466064453,0.00013899803161621094,0.021217823028564453,True,0.045968055725097656,0.9333333333333333,1.0,0.04889965057373047,6,6,0.1149740219116211,0.149946928024292,top-1,1016,False,50,0.3542201519012451,0.25119471549987793,0.8687844276428223
multi_fine_451,multi_fine,full,corafull,15,-1,-1,False,0.0,[15],30,0.0,0.0,0.0,True,3.620232343673706,0.9333333333333333,1.0,3.653806447982788,6,6,3.659946918487549,3.6600732803344727,full,19793,False,50,0.3542201519012451,0.25119471549987793,0.8687844276428223
multi_fine_452,multi_fine,stitch,corafull,14,14,74,True,1.0,[14],48,0.00490880012512207,0.00013947486877441406,0.020444869995117188,True,0.0479121208190918,0.9583333333333334,1.0,0.050572872161865234,2,2,0.1128380298614502,0.1442704200744629,top-1,968,False,50,0.3542201519012451,0.25119471549987793,0.8687844276428223
multi_fine_452,multi_fine,full,corafull,14,-1,-1,False,0.0,[14],48,0.0,0.0,0.0,True,3.722804307937622,0.9583333333333334,1.0,3.7541956901550293,2,2,3.7624385356903076,3.762535810470581,full,19793,False,50,0.3542201519012451,0.25119471549987793,0.8687844276428223
multi_fine_453,multi_fine,stitch,corafull,0,0,1,True,1.0,[0],48,0.005803585052490234,0.0001747608184814453,0.023967504501342773,True,0.051725149154663086,1.0,1.0,0.05433320999145508,1,1,0.1327371597290039,0.17261242866516113,top-1,998,False,50,0.3542201519012451,0.25119471549987793,0.8687844276428223
multi_fine_453,multi_fine,full,corafull,0,-1,-1,False,0.0,[0],48,0.0,0.0,0.0,True,3.6346030235290527,1.0,1.0,3.6611554622650146,1,1,3.668670177459717,3.6688058376312256,full,19793,False,50,0.3542201519012451,0.25119471549987793,0.8687844276428223
multi_fine_454,multi_fine,stitch,corafull,15,15,77,True,1.0,[15],48,0.005033969879150391,0.00015735626220703125,0.022589921951293945,True,0.046331167221069336,1.0,1.0,0.048789024353027344,1,1,0.11258292198181152,0.15343427658081055,top-1,1016,False,50,0.3542201519012451,0.25119471549987793,0.8687844276428223
multi_fine_454,multi_fine,full,corafull,15,-1,-1,False,0.0,[15],48,0.0,0.0,0.0,True,3.5270981788635254,1.0,1.0,3.565361976623535,1,1,3.5729544162750244,3.573084592819214,full,19793,False,50,0.3542201519012451,0.25119471549987793,0.8687844276428223
multi_fine_455,multi_fine,stitch,corafull,15,15,76,True,1.0,[15],44,0.005240440368652344,0.00016069412231445312,0.020511388778686523,True,0.04412388801574707,1.0,1.0,0.045700788497924805,1,1,0.10900306701660156,0.14380335807800293,top-1,1016,False,50,0.3542201519012451,0.25119471549987793,0.8687844276428223
multi_fine_455,multi_fine,full,corafull,15,-1,-1,False,0.0,[15],44,0.0,0.0,0.0,True,3.8100433349609375,1.0,1.0,3.8463258743286133,1,1,3.853531837463379,3.8536250591278076,full,19793,False,50,0.3542201519012451,0.25119471549987793,0.8687844276428223
multi_fine_456,multi_fine,stitch,corafull,6,6,31,True,1.0,[6],39,0.006643533706665039,0.00032639503479003906,0.02283000946044922,True,0.055742740631103516,1.0,1.0,0.0593562126159668,1,1,0.12867951393127441,0.17269539833068848,top-1,1018,False,50,0.3542201519012451,0.25119471549987793,0.8687844276428223
multi_fine_456,multi_fine,full,corafull,6,-1,-1,False,0.0,[6],39,0.0,0.0,0.0,True,3.950068950653076,1.0,1.0,3.9829673767089844,1,1,4.001262426376343,4.001440763473511,full,19793,False,50,0.3542201519012451,0.25119471549987793,0.8687844276428223
multi_fine_457,multi_fine,stitch,corafull,16,16,84,True,1.0,[16],25,0.004781961441040039,0.00015497207641601562,0.02063131332397461,True,0.045387983322143555,1.0,1.0,0.04796791076660156,1,1,0.10861468315124512,0.14330029487609863,top-1,997,False,50,0.3542201519012451,0.25119471549987793,0.8687844276428223
multi_fine_457,multi_fine,full,corafull,16,-1,-1,False,0.0,[16],25,0.0,0.0,0.0,True,3.946887969970703,1.0,1.0,3.9754955768585205,1,1,3.9803924560546875,3.98048996925354,full,19793,False,50,0.3542201519012451,0.25119471549987793,0.8687844276428223
multi_fine_458,multi_fine,stitch,corafull,14,14,72,True,1.0,[14],48,0.005421638488769531,0.0001614093780517578,0.020208358764648438,True,0.04605531692504883,1.0,1.0,0.048433542251586914,1,1,0.11297321319580078,0.1483616828918457,top-1,968,False,50,0.3542201519012451,0.25119471549987793,0.8687844276428223
multi_fine_458,multi_fine,full,corafull,14,-1,-1,False,0.0,[14],48,0.0,0.0,0.0,True,3.885190010070801,1.0,1.0,3.9275786876678467,1,1,3.9351539611816406,3.9352505207061768,full,19793,False,50,0.3542201519012451,0.25119471549987793,0.8687844276428223
multi_fine_459,multi_fine,stitch,corafull,12,12,61,True,1.0,[12],40,0.00511932373046875,0.00017452239990234375,0.01996326446533203,True,0.04851102828979492,1.0,1.0,0.0506443977355957,1,1,0.11604118347167969,0.1484994888305664,top-1,966,False,50,0.3542201519012451,0.25119471549987793,0.8687844276428223
multi_fine_459,multi_fine,full,corafull,12,-1,-1,False,0.0,[12],40,0.0,0.0,0.0,True,4.097450017929077,1.0,1.0,4.1338183879852295,1,1,4.14067268371582,4.140804767608643,full,19793,False,50,0.3542201519012451,0.25119471549987793,0.8687844276428223
multi_fine_460,multi_fine,stitch,corafull,0,0,2,True,1.0,[0],28,0.0053424835205078125,0.00016355514526367188,0.021519899368286133,True,0.04367709159851074,1.0,1.0,0.045679569244384766,1,1,0.1139073371887207,0.14876508712768555,top-1,998,False,50,0.3542201519012451,0.25119471549987793,0.8687844276428223
multi_fine_460,multi_fine,full,corafull,0,-1,-1,False,0.0,[0],28,0.0,0.0,0.0,True,3.7598416805267334,1.0,1.0,3.7975707054138184,1,1,3.8028323650360107,3.8029794692993164,full,19793,False,50,0.3542201519012451,0.25119471549987793,0.8687844276428223
multi_fine_461,multi_fine,stitch,corafull,0,0,2,True,1.0,[0],47,0.005251407623291016,0.00022649765014648438,0.022706031799316406,True,0.04854249954223633,1.0,1.0,0.05150318145751953,1,1,0.1139059066772461,0.14933991432189941,top-1,998,False,50,0.3542201519012451,0.25119471549987793,0.8687844276428223
multi_fine_461,multi_fine,full,corafull,0,-1,-1,False,0.0,[0],47,0.0,0.0,0.0,True,4.201969861984253,1.0,1.0,4.240211725234985,1,1,4.248391389846802,4.24849796295166,full,19793,False,50,0.3542201519012451,0.25119471549987793,0.8687844276428223
multi_fine_462,multi_fine,stitch,corafull,10,10,53,True,1.0,[10],41,0.005182504653930664,0.0003046989440917969,0.0216977596282959,True,0.051677703857421875,1.0,1.0,0.0540463924407959,1,1,0.12067079544067383,0.15744280815124512,top-1,1016,False,50,0.3542201519012451,0.25119471549987793,0.8687844276428223
multi_fine_462,multi_fine,full,corafull,10,-1,-1,False,0.0,[10],41,0.0,0.0,0.0,True,3.806889533996582,1.0,1.0,3.839789628982544,1,1,3.847217321395874,3.847337245941162,full,19793,False,50,0.3542201519012451,0.25119471549987793,0.8687844276428223
multi_fine_463,multi_fine,stitch,corafull,8,8,40,True,1.0,[8],47,0.00513768196105957,0.0001518726348876953,0.020923614501953125,True,0.050600290298461914,0.9148936170212766,0.9574468085106383,0.05486011505126953,100,100,0.14025449752807617,0.17398667335510254,top-1,999,False,50,0.3542201519012451,0.25119471549987793,0.8687844276428223
multi_fine_463,multi_fine,full,corafull,8,-1,-1,False,0.0,[8],47,0.0,0.0,0.0,True,3.602902412414551,0.9148936170212766,0.9574468085106383,3.620241641998291,100,100,3.6512537002563477,3.651411294937134,full,19793,False,50,0.3542201519012451,0.25119471549987793,0.8687844276428223
multi_fine_464,multi_fine,stitch,corafull,1,1,7,True,1.0,[1],28,0.004734039306640625,0.00013566017150878906,0.020064830780029297,True,0.041562795639038086,1.0,1.0,0.04325747489929199,1,1,0.10040831565856934,0.13083720207214355,top-1,972,False,50,0.3542201519012451,0.25119471549987793,0.8687844276428223
multi_fine_464,multi_fine,full,corafull,1,-1,-1,False,0.0,[1],28,0.0,0.0,0.0,True,3.619220495223999,1.0,1.0,3.651193857192993,1,1,3.656189203262329,3.65626859664917,full,19793,False,50,0.3542201519012451,0.25119471549987793,0.8687844276428223
multi_fine_465,multi_fine,stitch,corafull,9,9,46,True,1.0,[9],48,0.00472569465637207,0.0001304149627685547,0.01971578598022461,True,0.05008292198181152,1.0,1.0,0.052521705627441406,1,1,0.11719012260437012,0.14979910850524902,top-1,1019,False,50,0.3542201519012451,0.25119471549987793,0.8687844276428223
multi_fine_465,multi_fine,full,corafull,9,-1,-1,False,0.0,[9],48,0.0,0.0,0.0,True,3.5905375480651855,1.0,1.0,3.6264965534210205,1,1,3.6338422298431396,3.6339385509490967,full,19793,False,50,0.3542201519012451,0.25119471549987793,0.8687844276428223
multi_fine_466,multi_fine,stitch,corafull,12,12,61,True,1.0,[12],39,0.004923582077026367,0.00013709068298339844,0.021184921264648438,True,0.04568815231323242,1.0,1.0,0.04743695259094238,1,1,0.11050963401794434,0.14222311973571777,top-1,966,False,50,0.3542201519012451,0.25119471549987793,0.8687844276428223
multi_fine_466,multi_fine,full,corafull,12,-1,-1,False,0.0,[12],39,0.0,0.0,0.0,True,3.851957321166992,1.0,1.0,3.8860690593719482,1,1,3.8927435874938965,3.892833709716797,full,19793,False,50,0.3542201519012451,0.25119471549987793,0.8687844276428223
multi_fine_467,multi_fine,stitch,corafull,16,16,82,True,1.0,[16],44,0.005259037017822266,0.00022721290588378906,0.02193927764892578,True,0.04414057731628418,1.0,1.0,0.04618215560913086,1,1,0.1096045970916748,0.14406800270080566,top-1,997,False,50,0.3542201519012451,0.25119471549987793,0.8687844276428223
multi_fine_467,multi_fine,full,corafull,16,-1,-1,False,0.0,[16],44,0.0,0.0,0.0,True,3.738022804260254,1.0,1.0,3.767118215560913,1,1,3.7739992141723633,3.7741172313690186,full,19793,False,50,0.3542201519012451,0.25119471549987793,0.8687844276428223
multi_fine_468,multi_fine,stitch,corafull,16,16,82,True,1.0,[16],30,0.0049591064453125,0.00013375282287597656,0.020563364028930664,True,0.044278621673583984,1.0,1.0,0.047570228576660156,1,1,0.10775995254516602,0.13991785049438477,top-1,997,False,50,0.3542201519012451,0.25119471549987793,0.8687844276428223
multi_fine_468,multi_fine,full,corafull,16,-1,-1,False,0.0,[16],30,0.0,0.0,0.0,True,3.6613333225250244,1.0,1.0,3.6966712474823,1,1,3.701972723007202,3.7020859718322754,full,19793,False,50,0.3542201519012451,0.25119471549987793,0.8687844276428223
multi_fine_469,multi_fine,stitch,corafull,8,8,44,True,1.0,[8],45,0.004840373992919922,0.00013518333435058594,0.021481752395629883,True,0.04593372344970703,0.8222222222222222,0.9555555555555556,0.05008864402770996,100,100,0.13980340957641602,0.1730337142944336,top-1,999,False,50,0.3542201519012451,0.25119471549987793,0.8687844276428223
multi_fine_469,multi_fine,full,corafull,8,-1,-1,False,0.0,[8],45,0.0,0.0,0.0,True,3.707561492919922,0.8222222222222222,0.9555555555555556,3.7262802124023438,100,100,3.7560040950775146,3.7560973167419434,full,19793,False,50,0.3542201519012451,0.25119471549987793,0.8687844276428223
multi_fine_470,multi_fine,stitch,corafull,4,4,20,True,1.0,[4],32,0.00492095947265625,0.00013566017150878906,0.020719289779663086,True,0.0455625057220459,1.0,1.0,0.04833793640136719,1,1,0.10708308219909668,0.1387958526611328,top-1,977,False,50,0.3542201519012451,0.25119471549987793,0.8687844276428223
multi_fine_470,multi_fine,full,corafull,4,-1,-1,False,0.0,[4],32,0.0,0.0,0.0,True,3.4069502353668213,1.0,1.0,3.4377613067626953,1,1,3.4430441856384277,3.443147897720337,full,19793,False,50,0.3542201519012451,0.25119471549987793,0.8687844276428223
multi_fine_471,multi_fine,stitch,corafull,12,12,62,True,1.0,[12],48,0.004771709442138672,0.00014519691467285156,0.019678115844726562,True,0.040404558181762695,1.0,1.0,0.04165482521057129,1,1,0.10439062118530273,0.13513898849487305,top-1,966,False,50,0.3542201519012451,0.25119471549987793,0.8687844276428223
multi_fine_471,multi_fine,full,corafull,12,-1,-1,False,0.0,[12],48,0.0,0.0,0.0,True,3.717054843902588,1.0,1.0,3.746696949005127,1,1,3.7541019916534424,3.754213809967041,full,19793,False,50,0.3542201519012451,0.25119471549987793,0.8687844276428223
multi_fine_472,multi_fine,stitch,corafull,0,0,1,True,1.0,[0],50,0.005477190017700195,0.00014138221740722656,0.019999265670776367,True,0.04280543327331543,1.0,1.0,0.04587674140930176,1,1,0.10869789123535156,0.14043331146240234,top-1,998,False,50,0.3542201519012451,0.25119471549987793,0.8687844276428223
multi_fine_472,multi_fine,full,corafull,0,-1,-1,False,0.0,[0],50,0.0,0.0,0.0,True,3.6352062225341797,1.0,1.0,3.6659724712371826,1,1,3.67415714263916,3.6742794513702393,full,19793,False,50,0.3542201519012451,0.25119471549987793,0.8687844276428223
multi_fine_473,multi_fine,stitch,corafull,13,13,65,True,1.0,[13],48,0.005100727081298828,0.005215644836425781,0.02280569076538086,True,0.04352164268493652,0.9791666666666666,1.0,0.045356035232543945,2,2,0.10787510871887207,0.14872527122497559,top-1,1017,False,50,0.3542201519012451,0.25119471549987793,0.8687844276428223
multi_fine_473,multi_fine,full,corafull,13,-1,-1,False,0.0,[13],48,0.0,0.0,0.0,True,3.659289598464966,0.9791666666666666,1.0,3.688077926635742,4,4,3.697270631790161,3.6973681449890137,full,19793,False,50,0.3542201519012451,0.25119471549987793,0.8687844276428223
multi_fine_474,multi_fine,stitch,corafull,19,19,96,True,1.0,[19],48,0.005711555480957031,0.00018215179443359375,0.02124500274658203,True,0.04547858238220215,0.9791666666666666,1.0,0.04881596565246582,2,2,0.12008881568908691,0.15702271461486816,top-1,1018,False,50,0.3542201519012451,0.25119471549987793,0.8687844276428223
multi_fine_474,multi_fine,full,corafull,19,-1,-1,False,0.0,[19],48,0.0,0.0,0.0,True,3.6641743183135986,0.9791666666666666,1.0,3.697660207748413,2,2,3.705423593521118,3.705526113510132,full,19793,False,50,0.3542201519012451,0.25119471549987793,0.8687844276428223
multi_fine_475,multi_fine,stitch,corafull,4,4,21,True,1.0,[4],36,0.005033969879150391,0.00014209747314453125,0.020633697509765625,True,0.04193568229675293,1.0,1.0,0.04327988624572754,1,1,0.10546016693115234,0.13723230361938477,top-1,977,False,50,0.3542201519012451,0.25119471549987793,0.8687844276428223
multi_fine_475,multi_fine,full,corafull,4,-1,-1,False,0.0,[4],36,0.0,0.0,0.0,True,3.4130494594573975,1.0,1.0,3.4436588287353516,1,1,3.4497859477996826,3.449881076812744,full,19793,False,50,0.3542201519012451,0.25119471549987793,0.8687844276428223
multi_fine_476,multi_fine,stitch,corafull,19,19,97,True,1.0,[19],48,0.004863739013671875,0.00013971328735351562,0.02050924301147461,True,0.05399179458618164,1.0,1.0,0.057539939880371094,1,1,0.12338519096374512,0.15887713432312012,top-1,1018,False,50,0.3542201519012451,0.25119471549987793,0.8687844276428223
multi_fine_476,multi_fine,full,corafull,19,-1,-1,False,0.0,[19],48,0.0,0.0,0.0,True,3.5807619094848633,1.0,1.0,3.6111319065093994,1,1,3.6197006702423096,3.6198432445526123,full,19793,False,50,0.3542201519012451,0.25119471549987793,0.8687844276428223
multi_fine_477,multi_fine,stitch,corafull,11,11,55,True,1.0,[11],31,0.004775047302246094,0.00013709068298339844,0.020712614059448242,True,0.040383100509643555,1.0,1.0,0.0422515869140625,1,1,0.09975743293762207,0.13128328323364258,top-1,990,False,50,0.3542201519012451,0.25119471549987793,0.8687844276428223
multi_fine_477,multi_fine,full,corafull,11,-1,-1,False,0.0,[11],31,0.0,0.0,0.0,True,3.437378406524658,1.0,1.0,3.4675371646881104,1,1,3.472898483276367,3.4730098247528076,full,19793,False,50,0.3542201519012451,0.25119471549987793,0.8687844276428223
multi_fine_478,multi_fine,stitch,corafull,14,14,74,True,1.0,[14],44,0.004877328872680664,0.00013709068298339844,0.02017664909362793,True,0.04259538650512695,0.9545454545454546,1.0,0.04402565956115723,2,2,0.10430550575256348,0.13835883140563965,top-1,968,False,50,0.3542201519012451,0.25119471549987793,0.8687844276428223
multi_fine_478,multi_fine,full,corafull,14,-1,-1,False,0.0,[14],44,0.0,0.0,0.0,True,3.650942325592041,0.9545454545454546,1.0,3.679680585861206,2,2,3.686784029006958,3.6868703365325928,full,19793,False,50,0.3542201519012451,0.25119471549987793,0.8687844276428223
multi_fine_479,multi_fine,stitch,corafull,10,10,51,True,1.0,[10],33,0.005052804946899414,0.00013566017150878906,0.021374225616455078,True,0.045099496841430664,1.0,1.0,0.047187089920043945,1,1,0.1107931137084961,0.144775390625,top-1,1016,False,50,0.3542201519012451,0.25119471549987793,0.8687844276428223
multi_fine_479,multi_fine,full,corafull,10,-1,-1,False,0.0,[10],33,0.0,0.0,0.0,True,3.6301488876342773,1.0,1.0,3.659226655960083,1,1,3.6649458408355713,3.6650431156158447,full,19793,False,50,0.3542201519012451,0.25119471549987793,0.8687844276428223
multi_fine_480,multi_fine,stitch,corafull,19,19,96,True,1.0,[19],39,0.004969596862792969,0.0001595020294189453,0.02072286605834961,True,0.04687166213989258,1.0,1.0,0.04925203323364258,1,1,0.11622214317321777,0.14922499656677246,top-1,1018,False,50,0.3542201519012451,0.25119471549987793,0.8687844276428223
multi_fine_480,multi_fine,full,corafull,19,-1,-1,False,0.0,[19],39,0.0,0.0,0.0,True,3.9116249084472656,1.0,1.0,3.947144031524658,1,1,3.9536495208740234,3.9537858963012695,full,19793,False,50,0.3542201519012451,0.25119471549987793,0.8687844276428223
multi_fine_481,multi_fine,stitch,corafull,16,16,84,True,1.0,[16],35,0.005238056182861328,0.00015687942504882812,0.021160602569580078,True,0.041966915130615234,1.0,1.0,0.043913841247558594,1,1,0.1090080738067627,0.14293289184570312,top-1,997,False,50,0.3542201519012451,0.25119471549987793,0.8687844276428223
multi_fine_481,multi_fine,full,corafull,16,-1,-1,False,0.0,[16],35,0.0,0.0,0.0,True,3.719210624694824,1.0,1.0,3.751878023147583,1,1,3.758406639099121,3.758518695831299,full,19793,False,50,0.3542201519012451,0.25119471549987793,0.8687844276428223
multi_fine_482,multi_fine,stitch,corafull,3,3,17,True,1.0,[3],48,0.004883766174316406,0.00014138221740722656,0.020709991455078125,True,0.043022871017456055,0.9791666666666666,1.0,0.044738054275512695,3,3,0.10759496688842773,0.13962459564208984,top-1,983,False,50,0.3542201519012451,0.25119471549987793,0.8687844276428223
multi_fine_482,multi_fine,full,corafull,3,-1,-1,False,0.0,[3],48,0.0,0.0,0.0,True,3.7752315998077393,0.9791666666666666,1.0,3.8109326362609863,3,3,3.8190672397613525,3.8192381858825684,full,19793,False,50,0.3542201519012451,0.25119471549987793,0.8687844276428223
multi_fine_483,multi_fine,stitch,corafull,10,10,54,True,1.0,[10],41,0.0048520565032958984,0.00013303756713867188,0.021118879318237305,True,0.04861760139465332,1.0,1.0,0.05130910873413086,1,1,0.11713767051696777,0.15089750289916992,top-1,1016,False,50,0.3542201519012451,0.25119471549987793,0.8687844276428223
multi_fine_483,multi_fine,full,corafull,10,-1,-1,False,0.0,[10],41,0.0,0.0,0.0,True,3.571462631225586,1.0,1.0,3.6076290607452393,1,1,3.6149203777313232,3.6150927543640137,full,19793,False,50,0.3542201519012451,0.25119471549987793,0.8687844276428223
multi_fine_484,multi_fine,stitch,corafull,13,13,69,True,1.0,[13],48,0.004854917526245117,0.00012946128845214844,0.020940542221069336,True,0.043761491775512695,1.0,1.0,0.045867919921875,1,1,0.11285233497619629,0.14667248725891113,top-1,1017,False,50,0.3542201519012451,0.25119471549987793,0.8687844276428223
multi_fine_484,multi_fine,full,corafull,13,-1,-1,False,0.0,[13],48,0.0,0.0,0.0,True,3.587437152862549,1.0,1.0,3.6199049949645996,1,1,3.627721071243286,3.6278700828552246,full,19793,False,50,0.3542201519012451,0.25119471549987793,0.8687844276428223
multi_fine_485,multi_fine,stitch,corafull,17,17,86,True,1.0,[17],39,0.005129337310791016,0.0001468658447265625,0.02832961082458496,True,0.05159401893615723,0.8974358974358975,1.0,0.054358720779418945,24,24,0.12819552421569824,0.1694190502166748,top-1,969,False,50,0.3542201519012451,0.25119471549987793,0.8687844276428223
multi_fine_485,multi_fine,full,corafull,17,-1,-1,False,0.0,[17],39,0.0,0.0,0.0,True,3.7256674766540527,0.8974358974358975,1.0,3.760935068130493,24,24,3.772414445877075,3.7725563049316406,full,19793,False,50,0.3542201519012451,0.25119471549987793,0.8687844276428223
multi_fine_486,multi_fine,stitch,corafull,13,13,65,True,1.0,[13],44,0.005198240280151367,0.00020813941955566406,0.022133588790893555,True,0.048758506774902344,1.0,1.0,0.051457881927490234,1,1,0.11535048484802246,0.15154695510864258,top-1,1017,False,50,0.3542201519012451,0.25119471549987793,0.8687844276428223
multi_fine_486,multi_fine,full,corafull,13,-1,-1,False,0.0,[13],44,0.0,0.0,0.0,True,3.4729163646698,1.0,1.0,3.504254102706909,1,1,3.5116007328033447,3.511700391769409,full,19793,False,50,0.3542201519012451,0.25119471549987793,0.8687844276428223
multi_fine_487,multi_fine,stitch,corafull,6,6,32,True,1.0,[6],39,0.004799365997314453,0.0001373291015625,0.020705699920654297,True,0.04567980766296387,1.0,1.0,0.04759716987609863,1,1,0.11169767379760742,0.14476871490478516,top-1,1018,False,50,0.3542201519012451,0.25119471549987793,0.8687844276428223
multi_fine_487,multi_fine,full,corafull,6,-1,-1,False,0.0,[6],39,0.0,0.0,0.0,True,3.547246217727661,1.0,1.0,3.580799102783203,1,1,3.58740496635437,3.587510585784912,full,19793,False,50,0.3542201519012451,0.25119471549987793,0.8687844276428223
multi_fine_488,multi_fine,stitch,corafull,1,1,9,True,1.0,[1],41,0.004839897155761719,0.00013637542724609375,0.020203351974487305,True,0.04417014122009277,1.0,1.0,0.04621291160583496,1,1,0.10742664337158203,0.13827013969421387,top-1,972,False,50,0.3542201519012451,0.25119471549987793,0.8687844276428223
multi_fine_488,multi_fine,full,corafull,1,-1,-1,False,0.0,[1],41,0.0,0.0,0.0,True,3.6429033279418945,1.0,1.0,3.6690027713775635,1,1,3.6756081581115723,3.6757404804229736,full,19793,False,50,0.3542201519012451,0.25119471549987793,0.8687844276428223
multi_fine_489,multi_fine,stitch,corafull,2,2,10,True,1.0,[2],35,0.004973411560058594,0.00014448165893554688,0.020751476287841797,True,0.044158220291137695,1.0,1.0,0.046369314193725586,1,1,0.10745716094970703,0.13683629035949707,top-1,962,False,50,0.3542201519012451,0.25119471549987793,0.8687844276428223
multi_fine_489,multi_fine,full,corafull,2,-1,-1,False,0.0,[2],35,0.0,0.0,0.0,True,3.6917953491210938,1.0,1.0,3.732189655303955,1,1,3.7381441593170166,3.73826003074646,full,19793,False,50,0.3542201519012451,0.25119471549987793,0.8687844276428223
multi_fine_490,multi_fine,stitch,corafull,19,19,96,True,1.0,[19],48,0.004962921142578125,0.00013446807861328125,0.0205690860748291,True,0.046279191970825195,1.0,1.0,0.048793792724609375,1,1,0.1218111515045166,0.15659737586975098,top-1,1018,False,50,0.3542201519012451,0.25119471549987793,0.8687844276428223
multi_fine_490,multi_fine,full,corafull,19,-1,-1,False,0.0,[19],48,0.0,0.0,0.0,True,3.884833574295044,0.9791666666666666,1.0,3.915238618850708,2,2,3.923197031021118,3.9233458042144775,full,19793,False,50,0.3542201519012451,0.25119471549987793,0.8687844276428223
multi_fine_491,multi_fine,stitch,corafull,14,14,74,True,1.0,[14],40,0.005148172378540039,0.0001614093780517578,0.021725893020629883,True,0.04071831703186035,1.0,1.0,0.0422513484954834,1,1,0.10405158996582031,0.13764166831970215,top-1,968,False,50,0.3542201519012451,0.25119471549987793,0.8687844276428223
multi_fine_491,multi_fine,full,corafull,14,-1,-1,False,0.0,[14],40,0.0,0.0,0.0,True,3.5808722972869873,0.975,1.0,3.6143951416015625,2,2,3.6213817596435547,3.6214802265167236,full,19793,False,50,0.3542201519012451,0.25119471549987793,0.8687844276428223
multi_fine_492,multi_fine,stitch,corafull,3,3,16,True,1.0,[3],42,0.004733562469482422,0.00012946128845214844,0.01960277557373047,True,0.048993587493896484,0.8333333333333334,0.9047619047619048,0.05305671691894531,100,100,0.13652920722961426,0.16711187362670898,top-1,983,False,50,0.3542201519012451,0.25119471549987793,0.8687844276428223
multi_fine_492,multi_fine,full,corafull,3,-1,-1,False,0.0,[3],42,0.0,0.0,0.0,True,3.9855852127075195,0.7857142857142857,0.8809523809523809,4.004791736602783,100,100,4.033625841140747,4.033752202987671,full,19793,False,50,0.3542201519012451,0.25119471549987793,0.8687844276428223
multi_fine_493,multi_fine,stitch,corafull,17,17,85,True,1.0,[17],44,0.005298137664794922,0.00016236305236816406,0.021815061569213867,True,0.04606771469116211,1.0,1.0,0.04838871955871582,1,1,0.10914897918701172,0.14883041381835938,top-1,969,False,50,0.3542201519012451,0.25119471549987793,0.8687844276428223
multi_fine_493,multi_fine,full,corafull,17,-1,-1,False,0.0,[17],44,0.0,0.0,0.0,True,4.007112264633179,1.0,1.0,4.044318437576294,1,1,4.05220890045166,4.052359580993652,full,19793,False,50,0.3542201519012451,0.25119471549987793,0.8687844276428223
multi_fine_494,multi_fine,stitch,corafull,6,6,30,True,1.0,[6],41,0.005187034606933594,0.00019741058349609375,0.022573232650756836,True,0.056964874267578125,0.9512195121951219,1.0,0.0603175163269043,2,2,0.12933135032653809,0.17013788223266602,top-1,1018,False,50,0.3542201519012451,0.25119471549987793,0.8687844276428223
multi_fine_494,multi_fine,full,corafull,6,-1,-1,False,0.0,[6],41,0.0,0.0,0.0,True,4.096376895904541,0.9512195121951219,1.0,4.127161026000977,2,2,4.134810447692871,4.1349194049835205,full,19793,False,50,0.3542201519012451,0.25119471549987793,0.8687844276428223
multi_fine_495,multi_fine,stitch,corafull,16,16,83,True,1.0,[16],31,0.004727602005004883,0.0001404285430908203,0.02031850814819336,True,0.04225564002990723,1.0,1.0,0.04377126693725586,1,1,0.10664200782775879,0.13953495025634766,top-1,997,False,50,0.3542201519012451,0.25119471549987793,0.8687844276428223
multi_fine_495,multi_fine,full,corafull,16,-1,-1,False,0.0,[16],31,0.0,0.0,0.0,True,3.806110143661499,1.0,1.0,3.8381612300872803,1,1,3.843982696533203,3.8440825939178467,full,19793,False,50,0.3542201519012451,0.25119471549987793,0.8687844276428223
multi_fine_496,multi_fine,stitch,corafull,15,15,76,True,1.0,[15],42,0.004998445510864258,0.00014090538024902344,0.020022153854370117,True,0.043982744216918945,1.0,1.0,0.04575371742248535,1,1,0.11437153816223145,0.14719057083129883,top-1,1016,False,50,0.3542201519012451,0.25119471549987793,0.8687844276428223
multi_fine_496,multi_fine,full,corafull,15,-1,-1,False,0.0,[15],42,0.0,0.0,0.0,True,3.7723188400268555,1.0,1.0,3.808746814727783,1,1,3.8154823780059814,3.8155698776245117,full,19793,False,50,0.3542201519012451,0.25119471549987793,0.8687844276428223
multi_fine_497,multi_fine,stitch,corafull,18,18,92,True,1.0,[18],48,0.004863739013671875,0.00018858909606933594,0.02017498016357422,True,0.0484921932220459,1.0,1.0,0.050998687744140625,1,1,0.11585378646850586,0.14740562438964844,top-1,969,False,50,0.3542201519012451,0.25119471549987793,0.8687844276428223
multi_fine_497,multi_fine,full,corafull,18,-1,-1,False,0.0,[18],48,0.0,0.0,0.0,True,3.674567222595215,1.0,1.0,3.7057037353515625,1,1,3.7129523754119873,3.7130393981933594,full,19793,False,50,0.3542201519012451,0.25119471549987793,0.8687844276428223
multi_fine_498,multi_fine,stitch,corafull,11,11,55,True,1.0,[11],29,0.004983663558959961,0.00014281272888183594,0.02074122428894043,True,0.045042991638183594,1.0,1.0,0.04709768295288086,1,1,0.11117362976074219,0.14359211921691895,top-1,990,False,50,0.3542201519012451,0.25119471549987793,0.8687844276428223
multi_fine_498,multi_fine,full,corafull,11,-1,-1,False,0.0,[11],29,0.0,0.0,0.0,True,3.8791918754577637,1.0,1.0,3.916212558746338,1,1,3.9216530323028564,3.921787738800049,full,19793,False,50,0.3542201519012451,0.25119471549987793,0.8687844276428223
multi_fine_499,multi_fine,stitch,corafull,14,14,72,True,1.0,[14],30,0.005249977111816406,0.00016260147094726562,0.021210432052612305,True,0.05515623092651367,0.9333333333333333,1.0,0.05775880813598633,2,2,0.11760187149047852,0.15090250968933105,top-1,968,False,50,0.3542201519012451,0.25119471549987793,0.8687844276428223
multi_fine_499,multi_fine,full,corafull,14,-1,-1,False,0.0,[14],30,0.0,0.0,0.0,True,3.680818557739258,0.9333333333333333,1.0,3.7112255096435547,2,2,3.717114210128784,3.7172558307647705,full,19793,False,50,0.3542201519012451,0.25119471549987793,0.8687844276428223
multi_fine_500,multi_fine,stitch,corafull,19,19,95,True,1.0,[19],100,0.00498509407043457,0.00013875961303710938,0.020514965057373047,True,0.047873735427856445,1.0,1.0,0.04953479766845703,1,1,0.12148404121398926,0.15465068817138672,top-1,1018,False,100,0.3542201519012451,0.25119471549987793,0.8687844276428223
multi_fine_500,multi_fine,full,corafull,19,-1,-1,False,0.0,[19],100,0.0,0.0,0.0,True,3.793710231781006,1.0,1.0,3.8458266258239746,1,1,3.865401268005371,3.8655622005462646,full,19793,False,100,0.3542201519012451,0.25119471549987793,0.8687844276428223
multi_fine_501,multi_fine,stitch,corafull,1,1,7,True,1.0,[1],66,0.009005546569824219,0.0002124309539794922,0.023686647415161133,True,0.05581402778625488,1.0,1.0,0.05970120429992676,1,1,0.12509989738464355,0.16980671882629395,top-1,972,False,100,0.3542201519012451,0.25119471549987793,0.8687844276428223
multi_fine_501,multi_fine,full,corafull,1,-1,-1,False,0.0,[1],66,0.0,0.0,0.0,True,3.7034103870391846,1.0,1.0,3.7349905967712402,1,1,3.74672532081604,3.7468338012695312,full,19793,False,100,0.3542201519012451,0.25119471549987793,0.8687844276428223
multi_fine_502,multi_fine,stitch,corafull,10,10,54,True,1.0,[10],60,0.005384206771850586,0.00018310546875,0.021738767623901367,True,0.048641204833984375,1.0,1.0,0.05164980888366699,1,1,0.11803460121154785,0.15662002563476562,top-1,1016,False,100,0.3542201519012451,0.25119471549987793,0.8687844276428223
multi_fine_502,multi_fine,full,corafull,10,-1,-1,False,0.0,[10],60,0.0,0.0,0.0,True,3.845248222351074,1.0,1.0,3.8731629848480225,1,1,3.882762908935547,3.882883310317993,full,19793,False,100,0.3542201519012451,0.25119471549987793,0.8687844276428223
multi_fine_503,multi_fine,stitch,corafull,0,0,4,True,1.0,[0],66,0.005375385284423828,0.00016307830810546875,0.02048206329345703,True,0.054564476013183594,1.0,1.0,0.057790517807006836,1,1,0.12316346168518066,0.15681934356689453,top-1,998,False,100,0.3542201519012451,0.25119471549987793,0.8687844276428223
multi_fine_503,multi_fine,full,corafull,0,-1,-1,False,0.0,[0],66,0.0,0.0,0.0,True,3.7733547687530518,1.0,1.0,3.8099496364593506,1,1,3.8199679851531982,3.8200697898864746,full,19793,False,100,0.3542201519012451,0.25119471549987793,0.8687844276428223
multi_fine_504,multi_fine,stitch,corafull,4,4,20,True,1.0,[4],51,0.005126237869262695,0.00015592575073242188,0.02159714698791504,True,0.04679417610168457,1.0,1.0,0.05007147789001465,1,1,0.11741447448730469,0.16318917274475098,top-1,977,False,100,0.3542201519012451,0.25119471549987793,0.8687844276428223
multi_fine_504,multi_fine,full,corafull,4,-1,-1,False,0.0,[4],51,0.0,0.0,0.0,True,3.757805347442627,0.9803921568627451,1.0,3.792191982269287,2,2,3.800635814666748,3.8007473945617676,full,19793,False,100,0.3542201519012451,0.25119471549987793,0.8687844276428223
multi_fine_505,multi_fine,stitch,corafull,12,12,64,True,1.0,[12],82,0.005066871643066406,0.0001361370086669922,0.020211219787597656,True,0.04915976524353027,1.0,1.0,0.05196380615234375,1,1,0.121185302734375,0.15313959121704102,top-1,966,False,100,0.3542201519012451,0.25119471549987793,0.8687844276428223
multi_fine_505,multi_fine,full,corafull,12,-1,-1,False,0.0,[12],82,0.0,0.0,0.0,True,4.007987976074219,1.0,1.0,4.051589488983154,1,1,4.063563585281372,4.063705205917358,full,19793,False,100,0.3542201519012451,0.25119471549987793,0.8687844276428223
multi_fine_506,multi_fine,stitch,corafull,0,0,3,True,1.0,[0],64,0.005262136459350586,0.00017309188842773438,0.023570775985717773,True,0.05291891098022461,1.0,1.0,0.057566165924072266,1,1,0.12619519233703613,0.1629025936126709,top-1,998,False,100,0.3542201519012451,0.25119471549987793,0.8687844276428223
multi_fine_506,multi_fine,full,corafull,0,-1,-1,False,0.0,[0],64,0.0,0.0,0.0,True,3.8720383644104004,1.0,1.0,3.922776699066162,1,1,3.93284273147583,3.932969331741333,full,19793,False,100,0.3542201519012451,0.25119471549987793,0.8687844276428223
multi_fine_507,multi_fine,stitch,corafull,6,6,33,True,1.0,[6],84,0.005751609802246094,0.00016045570373535156,0.021791696548461914,True,0.048969268798828125,1.0,1.0,0.051128387451171875,1,1,0.12508511543273926,0.1610105037689209,top-1,1018,False,100,0.3542201519012451,0.25119471549987793,0.8687844276428223
multi_fine_507,multi_fine,full,corafull,6,-1,-1,False,0.0,[6],84,0.0,0.0,0.0,True,3.6324195861816406,1.0,1.0,3.6667568683624268,1,1,3.679126262664795,3.679260015487671,full,19793,False,100,0.3542201519012451,0.25119471549987793,0.8687844276428223
multi_fine_508,multi_fine,stitch,corafull,13,13,69,True,1.0,[13],65,0.005256175994873047,0.00014734268188476562,0.021786928176879883,True,0.04761767387390137,1.0,1.0,0.05007815361022949,1,1,0.12130331993103027,0.1562976837158203,top-1,1017,False,100,0.3542201519012451,0.25119471549987793,0.8687844276428223
multi_fine_508,multi_fine,full,corafull,13,-1,-1,False,0.0,[13],65,0.0,0.0,0.0,True,3.56899356842041,1.0,1.0,3.5997579097747803,1,1,3.6092519760131836,3.609384536743164,full,19793,False,100,0.3542201519012451,0.25119471549987793,0.8687844276428223
multi_fine_509,multi_fine,stitch,corafull,4,4,24,True,1.0,[4],51,0.005133628845214844,0.0001366138458251953,0.020774126052856445,True,0.04532742500305176,1.0,1.0,0.04774785041809082,1,1,0.10915613174438477,0.14671993255615234,top-1,977,False,100,0.3542201519012451,0.25119471549987793,0.8687844276428223
multi_fine_509,multi_fine,full,corafull,4,-1,-1,False,0.0,[4],51,0.0,0.0,0.0,True,3.562598705291748,1.0,1.0,3.5934104919433594,1,1,3.601186752319336,3.6012701988220215,full,19793,False,100,0.3542201519012451,0.25119471549987793,0.8687844276428223
multi_fine_510,multi_fine,stitch,corafull,5,5,29,True,1.0,[5],87,0.005011796951293945,0.00013685226440429688,0.020621061325073242,True,0.04402780532836914,1.0,1.0,0.045794010162353516,1,1,0.11258268356323242,0.1442112922668457,top-1,970,False,100,0.3542201519012451,0.25119471549987793,0.8687844276428223
multi_fine_510,multi_fine,full,corafull,5,-1,-1,False,0.0,[5],87,0.0,0.0,0.0,True,3.708519697189331,1.0,1.0,3.741189479827881,1,1,3.7525455951690674,3.7526681423187256,full,19793,False,100,0.3542201519012451,0.25119471549987793,0.8687844276428223
multi_fine_511,multi_fine,stitch,corafull,1,1,5,True,1.0,[1],54,0.004944324493408203,0.00013113021850585938,0.020653247833251953,True,0.04512810707092285,1.0,1.0,0.04744768142700195,1,1,0.10607171058654785,0.13683748245239258,top-1,972,False,100,0.3542201519012451,0.25119471549987793,0.8687844276428223
multi_fine_511,multi_fine,full,corafull,1,-1,-1,False,0.0,[1],54,0.0,0.0,0.0,True,3.6968486309051514,1.0,1.0,3.724060297012329,1,1,3.731605291366577,3.7316975593566895,full,19793,False,100,0.3542201519012451,0.25119471549987793,0.8687844276428223
multi_fine_512,multi_fine,stitch,corafull,8,8,42,True,1.0,[8],59,0.004909992218017578,0.00012874603271484375,0.02013254165649414,True,0.041914939880371094,0.864406779661017,0.9322033898305084,0.04493141174316406,100,100,0.13606619834899902,0.16824054718017578,top-1,999,False,100,0.3542201519012451,0.25119471549987793,0.8687844276428223
multi_fine_512,multi_fine,full,corafull,8,-1,-1,False,0.0,[8],59,0.0,0.0,0.0,True,3.4359641075134277,0.864406779661017,0.9322033898305084,3.454709768295288,100,100,3.4916462898254395,3.491726875305176,full,19793,False,100,0.3542201519012451,0.25119471549987793,0.8687844276428223
multi_fine_513,multi_fine,stitch,corafull,17,17,85,True,1.0,[17],62,0.004835367202758789,0.00014710426330566406,0.02009749412536621,True,0.04137873649597168,0.9354838709677419,1.0,0.0428009033203125,12,12,0.10517358779907227,0.1358952522277832,top-1,969,False,100,0.3542201519012451,0.25119471549987793,0.8687844276428223
multi_fine_513,multi_fine,full,corafull,17,-1,-1,False,0.0,[17],62,0.0,0.0,0.0,True,3.5007026195526123,0.9354838709677419,1.0,3.530587911605835,12,12,3.542452335357666,3.542532444000244,full,19793,False,100,0.3542201519012451,0.25119471549987793,0.8687844276428223
multi_fine_514,multi_fine,stitch,corafull,2,2,14,True,1.0,[2],63,0.005061149597167969,0.00013446807861328125,0.02563762664794922,True,0.04341602325439453,1.0,1.0,0.04580569267272949,1,1,0.10848712921142578,0.1427595615386963,top-1,962,False,100,0.3542201519012451,0.25119471549987793,0.8687844276428223
multi_fine_514,multi_fine,full,corafull,2,-1,-1,False,0.0,[2],63,0.0,0.0,0.0,True,3.4996156692504883,1.0,1.0,3.528153419494629,1,1,3.5367443561553955,3.53682804107666,full,19793,False,100,0.3542201519012451,0.25119471549987793,0.8687844276428223
multi_fine_515,multi_fine,stitch,corafull,0,0,2,True,1.0,[0],94,0.005647897720336914,0.00016760826110839844,0.021381855010986328,True,0.04833674430847168,1.0,1.0,0.05067873001098633,1,1,0.1175224781036377,0.15250253677368164,top-1,998,False,100,0.3542201519012451,0.25119471549987793,0.8687844276428223
multi_fine_515,multi_fine,full,corafull,0,-1,-1,False,0.0,[0],94,0.0,0.0,0.0,True,3.6253139972686768,1.0,1.0,3.6580288410186768,1,1,3.6704628467559814,3.67055606842041,full,19793,False,100,0.3542201519012451,0.25119471549987793,0.8687844276428223
multi_fine_516,multi_fine,stitch,corafull,1,1,9,True,1.0,[1],74,0.004973173141479492,0.00015020370483398438,0.020659923553466797,True,0.045495033264160156,1.0,1.0,0.04759359359741211,1,1,0.11249685287475586,0.14941072463989258,top-1,972,False,100,0.3542201519012451,0.25119471549987793,0.8687844276428223
multi_fine_516,multi_fine,full,corafull,1,-1,-1,False,0.0,[1],74,0.0,0.0,0.0,True,3.535167694091797,1.0,1.0,3.56807017326355,1,1,3.578615188598633,3.5787253379821777,full,19793,False,100,0.3542201519012451,0.25119471549987793,0.8687844276428223
multi_fine_517,multi_fine,stitch,corafull,15,15,79,True,1.0,[15],52,0.005031585693359375,0.0001633167266845703,0.020489931106567383,True,0.045114994049072266,1.0,1.0,0.04762840270996094,1,1,0.11005306243896484,0.1429445743560791,top-1,1016,False,100,0.3542201519012451,0.25119471549987793,0.8687844276428223
multi_fine_517,multi_fine,full,corafull,15,-1,-1,False,0.0,[15],52,0.0,0.0,0.0,True,3.6531741619110107,1.0,1.0,3.681962251663208,1,1,3.6899445056915283,3.6900367736816406,full,19793,False,100,0.3542201519012451,0.25119471549987793,0.8687844276428223
multi_fine_518,multi_fine,stitch,corafull,11,11,55,True,1.0,[11],52,0.00480341911315918,0.00014352798461914062,0.020214319229125977,True,0.04553580284118652,1.0,1.0,0.04741787910461426,1,1,0.10712909698486328,0.13849401473999023,top-1,990,False,100,0.3542201519012451,0.25119471549987793,0.8687844276428223
multi_fine_518,multi_fine,full,corafull,11,-1,-1,False,0.0,[11],52,0.0,0.0,0.0,True,3.716245412826538,1.0,1.0,3.744617223739624,1,1,3.7527079582214355,3.7528645992279053,full,19793,False,100,0.3542201519012451,0.25119471549987793,0.8687844276428223
multi_fine_519,multi_fine,stitch,corafull,14,14,74,True,1.0,[14],61,0.004942893981933594,0.0001361370086669922,0.02017807960510254,True,0.04185891151428223,1.0,1.0,0.04335737228393555,1,1,0.10796380043029785,0.13898658752441406,top-1,968,False,100,0.3542201519012451,0.25119471549987793,0.8687844276428223
multi_fine_519,multi_fine,full,corafull,14,-1,-1,False,0.0,[14],61,0.0,0.0,0.0,True,3.7127420902252197,1.0,1.0,3.739654302597046,1,1,3.7485203742980957,3.748612403869629,full,19793,False,100,0.3542201519012451,0.25119471549987793,0.8687844276428223
multi_fine_520,multi_fine,stitch,corafull,9,9,49,True,1.0,[9],100,0.00506901741027832,0.00013208389282226562,0.020596027374267578,True,0.04778265953063965,1.0,1.0,0.049533843994140625,1,1,0.11985564231872559,0.15289831161499023,top-1,1019,False,100,0.3542201519012451,0.25119471549987793,0.8687844276428223
multi_fine_520,multi_fine,full,corafull,9,-1,-1,False,0.0,[9],100,0.0,0.0,0.0,True,3.5494446754455566,1.0,1.0,3.5778968334198,1,1,3.5909578800201416,3.591080904006958,full,19793,False,100,0.3542201519012451,0.25119471549987793,0.8687844276428223
multi_fine_521,multi_fine,stitch,corafull,1,1,7,True,1.0,[1],84,0.004878997802734375,0.00013113021850585938,0.019911766052246094,True,0.040882110595703125,1.0,1.0,0.04244494438171387,1,1,0.10822582244873047,0.13870692253112793,top-1,972,False,100,0.3542201519012451,0.25119471549987793,0.8687844276428223
multi_fine_521,multi_fine,full,corafull,1,-1,-1,False,0.0,[1],84,0.0,0.0,0.0,True,3.7352852821350098,1.0,1.0,3.7667081356048584,1,1,3.778224468231201,3.778374433517456,full,19793,False,100,0.3542201519012451,0.25119471549987793,0.8687844276428223
multi_fine_522,multi_fine,stitch,corafull,13,13,65,True,1.0,[13],79,0.005057573318481445,0.000148773193359375,0.02094268798828125,True,0.048471927642822266,1.0,1.0,0.05128955841064453,1,1,0.11826825141906738,0.15267109870910645,top-1,1017,False,100,0.3542201519012451,0.25119471549987793,0.8687844276428223
multi_fine_522,multi_fine,full,corafull,13,-1,-1,False,0.0,[13],79,0.0,0.0,0.0,True,3.7100608348846436,1.0,1.0,3.7413177490234375,1,1,3.7518670558929443,3.7519893646240234,full,19793,False,100,0.3542201519012451,0.25119471549987793,0.8687844276428223
multi_fine_523,multi_fine,stitch,corafull,0,0,2,True,1.0,[0],97,0.005404949188232422,0.00017142295837402344,0.019948959350585938,True,0.047158241271972656,1.0,1.0,0.04979658126831055,1,1,0.11955380439758301,0.15188026428222656,top-1,998,False,100,0.3542201519012451,0.25119471549987793,0.8687844276428223
multi_fine_523,multi_fine,full,corafull,0,-1,-1,False,0.0,[0],97,0.0,0.0,0.0,True,3.707329511642456,1.0,1.0,3.7480084896087646,1,1,3.761597156524658,3.761711359024048,full,19793,False,100,0.3542201519012451,0.25119471549987793,0.8687844276428223
multi_fine_524,multi_fine,stitch,corafull,11,11,55,True,1.0,[11],53,0.005906343460083008,0.00030875205993652344,0.023973703384399414,True,0.05065441131591797,1.0,1.0,0.054270267486572266,1,1,0.12603163719177246,0.16447734832763672,top-1,990,False,100,0.3542201519012451,0.25119471549987793,0.8687844276428223
multi_fine_524,multi_fine,full,corafull,11,-1,-1,False,0.0,[11],53,0.0,0.0,0.0,True,3.842313766479492,1.0,1.0,3.8706722259521484,1,1,3.8795201778411865,3.8796603679656982,full,19793,False,100,0.3542201519012451,0.25119471549987793,0.8687844276428223
multi_fine_525,multi_fine,stitch,corafull,14,14,72,True,1.0,[14],71,0.005783796310424805,0.00017523765563964844,0.02158379554748535,True,0.044997453689575195,0.971830985915493,1.0,0.04748272895812988,6,6,0.11413240432739258,0.14964962005615234,top-1,968,False,100,0.3542201519012451,0.25119471549987793,0.8687844276428223
multi_fine_525,multi_fine,full,corafull,14,-1,-1,False,0.0,[14],71,0.0,0.0,0.0,True,3.7794737815856934,0.971830985915493,1.0,3.814563274383545,6,6,3.827282428741455,3.827436685562134,full,19793,False,100,0.3542201519012451,0.25119471549987793,0.8687844276428223
multi_fine_526,multi_fine,stitch,corafull,6,6,32,True,1.0,[6],88,0.005358219146728516,0.00014972686767578125,0.021440744400024414,True,0.06219077110290527,1.0,1.0,0.06598925590515137,1,1,0.14431047439575195,0.1796877384185791,top-1,1018,False,100,0.3542201519012451,0.25119471549987793,0.8687844276428223
multi_fine_526,multi_fine,full,corafull,6,-1,-1,False,0.0,[6],88,0.0,0.0,0.0,True,3.8226113319396973,1.0,1.0,3.850947141647339,1,1,3.8632495403289795,3.8633790016174316,full,19793,False,100,0.3542201519012451,0.25119471549987793,0.8687844276428223
multi_fine_527,multi_fine,stitch,corafull,0,0,2,True,1.0,[0],66,0.00513148307800293,0.00013875961303710938,0.020283222198486328,True,0.045188188552856445,1.0,1.0,0.047464609146118164,1,1,0.11117029190063477,0.14389276504516602,top-1,998,False,100,0.3542201519012451,0.25119471549987793,0.8687844276428223
multi_fine_527,multi_fine,full,corafull,0,-1,-1,False,0.0,[0],66,0.0,0.0,0.0,True,3.5836024284362793,1.0,1.0,3.6133463382720947,1,1,3.6225404739379883,3.6226468086242676,full,19793,False,100,0.3542201519012451,0.25119471549987793,0.8687844276428223
multi_fine_528,multi_fine,stitch,corafull,7,7,37,True,1.0,[7],61,0.004859209060668945,0.00014901161193847656,0.01988816261291504,True,0.046674489974975586,0.9836065573770492,1.0,0.04950284957885742,2,2,0.11451196670532227,0.14575600624084473,top-1,969,False,100,0.3542201519012451,0.25119471549987793,0.8687844276428223
multi_fine_528,multi_fine,full,corafull,7,-1,-1,False,0.0,[7],61,0.0,0.0,0.0,True,3.6458547115325928,0.9836065573770492,1.0,3.681980609893799,2,2,3.6912033557891846,3.691290855407715,full,19793,False,100,0.3542201519012451,0.25119471549987793,0.8687844276428223
multi_fine_529,multi_fine,stitch,corafull,0,0,1,True,1.0,[0],99,0.005857706069946289,0.00013446807861328125,0.021338462829589844,True,0.05379748344421387,1.0,1.0,0.056478023529052734,1,1,0.12643098831176758,0.16200566291809082,top-1,998,False,100,0.3542201519012451,0.25119471549987793,0.8687844276428223
multi_fine_529,multi_fine,full,corafull,0,-1,-1,False,0.0,[0],99,0.0,0.0,0.0,True,4.073080062866211,1.0,1.0,4.10519552230835,1,1,4.118474245071411,4.118642330169678,full,19793,False,100,0.3542201519012451,0.25119471549987793,0.8687844276428223
multi_fine_530,multi_fine,stitch,corafull,1,1,7,True,1.0,[1],68,0.005500078201293945,0.00015664100646972656,0.02173781394958496,True,0.04558396339416504,1.0,1.0,0.048061370849609375,1,1,0.11144137382507324,0.1444718837738037,top-1,972,False,100,0.3542201519012451,0.25119471549987793,0.8687844276428223
multi_fine_530,multi_fine,full,corafull,1,-1,-1,False,0.0,[1],68,0.0,0.0,0.0,True,3.850507974624634,1.0,1.0,3.8857791423797607,1,1,3.8960139751434326,3.8961117267608643,full,19793,False,100,0.3542201519012451,0.25119471549987793,0.8687844276428223
multi_fine_531,multi_fine,stitch,corafull,11,11,55,True,1.0,[11],69,0.004975318908691406,0.00016427040100097656,0.02026844024658203,True,0.043111562728881836,1.0,1.0,0.044976234436035156,1,1,0.10937952995300293,0.1473398208618164,top-1,990,False,100,0.3542201519012451,0.25119471549987793,0.8687844276428223
multi_fine_531,multi_fine,full,corafull,11,-1,-1,False,0.0,[11],69,0.0,0.0,0.0,True,3.855313301086426,1.0,1.0,3.885387897491455,1,1,3.8954172134399414,3.8955187797546387,full,19793,False,100,0.3542201519012451,0.25119471549987793,0.8687844276428223
multi_fine_532,multi_fine,stitch,corafull,0,0,1,True,1.0,[0],92,0.005125999450683594,0.00013899803161621094,0.02260875701904297,True,0.048269033432006836,1.0,1.0,0.05069470405578613,1,1,0.12197208404541016,0.15635299682617188,top-1,998,False,100,0.3542201519012451,0.25119471549987793,0.8687844276428223
multi_fine_532,multi_fine,full,corafull,0,-1,-1,False,0.0,[0],92,0.0,0.0,0.0,True,3.8249757289886475,1.0,1.0,3.8552310466766357,1,1,3.8682894706726074,3.868425130844116,full,19793,False,100,0.3542201519012451,0.25119471549987793,0.8687844276428223
multi_fine_533,multi_fine,stitch,corafull,12,12,63,True,1.0,[12],71,0.005539655685424805,0.00015878677368164062,0.021195411682128906,True,0.04361867904663086,1.0,1.0,0.04560112953186035,1,1,0.11259198188781738,0.14684844017028809,top-1,966,False,100,0.3542201519012451,0.25119471549987793,0.8687844276428223
multi_fine_533,multi_fine,full,corafull,12,-1,-1,False,0.0,[12],71,0.0,0.0,0.0,True,3.739156484603882,1.0,1.0,3.7708802223205566,1,1,3.78110671043396,3.781222105026245,full,19793,False,100,0.3542201519012451,0.25119471549987793,0.8687844276428223
multi_fine_534,multi_fine,stitch,corafull,9,9,45,True,1.0,[9],76,0.005083560943603516,0.00017333030700683594,0.020361661911010742,True,0.04811453819274902,1.0,1.0,0.05015230178833008,1,1,0.12653017044067383,0.16086602210998535,top-1,1019,False,100,0.3542201519012451,0.25119471549987793,0.8687844276428223
multi_fine_534,multi_fine,full,corafull,9,-1,-1,False,0.0,[9],76,0.0,0.0,0.0,True,3.6285252571105957,1.0,1.0,3.662067413330078,1,1,3.672860860824585,3.6729862689971924,full,19793,False,100,0.3542201519012451,0.25119471549987793,0.8687844276428223
multi_fine_535,multi_fine,stitch,corafull,17,17,89,True,1.0,[17],79,0.00501704216003418,0.00013589859008789062,0.020699501037597656,True,0.04636073112487793,0.9873417721518988,1.0,0.04858803749084473,2,2,0.1146230697631836,0.14652228355407715,top-1,969,False,100,0.3542201519012451,0.25119471549987793,0.8687844276428223
multi_fine_535,multi_fine,full,corafull,17,-1,-1,False,0.0,[17],79,0.0,0.0,0.0,True,3.6861953735351562,0.9746835443037974,1.0,3.7169814109802246,4,4,3.7296993732452393,3.7297940254211426,full,19793,False,100,0.3542201519012451,0.25119471549987793,0.8687844276428223
multi_fine_536,multi_fine,stitch,corafull,0,0,2,True,1.0,[0],77,0.005167961120605469,0.0001723766326904297,0.02161240577697754,True,0.047257423400878906,1.0,1.0,0.049685001373291016,1,1,0.11799860000610352,0.15154099464416504,top-1,998,False,100,0.3542201519012451,0.25119471549987793,0.8687844276428223
multi_fine_536,multi_fine,full,corafull,0,-1,-1,False,0.0,[0],77,0.0,0.0,0.0,True,3.718336582183838,1.0,1.0,3.7465546131134033,1,1,3.758057117462158,3.7581992149353027,full,19793,False,100,0.3542201519012451,0.25119471549987793,0.8687844276428223
multi_fine_537,multi_fine,stitch,corafull,8,8,42,True,1.0,[8],55,0.00511932373046875,0.00014162063598632812,0.02060389518737793,True,0.04997849464416504,0.9636363636363636,1.0,0.053537607192993164,6,6,0.12343096733093262,0.1619877815246582,top-1,999,False,100,0.3542201519012451,0.25119471549987793,0.8687844276428223
multi_fine_537,multi_fine,full,corafull,8,-1,-1,False,0.0,[8],55,0.0,0.0,0.0,True,3.5868680477142334,0.9636363636363636,1.0,3.619015693664551,6,6,3.6293723583221436,3.629530668258667,full,19793,False,100,0.3542201519012451,0.25119471549987793,0.8687844276428223
multi_fine_538,multi_fine,stitch,corafull,4,4,24,True,1.0,[4],71,0.005139350891113281,0.0001361370086669922,0.022409915924072266,True,0.04774641990661621,1.0,1.0,0.0501399040222168,1,1,0.11800312995910645,0.15155029296875,top-1,977,False,100,0.3542201519012451,0.25119471549987793,0.8687844276428223
multi_fine_538,multi_fine,full,corafull,4,-1,-1,False,0.0,[4],71,0.0,0.0,0.0,True,3.519387722015381,0.9859154929577465,1.0,3.5494959354400635,4,4,3.5608198642730713,3.560948371887207,full,19793,False,100,0.3542201519012451,0.25119471549987793,0.8687844276428223
multi_fine_539,multi_fine,stitch,corafull,14,14,73,True,1.0,[14],58,0.005198240280151367,0.00016379356384277344,0.021911144256591797,True,0.04752302169799805,1.0,1.0,0.05027651786804199,1,1,0.11654877662658691,0.1509406566619873,top-1,968,False,100,0.3542201519012451,0.25119471549987793,0.8687844276428223
multi_fine_539,multi_fine,full,corafull,14,-1,-1,False,0.0,[14],58,0.0,0.0,0.0,True,3.5495450496673584,1.0,1.0,3.5823581218719482,1,1,3.5912864208221436,3.5913760662078857,full,19793,False,100,0.3542201519012451,0.25119471549987793,0.8687844276428223
multi_fine_540,multi_fine,stitch,corafull,3,3,18,True,1.0,[3],84,0.005085945129394531,0.000133514404296875,0.020348310470581055,True,0.04561877250671387,0.9285714285714286,0.9642857142857143,0.05007147789001465,100,100,0.1585700511932373,0.19340729713439941,top-1,983,False,100,0.3542201519012451,0.25119471549987793,0.8687844276428223
multi_fine_540,multi_fine,full,corafull,3,-1,-1,False,0.0,[3],84,0.0,0.0,0.0,True,3.6001064777374268,0.9047619047619048,0.9523809523809523,3.620927572250366,100,100,3.6741585731506348,3.674243450164795,full,19793,False,100,0.3542201519012451,0.25119471549987793,0.8687844276428223
multi_fine_541,multi_fine,stitch,corafull,19,19,99,True,1.0,[19],73,0.00496673583984375,0.00013637542724609375,0.02018594741821289,True,0.043752431869506836,0.9315068493150684,0.9726027397260274,0.04787874221801758,100,100,0.15263652801513672,0.18530869483947754,top-1,1018,False,100,0.3542201519012451,0.25119471549987793,0.8687844276428223
multi_fine_541,multi_fine,full,corafull,19,-1,-1,False,0.0,[19],73,0.0,0.0,0.0,True,3.505708932876587,0.9315068493150684,0.9726027397260274,3.5244383811950684,100,100,3.5714495182037354,3.5715394020080566,full,19793,False,100,0.3542201519012451,0.25119471549987793,0.8687844276428223
multi_fine_542,multi_fine,stitch,corafull,13,13,69,True,1.0,[13],67,0.005393028259277344,0.0001583099365234375,0.020613908767700195,True,0.0483095645904541,1.0,1.0,0.05141186714172363,1,1,0.12196207046508789,0.1552290916442871,top-1,1017,False,100,0.3542201519012451,0.25119471549987793,0.8687844276428223
multi_fine_542,multi_fine,full,corafull,13,-1,-1,False,0.0,[13],67,0.0,0.0,0.0,True,3.5864288806915283,1.0,1.0,3.6118197441101074,1,1,3.621530294418335,3.6216726303100586,full,19793,False,100,0.3542201519012451,0.25119471549987793,0.8687844276428223
multi_fine_543,multi_fine,stitch,corafull,4,4,21,True,1.0,[4],66,0.0052623748779296875,0.00020766258239746094,0.0214996337890625,True,0.04367184638977051,1.0,1.0,0.0451047420501709,1,1,0.11014175415039062,0.14344477653503418,top-1,977,False,100,0.3542201519012451,0.25119471549987793,0.8687844276428223
multi_fine_543,multi_fine,full,corafull,4,-1,-1,False,0.0,[4],66,0.0,0.0,0.0,True,3.696017026901245,0.9848484848484849,1.0,3.7287635803222656,4,4,3.73927903175354,3.7393763065338135,full,19793,False,100,0.3542201519012451,0.25119471549987793,0.8687844276428223
multi_fine_544,multi_fine,stitch,corafull,3,3,16,True,1.0,[3],94,0.004935741424560547,0.0001461505889892578,0.020331621170043945,True,0.04433107376098633,0.9893617021276596,1.0,0.04620170593261719,2,2,0.11823630332946777,0.1582803726196289,top-1,983,False,100,0.3542201519012451,0.25119471549987793,0.8687844276428223
multi_fine_544,multi_fine,full,corafull,3,-1,-1,False,0.0,[3],94,0.0,0.0,0.0,True,3.498685598373413,0.9893617021276596,1.0,3.525965929031372,2,2,3.5393800735473633,3.5395166873931885,full,19793,False,100,0.3542201519012451,0.25119471549987793,0.8687844276428223
multi_fine_545,multi_fine,stitch,corafull,12,12,64,True,1.0,[12],70,0.004897356033325195,0.00016164779663085938,0.020821809768676758,True,0.04127931594848633,1.0,1.0,0.04291224479675293,2,2,0.10554814338684082,0.13701820373535156,top-1,966,False,100,0.3542201519012451,0.25119471549987793,0.8687844276428223
multi_fine_545,multi_fine,full,corafull,12,-1,-1,False,0.0,[12],70,0.0,0.0,0.0,True,3.506471633911133,0.9857142857142858,1.0,3.5394413471221924,2,2,3.5496761798858643,3.549762725830078,full,19793,False,100,0.3542201519012451,0.25119471549987793,0.8687844276428223
multi_fine_546,multi_fine,stitch,corafull,1,1,9,True,1.0,[1],50,0.004920005798339844,0.00014543533325195312,0.020868778228759766,True,0.03951621055603027,1.0,1.0,0.04110288619995117,1,1,0.10321760177612305,0.13566303253173828,top-1,972,False,100,0.3542201519012451,0.25119471549987793,0.8687844276428223
multi_fine_546,multi_fine,full,corafull,1,-1,-1,False,0.0,[1],50,0.0,0.0,0.0,True,3.4701459407806396,1.0,1.0,3.500720977783203,1,1,3.508729934692383,3.5088722705841064,full,19793,False,100,0.3542201519012451,0.25119471549987793,0.8687844276428223
multi_fine_547,multi_fine,stitch,corafull,15,15,77,True,1.0,[15],79,0.0049648284912109375,0.0001277923583984375,0.020485639572143555,True,0.043564796447753906,1.0,1.0,0.04570722579956055,1,1,0.12001323699951172,0.15246152877807617,top-1,1016,False,100,0.3542201519012451,0.25119471549987793,0.8687844276428223
multi_fine_547,multi_fine,full,corafull,15,-1,-1,False,0.0,[15],79,0.0,0.0,0.0,True,3.5310416221618652,1.0,1.0,3.5599842071533203,1,1,3.5710208415985107,3.5711493492126465,full,19793,False,100,0.3542201519012451,0.25119471549987793,0.8687844276428223
multi_fine_548,multi_fine,stitch,corafull,5,5,25,True,1.0,[5],88,0.004910707473754883,0.0001304149627685547,0.01987004280090332,True,0.04205179214477539,1.0,1.0,0.04364442825317383,1,1,0.11095857620239258,0.141357421875,top-1,970,False,100,0.3542201519012451,0.25119471549987793,0.8687844276428223
multi_fine_548,multi_fine,full,corafull,5,-1,-1,False,0.0,[5],88,0.0,0.0,0.0,True,3.5245120525360107,1.0,1.0,3.55745792388916,1,1,3.569798231124878,3.569894552230835,full,19793,False,100,0.3542201519012451,0.25119471549987793,0.8687844276428223
multi_fine_549,multi_fine,stitch,corafull,11,11,57,True,1.0,[11],56,0.004832029342651367,0.0001289844512939453,0.02004075050354004,True,0.04377388954162598,1.0,1.0,0.045851707458496094,1,1,0.10848689079284668,0.1386737823486328,top-1,990,False,100,0.3542201519012451,0.25119471549987793,0.8687844276428223
multi_fine_549,multi_fine,full,corafull,11,-1,-1,False,0.0,[11],56,0.0,0.0,0.0,True,3.7072975635528564,1.0,1.0,3.7420923709869385,1,1,3.7508676052093506,3.7509584426879883,full,19793,False,100,0.3542201519012451,0.25119471549987793,0.8687844276428223
multi_fine_550,multi_fine,stitch,corafull,5,5,29,True,1.0,[5],72,0.004868507385253906,0.0001461505889892578,0.020439624786376953,True,0.04645681381225586,1.0,1.0,0.04852461814880371,1,1,0.11283707618713379,0.14458155632019043,top-1,970,False,100,0.3542201519012451,0.25119471549987793,0.8687844276428223
multi_fine_550,multi_fine,full,corafull,5,-1,-1,False,0.0,[5],72,0.0,0.0,0.0,True,3.63560152053833,1.0,1.0,3.6694533824920654,2,2,3.6798388957977295,3.67999005317688,full,19793,False,100,0.3542201519012451,0.25119471549987793,0.8687844276428223
multi_fine_551,multi_fine,stitch,corafull,13,13,68,True,1.0,[13],99,0.004994392395019531,0.0001347064971923828,0.020250320434570312,True,0.04619336128234863,1.0,1.0,0.048319101333618164,1,1,0.11513638496398926,0.14732027053833008,top-1,1017,False,100,0.3542201519012451,0.25119471549987793,0.8687844276428223
multi_fine_551,multi_fine,full,corafull,13,-1,-1,False,0.0,[13],99,0.0,0.0,0.0,True,3.637833833694458,1.0,1.0,3.667518377304077,1,1,3.6809730529785156,3.6811163425445557,full,19793,False,100,0.3542201519012451,0.25119471549987793,0.8687844276428223
multi_fine_552,multi_fine,stitch,corafull,14,14,70,True,1.0,[14],56,0.004871845245361328,0.0001289844512939453,0.02049422264099121,True,0.043437957763671875,1.0,1.0,0.045537471771240234,1,1,0.10835599899291992,0.13934540748596191,top-1,968,False,100,0.3542201519012451,0.25119471549987793,0.8687844276428223
multi_fine_552,multi_fine,full,corafull,14,-1,-1,False,0.0,[14],56,0.0,0.0,0.0,True,3.5764544010162354,1.0,1.0,3.60868239402771,1,1,3.6167070865631104,3.616844415664673,full,19793,False,100,0.3542201519012451,0.25119471549987793,0.8687844276428223
multi_fine_553,multi_fine,stitch,corafull,14,14,74,True,1.0,[14],72,0.006083488464355469,0.0001480579376220703,0.021185636520385742,True,0.042946577072143555,1.0,1.0,0.0447845458984375,1,1,0.11061978340148926,0.14449763298034668,top-1,968,False,100,0.3542201519012451,0.25119471549987793,0.8687844276428223
multi_fine_553,multi_fine,full,corafull,14,-1,-1,False,0.0,[14],72,0.0,0.0,0.0,True,3.554069995880127,1.0,1.0,3.582144260406494,1,1,3.5923924446105957,3.5925166606903076,full,19793,False,100,0.3542201519012451,0.25119471549987793,0.8687844276428223
multi_fine_554,multi_fine,stitch,corafull,6,6,34,True,1.0,[6],94,0.005088090896606445,0.00014066696166992188,0.022205829620361328,True,0.04899430274963379,0.9574468085106383,1.0,0.05237126350402832,12,12,0.12801384925842285,0.16330313682556152,top-1,1018,False,100,0.3542201519012451,0.25119471549987793,0.8687844276428223
multi_fine_554,multi_fine,full,corafull,6,-1,-1,False,0.0,[6],94,0.0,0.0,0.0,True,3.5279324054718018,0.9574468085106383,1.0,3.562260150909424,12,12,3.580156087875366,3.580291748046875,full,19793,False,100,0.3542201519012451,0.25119471549987793,0.8687844276428223
multi_fine_555,multi_fine,stitch,corafull,9,9,49,True,1.0,[9],55,0.005369424819946289,0.00022363662719726562,0.021456003189086914,True,0.04564714431762695,1.0,1.0,0.04719734191894531,1,1,0.11539387702941895,0.14981651306152344,top-1,1019,False,100,0.3542201519012451,0.25119471549987793,0.8687844276428223
multi_fine_555,multi_fine,full,corafull,9,-1,-1,False,0.0,[9],55,0.0,0.0,0.0,True,3.8433990478515625,1.0,1.0,3.8872106075286865,1,1,3.895395517349243,3.8955209255218506,full,19793,False,100,0.3542201519012451,0.25119471549987793,0.8687844276428223
multi_fine_556,multi_fine,stitch,corafull,17,17,85,True,1.0,[17],72,0.006410121917724609,0.00022411346435546875,0.027558326721191406,True,0.048293113708496094,0.9722222222222222,1.0,0.050345420837402344,2,2,0.11915731430053711,0.1618499755859375,top-1,969,False,100,0.3542201519012451,0.25119471549987793,0.8687844276428223
multi_fine_556,multi_fine,full,corafull,17,-1,-1,False,0.0,[17],72,0.0,0.0,0.0,True,3.6507508754730225,0.9722222222222222,1.0,3.683884382247925,2,2,3.6946921348571777,3.6948113441467285,full,19793,False,100,0.3542201519012451,0.25119471549987793,0.8687844276428223
multi_fine_557,multi_fine,stitch,corafull,2,2,12,True,1.0,[2],80,0.005705595016479492,0.00016689300537109375,0.02112293243408203,True,0.04522967338562012,0.9875,1.0,0.047261714935302734,2,2,0.11475968360900879,0.14505529403686523,top-1,962,False,100,0.3542201519012451,0.25119471549987793,0.8687844276428223
multi_fine_557,multi_fine,full,corafull,2,-1,-1,False,0.0,[2],80,0.0,0.0,0.0,True,3.687093734741211,0.9875,1.0,3.7199621200561523,2,2,3.7316155433654785,3.7317421436309814,full,19793,False,100,0.3542201519012451,0.25119471549987793,0.8687844276428223
multi_fine_558,multi_fine,stitch,corafull,12,12,63,True,1.0,[12],73,0.005540370941162109,0.00019478797912597656,0.021531105041503906,True,0.0453486442565918,0.9863013698630136,1.0,0.04777097702026367,2,2,0.11724448204040527,0.1508030891418457,top-1,966,False,100,0.3542201519012451,0.25119471549987793,0.8687844276428223
multi_fine_558,multi_fine,full,corafull,12,-1,-1,False,0.0,[12],73,0.0,0.0,0.0,True,3.657224178314209,0.9863013698630136,1.0,3.686063289642334,2,2,3.6978743076324463,3.697986125946045,full,19793,False,100,0.3542201519012451,0.25119471549987793,0.8687844276428223
multi_fine_559,multi_fine,stitch,corafull,6,6,34,True,1.0,[6],97,0.005517721176147461,0.00016546249389648438,0.020955324172973633,True,0.0489044189453125,1.0,1.0,0.0509181022644043,1,1,0.12652206420898438,0.16156005859375,top-1,1018,False,100,0.3542201519012451,0.25119471549987793,0.8687844276428223
multi_fine_559,multi_fine,full,corafull,6,-1,-1,False,0.0,[6],97,0.0,0.0,0.0,True,3.554499387741089,1.0,1.0,3.5815958976745605,1,1,3.5949556827545166,3.5950894355773926,full,19793,False,100,0.3542201519012451,0.25119471549987793,0.8687844276428223
multi_fine_560,multi_fine,stitch,corafull,6,6,31,True,1.0,[6],57,0.00554203987121582,0.0001685619354248047,0.020913124084472656,True,0.04779314994812012,1.0,1.0,0.04984092712402344,1,1,0.12119650840759277,0.15629792213439941,top-1,1018,False,100,0.3542201519012451,0.25119471549987793,0.8687844276428223
multi_fine_560,multi_fine,full,corafull,6,-1,-1,False,0.0,[6],57,0.0,0.0,0.0,True,3.816413164138794,1.0,1.0,3.848337411880493,1,1,3.8568131923675537,3.856926441192627,full,19793,False,100,0.3542201519012451,0.25119471549987793,0.8687844276428223
multi_fine_561,multi_fine,stitch,corafull,0,0,1,True,1.0,[0],50,0.004862308502197266,0.0001418590545654297,0.021248817443847656,True,0.04624795913696289,1.0,1.0,0.04952096939086914,1,1,0.11942505836486816,0.1588757038116455,top-1,998,False,100,0.3542201519012451,0.25119471549987793,0.8687844276428223
multi_fine_561,multi_fine,full,corafull,0,-1,-1,False,0.0,[0],50,0.0,0.0,0.0,True,3.536065101623535,1.0,1.0,3.56670880317688,1,1,3.573854446411133,3.573949098587036,full,19793,False,100,0.3542201519012451,0.25119471549987793,0.8687844276428223
multi_fine_562,multi_fine,stitch,corafull,14,14,72,True,1.0,[14],62,0.005048513412475586,0.00014734268188476562,0.020721435546875,True,0.04617667198181152,1.0,1.0,0.0483853816986084,1,1,0.11278128623962402,0.14496111869812012,top-1,968,False,100,0.3542201519012451,0.25119471549987793,0.8687844276428223
multi_fine_562,multi_fine,full,corafull,14,-1,-1,False,0.0,[14],62,0.0,0.0,0.0,True,3.5305328369140625,1.0,1.0,3.559107542037964,1,1,3.5684945583343506,3.5686163902282715,full,19793,False,100,0.3542201519012451,0.25119471549987793,0.8687844276428223
multi_fine_563,multi_fine,stitch,corafull,4,4,20,True,1.0,[4],60,0.005320310592651367,0.00015616416931152344,0.02086353302001953,True,0.047333478927612305,0.9333333333333333,1.0,0.049590349197387695,4,4,0.11577796936035156,0.1536426544189453,top-1,977,False,100,0.3542201519012451,0.25119471549987793,0.8687844276428223
multi_fine_563,multi_fine,full,corafull,4,-1,-1,False,0.0,[4],60,0.0,0.0,0.0,True,3.546729564666748,0.9333333333333333,1.0,3.5772669315338135,4,4,3.5868725776672363,3.586963415145874,full,19793,False,100,0.3542201519012451,0.25119471549987793,0.8687844276428223
multi_fine_564,multi_fine,stitch,corafull,0,0,4,True,1.0,[0],78,0.005300283432006836,0.00013709068298339844,0.021007776260375977,True,0.042752742767333984,1.0,1.0,0.04432082176208496,1,1,0.11117434501647949,0.15989351272583008,top-1,998,False,100,0.3542201519012451,0.25119471549987793,0.8687844276428223
multi_fine_564,multi_fine,full,corafull,0,-1,-1,False,0.0,[0],78,0.0,0.0,0.0,True,3.7733957767486572,1.0,1.0,3.801175594329834,1,1,3.8119192123413086,3.8120100498199463,full,19793,False,100,0.3542201519012451,0.25119471549987793,0.8687844276428223
multi_fine_565,multi_fine,stitch,corafull,17,17,88,True,1.0,[17],55,0.0050373077392578125,0.0001513957977294922,0.02000284194946289,True,0.042424917221069336,0.9636363636363636,1.0,0.04407930374145508,6,6,0.10584139823913574,0.136735200881958,top-1,969,False,100,0.3542201519012451,0.25119471549987793,0.8687844276428223
multi_fine_565,multi_fine,full,corafull,17,-1,-1,False,0.0,[17],55,0.0,0.0,0.0,True,3.52816104888916,0.9636363636363636,1.0,3.5611817836761475,6,6,3.5705010890960693,3.570592164993286,full,19793,False,100,0.3542201519012451,0.25119471549987793,0.8687844276428223
multi_fine_566,multi_fine,stitch,corafull,6,6,30,True,1.0,[6],100,0.005011320114135742,0.00013756752014160156,0.02033710479736328,True,0.049657583236694336,0.98,1.0,0.051941871643066406,2,2,0.12381362915039062,0.15631747245788574,top-1,1018,False,100,0.3542201519012451,0.25119471549987793,0.8687844276428223
multi_fine_566,multi_fine,full,corafull,6,-1,-1,False,0.0,[6],100,0.0,0.0,0.0,True,3.750253677368164,0.98,1.0,3.7852935791015625,2,2,3.7996420860290527,3.7997522354125977,full,19793,False,100,0.3542201519012451,0.25119471549987793,0.8687844276428223
multi_fine_567,multi_fine,stitch,corafull,18,18,92,True,1.0,[18],58,0.005605459213256836,0.00016951560974121094,0.021475791931152344,True,0.04560708999633789,1.0,1.0,0.04755377769470215,1,1,0.11203885078430176,0.14896798133850098,top-1,969,False,100,0.3542201519012451,0.25119471549987793,0.8687844276428223
multi_fine_567,multi_fine,full,corafull,18,-1,-1,False,0.0,[18],58,0.0,0.0,0.0,True,3.552286386489868,1.0,1.0,3.5862319469451904,1,1,3.5948169231414795,3.5949416160583496,full,19793,False,100,0.3542201519012451,0.25119471549987793,0.8687844276428223
multi_fine_568,multi_fine,stitch,corafull,7,7,36,True,1.0,[7],81,0.004990577697753906,0.0001442432403564453,0.02134251594543457,True,0.044049978256225586,1.0,1.0,0.04558873176574707,1,1,0.11024999618530273,0.14256978034973145,top-1,969,False,100,0.3542201519012451,0.25119471549987793,0.8687844276428223
multi_fine_568,multi_fine,full,corafull,7,-1,-1,False,0.0,[7],81,0.0,0.0,0.0,True,3.742673873901367,1.0,1.0,3.775738477706909,1,1,3.786961555480957,3.7870588302612305,full,19793,False,100,0.3542201519012451,0.25119471549987793,0.8687844276428223
multi_fine_569,multi_fine,stitch,corafull,3,3,17,True,1.0,[3],91,0.005049705505371094,0.00014090538024902344,0.02080512046813965,True,0.045142412185668945,0.978021978021978,1.0,0.0468289852142334,6,6,0.11638784408569336,0.14962553977966309,top-1,983,False,100,0.3542201519012451,0.25119471549987793,0.8687844276428223
multi_fine_569,multi_fine,full,corafull,3,-1,-1,False,0.0,[3],91,0.0,0.0,0.0,True,3.648686170578003,0.978021978021978,1.0,3.6817426681518555,12,12,3.699284791946411,3.6994123458862305,full,19793,False,100,0.3542201519012451,0.25119471549987793,0.8687844276428223
multi_fine_570,multi_fine,stitch,corafull,2,2,10,True,1.0,[2],67,0.004893302917480469,0.00013303756713867188,0.01993083953857422,True,0.04750943183898926,0.9701492537313433,1.0,0.04994344711303711,2,2,0.11233949661254883,0.1402888298034668,top-1,962,False,100,0.3542201519012451,0.25119471549987793,0.8687844276428223
multi_fine_570,multi_fine,full,corafull,2,-1,-1,False,0.0,[2],67,0.0,0.0,0.0,True,3.671865463256836,0.9701492537313433,1.0,3.7044200897216797,2,2,3.7142670154571533,3.7143845558166504,full,19793,False,100,0.3542201519012451,0.25119471549987793,0.8687844276428223
multi_fine_571,multi_fine,stitch,corafull,6,6,32,True,1.0,[6],94,0.005129098892211914,0.00017333030700683594,0.020396709442138672,True,0.050098419189453125,1.0,1.0,0.052489519119262695,1,1,0.12234020233154297,0.15594196319580078,top-1,1018,False,100,0.3542201519012451,0.25119471549987793,0.8687844276428223
multi_fine_571,multi_fine,full,corafull,6,-1,-1,False,0.0,[6],94,0.0,0.0,0.0,True,3.7127702236175537,1.0,1.0,3.7400424480438232,1,1,3.7540674209594727,3.7541608810424805,full,19793,False,100,0.3542201519012451,0.25119471549987793,0.8687844276428223
multi_fine_572,multi_fine,stitch,corafull,3,3,17,True,1.0,[3],81,0.005697727203369141,0.0001399517059326172,0.021564245223999023,True,0.04360461235046387,0.9753086419753086,1.0,0.045159101486206055,2,2,0.11121726036071777,0.14534902572631836,top-1,983,False,100,0.3542201519012451,0.25119471549987793,0.8687844276428223
multi_fine_572,multi_fine,full,corafull,3,-1,-1,False,0.0,[3],81,0.0,0.0,0.0,True,3.6436305046081543,0.9753086419753086,1.0,3.674009084701538,2,2,3.6858043670654297,3.6858971118927,full,19793,False,100,0.3542201519012451,0.25119471549987793,0.8687844276428223
multi_fine_573,multi_fine,stitch,corafull,17,17,86,True,1.0,[17],69,0.004809379577636719,0.0001285076141357422,0.0199737548828125,True,0.04178261756896973,0.9710144927536232,1.0,0.04346823692321777,6,6,0.10691523551940918,0.13777494430541992,top-1,969,False,100,0.3542201519012451,0.25119471549987793,0.8687844276428223
multi_fine_573,multi_fine,full,corafull,17,-1,-1,False,0.0,[17],69,0.0,0.0,0.0,True,3.5799999237060547,0.9710144927536232,1.0,3.609729528427124,6,6,3.6210901737213135,3.621192216873169,full,19793,False,100,0.3542201519012451,0.25119471549987793,0.8687844276428223
multi_fine_574,multi_fine,stitch,corafull,5,5,27,True,1.0,[5],83,0.005380153656005859,0.0001456737518310547,0.020450115203857422,True,0.04572653770446777,1.0,1.0,0.047544240951538086,1,1,0.11104702949523926,0.14278602600097656,top-1,970,False,100,0.3542201519012451,0.25119471549987793,0.8687844276428223
multi_fine_574,multi_fine,full,corafull,5,-1,-1,False,0.0,[5],83,0.0,0.0,0.0,True,3.6447107791900635,1.0,1.0,3.678954839706421,1,1,3.690077304840088,3.690223217010498,full,19793,False,100,0.3542201519012451,0.25119471549987793,0.8687844276428223
multi_fine_575,multi_fine,stitch,corafull,2,2,10,True,1.0,[2],70,0.0049419403076171875,0.00015234947204589844,0.02104496955871582,True,0.047849178314208984,0.9714285714285714,1.0,0.04991292953491211,2,2,0.11667966842651367,0.1463479995727539,top-1,962,False,100,0.3542201519012451,0.25119471549987793,0.8687844276428223
multi_fine_575,multi_fine,full,corafull,2,-1,-1,False,0.0,[2],70,0.0,0.0,0.0,True,3.693434238433838,0.9714285714285714,1.0,3.7269325256347656,2,2,3.737748384475708,3.7378382682800293,full,19793,False,100,0.3542201519012451,0.25119471549987793,0.8687844276428223
multi_fine_576,multi_fine,stitch,corafull,10,10,52,True,1.0,[10],86,0.005642414093017578,0.0001761913299560547,0.02065873146057129,True,0.050406455993652344,1.0,1.0,0.053359031677246094,1,1,0.11967158317565918,0.1539144515991211,top-1,1016,False,100,0.3542201519012451,0.25119471549987793,0.8687844276428223
multi_fine_576,multi_fine,full,corafull,10,-1,-1,False,0.0,[10],86,0.0,0.0,0.0,True,3.773138999938965,1.0,1.0,3.803466796875,1,1,3.815354347229004,3.8154821395874023,full,19793,False,100,0.3542201519012451,0.25119471549987793,0.8687844276428223
multi_fine_577,multi_fine,stitch,corafull,13,13,66,True,1.0,[13],71,0.0051422119140625,0.0001468658447265625,0.02018594741821289,True,0.052877187728881836,1.0,1.0,0.0555567741394043,1,1,0.12396478652954102,0.1564481258392334,top-1,1017,False,100,0.3542201519012451,0.25119471549987793,0.8687844276428223
multi_fine_577,multi_fine,full,corafull,13,-1,-1,False,0.0,[13],71,0.0,0.0,0.0,True,3.926025867462158,1.0,1.0,3.963170289993286,1,1,3.9730889797210693,3.9731760025024414,full,19793,False,100,0.3542201519012451,0.25119471549987793,0.8687844276428223
multi_fine_578,multi_fine,stitch,corafull,7,7,35,True,1.0,[7],66,0.005246162414550781,0.0001513957977294922,0.02028059959411621,True,0.04809141159057617,1.0,1.0,0.05158233642578125,1,1,0.12136483192443848,0.15853095054626465,top-1,969,False,100,0.3542201519012451,0.25119471549987793,0.8687844276428223
multi_fine_578,multi_fine,full,corafull,7,-1,-1,False,0.0,[7],66,0.0,0.0,0.0,True,3.8861637115478516,1.0,1.0,3.918701171875,1,1,3.9288547039031982,3.928945302963257,full,19793,False,100,0.3542201519012451,0.25119471549987793,0.8687844276428223
multi_fine_579,multi_fine,stitch,corafull,12,12,62,True,1.0,[12],69,0.005124092102050781,0.00014638900756835938,0.02114081382751465,True,0.04342961311340332,1.0,1.0,0.04503965377807617,1,1,0.10968232154846191,0.1423938274383545,top-1,966,False,100,0.3542201519012451,0.25119471549987793,0.8687844276428223
multi_fine_579,multi_fine,full,corafull,12,-1,-1,False,0.0,[12],69,0.0,0.0,0.0,True,3.6379942893981934,0.9855072463768116,1.0,3.679152727127075,2,2,3.6893274784088135,3.689476251602173,full,19793,False,100,0.3542201519012451,0.25119471549987793,0.8687844276428223
multi_fine_580,multi_fine,stitch,corafull,12,12,60,True,1.0,[12],69,0.0050089359283447266,0.00014495849609375,0.021061420440673828,True,0.04649615287780762,1.0,1.0,0.04864358901977539,1,1,0.11319804191589355,0.14594769477844238,top-1,966,False,100,0.3542201519012451,0.25119471549987793,0.8687844276428223
multi_fine_580,multi_fine,full,corafull,12,-1,-1,False,0.0,[12],69,0.0,0.0,0.0,True,3.7366585731506348,1.0,1.0,3.7736823558807373,1,1,3.7837212085723877,3.7838196754455566,full,19793,False,100,0.3542201519012451,0.25119471549987793,0.8687844276428223
multi_fine_581,multi_fine,stitch,corafull,18,18,94,True,1.0,[18],82,0.00504612922668457,0.00013709068298339844,0.020883798599243164,True,0.04599165916442871,1.0,1.0,0.04787611961364746,1,1,0.11598968505859375,0.15291237831115723,top-1,969,False,100,0.3542201519012451,0.25119471549987793,0.8687844276428223
multi_fine_581,multi_fine,full,corafull,18,-1,-1,False,0.0,[18],82,0.0,0.0,0.0,True,3.901303768157959,1.0,1.0,3.942507266998291,1,1,3.9546446800231934,3.954747200012207,full,19793,False,100,0.3542201519012451,0.25119471549987793,0.8687844276428223
multi_fine_582,multi_fine,stitch,corafull,17,17,89,True,1.0,[17],72,0.0053899288177490234,0.00015544891357421875,0.020208358764648438,True,0.049930572509765625,0.9444444444444444,1.0,0.05367255210876465,12,12,0.12231278419494629,0.15891361236572266,top-1,969,False,100,0.3542201519012451,0.25119471549987793,0.8687844276428223
multi_fine_582,multi_fine,full,corafull,17,-1,-1,False,0.0,[17],72,0.0,0.0,0.0,True,3.715583086013794,0.9444444444444444,1.0,3.7471730709075928,12,12,3.761418104171753,3.7615156173706055,full,19793,False,100,0.3542201519012451,0.25119471549987793,0.8687844276428223
multi_fine_583,multi_fine,stitch,corafull,14,14,70,True,1.0,[14],53,0.005028724670410156,0.00013899803161621094,0.020305395126342773,True,0.04475760459899902,0.9245283018867925,1.0,0.0472567081451416,24,24,0.11658811569213867,0.14826130867004395,top-1,968,False,100,0.3542201519012451,0.25119471549987793,0.8687844276428223
multi_fine_583,multi_fine,full,corafull,14,-1,-1,False,0.0,[14],53,0.0,0.0,0.0,True,3.6120941638946533,0.9245283018867925,1.0,3.6443185806274414,24,24,3.659219741821289,3.659384250640869,full,19793,False,100,0.3542201519012451,0.25119471549987793,0.8687844276428223
multi_fine_584,multi_fine,stitch,corafull,13,13,67,True,1.0,[13],71,0.004998922348022461,0.00013399124145507812,0.020425081253051758,True,0.04694676399230957,1.0,1.0,0.049681901931762695,1,1,0.11682271957397461,0.14993786811828613,top-1,1017,False,100,0.3542201519012451,0.25119471549987793,0.8687844276428223
multi_fine_584,multi_fine,full,corafull,13,-1,-1,False,0.0,[13],71,0.0,0.0,0.0,True,3.5288357734680176,1.0,1.0,3.558197259902954,1,1,3.5680508613586426,3.5681722164154053,full,19793,False,100,0.3542201519012451,0.25119471549987793,0.8687844276428223
multi_fine_585,multi_fine,stitch,corafull,9,9,47,True,1.0,[9],74,0.0054743289947509766,0.00016355514526367188,0.021687030792236328,True,0.0517423152923584,1.0,1.0,0.0553739070892334,1,1,0.1269207000732422,0.16329050064086914,top-1,1019,False,100,0.3542201519012451,0.25119471549987793,0.8687844276428223
multi_fine_585,multi_fine,full,corafull,9,-1,-1,False,0.0,[9],74,0.0,0.0,0.0,True,3.709846019744873,1.0,1.0,3.7394723892211914,1,1,3.7503445148468018,3.7504377365112305,full,19793,False,100,0.3542201519012451,0.25119471549987793,0.8687844276428223
multi_fine_586,multi_fine,stitch,corafull,13,13,67,True,1.0,[13],54,0.005020618438720703,0.00015687942504882812,0.02121257781982422,True,0.04560089111328125,0.9259259259259259,1.0,0.04900932312011719,48,48,0.12575221061706543,0.15993833541870117,top-1,1017,False,100,0.3542201519012451,0.25119471549987793,0.8687844276428223
multi_fine_586,multi_fine,full,corafull,13,-1,-1,False,0.0,[13],54,0.0,0.0,0.0,True,3.5359749794006348,0.9259259259259259,1.0,3.568065643310547,48,48,3.591177463531494,3.591277837753296,full,19793,False,100,0.3542201519012451,0.25119471549987793,0.8687844276428223
multi_fine_587,multi_fine,stitch,corafull,14,14,73,True,1.0,[14],100,0.005265235900878906,0.0002739429473876953,0.022368669509887695,True,0.04388904571533203,0.98,1.0,0.0454404354095459,6,6,0.11829137802124023,0.15335464477539062,top-1,968,False,100,0.3542201519012451,0.25119471549987793,0.8687844276428223
multi_fine_587,multi_fine,full,corafull,14,-1,-1,False,0.0,[14],100,0.0,0.0,0.0,True,3.520573139190674,0.98,1.0,3.5549347400665283,6,6,3.572451591491699,3.5725505352020264,full,19793,False,100,0.3542201519012451,0.25119471549987793,0.8687844276428223
multi_fine_588,multi_fine,stitch,corafull,3,3,17,True,1.0,[3],75,0.004986286163330078,0.00015020370483398438,0.020148038864135742,True,0.04420948028564453,0.9733333333333334,1.0,0.045789241790771484,2,2,0.11146759986877441,0.14311695098876953,top-1,983,False,100,0.3542201519012451,0.25119471549987793,0.8687844276428223
multi_fine_588,multi_fine,full,corafull,3,-1,-1,False,0.0,[3],75,0.0,0.0,0.0,True,3.606433153152466,0.9733333333333334,1.0,3.640094518661499,2,2,3.6518585681915283,3.651991605758667,full,19793,False,100,0.3542201519012451,0.25119471549987793,0.8687844276428223
multi_fine_589,multi_fine,stitch,corafull,14,14,71,True,1.0,[14],76,0.005136966705322266,0.00015926361083984375,0.02032184600830078,True,0.04335665702819824,0.9473684210526315,1.0,0.044991493225097656,4,4,0.11423683166503906,0.14583849906921387,top-1,968,False,100,0.3542201519012451,0.25119471549987793,0.8687844276428223
multi_fine_589,multi_fine,full,corafull,14,-1,-1,False,0.0,[14],76,0.0,0.0,0.0,True,3.790928602218628,0.9473684210526315,1.0,3.8228883743286133,4,4,3.8348047733306885,3.8349311351776123,full,19793,False,100,0.3542201519012451,0.25119471549987793,0.8687844276428223
multi_fine_590,multi_fine,stitch,corafull,12,12,61,True,1.0,[12],80,0.005322694778442383,0.00017189979553222656,0.02054619789123535,True,0.04297828674316406,0.9625,1.0,0.04428386688232422,4,4,0.11296558380126953,0.15550661087036133,top-1,966,False,100,0.3542201519012451,0.25119471549987793,0.8687844276428223
multi_fine_590,multi_fine,full,corafull,12,-1,-1,False,0.0,[12],80,0.0,0.0,0.0,True,3.5104074478149414,0.975,1.0,3.5435047149658203,4,4,3.555997133255005,3.556095600128174,full,19793,False,100,0.3542201519012451,0.25119471549987793,0.8687844276428223
multi_fine_591,multi_fine,stitch,corafull,1,1,7,True,1.0,[1],71,0.005151271820068359,0.0001785755157470703,0.020817041397094727,True,0.045397281646728516,1.0,1.0,0.04748225212097168,1,1,0.11367034912109375,0.14579510688781738,top-1,972,False,100,0.3542201519012451,0.25119471549987793,0.8687844276428223
multi_fine_591,multi_fine,full,corafull,1,-1,-1,False,0.0,[1],71,0.0,0.0,0.0,True,3.6141955852508545,1.0,1.0,3.643507242202759,1,1,3.654132843017578,3.6542580127716064,full,19793,False,100,0.3542201519012451,0.25119471549987793,0.8687844276428223
multi_fine_592,multi_fine,stitch,corafull,14,14,72,True,1.0,[14],50,0.005484819412231445,0.0001800060272216797,0.02106499671936035,True,0.04107975959777832,0.96,1.0,0.04261422157287598,6,6,0.10595941543579102,0.14898157119750977,top-1,968,False,100,0.3542201519012451,0.25119471549987793,0.8687844276428223
multi_fine_592,multi_fine,full,corafull,14,-1,-1,False,0.0,[14],50,0.0,0.0,0.0,True,3.5686872005462646,0.96,1.0,3.6035380363464355,6,6,3.613600492477417,3.613744020462036,full,19793,False,100,0.3542201519012451,0.25119471549987793,0.8687844276428223
multi_fine_593,multi_fine,stitch,corafull,8,8,42,True,1.0,[8],75,0.005043745040893555,0.0001404285430908203,0.02061009407043457,True,0.05501866340637207,1.0,1.0,0.058687686920166016,1,1,0.13143086433410645,0.17566823959350586,top-1,999,False,100,0.3542201519012451,0.25119471549987793,0.8687844276428223
multi_fine_593,multi_fine,full,corafull,8,-1,-1,False,0.0,[8],75,0.0,0.0,0.0,True,4.564472436904907,1.0,1.0,4.597599029541016,1,1,4.60895037651062,4.609081745147705,full,19793,False,100,0.3542201519012451,0.25119471549987793,0.8687844276428223
multi_fine_594,multi_fine,stitch,corafull,2,2,13,True,1.0,[2],60,0.0053441524505615234,0.0001666545867919922,0.022603273391723633,True,0.04759979248046875,1.0,1.0,0.05007195472717285,1,1,0.11289739608764648,0.14493608474731445,top-1,962,False,100,0.3542201519012451,0.25119471549987793,0.8687844276428223
multi_fine_594,multi_fine,full,corafull,2,-1,-1,False,0.0,[2],60,0.0,0.0,0.0,True,3.696645975112915,1.0,1.0,3.7308316230773926,1,1,3.7403533458709717,3.7404744625091553,full,19793,False,100,0.3542201519012451,0.25119471549987793,0.8687844276428223
multi_fine_595,multi_fine,stitch,corafull,10,10,51,True,1.0,[10],56,0.004850625991821289,0.00015211105346679688,0.020175695419311523,True,0.04796266555786133,1.0,1.0,0.05037045478820801,1,1,0.11651396751403809,0.14951038360595703,top-1,1016,False,100,0.3542201519012451,0.25119471549987793,0.8687844276428223
multi_fine_595,multi_fine,full,corafull,10,-1,-1,False,0.0,[10],56,0.0,0.0,0.0,True,3.5559287071228027,1.0,1.0,3.587146520614624,1,1,3.595804452896118,3.5959436893463135,full,19793,False,100,0.3542201519012451,0.25119471549987793,0.8687844276428223
multi_fine_596,multi_fine,stitch,corafull,9,9,45,True,1.0,[9],80,0.00600886344909668,0.00018358230590820312,0.022253751754760742,True,0.049646615982055664,1.0,1.0,0.051529884338378906,1,1,0.12339520454406738,0.1599125862121582,top-1,1019,False,100,0.3542201519012451,0.25119471549987793,0.8687844276428223
multi_fine_596,multi_fine,full,corafull,9,-1,-1,False,0.0,[9],80,0.0,0.0,0.0,True,3.715304374694824,1.0,1.0,3.7523581981658936,1,1,3.7641396522521973,3.764254331588745,full,19793,False,100,0.3542201519012451,0.25119471549987793,0.8687844276428223
multi_fine_597,multi_fine,stitch,corafull,1,1,7,True,1.0,[1],53,0.005588054656982422,0.00017690658569335938,0.02253103256225586,True,0.04363846778869629,1.0,1.0,0.045416831970214844,1,1,0.10704231262207031,0.14300012588500977,top-1,972,False,100,0.3542201519012451,0.25119471549987793,0.8687844276428223
multi_fine_597,multi_fine,full,corafull,1,-1,-1,False,0.0,[1],53,0.0,0.0,0.0,True,3.788477659225464,1.0,1.0,3.81862211227417,1,1,3.826770305633545,3.826977252960205,full,19793,False,100,0.3542201519012451,0.25119471549987793,0.8687844276428223
multi_fine_598,multi_fine,stitch,corafull,19,19,96,True,1.0,[19],76,0.00511932373046875,0.0002002716064453125,0.02246570587158203,True,0.04395413398742676,1.0,1.0,0.04562783241271973,1,1,0.11722421646118164,0.15349745750427246,top-1,1018,False,100,0.3542201519012451,0.25119471549987793,0.8687844276428223
multi_fine_598,multi_fine,full,corafull,19,-1,-1,False,0.0,[19],76,0.0,0.0,0.0,True,3.6275177001953125,1.0,1.0,3.666301965713501,1,1,3.678338050842285,3.678455114364624,full,19793,False,100,0.3542201519012451,0.25119471549987793,0.8687844276428223
multi_fine_599,multi_fine,stitch,corafull,8,8,42,True,1.0,[8],69,0.005572319030761719,0.0003752708435058594,0.022910118103027344,True,0.05498194694519043,1.0,1.0,0.058403968811035156,1,1,0.1286311149597168,0.16585278511047363,top-1,999,False,100,0.3542201519012451,0.25119471549987793,0.8687844276428223
multi_fine_599,multi_fine,full,corafull,8,-1,-1,False,0.0,[8],69,0.0,0.0,0.0,True,3.881031036376953,1.0,1.0,3.9108736515045166,1,1,3.9224677085876465,3.9226274490356445,full,19793,False,100,0.3542201519012451,0.25119471549987793,0.8687844276428223
multi_coarse_600,multi_coarse,stitch,corafull,4,4,21,True,1.0,"[4, 11]",12,0.005385637283325195,0.0002086162567138672,0.022557735443115234,True,0.3673536777496338,1.0,1.0,0.37560367584228516,1,1,0.8058221340179443,0.8725569248199463,top-5,5983,False,20,0.3542201519012451,0.25119471549987793,0.8687844276428223
multi_coarse_600,multi_coarse,full,corafull,4,-1,-1,False,0.0,"[4, 11]",12,0.0,0.0,0.0,True,3.730567455291748,1.0,1.0,3.77166485786438,1,1,3.7754716873168945,3.775615930557251,full,19793,False,20,0.3542201519012451,0.25119471549987793,0.8687844276428223
multi_coarse_601,multi_coarse,stitch,corafull,15,16,82,True,1.0,"[15, 16]",20,0.005580902099609375,0.00019431114196777344,0.02362799644470215,True,0.42697787284851074,1.0,1.0,0.435671329498291,1,1,0.9000756740570068,0.983607292175293,top-5,6017,False,20,0.3542201519012451,0.25119471549987793,0.8687844276428223
multi_coarse_601,multi_coarse,full,corafull,15,-1,-1,False,0.0,"[15, 16]",20,0.0,0.0,0.0,True,3.6960060596466064,1.0,1.0,3.727883815765381,1,1,3.732375144958496,3.732478618621826,full,19793,False,20,0.3542201519012451,0.25119471549987793,0.8687844276428223
multi_coarse_602,multi_coarse,stitch,corafull,9,9,48,True,1.0,"[9, 11]",13,0.005092144012451172,0.0001742839813232422,0.023081541061401367,True,0.3642313480377197,1.0,1.0,0.3715806007385254,1,1,0.8125736713409424,0.8955733776092529,top-5,5966,False,20,0.3542201519012451,0.25119471549987793,0.8687844276428223
multi_coarse_602,multi_coarse,full,corafull,9,-1,-1,False,0.0,"[9, 11]",13,0.0,0.0,0.0,True,3.435823440551758,1.0,1.0,3.466311454772949,1,1,3.4696044921875,3.469696283340454,full,19793,False,20,0.3542201519012451,0.25119471549987793,0.8687844276428223
multi_coarse_603,multi_coarse,stitch,corafull,2,2,12,True,1.0,"[2, 16]",20,0.0053462982177734375,0.0001685619354248047,0.02168440818786621,True,0.40045857429504395,1.0,1.0,0.41098880767822266,1,1,0.830763578414917,0.8908321857452393,top-5,5934,False,20,0.3542201519012451,0.25119471549987793,0.8687844276428223
multi_coarse_603,multi_coarse,full,corafull,2,-1,-1,False,0.0,"[2, 16]",20,0.0,0.0,0.0,True,3.6791200637817383,0.95,1.0,3.710332155227661,3,3,3.71486234664917,3.714961051940918,full,19793,False,20,0.3542201519012451,0.25119471549987793,0.8687844276428223
multi_coarse_604,multi_coarse,stitch,corafull,6,6,32,True,1.0,"[6, 9]",18,0.005080699920654297,0.00015687942504882812,0.02135443687438965,True,0.39142656326293945,0.9444444444444444,1.0,0.40134453773498535,2,2,0.8474140167236328,0.9165115356445312,top-5,5989,False,20,0.3542201519012451,0.25119471549987793,0.8687844276428223
multi_coarse_604,multi_coarse,full,corafull,6,-1,-1,False,0.0,"[6, 9]",18,0.0,0.0,0.0,True,3.5414602756500244,0.9444444444444444,1.0,3.570443868637085,2,2,3.574213743209839,3.5743730068206787,full,19793,False,20,0.3542201519012451,0.25119471549987793,0.8687844276428223
multi_coarse_605,multi_coarse,stitch,corafull,4,9,46,True,1.0,"[4, 9]",20,0.005140542984008789,0.0001475811004638672,0.020845651626586914,True,0.3584613800048828,1.0,1.0,0.36731600761413574,1,1,0.8137869834899902,0.8785886764526367,top-5,6000,False,20,0.3542201519012451,0.25119471549987793,0.8687844276428223
multi_coarse_605,multi_coarse,full,corafull,4,-1,-1,False,0.0,"[4, 9]",20,0.0,0.0,0.0,True,3.5751144886016846,1.0,1.0,3.607985496520996,1,1,3.612142562866211,3.6122348308563232,full,19793,False,20,0.3542201519012451,0.25119471549987793,0.8687844276428223
multi_coarse_606,multi_coarse,stitch,corafull,0,0,0,True,1.0,"[0, 10]",20,0.00484776496887207,0.00015044212341308594,0.020296573638916016,True,0.38663387298583984,1.0,1.0,0.3949408531188965,1,1,0.8218224048614502,0.8812587261199951,top-5,5943,False,20,0.3542201519012451,0.25119471549987793,0.8687844276428223
multi_coarse_606,multi_coarse,full,corafull,0,-1,-1,False,0.0,"[0, 10]",20,0.0,0.0,0.0,True,3.5818188190460205,1.0,1.0,3.617858409881592,1,1,3.622236967086792,3.622380018234253,full,19793,False,20,0.3542201519012451,0.25119471549987793,0.8687844276428223
multi_coarse_607,multi_coarse,stitch,corafull,10,10,53,True,1.0,"[10, 18]",20,0.005060434341430664,0.00013709068298339844,0.020506858825683594,True,0.38399243354797363,0.9,1.0,0.3917372226715088,2,2,0.8345677852630615,0.9082832336425781,top-5,6034,False,20,0.3542201519012451,0.25119471549987793,0.8687844276428223
multi_coarse_607,multi_coarse,full,corafull,10,-1,-1,False,0.0,"[10, 18]",20,0.0,0.0,0.0,True,3.692197561264038,0.9,1.0,3.728966236114502,2,2,3.733313798904419,3.7334606647491455,full,19793,False,20,0.3542201519012451,0.25119471549987793,0.8687844276428223
multi_coarse_608,multi_coarse,stitch,corafull,2,2,14,True,1.0,"[2, 10]",16,0.005283355712890625,0.00015926361083984375,0.020955801010131836,True,0.3543674945831299,1.0,1.0,0.3616943359375,1,1,0.7860367298126221,0.843864917755127,top-5,5905,False,20,0.3542201519012451,0.25119471549987793,0.8687844276428223
multi_coarse_608,multi_coarse,full,corafull,2,-1,-1,False,0.0,"[2, 10]",16,0.0,0.0,0.0,True,3.763084650039673,1.0,1.0,3.79494571685791,1,1,3.7990705966949463,3.799217700958252,full,19793,False,20,0.3542201519012451,0.25119471549987793,0.8687844276428223
multi_coarse_609,multi_coarse,stitch,corafull,8,19,96,True,1.0,"[8, 19]",18,0.004969358444213867,0.0001399517059326172,0.021074295043945312,True,0.38054847717285156,0.8333333333333334,1.0,0.3898301124572754,12,12,0.8380136489868164,0.8993332386016846,top-5,5966,False,20,0.3542201519012451,0.25119471549987793,0.8687844276428223
multi_coarse_609,multi_coarse,full,corafull,8,-1,-1,False,0.0,"[8, 19]",18,0.0,0.0,0.0,True,3.5679919719696045,0.8333333333333334,1.0,3.6006720066070557,12,12,3.6059696674346924,3.6060757637023926,full,19793,False,20,0.3542201519012451,0.25119471549987793,0.8687844276428223
multi_coarse_610,multi_coarse,stitch,corafull,8,8,42,True,1.0,"[8, 12]",20,0.005113363265991211,0.00013971328735351562,0.02068948745727539,True,0.3593130111694336,1.0,1.0,0.3671684265136719,1,1,0.79146409034729,0.8511776924133301,top-5,5965,False,20,0.3542201519012451,0.25119471549987793,0.8687844276428223
multi_coarse_610,multi_coarse,full,corafull,8,-1,-1,False,0.0,"[8, 12]",20,0.0,0.0,0.0,True,3.710876941680908,0.95,1.0,3.7437188625335693,2,2,3.748044729232788,3.748148202896118,full,19793,False,20,0.3542201519012451,0.25119471549987793,0.8687844276428223
multi_coarse_611,multi_coarse,stitch,corafull,4,4,20,True,1.0,"[4, 11]",12,0.005444049835205078,0.00019359588623046875,0.022077322006225586,True,0.3850886821746826,1.0,1.0,0.3938891887664795,1,1,0.8344547748565674,0.9000494480133057,top-5,5966,False,20,0.3542201519012451,0.25119471549987793,0.8687844276428223
multi_coarse_611,multi_coarse,full,corafull,4,-1,-1,False,0.0,"[4, 11]",12,0.0,0.0,0.0,True,3.7385544776916504,1.0,1.0,3.7743494510650635,1,1,3.7777984142303467,3.777953863143921,full,19793,False,20,0.3542201519012451,0.25119471549987793,0.8687844276428223
multi_coarse_612,multi_coarse,stitch,corafull,2,2,13,True,1.0,"[2, 11]",13,0.004744768142700195,0.00013875961303710938,0.020766496658325195,True,0.39231228828430176,1.0,1.0,0.40079212188720703,1,1,0.8382809162139893,0.9048099517822266,top-5,5887,False,20,0.3542201519012451,0.25119471549987793,0.8687844276428223
multi_coarse_612,multi_coarse,full,corafull,2,-1,-1,False,0.0,"[2, 11]",13,0.0,0.0,0.0,True,3.656956672668457,1.0,1.0,3.6850485801696777,1,1,3.688558578491211,3.688711166381836,full,19793,False,20,0.3542201519012451,0.25119471549987793,0.8687844276428223
multi_coarse_613,multi_coarse,stitch,corafull,8,8,42,True,1.0,"[8, 18]",18,0.004694938659667969,0.00013256072998046875,0.023115158081054688,True,0.3839304447174072,0.8888888888888888,1.0,0.39473891258239746,2,2,0.8249797821044922,0.8938045501708984,top-5,5969,False,20,0.3542201519012451,0.25119471549987793,0.8687844276428223
multi_coarse_613,multi_coarse,full,corafull,8,-1,-1,False,0.0,"[8, 18]",18,0.0,0.0,0.0,True,4.863205671310425,0.8888888888888888,1.0,4.895563364028931,2,2,4.899806022644043,4.89996337890625,full,19793,False,20,0.3542201519012451,0.25119471549987793,0.8687844276428223
multi_coarse_614,multi_coarse,stitch,corafull,2,15,75,True,1.0,"[2, 15]",19,0.005417823791503906,0.00015664100646972656,0.022246837615966797,True,0.4507942199707031,1.0,1.0,0.4575948715209961,1,1,0.8903577327728271,0.9609158039093018,top-5,6002,False,20,0.3542201519012451,0.25119471549987793,0.8687844276428223
multi_coarse_614,multi_coarse,full,corafull,2,-1,-1,False,0.0,"[2, 15]",19,0.0,0.0,0.0,True,4.688908338546753,1.0,1.0,4.71954870223999,1,1,4.72371506690979,4.723851203918457,full,19793,False,20,0.3542201519012451,0.25119471549987793,0.8687844276428223
multi_coarse_615,multi_coarse,stitch,corafull,2,9,48,True,1.0,"[2, 9]",19,0.004771232604980469,0.0001423358917236328,0.020200729370117188,True,0.3825974464416504,1.0,1.0,0.3906385898590088,1,1,0.8393914699554443,0.9055781364440918,top-5,5962,False,20,0.3542201519012451,0.25119471549987793,0.8687844276428223
multi_coarse_615,multi_coarse,full,corafull,2,-1,-1,False,0.0,"[2, 9]",19,0.0,0.0,0.0,True,3.530866861343384,1.0,1.0,3.5616047382354736,1,1,3.5659589767456055,3.5660648345947266,full,19793,False,20,0.3542201519012451,0.25119471549987793,0.8687844276428223
multi_coarse_616,multi_coarse,stitch,corafull,3,10,51,True,1.0,"[3, 10]",20,0.0054988861083984375,0.0001556873321533203,0.021071195602416992,True,0.38874316215515137,0.9,1.0,0.3970925807952881,6,6,0.8380649089813232,0.9088776111602783,top-5,5981,False,20,0.3542201519012451,0.25119471549987793,0.8687844276428223
multi_coarse_616,multi_coarse,full,corafull,3,-1,-1,False,0.0,"[3, 10]",20,0.0,0.0,0.0,True,3.5851073265075684,0.9,1.0,3.6188805103302,6,6,3.6236345767974854,3.6237590312957764,full,19793,False,20,0.3542201519012451,0.25119471549987793,0.8687844276428223
multi_coarse_617,multi_coarse,stitch,corafull,1,1,8,True,1.0,"[1, 13]",20,0.004877567291259766,0.0001862049102783203,0.020916461944580078,True,0.3623697757720947,1.0,1.0,0.3739457130432129,1,1,0.8027353286743164,0.865731954574585,top-5,5909,False,20,0.3542201519012451,0.25119471549987793,0.8687844276428223
multi_coarse_617,multi_coarse,full,corafull,1,-1,-1,False,0.0,"[1, 13]",20,0.0,0.0,0.0,True,3.566490411758423,1.0,1.0,3.595115900039673,1,1,3.5993916988372803,3.5995192527770996,full,19793,False,20,0.3542201519012451,0.25119471549987793,0.8687844276428223
multi_coarse_618,multi_coarse,stitch,corafull,5,14,72,True,1.0,"[5, 14]",20,0.005106925964355469,0.0001380443572998047,0.020687341690063477,True,0.35449647903442383,1.0,1.0,0.36284565925598145,1,1,0.7855870723724365,0.8468630313873291,top-5,5924,False,20,0.3542201519012451,0.25119471549987793,0.8687844276428223
multi_coarse_618,multi_coarse,full,corafull,5,-1,-1,False,0.0,"[5, 14]",20,0.0,0.0,0.0,True,3.3896920680999756,0.95,1.0,3.4237308502197266,2,2,3.428250312805176,3.4283530712127686,full,19793,False,20,0.3542201519012451,0.25119471549987793,0.8687844276428223
multi_coarse_619,multi_coarse,stitch,corafull,3,6,32,True,1.0,"[3, 6]",20,0.004933834075927734,0.00016069412231445312,0.020863056182861328,True,0.42090487480163574,1.0,1.0,0.43088269233703613,1,1,0.8672637939453125,0.9302158355712891,top-5,5974,False,20,0.3542201519012451,0.25119471549987793,0.8687844276428223
multi_coarse_619,multi_coarse,full,corafull,3,-1,-1,False,0.0,"[3, 6]",20,0.0,0.0,0.0,True,3.6124179363250732,1.0,1.0,3.647341012954712,1,1,3.6515393257141113,3.651648998260498,full,19793,False,20,0.3542201519012451,0.25119471549987793,0.8687844276428223
multi_coarse_620,multi_coarse,stitch,corafull,6,6,34,True,1.0,"[6, 17]",20,0.004862308502197266,0.0001323223114013672,0.021219491958618164,True,0.4240691661834717,1.0,1.0,0.43230104446411133,1,1,1.094658374786377,1.1642262935638428,top-5,5912,False,20,0.3542201519012451,0.25119471549987793,0.8687844276428223
multi_coarse_620,multi_coarse,full,corafull,6,-1,-1,False,0.0,"[6, 17]",20,0.0,0.0,0.0,True,3.8769586086273193,1.0,1.0,3.913461208343506,1,1,3.917832612991333,3.91800856590271,full,19793,False,20,0.3542201519012451,0.25119471549987793,0.8687844276428223
multi_coarse_621,multi_coarse,stitch,corafull,13,13,66,True,1.0,"[13, 18]",20,0.004932880401611328,0.0001392364501953125,0.022124767303466797,True,0.3333394527435303,1.0,1.0,0.3411600589752197,1,1,0.7730605602264404,0.8413872718811035,top-5,5912,False,20,0.3542201519012451,0.25119471549987793,0.8687844276428223
multi_coarse_621,multi_coarse,full,corafull,13,-1,-1,False,0.0,"[13, 18]",20,0.0,0.0,0.0,True,3.521672248840332,1.0,1.0,3.5530734062194824,1,1,3.5572149753570557,3.557358741760254,full,19793,False,20,0.3542201519012451,0.25119471549987793,0.8687844276428223
multi_coarse_622,multi_coarse,stitch,corafull,7,7,38,True,1.0,"[7, 10]",20,0.004753589630126953,0.0001347064971923828,0.02035355567932129,True,0.36757564544677734,1.0,1.0,0.37585997581481934,1,1,0.7898755073547363,0.849266529083252,top-5,5958,False,20,0.3542201519012451,0.25119471549987793,0.8687844276428223
multi_coarse_622,multi_coarse,full,corafull,7,-1,-1,False,0.0,"[7, 10]",20,0.0,0.0,0.0,True,3.5711147785186768,1.0,1.0,3.6031334400177,1,1,3.607790231704712,3.6079227924346924,full,19793,False,20,0.3542201519012451,0.25119471549987793,0.8687844276428223
multi_coarse_623,multi_coarse,stitch,corafull,17,17,87,True,1.0,"[17, 18]",14,0.0047795772552490234,0.0001456737518310547,0.02375936508178711,True,0.3669588565826416,1.0,1.0,0.37520313262939453,1,1,0.8003783226013184,0.8738765716552734,top-5,5864,False,20,0.3542201519012451,0.25119471549987793,0.8687844276428223
multi_coarse_623,multi_coarse,full,corafull,17,-1,-1,False,0.0,"[17, 18]",14,0.0,0.0,0.0,True,3.5240142345428467,1.0,1.0,3.5509183406829834,1,1,3.554579019546509,3.5546674728393555,full,19793,False,20,0.3542201519012451,0.25119471549987793,0.8687844276428223
multi_coarse_624,multi_coarse,stitch,corafull,1,15,76,True,1.0,"[1, 15]",16,0.004758119583129883,0.00012993812561035156,0.0205230712890625,True,0.33185291290283203,1.0,1.0,0.33780503273010254,1,1,0.7584695816040039,0.8187966346740723,top-5,5906,False,20,0.3542201519012451,0.25119471549987793,0.8687844276428223
multi_coarse_624,multi_coarse,full,corafull,1,-1,-1,False,0.0,"[1, 15]",16,0.0,0.0,0.0,True,3.3421897888183594,1.0,1.0,3.370478868484497,1,1,3.3741557598114014,3.374307870864868,full,19793,False,20,0.3542201519012451,0.25119471549987793,0.8687844276428223
multi_coarse_625,multi_coarse,stitch,corafull,9,9,46,True,1.0,"[9, 15]",20,0.0049207210540771484,0.0001537799835205078,0.020830631256103516,True,0.38498973846435547,1.0,1.0,0.3957986831665039,1,1,0.8264448642730713,0.8871424198150635,top-5,6035,False,20,0.3542201519012451,0.25119471549987793,0.8687844276428223
multi_coarse_625,multi_coarse,full,corafull,9,-1,-1,False,0.0,"[9, 15]",20,0.0,0.0,0.0,True,3.5369443893432617,0.95,1.0,3.5715556144714355,2,2,3.5758728981018066,3.5760371685028076,full,19793,False,20,0.3542201519012451,0.25119471549987793,0.8687844276428223
multi_coarse_626,multi_coarse,stitch,corafull,13,17,87,True,1.0,"[13, 17]",13,0.0052127838134765625,0.00016736984252929688,0.020659446716308594,True,0.35801100730895996,1.0,1.0,0.3664226531982422,1,1,0.7959694862365723,0.8593580722808838,top-5,5912,False,20,0.3542201519012451,0.25119471549987793,0.8687844276428223
multi_coarse_626,multi_coarse,full,corafull,13,-1,-1,False,0.0,"[13, 17]",13,0.0,0.0,0.0,True,3.5178699493408203,1.0,1.0,3.5513501167297363,1,1,3.554682731628418,3.554818630218506,full,19793,False,20,0.3542201519012451,0.25119471549987793,0.8687844276428223
multi_coarse_627,multi_coarse,stitch,corafull,8,10,53,True,1.0,"[8, 10]",20,0.004938364028930664,0.00013375282287597656,0.020448923110961914,True,0.37290430068969727,1.0,1.0,0.3813292980194092,1,1,0.8079674243927002,0.8676896095275879,top-5,5948,False,20,0.3542201519012451,0.25119471549987793,0.8687844276428223
multi_coarse_627,multi_coarse,full,corafull,8,-1,-1,False,0.0,"[8, 10]",20,0.0,0.0,0.0,True,3.6065921783447266,1.0,1.0,3.641371011734009,1,1,3.645869493484497,3.6459784507751465,full,19793,False,20,0.3542201519012451,0.25119471549987793,0.8687844276428223
multi_coarse_628,multi_coarse,stitch,corafull,3,3,16,True,1.0,"[3, 7]",20,0.004932403564453125,0.00013685226440429688,0.024469852447509766,True,0.39002108573913574,1.0,1.0,0.398850679397583,1,1,0.8269450664520264,0.8945662975311279,top-5,5904,False,20,0.3542201519012451,0.25119471549987793,0.8687844276428223
multi_coarse_628,multi_coarse,full,corafull,3,-1,-1,False,0.0,"[3, 7]",20,0.0,0.0,0.0,True,3.7175025939941406,1.0,1.0,3.7516775131225586,1,1,3.7581403255462646,3.758237838745117,full,19793,False,20,0.3542201519012451,0.25119471549987793,0.8687844276428223
multi_coarse_629,multi_coarse,stitch,corafull,2,10,51,True,1.0,"[2, 10]",20,0.004982948303222656,0.00014734268188476562,0.021099567413330078,True,0.401216983795166,0.95,1.0,0.4087817668914795,10,10,0.8534018993377686,0.9177958965301514,top-5,5883,False,20,0.3542201519012451,0.25119471549987793,0.8687844276428223
multi_coarse_629,multi_coarse,full,corafull,2,-1,-1,False,0.0,"[2, 10]",20,0.0,0.0,0.0,True,3.676017999649048,0.9,1.0,3.726667881011963,46,46,3.7364368438720703,3.7365365028381348,full,19793,False,20,0.3542201519012451,0.25119471549987793,0.8687844276428223
multi_coarse_630,multi_coarse,stitch,corafull,0,2,10,True,1.0,"[0, 2]",19,0.004858970642089844,0.00013399124145507812,0.021795272827148438,True,0.39310503005981445,1.0,1.0,0.4025712013244629,1,1,0.8530020713806152,0.9259035587310791,top-5,5900,False,20,0.3542201519012451,0.25119471549987793,0.8687844276428223
multi_coarse_630,multi_coarse,full,corafull,0,-1,-1,False,0.0,"[0, 2]",19,0.0,0.0,0.0,True,3.8137412071228027,1.0,1.0,3.8417763710021973,1,1,3.8468267917633057,3.8470160961151123,full,19793,False,20,0.3542201519012451,0.25119471549987793,0.8687844276428223
multi_coarse_631,multi_coarse,stitch,corafull,9,9,46,True,1.0,"[9, 13]",20,0.0049381256103515625,0.0001595020294189453,0.02082514762878418,True,0.3836071491241455,1.0,1.0,0.39240455627441406,1,1,0.8440151214599609,0.9119670391082764,top-5,6036,False,20,0.3542201519012451,0.25119471549987793,0.8687844276428223
multi_coarse_631,multi_coarse,full,corafull,9,-1,-1,False,0.0,"[9, 13]",20,0.0,0.0,0.0,True,3.5876400470733643,1.0,1.0,3.626255989074707,1,1,3.6305534839630127,3.6306488513946533,full,19793,False,20,0.3542201519012451,0.25119471549987793,0.8687844276428223
multi_coarse_632,multi_coarse,stitch,corafull,1,2,11,True,1.0,"[1, 2]",20,0.005203962326049805,0.00016570091247558594,0.021067142486572266,True,0.3753235340118408,1.0,1.0,0.3848729133605957,1,1,0.8109729290008545,0.8729534149169922,top-5,5935,False,20,0.3542201519012451,0.25119471549987793,0.8687844276428223
multi_coarse_632,multi_coarse,full,corafull,1,-1,-1,False,0.0,"[1, 2]",20,0.0,0.0,0.0,True,3.7656216621398926,1.0,1.0,3.7963900566101074,1,1,3.8007655143737793,3.8009140491485596,full,19793,False,20,0.3542201519012451,0.25119471549987793,0.8687844276428223
multi_coarse_633,multi_coarse,stitch,corafull,3,15,78,True,1.0,"[3, 15]",20,0.005092144012451172,0.00014472007751464844,0.021604537963867188,True,0.36574602127075195,1.0,1.0,0.37367844581604004,1,1,0.8244295120239258,0.9019045829772949,top-5,6003,False,20,0.3542201519012451,0.25119471549987793,0.8687844276428223
multi_coarse_633,multi_coarse,full,corafull,3,-1,-1,False,0.0,"[3, 15]",20,0.0,0.0,0.0,True,3.6856725215911865,1.0,1.0,3.7210781574249268,1,1,3.7252182960510254,3.7253177165985107,full,19793,False,20,0.3542201519012451,0.25119471549987793,0.8687844276428223
multi_coarse_634,multi_coarse,stitch,corafull,1,6,32,True,1.0,"[1, 6]",20,0.0048639774322509766,0.00013875961303710938,0.02186870574951172,True,0.39995360374450684,1.0,1.0,0.4097752571105957,1,1,0.8614916801452637,0.9295253753662109,top-5,5989,False,20,0.3542201519012451,0.25119471549987793,0.8687844276428223
multi_coarse_634,multi_coarse,full,corafull,1,-1,-1,False,0.0,"[1, 6]",20,0.0,0.0,0.0,True,3.714322328567505,1.0,1.0,3.7462964057922363,1,1,3.7508277893066406,3.7509772777557373,full,19793,False,20,0.3542201519012451,0.25119471549987793,0.8687844276428223
multi_coarse_635,multi_coarse,stitch,corafull,2,14,70,True,1.0,"[2, 14]",20,0.005079746246337891,0.00017404556274414062,0.02200627326965332,True,0.3644716739654541,1.0,1.0,0.37304019927978516,1,1,0.8164265155792236,0.8798122406005859,top-5,5943,False,20,0.3542201519012451,0.25119471549987793,0.8687844276428223
multi_coarse_635,multi_coarse,full,corafull,2,-1,-1,False,0.0,"[2, 14]",20,0.0,0.0,0.0,True,3.6369850635528564,1.0,1.0,3.668452501296997,1,1,3.6726927757263184,3.672800302505493,full,19793,False,20,0.3542201519012451,0.25119471549987793,0.8687844276428223
multi_coarse_636,multi_coarse,stitch,corafull,12,13,66,True,1.0,"[12, 13]",20,0.004895687103271484,0.0001456737518310547,0.02049994468688965,True,0.3679540157318115,1.0,1.0,0.3772890567779541,1,1,0.8140299320220947,0.8802597522735596,top-5,5945,False,20,0.3542201519012451,0.25119471549987793,0.8687844276428223
multi_coarse_636,multi_coarse,full,corafull,12,-1,-1,False,0.0,"[12, 13]",20,0.0,0.0,0.0,True,3.574366331100464,1.0,1.0,3.605362892150879,1,1,3.6096928119659424,3.6098203659057617,full,19793,False,20,0.3542201519012451,0.25119471549987793,0.8687844276428223
multi_coarse_637,multi_coarse,stitch,corafull,0,13,69,True,1.0,"[0, 13]",20,0.0050737857818603516,0.0001442432403564453,0.02076864242553711,True,0.39377808570861816,1.0,1.0,0.40128636360168457,1,1,0.8481979370117188,0.9246373176574707,top-5,6001,False,20,0.3542201519012451,0.25119471549987793,0.8687844276428223
multi_coarse_637,multi_coarse,full,corafull,0,-1,-1,False,0.0,"[0, 13]",20,0.0,0.0,0.0,True,3.598301649093628,1.0,1.0,3.6355574131011963,1,1,3.639920949935913,3.6400818824768066,full,19793,False,20,0.3542201519012451,0.25119471549987793,0.8687844276428223
multi_coarse_638,multi_coarse,stitch,corafull,0,0,2,True,1.0,"[0, 19]",20,0.005030155181884766,0.00015163421630859375,0.020267963409423828,True,0.39642834663391113,1.0,1.0,0.41024255752563477,1,1,0.840487003326416,0.9009842872619629,top-5,5966,False,20,0.3542201519012451,0.25119471549987793,0.8687844276428223
multi_coarse_638,multi_coarse,full,corafull,0,-1,-1,False,0.0,"[0, 19]",20,0.0,0.0,0.0,True,3.587643623352051,1.0,1.0,3.619025468826294,1,1,3.6229701042175293,3.6231119632720947,full,19793,False,20,0.3542201519012451,0.25119471549987793,0.8687844276428223
multi_coarse_639,multi_coarse,stitch,corafull,7,7,36,True,1.0,"[7, 19]",20,0.00513458251953125,0.0001423358917236328,0.021177053451538086,True,0.42610716819763184,1.0,1.0,0.43735671043395996,1,1,0.8759691715240479,0.9384403228759766,top-5,5969,False,20,0.3542201519012451,0.25119471549987793,0.8687844276428223
multi_coarse_639,multi_coarse,full,corafull,7,-1,-1,False,0.0,"[7, 19]",20,0.0,0.0,0.0,True,3.676222085952759,1.0,1.0,3.7058420181274414,1,1,3.7103397846221924,3.710547685623169,full,19793,False,20,0.3542201519012451,0.25119471549987793,0.8687844276428223
multi_coarse_640,multi_coarse,stitch,corafull,8,8,43,True,1.0,"[8, 12]",20,0.005448341369628906,0.00022482872009277344,0.022080421447753906,True,0.35689592361450195,1.0,1.0,0.3661191463470459,1,1,0.8095910549163818,0.8736996650695801,top-5,5947,False,20,0.3542201519012451,0.25119471549987793,0.8687844276428223
multi_coarse_640,multi_coarse,full,corafull,8,-1,-1,False,0.0,"[8, 12]",20,0.0,0.0,0.0,True,3.6048762798309326,1.0,1.0,3.6362953186035156,1,1,3.6408913135528564,3.6410419940948486,full,19793,False,20,0.3542201519012451,0.25119471549987793,0.8687844276428223
multi_coarse_641,multi_coarse,stitch,corafull,6,9,46,True,1.0,"[6, 9]",20,0.004815816879272461,0.00015306472778320312,0.02071976661682129,True,0.3648335933685303,1.0,1.0,0.3734002113342285,1,1,0.8240547180175781,0.8887224197387695,top-5,5976,False,20,0.3542201519012451,0.25119471549987793,0.8687844276428223
multi_coarse_641,multi_coarse,full,corafull,6,-1,-1,False,0.0,"[6, 9]",20,0.0,0.0,0.0,True,3.7461209297180176,1.0,1.0,3.7781591415405273,1,1,3.782461166381836,3.78259539604187,full,19793,False,20,0.3542201519012451,0.25119471549987793,0.8687844276428223
multi_coarse_642,multi_coarse,stitch,corafull,1,1,7,True,1.0,"[1, 9]",20,0.0053937435150146484,0.0001533031463623047,0.022488832473754883,True,0.3638169765472412,1.0,1.0,0.3712880611419678,1,1,0.7830653190612793,0.8512043952941895,top-5,5938,False,20,0.3542201519012451,0.25119471549987793,0.8687844276428223
multi_coarse_642,multi_coarse,full,corafull,1,-1,-1,False,0.0,"[1, 9]",20,0.0,0.0,0.0,True,3.4618008136749268,1.0,1.0,3.4958713054656982,1,1,3.5001535415649414,3.5002965927124023,full,19793,False,20,0.3542201519012451,0.25119471549987793,0.8687844276428223
multi_coarse_643,multi_coarse,stitch,corafull,0,14,71,True,1.0,"[0, 14]",20,0.0049648284912109375,0.00013971328735351562,0.020140886306762695,True,0.3541245460510254,1.0,1.0,0.3620927333831787,1,1,0.8118433952331543,0.8757338523864746,top-5,5950,False,20,0.3542201519012451,0.25119471549987793,0.8687844276428223
multi_coarse_643,multi_coarse,full,corafull,0,-1,-1,False,0.0,"[0, 14]",20,0.0,0.0,0.0,True,3.713622808456421,1.0,1.0,3.756347894668579,1,1,3.7603299617767334,3.760430335998535,full,19793,False,20,0.3542201519012451,0.25119471549987793,0.8687844276428223
multi_coarse_644,multi_coarse,stitch,corafull,11,16,81,True,1.0,"[11, 16]",12,0.0046617984771728516,0.00013899803161621094,0.02013993263244629,True,3.5595216751098633,1.0,1.0,3.591782569885254,1,1,5.473374605178833,5.621618270874023,top-20,19793,False,20,0.3542201519012451,0.25119471549987793,0.8687844276428223
multi_coarse_644,multi_coarse,full,corafull,11,-1,-1,False,0.0,"[11, 16]",12,0.0,0.0,0.0,True,3.447136640548706,1.0,1.0,3.4774653911590576,1,1,3.480571985244751,3.4806835651397705,full,19793,False,20,0.3542201519012451,0.25119471549987793,0.8687844276428223
multi_coarse_645,multi_coarse,stitch,corafull,7,15,77,True,1.0,"[7, 15]",20,0.005009651184082031,0.0001361370086669922,0.020586729049682617,True,0.4029269218444824,1.0,1.0,0.41259264945983887,1,1,0.8564388751983643,0.9171969890594482,top-5,5975,False,20,0.3542201519012451,0.25119471549987793,0.8687844276428223
multi_coarse_645,multi_coarse,full,corafull,7,-1,-1,False,0.0,"[7, 15]",20,0.0,0.0,0.0,True,3.6711599826812744,1.0,1.0,3.7055606842041016,1,1,3.7118818759918213,3.7120361328125,full,19793,False,20,0.3542201519012451,0.25119471549987793,0.8687844276428223
multi_coarse_646,multi_coarse,stitch,corafull,14,14,72,True,1.0,"[14, 19]",18,0.004966259002685547,0.0002377033233642578,0.022624969482421875,True,0.352924108505249,1.0,1.0,0.3611423969268799,1,1,0.7960958480834961,0.8633902072906494,top-5,5923,False,20,0.3542201519012451,0.25119471549987793,0.8687844276428223
multi_coarse_646,multi_coarse,full,corafull,14,-1,-1,False,0.0,"[14, 19]",18,0.0,0.0,0.0,True,3.567094564437866,1.0,1.0,3.595393180847168,1,1,3.5999279022216797,3.600045919418335,full,19793,False,20,0.3542201519012451,0.25119471549987793,0.8687844276428223
multi_coarse_647,multi_coarse,stitch,corafull,12,12,60,True,1.0,"[12, 17]",20,0.004648685455322266,0.00014019012451171875,0.020041942596435547,True,0.3810548782348633,1.0,1.0,0.3925039768218994,1,1,0.8106389045715332,0.8690297603607178,top-5,5869,False,20,0.3542201519012451,0.25119471549987793,0.8687844276428223
multi_coarse_647,multi_coarse,full,corafull,12,-1,-1,False,0.0,"[12, 17]",20,0.0,0.0,0.0,True,3.632561445236206,1.0,1.0,3.664808750152588,1,1,3.6695990562438965,3.669699192047119,full,19793,False,20,0.3542201519012451,0.25119471549987793,0.8687844276428223
multi_coarse_648,multi_coarse,stitch,corafull,5,15,77,True,1.0,"[5, 15]",14,0.005128145217895508,0.00015163421630859375,0.022316694259643555,True,0.40302371978759766,1.0,1.0,0.4105494022369385,1,1,0.8592300415039062,0.9272408485412598,top-5,6007,False,20,0.3542201519012451,0.25119471549987793,0.8687844276428223
multi_coarse_648,multi_coarse,full,corafull,5,-1,-1,False,0.0,"[5, 15]",14,0.0,0.0,0.0,True,3.525589942932129,1.0,1.0,3.5563018321990967,1,1,3.560249090194702,3.560359477996826,full,19793,False,20,0.3542201519012451,0.25119471549987793,0.8687844276428223
multi_coarse_649,multi_coarse,stitch,corafull,5,10,51,True,1.0,"[5, 10]",17,0.004707813262939453,0.0001468658447265625,0.02039194107055664,True,0.34876036643981934,1.0,1.0,0.35584425926208496,1,1,0.7928812503814697,0.8614752292633057,top-5,5911,False,20,0.3542201519012451,0.25119471549987793,0.8687844276428223
multi_coarse_649,multi_coarse,full,corafull,5,-1,-1,False,0.0,"[5, 10]",17,0.0,0.0,0.0,True,3.4895856380462646,1.0,1.0,3.524397611618042,1,1,3.5302677154541016,3.5303776264190674,full,19793,False,20,0.3542201519012451,0.25119471549987793,0.8687844276428223
multi_coarse_650,multi_coarse,stitch,corafull,2,14,74,True,1.0,"[2, 14]",20,0.004881143569946289,0.0003707408905029297,0.025386810302734375,True,0.3774604797363281,1.0,1.0,0.3897213935852051,1,1,0.8163442611694336,0.8862240314483643,top-5,5887,False,20,0.3542201519012451,0.25119471549987793,0.8687844276428223
multi_coarse_650,multi_coarse,full,corafull,2,-1,-1,False,0.0,"[2, 14]",20,0.0,0.0,0.0,True,3.6082892417907715,1.0,1.0,3.6544759273529053,1,1,3.6584744453430176,3.658618211746216,full,19793,False,20,0.3542201519012451,0.25119471549987793,0.8687844276428223
multi_coarse_651,multi_coarse,stitch,corafull,7,14,74,True,1.0,"[7, 14]",20,0.005522489547729492,0.00016164779663085938,0.021329641342163086,True,0.4510772228240967,1.0,1.0,0.46510863304138184,1,1,1.0527794361114502,1.1115999221801758,top-5,5969,False,20,0.3542201519012451,0.25119471549987793,0.8687844276428223
multi_coarse_651,multi_coarse,full,corafull,7,-1,-1,False,0.0,"[7, 14]",20,0.0,0.0,0.0,True,4.198118209838867,1.0,1.0,4.233361721038818,1,1,4.237912178039551,4.2380211353302,full,19793,False,20,0.3542201519012451,0.25119471549987793,0.8687844276428223
multi_coarse_652,multi_coarse,stitch,corafull,13,19,97,True,1.0,"[13, 19]",20,0.004864215850830078,0.00012874603271484375,0.020617961883544922,True,0.43428778648376465,1.0,1.0,0.4441714286804199,1,1,0.8867385387420654,0.9465732574462891,top-5,6017,False,20,0.3542201519012451,0.25119471549987793,0.8687844276428223
multi_coarse_652,multi_coarse,full,corafull,13,-1,-1,False,0.0,"[13, 19]",20,0.0,0.0,0.0,True,3.9773290157318115,1.0,1.0,4.009686231613159,1,1,4.014055967330933,4.014200210571289,full,19793,False,20,0.3542201519012451,0.25119471549987793,0.8687844276428223
multi_coarse_653,multi_coarse,stitch,corafull,2,5,27,True,1.0,"[2, 5]",16,0.0048465728759765625,0.0001380443572998047,0.02138376235961914,True,0.37628674507141113,1.0,1.0,0.38415002822875977,1,1,0.8148300647735596,0.8731658458709717,top-5,5870,False,20,0.3542201519012451,0.25119471549987793,0.8687844276428223
multi_coarse_653,multi_coarse,full,corafull,2,-1,-1,False,0.0,"[2, 5]",16,0.0,0.0,0.0,True,3.6283586025238037,1.0,1.0,3.6630375385284424,1,1,3.6670494079589844,3.6671767234802246,full,19793,False,20,0.3542201519012451,0.25119471549987793,0.8687844276428223
multi_coarse_654,multi_coarse,stitch,corafull,0,14,72,True,1.0,"[0, 14]",19,0.005549430847167969,0.00019359588623046875,0.022887229919433594,True,0.42772603034973145,1.0,1.0,0.43866801261901855,1,1,0.9028170108795166,0.9808754920959473,top-5,5890,False,20,0.3542201519012451,0.25119471549987793,0.8687844276428223
multi_coarse_654,multi_coarse,full,corafull,0,-1,-1,False,0.0,"[0, 14]",19,0.0,0.0,0.0,True,3.651620626449585,1.0,1.0,3.682648181915283,1,1,3.6872007846832275,3.6873064041137695,full,19793,False,20,0.3542201519012451,0.25119471549987793,0.8687844276428223
multi_coarse_655,multi_coarse,stitch,corafull,0,16,81,True,1.0,"[0, 16]",20,0.0048961639404296875,0.00013589859008789062,0.020712614059448242,True,0.3785574436187744,0.95,1.0,0.38976097106933594,2,2,0.823664665222168,0.8902361392974854,top-5,5967,False,20,0.3542201519012451,0.25119471549987793,0.8687844276428223
multi_coarse_655,multi_coarse,full,corafull,0,-1,-1,False,0.0,"[0, 16]",20,0.0,0.0,0.0,True,3.4690968990325928,0.95,1.0,3.5007259845733643,4,4,3.5051724910736084,3.505298137664795,full,19793,False,20,0.3542201519012451,0.25119471549987793,0.8687844276428223
multi_coarse_656,multi_coarse,stitch,corafull,11,12,62,True,1.0,"[11, 12]",14,0.004971027374267578,0.00015664100646972656,0.020629405975341797,True,0.35628509521484375,1.0,1.0,0.36630964279174805,1,1,0.7850186824798584,0.8427994251251221,top-5,5911,False,20,0.3542201519012451,0.25119471549987793,0.8687844276428223
multi_coarse_656,multi_coarse,full,corafull,11,-1,-1,False,0.0,"[11, 12]",14,0.0,0.0,0.0,True,3.6690218448638916,1.0,1.0,3.6969807147979736,1,1,3.700380563735962,3.700528621673584,full,19793,False,20,0.3542201519012451,0.25119471549987793,0.8687844276428223
multi_coarse_657,multi_coarse,stitch,corafull,5,16,84,True,1.0,"[5, 16]",20,0.004976987838745117,0.00015282630920410156,0.020779848098754883,True,0.3692598342895508,1.0,1.0,0.37984609603881836,1,1,0.7902345657348633,0.8481690883636475,top-5,5988,False,20,0.3542201519012451,0.25119471549987793,0.8687844276428223
multi_coarse_657,multi_coarse,full,corafull,5,-1,-1,False,0.0,"[5, 16]",20,0.0,0.0,0.0,True,3.9041407108306885,1.0,1.0,3.958592414855957,1,1,3.963440418243408,3.9635636806488037,full,19793,False,20,0.3542201519012451,0.25119471549987793,0.8687844276428223
multi_coarse_658,multi_coarse,stitch,corafull,9,14,72,True,1.0,"[9, 14]",20,0.007177591323852539,0.0002846717834472656,0.02214217185974121,True,0.36629319190979004,1.0,1.0,0.37341809272766113,1,1,0.8149588108062744,0.9078779220581055,top-5,5944,False,20,0.3542201519012451,0.25119471549987793,0.8687844276428223
multi_coarse_658,multi_coarse,full,corafull,9,-1,-1,False,0.0,"[9, 14]",20,0.0,0.0,0.0,True,3.6356041431427,1.0,1.0,3.6699798107147217,1,1,3.673977851867676,3.6741039752960205,full,19793,False,20,0.3542201519012451,0.25119471549987793,0.8687844276428223
multi_coarse_659,multi_coarse,stitch,corafull,8,10,54,True,1.0,"[8, 10]",20,0.004717111587524414,0.00012755393981933594,0.020483732223510742,True,0.40078115463256836,1.0,1.0,0.4157679080963135,1,1,0.8395860195159912,0.9001355171203613,top-5,5938,False,20,0.3542201519012451,0.25119471549987793,0.8687844276428223
multi_coarse_659,multi_coarse,full,corafull,8,-1,-1,False,0.0,"[8, 10]",20,0.0,0.0,0.0,True,3.8440444469451904,1.0,1.0,3.876019239425659,1,1,3.8801116943359375,3.8802106380462646,full,19793,False,20,0.3542201519012451,0.25119471549987793,0.8687844276428223
multi_coarse_660,multi_coarse,stitch,corafull,4,4,20,True,1.0,"[4, 12]",17,0.0050508975982666016,0.0001437664031982422,0.02121567726135254,True,0.34992384910583496,1.0,1.0,0.36567187309265137,1,1,0.7903213500976562,0.8522837162017822,top-5,5909,False,20,0.3542201519012451,0.25119471549987793,0.8687844276428223
multi_coarse_660,multi_coarse,full,corafull,4,-1,-1,False,0.0,"[4, 12]",17,0.0,0.0,0.0,True,3.9531209468841553,1.0,1.0,4.003760576248169,1,1,4.007660388946533,4.00776219367981,full,19793,False,20,0.3542201519012451,0.25119471549987793,0.8687844276428223
multi_coarse_661,multi_coarse,stitch,corafull,10,10,51,True,1.0,"[10, 13]",20,0.004872560501098633,0.00016427040100097656,0.020450353622436523,True,0.6292407512664795,1.0,1.0,0.6462242603302002,1,1,1.0961155891418457,1.1582729816436768,top-5,6036,False,20,0.3542201519012451,0.25119471549987793,0.8687844276428223
multi_coarse_661,multi_coarse,full,corafull,10,-1,-1,False,0.0,"[10, 13]",20,0.0,0.0,0.0,True,6.594502925872803,1.0,1.0,6.644791603088379,1,1,6.649338245391846,6.649488210678101,full,19793,False,20,0.3542201519012451,0.25119471549987793,0.8687844276428223
multi_coarse_662,multi_coarse,stitch,corafull,1,1,5,True,1.0,"[1, 16]",12,0.005119800567626953,0.0002562999725341797,0.024199724197387695,True,0.9738717079162598,1.0,1.0,0.98764967918396,1,1,1.4136803150177002,1.6799335479736328,top-5,5914,False,20,0.3542201519012451,0.25119471549987793,0.8687844276428223
multi_coarse_662,multi_coarse,full,corafull,1,-1,-1,False,0.0,"[1, 16]",12,0.0,0.0,0.0,True,9.44076132774353,1.0,1.0,9.494917631149292,1,1,9.499083518981934,9.499212503433228,full,19793,False,20,0.3542201519012451,0.25119471549987793,0.8687844276428223
multi_coarse_663,multi_coarse,stitch,corafull,0,0,1,True,1.0,"[0, 2]",20,0.004846096038818359,0.00014019012451171875,0.020593643188476562,True,1.2999355792999268,1.0,1.0,1.3144662380218506,1,1,1.751619577407837,1.8691203594207764,top-5,5861,False,20,0.3542201519012451,0.25119471549987793,0.8687844276428223
multi_coarse_663,multi_coarse,full,corafull,0,-1,-1,False,0.0,"[0, 2]",20,0.0,0.0,0.0,True,4.7960827350616455,1.0,1.0,4.840466499328613,1,1,4.844759941101074,4.844909429550171,full,19793,False,20,0.3542201519012451,0.25119471549987793,0.8687844276428223
multi_coarse_664,multi_coarse,stitch,corafull,0,5,28,True,1.0,"[0, 5]",20,0.005076169967651367,0.00015687942504882812,0.02047419548034668,True,0.3424842357635498,1.0,1.0,0.3544466495513916,1,1,0.7732372283935547,0.8364131450653076,top-5,5923,False,20,0.3542201519012451,0.25119471549987793,0.8687844276428223
multi_coarse_664,multi_coarse,full,corafull,0,-1,-1,False,0.0,"[0, 5]",20,0.0,0.0,0.0,True,4.573010206222534,1.0,1.0,4.6067657470703125,1,1,4.611129999160767,4.611229658126831,full,19793,False,20,0.3542201519012451,0.25119471549987793,0.8687844276428223
multi_coarse_665,multi_coarse,stitch,corafull,9,9,46,True,1.0,"[9, 12]",20,0.006034374237060547,0.00018215179443359375,0.021385908126831055,True,0.807732105255127,1.0,1.0,0.8203902244567871,1,1,1.265650987625122,1.3290936946868896,top-5,5988,False,20,0.3542201519012451,0.25119471549987793,0.8687844276428223
multi_coarse_665,multi_coarse,full,corafull,9,-1,-1,False,0.0,"[9, 12]",20,0.0,0.0,0.0,True,7.445519208908081,1.0,1.0,7.487048387527466,1,1,7.491356134414673,7.491488456726074,full,19793,False,20,0.3542201519012451,0.25119471549987793,0.8687844276428223
multi_coarse_666,multi_coarse,stitch,corafull,13,17,85,True,1.0,"[13, 17]",20,0.004649639129638672,0.00014138221740722656,0.019775867462158203,True,0.36026978492736816,1.0,1.0,0.3676269054412842,1,1,0.7941141128540039,0.8556125164031982,top-5,5925,False,20,0.3542201519012451,0.25119471549987793,0.8687844276428223
multi_coarse_666,multi_coarse,full,corafull,13,-1,-1,False,0.0,"[13, 17]",20,0.0,0.0,0.0,True,7.679764270782471,1.0,1.0,7.707485914230347,1,1,7.711650133132935,7.711789608001709,full,19793,False,20,0.3542201519012451,0.25119471549987793,0.8687844276428223
multi_coarse_667,multi_coarse,stitch,corafull,0,1,9,True,1.0,"[0, 1]",15,0.005019664764404297,0.0001385211944580078,0.02060389518737793,True,0.36908721923828125,1.0,1.0,0.3784921169281006,1,1,0.8033428192138672,0.8647899627685547,top-5,5886,False,20,0.3542201519012451,0.25119471549987793,0.8687844276428223
multi_coarse_667,multi_coarse,full,corafull,0,-1,-1,False,0.0,"[0, 1]",15,0.0,0.0,0.0,True,4.342334270477295,1.0,1.0,4.3784706592559814,1,1,4.382030963897705,4.3821845054626465,full,19793,False,20,0.3542201519012451,0.25119471549987793,0.8687844276428223
multi_coarse_668,multi_coarse,stitch,corafull,2,3,16,True,1.0,"[2, 3]",20,0.005387067794799805,0.0002560615539550781,0.02286529541015625,True,0.37886762619018555,1.0,1.0,0.38706159591674805,1,1,0.8283672332763672,0.8964760303497314,top-5,5955,False,20,0.3542201519012451,0.25119471549987793,0.8687844276428223
multi_coarse_668,multi_coarse,full,corafull,2,-1,-1,False,0.0,"[2, 3]",20,0.0,0.0,0.0,True,7.927744388580322,1.0,1.0,7.972808837890625,1,1,7.977140665054321,7.977292537689209,full,19793,False,20,0.3542201519012451,0.25119471549987793,0.8687844276428223
multi_coarse_669,multi_coarse,stitch,corafull,9,14,73,True,1.0,"[9, 14]",20,0.0047872066497802734,0.00013589859008789062,0.020163536071777344,True,0.36026978492736816,0.95,1.0,0.36976075172424316,2,2,0.8078148365020752,0.870800256729126,top-5,5921,False,20,0.3542201519012451,0.25119471549987793,0.8687844276428223
multi_coarse_669,multi_coarse,full,corafull,9,-1,-1,False,0.0,"[9, 14]",20,0.0,0.0,0.0,True,6.853757858276367,0.95,1.0,6.89662766456604,2,2,6.901067495346069,6.901193380355835,full,19793,False,20,0.3542201519012451,0.25119471549987793,0.8687844276428223
multi_coarse_670,multi_coarse,stitch,corafull,2,6,32,True,1.0,"[2, 6]",20,0.005361318588256836,0.000133514404296875,0.02151656150817871,True,0.3850972652435303,1.0,1.0,0.3966495990753174,1,1,0.8598384857177734,0.9289867877960205,top-5,6010,False,20,0.3542201519012451,0.25119471549987793,0.8687844276428223
multi_coarse_670,multi_coarse,full,corafull,2,-1,-1,False,0.0,"[2, 6]",20,0.0,0.0,0.0,True,3.514775037765503,1.0,1.0,3.5443227291107178,1,1,3.5486302375793457,3.5487632751464844,full,19793,False,20,0.3542201519012451,0.25119471549987793,0.8687844276428223
multi_coarse_671,multi_coarse,stitch,corafull,1,6,33,True,1.0,"[1, 6]",14,0.004663228988647461,0.00012731552124023438,0.020215749740600586,True,0.36134934425354004,1.0,1.0,0.37256669998168945,1,1,0.7939853668212891,0.8508732318878174,top-5,5924,False,20,0.3542201519012451,0.25119471549987793,0.8687844276428223
multi_coarse_671,multi_coarse,full,corafull,1,-1,-1,False,0.0,"[1, 6]",14,0.0,0.0,0.0,True,3.6715149879455566,1.0,1.0,3.7053139209747314,1,1,3.708743095397949,3.708841323852539,full,19793,False,20,0.3542201519012451,0.25119471549987793,0.8687844276428223
multi_coarse_672,multi_coarse,stitch,corafull,0,0,0,True,1.0,"[0, 11]",12,0.0049288272857666016,0.00014519691467285156,0.02103257179260254,True,0.3908810615539551,1.0,1.0,0.4026515483856201,1,1,0.8386328220367432,0.9008970260620117,top-5,5945,False,20,0.3542201519012451,0.25119471549987793,0.8687844276428223
multi_coarse_672,multi_coarse,full,corafull,0,-1,-1,False,0.0,"[0, 11]",12,0.0,0.0,0.0,True,3.538403034210205,1.0,1.0,3.571805953979492,1,1,3.575005531311035,3.57513165473938,full,19793,False,20,0.3542201519012451,0.25119471549987793,0.8687844276428223
multi_coarse_673,multi_coarse,stitch,corafull,5,12,64,True,1.0,"[5, 12]",20,0.0045833587646484375,0.00012969970703125,0.019501686096191406,True,0.34997129440307617,1.0,1.0,0.3594529628753662,1,1,0.7880663871765137,0.8456144332885742,top-5,5871,False,20,0.3542201519012451,0.25119471549987793,0.8687844276428223
multi_coarse_673,multi_coarse,full,corafull,5,-1,-1,False,0.0,"[5, 12]",20,0.0,0.0,0.0,True,3.91561222076416,1.0,1.0,3.947342872619629,1,1,3.9522593021392822,3.9523797035217285,full,19793,False,20,0.3542201519012451,0.25119471549987793,0.8687844276428223
multi_coarse_674,multi_coarse,stitch,corafull,8,14,71,True,1.0,"[8, 14]",20,0.005002498626708984,0.00013947486877441406,0.02105236053466797,True,0.38185548782348633,1.0,1.0,0.393221378326416,1,1,0.8277897834777832,0.8851141929626465,top-5,5955,False,20,0.3542201519012451,0.25119471549987793,0.8687844276428223
multi_coarse_674,multi_coarse,full,corafull,8,-1,-1,False,0.0,"[8, 14]",20,0.0,0.0,0.0,True,3.5351171493530273,1.0,1.0,3.56315016746521,1,1,3.567239761352539,3.5673744678497314,full,19793,False,20,0.3542201519012451,0.25119471549987793,0.8687844276428223
multi_coarse_675,multi_coarse,stitch,corafull,2,18,94,True,1.0,"[2, 18]",20,0.004864215850830078,0.00012969970703125,0.02035379409790039,True,0.34244704246520996,1.0,1.0,0.3526182174682617,1,1,0.7808043956756592,0.8442862033843994,top-5,5860,False,20,0.3542201519012451,0.25119471549987793,0.8687844276428223
multi_coarse_675,multi_coarse,full,corafull,2,-1,-1,False,0.0,"[2, 18]",20,0.0,0.0,0.0,True,4.11133885383606,1.0,1.0,4.140848398208618,1,1,4.144952297210693,4.145084381103516,full,19793,False,20,0.3542201519012451,0.25119471549987793,0.8687844276428223
multi_coarse_676,multi_coarse,stitch,corafull,6,17,88,True,1.0,"[6, 17]",17,0.004852771759033203,0.00013875961303710938,0.020829439163208008,True,0.3836507797241211,1.0,1.0,0.39502835273742676,1,1,0.8203668594360352,0.8846049308776855,top-5,5913,False,20,0.3542201519012451,0.25119471549987793,0.8687844276428223
multi_coarse_676,multi_coarse,full,corafull,6,-1,-1,False,0.0,"[6, 17]",17,0.0,0.0,0.0,True,3.55137038230896,1.0,1.0,3.588958978652954,1,1,3.593311071395874,3.5934548377990723,full,19793,False,20,0.3542201519012451,0.25119471549987793,0.8687844276428223
multi_coarse_677,multi_coarse,stitch,corafull,1,1,9,True,1.0,"[1, 16]",20,0.0049130916595458984,0.00013494491577148438,0.02038407325744629,True,0.37875866889953613,1.0,1.0,0.3861665725708008,1,1,0.8311951160430908,0.89046311378479,top-5,5929,False,20,0.3542201519012451,0.25119471549987793,0.8687844276428223
multi_coarse_677,multi_coarse,full,corafull,1,-1,-1,False,0.0,"[1, 16]",20,0.0,0.0,0.0,True,3.579010248184204,1.0,1.0,3.6081490516662598,1,1,3.6121315956115723,3.6122260093688965,full,19793,False,20,0.3542201519012451,0.25119471549987793,0.8687844276428223
multi_coarse_678,multi_coarse,stitch,corafull,9,16,80,True,1.0,"[9, 16]",20,0.004691362380981445,0.0001327991485595703,0.020124197006225586,True,0.3884587287902832,1.0,1.0,0.39628148078918457,1,1,0.8426539897918701,0.9022228717803955,top-5,6017,False,20,0.3542201519012451,0.25119471549987793,0.8687844276428223
multi_coarse_678,multi_coarse,full,corafull,9,-1,-1,False,0.0,"[9, 16]",20,0.0,0.0,0.0,True,3.600489616394043,1.0,1.0,3.6365504264831543,1,1,3.6404967308044434,3.6406285762786865,full,19793,False,20,0.3542201519012451,0.25119471549987793,0.8687844276428223
multi_coarse_679,multi_coarse,stitch,corafull,10,17,85,True,1.0,"[10, 17]",15,0.004828453063964844,0.00013780593872070312,0.020452260971069336,True,0.3784604072570801,1.0,1.0,0.3883805274963379,1,1,0.8105635643005371,0.8683218955993652,top-5,5887,False,20,0.3542201519012451,0.25119471549987793,0.8687844276428223
multi_coarse_679,multi_coarse,full,corafull,10,-1,-1,False,0.0,"[10, 17]",15,0.0,0.0,0.0,True,3.5075066089630127,1.0,1.0,3.5358834266662598,1,1,3.539231300354004,3.539382219314575,full,19793,False,20,0.3542201519012451,0.25119471549987793,0.8687844276428223
multi_coarse_680,multi_coarse,stitch,corafull,3,19,97,True,1.0,"[3, 19]",17,0.0048825740814208984,0.00013327598571777344,0.020567893981933594,True,0.34094786643981934,0.7058823529411765,0.8235294117647058,0.34528255462646484,100,100,0.786447286605835,0.8457591533660889,top-5,5902,False,20,0.3542201519012451,0.25119471549987793,0.8687844276428223
multi_coarse_680,multi_coarse,full,corafull,3,-1,-1,False,0.0,"[3, 19]",17,0.0,0.0,0.0,True,3.6278295516967773,0.7058823529411765,0.8235294117647058,3.6454153060913086,100,100,3.6580193042755127,3.6581459045410156,full,19793,False,20,0.3542201519012451,0.25119471549987793,0.8687844276428223
multi_coarse_681,multi_coarse,stitch,corafull,9,9,46,True,1.0,"[9, 11]",15,0.0046994686126708984,0.00015735626220703125,0.02065753936767578,True,0.3731682300567627,1.0,1.0,0.381072998046875,1,1,0.8267154693603516,0.8884451389312744,top-5,5985,False,20,0.3542201519012451,0.25119471549987793,0.8687844276428223
multi_coarse_681,multi_coarse,full,corafull,9,-1,-1,False,0.0,"[9, 11]",15,0.0,0.0,0.0,True,3.815408945083618,1.0,1.0,3.8507742881774902,1,1,3.8541126251220703,3.854254722595215,full,19793,False,20,0.3542201519012451,0.25119471549987793,0.8687844276428223
multi_coarse_682,multi_coarse,stitch,corafull,6,15,75,True,1.0,"[6, 15]",19,0.005693912506103516,0.00016832351684570312,0.022057056427001953,True,0.6428482532501221,1.0,1.0,0.6538379192352295,1,1,1.1576180458068848,1.235192060470581,top-5,6007,False,20,0.3542201519012451,0.25119471549987793,0.8687844276428223
multi_coarse_682,multi_coarse,full,corafull,6,-1,-1,False,0.0,"[6, 15]",19,0.0,0.0,0.0,True,4.158015012741089,1.0,1.0,4.190123796463013,1,1,4.195659637451172,4.195871353149414,full,19793,False,20,0.3542201519012451,0.25119471549987793,0.8687844276428223
multi_coarse_683,multi_coarse,stitch,corafull,11,13,66,True,1.0,"[11, 13]",12,0.0052890777587890625,0.00016188621520996094,0.021613121032714844,True,0.359177827835083,1.0,1.0,0.36809325218200684,1,1,0.8019177913665771,0.8669428825378418,top-5,5976,False,20,0.3542201519012451,0.25119471549987793,0.8687844276428223
multi_coarse_683,multi_coarse,full,corafull,11,-1,-1,False,0.0,"[11, 13]",12,0.0,0.0,0.0,True,3.6857099533081055,1.0,1.0,3.7146434783935547,1,1,3.7180287837982178,3.7181589603424072,full,19793,False,20,0.3542201519012451,0.25119471549987793,0.8687844276428223
multi_coarse_684,multi_coarse,stitch,corafull,15,16,84,True,1.0,"[15, 16]",15,0.0049571990966796875,0.0001361370086669922,0.02076411247253418,True,0.34449052810668945,1.0,1.0,0.35208654403686523,1,1,0.7619240283966064,0.8221559524536133,top-5,5996,False,20,0.3542201519012451,0.25119471549987793,0.8687844276428223
multi_coarse_684,multi_coarse,full,corafull,15,-1,-1,False,0.0,"[15, 16]",15,0.0,0.0,0.0,True,3.500680685043335,1.0,1.0,3.530805826187134,1,1,3.534383773803711,3.534520387649536,full,19793,False,20,0.3542201519012451,0.25119471549987793,0.8687844276428223
multi_coarse_685,multi_coarse,stitch,corafull,2,14,71,True,1.0,"[2, 14]",17,0.0050356388092041016,0.00014257431030273438,0.020801067352294922,True,0.3458268642425537,1.0,1.0,0.3555123805999756,1,1,0.780540943145752,0.8396420478820801,top-5,5885,False,20,0.3542201519012451,0.25119471549987793,0.8687844276428223
multi_coarse_685,multi_coarse,full,corafull,2,-1,-1,False,0.0,"[2, 14]",17,0.0,0.0,0.0,True,3.6167781352996826,1.0,1.0,3.649696111679077,1,1,3.654128074645996,3.6543259620666504,full,19793,False,20,0.3542201519012451,0.25119471549987793,0.8687844276428223
multi_coarse_686,multi_coarse,stitch,corafull,13,18,91,True,1.0,"[13, 18]",16,0.0047664642333984375,0.0001423358917236328,0.02025318145751953,True,0.37062764167785645,1.0,1.0,0.37996435165405273,1,1,0.8142058849334717,0.8729996681213379,top-5,5956,False,20,0.3542201519012451,0.25119471549987793,0.8687844276428223
multi_coarse_686,multi_coarse,full,corafull,13,-1,-1,False,0.0,"[13, 18]",16,0.0,0.0,0.0,True,3.54075026512146,1.0,1.0,3.5735743045806885,1,1,3.5772595405578613,3.577350378036499,full,19793,False,20,0.3542201519012451,0.25119471549987793,0.8687844276428223
multi_coarse_687,multi_coarse,stitch,corafull,13,15,75,True,1.0,"[13, 15]",20,0.004772186279296875,0.00013494491577148438,0.020407915115356445,True,0.416797399520874,1.0,1.0,0.4275484085083008,1,1,0.8729259967803955,0.9346005916595459,top-5,6033,False,20,0.3542201519012451,0.25119471549987793,0.8687844276428223
multi_coarse_687,multi_coarse,full,corafull,13,-1,-1,False,0.0,"[13, 15]",20,0.0,0.0,0.0,True,4.268040418624878,1.0,1.0,4.302769184112549,1,1,4.307034492492676,4.307131052017212,full,19793,False,20,0.3542201519012451,0.25119471549987793,0.8687844276428223
multi_coarse_688,multi_coarse,stitch,corafull,2,2,14,True,1.0,"[2, 11]",17,0.004770755767822266,0.0001277923583984375,0.02054452896118164,True,0.34750986099243164,1.0,1.0,0.3559589385986328,1,1,0.7806742191314697,0.8349361419677734,top-5,5913,False,20,0.3542201519012451,0.25119471549987793,0.8687844276428223
multi_coarse_688,multi_coarse,full,corafull,2,-1,-1,False,0.0,"[2, 11]",17,0.0,0.0,0.0,True,3.5490822792053223,1.0,1.0,3.579282283782959,1,1,3.5833194255828857,3.5834827423095703,full,19793,False,20,0.3542201519012451,0.25119471549987793,0.8687844276428223
multi_coarse_689,multi_coarse,stitch,corafull,3,15,77,True,1.0,"[3, 15]",17,0.0048007965087890625,0.0001494884490966797,0.020193099975585938,True,0.39308786392211914,0.8823529411764706,1.0,0.40337681770324707,6,6,0.8496766090393066,0.9088428020477295,top-5,5953,False,20,0.3542201519012451,0.25119471549987793,0.8687844276428223
multi_coarse_689,multi_coarse,full,corafull,3,-1,-1,False,0.0,"[3, 15]",17,0.0,0.0,0.0,True,3.565532684326172,0.8823529411764706,1.0,3.5938830375671387,6,6,3.5982186794281006,3.5983643531799316,full,19793,False,20,0.3542201519012451,0.25119471549987793,0.8687844276428223
multi_coarse_690,multi_coarse,stitch,corafull,0,9,48,True,1.0,"[0, 9]",16,0.0047702789306640625,0.00013709068298339844,0.020105838775634766,True,0.34376025199890137,1.0,1.0,0.35286831855773926,1,1,0.7806708812713623,0.8395471572875977,top-5,5965,False,20,0.3542201519012451,0.25119471549987793,0.8687844276428223
multi_coarse_690,multi_coarse,full,corafull,0,-1,-1,False,0.0,"[0, 9]",16,0.0,0.0,0.0,True,3.4612419605255127,1.0,1.0,3.4904797077178955,1,1,3.4943106174468994,3.4944546222686768,full,19793,False,20,0.3542201519012451,0.25119471549987793,0.8687844276428223
multi_coarse_691,multi_coarse,stitch,corafull,3,16,82,True,1.0,"[3, 16]",17,0.005101442337036133,0.00014710426330566406,0.02041935920715332,True,0.3903789520263672,0.5882352941176471,0.7647058823529411,0.3954601287841797,100,100,0.8299205303192139,0.8889763355255127,top-5,5911,False,20,0.3542201519012451,0.25119471549987793,0.8687844276428223
multi_coarse_691,multi_coarse,full,corafull,3,-1,-1,False,0.0,"[3, 16]",17,0.0,0.0,0.0,True,3.6568186283111572,0.5882352941176471,0.7647058823529411,3.676737070083618,100,100,3.6895487308502197,3.6896395683288574,full,19793,False,20,0.3542201519012451,0.25119471549987793,0.8687844276428223
multi_coarse_692,multi_coarse,stitch,corafull,3,5,28,True,1.0,"[3, 5]",20,0.004864692687988281,0.0001316070556640625,0.020751237869262695,True,0.3602273464202881,0.75,0.85,0.3648693561553955,100,100,0.792827844619751,0.8511734008789062,top-5,5916,False,20,0.3542201519012451,0.25119471549987793,0.8687844276428223
multi_coarse_692,multi_coarse,full,corafull,3,-1,-1,False,0.0,"[3, 5]",20,0.0,0.0,0.0,True,3.5869035720825195,0.75,0.85,3.6042912006378174,100,100,3.6192116737365723,3.6193487644195557,full,19793,False,20,0.3542201519012451,0.25119471549987793,0.8687844276428223
multi_coarse_693,multi_coarse,stitch,corafull,2,2,14,True,1.0,"[2, 6]",20,0.004731893539428711,0.00013065338134765625,0.02000260353088379,True,0.3493611812591553,0.95,1.0,0.3564887046813965,2,2,0.7845325469970703,0.8508522510528564,top-5,5980,False,20,0.3542201519012451,0.25119471549987793,0.8687844276428223
multi_coarse_693,multi_coarse,full,corafull,2,-1,-1,False,0.0,"[2, 6]",20,0.0,0.0,0.0,True,3.7600560188293457,0.95,1.0,3.8130340576171875,2,2,3.817660331726074,3.8177921772003174,full,19793,False,20,0.3542201519012451,0.25119471549987793,0.8687844276428223
multi_coarse_694,multi_coarse,stitch,corafull,3,14,71,True,1.0,"[3, 14]",14,0.004852294921875,0.0001723766326904297,0.020307540893554688,True,0.6045708656311035,1.0,1.0,0.6195061206817627,1,1,1.1370491981506348,1.2238256931304932,top-5,5936,False,20,0.3542201519012451,0.25119471549987793,0.8687844276428223
multi_coarse_694,multi_coarse,full,corafull,3,-1,-1,False,0.0,"[3, 14]",14,0.0,0.0,0.0,True,3.6262733936309814,1.0,1.0,3.656113624572754,1,1,3.6604225635528564,3.6605746746063232,full,19793,False,20,0.3542201519012451,0.25119471549987793,0.8687844276428223
multi_coarse_695,multi_coarse,stitch,corafull,12,16,80,True,1.0,"[12, 16]",11,0.004673480987548828,0.0001392364501953125,0.020292997360229492,True,0.36421751976013184,1.0,1.0,0.3749878406524658,1,1,0.9598159790039062,1.020209550857544,top-5,5929,False,20,0.3542201519012451,0.25119471549987793,0.8687844276428223
multi_coarse_695,multi_coarse,full,corafull,12,-1,-1,False,0.0,"[12, 16]",11,0.0,0.0,0.0,True,3.624467372894287,1.0,1.0,3.6570544242858887,1,1,3.6603806018829346,3.660508155822754,full,19793,False,20,0.3542201519012451,0.25119471549987793,0.8687844276428223
multi_coarse_696,multi_coarse,stitch,corafull,8,10,53,True,1.0,"[8, 10]",18,0.004803657531738281,0.0001327991485595703,0.020108938217163086,True,0.39486193656921387,1.0,1.0,0.4054999351501465,1,1,0.8299500942230225,0.891005277633667,top-5,5995,False,20,0.3542201519012451,0.25119471549987793,0.8687844276428223
multi_coarse_696,multi_coarse,full,corafull,8,-1,-1,False,0.0,"[8, 10]",18,0.0,0.0,0.0,True,3.5463032722473145,1.0,1.0,3.5741543769836426,1,1,3.5781490802764893,3.578289747238159,full,19793,False,20,0.3542201519012451,0.25119471549987793,0.8687844276428223
multi_coarse_697,multi_coarse,stitch,corafull,5,16,80,True,1.0,"[5, 16]",20,0.00486445426940918,0.0001342296600341797,0.02070760726928711,True,0.39119935035705566,1.0,1.0,0.39833569526672363,1,1,0.8356859683990479,0.8946306705474854,top-5,5919,False,20,0.3542201519012451,0.25119471549987793,0.8687844276428223
multi_coarse_697,multi_coarse,full,corafull,5,-1,-1,False,0.0,"[5, 16]",20,0.0,0.0,0.0,True,3.48893141746521,1.0,1.0,3.5174336433410645,1,1,3.521589756011963,3.5216848850250244,full,19793,False,20,0.3542201519012451,0.25119471549987793,0.8687844276428223
multi_coarse_698,multi_coarse,stitch,corafull,0,15,75,True,1.0,"[0, 15]",20,0.0051538944244384766,0.00016307830810546875,0.0205230712890625,True,0.35213208198547363,1.0,1.0,0.3599894046783447,1,1,0.790884256362915,0.8517417907714844,top-5,6013,False,20,0.3542201519012451,0.25119471549987793,0.8687844276428223
multi_coarse_698,multi_coarse,full,corafull,0,-1,-1,False,0.0,"[0, 15]",20,0.0,0.0,0.0,True,3.622321844100952,1.0,1.0,3.65059232711792,1,1,3.6547598838806152,3.6548962593078613,full,19793,False,20,0.3542201519012451,0.25119471549987793,0.8687844276428223
multi_coarse_699,multi_coarse,stitch,corafull,2,2,14,True,1.0,"[2, 19]",20,0.004810810089111328,0.00015020370483398438,0.02004075050354004,True,0.35215139389038086,0.9,1.0,0.3594400882720947,6,6,0.7668447494506836,0.8203353881835938,top-5,5906,False,20,0.3542201519012451,0.25119471549987793,0.8687844276428223
multi_coarse_699,multi_coarse,full,corafull,2,-1,-1,False,0.0,"[2, 19]",20,0.0,0.0,0.0,True,3.574361562728882,0.9,1.0,3.604241132736206,6,6,3.6088531017303467,3.608978748321533,full,19793,False,20,0.3542201519012451,0.25119471549987793,0.8687844276428223
multi_coarse_700,multi_coarse,stitch,corafull,5,5,27,True,1.0,"[5, 9]",50,0.005091190338134766,0.00014019012451171875,0.020961761474609375,True,0.4055466651916504,1.0,1.0,0.41379499435424805,1,1,0.8539035320281982,0.9177768230438232,top-5,5920,False,50,0.3542201519012451,0.25119471549987793,0.8687844276428223
multi_coarse_700,multi_coarse,full,corafull,5,-1,-1,False,0.0,"[5, 9]",50,0.0,0.0,0.0,True,3.468045234680176,1.0,1.0,3.4966981410980225,1,1,3.5043132305145264,3.504422664642334,full,19793,False,50,0.3542201519012451,0.25119471549987793,0.8687844276428223
multi_coarse_701,multi_coarse,stitch,corafull,0,8,40,True,1.0,"[0, 8]",40,0.004699230194091797,0.00013566017150878906,0.01983785629272461,True,0.354095458984375,0.85,0.95,0.3583850860595703,100,100,0.8202593326568604,0.8778865337371826,top-5,5924,False,50,0.3542201519012451,0.25119471549987793,0.8687844276428223
multi_coarse_701,multi_coarse,full,corafull,0,-1,-1,False,0.0,"[0, 8]",40,0.0,0.0,0.0,True,3.7667195796966553,0.85,0.95,3.782695770263672,100,100,3.80971622467041,3.8098387718200684,full,19793,False,50,0.3542201519012451,0.25119471549987793,0.8687844276428223
multi_coarse_702,multi_coarse,stitch,corafull,4,4,20,True,1.0,"[4, 13]",33,0.0049648284912109375,0.00013327598571777344,0.020200729370117188,True,0.3843860626220703,1.0,1.0,0.39354538917541504,1,1,0.8162782192230225,0.8748407363891602,top-5,6016,False,50,0.3542201519012451,0.25119471549987793,0.8687844276428223
multi_coarse_702,multi_coarse,full,corafull,4,-1,-1,False,0.0,"[4, 13]",33,0.0,0.0,0.0,True,3.7402079105377197,1.0,1.0,3.774069309234619,1,1,3.7796432971954346,3.7797744274139404,full,19793,False,50,0.3542201519012451,0.25119471549987793,0.8687844276428223
multi_coarse_703,multi_coarse,stitch,corafull,2,7,37,True,1.0,"[2, 7]",33,0.005518436431884766,0.0001556873321533203,0.02116680145263672,True,0.38136768341064453,1.0,1.0,0.39240145683288574,1,1,0.8143730163574219,0.8745090961456299,top-5,5856,False,50,0.3542201519012451,0.25119471549987793,0.8687844276428223
multi_coarse_703,multi_coarse,full,corafull,2,-1,-1,False,0.0,"[2, 7]",33,0.0,0.0,0.0,True,3.552201747894287,1.0,1.0,3.583348035812378,1,1,3.588688850402832,3.5887835025787354,full,19793,False,50,0.3542201519012451,0.25119471549987793,0.8687844276428223
multi_coarse_704,multi_coarse,stitch,corafull,2,2,13,True,1.0,"[2, 13]",50,0.004888772964477539,0.0001327991485595703,0.020200252532958984,True,0.40515995025634766,0.96,1.0,0.412992000579834,2,2,0.8308663368225098,0.887993574142456,top-5,5939,False,50,0.3542201519012451,0.25119471549987793,0.8687844276428223
multi_coarse_704,multi_coarse,full,corafull,2,-1,-1,False,0.0,"[2, 13]",50,0.0,0.0,0.0,True,3.4807703495025635,0.96,1.0,3.5120186805725098,2,2,3.5222301483154297,3.5223727226257324,full,19793,False,50,0.3542201519012451,0.25119471549987793,0.8687844276428223
multi_coarse_705,multi_coarse,stitch,corafull,8,8,44,True,1.0,"[8, 16]",50,0.005179643630981445,0.00013446807861328125,0.02233147621154785,True,0.38732433319091797,0.96,1.0,0.39440298080444336,2,2,0.8465492725372314,0.9085111618041992,top-5,5899,False,50,0.3542201519012451,0.25119471549987793,0.8687844276428223
multi_coarse_705,multi_coarse,full,corafull,8,-1,-1,False,0.0,"[8, 16]",50,0.0,0.0,0.0,True,3.5445945262908936,0.96,1.0,3.575127363204956,4,4,3.5833818912506104,3.5834782123565674,full,19793,False,50,0.3542201519012451,0.25119471549987793,0.8687844276428223
multi_coarse_706,multi_coarse,stitch,corafull,6,15,77,True,1.0,"[6, 15]",50,0.004914283752441406,0.00013184547424316406,0.020907163619995117,True,0.377185583114624,0.98,1.0,0.38643884658813477,2,2,0.8297381401062012,0.8918731212615967,top-5,5995,False,50,0.3542201519012451,0.25119471549987793,0.8687844276428223
multi_coarse_706,multi_coarse,full,corafull,6,-1,-1,False,0.0,"[6, 15]",50,0.0,0.0,0.0,True,3.5034165382385254,0.98,1.0,3.5361459255218506,2,2,3.543820381164551,3.5439231395721436,full,19793,False,50,0.3542201519012451,0.25119471549987793,0.8687844276428223
multi_coarse_707,multi_coarse,stitch,corafull,0,0,0,True,1.0,"[0, 15]",30,0.0048296451568603516,0.0001385211944580078,0.019724130630493164,True,0.359783411026001,1.0,1.0,0.36803507804870605,1,1,0.8027431964874268,0.8623948097229004,top-5,5932,False,50,0.3542201519012451,0.25119471549987793,0.8687844276428223
multi_coarse_707,multi_coarse,full,corafull,0,-1,-1,False,0.0,"[0, 15]",30,0.0,0.0,0.0,True,3.4903595447540283,1.0,1.0,3.5245590209960938,1,1,3.529747724533081,3.529844284057617,full,19793,False,50,0.3542201519012451,0.25119471549987793,0.8687844276428223
multi_coarse_708,multi_coarse,stitch,corafull,2,2,10,True,1.0,"[2, 3]",31,0.005002498626708984,0.00014853477478027344,0.020197629928588867,True,0.38208985328674316,1.0,1.0,0.3952295780181885,1,1,0.8243153095245361,0.8808019161224365,top-5,5903,False,50,0.3542201519012451,0.25119471549987793,0.8687844276428223
multi_coarse_708,multi_coarse,full,corafull,2,-1,-1,False,0.0,"[2, 3]",31,0.0,0.0,0.0,True,3.619922399520874,1.0,1.0,3.652160882949829,1,1,3.6576883792877197,3.657790184020996,full,19793,False,50,0.3542201519012451,0.25119471549987793,0.8687844276428223
multi_coarse_709,multi_coarse,stitch,corafull,14,14,74,True,1.0,"[14, 16]",29,0.00530242919921875,0.00014257431030273438,0.021799564361572266,True,0.3660125732421875,0.896551724137931,1.0,0.37355971336364746,4,4,0.8043310642242432,0.8740849494934082,top-5,5938,False,50,0.3542201519012451,0.25119471549987793,0.8687844276428223
multi_coarse_709,multi_coarse,full,corafull,14,-1,-1,False,0.0,"[14, 16]",29,0.0,0.0,0.0,True,3.8014748096466064,0.8620689655172413,1.0,3.8357551097869873,16,16,3.8437671661376953,3.8438918590545654,full,19793,False,50,0.3542201519012451,0.25119471549987793,0.8687844276428223
multi_coarse_710,multi_coarse,stitch,corafull,13,15,75,True,1.0,"[13, 15]",46,0.005060672760009766,0.000141143798828125,0.020853042602539062,True,0.3926503658294678,1.0,1.0,0.40937185287475586,1,1,0.8570821285247803,0.9220700263977051,top-5,5977,False,50,0.3542201519012451,0.25119471549987793,0.8687844276428223
multi_coarse_710,multi_coarse,full,corafull,13,-1,-1,False,0.0,"[13, 15]",46,0.0,0.0,0.0,True,3.636284589767456,1.0,1.0,3.6696839332580566,1,1,3.6768264770507812,3.6769859790802,full,19793,False,50,0.3542201519012451,0.25119471549987793,0.8687844276428223
multi_coarse_711,multi_coarse,stitch,corafull,6,8,40,True,1.0,"[6, 8]",29,0.005170106887817383,0.00014019012451171875,0.027949094772338867,True,0.36434245109558105,1.0,1.0,0.3731071949005127,1,1,0.823857307434082,0.8971962928771973,top-5,6004,False,50,0.3542201519012451,0.25119471549987793,0.8687844276428223
multi_coarse_711,multi_coarse,full,corafull,6,-1,-1,False,0.0,"[6, 8]",29,0.0,0.0,0.0,True,3.3902111053466797,1.0,1.0,3.421675205230713,1,1,3.4268715381622314,3.4269747734069824,full,19793,False,50,0.3542201519012451,0.25119471549987793,0.8687844276428223
multi_coarse_712,multi_coarse,stitch,corafull,9,15,76,True,1.0,"[9, 15]",32,0.005024433135986328,0.0001361370086669922,0.020916461944580078,True,0.38059425354003906,1.0,1.0,0.38852834701538086,1,1,0.8472201824188232,0.905397891998291,top-5,5961,False,50,0.3542201519012451,0.25119471549987793,0.8687844276428223
multi_coarse_712,multi_coarse,full,corafull,9,-1,-1,False,0.0,"[9, 15]",32,0.0,0.0,0.0,True,3.7214651107788086,1.0,1.0,3.7562320232391357,1,1,3.7622087001800537,3.7623395919799805,full,19793,False,50,0.3542201519012451,0.25119471549987793,0.8687844276428223
multi_coarse_713,multi_coarse,stitch,corafull,9,19,96,True,1.0,"[9, 19]",50,0.004827022552490234,0.00013327598571777344,0.01999187469482422,True,0.4075450897216797,1.0,1.0,0.415468692779541,1,1,0.8758449554443359,0.9356584548950195,top-5,6022,False,50,0.3542201519012451,0.25119471549987793,0.8687844276428223
multi_coarse_713,multi_coarse,full,corafull,9,-1,-1,False,0.0,"[9, 19]",50,0.0,0.0,0.0,True,3.4214015007019043,1.0,1.0,3.4508702754974365,1,1,3.458353042602539,3.4584994316101074,full,19793,False,50,0.3542201519012451,0.25119471549987793,0.8687844276428223
multi_coarse_714,multi_coarse,stitch,corafull,12,14,73,True,1.0,"[12, 14]",39,0.006238222122192383,0.00014829635620117188,0.023146390914916992,True,0.3700277805328369,1.0,1.0,0.38243842124938965,1,1,0.8137285709381104,0.8835999965667725,top-5,5892,False,50,0.3542201519012451,0.25119471549987793,0.8687844276428223
multi_coarse_714,multi_coarse,full,corafull,12,-1,-1,False,0.0,"[12, 14]",39,0.0,0.0,0.0,True,3.8055238723754883,1.0,1.0,3.8353681564331055,1,1,3.841871976852417,3.8420233726501465,full,19793,False,50,0.3542201519012451,0.25119471549987793,0.8687844276428223
multi_coarse_715,multi_coarse,stitch,corafull,2,5,27,True,1.0,"[2, 5]",35,0.004858970642089844,0.00013208389282226562,0.02034735679626465,True,0.3866598606109619,1.0,1.0,0.3963644504547119,1,1,0.840949535369873,0.9008851051330566,top-5,5904,False,50,0.3542201519012451,0.25119471549987793,0.8687844276428223
multi_coarse_715,multi_coarse,full,corafull,2,-1,-1,False,0.0,"[2, 5]",35,0.0,0.0,0.0,True,3.544323205947876,1.0,1.0,3.5735230445861816,1,1,3.579284191131592,3.579383134841919,full,19793,False,50,0.3542201519012451,0.25119471549987793,0.8687844276428223
multi_coarse_716,multi_coarse,stitch,corafull,11,17,87,True,1.0,"[11, 17]",29,0.00505375862121582,0.00015354156494140625,0.02095651626586914,True,0.3505239486694336,0.9310344827586207,1.0,0.36081814765930176,6,6,0.7786037921905518,0.837977409362793,top-5,5864,False,50,0.3542201519012451,0.25119471549987793,0.8687844276428223
multi_coarse_716,multi_coarse,full,corafull,11,-1,-1,False,0.0,"[11, 17]",29,0.0,0.0,0.0,True,3.4004247188568115,0.9310344827586207,1.0,3.4371793270111084,6,6,3.4435245990753174,3.4436442852020264,full,19793,False,50,0.3542201519012451,0.25119471549987793,0.8687844276428223
multi_coarse_717,multi_coarse,stitch,corafull,9,9,46,True,1.0,"[9, 13]",50,0.0052411556243896484,0.00014472007751464844,0.01996922492980957,True,0.39805006980895996,1.0,1.0,0.408888578414917,1,1,0.8561887741088867,0.9164021015167236,top-5,6017,False,50,0.3542201519012451,0.25119471549987793,0.8687844276428223
multi_coarse_717,multi_coarse,full,corafull,9,-1,-1,False,0.0,"[9, 13]",50,0.0,0.0,0.0,True,3.557847499847412,1.0,1.0,3.594421863555908,1,1,3.6023027896881104,3.6024281978607178,full,19793,False,50,0.3542201519012451,0.25119471549987793,0.8687844276428223
multi_coarse_718,multi_coarse,stitch,corafull,1,1,9,True,1.0,"[1, 15]",50,0.00502777099609375,0.0001571178436279297,0.02164149284362793,True,0.39528369903564453,1.0,1.0,0.40416407585144043,1,1,0.8326094150543213,0.8950622081756592,top-5,5985,False,50,0.3542201519012451,0.25119471549987793,0.8687844276428223
multi_coarse_718,multi_coarse,full,corafull,1,-1,-1,False,0.0,"[1, 15]",50,0.0,0.0,0.0,True,3.532014846801758,1.0,1.0,3.5669612884521484,1,1,3.574552297592163,3.5746915340423584,full,19793,False,50,0.3542201519012451,0.25119471549987793,0.8687844276428223
multi_coarse_719,multi_coarse,stitch,corafull,3,17,89,True,1.0,"[3, 17]",50,0.005011320114135742,0.00013065338134765625,0.020218372344970703,True,0.365466833114624,1.0,1.0,0.37397146224975586,1,1,0.8036432266235352,0.8621716499328613,top-5,5887,False,50,0.3542201519012451,0.25119471549987793,0.8687844276428223
multi_coarse_719,multi_coarse,full,corafull,3,-1,-1,False,0.0,"[3, 17]",50,0.0,0.0,0.0,True,3.5786237716674805,1.0,1.0,3.6079070568084717,1,1,3.615515947341919,3.615661859512329,full,19793,False,50,0.3542201519012451,0.25119471549987793,0.8687844276428223
multi_coarse_720,multi_coarse,stitch,corafull,2,14,71,True,1.0,"[2, 14]",41,0.005037546157836914,0.00015926361083984375,0.020328044891357422,True,0.3738715648651123,1.0,1.0,0.3820016384124756,1,1,0.8177447319030762,0.8752729892730713,top-5,5916,False,50,0.3542201519012451,0.25119471549987793,0.8687844276428223
multi_coarse_720,multi_coarse,full,corafull,2,-1,-1,False,0.0,"[2, 14]",41,0.0,0.0,0.0,True,3.5870652198791504,1.0,1.0,3.617668628692627,1,1,3.6242024898529053,3.6243014335632324,full,19793,False,50,0.3542201519012451,0.25119471549987793,0.8687844276428223
multi_coarse_721,multi_coarse,stitch,corafull,4,4,23,True,1.0,"[4, 9]",36,0.004707813262939453,0.00013136863708496094,0.019423723220825195,True,0.33495473861694336,1.0,1.0,0.3422086238861084,1,1,0.7700145244598389,0.8305373191833496,top-5,5972,False,50,0.3542201519012451,0.25119471549987793,0.8687844276428223
multi_coarse_721,multi_coarse,full,corafull,4,-1,-1,False,0.0,"[4, 9]",36,0.0,0.0,0.0,True,3.4653637409210205,1.0,1.0,3.4967048168182373,1,1,3.5028207302093506,3.502964735031128,full,19793,False,50,0.3542201519012451,0.25119471549987793,0.8687844276428223
multi_coarse_722,multi_coarse,stitch,corafull,6,6,30,True,1.0,"[6, 14]",30,0.00496363639831543,0.0001475811004638672,0.0206758975982666,True,0.35662269592285156,1.0,1.0,0.3630642890930176,1,1,0.816431999206543,0.8859739303588867,top-5,5908,False,50,0.3542201519012451,0.25119471549987793,0.8687844276428223
multi_coarse_722,multi_coarse,full,corafull,6,-1,-1,False,0.0,"[6, 14]",30,0.0,0.0,0.0,True,3.543936252593994,1.0,1.0,3.5726962089538574,1,1,3.5783543586730957,3.5784671306610107,full,19793,False,50,0.3542201519012451,0.25119471549987793,0.8687844276428223
multi_coarse_723,multi_coarse,stitch,corafull,0,0,4,True,1.0,"[0, 13]",50,0.004926443099975586,0.0001304149627685547,0.020581960678100586,True,0.3603684902191162,1.0,1.0,0.36784887313842773,1,1,0.8050787448883057,0.8683898448944092,top-5,5923,False,50,0.3542201519012451,0.25119471549987793,0.8687844276428223
multi_coarse_723,multi_coarse,full,corafull,0,-1,-1,False,0.0,"[0, 13]",50,0.0,0.0,0.0,True,3.6682541370391846,1.0,1.0,3.7033908367156982,1,1,3.7109568119049072,3.711106061935425,full,19793,False,50,0.3542201519012451,0.25119471549987793,0.8687844276428223
multi_coarse_724,multi_coarse,stitch,corafull,7,7,36,True,1.0,"[7, 8]",38,0.004887819290161133,0.00013637542724609375,0.020484447479248047,True,0.38001132011413574,0.8947368421052632,0.9473684210526315,0.3861064910888672,100,100,0.8446488380432129,0.9025819301605225,top-5,5963,False,50,0.3542201519012451,0.25119471549987793,0.8687844276428223
multi_coarse_724,multi_coarse,full,corafull,7,-1,-1,False,0.0,"[7, 8]",38,0.0,0.0,0.0,True,3.466430902481079,0.8947368421052632,0.9473684210526315,3.4844908714294434,100,100,3.5105140209198,3.510676622390747,full,19793,False,50,0.3542201519012451,0.25119471549987793,0.8687844276428223
multi_coarse_725,multi_coarse,stitch,corafull,3,8,40,True,1.0,"[3, 8]",42,0.004899501800537109,0.0001704692840576172,0.02034735679626465,True,0.3579275608062744,1.0,1.0,0.365384578704834,1,1,0.8059055805206299,0.8656349182128906,top-5,5880,False,50,0.3542201519012451,0.25119471549987793,0.8687844276428223
multi_coarse_725,multi_coarse,full,corafull,3,-1,-1,False,0.0,"[3, 8]",42,0.0,0.0,0.0,True,3.504615068435669,1.0,1.0,3.5333261489868164,1,1,3.5396101474761963,3.5397040843963623,full,19793,False,50,0.3542201519012451,0.25119471549987793,0.8687844276428223
multi_coarse_726,multi_coarse,stitch,corafull,0,2,13,True,1.0,"[0, 2]",50,0.004969120025634766,0.00015091896057128906,0.020616531372070312,True,0.37703442573547363,0.96,1.0,0.38555240631103516,2,2,0.8262996673583984,0.8880462646484375,top-5,5918,False,50,0.3542201519012451,0.25119471549987793,0.8687844276428223
multi_coarse_726,multi_coarse,full,corafull,0,-1,-1,False,0.0,"[0, 2]",50,0.0,0.0,0.0,True,3.617382764816284,0.96,1.0,3.6499040126800537,2,2,3.6574459075927734,3.6575379371643066,full,19793,False,50,0.3542201519012451,0.25119471549987793,0.8687844276428223
multi_coarse_727,multi_coarse,stitch,corafull,1,1,5,True,1.0,"[1, 12]",28,0.005082845687866211,0.00016617774963378906,0.021744251251220703,True,0.34752607345581055,1.0,1.0,0.3561697006225586,1,1,0.7796738147735596,0.8481502532958984,top-5,5920,False,50,0.3542201519012451,0.25119471549987793,0.8687844276428223
multi_coarse_727,multi_coarse,full,corafull,1,-1,-1,False,0.0,"[1, 12]",28,0.0,0.0,0.0,True,3.4722228050231934,0.9642857142857143,1.0,3.503004312515259,2,2,3.508230686187744,3.5083818435668945,full,19793,False,50,0.3542201519012451,0.25119471549987793,0.8687844276428223
multi_coarse_728,multi_coarse,stitch,corafull,0,7,39,True,1.0,"[0, 7]",41,0.004975557327270508,0.000152587890625,0.020969152450561523,True,0.34148502349853516,1.0,1.0,0.34939074516296387,1,1,0.7651219367980957,0.8258929252624512,top-5,5945,False,50,0.3542201519012451,0.25119471549987793,0.8687844276428223
multi_coarse_728,multi_coarse,full,corafull,0,-1,-1,False,0.0,"[0, 7]",41,0.0,0.0,0.0,True,3.512892961502075,1.0,1.0,3.5449063777923584,1,1,3.551347255706787,3.5514745712280273,full,19793,False,50,0.3542201519012451,0.25119471549987793,0.8687844276428223
multi_coarse_729,multi_coarse,stitch,corafull,5,12,64,True,1.0,"[5, 12]",50,0.0053102970123291016,0.00015163421630859375,0.021656274795532227,True,0.33928728103637695,1.0,1.0,0.34521961212158203,1,1,0.7873537540435791,0.8620548248291016,top-5,5881,False,50,0.3542201519012451,0.25119471549987793,0.8687844276428223
multi_coarse_729,multi_coarse,full,corafull,5,-1,-1,False,0.0,"[5, 12]",50,0.0,0.0,0.0,True,3.605743646621704,1.0,1.0,3.636033296585083,1,1,3.6434476375579834,3.643552303314209,full,19793,False,50,0.3542201519012451,0.25119471549987793,0.8687844276428223
multi_coarse_730,multi_coarse,stitch,corafull,7,7,35,True,1.0,"[7, 17]",42,0.005109548568725586,0.0001366138458251953,0.02062535285949707,True,0.3774728775024414,1.0,1.0,0.38893914222717285,1,1,0.8130319118499756,0.8812260627746582,top-5,5890,False,50,0.3542201519012451,0.25119471549987793,0.8687844276428223
multi_coarse_730,multi_coarse,full,corafull,7,-1,-1,False,0.0,"[7, 17]",42,0.0,0.0,0.0,True,4.265813112258911,1.0,1.0,4.309633016586304,1,1,4.316694498062134,4.316865921020508,full,19793,False,50,0.3542201519012451,0.25119471549987793,0.8687844276428223
multi_coarse_731,multi_coarse,stitch,corafull,5,15,76,True,1.0,"[5, 15]",50,0.005491733551025391,0.00016450881958007812,0.021123409271240234,True,0.3732178211212158,0.96,1.0,0.38108372688293457,6,6,0.8358383178710938,0.9085674285888672,top-5,5961,False,50,0.3542201519012451,0.25119471549987793,0.8687844276428223
multi_coarse_731,multi_coarse,full,corafull,5,-1,-1,False,0.0,"[5, 15]",50,0.0,0.0,0.0,True,3.814218044281006,0.96,1.0,3.8435866832733154,6,6,3.852487087249756,3.85261869430542,full,19793,False,50,0.3542201519012451,0.25119471549987793,0.8687844276428223
multi_coarse_732,multi_coarse,stitch,corafull,10,10,54,True,1.0,"[10, 18]",30,0.0049970149993896484,0.0001373291015625,0.02102971076965332,True,0.34656763076782227,1.0,1.0,0.3548164367675781,1,1,0.9486839771270752,1.0100419521331787,top-5,5981,False,50,0.3542201519012451,0.25119471549987793,0.8687844276428223
multi_coarse_732,multi_coarse,full,corafull,10,-1,-1,False,0.0,"[10, 18]",30,0.0,0.0,0.0,True,3.467040538787842,1.0,1.0,3.4978649616241455,1,1,3.503218650817871,3.50331711769104,full,19793,False,50,0.3542201519012451,0.25119471549987793,0.8687844276428223
multi_coarse_733,multi_coarse,stitch,corafull,5,5,29,True,1.0,"[5, 14]",36,0.005059242248535156,0.00013589859008789062,0.020700931549072266,True,0.3806338310241699,1.0,1.0,0.3899674415588379,1,1,0.8310859203338623,0.8890366554260254,top-5,5839,False,50,0.3542201519012451,0.25119471549987793,0.8687844276428223
multi_coarse_733,multi_coarse,full,corafull,5,-1,-1,False,0.0,"[5, 14]",36,0.0,0.0,0.0,True,3.575490951538086,1.0,1.0,3.6042115688323975,1,1,3.6104376316070557,3.6105754375457764,full,19793,False,50,0.3542201519012451,0.25119471549987793,0.8687844276428223
multi_coarse_734,multi_coarse,stitch,corafull,0,8,40,True,1.0,"[0, 8]",34,0.005110025405883789,0.000141143798828125,0.020729780197143555,True,0.38228940963745117,1.0,1.0,0.3933110237121582,1,1,0.812352180480957,0.875572681427002,top-5,5894,False,50,0.3542201519012451,0.25119471549987793,0.8687844276428223
multi_coarse_734,multi_coarse,full,corafull,0,-1,-1,False,0.0,"[0, 8]",34,0.0,0.0,0.0,True,3.6097946166992188,1.0,1.0,3.641125202178955,1,1,3.647247791290283,3.6473796367645264,full,19793,False,50,0.3542201519012451,0.25119471549987793,0.8687844276428223
multi_coarse_735,multi_coarse,stitch,corafull,13,14,70,True,1.0,"[13, 14]",50,0.005665779113769531,0.00018286705017089844,0.021235227584838867,True,0.4089043140411377,0.94,1.0,0.41849446296691895,6,6,0.8577945232391357,0.9189822673797607,top-5,5940,False,50,0.3542201519012451,0.25119471549987793,0.8687844276428223
multi_coarse_735,multi_coarse,full,corafull,13,-1,-1,False,0.0,"[13, 14]",50,0.0,0.0,0.0,True,3.76957631111145,0.94,1.0,3.812770366668701,6,6,3.822192430496216,3.822322368621826,full,19793,False,50,0.3542201519012451,0.25119471549987793,0.8687844276428223
multi_coarse_736,multi_coarse,stitch,corafull,11,12,63,True,1.0,"[11, 12]",44,0.004868507385253906,0.00013017654418945312,0.024980783462524414,True,0.37044644355773926,1.0,1.0,0.379749059677124,1,1,0.8351278305053711,0.9072597026824951,top-5,5922,False,50,0.3542201519012451,0.25119471549987793,0.8687844276428223
multi_coarse_736,multi_coarse,full,corafull,11,-1,-1,False,0.0,"[11, 12]",44,0.0,0.0,0.0,True,3.6101508140563965,1.0,1.0,3.6389665603637695,1,1,3.6456375122070312,3.645735740661621,full,19793,False,50,0.3542201519012451,0.25119471549987793,0.8687844276428223
multi_coarse_737,multi_coarse,stitch,corafull,0,0,1,True,1.0,"[0, 19]",37,0.004897117614746094,0.00012612342834472656,0.020586729049682617,True,0.4180889129638672,1.0,1.0,0.4272024631500244,1,1,0.890092134475708,0.9762616157531738,top-5,5994,False,50,0.3542201519012451,0.25119471549987793,0.8687844276428223
multi_coarse_737,multi_coarse,full,corafull,0,-1,-1,False,0.0,"[0, 19]",37,0.0,0.0,0.0,True,3.6135010719299316,1.0,1.0,3.6454997062683105,1,1,3.651285409927368,3.651381015777588,full,19793,False,50,0.3542201519012451,0.25119471549987793,0.8687844276428223
multi_coarse_738,multi_coarse,stitch,corafull,3,4,22,True,1.0,"[3, 4]",50,0.004982948303222656,0.00014519691467285156,0.021002769470214844,True,0.37309694290161133,0.88,0.94,0.37880373001098633,100,100,0.8436779975891113,0.9089205265045166,top-5,5960,False,50,0.3542201519012451,0.25119471549987793,0.8687844276428223
multi_coarse_738,multi_coarse,full,corafull,3,-1,-1,False,0.0,"[3, 4]",50,0.0,0.0,0.0,True,3.5883021354675293,0.86,0.94,3.606311798095703,100,100,3.6391327381134033,3.639244794845581,full,19793,False,50,0.3542201519012451,0.25119471549987793,0.8687844276428223
multi_coarse_739,multi_coarse,stitch,corafull,11,15,77,True,1.0,"[11, 15]",29,0.004742622375488281,0.00013184547424316406,0.020534515380859375,True,0.37606024742126465,1.0,1.0,0.386016845703125,1,1,0.8072154521942139,0.871248722076416,top-5,6016,False,50,0.3542201519012451,0.25119471549987793,0.8687844276428223
multi_coarse_739,multi_coarse,full,corafull,11,-1,-1,False,0.0,"[11, 15]",29,0.0,0.0,0.0,True,3.5595016479492188,1.0,1.0,3.589735507965088,1,1,3.594935655593872,3.595045566558838,full,19793,False,50,0.3542201519012451,0.25119471549987793,0.8687844276428223
multi_coarse_740,multi_coarse,stitch,corafull,10,13,67,True,1.0,"[10, 13]",50,0.004927635192871094,0.00012731552124023438,0.020501136779785156,True,0.3797171115875244,1.0,1.0,0.3890805244445801,1,1,0.8302614688873291,0.8904080390930176,top-5,5987,False,50,0.3542201519012451,0.25119471549987793,0.8687844276428223
multi_coarse_740,multi_coarse,full,corafull,10,-1,-1,False,0.0,"[10, 13]",50,0.0,0.0,0.0,True,3.606086015701294,1.0,1.0,3.6430342197418213,1,1,3.650944232940674,3.6510744094848633,full,19793,False,50,0.3542201519012451,0.25119471549987793,0.8687844276428223
multi_coarse_741,multi_coarse,stitch,corafull,6,6,34,True,1.0,"[6, 14]",34,0.005181074142456055,0.0001499652862548828,0.020092248916625977,True,0.4114840030670166,0.9705882352941176,1.0,0.420238733291626,2,2,0.8760242462158203,0.9503796100616455,top-5,5921,False,50,0.3542201519012451,0.25119471549987793,0.8687844276428223
multi_coarse_741,multi_coarse,full,corafull,6,-1,-1,False,0.0,"[6, 14]",34,0.0,0.0,0.0,True,3.4391283988952637,0.9705882352941176,1.0,3.4712233543395996,2,2,3.477618932723999,3.4777779579162598,full,19793,False,50,0.3542201519012451,0.25119471549987793,0.8687844276428223
multi_coarse_742,multi_coarse,stitch,corafull,7,10,51,True,1.0,"[7, 10]",50,0.00500035285949707,0.0001506805419921875,0.020429611206054688,True,0.36208581924438477,1.0,1.0,0.3729722499847412,1,1,0.7997457981109619,0.8591053485870361,top-5,5912,False,50,0.3542201519012451,0.25119471549987793,0.8687844276428223
multi_coarse_742,multi_coarse,full,corafull,7,-1,-1,False,0.0,"[7, 10]",50,0.0,0.0,0.0,True,3.803144693374634,1.0,1.0,3.8359034061431885,2,2,3.8442115783691406,3.844345808029175,full,19793,False,50,0.3542201519012451,0.25119471549987793,0.8687844276428223
multi_coarse_743,multi_coarse,stitch,corafull,1,1,5,True,1.0,"[1, 9]",50,0.004967689514160156,0.00014591217041015625,0.020399093627929688,True,0.4182322025299072,1.0,1.0,0.42668843269348145,1,1,0.8774652481079102,0.9388480186462402,top-5,5992,False,50,0.3542201519012451,0.25119471549987793,0.8687844276428223
multi_coarse_743,multi_coarse,full,corafull,1,-1,-1,False,0.0,"[1, 9]",50,0.0,0.0,0.0,True,3.6611080169677734,1.0,1.0,3.694249391555786,1,1,3.7021484375,3.7022793292999268,full,19793,False,50,0.3542201519012451,0.25119471549987793,0.8687844276428223
multi_coarse_744,multi_coarse,stitch,corafull,4,4,20,True,1.0,"[4, 12]",40,0.004892110824584961,0.00013518333435058594,0.020400524139404297,True,0.3956606388092041,1.0,1.0,0.40542149543762207,1,1,0.8380520343780518,0.8987486362457275,top-5,5943,False,50,0.3542201519012451,0.25119471549987793,0.8687844276428223
multi_coarse_744,multi_coarse,full,corafull,4,-1,-1,False,0.0,"[4, 12]",40,0.0,0.0,0.0,True,3.612488269805908,1.0,1.0,3.6397366523742676,1,1,3.6461265087127686,3.6462857723236084,full,19793,False,50,0.3542201519012451,0.25119471549987793,0.8687844276428223
multi_coarse_745,multi_coarse,stitch,corafull,3,3,18,True,1.0,"[3, 4]",30,0.004935503005981445,0.00015282630920410156,0.02045130729675293,True,0.38436460494995117,1.0,1.0,0.39794254302978516,1,1,0.8115706443786621,0.8745789527893066,top-5,5942,False,50,0.3542201519012451,0.25119471549987793,0.8687844276428223
multi_coarse_745,multi_coarse,full,corafull,3,-1,-1,False,0.0,"[3, 4]",30,0.0,0.0,0.0,True,3.6498360633850098,1.0,1.0,3.6827235221862793,1,1,3.688189744949341,3.688328981399536,full,19793,False,50,0.3542201519012451,0.25119471549987793,0.8687844276428223
multi_coarse_746,multi_coarse,stitch,corafull,9,9,49,True,1.0,"[9, 13]",50,0.004868745803833008,0.0001304149627685547,0.020361661911010742,True,0.39144158363342285,1.0,1.0,0.40410304069519043,1,1,0.8378579616546631,0.8962082862854004,top-5,6046,False,50,0.3542201519012451,0.25119471549987793,0.8687844276428223
multi_coarse_746,multi_coarse,full,corafull,9,-1,-1,False,0.0,"[9, 13]",50,0.0,0.0,0.0,True,3.590873956680298,1.0,1.0,3.642713785171509,1,1,3.650529623031616,3.650620698928833,full,19793,False,50,0.3542201519012451,0.25119471549987793,0.8687844276428223
multi_coarse_747,multi_coarse,stitch,corafull,12,12,62,True,1.0,"[12, 13]",50,0.005193471908569336,0.0002090930938720703,0.021378755569458008,True,0.6221523284912109,1.0,1.0,0.6462788581848145,1,1,1.151496410369873,1.2492501735687256,top-5,5959,False,50,0.3542201519012451,0.25119471549987793,0.8687844276428223
multi_coarse_747,multi_coarse,full,corafull,12,-1,-1,False,0.0,"[12, 13]",50,0.0,0.0,0.0,True,3.7553646564483643,1.0,1.0,3.7916419506073,1,1,3.8020148277282715,3.802178382873535,full,19793,False,50,0.3542201519012451,0.25119471549987793,0.8687844276428223
multi_coarse_748,multi_coarse,stitch,corafull,0,0,1,True,1.0,"[0, 17]",29,0.005062580108642578,0.0001423358917236328,0.021665573120117188,True,0.34850358963012695,1.0,1.0,0.3562893867492676,1,1,0.7826409339904785,0.8444666862487793,top-5,5898,False,50,0.3542201519012451,0.25119471549987793,0.8687844276428223
multi_coarse_748,multi_coarse,full,corafull,0,-1,-1,False,0.0,"[0, 17]",29,0.0,0.0,0.0,True,3.6094486713409424,1.0,1.0,3.63955020904541,1,1,3.644617795944214,3.644716262817383,full,19793,False,50,0.3542201519012451,0.25119471549987793,0.8687844276428223
multi_coarse_749,multi_coarse,stitch,corafull,0,12,61,True,1.0,"[0, 12]",50,0.005486249923706055,0.00029206275939941406,0.021605491638183594,True,0.37301063537597656,1.0,1.0,0.3826878070831299,1,1,0.8250589370727539,0.8860082626342773,top-5,5970,False,50,0.3542201519012451,0.25119471549987793,0.8687844276428223
multi_coarse_749,multi_coarse,full,corafull,0,-1,-1,False,0.0,"[0, 12]",50,0.0,0.0,0.0,True,3.5509324073791504,1.0,1.0,3.581230401992798,1,1,3.5885846614837646,3.5886788368225098,full,19793,False,50,0.3542201519012451,0.25119471549987793,0.8687844276428223
multi_coarse_750,multi_coarse,stitch,corafull,1,1,5,True,1.0,"[1, 7]",46,0.004956245422363281,0.00013637542724609375,0.020522356033325195,True,0.3627197742462158,1.0,1.0,0.36963629722595215,1,1,0.7828705310821533,0.8435399532318115,top-5,5861,False,50,0.3542201519012451,0.25119471549987793,0.8687844276428223
multi_coarse_750,multi_coarse,full,corafull,1,-1,-1,False,0.0,"[1, 7]",46,0.0,0.0,0.0,True,3.834071397781372,1.0,1.0,3.8692972660064697,1,1,3.8767409324645996,3.8768410682678223,full,19793,False,50,0.3542201519012451,0.25119471549987793,0.8687844276428223
multi_coarse_751,multi_coarse,stitch,corafull,9,14,73,True,1.0,"[9, 14]",50,0.005380392074584961,0.00015354156494140625,0.021271705627441406,True,0.39646077156066895,0.96,1.0,0.4059453010559082,2,2,0.8548760414123535,0.9164609909057617,top-5,5953,False,50,0.3542201519012451,0.25119471549987793,0.8687844276428223
multi_coarse_751,multi_coarse,full,corafull,9,-1,-1,False,0.0,"[9, 14]",50,0.0,0.0,0.0,True,3.730095148086548,0.96,1.0,3.7661054134368896,2,2,3.773773431777954,3.773893117904663,full,19793,False,50,0.3542201519012451,0.25119471549987793,0.8687844276428223
multi_coarse_752,multi_coarse,stitch,corafull,3,3,18,True,1.0,"[3, 18]",32,0.004710197448730469,0.00014543533325195312,0.020020484924316406,True,0.3662993907928467,0.9375,1.0,0.3738987445831299,2,2,0.8255984783172607,0.8889913558959961,top-5,5932,False,50,0.3542201519012451,0.25119471549987793,0.8687844276428223
multi_coarse_752,multi_coarse,full,corafull,3,-1,-1,False,0.0,"[3, 18]",32,0.0,0.0,0.0,True,3.52779483795166,0.9375,1.0,3.5570085048675537,2,2,3.5628225803375244,3.562974691390991,full,19793,False,50,0.3542201519012451,0.25119471549987793,0.8687844276428223
multi_coarse_753,multi_coarse,stitch,corafull,2,9,46,True,1.0,"[2, 9]",50,0.004921436309814453,0.00015664100646972656,0.020448923110961914,True,0.3887968063354492,1.0,1.0,0.4006054401397705,1,1,0.8513617515563965,0.9121434688568115,top-5,5934,False,50,0.3542201519012451,0.25119471549987793,0.8687844276428223
multi_coarse_753,multi_coarse,full,corafull,2,-1,-1,False,0.0,"[2, 9]",50,0.0,0.0,0.0,True,3.8466498851776123,1.0,1.0,3.8790535926818848,1,1,3.8871214389801025,3.887256145477295,full,19793,False,50,0.3542201519012451,0.25119471549987793,0.8687844276428223
multi_coarse_754,multi_coarse,stitch,corafull,17,18,92,True,1.0,"[17, 18]",47,0.005408763885498047,0.0001823902130126953,0.0211179256439209,True,0.3781559467315674,0.9574468085106383,1.0,0.38738036155700684,6,6,0.8814418315887451,0.9532163143157959,top-5,5924,False,50,0.3542201519012451,0.25119471549987793,0.8687844276428223
multi_coarse_754,multi_coarse,full,corafull,17,-1,-1,False,0.0,"[17, 18]",47,0.0,0.0,0.0,True,3.5150647163391113,0.9574468085106383,1.0,3.548492670059204,6,6,3.557018756866455,3.557168960571289,full,19793,False,50,0.3542201519012451,0.25119471549987793,0.8687844276428223
multi_coarse_755,multi_coarse,stitch,corafull,6,7,36,True,1.0,"[6, 7]",50,0.005204916000366211,0.00016427040100097656,0.020904064178466797,True,0.377002477645874,0.92,1.0,0.3863396644592285,4,4,0.8324029445648193,0.8932526111602783,top-5,6008,False,50,0.3542201519012451,0.25119471549987793,0.8687844276428223
multi_coarse_755,multi_coarse,full,corafull,6,-1,-1,False,0.0,"[6, 7]",50,0.0,0.0,0.0,True,3.762259006500244,0.92,1.0,3.794825315475464,4,4,3.8031563758850098,3.8032941818237305,full,19793,False,50,0.3542201519012451,0.25119471549987793,0.8687844276428223
multi_coarse_756,multi_coarse,stitch,corafull,13,13,65,True,1.0,"[13, 18]",32,0.004891633987426758,0.0001475811004638672,0.02308034896850586,True,0.3690955638885498,1.0,1.0,0.3788564205169678,1,1,0.8415558338165283,0.9147191047668457,top-5,5937,False,50,0.3542201519012451,0.25119471549987793,0.8687844276428223
multi_coarse_756,multi_coarse,full,corafull,13,-1,-1,False,0.0,"[13, 18]",32,0.0,0.0,0.0,True,3.716269016265869,1.0,1.0,3.7493767738342285,1,1,3.75534987449646,3.7554478645324707,full,19793,False,50,0.3542201519012451,0.25119471549987793,0.8687844276428223
multi_coarse_757,multi_coarse,stitch,corafull,11,18,90,True,1.0,"[11, 18]",29,0.005846977233886719,0.0014667510986328125,0.021305322647094727,True,3.828695058822632,1.0,1.0,3.8629567623138428,1,1,5.938036918640137,6.113992214202881,top-20,19793,False,50,0.3542201519012451,0.25119471549987793,0.8687844276428223
multi_coarse_757,multi_coarse,full,corafull,11,-1,-1,False,0.0,"[11, 18]",29,0.0,0.0,0.0,True,3.7090110778808594,1.0,1.0,3.7433886528015137,1,1,3.7492001056671143,3.7493159770965576,full,19793,False,50,0.3542201519012451,0.25119471549987793,0.8687844276428223
multi_coarse_758,multi_coarse,stitch,corafull,10,16,83,True,1.0,"[10, 16]",33,0.0052449703216552734,0.00018835067749023438,0.02242898941040039,True,0.41309642791748047,0.8787878787878788,1.0,0.4228079319000244,4,4,0.8652346134185791,0.9345872402191162,top-5,5971,False,50,0.3542201519012451,0.25119471549987793,0.8687844276428223
multi_coarse_758,multi_coarse,full,corafull,10,-1,-1,False,0.0,"[10, 16]",33,0.0,0.0,0.0,True,3.5660343170166016,0.8787878787878788,1.0,3.596120595932007,4,4,3.6027073860168457,3.6028642654418945,full,19793,False,50,0.3542201519012451,0.25119471549987793,0.8687844276428223
multi_coarse_759,multi_coarse,stitch,corafull,10,17,89,True,1.0,"[10, 17]",43,0.0049479007720947266,0.00013899803161621094,0.020765066146850586,True,0.37702369689941406,0.9302325581395349,1.0,0.3880147933959961,4,4,0.818629264831543,0.8787527084350586,top-5,5929,False,50,0.3542201519012451,0.25119471549987793,0.8687844276428223
multi_coarse_759,multi_coarse,full,corafull,10,-1,-1,False,0.0,"[10, 17]",43,0.0,0.0,0.0,True,3.6143198013305664,0.9302325581395349,1.0,3.645449161529541,8,8,3.65401029586792,3.654167652130127,full,19793,False,50,0.3542201519012451,0.25119471549987793,0.8687844276428223
multi_coarse_760,multi_coarse,stitch,corafull,5,5,25,True,1.0,"[5, 17]",50,0.0050678253173828125,0.00013899803161621094,0.021532058715820312,True,0.3539907932281494,0.96,1.0,0.36171960830688477,6,6,0.7875020503997803,0.8628652095794678,top-5,5867,False,50,0.3542201519012451,0.25119471549987793,0.8687844276428223
multi_coarse_760,multi_coarse,full,corafull,5,-1,-1,False,0.0,"[5, 17]",50,0.0,0.0,0.0,True,3.6994667053222656,0.96,1.0,3.7399511337280273,6,6,3.74910044670105,3.749248743057251,full,19793,False,50,0.3542201519012451,0.25119471549987793,0.8687844276428223
multi_coarse_761,multi_coarse,stitch,corafull,5,18,90,True,1.0,"[5, 18]",31,0.0053904056549072266,0.00015115737915039062,0.020886659622192383,True,0.3942584991455078,1.0,1.0,0.4058847427368164,1,1,0.8329849243164062,0.8941254615783691,top-5,5918,False,50,0.3542201519012451,0.25119471549987793,0.8687844276428223
multi_coarse_761,multi_coarse,full,corafull,5,-1,-1,False,0.0,"[5, 18]",31,0.0,0.0,0.0,True,3.6350831985473633,1.0,1.0,3.667189359664917,1,1,3.672548770904541,3.6726889610290527,full,19793,False,50,0.3542201519012451,0.25119471549987793,0.8687844276428223
multi_coarse_762,multi_coarse,stitch,corafull,11,11,55,True,1.0,"[11, 16]",50,0.0048542022705078125,0.000133514404296875,0.020102739334106445,True,0.3485743999481201,1.0,1.0,0.35532093048095703,1,1,0.7885985374450684,0.8480987548828125,top-5,5932,False,50,0.3542201519012451,0.25119471549987793,0.8687844276428223
multi_coarse_762,multi_coarse,full,corafull,11,-1,-1,False,0.0,"[11, 16]",50,0.0,0.0,0.0,True,3.598985195159912,1.0,1.0,3.634228229522705,1,1,3.6424856185913086,3.642625093460083,full,19793,False,50,0.3542201519012451,0.25119471549987793,0.8687844276428223
multi_coarse_763,multi_coarse,stitch,corafull,11,15,78,True,1.0,"[11, 15]",29,0.00500941276550293,0.0001373291015625,0.020581722259521484,True,0.3975222110748291,1.0,1.0,0.40778183937072754,1,1,0.8716511726379395,0.9434280395507812,top-5,6037,False,50,0.3542201519012451,0.25119471549987793,0.8687844276428223
multi_coarse_763,multi_coarse,full,corafull,11,-1,-1,False,0.0,"[11, 15]",29,0.0,0.0,0.0,True,3.627185583114624,1.0,1.0,3.659071922302246,1,1,3.664457321166992,3.6645913124084473,full,19793,False,50,0.3542201519012451,0.25119471549987793,0.8687844276428223
multi_coarse_764,multi_coarse,stitch,corafull,17,19,95,True,1.0,"[17, 19]",33,0.005605220794677734,0.00016951560974121094,0.0211031436920166,True,0.3922605514526367,1.0,1.0,0.40215015411376953,1,1,0.8474111557006836,0.9105446338653564,top-5,6015,False,50,0.3542201519012451,0.25119471549987793,0.8687844276428223
multi_coarse_764,multi_coarse,full,corafull,17,-1,-1,False,0.0,"[17, 19]",33,0.0,0.0,0.0,True,3.5813167095184326,1.0,1.0,3.6088602542877197,1,1,3.614691972732544,3.614794969558716,full,19793,False,50,0.3542201519012451,0.25119471549987793,0.8687844276428223
multi_coarse_765,multi_coarse,stitch,corafull,10,17,87,True,1.0,"[10, 17]",29,0.0048635005950927734,0.00015354156494140625,0.02107691764831543,True,0.36585140228271484,0.9310344827586207,1.0,0.3765830993652344,6,6,0.8346800804138184,0.8982534408569336,top-5,5911,False,50,0.3542201519012451,0.25119471549987793,0.8687844276428223
multi_coarse_765,multi_coarse,full,corafull,10,-1,-1,False,0.0,"[10, 17]",29,0.0,0.0,0.0,True,3.545383930206299,0.9310344827586207,1.0,3.579258441925049,6,6,3.5854766368865967,3.5856263637542725,full,19793,False,50,0.3542201519012451,0.25119471549987793,0.8687844276428223
multi_coarse_766,multi_coarse,stitch,corafull,3,3,19,True,1.0,"[3, 10]",36,0.005354166030883789,0.0001494884490966797,0.020557403564453125,True,0.36600399017333984,0.8611111111111112,0.9166666666666666,0.3705465793609619,100,100,0.8089821338653564,0.8697624206542969,top-5,5982,False,50,0.3542201519012451,0.25119471549987793,0.8687844276428223
multi_coarse_766,multi_coarse,full,corafull,3,-1,-1,False,0.0,"[3, 10]",36,0.0,0.0,0.0,True,3.5714223384857178,0.8611111111111112,0.9166666666666666,3.589427947998047,100,100,3.6142032146453857,3.61433744430542,full,19793,False,50,0.3542201519012451,0.25119471549987793,0.8687844276428223
multi_coarse_767,multi_coarse,stitch,corafull,2,2,11,True,1.0,"[2, 14]",31,0.004777669906616211,0.0001354217529296875,0.019771099090576172,True,0.35094404220581055,1.0,1.0,0.35917043685913086,1,1,0.7855162620544434,0.8408169746398926,top-5,5921,False,50,0.3542201519012451,0.25119471549987793,0.8687844276428223
multi_coarse_767,multi_coarse,full,corafull,2,-1,-1,False,0.0,"[2, 14]",31,0.0,0.0,0.0,True,3.5704171657562256,1.0,1.0,3.6018409729003906,1,1,3.607383966445923,3.6075148582458496,full,19793,False,50,0.3542201519012451,0.25119471549987793,0.8687844276428223
multi_coarse_768,multi_coarse,stitch,corafull,7,7,37,True,1.0,"[7, 15]",28,0.00503849983215332,0.00016427040100097656,0.020088672637939453,True,0.3833503723144531,0.9642857142857143,1.0,0.3957803249359131,2,2,0.8445038795471191,0.9103121757507324,top-5,5951,False,50,0.3542201519012451,0.25119471549987793,0.8687844276428223
multi_coarse_768,multi_coarse,full,corafull,7,-1,-1,False,0.0,"[7, 15]",28,0.0,0.0,0.0,True,4.076686382293701,0.9642857142857143,1.0,4.107408285140991,2,2,4.112547397613525,4.112698078155518,full,19793,False,50,0.3542201519012451,0.25119471549987793,0.8687844276428223
multi_coarse_769,multi_coarse,stitch,corafull,2,9,45,True,1.0,"[2, 9]",29,0.005245685577392578,0.00015473365783691406,0.020498037338256836,True,0.4099757671356201,1.0,1.0,0.41887903213500977,1,1,0.8674349784851074,0.9304797649383545,top-5,5946,False,50,0.3542201519012451,0.25119471549987793,0.8687844276428223
multi_coarse_769,multi_coarse,full,corafull,2,-1,-1,False,0.0,"[2, 9]",29,0.0,0.0,0.0,True,3.720158815383911,1.0,1.0,3.7493436336517334,1,1,3.7546677589416504,3.7548139095306396,full,19793,False,50,0.3542201519012451,0.25119471549987793,0.8687844276428223
multi_coarse_770,multi_coarse,stitch,corafull,7,7,38,True,1.0,"[7, 11]",28,0.005118370056152344,0.00014066696166992188,0.020590782165527344,True,0.38533997535705566,1.0,1.0,0.3943746089935303,1,1,0.8249731063842773,0.8831214904785156,top-5,5920,False,50,0.3542201519012451,0.25119471549987793,0.8687844276428223
multi_coarse_770,multi_coarse,full,corafull,7,-1,-1,False,0.0,"[7, 11]",28,0.0,0.0,0.0,True,4.14609956741333,1.0,1.0,4.1768622398376465,1,1,4.182204961776733,4.182337284088135,full,19793,False,50,0.3542201519012451,0.25119471549987793,0.8687844276428223
multi_coarse_771,multi_coarse,stitch,corafull,13,13,69,True,1.0,"[13, 19]",34,0.005140781402587891,0.00013899803161621094,0.021079540252685547,True,0.3432295322418213,1.0,1.0,0.3496851921081543,1,1,0.7931382656097412,0.8624968528747559,top-5,5997,False,50,0.3542201519012451,0.25119471549987793,0.8687844276428223
multi_coarse_771,multi_coarse,full,corafull,13,-1,-1,False,0.0,"[13, 19]",34,0.0,0.0,0.0,True,3.5257115364074707,1.0,1.0,3.5540151596069336,1,1,3.559843063354492,3.5599489212036133,full,19793,False,50,0.3542201519012451,0.25119471549987793,0.8687844276428223
multi_coarse_772,multi_coarse,stitch,corafull,6,6,32,True,1.0,"[6, 18]",47,0.00487971305847168,0.00014257431030273438,0.02060985565185547,True,0.3840363025665283,1.0,1.0,0.3928685188293457,1,1,0.8466861248016357,0.9128789901733398,top-5,5966,False,50,0.3542201519012451,0.25119471549987793,0.8687844276428223
multi_coarse_772,multi_coarse,full,corafull,6,-1,-1,False,0.0,"[6, 18]",47,0.0,0.0,0.0,True,3.439591646194458,1.0,1.0,3.4728291034698486,1,1,3.4797353744506836,3.47986102104187,full,19793,False,50,0.3542201519012451,0.25119471549987793,0.8687844276428223
multi_coarse_773,multi_coarse,stitch,corafull,16,16,82,True,1.0,"[16, 19]",29,0.00476837158203125,0.00013685226440429688,0.01993107795715332,True,0.36162662506103516,1.0,1.0,0.37071967124938965,1,1,0.8137614727020264,0.8902842998504639,top-5,5963,False,50,0.3542201519012451,0.25119471549987793,0.8687844276428223
multi_coarse_773,multi_coarse,full,corafull,16,-1,-1,False,0.0,"[16, 19]",29,0.0,0.0,0.0,True,3.5141701698303223,1.0,1.0,3.544257879257202,1,1,3.549532413482666,3.5496318340301514,full,19793,False,50,0.3542201519012451,0.25119471549987793,0.8687844276428223
multi_coarse_774,multi_coarse,stitch,corafull,6,7,36,True,1.0,"[6, 7]",47,0.005056619644165039,0.00013899803161621094,0.02048182487487793,True,0.3457217216491699,1.0,1.0,0.35256242752075195,1,1,0.7707161903381348,0.8315396308898926,top-5,5960,False,50,0.3542201519012451,0.25119471549987793,0.8687844276428223
multi_coarse_774,multi_coarse,full,corafull,6,-1,-1,False,0.0,"[6, 7]",47,0.0,0.0,0.0,True,3.5128681659698486,1.0,1.0,3.544255256652832,2,2,3.5517208576202393,3.551862955093384,full,19793,False,50,0.3542201519012451,0.25119471549987793,0.8687844276428223
multi_coarse_775,multi_coarse,stitch,corafull,9,9,46,True,1.0,"[9, 14]",47,0.004852771759033203,0.0001285076141357422,0.02035379409790039,True,0.3434474468231201,1.0,1.0,0.35178375244140625,1,1,0.800408124923706,0.8609292507171631,top-5,5958,False,50,0.3542201519012451,0.25119471549987793,0.8687844276428223
multi_coarse_775,multi_coarse,full,corafull,9,-1,-1,False,0.0,"[9, 14]",47,0.0,0.0,0.0,True,3.4678375720977783,1.0,1.0,3.498347520828247,1,1,3.5055718421936035,3.5057151317596436,full,19793,False,50,0.3542201519012451,0.25119471549987793,0.8687844276428223
multi_coarse_776,multi_coarse,stitch,corafull,0,7,39,True,1.0,"[0, 7]",50,0.004991769790649414,0.00014281272888183594,0.020784616470336914,True,0.37031102180480957,1.0,1.0,0.3798336982727051,1,1,0.8293600082397461,0.8945915699005127,top-5,5931,False,50,0.3542201519012451,0.25119471549987793,0.8687844276428223
multi_coarse_776,multi_coarse,full,corafull,0,-1,-1,False,0.0,"[0, 7]",50,0.0,0.0,0.0,True,3.7061855792999268,1.0,1.0,3.7394649982452393,1,1,3.747000217437744,3.7471377849578857,full,19793,False,50,0.3542201519012451,0.25119471549987793,0.8687844276428223
multi_coarse_777,multi_coarse,stitch,corafull,13,17,88,True,1.0,"[13, 17]",50,0.0049686431884765625,0.0001354217529296875,0.020207881927490234,True,0.3534858226776123,0.96,1.0,0.3615145683288574,6,6,0.7871856689453125,0.8458876609802246,top-5,5911,False,50,0.3542201519012451,0.25119471549987793,0.8687844276428223
multi_coarse_777,multi_coarse,full,corafull,13,-1,-1,False,0.0,"[13, 17]",50,0.0,0.0,0.0,True,3.3939807415008545,0.94,1.0,3.426222085952759,12,12,3.4364511966705322,3.4365975856781006,full,19793,False,50,0.3542201519012451,0.25119471549987793,0.8687844276428223
multi_coarse_778,multi_coarse,stitch,corafull,7,14,74,True,1.0,"[7, 14]",50,0.004939556121826172,0.00015926361083984375,0.020016193389892578,True,0.36337947845458984,1.0,1.0,0.3703920841217041,1,1,0.8008308410644531,0.8593823909759521,top-5,5896,False,50,0.3542201519012451,0.25119471549987793,0.8687844276428223
multi_coarse_778,multi_coarse,full,corafull,7,-1,-1,False,0.0,"[7, 14]",50,0.0,0.0,0.0,True,3.7723331451416016,1.0,1.0,3.8054652214050293,1,1,3.8131911754608154,3.813377618789673,full,19793,False,50,0.3542201519012451,0.25119471549987793,0.8687844276428223
multi_coarse_779,multi_coarse,stitch,corafull,4,4,21,True,1.0,"[4, 9]",50,0.0049517154693603516,0.00015783309936523438,0.019928932189941406,True,0.38442182540893555,1.0,1.0,0.3943495750427246,1,1,0.8419187068939209,0.9024007320404053,top-5,6046,False,50,0.3542201519012451,0.25119471549987793,0.8687844276428223
multi_coarse_779,multi_coarse,full,corafull,4,-1,-1,False,0.0,"[4, 9]",50,0.0,0.0,0.0,True,3.615926504135132,0.98,1.0,3.65335750579834,2,2,3.661954402923584,3.662088632583618,full,19793,False,50,0.3542201519012451,0.25119471549987793,0.8687844276428223
multi_coarse_780,multi_coarse,stitch,corafull,2,15,77,True,1.0,"[2, 15]",50,0.004868984222412109,0.00013136863708496094,0.020296096801757812,True,0.3994104862213135,0.98,1.0,0.40813589096069336,11,11,0.8581445217132568,0.9197216033935547,top-5,5920,False,50,0.3542201519012451,0.25119471549987793,0.8687844276428223
multi_coarse_780,multi_coarse,full,corafull,2,-1,-1,False,0.0,"[2, 15]",50,0.0,0.0,0.0,True,3.584595203399658,0.98,1.0,3.6160788536071777,23,23,3.6291158199310303,3.6292572021484375,full,19793,False,50,0.3542201519012451,0.25119471549987793,0.8687844276428223
multi_coarse_781,multi_coarse,stitch,corafull,6,6,32,True,1.0,"[6, 7]",50,0.004909515380859375,0.0001423358917236328,0.02046513557434082,True,0.3615140914916992,1.0,1.0,0.36948728561401367,1,1,0.8086526393890381,0.8711118698120117,top-5,6007,False,50,0.3542201519012451,0.25119471549987793,0.8687844276428223
multi_coarse_781,multi_coarse,full,corafull,6,-1,-1,False,0.0,"[6, 7]",50,0.0,0.0,0.0,True,3.5569067001342773,1.0,1.0,3.5874733924865723,1,1,3.5950448513031006,3.595137596130371,full,19793,False,50,0.3542201519012451,0.25119471549987793,0.8687844276428223
multi_coarse_782,multi_coarse,stitch,corafull,3,15,76,True,1.0,"[3, 15]",30,0.00548553466796875,0.00016641616821289062,0.023134946823120117,True,0.3643310070037842,1.0,1.0,0.37151670455932617,1,1,0.8037450313568115,0.8688514232635498,top-5,5934,False,50,0.3542201519012451,0.25119471549987793,0.8687844276428223
multi_coarse_782,multi_coarse,full,corafull,3,-1,-1,False,0.0,"[3, 15]",30,0.0,0.0,0.0,True,3.4586944580078125,1.0,1.0,3.485766649246216,1,1,3.4911160469055176,3.491248607635498,full,19793,False,50,0.3542201519012451,0.25119471549987793,0.8687844276428223
multi_coarse_783,multi_coarse,stitch,corafull,0,0,1,True,1.0,"[0, 3]",46,0.00507044792175293,0.0002510547637939453,0.022907257080078125,True,0.34946250915527344,0.9130434782608695,1.0,0.35695362091064453,4,4,0.7959418296813965,0.8603413105010986,top-5,5926,False,50,0.3542201519012451,0.25119471549987793,0.8687844276428223
multi_coarse_783,multi_coarse,full,corafull,0,-1,-1,False,0.0,"[0, 3]",46,0.0,0.0,0.0,True,4.541827440261841,0.9130434782608695,1.0,4.572399854660034,4,4,4.580755949020386,4.580887794494629,full,19793,False,50,0.3542201519012451,0.25119471549987793,0.8687844276428223
multi_coarse_784,multi_coarse,stitch,corafull,13,19,98,True,1.0,"[13, 19]",32,0.005505561828613281,0.0001583099365234375,0.02140069007873535,True,0.3634827136993408,1.0,1.0,0.3708457946777344,1,1,0.8236815929412842,0.8933975696563721,top-5,6011,False,50,0.3542201519012451,0.25119471549987793,0.8687844276428223
multi_coarse_784,multi_coarse,full,corafull,13,-1,-1,False,0.0,"[13, 19]",32,0.0,0.0,0.0,True,3.4925107955932617,1.0,1.0,3.5220084190368652,1,1,3.5274431705474854,3.5275323390960693,full,19793,False,50,0.3542201519012451,0.25119471549987793,0.8687844276428223
multi_coarse_785,multi_coarse,stitch,corafull,1,9,46,True,1.0,"[1, 9]",34,0.0048007965087890625,0.0001373291015625,0.020325422286987305,True,0.38353419303894043,1.0,1.0,0.391664981842041,1,1,0.8268561363220215,0.8878052234649658,top-5,5904,False,50,0.3542201519012451,0.25119471549987793,0.8687844276428223
multi_coarse_785,multi_coarse,full,corafull,1,-1,-1,False,0.0,"[1, 9]",34,0.0,0.0,0.0,True,3.5766172409057617,1.0,1.0,3.6043670177459717,1,1,3.610121011734009,3.6102516651153564,full,19793,False,50,0.3542201519012451,0.25119471549987793,0.8687844276428223
multi_coarse_786,multi_coarse,stitch,corafull,2,7,36,True,1.0,"[2, 7]",50,0.0050504207611083984,0.0001373291015625,0.020557641983032227,True,0.3504066467285156,1.0,1.0,0.35880208015441895,1,1,0.7860665321350098,0.8452239036560059,top-5,5916,False,50,0.3542201519012451,0.25119471549987793,0.8687844276428223
multi_coarse_786,multi_coarse,full,corafull,2,-1,-1,False,0.0,"[2, 7]",50,0.0,0.0,0.0,True,3.648893356323242,1.0,1.0,3.679805278778076,1,1,3.6874191761016846,3.687544584274292,full,19793,False,50,0.3542201519012451,0.25119471549987793,0.8687844276428223
multi_coarse_787,multi_coarse,stitch,corafull,7,19,98,True,1.0,"[7, 19]",37,0.0050394535064697266,0.00016355514526367188,0.021326780319213867,True,0.35760927200317383,0.8648648648648649,1.0,0.3643672466278076,100,100,0.8252360820770264,0.8876149654388428,top-5,5988,False,50,0.3542201519012451,0.25119471549987793,0.8687844276428223
multi_coarse_787,multi_coarse,full,corafull,7,-1,-1,False,0.0,"[7, 19]",37,0.0,0.0,0.0,True,3.5252718925476074,0.8648648648648649,1.0,3.5427937507629395,100,100,3.567857503890991,3.5679845809936523,full,19793,False,50,0.3542201519012451,0.25119471549987793,0.8687844276428223
multi_coarse_788,multi_coarse,stitch,corafull,4,4,22,True,1.0,"[4, 11]",50,0.004914522171020508,0.0001289844512939453,0.0205075740814209,True,0.4014773368835449,0.96,1.0,0.4126303195953369,2,2,0.8431196212768555,0.9028968811035156,top-5,5941,False,50,0.3542201519012451,0.25119471549987793,0.8687844276428223
multi_coarse_788,multi_coarse,full,corafull,4,-1,-1,False,0.0,"[4, 11]",50,0.0,0.0,0.0,True,3.5865402221679688,0.96,1.0,3.6171562671661377,2,2,3.625415325164795,3.625537872314453,full,19793,False,50,0.3542201519012451,0.25119471549987793,0.8687844276428223
multi_coarse_789,multi_coarse,stitch,corafull,4,4,20,True,1.0,"[4, 12]",35,0.004898786544799805,0.00015807151794433594,0.02043008804321289,True,0.35887789726257324,0.9428571428571428,1.0,0.37070417404174805,2,2,0.9610245227813721,1.0211989879608154,top-5,5909,False,50,0.3542201519012451,0.25119471549987793,0.8687844276428223
multi_coarse_789,multi_coarse,full,corafull,4,-1,-1,False,0.0,"[4, 12]",35,0.0,0.0,0.0,True,3.665173292160034,0.9428571428571428,1.0,3.699594497680664,2,2,3.705608367919922,3.705770492553711,full,19793,False,50,0.3542201519012451,0.25119471549987793,0.8687844276428223
multi_coarse_790,multi_coarse,stitch,corafull,5,5,25,True,1.0,"[5, 10]",31,0.0050199031829833984,0.00013494491577148438,0.020769119262695312,True,0.37654614448547363,1.0,1.0,0.3851895332336426,1,1,0.8153438568115234,0.8740043640136719,top-5,5895,False,50,0.3542201519012451,0.25119471549987793,0.8687844276428223
multi_coarse_790,multi_coarse,full,corafull,5,-1,-1,False,0.0,"[5, 10]",31,0.0,0.0,0.0,True,3.4781222343444824,1.0,1.0,3.512035369873047,1,1,3.517827033996582,3.5179977416992188,full,19793,False,50,0.3542201519012451,0.25119471549987793,0.8687844276428223
multi_coarse_791,multi_coarse,stitch,corafull,0,0,4,True,1.0,"[0, 11]",50,0.005257129669189453,0.0001621246337890625,0.01995372772216797,True,0.39357948303222656,1.0,1.0,0.40460872650146484,1,1,0.8373777866363525,0.8963329792022705,top-5,5902,False,50,0.3542201519012451,0.25119471549987793,0.8687844276428223
multi_coarse_791,multi_coarse,full,corafull,0,-1,-1,False,0.0,"[0, 11]",50,0.0,0.0,0.0,True,3.8641066551208496,1.0,1.0,3.894660472869873,1,1,3.9047257900238037,3.904890298843384,full,19793,False,50,0.3542201519012451,0.25119471549987793,0.8687844276428223
multi_coarse_792,multi_coarse,stitch,corafull,1,1,6,True,1.0,"[1, 17]",50,0.0049610137939453125,0.0001327991485595703,0.020797252655029297,True,0.36136484146118164,1.0,1.0,0.3691215515136719,1,1,0.797055721282959,0.8578932285308838,top-5,5930,False,50,0.3542201519012451,0.25119471549987793,0.8687844276428223
multi_coarse_792,multi_coarse,full,corafull,1,-1,-1,False,0.0,"[1, 17]",50,0.0,0.0,0.0,True,3.7110564708709717,1.0,1.0,3.7419841289520264,1,1,3.7496531009674072,3.749750852584839,full,19793,False,50,0.3542201519012451,0.25119471549987793,0.8687844276428223
multi_coarse_793,multi_coarse,stitch,corafull,11,15,77,True,1.0,"[11, 15]",38,0.004861593246459961,0.00013184547424316406,0.02009439468383789,True,0.3738977909088135,1.0,1.0,0.3829374313354492,1,1,0.8141665458679199,0.8759000301361084,top-5,6014,False,50,0.3542201519012451,0.25119471549987793,0.8687844276428223
multi_coarse_793,multi_coarse,full,corafull,11,-1,-1,False,0.0,"[11, 15]",38,0.0,0.0,0.0,True,3.6289045810699463,1.0,1.0,3.6624276638031006,1,1,3.668764591217041,3.668858766555786,full,19793,False,50,0.3542201519012451,0.25119471549987793,0.8687844276428223
multi_coarse_794,multi_coarse,stitch,corafull,15,15,76,True,1.0,"[15, 19]",50,0.005745887756347656,0.00018215179443359375,0.020896196365356445,True,0.41348838806152344,1.0,1.0,0.4205176830291748,1,1,0.902768611907959,0.9707839488983154,top-5,5961,False,50,0.3542201519012451,0.25119471549987793,0.8687844276428223
multi_coarse_794,multi_coarse,full,corafull,15,-1,-1,False,0.0,"[15, 19]",50,0.0,0.0,0.0,True,3.6279447078704834,1.0,1.0,3.6598594188690186,1,1,3.672229051589966,3.672335147857666,full,19793,False,50,0.3542201519012451,0.25119471549987793,0.8687844276428223
multi_coarse_795,multi_coarse,stitch,corafull,1,1,7,True,1.0,"[1, 4]",50,0.006409168243408203,0.00020241737365722656,0.021514415740966797,True,0.38227367401123047,1.0,1.0,0.3898496627807617,1,1,0.83245849609375,0.8988649845123291,top-5,5952,False,50,0.3542201519012451,0.25119471549987793,0.8687844276428223
multi_coarse_795,multi_coarse,full,corafull,1,-1,-1,False,0.0,"[1, 4]",50,0.0,0.0,0.0,True,5.364020586013794,1.0,1.0,5.396209955215454,1,1,5.403888702392578,5.40403413772583,full,19793,False,50,0.3542201519012451,0.25119471549987793,0.8687844276428223
multi_coarse_796,multi_coarse,stitch,corafull,2,2,10,True,1.0,"[2, 19]",34,0.005326747894287109,0.00015234947204589844,0.02109503746032715,True,0.5660407543182373,1.0,1.0,0.5781064033508301,1,1,1.0180227756500244,1.0817608833312988,top-5,5966,False,50,0.3542201519012451,0.25119471549987793,0.8687844276428223
multi_coarse_796,multi_coarse,full,corafull,2,-1,-1,False,0.0,"[2, 19]",34,0.0,0.0,0.0,True,3.747817277908325,0.9705882352941176,1.0,3.788116216659546,2,2,3.7946927547454834,3.7948246002197266,full,19793,False,50,0.3542201519012451,0.25119471549987793,0.8687844276428223
multi_coarse_797,multi_coarse,stitch,corafull,12,14,70,True,1.0,"[12, 14]",40,0.005610227584838867,0.00017690658569335938,0.02184462547302246,True,0.6903479099273682,1.0,1.0,0.6984751224517822,1,1,1.1966941356658936,1.369673490524292,top-5,5944,False,50,0.3542201519012451,0.25119471549987793,0.8687844276428223
multi_coarse_797,multi_coarse,full,corafull,12,-1,-1,False,0.0,"[12, 14]",40,0.0,0.0,0.0,True,7.358349561691284,1.0,1.0,7.388044118881226,1,1,7.3946099281311035,7.394726514816284,full,19793,False,50,0.3542201519012451,0.25119471549987793,0.8687844276428223
multi_coarse_798,multi_coarse,stitch,corafull,17,19,96,True,1.0,"[17, 19]",26,0.005031585693359375,0.0001468658447265625,0.021352767944335938,True,0.5710780620574951,1.0,1.0,0.5940003395080566,1,1,1.0337669849395752,1.0973713397979736,top-5,5889,False,50,0.3542201519012451,0.25119471549987793,0.8687844276428223
multi_coarse_798,multi_coarse,full,corafull,17,-1,-1,False,0.0,"[17, 19]",26,0.0,0.0,0.0,True,5.950871229171753,1.0,1.0,5.982328414916992,1,1,5.988119602203369,5.98827600479126,full,19793,False,50,0.3542201519012451,0.25119471549987793,0.8687844276428223
multi_coarse_799,multi_coarse,stitch,corafull,12,12,62,True,1.0,"[12, 14]",31,0.0049593448638916016,0.00013256072998046875,0.021208524703979492,True,0.581289529800415,0.9354838709677419,1.0,0.5911812782287598,6,6,1.028289794921875,1.0935654640197754,top-5,5889,False,50,0.3542201519012451,0.25119471549987793,0.8687844276428223
multi_coarse_799,multi_coarse,full,corafull,12,-1,-1,False,0.0,"[12, 14]",31,0.0,0.0,0.0,True,6.404324531555176,0.9354838709677419,1.0,6.434676647186279,6,6,6.44147801399231,6.4415764808654785,full,19793,False,50,0.3542201519012451,0.25119471549987793,0.8687844276428223
multi_coarse_800,multi_coarse,stitch,corafull,0,0,1,True,1.0,"[0, 3]",65,0.005113840103149414,0.0001544952392578125,0.020694732666015625,True,0.8767993450164795,1.0,1.0,0.8868372440338135,1,1,1.3385627269744873,1.4210772514343262,top-5,5939,False,100,0.3542201519012451,0.25119471549987793,0.8687844276428223
multi_coarse_800,multi_coarse,full,corafull,0,-1,-1,False,0.0,"[0, 3]",65,0.0,0.0,0.0,True,5.5035765171051025,1.0,1.0,5.537060260772705,1,1,5.54682469367981,5.546958684921265,full,19793,False,100,0.3542201519012451,0.25119471549987793,0.8687844276428223
multi_coarse_801,multi_coarse,stitch,corafull,5,5,27,True,1.0,"[5, 15]",57,0.004970550537109375,0.00017762184143066406,0.020116090774536133,True,0.4196145534515381,1.0,1.0,0.4320542812347412,1,1,0.8793015480041504,0.9404864311218262,top-5,5905,False,100,0.3542201519012451,0.25119471549987793,0.8687844276428223
multi_coarse_801,multi_coarse,full,corafull,5,-1,-1,False,0.0,"[5, 15]",57,0.0,0.0,0.0,True,4.844604730606079,1.0,1.0,4.877396583557129,1,1,4.886296510696411,4.886460065841675,full,19793,False,100,0.3542201519012451,0.25119471549987793,0.8687844276428223
multi_coarse_802,multi_coarse,stitch,corafull,13,13,65,True,1.0,"[13, 16]",60,0.005034446716308594,0.00014019012451171875,0.020959138870239258,True,0.40428900718688965,1.0,1.0,0.4129469394683838,1,1,0.8846557140350342,0.9546654224395752,top-5,5962,False,100,0.3542201519012451,0.25119471549987793,0.8687844276428223
multi_coarse_802,multi_coarse,full,corafull,13,-1,-1,False,0.0,"[13, 16]",60,0.0,0.0,0.0,True,3.724762201309204,1.0,1.0,3.7598774433135986,1,1,3.7693164348602295,3.76944637298584,full,19793,False,100,0.3542201519012451,0.25119471549987793,0.8687844276428223
multi_coarse_803,multi_coarse,stitch,corafull,8,9,45,True,1.0,"[8, 9]",100,0.004924774169921875,0.00013494491577148438,0.020000457763671875,True,0.3838222026824951,0.98,1.0,0.3942089080810547,2,2,0.8698976039886475,0.9319818019866943,top-5,5921,False,100,0.3542201519012451,0.25119471549987793,0.8687844276428223
multi_coarse_803,multi_coarse,full,corafull,8,-1,-1,False,0.0,"[8, 9]",100,0.0,0.0,0.0,True,5.343286514282227,0.98,1.0,5.381011724472046,2,2,5.395715236663818,5.395872354507446,full,19793,False,100,0.3542201519012451,0.25119471549987793,0.8687844276428223
multi_coarse_804,multi_coarse,stitch,corafull,2,5,26,True,1.0,"[2, 5]",80,0.0056629180908203125,0.0001685619354248047,0.023344993591308594,True,0.41452980041503906,1.0,1.0,0.4228637218475342,1,1,0.8768413066864014,0.9512739181518555,top-5,5876,False,100,0.3542201519012451,0.25119471549987793,0.8687844276428223
multi_coarse_804,multi_coarse,full,corafull,2,-1,-1,False,0.0,"[2, 5]",80,0.0,0.0,0.0,True,3.8319220542907715,1.0,1.0,3.8769657611846924,1,1,3.8884565830230713,3.8885815143585205,full,19793,False,100,0.3542201519012451,0.25119471549987793,0.8687844276428223
multi_coarse_805,multi_coarse,stitch,corafull,0,0,2,True,1.0,"[0, 12]",64,0.005650043487548828,0.0001773834228515625,0.021653175354003906,True,0.36832737922668457,0.96875,1.0,0.3762540817260742,2,2,0.8281605243682861,0.8993196487426758,top-5,5934,False,100,0.3542201519012451,0.25119471549987793,0.8687844276428223
multi_coarse_805,multi_coarse,full,corafull,0,-1,-1,False,0.0,"[0, 12]",64,0.0,0.0,0.0,True,3.8025963306427,0.96875,1.0,3.8359127044677734,2,2,3.8460533618927,3.846191883087158,full,19793,False,100,0.3542201519012451,0.25119471549987793,0.8687844276428223
multi_coarse_806,multi_coarse,stitch,corafull,0,3,15,True,1.0,"[0, 3]",100,0.0057277679443359375,0.00016307830810546875,0.021488428115844727,True,0.41968274116516113,1.0,1.0,0.42865419387817383,1,1,0.8971903324127197,0.9721269607543945,top-5,5959,False,100,0.3542201519012451,0.25119471549987793,0.8687844276428223
multi_coarse_806,multi_coarse,full,corafull,0,-1,-1,False,0.0,"[0, 3]",100,0.0,0.0,0.0,True,3.8408234119415283,1.0,1.0,3.8726677894592285,1,1,3.886390209197998,3.886509418487549,full,19793,False,100,0.3542201519012451,0.25119471549987793,0.8687844276428223
multi_coarse_807,multi_coarse,stitch,corafull,1,13,68,True,1.0,"[1, 13]",55,0.005329132080078125,0.00016760826110839844,0.02228522300720215,True,3.735133647918701,1.0,1.0,3.7698440551757812,1,1,5.67266321182251,5.817243337631226,top-20,19793,False,100,0.3542201519012451,0.25119471549987793,0.8687844276428223
multi_coarse_807,multi_coarse,full,corafull,1,-1,-1,False,0.0,"[1, 13]",55,0.0,0.0,0.0,True,3.86120343208313,1.0,1.0,3.894540786743164,1,1,3.9032375812530518,3.9034152030944824,full,19793,False,100,0.3542201519012451,0.25119471549987793,0.8687844276428223
multi_coarse_808,multi_coarse,stitch,corafull,17,17,87,True,1.0,"[17, 18]",60,0.0054738521575927734,0.00016069412231445312,0.02231121063232422,True,0.39524412155151367,0.9666666666666667,1.0,0.40361809730529785,6,6,0.8744480609893799,0.9522237777709961,top-5,5904,False,100,0.3542201519012451,0.25119471549987793,0.8687844276428223
multi_coarse_808,multi_coarse,full,corafull,17,-1,-1,False,0.0,"[17, 18]",60,0.0,0.0,0.0,True,3.837632417678833,0.9666666666666667,1.0,3.871182680130005,6,6,3.88189959526062,3.8820583820343018,full,19793,False,100,0.3542201519012451,0.25119471549987793,0.8687844276428223
multi_coarse_809,multi_coarse,stitch,corafull,5,15,76,True,1.0,"[5, 15]",77,0.005526065826416016,0.00017786026000976562,0.023366451263427734,True,0.8473262786865234,1.0,1.0,0.8576076030731201,1,1,1.3315298557281494,2.055403232574463,top-5,5941,False,100,0.3542201519012451,0.25119471549987793,0.8687844276428223
multi_coarse_809,multi_coarse,full,corafull,5,-1,-1,False,0.0,"[5, 15]",77,0.0,0.0,0.0,True,5.516888380050659,1.0,1.0,5.55219292640686,1,1,5.565035343170166,5.565135478973389,full,19793,False,100,0.3542201519012451,0.25119471549987793,0.8687844276428223
multi_coarse_810,multi_coarse,stitch,corafull,4,6,34,True,1.0,"[4, 6]",56,0.0054302215576171875,0.0001742839813232422,0.022220373153686523,True,0.41281580924987793,0.9285714285714286,1.0,0.42350172996520996,12,12,0.9085109233856201,0.9857406616210938,top-5,5967,False,100,0.3542201519012451,0.25119471549987793,0.8687844276428223
multi_coarse_810,multi_coarse,full,corafull,4,-1,-1,False,0.0,"[4, 6]",56,0.0,0.0,0.0,True,3.7194743156433105,0.9285714285714286,1.0,3.7507548332214355,12,12,3.7625718116760254,3.762681484222412,full,19793,False,100,0.3542201519012451,0.25119471549987793,0.8687844276428223
multi_coarse_811,multi_coarse,stitch,corafull,11,11,56,True,1.0,"[11, 17]",51,0.005034685134887695,0.0001380443572998047,0.02086186408996582,True,0.5231194496154785,1.0,1.0,0.531649112701416,1,1,0.9691712856292725,1.0316548347473145,top-5,5966,False,100,0.3542201519012451,0.25119471549987793,0.8687844276428223
multi_coarse_811,multi_coarse,full,corafull,11,-1,-1,False,0.0,"[11, 17]",51,0.0,0.0,0.0,True,6.405267953872681,1.0,1.0,6.435658931732178,1,1,6.4444098472595215,6.4445366859436035,full,19793,False,100,0.3542201519012451,0.25119471549987793,0.8687844276428223
multi_coarse_812,multi_coarse,stitch,corafull,0,6,32,True,1.0,"[0, 6]",95,0.005339145660400391,0.00016307830810546875,0.021363019943237305,True,0.4200770854949951,1.0,1.0,0.4312279224395752,1,1,0.8833327293395996,0.9457108974456787,top-5,6020,False,100,0.3542201519012451,0.25119471549987793,0.8687844276428223
multi_coarse_812,multi_coarse,full,corafull,0,-1,-1,False,0.0,"[0, 6]",95,0.0,0.0,0.0,True,3.706530809402466,1.0,1.0,3.7399418354034424,1,1,3.752194404602051,3.7522895336151123,full,19793,False,100,0.3542201519012451,0.25119471549987793,0.8687844276428223
multi_coarse_813,multi_coarse,stitch,corafull,4,4,23,True,1.0,"[4, 11]",61,0.005117893218994141,0.0001666545867919922,0.021294593811035156,True,0.41438889503479004,1.0,1.0,0.424882173538208,1,1,0.8794846534729004,0.9552223682403564,top-5,5968,False,100,0.3542201519012451,0.25119471549987793,0.8687844276428223
multi_coarse_813,multi_coarse,full,corafull,4,-1,-1,False,0.0,"[4, 11]",61,0.0,0.0,0.0,True,3.566962718963623,1.0,1.0,3.598890781402588,1,1,3.608083724975586,3.608213186264038,full,19793,False,100,0.3542201519012451,0.25119471549987793,0.8687844276428223
multi_coarse_814,multi_coarse,stitch,corafull,3,4,20,True,1.0,"[3, 4]",89,0.006060361862182617,0.00021600723266601562,0.023720979690551758,True,0.3635866641998291,0.898876404494382,0.9438202247191011,0.36980724334716797,100,100,0.8711891174316406,0.9351122379302979,top-5,6010,False,100,0.3542201519012451,0.25119471549987793,0.8687844276428223
multi_coarse_814,multi_coarse,full,corafull,3,-1,-1,False,0.0,"[3, 4]",89,0.0,0.0,0.0,True,3.5450327396392822,0.898876404494382,0.9438202247191011,3.5639121532440186,100,100,3.6203243732452393,3.620450258255005,full,19793,False,100,0.3542201519012451,0.25119471549987793,0.8687844276428223
multi_coarse_815,multi_coarse,stitch,corafull,3,3,15,True,1.0,"[3, 12]",87,0.004959821701049805,0.00013208389282226562,0.020313739776611328,True,0.36551499366760254,1.0,1.0,0.37331199645996094,1,1,0.8101396560668945,0.8687305450439453,top-5,5907,False,100,0.3542201519012451,0.25119471549987793,0.8687844276428223
multi_coarse_815,multi_coarse,full,corafull,3,-1,-1,False,0.0,"[3, 12]",87,0.0,0.0,0.0,True,3.660557508468628,1.0,1.0,3.6950020790100098,1,1,3.7070975303649902,3.707218647003174,full,19793,False,100,0.3542201519012451,0.25119471549987793,0.8687844276428223
multi_coarse_816,multi_coarse,stitch,corafull,6,6,32,True,1.0,"[6, 12]",73,0.0055751800537109375,0.00017118453979492188,0.020774126052856445,True,0.3565077781677246,1.0,1.0,0.3643326759338379,1,1,0.813640832901001,0.87656569480896,top-5,5950,False,100,0.3542201519012451,0.25119471549987793,0.8687844276428223
multi_coarse_816,multi_coarse,full,corafull,6,-1,-1,False,0.0,"[6, 12]",73,0.0,0.0,0.0,True,3.7807137966156006,1.0,1.0,3.8172264099121094,1,1,3.828153133392334,3.828284502029419,full,19793,False,100,0.3542201519012451,0.25119471549987793,0.8687844276428223
multi_coarse_817,multi_coarse,stitch,corafull,1,6,30,True,1.0,"[1, 6]",62,0.006461143493652344,0.0001862049102783203,0.02212047576904297,True,0.3769969940185547,1.0,1.0,0.3859407901763916,1,1,0.8537275791168213,0.923612117767334,top-5,5971,False,100,0.3542201519012451,0.25119471549987793,0.8687844276428223
multi_coarse_817,multi_coarse,full,corafull,1,-1,-1,False,0.0,"[1, 6]",62,0.0,0.0,0.0,True,3.6238138675689697,1.0,1.0,3.6569206714630127,1,1,3.6662514209747314,3.6663410663604736,full,19793,False,100,0.3542201519012451,0.25119471549987793,0.8687844276428223
multi_coarse_818,multi_coarse,stitch,corafull,0,8,40,True,1.0,"[0, 8]",81,0.005021572113037109,0.00013828277587890625,0.019996166229248047,True,0.3542606830596924,0.9753086419753086,1.0,0.363781213760376,2,2,0.8200514316558838,0.8810756206512451,top-5,5895,False,100,0.3542201519012451,0.25119471549987793,0.8687844276428223
multi_coarse_818,multi_coarse,full,corafull,0,-1,-1,False,0.0,"[0, 8]",81,0.0,0.0,0.0,True,3.7158572673797607,0.9753086419753086,1.0,3.7505054473876953,2,2,3.762652635574341,3.7627813816070557,full,19793,False,100,0.3542201519012451,0.25119471549987793,0.8687844276428223
multi_coarse_819,multi_coarse,stitch,corafull,13,14,70,True,1.0,"[13, 14]",79,0.005764007568359375,0.00016927719116210938,0.02083134651184082,True,0.6727268695831299,1.0,1.0,0.6834254264831543,1,1,1.1435332298278809,1.5007495880126953,top-5,5970,False,100,0.3542201519012451,0.25119471549987793,0.8687844276428223
multi_coarse_819,multi_coarse,full,corafull,13,-1,-1,False,0.0,"[13, 14]",79,0.0,0.0,0.0,True,7.517523765563965,1.0,1.0,7.549276113510132,1,1,7.561720609664917,7.5618908405303955,full,19793,False,100,0.3542201519012451,0.25119471549987793,0.8687844276428223
multi_coarse_820,multi_coarse,stitch,corafull,0,0,2,True,1.0,"[0, 19]",100,0.00588536262512207,0.00018739700317382812,0.02429986000061035,True,0.37193846702575684,1.0,1.0,0.3833150863647461,1,1,0.8413288593292236,0.9076211452484131,top-5,5950,False,100,0.3542201519012451,0.25119471549987793,0.8687844276428223
multi_coarse_820,multi_coarse,full,corafull,0,-1,-1,False,0.0,"[0, 19]",100,0.0,0.0,0.0,True,3.7103536128997803,1.0,1.0,3.7407572269439697,1,1,3.7588694095611572,3.759021759033203,full,19793,False,100,0.3542201519012451,0.25119471549987793,0.8687844276428223
multi_coarse_821,multi_coarse,stitch,corafull,4,4,24,True,1.0,"[4, 14]",100,0.005110025405883789,0.00014519691467285156,0.019532442092895508,True,0.3966543674468994,0.97,1.0,0.40935802459716797,16,16,0.8717622756958008,0.9331631660461426,top-5,5979,False,100,0.3542201519012451,0.25119471549987793,0.8687844276428223
multi_coarse_821,multi_coarse,full,corafull,4,-1,-1,False,0.0,"[4, 14]",100,0.0,0.0,0.0,True,3.644487142562866,0.96,1.0,3.683260202407837,92,92,3.743535041809082,3.743661880493164,full,19793,False,100,0.3542201519012451,0.25119471549987793,0.8687844276428223
multi_coarse_822,multi_coarse,stitch,corafull,4,4,22,True,1.0,"[4, 16]",63,0.005066394805908203,0.00014352798461914062,0.020361900329589844,True,0.4201648235321045,0.9206349206349206,1.0,0.43111753463745117,48,48,1.0789248943328857,1.152125358581543,top-5,5946,False,100,0.3542201519012451,0.25119471549987793,0.8687844276428223
multi_coarse_822,multi_coarse,full,corafull,4,-1,-1,False,0.0,"[4, 16]",63,0.0,0.0,0.0,True,3.502340316772461,0.9206349206349206,1.0,3.538374185562134,48,48,3.5633656978607178,3.5638325214385986,full,19793,False,100,0.3542201519012451,0.25119471549987793,0.8687844276428223
multi_coarse_823,multi_coarse,stitch,corafull,0,9,48,True,1.0,"[0, 9]",59,0.004899740219116211,0.00013685226440429688,0.02037501335144043,True,0.4040546417236328,1.0,1.0,0.41453075408935547,1,1,0.8762903213500977,0.9434173107147217,top-5,5987,False,100,0.3542201519012451,0.25119471549987793,0.8687844276428223
multi_coarse_823,multi_coarse,full,corafull,0,-1,-1,False,0.0,"[0, 9]",59,0.0,0.0,0.0,True,3.8549365997314453,1.0,1.0,3.891541004180908,1,1,3.901137351989746,3.9012746810913086,full,19793,False,100,0.3542201519012451,0.25119471549987793,0.8687844276428223
multi_coarse_824,multi_coarse,stitch,corafull,14,16,82,True,1.0,"[14, 16]",56,0.005053520202636719,0.00013327598571777344,0.020846843719482422,True,0.4162266254425049,1.0,1.0,0.4253227710723877,1,1,0.8764545917510986,0.941601037979126,top-5,5950,False,100,0.3542201519012451,0.25119471549987793,0.8687844276428223
multi_coarse_824,multi_coarse,full,corafull,14,-1,-1,False,0.0,"[14, 16]",56,0.0,0.0,0.0,True,4.04624605178833,1.0,1.0,4.081048011779785,1,1,4.090139627456665,4.090277910232544,full,19793,False,100,0.3542201519012451,0.25119471549987793,0.8687844276428223
multi_coarse_825,multi_coarse,stitch,corafull,14,14,73,True,1.0,"[14, 19]",100,0.0051305294036865234,0.00014781951904296875,0.0206453800201416,True,0.3949930667877197,1.0,1.0,0.4040822982788086,1,1,0.8633472919464111,0.9379251003265381,top-5,5966,False,100,0.3542201519012451,0.25119471549987793,0.8687844276428223
multi_coarse_825,multi_coarse,full,corafull,14,-1,-1,False,0.0,"[14, 19]",100,0.0,0.0,0.0,True,3.9502041339874268,1.0,1.0,3.981502056121826,1,1,3.995493173599243,3.995591878890991,full,19793,False,100,0.3542201519012451,0.25119471549987793,0.8687844276428223
multi_coarse_826,multi_coarse,stitch,corafull,8,8,43,True,1.0,"[8, 12]",84,0.005139827728271484,0.000148773193359375,0.01971149444580078,True,0.3878350257873535,0.9523809523809523,1.0,0.39652347564697266,12,12,0.8485455513000488,0.9093594551086426,top-5,5898,False,100,0.3542201519012451,0.25119471549987793,0.8687844276428223
multi_coarse_826,multi_coarse,full,corafull,8,-1,-1,False,0.0,"[8, 12]",84,0.0,0.0,0.0,True,3.7267374992370605,0.9523809523809523,1.0,3.7622456550598145,12,12,3.7793450355529785,3.7794759273529053,full,19793,False,100,0.3542201519012451,0.25119471549987793,0.8687844276428223
multi_coarse_827,multi_coarse,stitch,corafull,1,19,98,True,1.0,"[1, 19]",53,0.00528407096862793,0.00042366981506347656,0.023543596267700195,True,0.3965330123901367,1.0,1.0,0.40858960151672363,1,1,0.8629024028778076,0.9413702487945557,top-5,5982,False,100,0.3542201519012451,0.25119471549987793,0.8687844276428223
multi_coarse_827,multi_coarse,full,corafull,1,-1,-1,False,0.0,"[1, 19]",53,0.0,0.0,0.0,True,3.826019287109375,1.0,1.0,3.8627095222473145,1,1,3.8715484142303467,3.8716700077056885,full,19793,False,100,0.3542201519012451,0.25119471549987793,0.8687844276428223
multi_coarse_828,multi_coarse,stitch,corafull,4,4,22,True,1.0,"[4, 13]",62,0.00549769401550293,0.00018739700317382812,0.0209500789642334,True,0.4139676094055176,1.0,1.0,0.42278075218200684,1,1,0.8940401077270508,0.9628732204437256,top-5,5966,False,100,0.3542201519012451,0.25119471549987793,0.8687844276428223
multi_coarse_828,multi_coarse,full,corafull,4,-1,-1,False,0.0,"[4, 13]",62,0.0,0.0,0.0,True,3.7585842609405518,1.0,1.0,3.7904720306396484,1,1,3.8002262115478516,3.8003814220428467,full,19793,False,100,0.3542201519012451,0.25119471549987793,0.8687844276428223
multi_coarse_829,multi_coarse,stitch,corafull,15,18,90,True,1.0,"[15, 18]",71,0.006268024444580078,0.00034308433532714844,0.025434255599975586,True,0.399752140045166,0.9859154929577465,1.0,0.4085249900817871,3,3,0.9013824462890625,0.9779496192932129,top-5,5995,False,100,0.3542201519012451,0.25119471549987793,0.8687844276428223
multi_coarse_829,multi_coarse,full,corafull,15,-1,-1,False,0.0,"[15, 18]",71,0.0,0.0,0.0,True,4.0231404304504395,0.9859154929577465,1.0,4.055001497268677,3,3,4.0667219161987305,4.06687593460083,full,19793,False,100,0.3542201519012451,0.25119471549987793,0.8687844276428223
multi_coarse_830,multi_coarse,stitch,corafull,4,4,20,True,1.0,"[4, 17]",100,0.0053060054779052734,0.00018548965454101562,0.021240949630737305,True,0.39559435844421387,0.96,1.0,0.40384721755981445,8,8,0.8684709072113037,0.9344930648803711,top-5,5968,False,100,0.3542201519012451,0.25119471549987793,0.8687844276428223
multi_coarse_830,multi_coarse,full,corafull,4,-1,-1,False,0.0,"[4, 17]",100,0.0,0.0,0.0,True,3.745962381362915,0.96,1.0,3.7815732955932617,8,8,3.799480676651001,3.799597978591919,full,19793,False,100,0.3542201519012451,0.25119471549987793,0.8687844276428223
multi_coarse_831,multi_coarse,stitch,corafull,1,1,8,True,1.0,"[1, 11]",68,0.005735635757446289,0.00017023086547851562,0.02347850799560547,True,0.41998720169067383,1.0,1.0,0.42914438247680664,1,1,0.8918640613555908,0.9760317802429199,top-5,5902,False,100,0.3542201519012451,0.25119471549987793,0.8687844276428223
multi_coarse_831,multi_coarse,full,corafull,1,-1,-1,False,0.0,"[1, 11]",68,0.0,0.0,0.0,True,3.7855701446533203,1.0,1.0,3.819735288619995,1,1,3.8297786712646484,3.829885959625244,full,19793,False,100,0.3542201519012451,0.25119471549987793,0.8687844276428223
multi_coarse_832,multi_coarse,stitch,corafull,1,8,44,True,1.0,"[1, 8]",57,0.005437612533569336,0.00017762184143066406,0.022250890731811523,True,0.39975428581237793,0.9298245614035088,1.0,0.41143012046813965,12,12,0.8680174350738525,0.9368958473205566,top-5,5869,False,100,0.3542201519012451,0.25119471549987793,0.8687844276428223
multi_coarse_832,multi_coarse,full,corafull,1,-1,-1,False,0.0,"[1, 8]",57,0.0,0.0,0.0,True,3.785987138748169,0.9298245614035088,1.0,3.822679281234741,12,12,3.835069179534912,3.835162878036499,full,19793,False,100,0.3542201519012451,0.25119471549987793,0.8687844276428223
multi_coarse_833,multi_coarse,stitch,corafull,9,9,49,True,1.0,"[9, 14]",56,0.004948854446411133,0.00013685226440429688,0.02096247673034668,True,0.4119689464569092,1.0,1.0,0.4204096794128418,1,1,0.8850889205932617,0.9494204521179199,top-5,5929,False,100,0.3542201519012451,0.25119471549987793,0.8687844276428223
multi_coarse_833,multi_coarse,full,corafull,9,-1,-1,False,0.0,"[9, 14]",56,0.0,0.0,0.0,True,3.5504438877105713,1.0,1.0,3.582383871078491,1,1,3.5912017822265625,3.5913429260253906,full,19793,False,100,0.3542201519012451,0.25119471549987793,0.8687844276428223
multi_coarse_834,multi_coarse,stitch,corafull,6,16,83,True,1.0,"[6, 16]",100,0.0059299468994140625,0.00019097328186035156,0.03032541275024414,True,0.4077143669128418,0.94,1.0,0.4183685779571533,48,48,0.9049603939056396,0.994178295135498,top-5,5981,False,100,0.3542201519012451,0.25119471549987793,0.8687844276428223
multi_coarse_834,multi_coarse,full,corafull,6,-1,-1,False,0.0,"[6, 16]",100,0.0,0.0,0.0,True,3.6382875442504883,0.94,1.0,3.6765570640563965,48,48,3.7191269397735596,3.7192368507385254,full,19793,False,100,0.3542201519012451,0.25119471549987793,0.8687844276428223
multi_coarse_835,multi_coarse,stitch,corafull,5,5,25,True,1.0,"[5, 17]",57,0.005189418792724609,0.0001518726348876953,0.0211029052734375,True,0.466031551361084,1.0,1.0,0.47667932510375977,1,1,0.9623541831970215,1.027491807937622,top-5,5927,False,100,0.3542201519012451,0.25119471549987793,0.8687844276428223
multi_coarse_835,multi_coarse,full,corafull,5,-1,-1,False,0.0,"[5, 17]",57,0.0,0.0,0.0,True,3.8541455268859863,1.0,1.0,3.88935923576355,1,1,3.898547887802124,3.8986475467681885,full,19793,False,100,0.3542201519012451,0.25119471549987793,0.8687844276428223
multi_coarse_836,multi_coarse,stitch,corafull,1,19,96,True,1.0,"[1, 19]",68,0.004973888397216797,0.00013375282287597656,0.020745038986206055,True,0.3988797664642334,1.0,1.0,0.40897655487060547,1,1,0.8660376071929932,0.9367406368255615,top-5,5913,False,100,0.3542201519012451,0.25119471549987793,0.8687844276428223
multi_coarse_836,multi_coarse,full,corafull,1,-1,-1,False,0.0,"[1, 19]",68,0.0,0.0,0.0,True,3.9472596645355225,1.0,1.0,3.9776217937469482,1,1,3.988905191421509,3.989058017730713,full,19793,False,100,0.3542201519012451,0.25119471549987793,0.8687844276428223
multi_coarse_837,multi_coarse,stitch,corafull,14,14,73,True,1.0,"[14, 16]",81,0.005700111389160156,0.00015664100646972656,0.02008986473083496,True,0.4093799591064453,1.0,1.0,0.42073655128479004,1,1,0.8730838298797607,0.9519169330596924,top-5,5934,False,100,0.3542201519012451,0.25119471549987793,0.8687844276428223
multi_coarse_837,multi_coarse,full,corafull,14,-1,-1,False,0.0,"[14, 16]",81,0.0,0.0,0.0,True,3.5699336528778076,1.0,1.0,3.601869583129883,1,1,3.61325740814209,3.61337947845459,full,19793,False,100,0.3542201519012451,0.25119471549987793,0.8687844276428223
multi_coarse_838,multi_coarse,stitch,corafull,7,7,39,True,1.0,"[7, 16]",76,0.005067110061645508,0.00012946128845214844,0.02091526985168457,True,0.3880596160888672,1.0,1.0,0.39624810218811035,1,1,0.861382007598877,0.9240255355834961,top-5,5897,False,100,0.3542201519012451,0.25119471549987793,0.8687844276428223
multi_coarse_838,multi_coarse,full,corafull,7,-1,-1,False,0.0,"[7, 16]",76,0.0,0.0,0.0,True,3.8709053993225098,1.0,1.0,3.8997323513031006,1,1,3.9109973907470703,3.9111039638519287,full,19793,False,100,0.3542201519012451,0.25119471549987793,0.8687844276428223
multi_coarse_839,multi_coarse,stitch,corafull,4,6,33,True,1.0,"[4, 6]",88,0.0053331851959228516,0.0001430511474609375,0.022157669067382812,True,0.37311387062072754,1.0,1.0,0.38366007804870605,1,1,0.8473091125488281,0.931321382522583,top-5,5946,False,100,0.3542201519012451,0.25119471549987793,0.8687844276428223
multi_coarse_839,multi_coarse,full,corafull,4,-1,-1,False,0.0,"[4, 6]",88,0.0,0.0,0.0,True,3.6408321857452393,1.0,1.0,3.674232006072998,1,1,3.6858999729156494,3.6860339641571045,full,19793,False,100,0.3542201519012451,0.25119471549987793,0.8687844276428223
multi_coarse_840,multi_coarse,stitch,corafull,9,9,46,True,1.0,"[9, 12]",54,0.004983663558959961,0.0001404285430908203,0.02072310447692871,True,0.4111316204071045,1.0,1.0,0.4226701259613037,1,1,0.8944993019104004,0.9559926986694336,top-5,5916,False,100,0.3542201519012451,0.25119471549987793,0.8687844276428223
multi_coarse_840,multi_coarse,full,corafull,9,-1,-1,False,0.0,"[9, 12]",54,0.0,0.0,0.0,True,4.303859710693359,1.0,1.0,4.333206653594971,1,1,4.341458797454834,4.3415608406066895,full,19793,False,100,0.3542201519012451,0.25119471549987793,0.8687844276428223
multi_coarse_841,multi_coarse,stitch,corafull,12,16,80,True,1.0,"[12, 16]",55,0.004932880401611328,0.00013566017150878906,0.023369312286376953,True,0.40844130516052246,1.0,1.0,0.4171884059906006,1,1,0.8654611110687256,0.9293093681335449,top-5,5958,False,100,0.3542201519012451,0.25119471549987793,0.8687844276428223
multi_coarse_841,multi_coarse,full,corafull,12,-1,-1,False,0.0,"[12, 16]",55,0.0,0.0,0.0,True,3.5069406032562256,1.0,1.0,3.5381181240081787,1,1,3.546558141708374,3.546674966812134,full,19793,False,100,0.3542201519012451,0.25119471549987793,0.8687844276428223
multi_coarse_842,multi_coarse,stitch,corafull,5,5,25,True,1.0,"[5, 18]",56,0.0051822662353515625,0.0001437664031982422,0.021209239959716797,True,0.340395450592041,1.0,1.0,0.3485558032989502,1,1,0.7821881771087646,0.8464734554290771,top-5,5837,False,100,0.3542201519012451,0.25119471549987793,0.8687844276428223
multi_coarse_842,multi_coarse,full,corafull,5,-1,-1,False,0.0,"[5, 18]",56,0.0,0.0,0.0,True,3.536928653717041,1.0,1.0,3.569023847579956,1,1,3.5773746967315674,3.577521562576294,full,19793,False,100,0.3542201519012451,0.25119471549987793,0.8687844276428223
multi_coarse_843,multi_coarse,stitch,corafull,10,18,94,True,1.0,"[10, 18]",67,0.005014896392822266,0.00013685226440429688,0.020731210708618164,True,0.4136524200439453,1.0,1.0,0.42672204971313477,1,1,0.8778464794158936,0.9378259181976318,top-5,5985,False,100,0.3542201519012451,0.25119471549987793,0.8687844276428223
multi_coarse_843,multi_coarse,full,corafull,10,-1,-1,False,0.0,"[10, 18]",67,0.0,0.0,0.0,True,3.572575569152832,1.0,1.0,3.604234457015991,1,1,3.6140756607055664,3.6141774654388428,full,19793,False,100,0.3542201519012451,0.25119471549987793,0.8687844276428223
multi_coarse_844,multi_coarse,stitch,corafull,8,15,77,True,1.0,"[8, 15]",68,0.005063772201538086,0.000164031982421875,0.02080249786376953,True,0.3989908695220947,1.0,1.0,0.40698671340942383,1,1,0.8797323703765869,0.9660742282867432,top-5,5956,False,100,0.3542201519012451,0.25119471549987793,0.8687844276428223
multi_coarse_844,multi_coarse,full,corafull,8,-1,-1,False,0.0,"[8, 15]",68,0.0,0.0,0.0,True,3.5586788654327393,1.0,1.0,3.587491512298584,1,1,3.5972914695739746,3.597447395324707,full,19793,False,100,0.3542201519012451,0.25119471549987793,0.8687844276428223
multi_coarse_845,multi_coarse,stitch,corafull,5,18,94,True,1.0,"[5, 18]",54,0.004944562911987305,0.00014066696166992188,0.020430326461791992,True,0.3770444393157959,1.0,1.0,0.38771629333496094,1,1,0.8289270401000977,0.9114863872528076,top-5,5938,False,100,0.3542201519012451,0.25119471549987793,0.8687844276428223
multi_coarse_845,multi_coarse,full,corafull,5,-1,-1,False,0.0,"[5, 18]",54,0.0,0.0,0.0,True,3.6209185123443604,1.0,1.0,3.652797222137451,1,1,3.6613051891326904,3.661433458328247,full,19793,False,100,0.3542201519012451,0.25119471549987793,0.8687844276428223
multi_coarse_846,multi_coarse,stitch,corafull,8,8,41,True,1.0,"[8, 16]",71,0.005199432373046875,0.00015354156494140625,0.02196049690246582,True,0.37735986709594727,0.971830985915493,1.0,0.38939666748046875,2,2,0.841228723526001,0.9081721305847168,top-5,5899,False,100,0.3542201519012451,0.25119471549987793,0.8687844276428223
multi_coarse_846,multi_coarse,full,corafull,8,-1,-1,False,0.0,"[8, 16]",71,0.0,0.0,0.0,True,3.6302037239074707,0.971830985915493,1.0,3.668891668319702,2,2,3.6792778968811035,3.679413080215454,full,19793,False,100,0.3542201519012451,0.25119471549987793,0.8687844276428223
multi_coarse_847,multi_coarse,stitch,corafull,2,5,25,True,1.0,"[2, 5]",60,0.005050182342529297,0.00015544891357421875,0.020994901657104492,True,0.4206993579864502,1.0,1.0,0.4283628463745117,1,1,0.8813660144805908,0.9617776870727539,top-5,5854,False,100,0.3542201519012451,0.25119471549987793,0.8687844276428223
multi_coarse_847,multi_coarse,full,corafull,2,-1,-1,False,0.0,"[2, 5]",60,0.0,0.0,0.0,True,3.496288537979126,1.0,1.0,3.529926300048828,1,1,3.539728879928589,3.5398764610290527,full,19793,False,100,0.3542201519012451,0.25119471549987793,0.8687844276428223
multi_coarse_848,multi_coarse,stitch,corafull,0,12,62,True,1.0,"[0, 12]",100,0.005334615707397461,0.00015926361083984375,0.020481348037719727,True,0.4015793800354004,0.98,1.0,0.4120650291442871,2,2,0.8719851970672607,0.9348337650299072,top-5,5866,False,100,0.3542201519012451,0.25119471549987793,0.8687844276428223
multi_coarse_848,multi_coarse,full,corafull,0,-1,-1,False,0.0,"[0, 12]",100,0.0,0.0,0.0,True,3.5803070068359375,0.98,1.0,3.6117520332336426,2,2,3.6259944438934326,3.6261465549468994,full,19793,False,100,0.3542201519012451,0.25119471549987793,0.8687844276428223
multi_coarse_849,multi_coarse,stitch,corafull,0,2,11,True,1.0,"[0, 2]",70,0.0052144527435302734,0.0001430511474609375,0.02121591567993164,True,0.3803746700286865,1.0,1.0,0.3885343074798584,1,1,0.8135852813720703,0.8718199729919434,top-5,5861,False,100,0.3542201519012451,0.25119471549987793,0.8687844276428223
multi_coarse_849,multi_coarse,full,corafull,0,-1,-1,False,0.0,"[0, 2]",70,0.0,0.0,0.0,True,3.5786194801330566,1.0,1.0,3.613375663757324,1,1,3.623986005783081,3.6241159439086914,full,19793,False,100,0.3542201519012451,0.25119471549987793,0.8687844276428223
multi_coarse_850,multi_coarse,stitch,corafull,4,10,54,True,1.0,"[4, 10]",70,0.005496501922607422,0.00015425682067871094,0.020064353942871094,True,0.3783257007598877,1.0,1.0,0.3890712261199951,1,1,0.8398196697235107,0.916083812713623,top-5,6016,False,100,0.3542201519012451,0.25119471549987793,0.8687844276428223
multi_coarse_850,multi_coarse,full,corafull,4,-1,-1,False,0.0,"[4, 10]",70,0.0,0.0,0.0,True,3.7836387157440186,1.0,1.0,3.8155882358551025,2,2,3.8264458179473877,3.826632261276245,full,19793,False,100,0.3542201519012451,0.25119471549987793,0.8687844276428223
multi_coarse_851,multi_coarse,stitch,corafull,5,14,70,True,1.0,"[5, 14]",63,0.0048367977142333984,0.00013113021850585938,0.019881725311279297,True,0.35762906074523926,1.0,1.0,0.36493778228759766,1,1,0.8053443431854248,0.8682510852813721,top-5,5888,False,100,0.3542201519012451,0.25119471549987793,0.8687844276428223
multi_coarse_851,multi_coarse,full,corafull,5,-1,-1,False,0.0,"[5, 14]",63,0.0,0.0,0.0,True,3.535911798477173,1.0,1.0,3.5642611980438232,1,1,3.5738508701324463,3.573976516723633,full,19793,False,100,0.3542201519012451,0.25119471549987793,0.8687844276428223
multi_coarse_852,multi_coarse,stitch,corafull,5,5,28,True,1.0,"[5, 14]",63,0.004864931106567383,0.0001518726348876953,0.019763946533203125,True,0.36468958854675293,1.0,1.0,0.3730347156524658,1,1,0.9791486263275146,1.0385804176330566,top-5,5921,False,100,0.3542201519012451,0.25119471549987793,0.8687844276428223
multi_coarse_852,multi_coarse,full,corafull,5,-1,-1,False,0.0,"[5, 14]",63,0.0,0.0,0.0,True,3.860814094543457,1.0,1.0,3.8927667140960693,1,1,3.9020702838897705,3.90218186378479,full,19793,False,100,0.3542201519012451,0.25119471549987793,0.8687844276428223
multi_coarse_853,multi_coarse,stitch,corafull,3,3,15,True,1.0,"[3, 7]",61,0.005070686340332031,0.00017213821411132812,0.020775794982910156,True,0.4107673168182373,1.0,1.0,0.42025065422058105,1,1,0.8583788871765137,0.9206466674804688,top-5,5930,False,100,0.3542201519012451,0.25119471549987793,0.8687844276428223
multi_coarse_853,multi_coarse,full,corafull,3,-1,-1,False,0.0,"[3, 7]",61,0.0,0.0,0.0,True,3.8806467056274414,1.0,1.0,3.914313554763794,1,1,3.9232699871063232,3.9233689308166504,full,19793,False,100,0.3542201519012451,0.25119471549987793,0.8687844276428223
multi_coarse_854,multi_coarse,stitch,corafull,2,18,90,True,1.0,"[2, 18]",100,0.00555729866027832,0.00022792816162109375,0.021430253982543945,True,0.4123568534851074,0.97,1.0,0.42092108726501465,6,6,0.905630350112915,0.9704735279083252,top-5,5941,False,100,0.3542201519012451,0.25119471549987793,0.8687844276428223
multi_coarse_854,multi_coarse,full,corafull,2,-1,-1,False,0.0,"[2, 18]",100,0.0,0.0,0.0,True,4.938042640686035,0.97,1.0,4.969003915786743,6,6,4.9855756759643555,4.985681772232056,full,19793,False,100,0.3542201519012451,0.25119471549987793,0.8687844276428223
multi_coarse_855,multi_coarse,stitch,corafull,9,9,48,True,1.0,"[9, 15]",72,0.00574040412902832,0.0002346038818359375,0.021327972412109375,True,0.39691781997680664,1.0,1.0,0.407012939453125,1,1,0.8635463714599609,0.9265158176422119,top-5,5979,False,100,0.3542201519012451,0.25119471549987793,0.8687844276428223
multi_coarse_855,multi_coarse,full,corafull,9,-1,-1,False,0.0,"[9, 15]",72,0.0,0.0,0.0,True,3.585946798324585,0.9861111111111112,1.0,3.61962890625,2,2,3.6309046745300293,3.631011486053467,full,19793,False,100,0.3542201519012451,0.25119471549987793,0.8687844276428223
multi_coarse_856,multi_coarse,stitch,corafull,7,7,37,True,1.0,"[7, 12]",50,0.005841255187988281,0.00017714500427246094,0.021662473678588867,True,0.3860435485839844,1.0,1.0,0.39502477645874023,1,1,0.8212919235229492,0.8837752342224121,top-5,5833,False,100,0.3542201519012451,0.25119471549987793,0.8687844276428223
multi_coarse_856,multi_coarse,full,corafull,7,-1,-1,False,0.0,"[7, 12]",50,0.0,0.0,0.0,True,5.95109224319458,1.0,1.0,5.983947515487671,1,1,5.991691589355469,5.991830587387085,full,19793,False,100,0.3542201519012451,0.25119471549987793,0.8687844276428223
multi_coarse_857,multi_coarse,stitch,corafull,1,15,78,True,1.0,"[1, 15]",53,0.005091190338134766,0.0001423358917236328,0.020771265029907227,True,0.39533472061157227,0.8113207547169812,0.8301886792452831,0.401242733001709,100,100,0.8808724880218506,0.9577884674072266,top-5,5970,False,100,0.3542201519012451,0.25119471549987793,0.8687844276428223
multi_coarse_857,multi_coarse,full,corafull,1,-1,-1,False,0.0,"[1, 15]",53,0.0,0.0,0.0,True,3.958770275115967,0.8113207547169812,0.8301886792452831,3.9814321994781494,100,100,4.01957631111145,4.019745349884033,full,19793,False,100,0.3542201519012451,0.25119471549987793,0.8687844276428223
multi_coarse_858,multi_coarse,stitch,corafull,4,4,21,True,1.0,"[4, 6]",81,0.007904529571533203,0.0002655982971191406,0.025485515594482422,True,0.870659589767456,1.0,1.0,0.8809695243835449,1,1,1.3839077949523926,2.108238935470581,top-5,6025,False,100,0.3542201519012451,0.25119471549987793,0.8687844276428223
multi_coarse_858,multi_coarse,full,corafull,4,-1,-1,False,0.0,"[4, 6]",81,0.0,0.0,0.0,True,5.84784460067749,1.0,1.0,5.8853514194488525,1,1,5.898442506790161,5.898556232452393,full,19793,False,100,0.3542201519012451,0.25119471549987793,0.8687844276428223
multi_coarse_859,multi_coarse,stitch,corafull,7,17,88,True,1.0,"[7, 17]",79,0.005362510681152344,0.00035381317138671875,0.030676603317260742,True,1.3859443664550781,1.0,1.0,1.3985519409179688,1,1,1.876391887664795,2.580960512161255,top-5,5891,False,100,0.3542201519012451,0.25119471549987793,0.8687844276428223
multi_coarse_859,multi_coarse,full,corafull,7,-1,-1,False,0.0,"[7, 17]",79,0.0,0.0,0.0,True,6.900983572006226,1.0,1.0,6.935327768325806,1,1,6.9481306076049805,6.948287487030029,full,19793,False,100,0.3542201519012451,0.25119471549987793,0.8687844276428223
multi_coarse_860,multi_coarse,stitch,corafull,9,9,47,True,1.0,"[9, 19]",57,0.005972623825073242,0.0001983642578125,0.023316383361816406,True,1.1248822212219238,1.0,1.0,1.1372933387756348,1,1,1.6097731590270996,2.034189462661743,top-5,6000,False,100,0.3542201519012451,0.25119471549987793,0.8687844276428223
multi_coarse_860,multi_coarse,full,corafull,9,-1,-1,False,0.0,"[9, 19]",57,0.0,0.0,0.0,True,9.298793315887451,1.0,1.0,9.339367628097534,1,1,9.349143028259277,9.349267482757568,full,19793,False,100,0.3542201519012451,0.25119471549987793,0.8687844276428223
multi_coarse_861,multi_coarse,stitch,corafull,0,0,3,True,1.0,"[0, 11]",53,0.0059697628021240234,0.00041937828063964844,0.025897979736328125,True,5.075243949890137,1.0,1.0,5.11192512512207,1,1,7.808740615844727,8.651380777359009,top-20,19793,False,100,0.3542201519012451,0.25119471549987793,0.8687844276428223
multi_coarse_861,multi_coarse,full,corafull,0,-1,-1,False,0.0,"[0, 11]",53,0.0,0.0,0.0,True,5.767065763473511,1.0,1.0,5.803755283355713,1,1,5.813349723815918,5.813487768173218,full,19793,False,100,0.3542201519012451,0.25119471549987793,0.8687844276428223
multi_coarse_862,multi_coarse,stitch,corafull,5,17,87,True,1.0,"[5, 17]",100,0.005850791931152344,0.0001952648162841797,0.028552532196044922,True,0.4908609390258789,0.98,1.0,0.49939417839050293,6,6,1.0281338691711426,1.107499599456787,top-5,5923,False,100,0.3542201519012451,0.25119471549987793,0.8687844276428223
multi_coarse_862,multi_coarse,full,corafull,5,-1,-1,False,0.0,"[5, 17]",100,0.0,0.0,0.0,True,3.8845887184143066,0.98,1.0,3.920564889907837,6,6,3.9371254444122314,3.9372615814208984,full,19793,False,100,0.3542201519012451,0.25119471549987793,0.8687844276428223
multi_coarse_863,multi_coarse,stitch,corafull,1,18,90,True,1.0,"[1, 18]",53,0.005267620086669922,0.00017118453979492188,0.022118330001831055,True,0.3658921718597412,0.9811320754716981,1.0,0.3746767044067383,3,3,0.8329284191131592,0.8991518020629883,top-5,5918,False,100,0.3542201519012451,0.25119471549987793,0.8687844276428223
multi_coarse_863,multi_coarse,full,corafull,1,-1,-1,False,0.0,"[1, 18]",53,0.0,0.0,0.0,True,3.8599069118499756,0.9811320754716981,1.0,3.891650438308716,3,3,3.9005179405212402,3.9006619453430176,full,19793,False,100,0.3542201519012451,0.25119471549987793,0.8687844276428223
multi_coarse_864,multi_coarse,stitch,corafull,12,19,97,True,1.0,"[12, 19]",63,0.00484919548034668,0.00014781951904296875,0.021193742752075195,True,0.38494062423706055,0.9206349206349206,1.0,0.39293622970581055,100,100,0.9039952754974365,0.9781584739685059,top-5,6012,False,100,0.3542201519012451,0.25119471549987793,0.8687844276428223
multi_coarse_864,multi_coarse,full,corafull,12,-1,-1,False,0.0,"[12, 19]",63,0.0,0.0,0.0,True,3.8628134727478027,0.9206349206349206,1.0,3.88226580619812,100,100,3.9238414764404297,3.924023151397705,full,19793,False,100,0.3542201519012451,0.25119471549987793,0.8687844276428223
multi_coarse_865,multi_coarse,stitch,corafull,10,18,91,True,1.0,"[10, 18]",62,0.0051343441009521484,0.00017404556274414062,0.020894765853881836,True,0.3959841728210449,1.0,1.0,0.40564393997192383,1,1,0.8541591167449951,0.9234395027160645,top-5,5968,False,100,0.3542201519012451,0.25119471549987793,0.8687844276428223
multi_coarse_865,multi_coarse,full,corafull,10,-1,-1,False,0.0,"[10, 18]",62,0.0,0.0,0.0,True,3.708279848098755,1.0,1.0,3.7420945167541504,1,1,3.751246452331543,3.751380443572998,full,19793,False,100,0.3542201519012451,0.25119471549987793,0.8687844276428223
multi_coarse_866,multi_coarse,stitch,corafull,8,8,41,True,1.0,"[8, 17]",59,0.005468130111694336,0.00015616416931152344,0.02057051658630371,True,0.36501145362854004,0.9661016949152542,1.0,0.37425708770751953,2,2,0.8233330249786377,0.8982930183410645,top-5,5874,False,100,0.3542201519012451,0.25119471549987793,0.8687844276428223
multi_coarse_866,multi_coarse,full,corafull,8,-1,-1,False,0.0,"[8, 17]",59,0.0,0.0,0.0,True,3.729376792907715,0.9661016949152542,1.0,3.7617781162261963,2,2,3.7707901000976562,3.770904064178467,full,19793,False,100,0.3542201519012451,0.25119471549987793,0.8687844276428223
multi_coarse_867,multi_coarse,stitch,corafull,9,9,46,True,1.0,"[9, 11]",51,0.005301475524902344,0.00014972686767578125,0.02066659927368164,True,0.3583106994628906,1.0,1.0,0.3649733066558838,1,1,0.8220441341400146,0.8928940296173096,top-5,5959,False,100,0.3542201519012451,0.25119471549987793,0.8687844276428223
multi_coarse_867,multi_coarse,full,corafull,9,-1,-1,False,0.0,"[9, 11]",51,0.0,0.0,0.0,True,3.987240791320801,1.0,1.0,4.021639108657837,1,1,4.029433965682983,4.029595136642456,full,19793,False,100,0.3542201519012451,0.25119471549987793,0.8687844276428223
multi_coarse_868,multi_coarse,stitch,corafull,3,17,89,True,1.0,"[3, 17]",84,0.005650043487548828,0.00020503997802734375,0.03380393981933594,True,0.40419864654541016,0.9761904761904762,1.0,0.4157371520996094,2,2,0.8686695098876953,0.9481008052825928,top-5,5902,False,100,0.3542201519012451,0.25119471549987793,0.8687844276428223
multi_coarse_868,multi_coarse,full,corafull,3,-1,-1,False,0.0,"[3, 17]",84,0.0,0.0,0.0,True,3.4992825984954834,0.9761904761904762,1.0,3.5296645164489746,2,2,3.5419676303863525,3.5420825481414795,full,19793,False,100,0.3542201519012451,0.25119471549987793,0.8687844276428223
multi_coarse_869,multi_coarse,stitch,corafull,3,14,71,True,1.0,"[3, 14]",93,0.005233049392700195,0.00014472007751464844,0.021456003189086914,True,0.3974015712738037,0.989247311827957,1.0,0.4062843322753906,2,2,0.8459546566009521,0.9137556552886963,top-5,5890,False,100,0.3542201519012451,0.25119471549987793,0.8687844276428223
multi_coarse_869,multi_coarse,full,corafull,3,-1,-1,False,0.0,"[3, 14]",93,0.0,0.0,0.0,True,3.7245547771453857,0.989247311827957,1.0,3.756983518600464,2,2,3.7706775665283203,3.770817756652832,full,19793,False,100,0.3542201519012451,0.25119471549987793,0.8687844276428223
multi_coarse_870,multi_coarse,stitch,corafull,6,6,34,True,1.0,"[6, 9]",62,0.005051851272583008,0.0001399517059326172,0.022201061248779297,True,0.3699376583099365,1.0,1.0,0.38068628311157227,1,1,0.8473029136657715,0.9122402667999268,top-5,6035,False,100,0.3542201519012451,0.25119471549987793,0.8687844276428223
multi_coarse_870,multi_coarse,full,corafull,6,-1,-1,False,0.0,"[6, 9]",62,0.0,0.0,0.0,True,3.5444443225860596,1.0,1.0,3.574509859085083,1,1,3.5835976600646973,3.5837273597717285,full,19793,False,100,0.3542201519012451,0.25119471549987793,0.8687844276428223
multi_coarse_871,multi_coarse,stitch,corafull,4,4,24,True,1.0,"[4, 8]",58,0.005579471588134766,0.0001518726348876953,0.02156853675842285,True,0.3885195255279541,1.0,1.0,0.39614272117614746,1,1,0.8438160419464111,0.9055602550506592,top-5,5970,False,100,0.3542201519012451,0.25119471549987793,0.8687844276428223
multi_coarse_871,multi_coarse,full,corafull,4,-1,-1,False,0.0,"[4, 8]",58,0.0,0.0,0.0,True,3.947538375854492,1.0,1.0,3.9787580966949463,1,1,3.987600326538086,3.987760066986084,full,19793,False,100,0.3542201519012451,0.25119471549987793,0.8687844276428223
multi_coarse_872,multi_coarse,stitch,corafull,8,8,40,True,1.0,"[8, 19]",91,0.005044460296630859,0.00018668174743652344,0.020121097564697266,True,0.3841381072998047,0.9560439560439561,1.0,0.39595532417297363,4,4,0.8436887264251709,0.9036855697631836,top-5,5915,False,100,0.3542201519012451,0.25119471549987793,0.8687844276428223
multi_coarse_872,multi_coarse,full,corafull,8,-1,-1,False,0.0,"[8, 19]",91,0.0,0.0,0.0,True,4.272385835647583,0.9560439560439561,1.0,4.306780815124512,4,4,4.3207128047943115,4.320813894271851,full,19793,False,100,0.3542201519012451,0.25119471549987793,0.8687844276428223
multi_coarse_873,multi_coarse,stitch,corafull,4,4,23,True,1.0,"[4, 10]",60,0.005502462387084961,0.00016307830810546875,0.020799875259399414,True,0.40143322944641113,1.0,1.0,0.414294958114624,1,1,0.8723492622375488,0.9338395595550537,top-5,6018,False,100,0.3542201519012451,0.25119471549987793,0.8687844276428223
multi_coarse_873,multi_coarse,full,corafull,4,-1,-1,False,0.0,"[4, 10]",60,0.0,0.0,0.0,True,4.612016677856445,1.0,1.0,4.6432812213897705,1,1,4.652455568313599,4.652590036392212,full,19793,False,100,0.3542201519012451,0.25119471549987793,0.8687844276428223
multi_coarse_874,multi_coarse,stitch,corafull,3,16,84,True,1.0,"[3, 16]",59,0.005073070526123047,0.0001652240753173828,0.024004220962524414,True,0.4000205993652344,1.0,1.0,0.40912652015686035,1,1,0.8891971111297607,0.9542434215545654,top-5,5948,False,100,0.3542201519012451,0.25119471549987793,0.8687844276428223
multi_coarse_874,multi_coarse,full,corafull,3,-1,-1,False,0.0,"[3, 16]",59,0.0,0.0,0.0,True,3.66483211517334,1.0,1.0,3.692178249359131,1,1,3.7098567485809326,3.71002459526062,full,19793,False,100,0.3542201519012451,0.25119471549987793,0.8687844276428223
multi_coarse_875,multi_coarse,stitch,corafull,6,6,30,True,1.0,"[6, 16]",100,0.005078554153442383,0.00015115737915039062,0.0201568603515625,True,0.4125936031341553,1.0,1.0,0.4226057529449463,1,1,0.885793924331665,0.9454066753387451,top-5,6036,False,100,0.3542201519012451,0.25119471549987793,0.8687844276428223
multi_coarse_875,multi_coarse,full,corafull,6,-1,-1,False,0.0,"[6, 16]",100,0.0,0.0,0.0,True,3.578317165374756,1.0,1.0,3.6064467430114746,1,1,3.619772434234619,3.6198673248291016,full,19793,False,100,0.3542201519012451,0.25119471549987793,0.8687844276428223
multi_coarse_876,multi_coarse,stitch,corafull,6,6,32,True,1.0,"[6, 17]",68,0.005073070526123047,0.0001709461212158203,0.021007061004638672,True,0.38132500648498535,1.0,1.0,0.39342451095581055,1,1,0.8335251808166504,0.8935627937316895,top-5,5914,False,100,0.3542201519012451,0.25119471549987793,0.8687844276428223
multi_coarse_876,multi_coarse,full,corafull,6,-1,-1,False,0.0,"[6, 17]",68,0.0,0.0,0.0,True,3.631757974624634,1.0,1.0,3.659416675567627,1,1,3.6686947345733643,3.668823003768921,full,19793,False,100,0.3542201519012451,0.25119471549987793,0.8687844276428223
multi_coarse_877,multi_coarse,stitch,corafull,9,18,92,True,1.0,"[9, 18]",65,0.00505375862121582,0.00015735626220703125,0.020867586135864258,True,0.4055635929107666,1.0,1.0,0.4173555374145508,1,1,0.8540432453155518,0.915562629699707,top-5,5890,False,100,0.3542201519012451,0.25119471549987793,0.8687844276428223
multi_coarse_877,multi_coarse,full,corafull,9,-1,-1,False,0.0,"[9, 18]",65,0.0,0.0,0.0,True,3.562413454055786,1.0,1.0,3.5945522785186768,1,1,3.6051976680755615,3.6053390502929688,full,19793,False,100,0.3542201519012451,0.25119471549987793,0.8687844276428223
multi_coarse_878,multi_coarse,stitch,corafull,2,7,37,True,1.0,"[2, 7]",100,0.005025625228881836,0.00014710426330566406,0.02024102210998535,True,0.39497876167297363,0.98,1.0,0.4035532474517822,2,2,0.8533382415771484,0.9115102291107178,top-5,5962,False,100,0.3542201519012451,0.25119471549987793,0.8687844276428223
multi_coarse_878,multi_coarse,full,corafull,2,-1,-1,False,0.0,"[2, 7]",100,0.0,0.0,0.0,True,3.7144296169281006,0.98,1.0,3.747586965560913,2,2,3.7612504959106445,3.7613823413848877,full,19793,False,100,0.3542201519012451,0.25119471549987793,0.8687844276428223
multi_coarse_879,multi_coarse,stitch,corafull,0,8,42,True,1.0,"[0, 8]",58,0.0049550533294677734,0.0001316070556640625,0.020474672317504883,True,0.3583076000213623,0.9482758620689655,1.0,0.3685131072998047,72,72,0.8284850120544434,0.8890228271484375,top-5,5980,False,100,0.3542201519012451,0.25119471549987793,0.8687844276428223
multi_coarse_879,multi_coarse,full,corafull,0,-1,-1,False,0.0,"[0, 8]",58,0.0,0.0,0.0,True,3.6617186069488525,0.9482758620689655,1.0,3.697730541229248,72,72,3.7280802726745605,3.728233575820923,full,19793,False,100,0.3542201519012451,0.25119471549987793,0.8687844276428223
multi_coarse_880,multi_coarse,stitch,corafull,8,10,53,True,1.0,"[8, 10]",96,0.0051343441009521484,0.00013375282287597656,0.02106928825378418,True,0.38378334045410156,0.9583333333333334,1.0,0.3925590515136719,24,24,0.8646512031555176,0.9356722831726074,top-5,6016,False,100,0.3542201519012451,0.25119471549987793,0.8687844276428223
multi_coarse_880,multi_coarse,full,corafull,8,-1,-1,False,0.0,"[8, 10]",96,0.0,0.0,0.0,True,3.562443256378174,0.9583333333333334,1.0,3.5998282432556152,24,24,3.6242411136627197,3.6243743896484375,full,19793,False,100,0.3542201519012451,0.25119471549987793,0.8687844276428223
multi_coarse_881,multi_coarse,stitch,corafull,5,14,70,True,1.0,"[5, 14]",69,0.005368471145629883,0.0001780986785888672,0.02119755744934082,True,0.4131467342376709,1.0,1.0,0.42335939407348633,1,1,1.0000133514404297,1.0648324489593506,top-5,5913,False,100,0.3542201519012451,0.25119471549987793,0.8687844276428223
multi_coarse_881,multi_coarse,full,corafull,5,-1,-1,False,0.0,"[5, 14]",69,0.0,0.0,0.0,True,3.6362757682800293,1.0,1.0,3.6668882369995117,1,1,3.6766250133514404,3.676771640777588,full,19793,False,100,0.3542201519012451,0.25119471549987793,0.8687844276428223
multi_coarse_882,multi_coarse,stitch,corafull,5,5,26,True,1.0,"[5, 19]",100,0.005626678466796875,0.0002841949462890625,0.022645235061645508,True,0.40256428718566895,1.0,1.0,0.41028523445129395,1,1,0.8783395290374756,0.9464540481567383,top-5,5941,False,100,0.3542201519012451,0.25119471549987793,0.8687844276428223
multi_coarse_882,multi_coarse,full,corafull,5,-1,-1,False,0.0,"[5, 19]",100,0.0,0.0,0.0,True,3.6417360305786133,1.0,1.0,3.673387050628662,1,1,3.6867780685424805,3.6868927478790283,full,19793,False,100,0.3542201519012451,0.25119471549987793,0.8687844276428223
multi_coarse_883,multi_coarse,stitch,corafull,5,14,70,True,1.0,"[5, 14]",100,0.00490117073059082,0.0001354217529296875,0.019969701766967773,True,0.36025118827819824,1.0,1.0,0.36962342262268066,1,1,0.8141138553619385,0.8726630210876465,top-5,5868,False,100,0.3542201519012451,0.25119471549987793,0.8687844276428223
multi_coarse_883,multi_coarse,full,corafull,5,-1,-1,False,0.0,"[5, 14]",100,0.0,0.0,0.0,True,3.7311666011810303,1.0,1.0,3.762596607208252,1,1,3.7764830589294434,3.7766177654266357,full,19793,False,100,0.3542201519012451,0.25119471549987793,0.8687844276428223
multi_coarse_884,multi_coarse,stitch,corafull,10,10,51,True,1.0,"[10, 12]",66,0.004987239837646484,0.0001583099365234375,0.020902633666992188,True,0.4092259407043457,0.9696969696969697,1.0,0.4171898365020752,2,2,0.8623499870300293,0.9274978637695312,top-5,5935,False,100,0.3542201519012451,0.25119471549987793,0.8687844276428223
multi_coarse_884,multi_coarse,full,corafull,10,-1,-1,False,0.0,"[10, 12]",66,0.0,0.0,0.0,True,3.6764254570007324,0.9696969696969697,1.0,3.712552785873413,2,2,3.7227423191070557,3.7228710651397705,full,19793,False,100,0.3542201519012451,0.25119471549987793,0.8687844276428223
multi_coarse_885,multi_coarse,stitch,corafull,9,9,46,True,1.0,"[9, 17]",66,0.004911899566650391,0.00015115737915039062,0.020179033279418945,True,0.41347813606262207,1.0,1.0,0.42888522148132324,1,1,0.881152868270874,0.9449188709259033,top-5,5972,False,100,0.3542201519012451,0.25119471549987793,0.8687844276428223
multi_coarse_885,multi_coarse,full,corafull,9,-1,-1,False,0.0,"[9, 17]",66,0.0,0.0,0.0,True,3.935945749282837,1.0,1.0,3.96972393989563,1,1,3.980480670928955,3.980649709701538,full,19793,False,100,0.3542201519012451,0.25119471549987793,0.8687844276428223
multi_coarse_886,multi_coarse,stitch,corafull,6,6,32,True,1.0,"[6, 8]",100,0.005107402801513672,0.0001354217529296875,0.020346403121948242,True,0.40572333335876465,0.98,1.0,0.4165778160095215,6,6,0.8896658420562744,0.9526033401489258,top-5,6017,False,100,0.3542201519012451,0.25119471549987793,0.8687844276428223
multi_coarse_886,multi_coarse,full,corafull,6,-1,-1,False,0.0,"[6, 8]",100,0.0,0.0,0.0,True,3.583399534225464,0.98,1.0,3.6130199432373047,6,6,3.6296322345733643,3.629810333251953,full,19793,False,100,0.3542201519012451,0.25119471549987793,0.8687844276428223
multi_coarse_887,multi_coarse,stitch,corafull,1,8,43,True,1.0,"[1, 8]",69,0.0053997039794921875,0.0001659393310546875,0.020912885665893555,True,0.390061616897583,0.9710144927536232,1.0,0.39911913871765137,8,8,0.8503177165985107,0.9127514362335205,top-5,5874,False,100,0.3542201519012451,0.25119471549987793,0.8687844276428223
multi_coarse_887,multi_coarse,full,corafull,1,-1,-1,False,0.0,"[1, 8]",69,0.0,0.0,0.0,True,3.5878798961639404,0.9710144927536232,1.0,3.6200926303863525,8,8,3.6325385570526123,3.6326630115509033,full,19793,False,100,0.3542201519012451,0.25119471549987793,0.8687844276428223
multi_coarse_888,multi_coarse,stitch,corafull,15,15,76,True,1.0,"[15, 18]",100,0.005167722702026367,0.00015807151794433594,0.02072739601135254,True,0.3920595645904541,1.0,1.0,0.4017322063446045,1,1,0.8618853092193604,0.9251561164855957,top-5,5940,False,100,0.3542201519012451,0.25119471549987793,0.8687844276428223
multi_coarse_888,multi_coarse,full,corafull,15,-1,-1,False,0.0,"[15, 18]",100,0.0,0.0,0.0,True,3.6514029502868652,1.0,1.0,3.684901237487793,1,1,3.6986186504364014,3.698744297027588,full,19793,False,100,0.3542201519012451,0.25119471549987793,0.8687844276428223
multi_coarse_889,multi_coarse,stitch,corafull,6,6,32,True,1.0,"[6, 18]",54,0.0051920413970947266,0.00015234947204589844,0.023305892944335938,True,0.3514673709869385,1.0,1.0,0.3595302104949951,1,1,0.8216216564178467,0.8877205848693848,top-5,5919,False,100,0.3542201519012451,0.25119471549987793,0.8687844276428223
multi_coarse_889,multi_coarse,full,corafull,6,-1,-1,False,0.0,"[6, 18]",54,0.0,0.0,0.0,True,3.6684114933013916,1.0,1.0,3.6964337825775146,1,1,3.704484224319458,3.7046380043029785,full,19793,False,100,0.3542201519012451,0.25119471549987793,0.8687844276428223
multi_coarse_890,multi_coarse,stitch,corafull,5,12,63,True,1.0,"[5, 12]",100,0.0050241947174072266,0.00012946128845214844,0.0201570987701416,True,0.349550724029541,1.0,1.0,0.3571453094482422,1,1,0.7937700748443604,0.8539881706237793,top-5,5870,False,100,0.3542201519012451,0.25119471549987793,0.8687844276428223
multi_coarse_890,multi_coarse,full,corafull,5,-1,-1,False,0.0,"[5, 12]",100,0.0,0.0,0.0,True,3.5563559532165527,1.0,1.0,3.585329532623291,1,1,3.5988974571228027,3.5990359783172607,full,19793,False,100,0.3542201519012451,0.25119471549987793,0.8687844276428223
multi_coarse_891,multi_coarse,stitch,corafull,4,4,20,True,1.0,"[4, 12]",90,0.005166053771972656,0.00013637542724609375,0.021383285522460938,True,0.35872697830200195,1.0,1.0,0.3675727844238281,1,1,0.8216891288757324,0.8837621212005615,top-5,5937,False,100,0.3542201519012451,0.25119471549987793,0.8687844276428223
multi_coarse_891,multi_coarse,full,corafull,4,-1,-1,False,0.0,"[4, 12]",90,0.0,0.0,0.0,True,3.4006073474884033,1.0,1.0,3.4311020374298096,1,1,3.4431965351104736,3.4433391094207764,full,19793,False,100,0.3542201519012451,0.25119471549987793,0.8687844276428223
multi_coarse_892,multi_coarse,stitch,corafull,4,4,24,True,1.0,"[4, 15]",100,0.005468845367431641,0.00015974044799804688,0.020186901092529297,True,0.37003183364868164,0.97,1.0,0.37998175621032715,4,4,0.8380758762359619,0.9045655727386475,top-5,6015,False,100,0.3542201519012451,0.25119471549987793,0.8687844276428223
multi_coarse_892,multi_coarse,full,corafull,4,-1,-1,False,0.0,"[4, 15]",100,0.0,0.0,0.0,True,3.7570900917053223,0.97,1.0,3.788339853286743,8,8,3.8051645755767822,3.805314302444458,full,19793,False,100,0.3542201519012451,0.25119471549987793,0.8687844276428223
multi_coarse_893,multi_coarse,stitch,corafull,8,8,42,True,1.0,"[8, 9]",100,0.0061130523681640625,0.00021147727966308594,0.02195596694946289,True,0.39165282249450684,0.96,0.98,0.3985004425048828,100,100,0.9298856258392334,0.9918482303619385,top-5,5999,False,100,0.3542201519012451,0.25119471549987793,0.8687844276428223
multi_coarse_893,multi_coarse,full,corafull,8,-1,-1,False,0.0,"[8, 9]",100,0.0,0.0,0.0,True,3.551927089691162,0.96,0.98,3.5713250637054443,100,100,3.634446382522583,3.6346242427825928,full,19793,False,100,0.3542201519012451,0.25119471549987793,0.8687844276428223
multi_coarse_894,multi_coarse,stitch,corafull,13,13,68,True,1.0,"[13, 14]",54,0.0049130916595458984,0.0001513957977294922,0.02087545394897461,True,0.3608553409576416,1.0,1.0,0.36899352073669434,1,1,0.8016974925994873,0.8624708652496338,top-5,5930,False,100,0.3542201519012451,0.25119471549987793,0.8687844276428223
multi_coarse_894,multi_coarse,full,corafull,13,-1,-1,False,0.0,"[13, 14]",54,0.0,0.0,0.0,True,3.5308902263641357,1.0,1.0,3.5605225563049316,1,1,3.5691001415252686,3.5692412853240967,full,19793,False,100,0.3542201519012451,0.25119471549987793,0.8687844276428223
multi_coarse_895,multi_coarse,stitch,corafull,4,4,24,True,1.0,"[4, 17]",54,0.004950046539306641,0.00012826919555664062,0.02067875862121582,True,0.3785576820373535,1.0,1.0,0.3898944854736328,1,1,0.820690393447876,0.8799347877502441,top-5,5921,False,100,0.3542201519012451,0.25119471549987793,0.8687844276428223
multi_coarse_895,multi_coarse,full,corafull,4,-1,-1,False,0.0,"[4, 17]",54,0.0,0.0,0.0,True,3.607442617416382,1.0,1.0,3.638374090194702,1,1,3.64674711227417,3.6468944549560547,full,19793,False,100,0.3542201519012451,0.25119471549987793,0.8687844276428223
multi_coarse_896,multi_coarse,stitch,corafull,12,18,94,True,1.0,"[12, 18]",64,0.005427122116088867,0.00016021728515625,0.020932912826538086,True,0.3831603527069092,1.0,1.0,0.3911769390106201,1,1,0.8547139167785645,0.9199044704437256,top-5,5986,False,100,0.3542201519012451,0.25119471549987793,0.8687844276428223
multi_coarse_896,multi_coarse,full,corafull,12,-1,-1,False,0.0,"[12, 18]",64,0.0,0.0,0.0,True,3.5562872886657715,1.0,1.0,3.5874202251434326,1,1,3.597209930419922,3.5973691940307617,full,19793,False,100,0.3542201519012451,0.25119471549987793,0.8687844276428223
multi_coarse_897,multi_coarse,stitch,corafull,5,5,29,True,1.0,"[5, 17]",54,0.006730556488037109,0.00017905235290527344,0.022357702255249023,True,0.35314488410949707,1.0,1.0,0.3614010810852051,1,1,0.805100679397583,0.875756025314331,top-5,5876,False,100,0.3542201519012451,0.25119471549987793,0.8687844276428223
multi_coarse_897,multi_coarse,full,corafull,5,-1,-1,False,0.0,"[5, 17]",54,0.0,0.0,0.0,True,3.5157456398010254,1.0,1.0,3.5470893383026123,1,1,3.555361270904541,3.5554914474487305,full,19793,False,100,0.3542201519012451,0.25119471549987793,0.8687844276428223
multi_coarse_898,multi_coarse,stitch,corafull,5,5,28,True,1.0,"[5, 8]",73,0.005352497100830078,0.00017523765563964844,0.022704362869262695,True,0.37239623069763184,1.0,1.0,0.38140034675598145,1,1,0.8225510120391846,0.8852541446685791,top-5,5905,False,100,0.3542201519012451,0.25119471549987793,0.8687844276428223
multi_coarse_898,multi_coarse,full,corafull,5,-1,-1,False,0.0,"[5, 8]",73,0.0,0.0,0.0,True,3.521967887878418,1.0,1.0,3.552123785018921,1,1,3.5625319480895996,3.5626821517944336,full,19793,False,100,0.3542201519012451,0.25119471549987793,0.8687844276428223
multi_coarse_899,multi_coarse,stitch,corafull,2,2,10,True,1.0,"[2, 4]",56,0.0054514408111572266,0.00015926361083984375,0.021216869354248047,True,0.41432881355285645,0.9642857142857143,1.0,0.4257514476776123,2,2,0.8857395648956299,0.9522910118103027,top-5,5971,False,100,0.3542201519012451,0.25119471549987793,0.8687844276428223
multi_coarse_899,multi_coarse,full,corafull,2,-1,-1,False,0.0,"[2, 4]",56,0.0,0.0,0.0,True,3.6619834899902344,0.9642857142857143,1.0,3.696934938430786,2,2,3.7067978382110596,3.7069034576416016,full,19793,False,100,0.3542201519012451,0.25119471549987793,0.8687844276428223
k_hop_900,k_hop,stitch,corafull,1,5,25,True,1.0,"[1, 3, 4, 5, 7, 8, 9]",40,0.005280971527099609,0.00018453598022460938,0.02766561508178711,True,3.8008923530578613,1.0,1.0,3.839569330215454,1,1,5.769335746765137,5.938639879226685,top-20,19793,False,20,0.3542201519012451,0.25119471549987793,0.8687844276428223
k_hop_900,k_hop,full,corafull,1,-1,-1,False,0.0,"[1, 3, 4, 5, 7, 8, 9]",40,0.0,0.0,0.0,True,3.7841668128967285,1.0,1.0,3.816175699234009,1,1,3.8228747844696045,3.823000192642212,full,19793,False,20,0.3542201519012451,0.25119471549987793,0.8687844276428223
k_hop_901,k_hop,stitch,corafull,2,4,20,True,1.0,"[2, 4, 7, 9, 14]",40,0.005049467086791992,0.0001380443572998047,0.020348310470581055,True,3.7971889972686768,1.0,1.0,3.829777956008911,2,2,5.729275465011597,5.874419450759888,top-20,19793,False,20,0.3542201519012451,0.25119471549987793,0.8687844276428223
k_hop_901,k_hop,full,corafull,2,-1,-1,False,0.0,"[2, 4, 7, 9, 14]",40,0.0,0.0,0.0,True,3.4909260272979736,1.0,1.0,3.523526668548584,2,2,3.530447244644165,3.53058123588562,full,19793,False,20,0.3542201519012451,0.25119471549987793,0.8687844276428223
k_hop_902,k_hop,stitch,corafull,4,4,24,True,1.0,"[4, 10, 13, 14, 15, 17, 18]",40,0.004885673522949219,0.00013875961303710938,0.02064681053161621,True,3.733114719390869,1.0,1.0,3.7622692584991455,1,1,5.839062690734863,5.986116170883179,top-20,19793,False,20,0.3542201519012451,0.25119471549987793,0.8687844276428223
k_hop_902,k_hop,full,corafull,4,-1,-1,False,0.0,"[4, 10, 13, 14, 15, 17, 18]",40,0.0,0.0,0.0,True,3.4873850345611572,1.0,1.0,3.52109432220459,1,1,3.5279312133789062,3.528059482574463,full,19793,False,20,0.3542201519012451,0.25119471549987793,0.8687844276428223
k_hop_903,k_hop,stitch,corafull,15,16,81,True,1.0,"[15, 16, 18, 19]",40,0.004929780960083008,0.0001399517059326172,0.020611047744750977,True,3.8819663524627686,0.95,1.0,3.917166233062744,2,2,5.820630073547363,5.976405620574951,top-20,19793,False,20,0.3542201519012451,0.25119471549987793,0.8687844276428223
k_hop_903,k_hop,full,corafull,15,-1,-1,False,0.0,"[15, 16, 18, 19]",40,0.0,0.0,0.0,True,3.529812812805176,0.95,1.0,3.558523654937744,2,2,3.565441370010376,3.5655367374420166,full,19793,False,20,0.3542201519012451,0.25119471549987793,0.8687844276428223
k_hop_904,k_hop,stitch,corafull,4,14,72,True,1.0,"[4, 8, 10, 13, 14, 18]",40,0.0056951045989990234,0.00015974044799804688,0.02154064178466797,True,3.8719334602355957,1.0,1.0,3.9073805809020996,1,1,5.838298320770264,6.0069050788879395,top-20,19793,False,20,0.3542201519012451,0.25119471549987793,0.8687844276428223
k_hop_904,k_hop,full,corafull,4,-1,-1,False,0.0,"[4, 8, 10, 13, 14, 18]",40,0.0,0.0,0.0,True,4.062821388244629,1.0,1.0,4.091747283935547,1,1,4.098765850067139,4.098927021026611,full,19793,False,20,0.3542201519012451,0.25119471549987793,0.8687844276428223
k_hop_905,k_hop,stitch,corafull,15,15,78,True,1.0,"[15, 17]",25,0.004912853240966797,0.0001404285430908203,0.02038741111755371,True,0.353776216506958,1.0,1.0,0.3621196746826172,1,1,0.8082878589630127,0.8703253269195557,top-5,5997,False,20,0.3542201519012451,0.25119471549987793,0.8687844276428223
k_hop_905,k_hop,full,corafull,15,-1,-1,False,0.0,"[15, 17]",25,0.0,0.0,0.0,True,3.843611478805542,1.0,1.0,3.871427536010742,1,1,3.876293659210205,3.876401662826538,full,19793,False,20,0.3542201519012451,0.25119471549987793,0.8687844276428223
k_hop_906,k_hop,stitch,corafull,5,8,44,True,1.0,"[5, 6, 8]",40,0.00513005256652832,0.0001647472381591797,0.020884990692138672,True,0.3754692077636719,1.0,1.0,0.3843512535095215,1,1,0.8384385108947754,0.8984024524688721,top-5,5971,False,20,0.3542201519012451,0.25119471549987793,0.8687844276428223
k_hop_906,k_hop,full,corafull,5,-1,-1,False,0.0,"[5, 6, 8]",40,0.0,0.0,0.0,True,3.6387991905212402,1.0,1.0,3.6679399013519287,1,1,3.6746997833251953,3.6748135089874268,full,19793,False,20,0.3542201519012451,0.25119471549987793,0.8687844276428223
k_hop_907,k_hop,stitch,corafull,1,6,30,True,1.0,"[1, 2, 3, 5, 6, 8, 9]",40,0.005120277404785156,0.0001392364501953125,0.021608352661132812,True,3.742902994155884,1.0,1.0,3.7762949466705322,1,1,5.83815336227417,5.992335319519043,top-20,19793,False,20,0.3542201519012451,0.25119471549987793,0.8687844276428223
k_hop_907,k_hop,full,corafull,1,-1,-1,False,0.0,"[1, 2, 3, 5, 6, 8, 9]",40,0.0,0.0,0.0,True,3.803663492202759,1.0,1.0,3.8350446224212646,1,1,3.8416967391967773,3.841827392578125,full,19793,False,20,0.3542201519012451,0.25119471549987793,0.8687844276428223
k_hop_908,k_hop,stitch,corafull,1,1,6,True,1.0,"[1, 5, 12]",40,0.005548000335693359,0.00023865699768066406,0.022382736206054688,True,0.43242859840393066,1.0,1.0,0.4427788257598877,1,1,0.8973231315612793,0.969388484954834,top-5,5891,False,20,0.3542201519012451,0.25119471549987793,0.8687844276428223
k_hop_908,k_hop,full,corafull,1,-1,-1,False,0.0,"[1, 5, 12]",40,0.0,0.0,0.0,True,3.9670565128326416,1.0,1.0,4.001650094985962,1,1,4.009122133255005,4.009319067001343,full,19793,False,20,0.3542201519012451,0.25119471549987793,0.8687844276428223
k_hop_909,k_hop,stitch,corafull,12,19,95,True,1.0,"[12, 14, 18, 19]",34,0.004891872406005859,0.0001392364501953125,0.022066116333007812,True,3.5380125045776367,1.0,1.0,3.568528890609741,1,1,5.452703475952148,5.61019229888916,top-20,19793,False,20,0.3542201519012451,0.25119471549987793,0.8687844276428223
k_hop_909,k_hop,full,corafull,12,-1,-1,False,0.0,"[12, 14, 18, 19]",34,0.0,0.0,0.0,True,3.644798755645752,1.0,1.0,3.6745872497558594,1,1,3.680514335632324,3.680615186691284,full,19793,False,20,0.3542201519012451,0.25119471549987793,0.8687844276428223
k_hop_910,k_hop,stitch,corafull,10,10,52,True,1.0,"[10, 13]",33,0.0047168731689453125,0.00014901161193847656,0.020117759704589844,True,0.39633679389953613,1.0,1.0,0.4045219421386719,1,1,0.8342032432556152,0.8997862339019775,top-5,5979,False,20,0.3542201519012451,0.25119471549987793,0.8687844276428223
k_hop_910,k_hop,full,corafull,10,-1,-1,False,0.0,"[10, 13]",33,0.0,0.0,0.0,True,3.502943992614746,1.0,1.0,3.5313029289245605,1,1,3.5368664264678955,3.5369832515716553,full,19793,False,20,0.3542201519012451,0.25119471549987793,0.8687844276428223
k_hop_911,k_hop,stitch,corafull,2,2,11,True,1.0,"[2, 15]",40,0.004895448684692383,0.0001323223114013672,0.020334243774414062,True,0.3727989196777344,1.0,1.0,0.38190412521362305,1,1,0.8144762516021729,0.8836550712585449,top-5,5953,False,20,0.3542201519012451,0.25119471549987793,0.8687844276428223
k_hop_911,k_hop,full,corafull,2,-1,-1,False,0.0,"[2, 15]",40,0.0,0.0,0.0,True,3.6339564323425293,1.0,1.0,3.6628665924072266,1,1,3.6698684692382812,3.66996169090271,full,19793,False,20,0.3542201519012451,0.25119471549987793,0.8687844276428223
k_hop_912,k_hop,stitch,corafull,4,19,96,True,1.0,"[4, 10, 15, 17, 19]",40,0.005507230758666992,0.00016427040100097656,0.021276235580444336,True,3.685244560241699,1.0,1.0,3.717562675476074,1,1,5.645445108413696,5.793668031692505,top-20,19793,False,20,0.3542201519012451,0.25119471549987793,0.8687844276428223
k_hop_912,k_hop,full,corafull,4,-1,-1,False,0.0,"[4, 10, 15, 17, 19]",40,0.0,0.0,0.0,True,3.5923960208892822,1.0,1.0,3.6256637573242188,1,1,3.632601737976074,3.6327152252197266,full,19793,False,20,0.3542201519012451,0.25119471549987793,0.8687844276428223
k_hop_913,k_hop,stitch,corafull,0,12,62,True,1.0,"[0, 3, 9, 12]",32,0.006246089935302734,0.00018715858459472656,0.021727561950683594,True,0.3394045829772949,1.0,1.0,0.34699416160583496,1,1,0.776970386505127,0.8409535884857178,top-5,5928,False,20,0.3542201519012451,0.25119471549987793,0.8687844276428223
k_hop_913,k_hop,full,corafull,0,-1,-1,False,0.0,"[0, 3, 9, 12]",32,0.0,0.0,0.0,True,3.6935269832611084,1.0,1.0,3.7241854667663574,1,1,3.7303082942962646,3.730422019958496,full,19793,False,20,0.3542201519012451,0.25119471549987793,0.8687844276428223
k_hop_914,k_hop,stitch,corafull,1,13,66,True,1.0,"[1, 13, 14]",40,0.004938840866088867,0.00014734268188476562,0.02050042152404785,True,0.36817026138305664,0.9,1.0,0.3795654773712158,12,12,0.8185625076293945,0.885871410369873,top-5,5928,False,20,0.3542201519012451,0.25119471549987793,0.8687844276428223
k_hop_914,k_hop,full,corafull,1,-1,-1,False,0.0,"[1, 13, 14]",40,0.0,0.0,0.0,True,4.0617077350616455,0.9,1.0,4.093213796615601,12,12,4.102375268936157,4.10247802734375,full,19793,False,20,0.3542201519012451,0.25119471549987793,0.8687844276428223
k_hop_915,k_hop,stitch,corafull,1,16,80,True,1.0,"[1, 16, 18]",40,0.005564451217651367,0.0001404285430908203,0.020885467529296875,True,0.3553793430328369,1.0,1.0,0.3616046905517578,1,1,0.7933933734893799,0.860753059387207,top-5,5881,False,20,0.3542201519012451,0.25119471549987793,0.8687844276428223
k_hop_915,k_hop,full,corafull,1,-1,-1,False,0.0,"[1, 16, 18]",40,0.0,0.0,0.0,True,4.367655515670776,1.0,1.0,4.396374464035034,1,1,4.402835845947266,4.402977228164673,full,19793,False,20,0.3542201519012451,0.25119471549987793,0.8687844276428223
k_hop_916,k_hop,stitch,corafull,2,16,84,True,1.0,"[2, 15, 16]",40,0.005075693130493164,0.00014090538024902344,0.02124953269958496,True,0.33861303329467773,1.0,1.0,0.3456084728240967,1,1,0.7809960842132568,0.841101884841919,top-5,5981,False,20,0.3542201519012451,0.25119471549987793,0.8687844276428223
k_hop_916,k_hop,full,corafull,2,-1,-1,False,0.0,"[2, 15, 16]",40,0.0,0.0,0.0,True,4.986303091049194,1.0,1.0,5.017547607421875,1,1,5.024200439453125,5.0243306159973145,full,19793,False,20,0.3542201519012451,0.25119471549987793,0.8687844276428223
k_hop_917,k_hop,stitch,corafull,2,13,68,True,1.0,"[2, 13, 15, 16, 17, 18]",40,0.004950046539306641,0.00014543533325195312,0.020587444305419922,True,4.750312805175781,1.0,1.0,4.785090684890747,1,1,6.7094504833221436,7.550004243850708,top-20,19793,False,20,0.3542201519012451,0.25119471549987793,0.8687844276428223
k_hop_917,k_hop,full,corafull,2,-1,-1,False,0.0,"[2, 13, 15, 16, 17, 18]",40,0.0,0.0,0.0,True,4.056561470031738,1.0,1.0,4.08960485458374,1,1,4.096612453460693,4.096742868423462,full,19793,False,20,0.3542201519012451,0.25119471549987793,0.8687844276428223
k_hop_918,k_hop,stitch,corafull,0,11,58,True,1.0,"[0, 9, 11, 13]",37,0.004818439483642578,0.00015401840209960938,0.020169496536254883,True,0.37049198150634766,1.0,1.0,0.37813496589660645,1,1,0.8122167587280273,0.8766884803771973,top-5,6012,False,20,0.3542201519012451,0.25119471549987793,0.8687844276428223
k_hop_918,k_hop,full,corafull,0,-1,-1,False,0.0,"[0, 9, 11, 13]",37,0.0,0.0,0.0,True,3.592900276184082,1.0,1.0,3.622471809387207,1,1,3.6286768913269043,3.628856897354126,full,19793,False,20,0.3542201519012451,0.25119471549987793,0.8687844276428223
k_hop_919,k_hop,stitch,corafull,15,18,91,True,1.0,"[15, 16, 18]",23,0.005292415618896484,0.00014448165893554688,0.02127838134765625,True,0.370250940322876,1.0,1.0,0.3782181739807129,1,1,0.8130826950073242,0.8767962455749512,top-5,5986,False,20,0.3542201519012451,0.25119471549987793,0.8687844276428223
k_hop_919,k_hop,full,corafull,15,-1,-1,False,0.0,"[15, 16, 18]",23,0.0,0.0,0.0,True,4.039489030838013,1.0,1.0,4.071659088134766,1,1,4.076167821884155,4.076321840286255,full,19793,False,20,0.3542201519012451,0.25119471549987793,0.8687844276428223
k_hop_920,k_hop,stitch,corafull,17,18,94,True,1.0,"[17, 18, 19]",40,0.004820108413696289,0.00013756752014160156,0.01985025405883789,True,0.3652803897857666,1.0,1.0,0.37368297576904297,1,1,0.8246290683746338,0.8841152191162109,top-5,5954,False,20,0.3542201519012451,0.25119471549987793,0.8687844276428223
k_hop_920,k_hop,full,corafull,17,-1,-1,False,0.0,"[17, 18, 19]",40,0.0,0.0,0.0,True,3.577860116958618,1.0,1.0,3.6138176918029785,1,1,3.6204171180725098,3.6205484867095947,full,19793,False,20,0.3542201519012451,0.25119471549987793,0.8687844276428223
k_hop_921,k_hop,stitch,corafull,5,15,76,True,1.0,"[5, 6, 12, 14, 15]",28,0.004975318908691406,0.00014591217041015625,0.020937442779541016,True,7.152578353881836,1.0,1.0,7.199156999588013,1,1,9.301653385162354,10.192638874053955,top-20,19793,False,20,0.3542201519012451,0.25119471549987793,0.8687844276428223
k_hop_921,k_hop,full,corafull,5,-1,-1,False,0.0,"[5, 6, 12, 14, 15]",28,0.0,0.0,0.0,True,4.27866005897522,1.0,1.0,4.323243618011475,1,1,4.328346252441406,4.328481674194336,full,19793,False,20,0.3542201519012451,0.25119471549987793,0.8687844276428223
k_hop_922,k_hop,stitch,corafull,4,4,21,True,1.0,"[4, 5, 7, 8, 9]",40,0.005258321762084961,0.00016427040100097656,0.02122807502746582,True,4.2070090770721436,0.95,1.0,4.243603229522705,6,6,6.171523571014404,6.3286049365997314,top-20,19793,False,20,0.3542201519012451,0.25119471549987793,0.8687844276428223
k_hop_922,k_hop,full,corafull,4,-1,-1,False,0.0,"[4, 5, 7, 8, 9]",40,0.0,0.0,0.0,True,3.74299955368042,0.95,1.0,3.776998996734619,6,6,3.7845473289489746,3.784733533859253,full,19793,False,20,0.3542201519012451,0.25119471549987793,0.8687844276428223
k_hop_923,k_hop,stitch,corafull,6,16,83,True,1.0,"[6, 16]",34,0.005250453948974609,0.00014781951904296875,0.02137136459350586,True,0.39588117599487305,1.0,1.0,0.4071962833404541,1,1,0.8601040840148926,0.9223759174346924,top-5,5961,False,20,0.3542201519012451,0.25119471549987793,0.8687844276428223
k_hop_923,k_hop,full,corafull,6,-1,-1,False,0.0,"[6, 16]",34,0.0,0.0,0.0,True,3.856463670730591,1.0,1.0,3.8868467807769775,1,1,3.892667293548584,3.8928120136260986,full,19793,False,20,0.3542201519012451,0.25119471549987793,0.8687844276428223
k_hop_924,k_hop,stitch,corafull,14,14,72,True,1.0,"[14, 17, 18, 19]",40,0.005236625671386719,0.00015497207641601562,0.020686864852905273,True,3.4689290523529053,0.95,1.0,3.505625009536743,6,6,5.345242738723755,5.493933439254761,top-20,19793,False,20,0.3542201519012451,0.25119471549987793,0.8687844276428223
k_hop_924,k_hop,full,corafull,14,-1,-1,False,0.0,"[14, 17, 18, 19]",40,0.0,0.0,0.0,True,3.6440744400024414,0.95,1.0,3.6740543842315674,6,6,3.681623935699463,3.6817610263824463,full,19793,False,20,0.3542201519012451,0.25119471549987793,0.8687844276428223
k_hop_925,k_hop,stitch,corafull,3,3,18,True,1.0,"[3, 4, 5, 6, 7, 8, 14]",40,0.004899501800537109,0.00015687942504882812,0.02002692222595215,True,3.7514772415161133,0.9,1.0,3.791714668273926,4,4,5.752276420593262,5.900219202041626,top-20,19793,False,20,0.3542201519012451,0.25119471549987793,0.8687844276428223
k_hop_925,k_hop,full,corafull,3,-1,-1,False,0.0,"[3, 4, 5, 6, 7, 8, 14]",40,0.0,0.0,0.0,True,3.6560254096984863,0.9,1.0,3.7069365978240967,4,4,3.7183408737182617,3.7186050415039062,full,19793,False,20,0.3542201519012451,0.25119471549987793,0.8687844276428223
k_hop_926,k_hop,stitch,corafull,1,8,43,True,1.0,"[1, 7, 8, 9, 12]",40,0.007009983062744141,0.00022292137145996094,0.021370410919189453,True,0.5238375663757324,1.0,1.0,0.5422110557556152,1,1,1.057983636856079,1.1794242858886719,top-5,5923,False,20,0.3542201519012451,0.25119471549987793,0.8687844276428223
k_hop_926,k_hop,full,corafull,1,-1,-1,False,0.0,"[1, 7, 8, 9, 12]",40,0.0,0.0,0.0,True,3.6491682529449463,1.0,1.0,3.6790480613708496,1,1,3.688504457473755,3.6886606216430664,full,19793,False,20,0.3542201519012451,0.25119471549987793,0.8687844276428223
k_hop_927,k_hop,stitch,corafull,5,6,31,True,1.0,"[5, 6]",40,0.005178689956665039,0.0001399517059326172,0.02253127098083496,True,0.3647592067718506,1.0,1.0,0.3771026134490967,1,1,0.8058345317840576,0.8688461780548096,top-5,5914,False,20,0.3542201519012451,0.25119471549987793,0.8687844276428223
k_hop_927,k_hop,full,corafull,5,-1,-1,False,0.0,"[5, 6]",40,0.0,0.0,0.0,True,4.162016868591309,1.0,1.0,4.204376697540283,1,1,4.21067214012146,4.210817337036133,full,19793,False,20,0.3542201519012451,0.25119471549987793,0.8687844276428223
k_hop_928,k_hop,stitch,corafull,11,11,58,True,1.0,[11],6,0.00478816032409668,0.00015234947204589844,0.02082967758178711,True,0.04417896270751953,1.0,1.0,0.04656481742858887,1,1,0.10381102561950684,0.13666701316833496,top-1,990,False,20,0.3542201519012451,0.25119471549987793,0.8687844276428223
k_hop_928,k_hop,full,corafull,11,-1,-1,False,0.0,[11],6,0.0,0.0,0.0,True,3.915794849395752,1.0,1.0,3.961092948913574,1,1,3.9634897708892822,3.9636237621307373,full,19793,False,20,0.3542201519012451,0.25119471549987793,0.8687844276428223
k_hop_929,k_hop,stitch,corafull,5,14,71,True,1.0,"[5, 8, 12, 14, 19]",40,0.004838466644287109,0.00014638900756835938,0.0198974609375,True,3.780909538269043,1.0,1.0,3.825507879257202,1,1,5.6684043407440186,5.809819221496582,top-20,19793,False,20,0.3542201519012451,0.25119471549987793,0.8687844276428223
k_hop_929,k_hop,full,corafull,5,-1,-1,False,0.0,"[5, 8, 12, 14, 19]",40,0.0,0.0,0.0,True,4.0382843017578125,1.0,1.0,4.074283838272095,1,1,4.080998420715332,4.081129312515259,full,19793,False,20,0.3542201519012451,0.25119471549987793,0.8687844276428223
k_hop_930,k_hop,stitch,corafull,2,10,53,True,1.0,"[2, 4, 10, 13, 14, 15, 17]",40,0.0048902034759521484,0.0001552104949951172,0.02023792266845703,True,4.074934959411621,0.95,1.0,4.122027397155762,6,6,6.293156862258911,6.444878339767456,top-20,19793,False,20,0.3542201519012451,0.25119471549987793,0.8687844276428223
k_hop_930,k_hop,full,corafull,2,-1,-1,False,0.0,"[2, 4, 10, 13, 14, 15, 17]",40,0.0,0.0,0.0,True,4.293519496917725,0.95,1.0,4.331958055496216,6,6,4.3397057056427,4.339867353439331,full,19793,False,20,0.3542201519012451,0.25119471549987793,0.8687844276428223
k_hop_931,k_hop,stitch,corafull,0,1,7,True,1.0,"[0, 1, 6, 16]",40,0.004694461822509766,0.0001366138458251953,0.019928455352783203,True,0.38016271591186523,1.0,1.0,0.38962793350219727,1,1,0.831606388092041,0.889216423034668,top-5,5916,False,20,0.3542201519012451,0.25119471549987793,0.8687844276428223
k_hop_931,k_hop,full,corafull,0,-1,-1,False,0.0,"[0, 1, 6, 16]",40,0.0,0.0,0.0,True,3.724580764770508,1.0,1.0,3.7700159549713135,1,1,3.7771618366241455,3.7773354053497314,full,19793,False,20,0.3542201519012451,0.25119471549987793,0.8687844276428223
k_hop_932,k_hop,stitch,corafull,1,1,8,True,1.0,[1],40,0.005263805389404297,0.0001533031463623047,0.020396709442138672,True,0.04171609878540039,1.0,1.0,0.043406009674072266,1,1,0.1050877571105957,0.1368546485900879,top-1,972,False,20,0.3542201519012451,0.25119471549987793,0.8687844276428223
k_hop_932,k_hop,full,corafull,1,-1,-1,False,0.0,[1],40,0.0,0.0,0.0,True,3.800004482269287,1.0,1.0,3.8338072299957275,1,1,3.840470552444458,3.8405721187591553,full,19793,False,20,0.3542201519012451,0.25119471549987793,0.8687844276428223
k_hop_933,k_hop,stitch,corafull,0,0,4,True,1.0,"[0, 10, 17, 18]",38,0.004771232604980469,0.0001361370086669922,0.01971149444580078,True,0.3614535331726074,1.0,1.0,0.37052083015441895,1,1,0.7978551387786865,0.8594865798950195,top-5,5914,False,20,0.3542201519012451,0.25119471549987793,0.8687844276428223
k_hop_933,k_hop,full,corafull,0,-1,-1,False,0.0,"[0, 10, 17, 18]",38,0.0,0.0,0.0,True,3.582371711730957,1.0,1.0,3.6234116554260254,1,1,3.6300559043884277,3.630211591720581,full,19793,False,20,0.3542201519012451,0.25119471549987793,0.8687844276428223
k_hop_934,k_hop,stitch,corafull,14,17,86,True,1.0,"[14, 15, 17, 18, 19]",35,0.0062427520751953125,0.00023818016052246094,0.022550344467163086,True,3.615676164627075,1.0,1.0,3.646583080291748,1,1,5.681549072265625,5.939850091934204,top-20,19793,False,20,0.3542201519012451,0.25119471549987793,0.8687844276428223
k_hop_934,k_hop,full,corafull,14,-1,-1,False,0.0,"[14, 15, 17, 18, 19]",35,0.0,0.0,0.0,True,3.529947519302368,1.0,1.0,3.5591249465942383,1,1,3.56491756439209,3.5650124549865723,full,19793,False,20,0.3542201519012451,0.25119471549987793,0.8687844276428223
k_hop_935,k_hop,stitch,corafull,4,4,24,True,1.0,"[4, 13, 14, 15, 17, 18]",40,0.004934072494506836,0.0001380443572998047,0.020409584045410156,True,3.5496978759765625,1.0,1.0,3.583366632461548,1,1,5.6457600593566895,5.88453483581543,top-20,19793,False,20,0.3542201519012451,0.25119471549987793,0.8687844276428223
k_hop_935,k_hop,full,corafull,4,-1,-1,False,0.0,"[4, 13, 14, 15, 17, 18]",40,0.0,0.0,0.0,True,3.7182085514068604,1.0,1.0,3.750708818435669,1,1,3.7573490142822266,3.7574431896209717,full,19793,False,20,0.3542201519012451,0.25119471549987793,0.8687844276428223
k_hop_936,k_hop,stitch,corafull,13,18,92,True,1.0,"[13, 14, 15, 17, 18, 19]",40,0.004963397979736328,0.00016355514526367188,0.020377635955810547,True,3.5521602630615234,0.95,1.0,3.586320400238037,6,6,5.4825968742370605,5.620549201965332,top-20,19793,False,20,0.3542201519012451,0.25119471549987793,0.8687844276428223
k_hop_936,k_hop,full,corafull,13,-1,-1,False,0.0,"[13, 14, 15, 17, 18, 19]",40,0.0,0.0,0.0,True,3.760922908782959,0.95,1.0,3.7952773571014404,6,6,3.802851676940918,3.803006649017334,full,19793,False,20,0.3542201519012451,0.25119471549987793,0.8687844276428223
k_hop_937,k_hop,stitch,corafull,1,1,9,True,1.0,"[1, 12]",20,0.005479574203491211,0.00015473365783691406,0.019931316375732422,True,0.3598666191101074,1.0,1.0,0.36760973930358887,1,1,0.789811372756958,0.8511121273040771,top-5,5897,False,20,0.3542201519012451,0.25119471549987793,0.8687844276428223
k_hop_937,k_hop,full,corafull,1,-1,-1,False,0.0,"[1, 12]",20,0.0,0.0,0.0,True,3.467336893081665,1.0,1.0,3.494044065475464,1,1,3.498059034347534,3.4981911182403564,full,19793,False,20,0.3542201519012451,0.25119471549987793,0.8687844276428223
k_hop_938,k_hop,stitch,corafull,1,8,42,True,1.0,"[1, 3, 5, 6, 7, 8, 9, 12, 13, 18]",40,0.005056619644165039,0.00013828277587890625,0.02052140235900879,True,3.4680426120758057,1.0,1.0,3.501270055770874,1,1,5.580106496810913,5.735107183456421,top-20,19793,False,20,0.3542201519012451,0.25119471549987793,0.8687844276428223
k_hop_938,k_hop,full,corafull,1,-1,-1,False,0.0,"[1, 3, 5, 6, 7, 8, 9, 12, 13, 18]",40,0.0,0.0,0.0,True,3.6617307662963867,1.0,1.0,3.691601514816284,1,1,3.6982908248901367,3.698432445526123,full,19793,False,20,0.3542201519012451,0.25119471549987793,0.8687844276428223
k_hop_939,k_hop,stitch,corafull,0,8,42,True,1.0,"[0, 3, 5, 6, 8, 9]",40,0.004922389984130859,0.0001556873321533203,0.02023148536682129,True,3.6501986980438232,0.975,1.0,3.685561418533325,6,6,5.58267068862915,5.7381751537323,top-20,19793,False,20,0.3542201519012451,0.25119471549987793,0.8687844276428223
k_hop_939,k_hop,full,corafull,0,-1,-1,False,0.0,"[0, 3, 5, 6, 8, 9]",40,0.0,0.0,0.0,True,3.7376229763031006,0.975,1.0,3.769263505935669,6,6,3.7766809463500977,3.7767763137817383,full,19793,False,20,0.3542201519012451,0.25119471549987793,0.8687844276428223
k_hop_940,k_hop,stitch,corafull,0,17,88,True,1.0,"[0, 1, 17]",40,0.004842996597290039,0.0001308917999267578,0.020284652709960938,True,0.3342134952545166,1.0,1.0,0.3414175510406494,1,1,0.7724623680114746,0.8304324150085449,top-5,5883,False,20,0.3542201519012451,0.25119471549987793,0.8687844276428223
k_hop_940,k_hop,full,corafull,0,-1,-1,False,0.0,"[0, 1, 17]",40,0.0,0.0,0.0,True,3.5379397869110107,1.0,1.0,3.569486379623413,1,1,3.575843572616577,3.5759685039520264,full,19793,False,20,0.3542201519012451,0.25119471549987793,0.8687844276428223
k_hop_941,k_hop,stitch,corafull,0,16,83,True,1.0,"[0, 2, 16]",40,0.004979610443115234,0.0001347064971923828,0.02059149742126465,True,0.3537895679473877,1.0,1.0,0.36469197273254395,1,1,0.7811291217803955,0.8400533199310303,top-5,5867,False,20,0.3542201519012451,0.25119471549987793,0.8687844276428223
k_hop_941,k_hop,full,corafull,0,-1,-1,False,0.0,"[0, 2, 16]",40,0.0,0.0,0.0,True,3.630675792694092,1.0,1.0,3.6641461849212646,1,1,3.6708409786224365,3.6709883213043213,full,19793,False,20,0.3542201519012451,0.25119471549987793,0.8687844276428223
k_hop_942,k_hop,stitch,corafull,2,2,13,True,1.0,"[2, 5, 8, 9, 16, 17]",40,0.004742860794067383,0.00016045570373535156,0.01967310905456543,True,3.671316146850586,0.9,1.0,3.7079131603240967,12,12,5.625757932662964,5.7624592781066895,top-20,19793,False,20,0.3542201519012451,0.25119471549987793,0.8687844276428223
k_hop_942,k_hop,full,corafull,2,-1,-1,False,0.0,"[2, 5, 8, 9, 16, 17]",40,0.0,0.0,0.0,True,3.6781678199768066,0.9,1.0,3.7122175693511963,12,12,3.722121238708496,3.7222237586975098,full,19793,False,20,0.3542201519012451,0.25119471549987793,0.8687844276428223
k_hop_943,k_hop,stitch,corafull,10,16,82,True,1.0,"[10, 15, 16, 17, 18, 19]",40,0.004850149154663086,0.00013446807861328125,0.020275115966796875,True,3.867611885070801,0.975,1.0,3.8982675075531006,2,2,5.874999761581421,6.01297926902771,top-20,19793,False,20,0.3542201519012451,0.25119471549987793,0.8687844276428223
k_hop_943,k_hop,full,corafull,10,-1,-1,False,0.0,"[10, 15, 16, 17, 18, 19]",40,0.0,0.0,0.0,True,3.755045175552368,0.975,1.0,3.787837028503418,2,2,3.7943623065948486,3.7945001125335693,full,19793,False,20,0.3542201519012451,0.25119471549987793,0.8687844276428223
k_hop_944,k_hop,stitch,corafull,3,8,42,True,1.0,"[3, 4, 8, 10]",40,0.0051229000091552734,0.0001614093780517578,0.02069830894470215,True,0.3958415985107422,1.0,1.0,0.40778589248657227,1,1,0.8490722179412842,0.9076058864593506,top-5,5991,False,20,0.3542201519012451,0.25119471549987793,0.8687844276428223
k_hop_944,k_hop,full,corafull,3,-1,-1,False,0.0,"[3, 4, 8, 10]",40,0.0,0.0,0.0,True,3.515671730041504,1.0,1.0,3.5513134002685547,1,1,3.557492733001709,3.557626724243164,full,19793,False,20,0.3542201519012451,0.25119471549987793,0.8687844276428223
k_hop_945,k_hop,stitch,corafull,10,14,72,True,1.0,"[10, 13, 14, 18]",40,0.004921913146972656,0.00013494491577148438,0.020375728607177734,True,0.3986990451812744,1.0,1.0,0.4087224006652832,1,1,0.8365681171417236,0.8986251354217529,top-5,5945,False,20,0.3542201519012451,0.25119471549987793,0.8687844276428223
k_hop_945,k_hop,full,corafull,10,-1,-1,False,0.0,"[10, 13, 14, 18]",40,0.0,0.0,0.0,True,3.656576156616211,1.0,1.0,3.6869723796844482,1,1,3.6931262016296387,3.693310022354126,full,19793,False,20,0.3542201519012451,0.25119471549987793,0.8687844276428223
k_hop_946,k_hop,stitch,corafull,13,18,94,True,1.0,"[13, 18]",25,0.0047876834869384766,0.00015163421630859375,0.02093052864074707,True,0.3723125457763672,1.0,1.0,0.3830115795135498,1,1,0.8297219276428223,0.888587236404419,top-5,5963,False,20,0.3542201519012451,0.25119471549987793,0.8687844276428223
k_hop_946,k_hop,full,corafull,13,-1,-1,False,0.0,"[13, 18]",25,0.0,0.0,0.0,True,3.6953604221343994,1.0,1.0,3.727940797805786,1,1,3.732938528060913,3.7330379486083984,full,19793,False,20,0.3542201519012451,0.25119471549987793,0.8687844276428223
k_hop_947,k_hop,stitch,corafull,8,8,44,True,1.0,"[8, 10, 13, 14, 15, 18]",40,0.005162954330444336,0.0001423358917236328,0.020726680755615234,True,3.701539993286133,1.0,1.0,3.736229419708252,1,1,5.764442443847656,5.917361736297607,top-20,19793,False,20,0.3542201519012451,0.25119471549987793,0.8687844276428223
k_hop_947,k_hop,full,corafull,8,-1,-1,False,0.0,"[8, 10, 13, 14, 15, 18]",40,0.0,0.0,0.0,True,3.667105197906494,1.0,1.0,3.699192762374878,1,1,3.7055327892303467,3.7056732177734375,full,19793,False,20,0.3542201519012451,0.25119471549987793,0.8687844276428223
k_hop_948,k_hop,stitch,corafull,1,9,45,True,1.0,"[1, 5, 7, 9, 10, 12, 14]",40,0.005784749984741211,0.0002448558807373047,0.021976947784423828,True,3.7061901092529297,1.0,1.0,3.734971761703491,1,1,5.634961128234863,5.783747434616089,top-20,19793,False,20,0.3542201519012451,0.25119471549987793,0.8687844276428223
k_hop_948,k_hop,full,corafull,1,-1,-1,False,0.0,"[1, 5, 7, 9, 10, 12, 14]",40,0.0,0.0,0.0,True,3.524798631668091,1.0,1.0,3.5528957843780518,1,1,3.5595505237579346,3.559669256210327,full,19793,False,20,0.3542201519012451,0.25119471549987793,0.8687844276428223
k_hop_949,k_hop,stitch,corafull,1,7,38,True,1.0,"[1, 4, 7, 9]",40,0.004732847213745117,0.00014853477478027344,0.020105361938476562,True,0.371474027633667,1.0,1.0,0.3797299861907959,1,1,0.7972719669342041,0.8556351661682129,top-5,5951,False,20,0.3542201519012451,0.25119471549987793,0.8687844276428223
k_hop_949,k_hop,full,corafull,1,-1,-1,False,0.0,"[1, 4, 7, 9]",40,0.0,0.0,0.0,True,3.6607117652893066,1.0,1.0,3.6907167434692383,1,1,3.696768283843994,3.6968955993652344,full,19793,False,20,0.3542201519012451,0.25119471549987793,0.8687844276428223
k_hop_950,k_hop,stitch,corafull,15,19,97,True,1.0,"[15, 16, 17, 18, 19]",40,0.004878520965576172,0.00014162063598632812,0.0203707218170166,True,0.39830946922302246,1.0,1.0,0.40903449058532715,1,1,0.8413970470428467,0.9019958972930908,top-5,5967,False,20,0.3542201519012451,0.25119471549987793,0.8687844276428223
k_hop_950,k_hop,full,corafull,15,-1,-1,False,0.0,"[15, 16, 17, 18, 19]",40,0.0,0.0,0.0,True,3.8983702659606934,1.0,1.0,3.936260938644409,1,1,3.942556381225586,3.9426517486572266,full,19793,False,20,0.3542201519012451,0.25119471549987793,0.8687844276428223
k_hop_951,k_hop,stitch,corafull,5,15,76,True,1.0,"[5, 6, 8, 14, 15]",40,0.005032539367675781,0.00013971328735351562,0.021202802658081055,True,0.4017150402069092,1.0,1.0,0.4124901294708252,1,1,0.8585999011993408,0.9187905788421631,top-5,5969,False,20,0.3542201519012451,0.25119471549987793,0.8687844276428223
k_hop_951,k_hop,full,corafull,5,-1,-1,False,0.0,"[5, 6, 8, 14, 15]",40,0.0,0.0,0.0,True,3.757098913192749,1.0,1.0,3.790865898132324,1,1,3.797775983810425,3.7979178428649902,full,19793,False,20,0.3542201519012451,0.25119471549987793,0.8687844276428223
k_hop_952,k_hop,stitch,corafull,10,10,52,True,1.0,"[10, 13, 14]",39,0.005011796951293945,0.00015544891357421875,0.02071523666381836,True,0.37997913360595703,0.8461538461538461,1.0,0.3895444869995117,48,48,0.8356149196624756,0.8959341049194336,top-5,5966,False,20,0.3542201519012451,0.25119471549987793,0.8687844276428223
k_hop_952,k_hop,full,corafull,10,-1,-1,False,0.0,"[10, 13, 14]",39,0.0,0.0,0.0,True,3.470515489578247,0.8461538461538461,1.0,3.5062456130981445,48,48,3.5224616527557373,3.5225937366485596,full,19793,False,20,0.3542201519012451,0.25119471549987793,0.8687844276428223
k_hop_953,k_hop,stitch,corafull,13,13,66,True,1.0,"[13, 14, 15, 16]",31,0.004933357238769531,0.0001404285430908203,0.02051520347595215,True,0.3493831157684326,1.0,1.0,0.36078715324401855,1,1,0.7927811145782471,0.8534362316131592,top-5,5986,False,20,0.3542201519012451,0.25119471549987793,0.8687844276428223
k_hop_953,k_hop,full,corafull,13,-1,-1,False,0.0,"[13, 14, 15, 16]",31,0.0,0.0,0.0,True,3.65584397315979,1.0,1.0,3.686373710632324,1,1,3.691716194152832,3.6918716430664062,full,19793,False,20,0.3542201519012451,0.25119471549987793,0.8687844276428223
k_hop_954,k_hop,stitch,corafull,0,0,2,True,1.0,"[0, 14, 17, 18]",26,0.00544285774230957,0.00016999244689941406,0.02024364471435547,True,3.5951874256134033,1.0,1.0,3.627509117126465,1,1,5.508606433868408,5.64737343788147,top-20,19793,False,20,0.3542201519012451,0.25119471549987793,0.8687844276428223
k_hop_954,k_hop,full,corafull,0,-1,-1,False,0.0,"[0, 14, 17, 18]",26,0.0,0.0,0.0,True,3.5475947856903076,1.0,1.0,3.582555055618286,1,1,3.587580919265747,3.5876736640930176,full,19793,False,20,0.3542201519012451,0.25119471549987793,0.8687844276428223
k_hop_955,k_hop,stitch,corafull,3,7,38,True,1.0,"[3, 4, 7, 8, 9, 14]",40,0.005043745040893555,0.00014495849609375,0.020494937896728516,True,3.816361665725708,1.0,1.0,3.887352466583252,1,1,5.766907215118408,5.9020161628723145,top-20,19793,False,20,0.3542201519012451,0.25119471549987793,0.8687844276428223
k_hop_955,k_hop,full,corafull,3,-1,-1,False,0.0,"[3, 4, 7, 8, 9, 14]",40,0.0,0.0,0.0,True,3.6343250274658203,1.0,1.0,3.666147470474243,1,1,3.6729938983917236,3.673093795776367,full,19793,False,20,0.3542201519012451,0.25119471549987793,0.8687844276428223
k_hop_956,k_hop,stitch,corafull,10,14,71,True,1.0,"[10, 13, 14, 19]",35,0.0053861141204833984,0.00016736984252929688,0.0202176570892334,True,3.529552936553955,1.0,1.0,3.5646347999572754,1,1,5.45307183265686,5.5977771282196045,top-20,19793,False,20,0.3542201519012451,0.25119471549987793,0.8687844276428223
k_hop_956,k_hop,full,corafull,10,-1,-1,False,0.0,"[10, 13, 14, 19]",35,0.0,0.0,0.0,True,3.668704032897949,1.0,1.0,3.7055118083953857,1,1,3.7114222049713135,3.711570978164673,full,19793,False,20,0.3542201519012451,0.25119471549987793,0.8687844276428223
k_hop_957,k_hop,stitch,corafull,0,5,27,True,1.0,"[0, 2, 5, 7, 14, 19]",22,0.0052449703216552734,0.00017762184143066406,0.020109176635742188,True,3.763011932373047,1.0,1.0,3.796602725982666,1,1,5.767782926559448,5.907753229141235,top-20,19793,False,20,0.3542201519012451,0.25119471549987793,0.8687844276428223
k_hop_957,k_hop,full,corafull,0,-1,-1,False,0.0,"[0, 2, 5, 7, 14, 19]",22,0.0,0.0,0.0,True,3.604221820831299,1.0,1.0,3.6349592208862305,1,1,3.6394083499908447,3.639540910720825,full,19793,False,20,0.3542201519012451,0.25119471549987793,0.8687844276428223
k_hop_958,k_hop,stitch,corafull,10,18,91,True,1.0,"[10, 13, 16, 18]",40,0.004889726638793945,0.0001590251922607422,0.020313501358032227,True,0.37946462631225586,1.0,1.0,0.389676570892334,1,1,0.8239223957061768,0.883007287979126,top-5,5965,False,20,0.3542201519012451,0.25119471549987793,0.8687844276428223
k_hop_958,k_hop,full,corafull,10,-1,-1,False,0.0,"[10, 13, 16, 18]",40,0.0,0.0,0.0,True,3.5561084747314453,1.0,1.0,3.5863044261932373,1,1,3.5927512645721436,3.592881679534912,full,19793,False,20,0.3542201519012451,0.25119471549987793,0.8687844276428223
k_hop_959,k_hop,stitch,corafull,10,10,53,True,1.0,"[10, 14, 15, 19]",40,0.004839181900024414,0.00014162063598632812,0.02027606964111328,True,0.370297908782959,1.0,1.0,0.3804304599761963,1,1,0.8243546485900879,0.8859710693359375,top-5,5993,False,20,0.3542201519012451,0.25119471549987793,0.8687844276428223
k_hop_959,k_hop,full,corafull,10,-1,-1,False,0.0,"[10, 14, 15, 19]",40,0.0,0.0,0.0,True,3.4814209938049316,1.0,1.0,3.513512134552002,1,1,3.5199952125549316,3.5200870037078857,full,19793,False,20,0.3542201519012451,0.25119471549987793,0.8687844276428223
k_hop_960,k_hop,stitch,corafull,1,9,49,True,1.0,"[1, 2, 3, 5, 8, 9]",40,0.004990816116333008,0.00014019012451171875,0.02046823501586914,True,3.5354597568511963,1.0,1.0,3.5700840950012207,3,3,5.460157871246338,5.602503299713135,top-20,19793,False,20,0.3542201519012451,0.25119471549987793,0.8687844276428223
k_hop_960,k_hop,full,corafull,1,-1,-1,False,0.0,"[1, 2, 3, 5, 8, 9]",40,0.0,0.0,0.0,True,3.602996587753296,1.0,1.0,3.63293194770813,3,3,3.639956474304199,3.640083074569702,full,19793,False,20,0.3542201519012451,0.25119471549987793,0.8687844276428223
k_hop_961,k_hop,stitch,corafull,0,18,94,True,1.0,"[0, 18, 19]",29,0.0050182342529296875,0.00014257431030273438,0.021065711975097656,True,0.37255191802978516,1.0,1.0,0.38230109214782715,1,1,0.8153042793273926,0.8737738132476807,top-5,5930,False,20,0.3542201519012451,0.25119471549987793,0.8687844276428223
k_hop_961,k_hop,full,corafull,0,-1,-1,False,0.0,"[0, 18, 19]",29,0.0,0.0,0.0,True,3.6477644443511963,1.0,1.0,3.6794376373291016,1,1,3.6847000122070312,3.6848268508911133,full,19793,False,20,0.3542201519012451,0.25119471549987793,0.8687844276428223
k_hop_962,k_hop,stitch,corafull,2,3,16,True,1.0,"[2, 3]",20,0.004779815673828125,0.0001404285430908203,0.01987767219543457,True,0.38895368576049805,1.0,1.0,0.3994736671447754,1,1,0.8371286392211914,0.8933775424957275,top-5,5996,False,20,0.3542201519012451,0.25119471549987793,0.8687844276428223
k_hop_962,k_hop,full,corafull,2,-1,-1,False,0.0,"[2, 3]",20,0.0,0.0,0.0,True,4.11553955078125,1.0,1.0,4.150021314620972,1,1,4.154503107070923,4.1545939445495605,full,19793,False,20,0.3542201519012451,0.25119471549987793,0.8687844276428223
k_hop_963,k_hop,stitch,corafull,0,0,2,True,1.0,"[0, 1, 10, 12, 16]",32,0.0048525333404541016,0.00015020370483398438,0.01987004280090332,True,0.35600852966308594,1.0,1.0,0.3635063171386719,1,1,0.7904636859893799,0.8509111404418945,top-5,5911,False,20,0.3542201519012451,0.25119471549987793,0.8687844276428223
k_hop_963,k_hop,full,corafull,0,-1,-1,False,0.0,"[0, 1, 10, 12, 16]",32,0.0,0.0,0.0,True,3.455059051513672,1.0,1.0,3.4833788871765137,1,1,3.4887914657592773,3.488889217376709,full,19793,False,20,0.3542201519012451,0.25119471549987793,0.8687844276428223
k_hop_964,k_hop,stitch,corafull,2,2,14,True,1.0,"[2, 3, 4, 5, 7, 8, 12]",40,0.004952192306518555,0.00015616416931152344,0.020009517669677734,True,3.743729829788208,0.95,1.0,3.7825944423675537,46,46,5.681076288223267,5.82779598236084,top-20,19793,False,20,0.3542201519012451,0.25119471549987793,0.8687844276428223
k_hop_964,k_hop,full,corafull,2,-1,-1,False,0.0,"[2, 3, 4, 5, 7, 8, 12]",40,0.0,0.0,0.0,True,3.5828847885131836,0.95,1.0,3.611978769302368,46,46,3.6279096603393555,3.628086566925049,full,19793,False,20,0.3542201519012451,0.25119471549987793,0.8687844276428223
k_hop_965,k_hop,stitch,corafull,2,2,11,True,1.0,"[2, 3, 7, 9]",40,0.00502777099609375,0.00014019012451171875,0.020456790924072266,True,0.3904697895050049,0.975,1.0,0.3999776840209961,2,2,0.8284652233123779,0.8840370178222656,top-5,5949,False,20,0.3542201519012451,0.25119471549987793,0.8687844276428223
k_hop_965,k_hop,full,corafull,2,-1,-1,False,0.0,"[2, 3, 7, 9]",40,0.0,0.0,0.0,True,3.900693416595459,0.975,1.0,3.9412102699279785,2,2,3.9476592540740967,3.9477617740631104,full,19793,False,20,0.3542201519012451,0.25119471549987793,0.8687844276428223
k_hop_966,k_hop,stitch,corafull,1,4,21,True,1.0,"[1, 4, 10, 12, 16]",40,0.004887580871582031,0.00013518333435058594,0.020416975021362305,True,0.36533188819885254,1.0,1.0,0.3746960163116455,1,1,0.7984509468078613,0.8583545684814453,top-5,5926,False,20,0.3542201519012451,0.25119471549987793,0.8687844276428223
k_hop_966,k_hop,full,corafull,1,-1,-1,False,0.0,"[1, 4, 10, 12, 16]",40,0.0,0.0,0.0,True,3.921876907348633,1.0,1.0,3.953024387359619,1,1,3.9594647884368896,3.9595556259155273,full,19793,False,20,0.3542201519012451,0.25119471549987793,0.8687844276428223
k_hop_967,k_hop,stitch,corafull,2,10,51,True,1.0,"[2, 6, 7, 8, 9, 10, 12, 16]",40,0.004907846450805664,0.00013875961303710938,0.020182132720947266,True,3.7848448753356934,0.925,1.0,3.8193376064300537,8,8,5.679020881652832,5.822402477264404,top-20,19793,False,20,0.3542201519012451,0.25119471549987793,0.8687844276428223
k_hop_967,k_hop,full,corafull,2,-1,-1,False,0.0,"[2, 6, 7, 8, 9, 10, 12, 16]",40,0.0,0.0,0.0,True,3.628474473953247,0.925,1.0,3.6582717895507812,8,8,3.6667110919952393,3.6668684482574463,full,19793,False,20,0.3542201519012451,0.25119471549987793,0.8687844276428223
k_hop_968,k_hop,stitch,corafull,1,1,8,True,1.0,"[1, 8]",40,0.00529789924621582,0.0001742839813232422,0.019950389862060547,True,0.44750118255615234,1.0,1.0,0.46536850929260254,1,1,0.9021775722503662,0.9603440761566162,top-5,5882,False,20,0.3542201519012451,0.25119471549987793,0.8687844276428223
k_hop_968,k_hop,full,corafull,1,-1,-1,False,0.0,"[1, 8]",40,0.0,0.0,0.0,True,3.51613187789917,1.0,1.0,3.5454530715942383,1,1,3.555180788040161,3.5553524494171143,full,19793,False,20,0.3542201519012451,0.25119471549987793,0.8687844276428223
k_hop_969,k_hop,stitch,corafull,10,14,71,True,1.0,"[10, 12, 14]",40,0.005311727523803711,0.00017142295837402344,0.020313262939453125,True,0.36029553413391113,1.0,1.0,0.37172412872314453,1,1,0.8087944984436035,0.8692464828491211,top-5,5938,False,20,0.3542201519012451,0.25119471549987793,0.8687844276428223
k_hop_969,k_hop,full,corafull,10,-1,-1,False,0.0,"[10, 12, 14]",40,0.0,0.0,0.0,True,3.803786516189575,1.0,1.0,3.8370537757873535,1,1,3.8435561656951904,3.843689441680908,full,19793,False,20,0.3542201519012451,0.25119471549987793,0.8687844276428223
k_hop_970,k_hop,stitch,corafull,0,15,79,True,1.0,"[0, 5, 10, 13, 14, 15, 18]",40,0.004736900329589844,0.00014138221740722656,0.019992828369140625,True,3.7894935607910156,1.0,1.0,3.819617986679077,1,1,5.834521293640137,5.97483229637146,top-20,19793,False,20,0.3542201519012451,0.25119471549987793,0.8687844276428223
k_hop_970,k_hop,full,corafull,0,-1,-1,False,0.0,"[0, 5, 10, 13, 14, 15, 18]",40,0.0,0.0,0.0,True,3.5629138946533203,1.0,1.0,3.5940284729003906,1,1,3.6006557941436768,3.6007490158081055,full,19793,False,20,0.3542201519012451,0.25119471549987793,0.8687844276428223
k_hop_971,k_hop,stitch,corafull,0,0,1,True,1.0,"[0, 2, 13, 17]",40,0.005045890808105469,0.0001373291015625,0.020969390869140625,True,0.3807644844055176,1.0,1.0,0.39216065406799316,1,1,0.8227598667144775,0.8836040496826172,top-5,5917,False,20,0.3542201519012451,0.25119471549987793,0.8687844276428223
k_hop_971,k_hop,full,corafull,0,-1,-1,False,0.0,"[0, 2, 13, 17]",40,0.0,0.0,0.0,True,3.64453387260437,1.0,1.0,3.6751630306243896,1,1,3.681201219558716,3.681349754333496,full,19793,False,20,0.3542201519012451,0.25119471549987793,0.8687844276428223
k_hop_972,k_hop,stitch,corafull,1,17,89,True,1.0,"[1, 4, 5, 8, 9, 17]",40,0.0048675537109375,0.00013494491577148438,0.02035999298095703,True,3.704475164413452,1.0,1.0,3.731802463531494,1,1,5.597084283828735,5.734498023986816,top-20,19793,False,20,0.3542201519012451,0.25119471549987793,0.8687844276428223
k_hop_972,k_hop,full,corafull,1,-1,-1,False,0.0,"[1, 4, 5, 8, 9, 17]",40,0.0,0.0,0.0,True,3.8718886375427246,1.0,1.0,3.900434732437134,1,1,3.9067587852478027,3.9068827629089355,full,19793,False,20,0.3542201519012451,0.25119471549987793,0.8687844276428223
k_hop_973,k_hop,stitch,corafull,0,16,83,True,1.0,"[0, 16, 18]",40,0.005008220672607422,0.00013756752014160156,0.020766496658325195,True,0.34711527824401855,1.0,1.0,0.35606956481933594,1,1,0.7803161144256592,0.8399043083190918,top-5,5895,False,20,0.3542201519012451,0.25119471549987793,0.8687844276428223
k_hop_973,k_hop,full,corafull,0,-1,-1,False,0.0,"[0, 16, 18]",40,0.0,0.0,0.0,True,3.6745078563690186,1.0,1.0,3.7064919471740723,1,1,3.7128729820251465,3.713003635406494,full,19793,False,20,0.3542201519012451,0.25119471549987793,0.8687844276428223
k_hop_974,k_hop,stitch,corafull,5,5,28,True,1.0,"[5, 10, 14, 15, 18, 19]",20,0.0049285888671875,0.0001373291015625,0.02067399024963379,True,3.532918691635132,1.0,1.0,3.5602283477783203,1,1,5.436577796936035,5.590834617614746,top-20,19793,False,20,0.3542201519012451,0.25119471549987793,0.8687844276428223
k_hop_974,k_hop,full,corafull,5,-1,-1,False,0.0,"[5, 10, 14, 15, 18, 19]",20,0.0,0.0,0.0,True,3.6467041969299316,1.0,1.0,3.679656982421875,1,1,3.68388295173645,3.683980941772461,full,19793,False,20,0.3542201519012451,0.25119471549987793,0.8687844276428223
k_hop_975,k_hop,stitch,corafull,10,15,78,True,1.0,"[10, 12, 14, 15, 16, 17]",40,0.005078554153442383,0.00015354156494140625,0.020465373992919922,True,3.687626838684082,1.0,1.0,3.717310667037964,1,1,5.523923635482788,5.657714128494263,top-20,19793,False,20,0.3542201519012451,0.25119471549987793,0.8687844276428223
k_hop_975,k_hop,full,corafull,10,-1,-1,False,0.0,"[10, 12, 14, 15, 16, 17]",40,0.0,0.0,0.0,True,3.615365982055664,1.0,1.0,3.6526546478271484,1,1,3.659388303756714,3.65954852104187,full,19793,False,20,0.3542201519012451,0.25119471549987793,0.8687844276428223
k_hop_976,k_hop,stitch,corafull,2,10,51,True,1.0,"[2, 10, 14, 18, 19]",40,0.004759788513183594,0.00013756752014160156,0.019945859909057617,True,3.687429904937744,0.975,1.0,3.7216179370880127,2,2,5.59317684173584,5.738422393798828,top-20,19793,False,20,0.3542201519012451,0.25119471549987793,0.8687844276428223
k_hop_976,k_hop,full,corafull,2,-1,-1,False,0.0,"[2, 10, 14, 18, 19]",40,0.0,0.0,0.0,True,3.6542444229125977,0.975,1.0,3.6861119270324707,2,2,3.692922353744507,3.6930477619171143,full,19793,False,20,0.3542201519012451,0.25119471549987793,0.8687844276428223
k_hop_977,k_hop,stitch,corafull,1,1,7,True,1.0,"[1, 2, 3, 4, 9]",29,0.004902839660644531,0.00013899803161621094,0.02051067352294922,True,3.641721248626709,0.9310344827586207,1.0,3.6732141971588135,2,2,5.567111253738403,5.705521821975708,top-20,19793,False,20,0.3542201519012451,0.25119471549987793,0.8687844276428223
k_hop_977,k_hop,full,corafull,1,-1,-1,False,0.0,"[1, 2, 3, 4, 9]",29,0.0,0.0,0.0,True,3.481743574142456,0.9310344827586207,1.0,3.517272472381592,2,2,3.5229411125183105,3.5230400562286377,full,19793,False,20,0.3542201519012451,0.25119471549987793,0.8687844276428223
k_hop_978,k_hop,stitch,corafull,2,16,83,True,1.0,"[2, 7, 16]",40,0.0052144527435302734,0.00015592575073242188,0.022815465927124023,True,0.36571311950683594,1.0,1.0,0.375028133392334,1,1,0.9798679351806641,1.0445046424865723,top-5,5960,False,20,0.3542201519012451,0.25119471549987793,0.8687844276428223
k_hop_978,k_hop,full,corafull,2,-1,-1,False,0.0,"[2, 7, 16]",40,0.0,0.0,0.0,True,3.7390875816345215,1.0,1.0,3.7773239612579346,1,1,3.7836387157440186,3.7837889194488525,full,19793,False,20,0.3542201519012451,0.25119471549987793,0.8687844276428223
k_hop_979,k_hop,stitch,corafull,2,10,51,True,1.0,"[2, 10, 14, 16, 18, 19]",39,0.0053021907806396484,0.00020003318786621094,0.02089691162109375,True,3.4333856105804443,1.0,1.0,3.4605844020843506,1,1,5.301429748535156,5.443358898162842,top-20,19793,False,20,0.3542201519012451,0.25119471549987793,0.8687844276428223
k_hop_979,k_hop,full,corafull,2,-1,-1,False,0.0,"[2, 10, 14, 16, 18, 19]",39,0.0,0.0,0.0,True,3.607921838760376,1.0,1.0,3.640763521194458,1,1,3.647172689437866,3.647296905517578,full,19793,False,20,0.3542201519012451,0.25119471549987793,0.8687844276428223
k_hop_980,k_hop,stitch,corafull,1,4,23,True,1.0,"[1, 2, 3, 4, 7, 8, 9]",38,0.005167484283447266,0.00013947486877441406,0.020796537399291992,True,3.5881283283233643,1.0,1.0,3.6158766746520996,1,1,5.491612672805786,5.632936954498291,top-20,19793,False,20,0.3542201519012451,0.25119471549987793,0.8687844276428223
k_hop_980,k_hop,full,corafull,1,-1,-1,False,0.0,"[1, 2, 3, 4, 7, 8, 9]",38,0.0,0.0,0.0,True,3.6136529445648193,1.0,1.0,3.6483240127563477,1,1,3.6548049449920654,3.654961347579956,full,19793,False,20,0.3542201519012451,0.25119471549987793,0.8687844276428223
k_hop_981,k_hop,stitch,corafull,0,4,22,True,1.0,"[0, 4, 13, 14, 15, 17, 18]",40,0.004846096038818359,0.0001385211944580078,0.020342111587524414,True,3.8450205326080322,1.0,1.0,3.8736822605133057,1,1,5.743854999542236,5.879802227020264,top-20,19793,False,20,0.3542201519012451,0.25119471549987793,0.8687844276428223
k_hop_981,k_hop,full,corafull,0,-1,-1,False,0.0,"[0, 4, 13, 14, 15, 17, 18]",40,0.0,0.0,0.0,True,3.5112907886505127,1.0,1.0,3.5398483276367188,1,1,3.5464329719543457,3.546588897705078,full,19793,False,20,0.3542201519012451,0.25119471549987793,0.8687844276428223
k_hop_982,k_hop,stitch,corafull,3,5,28,True,1.0,"[3, 5, 8, 9]",40,0.004903078079223633,0.0001399517059326172,0.020383596420288086,True,0.3657867908477783,1.0,1.0,0.37673068046569824,1,1,0.8072340488433838,0.867504358291626,top-5,5938,False,20,0.3542201519012451,0.25119471549987793,0.8687844276428223
k_hop_982,k_hop,full,corafull,3,-1,-1,False,0.0,"[3, 5, 8, 9]",40,0.0,0.0,0.0,True,3.870380163192749,1.0,1.0,3.9013888835906982,1,1,3.9081735610961914,3.908327102661133,full,19793,False,20,0.3542201519012451,0.25119471549987793,0.8687844276428223
k_hop_983,k_hop,stitch,corafull,14,14,72,True,1.0,"[14, 17, 18]",40,0.004918813705444336,0.00013899803161621094,0.020270347595214844,True,0.3436274528503418,0.95,1.0,0.35102224349975586,6,6,0.760488748550415,0.8189151287078857,top-5,5866,False,20,0.3542201519012451,0.25119471549987793,0.8687844276428223
k_hop_983,k_hop,full,corafull,14,-1,-1,False,0.0,"[14, 17, 18]",40,0.0,0.0,0.0,True,3.6339762210845947,0.95,1.0,3.6673786640167236,6,6,3.6755897998809814,3.6757524013519287,full,19793,False,20,0.3542201519012451,0.25119471549987793,0.8687844276428223
k_hop_984,k_hop,stitch,corafull,7,15,75,True,1.0,"[7, 8, 11, 13, 15, 17]",40,0.004867076873779297,0.0001590251922607422,0.02027440071105957,True,3.639918565750122,0.95,1.0,3.6759297847747803,6,6,5.55349588394165,5.716196775436401,top-20,19793,False,20,0.3542201519012451,0.25119471549987793,0.8687844276428223
k_hop_984,k_hop,full,corafull,7,-1,-1,False,0.0,"[7, 8, 11, 13, 15, 17]",40,0.0,0.0,0.0,True,3.6100969314575195,0.95,1.0,3.640242099761963,6,6,3.647934913635254,3.648074150085449,full,19793,False,20,0.3542201519012451,0.25119471549987793,0.8687844276428223
k_hop_985,k_hop,stitch,corafull,0,8,40,True,1.0,"[0, 8, 13]",40,0.004805088043212891,0.0001494884490966797,0.01966381072998047,True,0.3746490478515625,1.0,1.0,0.38416624069213867,1,1,0.8063254356384277,0.8642380237579346,top-5,5953,False,20,0.3542201519012451,0.25119471549987793,0.8687844276428223
k_hop_985,k_hop,full,corafull,0,-1,-1,False,0.0,"[0, 8, 13]",40,0.0,0.0,0.0,True,3.553572654724121,1.0,1.0,3.5865225791931152,1,1,3.592776298522949,3.5929181575775146,full,19793,False,20,0.3542201519012451,0.25119471549987793,0.8687844276428223
k_hop_986,k_hop,stitch,corafull,0,1,7,True,1.0,"[0, 1, 2, 5, 6, 9]",40,0.004763126373291016,0.00013637542724609375,0.019826412200927734,True,3.7439990043640137,1.0,1.0,3.777482748031616,1,1,5.799354553222656,5.931287527084351,top-20,19793,False,20,0.3542201519012451,0.25119471549987793,0.8687844276428223
k_hop_986,k_hop,full,corafull,0,-1,-1,False,0.0,"[0, 1, 2, 5, 6, 9]",40,0.0,0.0,0.0,True,4.111842155456543,1.0,1.0,4.146249055862427,1,1,4.15294075012207,4.153107404708862,full,19793,False,20,0.3542201519012451,0.25119471549987793,0.8687844276428223
k_hop_987,k_hop,stitch,corafull,0,6,34,True,1.0,"[0, 5, 6, 7, 8, 9]",40,0.0050678253173828125,0.00016188621520996094,0.020951509475708008,True,3.6001152992248535,1.0,1.0,3.6303436756134033,1,1,5.498282194137573,5.6322314739227295,top-20,19793,False,20,0.3542201519012451,0.25119471549987793,0.8687844276428223
k_hop_987,k_hop,full,corafull,0,-1,-1,False,0.0,"[0, 5, 6, 7, 8, 9]",40,0.0,0.0,0.0,True,3.603954553604126,1.0,1.0,3.6351497173309326,1,1,3.6414666175842285,3.641611099243164,full,19793,False,20,0.3542201519012451,0.25119471549987793,0.8687844276428223
k_hop_988,k_hop,stitch,corafull,1,12,62,True,1.0,"[1, 6, 8, 12, 13, 19]",40,0.0050182342529296875,0.0001404285430908203,0.020499467849731445,True,3.6441497802734375,0.975,1.0,3.6772890090942383,2,2,5.665621995925903,5.800813913345337,top-20,19793,False,20,0.3542201519012451,0.25119471549987793,0.8687844276428223
k_hop_988,k_hop,full,corafull,1,-1,-1,False,0.0,"[1, 6, 8, 12, 13, 19]",40,0.0,0.0,0.0,True,3.603649377822876,0.975,1.0,3.63340163230896,2,2,3.6401941776275635,3.640303134918213,full,19793,False,20,0.3542201519012451,0.25119471549987793,0.8687844276428223
k_hop_989,k_hop,stitch,corafull,1,5,25,True,1.0,"[1, 2, 3, 4, 5, 6, 8, 12]",40,0.004898786544799805,0.00014209747314453125,0.019952774047851562,True,3.889387369155884,1.0,1.0,3.923016309738159,1,1,5.764085054397583,5.900770425796509,top-20,19793,False,20,0.3542201519012451,0.25119471549987793,0.8687844276428223
k_hop_989,k_hop,full,corafull,1,-1,-1,False,0.0,"[1, 2, 3, 4, 5, 6, 8, 12]",40,0.0,0.0,0.0,True,3.6505050659179688,1.0,1.0,3.685142755508423,1,1,3.6918563842773438,3.69199538230896,full,19793,False,20,0.3542201519012451,0.25119471549987793,0.8687844276428223
k_hop_990,k_hop,stitch,corafull,3,4,22,True,1.0,"[3, 4, 5, 7, 8, 9]",40,0.005258798599243164,0.00016021728515625,0.02095937728881836,True,3.7571489810943604,0.925,1.0,3.791994094848633,48,48,6.0742127895355225,6.240054607391357,top-20,19793,False,20,0.3542201519012451,0.25119471549987793,0.8687844276428223
k_hop_990,k_hop,full,corafull,3,-1,-1,False,0.0,"[3, 4, 5, 7, 8, 9]",40,0.0,0.0,0.0,True,3.6168198585510254,0.925,1.0,3.6527109146118164,48,48,3.6698641777038574,3.669999122619629,full,19793,False,20,0.3542201519012451,0.25119471549987793,0.8687844276428223
k_hop_991,k_hop,stitch,corafull,13,14,72,True,1.0,"[13, 14, 17, 18]",40,0.005033016204833984,0.0001380443572998047,0.02057337760925293,True,3.8286099433898926,0.95,1.0,3.8647286891937256,6,6,5.760233640670776,5.90746283531189,top-20,19793,False,20,0.3542201519012451,0.25119471549987793,0.8687844276428223
k_hop_991,k_hop,full,corafull,13,-1,-1,False,0.0,"[13, 14, 17, 18]",40,0.0,0.0,0.0,True,3.619408130645752,0.95,1.0,3.6481621265411377,6,6,3.6562788486480713,3.65641713142395,full,19793,False,20,0.3542201519012451,0.25119471549987793,0.8687844276428223
k_hop_992,k_hop,stitch,corafull,14,14,72,True,1.0,"[14, 15, 17, 18]",40,0.004909038543701172,0.00013899803161621094,0.020598173141479492,True,3.6104118824005127,0.95,1.0,3.646953821182251,6,6,5.614434719085693,5.762074708938599,top-20,19793,False,20,0.3542201519012451,0.25119471549987793,0.8687844276428223
k_hop_992,k_hop,full,corafull,14,-1,-1,False,0.0,"[14, 15, 17, 18]",40,0.0,0.0,0.0,True,3.555053234100342,0.95,1.0,3.5893423557281494,6,6,3.59660005569458,3.5967304706573486,full,19793,False,20,0.3542201519012451,0.25119471549987793,0.8687844276428223
k_hop_993,k_hop,stitch,corafull,0,6,33,True,1.0,"[0, 5, 6, 8, 16]",40,0.00503230094909668,0.0001430511474609375,0.019706249237060547,True,0.4142115116119385,1.0,1.0,0.4225037097930908,1,1,0.8628599643707275,0.9217278957366943,top-5,5954,False,20,0.3542201519012451,0.25119471549987793,0.8687844276428223
k_hop_993,k_hop,full,corafull,0,-1,-1,False,0.0,"[0, 5, 6, 8, 16]",40,0.0,0.0,0.0,True,3.773430109024048,1.0,1.0,3.803417205810547,1,1,3.8101210594177246,3.8102877140045166,full,19793,False,20,0.3542201519012451,0.25119471549987793,0.8687844276428223
k_hop_994,k_hop,stitch,corafull,2,2,10,True,1.0,"[2, 9]",21,0.00518345832824707,0.0001647472381591797,0.02019476890563965,True,0.37066078186035156,1.0,1.0,0.3813467025756836,1,1,0.8159284591674805,0.8733127117156982,top-5,5939,False,20,0.3542201519012451,0.25119471549987793,0.8687844276428223
k_hop_994,k_hop,full,corafull,2,-1,-1,False,0.0,"[2, 9]",21,0.0,0.0,0.0,True,3.6564905643463135,1.0,1.0,3.6888508796691895,1,1,3.6929285526275635,3.6930551528930664,full,19793,False,20,0.3542201519012451,0.25119471549987793,0.8687844276428223
k_hop_995,k_hop,stitch,corafull,2,8,43,True,1.0,"[2, 5, 6, 7, 8, 9, 12, 16, 17]",40,0.005161285400390625,0.0001666545867919922,0.020564556121826172,True,3.6278634071350098,0.925,1.0,3.656672477722168,6,6,5.556609392166138,5.691750526428223,top-20,19793,False,20,0.3542201519012451,0.25119471549987793,0.8687844276428223
k_hop_995,k_hop,full,corafull,2,-1,-1,False,0.0,"[2, 5, 6, 7, 8, 9, 12, 16, 17]",40,0.0,0.0,0.0,True,3.570781946182251,0.925,1.0,3.60428786277771,6,6,3.6116793155670166,3.6117660999298096,full,19793,False,20,0.3542201519012451,0.25119471549987793,0.8687844276428223
k_hop_996,k_hop,stitch,corafull,1,19,96,True,1.0,"[1, 2, 5, 8, 12, 13, 16, 19]",40,0.004656553268432617,0.00013875961303710938,0.019602537155151367,True,3.6731197834014893,0.95,1.0,3.703227996826172,2,2,5.628041982650757,5.769310474395752,top-20,19793,False,20,0.3542201519012451,0.25119471549987793,0.8687844276428223
k_hop_996,k_hop,full,corafull,1,-1,-1,False,0.0,"[1, 2, 5, 8, 12, 13, 16, 19]",40,0.0,0.0,0.0,True,3.82710337638855,0.95,1.0,3.876526117324829,2,2,3.8840603828430176,3.8842310905456543,full,19793,False,20,0.3542201519012451,0.25119471549987793,0.8687844276428223
k_hop_997,k_hop,stitch,corafull,0,2,12,True,1.0,"[0, 2, 13, 14, 15, 16, 17, 18]",40,0.0064241886138916016,0.00019502639770507812,0.022047042846679688,True,3.5688703060150146,1.0,1.0,3.6019184589385986,1,1,5.682865858078003,5.834863901138306,top-20,19793,False,20,0.3542201519012451,0.25119471549987793,0.8687844276428223
k_hop_997,k_hop,full,corafull,0,-1,-1,False,0.0,"[0, 2, 13, 14, 15, 16, 17, 18]",40,0.0,0.0,0.0,True,3.721576690673828,1.0,1.0,3.7572853565216064,1,1,3.7634217739105225,3.763514280319214,full,19793,False,20,0.3542201519012451,0.25119471549987793,0.8687844276428223
k_hop_998,k_hop,stitch,corafull,2,3,18,True,1.0,"[2, 3, 4, 8, 9]",40,0.0049877166748046875,0.00015664100646972656,0.02091813087463379,True,3.479151964187622,1.0,1.0,3.5103724002838135,1,1,5.376868486404419,5.517000675201416,top-20,19793,False,20,0.3542201519012451,0.25119471549987793,0.8687844276428223
k_hop_998,k_hop,full,corafull,2,-1,-1,False,0.0,"[2, 3, 4, 8, 9]",40,0.0,0.0,0.0,True,3.6350297927856445,1.0,1.0,3.663940191268921,1,1,3.670586347579956,3.670727491378784,full,19793,False,20,0.3542201519012451,0.25119471549987793,0.8687844276428223
k_hop_999,k_hop,stitch,corafull,4,14,72,True,1.0,"[4, 13, 14, 15, 17, 18]",40,0.004946231842041016,0.00013828277587890625,0.019976139068603516,True,3.6565847396850586,1.0,1.0,3.6894688606262207,1,1,5.613279104232788,5.756836175918579,top-20,19793,False,20,0.3542201519012451,0.25119471549987793,0.8687844276428223
k_hop_999,k_hop,full,corafull,4,-1,-1,False,0.0,"[4, 13, 14, 15, 17, 18]",40,0.0,0.0,0.0,True,3.4018094539642334,1.0,1.0,3.4314849376678467,1,1,3.437804937362671,3.4378976821899414,full,19793,False,20,0.3542201519012451,0.25119471549987793,0.8687844276428223
k_hop_1000,k_hop,stitch,corafull,2,7,39,True,1.0,"[2, 4, 5, 7, 8, 9, 12, 17]",100,0.004930019378662109,0.0001499652862548828,0.020109891891479492,True,3.6920053958892822,0.97,1.0,3.720050096511841,6,6,5.711389780044556,5.845652341842651,top-20,19793,False,50,0.3542201519012451,0.25119471549987793,0.8687844276428223
k_hop_1000,k_hop,full,corafull,2,-1,-1,False,0.0,"[2, 4, 5, 7, 8, 9, 12, 17]",100,0.0,0.0,0.0,True,3.6897222995758057,0.97,1.0,3.7223079204559326,6,6,3.737919330596924,3.7380149364471436,full,19793,False,50,0.3542201519012451,0.25119471549987793,0.8687844276428223
k_hop_1001,k_hop,stitch,corafull,1,1,5,True,1.0,"[1, 13, 16]",64,0.004858970642089844,0.00014901161193847656,0.020261764526367188,True,0.38138461112976074,0.96875,1.0,0.3915829658508301,2,2,0.8070724010467529,0.8668034076690674,top-5,5957,False,50,0.3542201519012451,0.25119471549987793,0.8687844276428223
k_hop_1001,k_hop,full,corafull,1,-1,-1,False,0.0,"[1, 13, 16]",64,0.0,0.0,0.0,True,3.5516490936279297,0.96875,1.0,3.5835604667663574,2,2,3.5931766033172607,3.593301773071289,full,19793,False,50,0.3542201519012451,0.25119471549987793,0.8687844276428223
k_hop_1002,k_hop,stitch,corafull,0,0,2,True,1.0,"[0, 1, 13, 14, 18, 19]",53,0.004852771759033203,0.0001347064971923828,0.02011418342590332,True,3.6147286891937256,0.9622641509433962,1.0,3.644768238067627,2,2,5.587621688842773,5.7248756885528564,top-20,19793,False,50,0.3542201519012451,0.25119471549987793,0.8687844276428223
k_hop_1002,k_hop,full,corafull,0,-1,-1,False,0.0,"[0, 1, 13, 14, 18, 19]",53,0.0,0.0,0.0,True,3.736743211746216,0.9622641509433962,1.0,3.770253896713257,2,2,3.7780978679656982,3.7781906127929688,full,19793,False,50,0.3542201519012451,0.25119471549987793,0.8687844276428223
k_hop_1003,k_hop,stitch,corafull,0,0,3,True,1.0,"[0, 1, 14, 17, 19]",65,0.0050771236419677734,0.00014138221740722656,0.020865678787231445,True,3.589481830596924,0.9692307692307692,1.0,3.6193435192108154,2,2,5.5410332679748535,5.686443328857422,top-20,19793,False,50,0.3542201519012451,0.25119471549987793,0.8687844276428223
k_hop_1003,k_hop,full,corafull,0,-1,-1,False,0.0,"[0, 1, 14, 17, 19]",65,0.0,0.0,0.0,True,3.6060256958007812,0.9692307692307692,1.0,3.637775421142578,2,2,3.647172689437866,3.647327184677124,full,19793,False,50,0.3542201519012451,0.25119471549987793,0.8687844276428223
k_hop_1004,k_hop,stitch,corafull,0,6,32,True,1.0,"[0, 5, 6, 8, 16]",100,0.005118608474731445,0.00015544891357421875,0.02045273780822754,True,0.4099438190460205,1.0,1.0,0.42250919342041016,1,1,0.8841109275817871,0.9456775188446045,top-5,5951,False,50,0.3542201519012451,0.25119471549987793,0.8687844276428223
k_hop_1004,k_hop,full,corafull,0,-1,-1,False,0.0,"[0, 5, 6, 8, 16]",100,0.0,0.0,0.0,True,3.588656187057495,1.0,1.0,3.6185121536254883,1,1,3.6315531730651855,3.6316792964935303,full,19793,False,50,0.3542201519012451,0.25119471549987793,0.8687844276428223
k_hop_1005,k_hop,stitch,corafull,0,1,7,True,1.0,"[0, 1, 4, 12, 18, 19]",31,0.004835844039916992,0.00013446807861328125,0.02008342742919922,True,3.5703847408294678,1.0,1.0,3.5982117652893066,1,1,5.542258024215698,5.694267272949219,top-20,19793,False,50,0.3542201519012451,0.25119471549987793,0.8687844276428223
k_hop_1005,k_hop,full,corafull,0,-1,-1,False,0.0,"[0, 1, 4, 12, 18, 19]",31,0.0,0.0,0.0,True,3.4270646572113037,1.0,1.0,3.4565892219543457,1,1,3.4624414443969727,3.462573289871216,full,19793,False,50,0.3542201519012451,0.25119471549987793,0.8687844276428223
k_hop_1006,k_hop,stitch,corafull,0,10,54,True,1.0,"[0, 2, 3, 4, 7, 9, 10, 12, 13, 17, 19]",100,0.005228519439697266,0.00014495849609375,0.020661592483520508,True,3.7408487796783447,1.0,1.0,3.7725892066955566,2,2,5.821204423904419,5.96933126449585,top-20,19793,False,50,0.3542201519012451,0.25119471549987793,0.8687844276428223
k_hop_1006,k_hop,full,corafull,0,-1,-1,False,0.0,"[0, 2, 3, 4, 7, 9, 10, 12, 13, 17, 19]",100,0.0,0.0,0.0,True,3.6221652030944824,1.0,1.0,3.650846242904663,2,2,3.665240526199341,3.665336847305298,full,19793,False,50,0.3542201519012451,0.25119471549987793,0.8687844276428223
k_hop_1007,k_hop,stitch,corafull,0,8,40,True,1.0,"[0, 1, 2, 3, 5, 6, 8, 10, 12]",100,0.0050618648529052734,0.00015306472778320312,0.020259857177734375,True,3.746790885925293,0.87,0.9,3.765869140625,100,100,5.675280570983887,5.815605878829956,top-20,19793,False,50,0.3542201519012451,0.25119471549987793,0.8687844276428223
k_hop_1007,k_hop,full,corafull,0,-1,-1,False,0.0,"[0, 1, 2, 3, 5, 6, 8, 10, 12]",100,0.0,0.0,0.0,True,3.546867609024048,0.87,0.9,3.565624952316284,100,100,3.631436347961426,3.631570816040039,full,19793,False,50,0.3542201519012451,0.25119471549987793,0.8687844276428223
k_hop_1008,k_hop,stitch,corafull,0,14,70,True,1.0,"[0, 10, 13, 14, 15, 17, 18, 19]",67,0.005170345306396484,0.00014638900756835938,0.02153325080871582,True,3.851516008377075,1.0,1.0,3.883906364440918,1,1,5.818454027175903,5.981771945953369,top-20,19793,False,50,0.3542201519012451,0.25119471549987793,0.8687844276428223
k_hop_1008,k_hop,full,corafull,0,-1,-1,False,0.0,"[0, 10, 13, 14, 15, 17, 18, 19]",67,0.0,0.0,0.0,True,3.673949718475342,1.0,1.0,3.701913595199585,1,1,3.712975263595581,3.7131476402282715,full,19793,False,50,0.3542201519012451,0.25119471549987793,0.8687844276428223
k_hop_1009,k_hop,stitch,corafull,0,0,3,True,1.0,"[0, 1, 2, 13, 14, 17]",61,0.005053281784057617,0.0001666545867919922,0.020596742630004883,True,3.8774445056915283,1.0,1.0,3.9097495079040527,1,1,5.853841066360474,6.004172325134277,top-20,19793,False,50,0.3542201519012451,0.25119471549987793,0.8687844276428223
k_hop_1009,k_hop,full,corafull,0,-1,-1,False,0.0,"[0, 1, 2, 13, 14, 17]",61,0.0,0.0,0.0,True,3.5907163619995117,1.0,1.0,3.621711492538452,1,1,3.630781412124634,3.6309123039245605,full,19793,False,50,0.3542201519012451,0.25119471549987793,0.8687844276428223
k_hop_1010,k_hop,stitch,corafull,3,3,19,True,1.0,[3],14,0.0046236515045166016,0.00013494491577148438,0.019844770431518555,True,0.0421597957611084,1.0,1.0,0.0447232723236084,1,1,0.10241127014160156,0.13830280303955078,top-1,983,False,50,0.3542201519012451,0.25119471549987793,0.8687844276428223
k_hop_1010,k_hop,full,corafull,3,-1,-1,False,0.0,[3],14,0.0,0.0,0.0,True,3.4977142810821533,1.0,1.0,3.529104709625244,1,1,3.532733917236328,3.532902956008911,full,19793,False,50,0.3542201519012451,0.25119471549987793,0.8687844276428223
k_hop_1011,k_hop,stitch,corafull,5,6,31,True,1.0,"[5, 6, 9]",100,0.00503993034362793,0.00013303756713867188,0.02014756202697754,True,0.4029831886291504,1.0,1.0,0.41106486320495605,1,1,0.8777244091033936,0.9372775554656982,top-5,6038,False,50,0.3542201519012451,0.25119471549987793,0.8687844276428223
k_hop_1011,k_hop,full,corafull,5,-1,-1,False,0.0,"[5, 6, 9]",100,0.0,0.0,0.0,True,3.4634716510772705,1.0,1.0,3.499063730239868,1,1,3.5123517513275146,3.5124785900115967,full,19793,False,50,0.3542201519012451,0.25119471549987793,0.8687844276428223
k_hop_1012,k_hop,stitch,corafull,13,18,93,True,1.0,"[13, 15, 17, 18, 19]",100,0.005233049392700195,0.0001537799835205078,0.019840002059936523,True,0.38841676712036133,0.98,1.0,0.3970508575439453,2,2,0.85664963722229,0.9149570465087891,top-5,5987,False,50,0.3542201519012451,0.25119471549987793,0.8687844276428223
k_hop_1012,k_hop,full,corafull,13,-1,-1,False,0.0,"[13, 15, 17, 18, 19]",100,0.0,0.0,0.0,True,3.6185216903686523,0.98,1.0,3.647979497909546,2,2,3.662275552749634,3.6624057292938232,full,19793,False,50,0.3542201519012451,0.25119471549987793,0.8687844276428223
k_hop_1013,k_hop,stitch,corafull,3,5,28,True,1.0,"[3, 4, 5, 7, 8, 9]",62,0.0049402713775634766,0.0001571178436279297,0.020226478576660156,True,3.4561567306518555,1.0,1.0,3.4869182109832764,1,1,5.5578484535217285,5.725046396255493,top-20,19793,False,50,0.3542201519012451,0.25119471549987793,0.8687844276428223
k_hop_1013,k_hop,full,corafull,3,-1,-1,False,0.0,"[3, 4, 5, 7, 8, 9]",62,0.0,0.0,0.0,True,3.5106089115142822,1.0,1.0,3.542407274246216,1,1,3.5516908168792725,3.5518007278442383,full,19793,False,50,0.3542201519012451,0.25119471549987793,0.8687844276428223
k_hop_1014,k_hop,stitch,corafull,0,8,40,True,1.0,"[0, 1, 2, 3, 4, 5, 6, 7, 8, 9, 12]",100,0.0068607330322265625,0.0001652240753173828,0.02148914337158203,True,3.548485517501831,0.98,0.99,3.5654797554016113,100,100,5.547325849533081,5.703312873840332,top-20,19793,False,50,0.3542201519012451,0.25119471549987793,0.8687844276428223
k_hop_1014,k_hop,full,corafull,0,-1,-1,False,0.0,"[0, 1, 2, 3, 4, 5, 6, 7, 8, 9, 12]",100,0.0,0.0,0.0,True,3.6817846298217773,0.98,0.99,3.6982078552246094,100,100,3.763472318649292,3.7635788917541504,full,19793,False,50,0.3542201519012451,0.25119471549987793,0.8687844276428223
k_hop_1015,k_hop,stitch,corafull,10,16,82,True,1.0,"[10, 13, 15, 16, 18]",100,0.004956245422363281,0.0001533031463623047,0.019708871841430664,True,4.127924919128418,1.0,1.0,4.1584203243255615,1,1,6.067453384399414,6.215419054031372,top-20,19793,False,50,0.3542201519012451,0.25119471549987793,0.8687844276428223
k_hop_1015,k_hop,full,corafull,10,-1,-1,False,0.0,"[10, 13, 15, 16, 18]",100,0.0,0.0,0.0,True,3.8950564861297607,1.0,1.0,3.9370205402374268,1,1,3.9518237113952637,3.951935291290283,full,19793,False,50,0.3542201519012451,0.25119471549987793,0.8687844276428223
k_hop_1016,k_hop,stitch,corafull,10,10,52,True,1.0,"[10, 12, 14]",74,0.005226850509643555,0.00015091896057128906,0.020730972290039062,True,0.4241518974304199,0.972972972972973,1.0,0.4384605884552002,2,2,0.8938040733337402,0.958073616027832,top-5,5950,False,50,0.3542201519012451,0.25119471549987793,0.8687844276428223
k_hop_1016,k_hop,full,corafull,10,-1,-1,False,0.0,"[10, 12, 14]",74,0.0,0.0,0.0,True,3.9546287059783936,0.972972972972973,1.0,3.9994373321533203,2,2,4.0104124546051025,4.010541915893555,full,19793,False,50,0.3542201519012451,0.25119471549987793,0.8687844276428223
k_hop_1017,k_hop,stitch,corafull,2,10,54,True,1.0,"[2, 3, 4, 10, 12, 13, 14, 15, 17, 18, 19]",100,0.005326271057128906,0.0001697540283203125,0.02028942108154297,True,4.018898963928223,1.0,1.0,4.052473545074463,1,1,5.9953083992004395,6.151074171066284,top-20,19793,False,50,0.3542201519012451,0.25119471549987793,0.8687844276428223
k_hop_1017,k_hop,full,corafull,2,-1,-1,False,0.0,"[2, 3, 4, 10, 12, 13, 14, 15, 17, 18, 19]",100,0.0,0.0,0.0,True,4.027460813522339,1.0,1.0,4.073859214782715,1,1,4.0875091552734375,4.087618589401245,full,19793,False,50,0.3542201519012451,0.25119471549987793,0.8687844276428223
k_hop_1018,k_hop,stitch,corafull,14,15,76,True,1.0,"[14, 15, 16, 17]",56,0.005122661590576172,0.0001366138458251953,0.02093362808227539,True,0.3447232246398926,1.0,1.0,0.35395336151123047,1,1,0.8038287162780762,0.8648233413696289,top-5,5938,False,50,0.3542201519012451,0.25119471549987793,0.8687844276428223
k_hop_1018,k_hop,full,corafull,14,-1,-1,False,0.0,"[14, 15, 16, 17]",56,0.0,0.0,0.0,True,3.481846570968628,1.0,1.0,3.510706663131714,1,1,3.5190365314483643,3.519137382507324,full,19793,False,50,0.3542201519012451,0.25119471549987793,0.8687844276428223
k_hop_1019,k_hop,stitch,corafull,16,16,81,True,1.0,[16],6,0.004573345184326172,0.0001316070556640625,0.019833087921142578,True,0.043733835220336914,1.0,1.0,0.04588675498962402,1,1,0.10399723052978516,0.13460993766784668,top-1,997,False,50,0.3542201519012451,0.25119471549987793,0.8687844276428223
k_hop_1019,k_hop,full,corafull,16,-1,-1,False,0.0,[16],6,0.0,0.0,0.0,True,3.485851287841797,1.0,1.0,3.518343687057495,1,1,3.521001100540161,3.5211262702941895,full,19793,False,50,0.3542201519012451,0.25119471549987793,0.8687844276428223
k_hop_1020,k_hop,stitch,corafull,1,6,32,True,1.0,"[1, 2, 3, 4, 5, 6, 7, 8, 10, 12, 15, 16, 19]",100,0.005889892578125,0.0001621246337890625,0.02121448516845703,True,3.5534751415252686,0.97,1.0,3.583869218826294,4,4,5.511784553527832,5.665192604064941,top-20,19793,False,50,0.3542201519012451,0.25119471549987793,0.8687844276428223
k_hop_1020,k_hop,full,corafull,1,-1,-1,False,0.0,"[1, 2, 3, 4, 5, 6, 7, 8, 10, 12, 15, 16, 19]",100,0.0,0.0,0.0,True,3.5048563480377197,0.97,1.0,3.538813591003418,4,4,3.553798198699951,3.553945779800415,full,19793,False,50,0.3542201519012451,0.25119471549987793,0.8687844276428223
k_hop_1021,k_hop,stitch,corafull,2,8,44,True,1.0,"[2, 3, 5, 8, 9, 12, 14, 16]",100,0.005147695541381836,0.00014829635620117188,0.02031254768371582,True,3.7210299968719482,0.96,1.0,3.756213426589966,12,12,5.853035926818848,5.992409944534302,top-20,19793,False,50,0.3542201519012451,0.25119471549987793,0.8687844276428223
k_hop_1021,k_hop,full,corafull,2,-1,-1,False,0.0,"[2, 3, 5, 8, 9, 12, 14, 16]",100,0.0,0.0,0.0,True,3.7737209796905518,0.96,1.0,3.808243989944458,12,12,3.8277132511138916,3.827847957611084,full,19793,False,50,0.3542201519012451,0.25119471549987793,0.8687844276428223
k_hop_1022,k_hop,stitch,corafull,10,13,65,True,1.0,"[10, 12, 13, 14, 17, 18, 19]",100,0.005144834518432617,0.00016117095947265625,0.020621538162231445,True,3.5493509769439697,0.98,1.0,3.5838043689727783,2,2,5.506640911102295,5.6568708419799805,top-20,19793,False,50,0.3542201519012451,0.25119471549987793,0.8687844276428223
k_hop_1022,k_hop,full,corafull,10,-1,-1,False,0.0,"[10, 12, 13, 14, 17, 18, 19]",100,0.0,0.0,0.0,True,3.5972158908843994,0.98,1.0,3.628321647644043,2,2,3.64215350151062,3.6422622203826904,full,19793,False,50,0.3542201519012451,0.25119471549987793,0.8687844276428223
k_hop_1023,k_hop,stitch,corafull,0,8,40,True,1.0,"[0, 6, 8]",98,0.004879951477050781,0.0001385211944580078,0.019903898239135742,True,0.3809196949005127,1.0,1.0,0.3897063732147217,1,1,0.8521466255187988,0.9140975475311279,top-5,5972,False,50,0.3542201519012451,0.25119471549987793,0.8687844276428223
k_hop_1023,k_hop,full,corafull,0,-1,-1,False,0.0,"[0, 6, 8]",98,0.0,0.0,0.0,True,3.7899861335754395,1.0,1.0,3.8180599212646484,1,1,3.8316502571105957,3.831740379333496,full,19793,False,50,0.3542201519012451,0.25119471549987793,0.8687844276428223
k_hop_1024,k_hop,stitch,corafull,1,12,64,True,1.0,"[1, 4, 10, 12, 13, 14, 18, 19]",100,0.005377769470214844,0.0001671314239501953,0.02035975456237793,True,3.5739612579345703,1.0,1.0,3.6067121028900146,1,1,5.443912506103516,5.582625150680542,top-20,19793,False,50,0.3542201519012451,0.25119471549987793,0.8687844276428223
k_hop_1024,k_hop,full,corafull,1,-1,-1,False,0.0,"[1, 4, 10, 12, 13, 14, 18, 19]",100,0.0,0.0,0.0,True,3.5225157737731934,1.0,1.0,3.5553128719329834,1,1,3.5685195922851562,3.5686256885528564,full,19793,False,50,0.3542201519012451,0.25119471549987793,0.8687844276428223
k_hop_1025,k_hop,stitch,corafull,8,18,90,True,1.0,"[8, 10, 15, 16, 17, 18, 19]",100,0.005065202713012695,0.00015211105346679688,0.02073192596435547,True,3.7082386016845703,0.97,1.0,3.7419397830963135,12,12,5.639586687088013,5.774879455566406,top-20,19793,False,50,0.3542201519012451,0.25119471549987793,0.8687844276428223
k_hop_1025,k_hop,full,corafull,8,-1,-1,False,0.0,"[8, 10, 15, 16, 17, 18, 19]",100,0.0,0.0,0.0,True,3.4224770069122314,0.97,1.0,3.450451612472534,12,12,3.469036102294922,3.4691355228424072,full,19793,False,50,0.3542201519012451,0.25119471549987793,0.8687844276428223
k_hop_1026,k_hop,stitch,corafull,3,4,23,True,1.0,"[3, 4, 5, 6, 7, 8, 9]",100,0.005066871643066406,0.00013566017150878906,0.02236008644104004,True,3.6126134395599365,0.95,0.98,3.628091335296631,100,100,5.546105623245239,5.683769941329956,top-20,19793,False,50,0.3542201519012451,0.25119471549987793,0.8687844276428223
k_hop_1026,k_hop,full,corafull,3,-1,-1,False,0.0,"[3, 4, 5, 6, 7, 8, 9]",100,0.0,0.0,0.0,True,3.592273712158203,0.95,0.98,3.6079957485198975,100,100,3.672374963760376,3.6724629402160645,full,19793,False,50,0.3542201519012451,0.25119471549987793,0.8687844276428223
k_hop_1027,k_hop,stitch,corafull,13,17,86,True,1.0,"[13, 14, 15, 17, 18]",100,0.005025386810302734,0.00013589859008789062,0.020191192626953125,True,0.39557909965515137,0.98,1.0,0.4075639247894287,6,6,0.8644230365753174,0.9267303943634033,top-5,5937,False,50,0.3542201519012451,0.25119471549987793,0.8687844276428223
k_hop_1027,k_hop,full,corafull,13,-1,-1,False,0.0,"[13, 14, 15, 17, 18]",100,0.0,0.0,0.0,True,3.4699535369873047,0.97,1.0,3.502070426940918,12,12,3.5216283798217773,3.5217578411102295,full,19793,False,50,0.3542201519012451,0.25119471549987793,0.8687844276428223
k_hop_1028,k_hop,stitch,corafull,0,8,42,True,1.0,"[0, 2, 3, 5, 6, 8, 9, 12]",100,0.00502467155456543,0.00013303756713867188,0.020402908325195312,True,3.529186487197876,0.96,0.98,3.5477805137634277,100,100,5.679144859313965,5.8305864334106445,top-20,19793,False,50,0.3542201519012451,0.25119471549987793,0.8687844276428223
k_hop_1028,k_hop,full,corafull,0,-1,-1,False,0.0,"[0, 2, 3, 5, 6, 8, 9, 12]",100,0.0,0.0,0.0,True,3.6544716358184814,0.96,0.98,3.6740825176239014,100,100,3.7392730712890625,3.7393784523010254,full,19793,False,50,0.3542201519012451,0.25119471549987793,0.8687844276428223
k_hop_1029,k_hop,stitch,corafull,0,6,31,True,1.0,"[0, 4, 5, 6, 8, 9, 18, 19]",100,0.0050296783447265625,0.0001404285430908203,0.020534276962280273,True,3.7581515312194824,1.0,1.0,3.7911107540130615,1,1,5.7826926708221436,5.92978835105896,top-20,19793,False,50,0.3542201519012451,0.25119471549987793,0.8687844276428223
k_hop_1029,k_hop,full,corafull,0,-1,-1,False,0.0,"[0, 4, 5, 6, 8, 9, 18, 19]",100,0.0,0.0,0.0,True,3.6484413146972656,1.0,1.0,3.684277057647705,1,1,3.6978297233581543,3.6979730129241943,full,19793,False,50,0.3542201519012451,0.25119471549987793,0.8687844276428223
k_hop_1030,k_hop,stitch,corafull,10,19,95,True,1.0,"[10, 12, 13, 14, 18, 19]",70,0.0059354305267333984,0.00015735626220703125,0.021134614944458008,True,3.678396701812744,1.0,1.0,3.710587978363037,1,1,5.634715557098389,5.77905011177063,top-20,19793,False,50,0.3542201519012451,0.25119471549987793,0.8687844276428223
k_hop_1030,k_hop,full,corafull,10,-1,-1,False,0.0,"[10, 12, 13, 14, 18, 19]",70,0.0,0.0,0.0,True,3.5486221313476562,1.0,1.0,3.5786733627319336,1,1,3.5915260314941406,3.5916852951049805,full,19793,False,50,0.3542201519012451,0.25119471549987793,0.8687844276428223
k_hop_1031,k_hop,stitch,corafull,2,16,82,True,1.0,"[2, 8, 15, 16, 18]",100,0.004944801330566406,0.00013709068298339844,0.020066261291503906,True,3.558297872543335,0.97,1.0,3.590205430984497,4,4,5.566128253936768,5.7111732959747314,top-20,19793,False,50,0.3542201519012451,0.25119471549987793,0.8687844276428223
k_hop_1031,k_hop,full,corafull,2,-1,-1,False,0.0,"[2, 8, 15, 16, 18]",100,0.0,0.0,0.0,True,3.639848470687866,0.97,1.0,3.6714892387390137,4,4,3.687455654144287,3.687614679336548,full,19793,False,50,0.3542201519012451,0.25119471549987793,0.8687844276428223
k_hop_1032,k_hop,stitch,corafull,0,9,45,True,1.0,"[0, 1, 2, 4, 5, 6, 7, 8, 9, 16]",100,0.0054645538330078125,0.00017595291137695312,0.020532846450805664,True,3.6064741611480713,1.0,1.0,3.6397273540496826,1,1,5.598015546798706,5.74614143371582,top-20,19793,False,50,0.3542201519012451,0.25119471549987793,0.8687844276428223
k_hop_1032,k_hop,full,corafull,0,-1,-1,False,0.0,"[0, 1, 2, 4, 5, 6, 7, 8, 9, 16]",100,0.0,0.0,0.0,True,3.6183321475982666,1.0,1.0,3.6522929668426514,1,1,3.666317939758301,3.666421413421631,full,19793,False,50,0.3542201519012451,0.25119471549987793,0.8687844276428223
k_hop_1033,k_hop,stitch,corafull,3,15,77,True,1.0,"[3, 4, 5, 7, 12, 15, 16]",45,0.005010366439819336,0.00016236305236816406,0.021174907684326172,True,3.6054062843322754,1.0,1.0,3.6334280967712402,1,1,5.636764049530029,5.773613452911377,top-20,19793,False,50,0.3542201519012451,0.25119471549987793,0.8687844276428223
k_hop_1033,k_hop,full,corafull,3,-1,-1,False,0.0,"[3, 4, 5, 7, 12, 15, 16]",45,0.0,0.0,0.0,True,3.6745893955230713,1.0,1.0,3.7064664363861084,1,1,3.7134900093078613,3.7136573791503906,full,19793,False,50,0.3542201519012451,0.25119471549987793,0.8687844276428223
k_hop_1034,k_hop,stitch,corafull,0,12,64,True,1.0,"[0, 2, 3, 4, 5, 6, 8, 9, 12]",100,0.0053942203521728516,0.00013947486877441406,0.02037525177001953,True,3.686227560043335,0.98,1.0,3.7027041912078857,100,100,5.692816734313965,5.83047342300415,top-20,19793,False,50,0.3542201519012451,0.25119471549987793,0.8687844276428223
k_hop_1034,k_hop,full,corafull,0,-1,-1,False,0.0,"[0, 2, 3, 4, 5, 6, 8, 9, 12]",100,0.0,0.0,0.0,True,3.511308193206787,0.98,1.0,3.526668071746826,100,100,3.5905892848968506,3.590724468231201,full,19793,False,50,0.3542201519012451,0.25119471549987793,0.8687844276428223
k_hop_1035,k_hop,stitch,corafull,3,4,21,True,1.0,"[3, 4, 8]",72,0.00499272346496582,0.0001404285430908203,0.01995110511779785,True,0.33657360076904297,0.9722222222222222,1.0,0.34390902519226074,2,2,0.7749350070953369,0.8324325084686279,top-5,5891,False,50,0.3542201519012451,0.25119471549987793,0.8687844276428223
k_hop_1035,k_hop,full,corafull,3,-1,-1,False,0.0,"[3, 4, 8]",72,0.0,0.0,0.0,True,3.490901470184326,0.9722222222222222,1.0,3.520404577255249,2,2,3.5310537815093994,3.5311636924743652,full,19793,False,50,0.3542201519012451,0.25119471549987793,0.8687844276428223
k_hop_1036,k_hop,stitch,corafull,4,10,54,True,1.0,"[4, 10, 12, 19]",54,0.0050411224365234375,0.000152587890625,0.021045684814453125,True,0.3713064193725586,1.0,1.0,0.37801575660705566,1,1,0.8176822662353516,0.8770194053649902,top-5,5947,False,50,0.3542201519012451,0.25119471549987793,0.8687844276428223
k_hop_1036,k_hop,full,corafull,4,-1,-1,False,0.0,"[4, 10, 12, 19]",54,0.0,0.0,0.0,True,3.755786895751953,1.0,1.0,3.7877233028411865,1,1,3.7957324981689453,3.7958295345306396,full,19793,False,50,0.3542201519012451,0.25119471549987793,0.8687844276428223
k_hop_1037,k_hop,stitch,corafull,1,12,60,True,1.0,"[1, 2, 4, 5, 6, 8, 10, 12, 14, 15, 16, 19]",100,0.005090236663818359,0.0001354217529296875,0.020467758178710938,True,3.7596023082733154,1.0,1.0,3.79325532913208,1,1,5.676447153091431,5.81516695022583,top-20,19793,False,50,0.3542201519012451,0.25119471549987793,0.8687844276428223
k_hop_1037,k_hop,full,corafull,1,-1,-1,False,0.0,"[1, 2, 4, 5, 6, 8, 10, 12, 14, 15, 16, 19]",100,0.0,0.0,0.0,True,3.620907783508301,1.0,1.0,3.6562955379486084,1,1,3.6697659492492676,3.669889211654663,full,19793,False,50,0.3542201519012451,0.25119471549987793,0.8687844276428223
k_hop_1038,k_hop,stitch,corafull,2,16,84,True,1.0,"[2, 15, 16]",83,0.005058765411376953,0.0001380443572998047,0.0203859806060791,True,0.380507230758667,1.0,1.0,0.38947081565856934,1,1,0.8228163719177246,0.8832390308380127,top-5,5980,False,50,0.3542201519012451,0.25119471549987793,0.8687844276428223
k_hop_1038,k_hop,full,corafull,2,-1,-1,False,0.0,"[2, 15, 16]",83,0.0,0.0,0.0,True,3.751537561416626,1.0,1.0,3.78497314453125,1,1,3.796388626098633,3.796520233154297,full,19793,False,50,0.3542201519012451,0.25119471549987793,0.8687844276428223
k_hop_1039,k_hop,stitch,corafull,2,16,84,True,1.0,"[2, 11, 13, 14, 15, 16, 17, 18]",100,0.005143165588378906,0.00013947486877441406,0.020403146743774414,True,3.497861623764038,0.99,1.0,3.529550075531006,2,2,5.420863151550293,5.556480884552002,top-20,19793,False,50,0.3542201519012451,0.25119471549987793,0.8687844276428223
k_hop_1039,k_hop,full,corafull,2,-1,-1,False,0.0,"[2, 11, 13, 14, 15, 16, 17, 18]",100,0.0,0.0,0.0,True,3.7435524463653564,0.99,1.0,3.7784018516540527,2,2,3.792118549346924,3.792238712310791,full,19793,False,50,0.3542201519012451,0.25119471549987793,0.8687844276428223
k_hop_1040,k_hop,stitch,corafull,2,2,11,True,1.0,"[2, 10, 15, 16, 18]",79,0.004982948303222656,0.00013971328735351562,0.020326614379882812,True,3.540017604827881,1.0,1.0,3.56782603263855,1,1,5.458441734313965,5.589735746383667,top-20,19793,False,50,0.3542201519012451,0.25119471549987793,0.8687844276428223
k_hop_1040,k_hop,full,corafull,2,-1,-1,False,0.0,"[2, 10, 15, 16, 18]",79,0.0,0.0,0.0,True,3.5072672367095947,1.0,1.0,3.540370464324951,1,1,3.551079511642456,3.5512096881866455,full,19793,False,50,0.3542201519012451,0.25119471549987793,0.8687844276428223
k_hop_1041,k_hop,stitch,corafull,0,5,27,True,1.0,"[0, 1, 2, 4, 5, 6, 7, 8, 9, 12]",100,0.0051097869873046875,0.0001316070556640625,0.0209195613861084,True,3.710165023803711,0.99,1.0,3.7462146282196045,2,2,5.708029270172119,5.8447959423065186,top-20,19793,False,50,0.3542201519012451,0.25119471549987793,0.8687844276428223
k_hop_1041,k_hop,full,corafull,0,-1,-1,False,0.0,"[0, 1, 2, 4, 5, 6, 7, 8, 9, 12]",100,0.0,0.0,0.0,True,3.729891538619995,0.99,1.0,3.763028383255005,2,2,3.776700258255005,3.7768428325653076,full,19793,False,50,0.3542201519012451,0.25119471549987793,0.8687844276428223
k_hop_1042,k_hop,stitch,corafull,2,7,38,True,1.0,"[2, 4, 7, 8, 9, 10]",100,0.004920244216918945,0.00015234947204589844,0.019875288009643555,True,3.7452683448791504,0.96,0.99,3.7613697052001953,100,100,5.6504967212677,5.784100532531738,top-20,19793,False,50,0.3542201519012451,0.25119471549987793,0.8687844276428223
k_hop_1042,k_hop,full,corafull,2,-1,-1,False,0.0,"[2, 4, 7, 8, 9, 10]",100,0.0,0.0,0.0,True,3.688713550567627,0.96,0.99,3.705280065536499,100,100,3.768968343734741,3.7690722942352295,full,19793,False,50,0.3542201519012451,0.25119471549987793,0.8687844276428223
k_hop_1043,k_hop,stitch,corafull,1,10,51,True,1.0,"[1, 2, 4, 5, 6, 7, 8, 9, 10]",100,0.004805326461791992,0.000148773193359375,0.02024674415588379,True,3.751077890396118,0.98,1.0,3.7809677124023438,2,2,5.658515453338623,5.799699544906616,top-20,19793,False,50,0.3542201519012451,0.25119471549987793,0.8687844276428223
k_hop_1043,k_hop,full,corafull,1,-1,-1,False,0.0,"[1, 2, 4, 5, 6, 7, 8, 9, 10]",100,0.0,0.0,0.0,True,3.6513195037841797,0.98,1.0,3.6783535480499268,2,2,3.692739725112915,3.692869186401367,full,19793,False,50,0.3542201519012451,0.25119471549987793,0.8687844276428223
k_hop_1044,k_hop,stitch,corafull,3,6,32,True,1.0,"[3, 5, 6, 7, 8, 9, 12, 14]",100,0.004982709884643555,0.0001342296600341797,0.020018815994262695,True,3.6971256732940674,1.0,1.0,3.7272636890411377,1,1,5.572638511657715,5.708319425582886,top-20,19793,False,50,0.3542201519012451,0.25119471549987793,0.8687844276428223
k_hop_1044,k_hop,full,corafull,3,-1,-1,False,0.0,"[3, 5, 6, 7, 8, 9, 12, 14]",100,0.0,0.0,0.0,True,3.6562583446502686,1.0,1.0,3.6842658519744873,1,1,3.6973819732666016,3.6974751949310303,full,19793,False,50,0.3542201519012451,0.25119471549987793,0.8687844276428223
k_hop_1045,k_hop,stitch,corafull,2,8,43,True,1.0,"[2, 3, 5, 8, 9, 12, 16, 17]",100,0.00502777099609375,0.0001404285430908203,0.020299434661865234,True,3.6539666652679443,0.9,0.94,3.67274808883667,100,100,5.63128399848938,5.766126394271851,top-20,19793,False,50,0.3542201519012451,0.25119471549987793,0.8687844276428223
k_hop_1045,k_hop,full,corafull,2,-1,-1,False,0.0,"[2, 3, 5, 8, 9, 12, 16, 17]",100,0.0,0.0,0.0,True,3.619459390640259,0.9,0.94,3.6379523277282715,100,100,3.701139450073242,3.7012321949005127,full,19793,False,50,0.3542201519012451,0.25119471549987793,0.8687844276428223
k_hop_1046,k_hop,stitch,corafull,0,4,20,True,1.0,"[0, 2, 3, 4, 7, 10, 12, 15, 17, 19]",73,0.0051555633544921875,0.00014209747314453125,0.019977092742919922,True,3.7031707763671875,1.0,1.0,3.736055612564087,1,1,5.7396018505096436,5.871983289718628,top-20,19793,False,50,0.3542201519012451,0.25119471549987793,0.8687844276428223
k_hop_1046,k_hop,full,corafull,0,-1,-1,False,0.0,"[0, 2, 3, 4, 7, 10, 12, 15, 17, 19]",73,0.0,0.0,0.0,True,3.6170315742492676,1.0,1.0,3.6505513191223145,1,1,3.6604602336883545,3.6605594158172607,full,19793,False,50,0.3542201519012451,0.25119471549987793,0.8687844276428223
k_hop_1047,k_hop,stitch,corafull,2,7,37,True,1.0,"[2, 3, 4, 5, 6, 7, 8, 10]",74,0.005045413970947266,0.0001392364501953125,0.020311594009399414,True,3.534419059753418,1.0,1.0,3.562748670578003,1,1,5.433445930480957,5.57265305519104,top-20,19793,False,50,0.3542201519012451,0.25119471549987793,0.8687844276428223
k_hop_1047,k_hop,full,corafull,2,-1,-1,False,0.0,"[2, 3, 4, 5, 6, 7, 8, 10]",74,0.0,0.0,0.0,True,3.787182331085205,1.0,1.0,3.821920871734619,1,1,3.8321287631988525,3.832284450531006,full,19793,False,50,0.3542201519012451,0.25119471549987793,0.8687844276428223
k_hop_1048,k_hop,stitch,corafull,0,8,42,True,1.0,"[0, 2, 3, 4, 5, 6, 7, 8, 9, 10, 19]",100,0.00519561767578125,0.00014352798461914062,0.01967334747314453,True,3.5816092491149902,0.96,1.0,3.6142499446868896,8,8,5.5595619678497314,5.702656507492065,top-20,19793,False,50,0.3542201519012451,0.25119471549987793,0.8687844276428223
k_hop_1048,k_hop,full,corafull,0,-1,-1,False,0.0,"[0, 2, 3, 4, 5, 6, 7, 8, 9, 10, 19]",100,0.0,0.0,0.0,True,3.7141354084014893,0.96,1.0,3.748627185821533,8,8,3.765960454940796,3.7660582065582275,full,19793,False,50,0.3542201519012451,0.25119471549987793,0.8687844276428223
k_hop_1049,k_hop,stitch,corafull,1,1,5,True,1.0,"[1, 4, 7, 8, 12, 15]",100,0.005049705505371094,0.00013709068298339844,0.02040863037109375,True,3.564842939376831,1.0,1.0,3.5964407920837402,1,1,5.500168323516846,5.660178899765015,top-20,19793,False,50,0.3542201519012451,0.25119471549987793,0.8687844276428223
k_hop_1049,k_hop,full,corafull,1,-1,-1,False,0.0,"[1, 4, 7, 8, 12, 15]",100,0.0,0.0,0.0,True,3.7353296279907227,1.0,1.0,3.7689273357391357,1,1,3.7818093299865723,3.781921863555908,full,19793,False,50,0.3542201519012451,0.25119471549987793,0.8687844276428223
k_hop_1050,k_hop,stitch,corafull,0,16,83,True,1.0,"[0, 1, 2, 5, 6, 7, 8, 12, 13, 14, 15, 16, 19]",100,0.005306720733642578,0.00014734268188476562,0.02062702178955078,True,3.65665602684021,1.0,1.0,3.693406343460083,1,1,5.813777446746826,5.972584962844849,top-20,19793,False,50,0.3542201519012451,0.25119471549987793,0.8687844276428223
k_hop_1050,k_hop,full,corafull,0,-1,-1,False,0.0,"[0, 1, 2, 5, 6, 7, 8, 12, 13, 14, 15, 16, 19]",100,0.0,0.0,0.0,True,3.718776226043701,1.0,1.0,3.7516393661499023,1,1,3.7663052082061768,3.7664480209350586,full,19793,False,50,0.3542201519012451,0.25119471549987793,0.8687844276428223
k_hop_1051,k_hop,stitch,corafull,11,11,59,True,1.0,"[11, 13]",18,0.005588531494140625,0.00018858909606933594,0.021158456802368164,True,0.35592174530029297,1.0,1.0,0.3627033233642578,1,1,0.8099226951599121,0.87255859375,top-5,5959,False,50,0.3542201519012451,0.25119471549987793,0.8687844276428223
k_hop_1051,k_hop,full,corafull,11,-1,-1,False,0.0,"[11, 13]",18,0.0,0.0,0.0,True,3.4484870433807373,1.0,1.0,3.4786994457244873,1,1,3.482745885848999,3.4828805923461914,full,19793,False,50,0.3542201519012451,0.25119471549987793,0.8687844276428223
k_hop_1052,k_hop,stitch,corafull,4,15,78,True,1.0,"[4, 5, 6, 10, 14, 15, 16, 18, 19]",100,0.005192995071411133,0.00013446807861328125,0.020229816436767578,True,3.688464879989624,1.0,1.0,3.7163021564483643,1,1,5.597907543182373,5.730932950973511,top-20,19793,False,50,0.3542201519012451,0.25119471549987793,0.8687844276428223
k_hop_1052,k_hop,full,corafull,4,-1,-1,False,0.0,"[4, 5, 6, 10, 14, 15, 16, 18, 19]",100,0.0,0.0,0.0,True,3.5143868923187256,1.0,1.0,3.542893409729004,1,1,3.5563580989837646,3.5564870834350586,full,19793,False,50,0.3542201519012451,0.25119471549987793,0.8687844276428223
k_hop_1053,k_hop,stitch,corafull,1,1,8,True,1.0,"[1, 2, 3, 4, 5, 7, 8, 9]",100,0.005093097686767578,0.00013947486877441406,0.020488739013671875,True,3.508484363555908,0.98,1.0,3.5368571281433105,6,6,5.412310361862183,5.545503854751587,top-20,19793,False,50,0.3542201519012451,0.25119471549987793,0.8687844276428223
k_hop_1053,k_hop,full,corafull,1,-1,-1,False,0.0,"[1, 2, 3, 4, 5, 7, 8, 9]",100,0.0,0.0,0.0,True,3.4381263256073,0.98,1.0,3.4688260555267334,6,6,3.4844350814819336,3.4845783710479736,full,19793,False,50,0.3542201519012451,0.25119471549987793,0.8687844276428223
k_hop_1054,k_hop,stitch,corafull,0,17,86,True,1.0,"[0, 1, 13, 14, 15, 17, 18]",100,0.004965305328369141,0.00016117095947265625,0.019685745239257812,True,3.5470352172851562,0.98,1.0,3.5758466720581055,6,6,5.4786787033081055,5.618351697921753,top-20,19793,False,50,0.3542201519012451,0.25119471549987793,0.8687844276428223
k_hop_1054,k_hop,full,corafull,0,-1,-1,False,0.0,"[0, 1, 13, 14, 15, 17, 18]",100,0.0,0.0,0.0,True,3.636471748352051,0.98,1.0,3.6710357666015625,6,6,3.687012195587158,3.687129020690918,full,19793,False,50,0.3542201519012451,0.25119471549987793,0.8687844276428223
k_hop_1055,k_hop,stitch,corafull,10,14,70,True,1.0,"[10, 12, 13, 14, 15, 17, 18, 19]",100,0.005101919174194336,0.0001323223114013672,0.020565509796142578,True,3.635852813720703,1.0,1.0,3.665424346923828,1,1,5.591979503631592,5.726364850997925,top-20,19793,False,50,0.3542201519012451,0.25119471549987793,0.8687844276428223
k_hop_1055,k_hop,full,corafull,10,-1,-1,False,0.0,"[10, 12, 13, 14, 15, 17, 18, 19]",100,0.0,0.0,0.0,True,3.5970492362976074,1.0,1.0,3.625415802001953,1,1,3.638793468475342,3.6389214992523193,full,19793,False,50,0.3542201519012451,0.25119471549987793,0.8687844276428223
k_hop_1056,k_hop,stitch,corafull,0,12,61,True,1.0,"[0, 1, 5, 7, 9, 10, 12, 13, 15, 16, 17]",100,0.005025148391723633,0.00013518333435058594,0.020112276077270508,True,3.48915433883667,0.96,1.0,3.5273799896240234,16,16,5.557951211929321,5.692982196807861,top-20,19793,False,50,0.3542201519012451,0.25119471549987793,0.8687844276428223
k_hop_1056,k_hop,full,corafull,0,-1,-1,False,0.0,"[0, 1, 5, 7, 9, 10, 12, 13, 15, 16, 17]",100,0.0,0.0,0.0,True,3.5935134887695312,0.96,1.0,3.62241268157959,16,16,3.6433539390563965,3.643439531326294,full,19793,False,50,0.3542201519012451,0.25119471549987793,0.8687844276428223
k_hop_1057,k_hop,stitch,corafull,5,6,31,True,1.0,"[5, 6, 8]",100,0.0050656795501708984,0.00013899803161621094,0.020352840423583984,True,0.4056546688079834,1.0,1.0,0.4166111946105957,1,1,0.8697342872619629,0.9341657161712646,top-5,5970,False,50,0.3542201519012451,0.25119471549987793,0.8687844276428223
k_hop_1057,k_hop,full,corafull,5,-1,-1,False,0.0,"[5, 6, 8]",100,0.0,0.0,0.0,True,3.622701406478882,1.0,1.0,3.6547908782958984,1,1,3.667999505996704,3.668084144592285,full,19793,False,50,0.3542201519012451,0.25119471549987793,0.8687844276428223
k_hop_1058,k_hop,stitch,corafull,1,19,98,True,1.0,"[1, 10, 14, 15, 18, 19]",100,0.004865884780883789,0.000156402587890625,0.019647598266601562,True,3.62963604927063,0.95,1.0,3.648465394973755,100,100,5.607809543609619,5.760072231292725,top-20,19793,False,50,0.3542201519012451,0.25119471549987793,0.8687844276428223
k_hop_1058,k_hop,full,corafull,1,-1,-1,False,0.0,"[1, 10, 14, 15, 18, 19]",100,0.0,0.0,0.0,True,3.6159555912017822,0.95,1.0,3.635227680206299,100,100,3.6990292072296143,3.6991491317749023,full,19793,False,50,0.3542201519012451,0.25119471549987793,0.8687844276428223
k_hop_1059,k_hop,stitch,corafull,0,0,3,True,1.0,"[0, 1, 2, 8, 9, 12, 13, 14, 17]",100,0.004918336868286133,0.00013780593872070312,0.02024078369140625,True,3.4806745052337646,1.0,1.0,3.5116782188415527,1,1,5.427666187286377,5.566847562789917,top-20,19793,False,50,0.3542201519012451,0.25119471549987793,0.8687844276428223
k_hop_1059,k_hop,full,corafull,0,-1,-1,False,0.0,"[0, 1, 2, 8, 9, 12, 13, 14, 17]",100,0.0,0.0,0.0,True,3.648833990097046,1.0,1.0,3.6801540851593018,1,1,3.693345785140991,3.693495273590088,full,19793,False,50,0.3542201519012451,0.25119471549987793,0.8687844276428223
k_hop_1060,k_hop,stitch,corafull,0,5,27,True,1.0,"[0, 1, 2, 4, 5, 6, 7, 8, 9, 12]",100,0.005072355270385742,0.00013327598571777344,0.020387887954711914,True,3.7401249408721924,0.99,1.0,3.7732622623443604,2,2,5.679568290710449,5.8125083446502686,top-20,19793,False,50,0.3542201519012451,0.25119471549987793,0.8687844276428223
k_hop_1060,k_hop,full,corafull,0,-1,-1,False,0.0,"[0, 1, 2, 4, 5, 6, 7, 8, 9, 12]",100,0.0,0.0,0.0,True,3.8374812602996826,0.99,1.0,3.8701517581939697,2,2,3.8833305835723877,3.8834662437438965,full,19793,False,50,0.3542201519012451,0.25119471549987793,0.8687844276428223
k_hop_1061,k_hop,stitch,corafull,2,4,24,True,1.0,"[2, 3, 4, 5, 7, 8, 9, 12]",100,0.005467414855957031,0.0001361370086669922,0.020051240921020508,True,3.6395528316497803,0.97,1.0,3.6691982746124268,4,4,5.691125392913818,5.83341908454895,top-20,19793,False,50,0.3542201519012451,0.25119471549987793,0.8687844276428223
k_hop_1061,k_hop,full,corafull,2,-1,-1,False,0.0,"[2, 3, 4, 5, 7, 8, 9, 12]",100,0.0,0.0,0.0,True,3.6589579582214355,0.97,1.0,3.689955711364746,4,4,3.70481276512146,3.7049787044525146,full,19793,False,50,0.3542201519012451,0.25119471549987793,0.8687844276428223
k_hop_1062,k_hop,stitch,corafull,4,9,49,True,1.0,"[4, 5, 7, 8, 9, 12, 14, 17]",100,0.005074739456176758,0.0001633167266845703,0.020786762237548828,True,3.533714771270752,1.0,1.0,3.5661427974700928,1,1,5.449415922164917,5.58973503112793,top-20,19793,False,50,0.3542201519012451,0.25119471549987793,0.8687844276428223
k_hop_1062,k_hop,full,corafull,4,-1,-1,False,0.0,"[4, 5, 7, 8, 9, 12, 14, 17]",100,0.0,0.0,0.0,True,3.690387487411499,1.0,1.0,3.7251834869384766,1,1,3.738839626312256,3.738936424255371,full,19793,False,50,0.3542201519012451,0.25119471549987793,0.8687844276428223
k_hop_1063,k_hop,stitch,corafull,13,18,93,True,1.0,"[13, 15, 17, 18, 19]",100,0.005372762680053711,0.00017023086547851562,0.020421504974365234,True,0.42825770378112793,1.0,1.0,0.4395720958709717,1,1,0.8935210704803467,0.9527041912078857,top-5,5987,False,50,0.3542201519012451,0.25119471549987793,0.8687844276428223
k_hop_1063,k_hop,full,corafull,13,-1,-1,False,0.0,"[13, 15, 17, 18, 19]",100,0.0,0.0,0.0,True,3.8265364170074463,1.0,1.0,3.860028028488159,1,1,3.8735666275024414,3.873703718185425,full,19793,False,50,0.3542201519012451,0.25119471549987793,0.8687844276428223
k_hop_1064,k_hop,stitch,corafull,1,9,47,True,1.0,"[1, 2, 3, 4, 6, 7, 8, 9, 10]",100,0.0052034854888916016,0.00017309188842773438,0.02105855941772461,True,3.737978458404541,0.93,0.97,3.756693124771118,100,100,5.762858629226685,5.913973808288574,top-20,19793,False,50,0.3542201519012451,0.25119471549987793,0.8687844276428223
k_hop_1064,k_hop,full,corafull,1,-1,-1,False,0.0,"[1, 2, 3, 4, 6, 7, 8, 9, 10]",100,0.0,0.0,0.0,True,3.4938292503356934,0.93,0.97,3.515272617340088,100,100,3.5803332328796387,3.580502986907959,full,19793,False,50,0.3542201519012451,0.25119471549987793,0.8687844276428223
k_hop_1065,k_hop,stitch,corafull,0,16,81,True,1.0,"[0, 2, 8, 13, 15, 16, 17, 18, 19]",59,0.005984783172607422,0.00019741058349609375,0.020781517028808594,True,3.477243661880493,0.9661016949152542,1.0,3.506777286529541,2,2,5.592045545578003,5.737343072891235,top-20,19793,False,50,0.3542201519012451,0.25119471549987793,0.8687844276428223
k_hop_1065,k_hop,full,corafull,0,-1,-1,False,0.0,"[0, 2, 8, 13, 15, 16, 17, 18, 19]",59,0.0,0.0,0.0,True,3.6651976108551025,0.9661016949152542,1.0,3.6935620307922363,2,2,3.702308177947998,3.702436923980713,full,19793,False,50,0.3542201519012451,0.25119471549987793,0.8687844276428223
k_hop_1066,k_hop,stitch,corafull,0,0,4,True,1.0,"[0, 1, 5, 8, 13, 17, 19]",100,0.005035400390625,0.00014162063598632812,0.019849061965942383,True,3.71174955368042,1.0,1.0,3.741727828979492,1,1,5.650809049606323,5.7886786460876465,top-20,19793,False,50,0.3542201519012451,0.25119471549987793,0.8687844276428223
k_hop_1066,k_hop,full,corafull,0,-1,-1,False,0.0,"[0, 1, 5, 8, 13, 17, 19]",100,0.0,0.0,0.0,True,3.626622200012207,1.0,1.0,3.6700329780578613,1,1,3.6831443309783936,3.683302879333496,full,19793,False,50,0.3542201519012451,0.25119471549987793,0.8687844276428223
k_hop_1067,k_hop,stitch,corafull,2,13,68,True,1.0,"[2, 13, 14, 15, 16, 17, 18]",100,0.005242824554443359,0.0001418590545654297,0.020736217498779297,True,3.692345142364502,1.0,1.0,3.7289645671844482,1,1,5.637799263000488,5.7785022258758545,top-20,19793,False,50,0.3542201519012451,0.25119471549987793,0.8687844276428223
k_hop_1067,k_hop,full,corafull,2,-1,-1,False,0.0,"[2, 13, 14, 15, 16, 17, 18]",100,0.0,0.0,0.0,True,3.7074966430664062,1.0,1.0,3.73803448677063,1,1,3.7516119480133057,3.7517480850219727,full,19793,False,50,0.3542201519012451,0.25119471549987793,0.8687844276428223
k_hop_1068,k_hop,stitch,corafull,0,0,2,True,1.0,"[0, 12, 13, 14, 15, 16, 17, 18]",67,0.005335569381713867,0.00015807151794433594,0.0207059383392334,True,3.6841721534729004,1.0,1.0,3.714909791946411,1,1,5.56224250793457,5.709591865539551,top-20,19793,False,50,0.3542201519012451,0.25119471549987793,0.8687844276428223
k_hop_1068,k_hop,full,corafull,0,-1,-1,False,0.0,"[0, 12, 13, 14, 15, 16, 17, 18]",67,0.0,0.0,0.0,True,3.520548105239868,1.0,1.0,3.5554213523864746,1,1,3.565000295639038,3.565110683441162,full,19793,False,50,0.3542201519012451,0.25119471549987793,0.8687844276428223
k_hop_1069,k_hop,stitch,corafull,0,14,70,True,1.0,"[0, 1, 2, 3, 4, 5, 6, 7, 8, 10, 13, 14, 17]",100,0.005207061767578125,0.0001506805419921875,0.021086454391479492,True,3.6520402431488037,0.98,1.0,3.671727418899536,4,4,5.537713527679443,5.689114332199097,top-20,19793,False,50,0.3542201519012451,0.25119471549987793,0.8687844276428223
k_hop_1069,k_hop,full,corafull,0,-1,-1,False,0.0,"[0, 1, 2, 3, 4, 5, 6, 7, 8, 10, 13, 14, 17]",100,0.0,0.0,0.0,True,3.59177565574646,0.98,1.0,3.6238691806793213,4,4,3.642106056213379,3.6422557830810547,full,19793,False,50,0.3542201519012451,0.25119471549987793,0.8687844276428223
k_hop_1070,k_hop,stitch,corafull,2,9,48,True,1.0,"[2, 4, 5, 7, 8, 9]",100,0.004950046539306641,0.00013637542724609375,0.020561695098876953,True,3.497802257537842,0.99,1.0,3.5329596996307373,2,2,5.6010754108428955,5.75200080871582,top-20,19793,False,50,0.3542201519012451,0.25119471549987793,0.8687844276428223
k_hop_1070,k_hop,full,corafull,2,-1,-1,False,0.0,"[2, 4, 5, 7, 8, 9]",100,0.0,0.0,0.0,True,3.4540977478027344,0.99,1.0,3.4861373901367188,2,2,3.4996776580810547,3.499818801879883,full,19793,False,50,0.3542201519012451,0.25119471549987793,0.8687844276428223
k_hop_1071,k_hop,stitch,corafull,2,8,42,True,1.0,"[2, 3, 4, 5, 6, 8, 9, 10]",100,0.0050394535064697266,0.00014209747314453125,0.02048182487487793,True,3.681999921798706,1.0,1.0,3.711021900177002,1,1,5.551759719848633,5.689761638641357,top-20,19793,False,50,0.3542201519012451,0.25119471549987793,0.8687844276428223
k_hop_1071,k_hop,full,corafull,2,-1,-1,False,0.0,"[2, 3, 4, 5, 6, 8, 9, 10]",100,0.0,0.0,0.0,True,4.0130510330200195,1.0,1.0,4.058530569076538,1,1,4.072057008743286,4.0721588134765625,full,19793,False,50,0.3542201519012451,0.25119471549987793,0.8687844276428223
k_hop_1072,k_hop,stitch,corafull,3,19,96,True,1.0,"[3, 8, 12, 13, 14, 17, 18, 19]",80,0.005326747894287109,0.00014448165893554688,0.02156543731689453,True,4.226314544677734,0.975,1.0,4.272608280181885,2,2,6.209078073501587,6.3561811447143555,top-20,19793,False,50,0.3542201519012451,0.25119471549987793,0.8687844276428223
k_hop_1072,k_hop,full,corafull,3,-1,-1,False,0.0,"[3, 8, 12, 13, 14, 17, 18, 19]",80,0.0,0.0,0.0,True,4.107724189758301,0.975,1.0,4.152624130249023,2,2,4.164103269577026,4.164248466491699,full,19793,False,50,0.3542201519012451,0.25119471549987793,0.8687844276428223
k_hop_1073,k_hop,stitch,corafull,1,9,45,True,1.0,"[1, 2, 4, 5, 6, 7, 8, 9, 17]",100,0.004962444305419922,0.00013017654418945312,0.019948482513427734,True,3.8083343505859375,1.0,1.0,3.8424463272094727,1,1,5.8018248081207275,5.940852403640747,top-20,19793,False,50,0.3542201519012451,0.25119471549987793,0.8687844276428223
k_hop_1073,k_hop,full,corafull,1,-1,-1,False,0.0,"[1, 2, 4, 5, 6, 7, 8, 9, 17]",100,0.0,0.0,0.0,True,3.7451469898223877,1.0,1.0,3.775451898574829,1,1,3.789292812347412,3.789426565170288,full,19793,False,50,0.3542201519012451,0.25119471549987793,0.8687844276428223
k_hop_1074,k_hop,stitch,corafull,2,6,30,True,1.0,"[2, 4, 5, 6, 9, 18, 19]",100,0.005150318145751953,0.0001461505889892578,0.020831823348999023,True,3.6803972721099854,1.0,1.0,3.7138397693634033,1,1,5.640037298202515,5.7833921909332275,top-20,19793,False,50,0.3542201519012451,0.25119471549987793,0.8687844276428223
k_hop_1074,k_hop,full,corafull,2,-1,-1,False,0.0,"[2, 4, 5, 6, 9, 18, 19]",100,0.0,0.0,0.0,True,3.7891530990600586,1.0,1.0,3.825166702270508,1,1,3.8388423919677734,3.8389956951141357,full,19793,False,50,0.3542201519012451,0.25119471549987793,0.8687844276428223
k_hop_1075,k_hop,stitch,corafull,2,4,22,True,1.0,"[2, 4, 7, 10, 14]",100,0.005168437957763672,0.00014138221740722656,0.020135879516601562,True,0.38003039360046387,0.94,0.98,0.38655877113342285,100,100,0.8948352336883545,0.9603798389434814,top-5,5890,False,50,0.3542201519012451,0.25119471549987793,0.8687844276428223
k_hop_1075,k_hop,full,corafull,2,-1,-1,False,0.0,"[2, 4, 7, 10, 14]",100,0.0,0.0,0.0,True,3.6537411212921143,0.94,0.98,3.6704633235931396,100,100,3.73420786857605,3.7343363761901855,full,19793,False,50,0.3542201519012451,0.25119471549987793,0.8687844276428223
k_hop_1076,k_hop,stitch,corafull,0,0,2,True,1.0,"[0, 1, 10, 12, 16, 18]",100,0.004960060119628906,0.0001373291015625,0.020189285278320312,True,3.611466884613037,1.0,1.0,3.6489884853363037,1,1,5.566274166107178,5.708505630493164,top-20,19793,False,50,0.3542201519012451,0.25119471549987793,0.8687844276428223
k_hop_1076,k_hop,full,corafull,0,-1,-1,False,0.0,"[0, 1, 10, 12, 16, 18]",100,0.0,0.0,0.0,True,3.5284476280212402,1.0,1.0,3.557358980178833,1,1,3.57098650932312,3.571129560470581,full,19793,False,50,0.3542201519012451,0.25119471549987793,0.8687844276428223
k_hop_1077,k_hop,stitch,corafull,2,10,54,True,1.0,"[2, 3, 4, 7, 10, 12, 19]",60,0.0048351287841796875,0.0001704692840576172,0.019743919372558594,True,3.5886731147766113,1.0,1.0,3.61840558052063,1,1,5.594892263412476,5.730288743972778,top-20,19793,False,50,0.3542201519012451,0.25119471549987793,0.8687844276428223
k_hop_1077,k_hop,full,corafull,2,-1,-1,False,0.0,"[2, 3, 4, 7, 10, 12, 19]",60,0.0,0.0,0.0,True,3.6721179485321045,1.0,1.0,3.7058870792388916,1,1,3.7143890857696533,3.714520215988159,full,19793,False,50,0.3542201519012451,0.25119471549987793,0.8687844276428223
k_hop_1078,k_hop,stitch,corafull,10,17,86,True,1.0,"[10, 13, 14, 15, 17, 18, 19]",100,0.005100250244140625,0.0001404285430908203,0.020267963409423828,True,3.5424959659576416,0.98,1.0,3.5768861770629883,2,2,5.460718870162964,5.606364488601685,top-20,19793,False,50,0.3542201519012451,0.25119471549987793,0.8687844276428223
k_hop_1078,k_hop,full,corafull,10,-1,-1,False,0.0,"[10, 13, 14, 15, 17, 18, 19]",100,0.0,0.0,0.0,True,3.700695276260376,0.98,1.0,3.731945753097534,2,2,3.7467563152313232,3.746854782104492,full,19793,False,50,0.3542201519012451,0.25119471549987793,0.8687844276428223
k_hop_1079,k_hop,stitch,corafull,3,8,42,True,1.0,"[3, 4, 5, 7, 8, 9, 17]",100,0.005291938781738281,0.00014829635620117188,0.020366430282592773,True,3.5871670246124268,1.0,1.0,3.6183359622955322,1,1,5.517254114151001,5.691255569458008,top-20,19793,False,50,0.3542201519012451,0.25119471549987793,0.8687844276428223
k_hop_1079,k_hop,full,corafull,3,-1,-1,False,0.0,"[3, 4, 5, 7, 8, 9, 17]",100,0.0,0.0,0.0,True,3.6346354484558105,1.0,1.0,3.6665143966674805,1,1,3.679983615875244,3.680109739303589,full,19793,False,50,0.3542201519012451,0.25119471549987793,0.8687844276428223
k_hop_1080,k_hop,stitch,corafull,5,10,53,True,1.0,"[5, 10, 14, 15, 19]",79,0.00519251823425293,0.00015497207641601562,0.020836353302001953,True,0.39296984672546387,1.0,1.0,0.40312743186950684,1,1,0.8491835594177246,0.9079346656799316,top-5,5986,False,50,0.3542201519012451,0.25119471549987793,0.8687844276428223
k_hop_1080,k_hop,full,corafull,5,-1,-1,False,0.0,"[5, 10, 14, 15, 19]",79,0.0,0.0,0.0,True,3.5209202766418457,1.0,1.0,3.548253297805786,1,1,3.5589306354522705,3.559072971343994,full,19793,False,50,0.3542201519012451,0.25119471549987793,0.8687844276428223
k_hop_1081,k_hop,stitch,corafull,10,15,77,True,1.0,"[10, 12, 13, 14, 15, 16, 17, 18]",75,0.004921436309814453,0.00015592575073242188,0.02015399932861328,True,3.6191484928131104,0.92,1.0,3.6528375148773193,48,48,5.529946327209473,5.666286468505859,top-20,19793,False,50,0.3542201519012451,0.25119471549987793,0.8687844276428223
k_hop_1081,k_hop,full,corafull,10,-1,-1,False,0.0,"[10, 12, 13, 14, 15, 16, 17, 18]",75,0.0,0.0,0.0,True,3.569718837738037,0.92,1.0,3.60060453414917,48,48,3.6293694972991943,3.6295254230499268,full,19793,False,50,0.3542201519012451,0.25119471549987793,0.8687844276428223
k_hop_1082,k_hop,stitch,corafull,6,19,99,True,1.0,"[6, 12, 19]",53,0.004913330078125,0.00013589859008789062,0.020064115524291992,True,0.38210558891296387,1.0,1.0,0.3935713768005371,1,1,0.8293664455413818,0.8875586986541748,top-5,5968,False,50,0.3542201519012451,0.25119471549987793,0.8687844276428223
k_hop_1082,k_hop,full,corafull,6,-1,-1,False,0.0,"[6, 12, 19]",53,0.0,0.0,0.0,True,3.5253825187683105,1.0,1.0,3.5603277683258057,1,1,3.568420886993408,3.5685722827911377,full,19793,False,50,0.3542201519012451,0.25119471549987793,0.8687844276428223
k_hop_1083,k_hop,stitch,corafull,2,8,41,True,1.0,"[2, 4, 7, 8, 9, 12, 16]",79,0.004899501800537109,0.00015211105346679688,0.020089387893676758,True,3.8118815422058105,1.0,1.0,3.842111110687256,1,1,5.759601354598999,5.9008848667144775,top-20,19793,False,50,0.3542201519012451,0.25119471549987793,0.8687844276428223
k_hop_1083,k_hop,full,corafull,2,-1,-1,False,0.0,"[2, 4, 7, 8, 9, 12, 16]",79,0.0,0.0,0.0,True,3.4703280925750732,1.0,1.0,3.4971847534179688,1,1,3.508490800857544,3.5085909366607666,full,19793,False,50,0.3542201519012451,0.25119471549987793,0.8687844276428223
k_hop_1084,k_hop,stitch,corafull,1,1,7,True,1.0,"[1, 2, 3, 4, 5, 6, 8, 9, 12, 13, 17, 19]",100,0.005417585372924805,0.00016117095947265625,0.020498275756835938,True,3.4591903686523438,0.96,1.0,3.493121862411499,8,8,5.330535411834717,5.484080791473389,top-20,19793,False,50,0.3542201519012451,0.25119471549987793,0.8687844276428223
k_hop_1084,k_hop,full,corafull,1,-1,-1,False,0.0,"[1, 2, 3, 4, 5, 6, 8, 9, 12, 13, 17, 19]",100,0.0,0.0,0.0,True,3.612621784210205,0.96,1.0,3.6437361240386963,8,8,3.663527727127075,3.6636250019073486,full,19793,False,50,0.3542201519012451,0.25119471549987793,0.8687844276428223
k_hop_1085,k_hop,stitch,corafull,7,14,70,True,1.0,"[7, 8, 9, 10, 13, 14, 15, 17, 18]",100,0.005167484283447266,0.00015807151794433594,0.020740509033203125,True,3.521597385406494,0.98,1.0,3.5543735027313232,2,2,5.608240604400635,5.753485679626465,top-20,19793,False,50,0.3542201519012451,0.25119471549987793,0.8687844276428223
k_hop_1085,k_hop,full,corafull,7,-1,-1,False,0.0,"[7, 8, 9, 10, 13, 14, 15, 17, 18]",100,0.0,0.0,0.0,True,3.616925001144409,0.98,1.0,3.6456706523895264,2,2,3.6594882011413574,3.6596121788024902,full,19793,False,50,0.3542201519012451,0.25119471549987793,0.8687844276428223
k_hop_1086,k_hop,stitch,corafull,2,16,83,True,1.0,"[2, 6, 7, 12, 16]",79,0.0050029754638671875,0.00013446807861328125,0.020220041275024414,True,0.34246015548706055,0.9113924050632911,1.0,0.3536562919616699,96,96,0.8338263034820557,0.8916652202606201,top-5,5910,False,50,0.3542201519012451,0.25119471549987793,0.8687844276428223
k_hop_1086,k_hop,full,corafull,2,-1,-1,False,0.0,"[2, 6, 7, 12, 16]",79,0.0,0.0,0.0,True,3.352229118347168,0.9113924050632911,1.0,3.3866822719573975,96,96,3.435643196105957,3.435781955718994,full,19793,False,50,0.3542201519012451,0.25119471549987793,0.8687844276428223
k_hop_1087,k_hop,stitch,corafull,12,14,74,True,1.0,"[12, 13, 14, 18, 19]",100,0.004933595657348633,0.00014328956604003906,0.019910573959350586,True,3.7603979110717773,1.0,1.0,3.795616865158081,1,1,5.697332382202148,5.835261583328247,top-20,19793,False,50,0.3542201519012451,0.25119471549987793,0.8687844276428223
k_hop_1087,k_hop,full,corafull,12,-1,-1,False,0.0,"[12, 13, 14, 18, 19]",100,0.0,0.0,0.0,True,3.740586996078491,1.0,1.0,3.7702338695526123,1,1,3.7836313247680664,3.7837798595428467,full,19793,False,50,0.3542201519012451,0.25119471549987793,0.8687844276428223
k_hop_1088,k_hop,stitch,corafull,2,13,68,True,1.0,"[2, 5, 13, 14, 15, 16, 17, 18]",100,0.005563497543334961,0.00016689300537109375,0.02052617073059082,True,3.5673089027404785,1.0,1.0,3.5986711978912354,1,1,5.494001865386963,5.657062530517578,top-20,19793,False,50,0.3542201519012451,0.25119471549987793,0.8687844276428223
k_hop_1088,k_hop,full,corafull,2,-1,-1,False,0.0,"[2, 5, 13, 14, 15, 16, 17, 18]",100,0.0,0.0,0.0,True,3.6289377212524414,1.0,1.0,3.6625988483428955,1,1,3.6759040355682373,3.6760201454162598,full,19793,False,50,0.3542201519012451,0.25119471549987793,0.8687844276428223
k_hop_1089,k_hop,stitch,corafull,1,7,35,True,1.0,"[1, 7, 8, 9, 12, 17]",100,0.005051612854003906,0.0001404285430908203,0.02089095115661621,True,3.509439706802368,0.97,1.0,3.5393896102905273,4,4,5.452959060668945,5.599133729934692,top-20,19793,False,50,0.3542201519012451,0.25119471549987793,0.8687844276428223
k_hop_1089,k_hop,full,corafull,1,-1,-1,False,0.0,"[1, 7, 8, 9, 12, 17]",100,0.0,0.0,0.0,True,3.8161158561706543,0.97,1.0,3.846245765686035,4,4,3.860802412033081,3.8609180450439453,full,19793,False,50,0.3542201519012451,0.25119471549987793,0.8687844276428223
k_hop_1090,k_hop,stitch,corafull,0,13,66,True,1.0,"[0, 1, 13, 14, 15, 17, 18]",100,0.00487518310546875,0.00016069412231445312,0.019654273986816406,True,3.7241363525390625,1.0,1.0,3.753190279006958,2,2,5.578657627105713,5.715705633163452,top-20,19793,False,50,0.3542201519012451,0.25119471549987793,0.8687844276428223
k_hop_1090,k_hop,full,corafull,0,-1,-1,False,0.0,"[0, 1, 13, 14, 15, 17, 18]",100,0.0,0.0,0.0,True,3.6292479038238525,1.0,1.0,3.65799880027771,2,2,3.6715152263641357,3.6716575622558594,full,19793,False,50,0.3542201519012451,0.25119471549987793,0.8687844276428223
k_hop_1091,k_hop,stitch,corafull,12,12,64,True,1.0,"[12, 13, 14, 17, 18, 19]",100,0.005089282989501953,0.00012969970703125,0.02053666114807129,True,3.7485299110412598,0.98,1.0,3.7794694900512695,6,6,5.799286603927612,5.937773942947388,top-20,19793,False,50,0.3542201519012451,0.25119471549987793,0.8687844276428223
k_hop_1091,k_hop,full,corafull,12,-1,-1,False,0.0,"[12, 13, 14, 17, 18, 19]",100,0.0,0.0,0.0,True,3.5501067638397217,0.98,1.0,3.5795156955718994,6,6,3.595428705215454,3.5955231189727783,full,19793,False,50,0.3542201519012451,0.25119471549987793,0.8687844276428223
k_hop_1092,k_hop,stitch,corafull,3,8,42,True,1.0,"[3, 4, 5, 8, 9, 12]",100,0.005052089691162109,0.00013399124145507812,0.020536422729492188,True,3.7797958850860596,0.98,1.0,3.8107385635375977,2,2,5.746109485626221,5.881101369857788,top-20,19793,False,50,0.3542201519012451,0.25119471549987793,0.8687844276428223
k_hop_1092,k_hop,full,corafull,3,-1,-1,False,0.0,"[3, 4, 5, 8, 9, 12]",100,0.0,0.0,0.0,True,3.5581095218658447,0.98,1.0,3.5857648849487305,2,2,3.5999155044555664,3.6000759601593018,full,19793,False,50,0.3542201519012451,0.25119471549987793,0.8687844276428223
k_hop_1093,k_hop,stitch,corafull,0,8,42,True,1.0,"[0, 2, 3, 5, 6, 8, 9, 12]",100,0.005071401596069336,0.00014138221740722656,0.02072882652282715,True,3.65655779838562,0.9,0.94,3.6759653091430664,100,100,5.58101224899292,5.718477010726929,top-20,19793,False,50,0.3542201519012451,0.25119471549987793,0.8687844276428223
k_hop_1093,k_hop,full,corafull,0,-1,-1,False,0.0,"[0, 2, 3, 5, 6, 8, 9, 12]",100,0.0,0.0,0.0,True,3.5658435821533203,0.9,0.94,3.584620237350464,100,100,3.648101806640625,3.6482300758361816,full,19793,False,50,0.3542201519012451,0.25119471549987793,0.8687844276428223
k_hop_1094,k_hop,stitch,corafull,2,16,82,True,1.0,"[2, 4, 16]",63,0.004926204681396484,0.00013756752014160156,0.02031683921813965,True,0.3774087429046631,1.0,1.0,0.38695287704467773,1,1,0.8332569599151611,0.8919055461883545,top-5,5919,False,50,0.3542201519012451,0.25119471549987793,0.8687844276428223
k_hop_1094,k_hop,full,corafull,2,-1,-1,False,0.0,"[2, 4, 16]",63,0.0,0.0,0.0,True,3.7115750312805176,1.0,1.0,3.7462196350097656,1,1,3.755155324935913,3.7553112506866455,full,19793,False,50,0.3542201519012451,0.25119471549987793,0.8687844276428223
k_hop_1095,k_hop,stitch,corafull,1,3,16,True,1.0,"[1, 2, 3, 4, 7, 8, 9, 10, 15, 18]",90,0.0050220489501953125,0.0001595020294189453,0.020350933074951172,True,3.582554340362549,0.9777777777777777,1.0,3.612823963165283,2,2,5.4633307456970215,5.605564594268799,top-20,19793,False,50,0.3542201519012451,0.25119471549987793,0.8687844276428223
k_hop_1095,k_hop,full,corafull,1,-1,-1,False,0.0,"[1, 2, 3, 4, 7, 8, 9, 10, 15, 18]",90,0.0,0.0,0.0,True,3.5509965419769287,0.9777777777777777,1.0,3.5832419395446777,2,2,3.5958847999572754,3.5960209369659424,full,19793,False,50,0.3542201519012451,0.25119471549987793,0.8687844276428223
k_hop_1096,k_hop,stitch,corafull,1,6,32,True,1.0,"[1, 2, 3, 4, 5, 6, 7, 8, 10, 12, 15, 16, 19]",100,0.004947662353515625,0.0001556873321533203,0.019917726516723633,True,3.4269182682037354,0.97,1.0,3.459010362625122,4,4,5.364727020263672,5.502229452133179,top-20,19793,False,50,0.3542201519012451,0.25119471549987793,0.8687844276428223
k_hop_1096,k_hop,full,corafull,1,-1,-1,False,0.0,"[1, 2, 3, 4, 5, 6, 7, 8, 10, 12, 15, 16, 19]",100,0.0,0.0,0.0,True,3.5758001804351807,0.97,1.0,3.604984998703003,4,4,3.6207191944122314,3.620838165283203,full,19793,False,50,0.3542201519012451,0.25119471549987793,0.8687844276428223
k_hop_1097,k_hop,stitch,corafull,0,15,77,True,1.0,"[0, 10, 15, 16, 18]",72,0.005137443542480469,0.00016117095947265625,0.020813941955566406,True,0.3404664993286133,1.0,1.0,0.3483309745788574,1,1,0.7791702747344971,0.8405134677886963,top-5,6013,False,50,0.3542201519012451,0.25119471549987793,0.8687844276428223
k_hop_1097,k_hop,full,corafull,0,-1,-1,False,0.0,"[0, 10, 15, 16, 18]",72,0.0,0.0,0.0,True,3.4668612480163574,1.0,1.0,3.497588634490967,1,1,3.5077507495880127,3.507894515991211,full,19793,False,50,0.3542201519012451,0.25119471549987793,0.8687844276428223
k_hop_1098,k_hop,stitch,corafull,5,6,30,True,1.0,"[5, 6]",66,0.005125999450683594,0.0001544952392578125,0.02056407928466797,True,3.5417113304138184,1.0,1.0,3.5693321228027344,1,1,5.448647499084473,5.60102915763855,top-20,19793,False,50,0.3542201519012451,0.25119471549987793,0.8687844276428223
k_hop_1098,k_hop,full,corafull,5,-1,-1,False,0.0,"[5, 6]",66,0.0,0.0,0.0,True,3.5804429054260254,1.0,1.0,3.6106414794921875,1,1,3.620241641998291,3.620359420776367,full,19793,False,50,0.3542201519012451,0.25119471549987793,0.8687844276428223
k_hop_1099,k_hop,stitch,corafull,0,6,33,True,1.0,"[0, 5, 6, 7, 8, 9, 16]",100,0.0056915283203125,0.00015544891357421875,0.020716428756713867,True,3.5120933055877686,0.99,1.0,3.5427117347717285,2,2,5.663894891738892,5.815244197845459,top-20,19793,False,50,0.3542201519012451,0.25119471549987793,0.8687844276428223
k_hop_1099,k_hop,full,corafull,0,-1,-1,False,0.0,"[0, 5, 6, 7, 8, 9, 16]",100,0.0,0.0,0.0,True,3.419210433959961,0.99,1.0,3.4484598636627197,2,2,3.462250232696533,3.4623608589172363,full,19793,False,50,0.3542201519012451,0.25119471549987793,0.8687844276428223
k_hop_1100,k_hop,stitch,corafull,2,4,23,True,1.0,"[2, 3, 4, 7, 8, 9]",177,0.005365610122680664,0.0001323223114013672,0.020589828491210938,True,3.946556568145752,0.9774011299435028,1.0,3.9772024154663086,4,4,5.909135580062866,6.054725646972656,top-20,19793,False,100,0.3542201519012451,0.25119471549987793,0.8687844276428223
k_hop_1100,k_hop,full,corafull,2,-1,-1,False,0.0,"[2, 3, 4, 7, 8, 9]",177,0.0,0.0,0.0,True,3.8007166385650635,0.9774011299435028,1.0,3.838779926300049,4,4,3.8638930320739746,3.864011287689209,full,19793,False,100,0.3542201519012451,0.25119471549987793,0.8687844276428223
k_hop_1101,k_hop,stitch,corafull,13,17,88,True,1.0,"[13, 14, 15, 16, 17, 18, 19]",200,0.005229949951171875,0.00021004676818847656,0.021649837493896484,True,3.932861804962158,0.99,1.0,3.970496416091919,24,24,5.977320432662964,6.1203742027282715,top-20,19793,False,100,0.3542201519012451,0.25119471549987793,0.8687844276428223
k_hop_1101,k_hop,full,corafull,13,-1,-1,False,0.0,"[13, 14, 15, 16, 17, 18, 19]",200,0.0,0.0,0.0,True,3.765993356704712,0.99,1.0,3.800076484680176,24,24,3.8497908115386963,3.849971055984497,full,19793,False,100,0.3542201519012451,0.25119471549987793,0.8687844276428223
k_hop_1102,k_hop,stitch,corafull,4,12,64,True,1.0,"[4, 6, 8, 10, 12, 13, 14, 16, 17, 19]",200,0.005515098571777344,0.0001418590545654297,0.020655155181884766,True,4.141436815261841,0.995,1.0,4.184395790100098,2,2,6.209609031677246,6.353581190109253,top-20,19793,False,100,0.3542201519012451,0.25119471549987793,0.8687844276428223
k_hop_1102,k_hop,full,corafull,4,-1,-1,False,0.0,"[4, 6, 8, 10, 12, 13, 14, 16, 17, 19]",200,0.0,0.0,0.0,True,3.989276647567749,0.995,1.0,4.031112432479858,2,2,4.0573811531066895,4.057474613189697,full,19793,False,100,0.3542201519012451,0.25119471549987793,0.8687844276428223
k_hop_1103,k_hop,stitch,corafull,1,6,30,True,1.0,"[1, 5, 6]",152,0.0056688785552978516,0.0001518726348876953,0.020903348922729492,True,0.4173741340637207,0.9868421052631579,1.0,0.4260830879211426,2,2,0.9036016464233398,0.9658694267272949,top-5,5895,False,100,0.3542201519012451,0.25119471549987793,0.8687844276428223
k_hop_1103,k_hop,full,corafull,1,-1,-1,False,0.0,"[1, 5, 6]",152,0.0,0.0,0.0,True,3.9696624279022217,0.9868421052631579,1.0,4.001836776733398,2,2,4.022311210632324,4.022446155548096,full,19793,False,100,0.3542201519012451,0.25119471549987793,0.8687844276428223
k_hop_1104,k_hop,stitch,corafull,1,17,88,True,1.0,"[1, 5, 8, 9, 13, 14, 15, 16, 17, 18]",200,0.005530595779418945,0.00015497207641601562,0.021456480026245117,True,4.082167863845825,0.985,1.0,4.12589430809021,12,12,6.168766736984253,6.33005166053772,top-20,19793,False,100,0.3542201519012451,0.25119471549987793,0.8687844276428223
k_hop_1104,k_hop,full,corafull,1,-1,-1,False,0.0,"[1, 5, 8, 9, 13, 14, 15, 16, 17, 18]",200,0.0,0.0,0.0,True,4.08418083190918,0.985,1.0,4.129143953323364,12,12,4.1666505336761475,4.166759252548218,full,19793,False,100,0.3542201519012451,0.25119471549987793,0.8687844276428223
k_hop_1105,k_hop,stitch,corafull,2,4,23,True,1.0,"[2, 4, 7, 8, 9, 10, 14]",146,0.00513911247253418,0.00013256072998046875,0.01968526840209961,True,3.4663875102996826,0.958904109589041,1.0,3.500401496887207,48,48,5.421247720718384,5.554954290390015,top-20,19793,False,100,0.3542201519012451,0.25119471549987793,0.8687844276428223
k_hop_1105,k_hop,full,corafull,2,-1,-1,False,0.0,"[2, 4, 7, 8, 9, 10, 14]",146,0.0,0.0,0.0,True,3.7624266147613525,0.958904109589041,1.0,3.8008525371551514,48,48,3.8536853790283203,3.8538389205932617,full,19793,False,100,0.3542201519012451,0.25119471549987793,0.8687844276428223
k_hop_1106,k_hop,stitch,corafull,1,8,41,True,1.0,"[1, 5, 6, 7, 8, 9, 12, 17]",176,0.005201101303100586,0.00015234947204589844,0.01997828483581543,True,3.806511402130127,0.9886363636363636,1.0,3.8411715030670166,2,2,5.8859734535217285,6.026098251342773,top-20,19793,False,100,0.3542201519012451,0.25119471549987793,0.8687844276428223
k_hop_1106,k_hop,full,corafull,1,-1,-1,False,0.0,"[1, 5, 6, 7, 8, 9, 12, 17]",176,0.0,0.0,0.0,True,3.8813912868499756,0.9886363636363636,1.0,3.9112939834594727,2,2,3.9354591369628906,3.9356112480163574,full,19793,False,100,0.3542201519012451,0.25119471549987793,0.8687844276428223
k_hop_1107,k_hop,stitch,corafull,2,18,90,True,1.0,"[2, 7, 8, 10, 13, 14, 15, 16, 17, 18, 19]",200,0.0055255889892578125,0.00015115737915039062,0.020006895065307617,True,3.736186981201172,0.91,0.915,3.7568423748016357,100,100,5.7722344398498535,5.903512716293335,top-20,19793,False,100,0.3542201519012451,0.25119471549987793,0.8687844276428223
k_hop_1107,k_hop,full,corafull,2,-1,-1,False,0.0,"[2, 7, 8, 10, 13, 14, 15, 16, 17, 18, 19]",200,0.0,0.0,0.0,True,3.4705605506896973,0.91,0.915,3.4857876300811768,100,100,3.6120829582214355,3.6122424602508545,full,19793,False,100,0.3542201519012451,0.25119471549987793,0.8687844276428223
k_hop_1108,k_hop,stitch,corafull,4,9,49,True,1.0,"[4, 7, 8, 9, 12, 14]",200,0.0060770511627197266,0.00018596649169921875,0.02119922637939453,True,3.904710292816162,0.975,0.985,3.9250121116638184,100,100,5.9964659214019775,6.154815912246704,top-20,19793,False,100,0.3542201519012451,0.25119471549987793,0.8687844276428223
k_hop_1108,k_hop,full,corafull,4,-1,-1,False,0.0,"[4, 7, 8, 9, 12, 14]",200,0.0,0.0,0.0,True,3.783846378326416,0.975,0.985,3.803471326828003,100,100,3.9312326908111572,3.931326150894165,full,19793,False,100,0.3542201519012451,0.25119471549987793,0.8687844276428223
k_hop_1109,k_hop,stitch,corafull,0,6,30,True,1.0,"[0, 1, 2, 4, 5, 6, 7, 8, 9, 11, 15, 17]",200,0.005281925201416016,0.00013780593872070312,0.019864320755004883,True,3.82606840133667,0.99,1.0,3.8533856868743896,2,2,5.82153058052063,5.971694231033325,top-20,19793,False,100,0.3542201519012451,0.25119471549987793,0.8687844276428223
k_hop_1109,k_hop,full,corafull,0,-1,-1,False,0.0,"[0, 1, 2, 4, 5, 6, 7, 8, 9, 11, 15, 17]",200,0.0,0.0,0.0,True,3.750519275665283,0.99,1.0,3.7866199016571045,2,2,3.812586545944214,3.812685966491699,full,19793,False,100,0.3542201519012451,0.25119471549987793,0.8687844276428223
k_hop_1110,k_hop,stitch,corafull,2,4,23,True,1.0,"[2, 3, 4, 5, 7, 8, 12]",175,0.00563812255859375,0.00017333030700683594,0.02102518081665039,True,3.9372503757476807,0.9485714285714286,0.9542857142857143,3.958449602127075,100,100,6.089974880218506,6.244404554367065,top-20,19793,False,100,0.3542201519012451,0.25119471549987793,0.8687844276428223
k_hop_1110,k_hop,full,corafull,2,-1,-1,False,0.0,"[2, 3, 4, 5, 7, 8, 12]",175,0.0,0.0,0.0,True,3.8217036724090576,0.9485714285714286,0.9542857142857143,3.848039150238037,100,100,3.966646671295166,3.9667770862579346,full,19793,False,100,0.3542201519012451,0.25119471549987793,0.8687844276428223
k_hop_1111,k_hop,stitch,corafull,0,1,8,True,1.0,"[0, 1, 2, 3, 4, 5, 6, 7, 8, 9, 12, 13, 17, 19]",200,0.006207466125488281,0.00018596649169921875,0.02225351333618164,True,4.005350112915039,0.98,1.0,4.043700218200684,8,8,6.307192325592041,6.472659587860107,top-20,19793,False,100,0.3542201519012451,0.25119471549987793,0.8687844276428223
k_hop_1111,k_hop,full,corafull,0,-1,-1,False,0.0,"[0, 1, 2, 3, 4, 5, 6, 7, 8, 9, 12, 13, 17, 19]",200,0.0,0.0,0.0,True,3.6268820762634277,0.98,1.0,3.6567447185516357,8,8,3.689143657684326,3.6892685890197754,full,19793,False,100,0.3542201519012451,0.25119471549987793,0.8687844276428223
k_hop_1112,k_hop,stitch,corafull,1,9,49,True,1.0,"[1, 3, 7, 8, 9]",200,0.0053484439849853516,0.00015616416931152344,0.019666671752929688,True,3.7838330268859863,0.995,1.0,3.8139562606811523,2,2,5.767721891403198,5.919266939163208,top-20,19793,False,100,0.3542201519012451,0.25119471549987793,0.8687844276428223
k_hop_1112,k_hop,full,corafull,1,-1,-1,False,0.0,"[1, 3, 7, 8, 9]",200,0.0,0.0,0.0,True,3.553643226623535,0.995,1.0,3.584014892578125,2,2,3.6099488735198975,3.6100587844848633,full,19793,False,100,0.3542201519012451,0.25119471549987793,0.8687844276428223
k_hop_1113,k_hop,stitch,corafull,1,2,10,True,1.0,"[1, 2, 3, 4, 5, 7, 8, 9, 10, 11, 12, 14, 15, 19]",200,0.00554656982421875,0.0001633167266845703,0.019930124282836914,True,3.7888193130493164,0.98,1.0,3.825270175933838,32,32,5.779978513717651,5.920742988586426,top-20,19793,False,100,0.3542201519012451,0.25119471549987793,0.8687844276428223
k_hop_1113,k_hop,full,corafull,1,-1,-1,False,0.0,"[1, 2, 3, 4, 5, 7, 8, 9, 10, 11, 12, 14, 15, 19]",200,0.0,0.0,0.0,True,3.9598402976989746,0.98,1.0,3.9982571601867676,32,32,4.053881645202637,4.05398964881897,full,19793,False,100,0.3542201519012451,0.25119471549987793,0.8687844276428223
k_hop_1114,k_hop,stitch,corafull,3,4,20,True,1.0,"[3, 4, 7, 8, 9, 10, 12, 16, 19]",200,0.00530242919921875,0.00015091896057128906,0.02038288116455078,True,3.7647743225097656,0.995,1.0,3.7992494106292725,2,2,5.904164791107178,6.098658561706543,top-20,19793,False,100,0.3542201519012451,0.25119471549987793,0.8687844276428223
k_hop_1114,k_hop,full,corafull,3,-1,-1,False,0.0,"[3, 4, 7, 8, 9, 10, 12, 16, 19]",200,0.0,0.0,0.0,True,3.9490716457366943,0.995,1.0,3.981987714767456,2,2,4.008723020553589,4.008897542953491,full,19793,False,100,0.3542201519012451,0.25119471549987793,0.8687844276428223
k_hop_1115,k_hop,stitch,corafull,1,4,23,True,1.0,"[1, 2, 3, 4, 5, 7, 8, 9, 10, 12, 14, 19]",200,0.005576133728027344,0.0001659393310546875,0.02144789695739746,True,3.7805423736572266,0.98,1.0,3.8141305446624756,16,16,5.972363710403442,6.125512599945068,top-20,19793,False,100,0.3542201519012451,0.25119471549987793,0.8687844276428223
k_hop_1115,k_hop,full,corafull,1,-1,-1,False,0.0,"[1, 2, 3, 4, 5, 7, 8, 9, 10, 12, 14, 19]",200,0.0,0.0,0.0,True,3.6728804111480713,0.98,1.0,3.704519510269165,16,16,3.7468817234039307,3.7471091747283936,full,19793,False,100,0.3542201519012451,0.25119471549987793,0.8687844276428223
k_hop_1116,k_hop,stitch,corafull,2,10,51,True,1.0,"[2, 5, 10, 12, 13, 14, 15, 18, 19]",127,0.005337715148925781,0.00014352798461914062,0.022300004959106445,True,3.7389674186706543,0.984251968503937,1.0,3.77237868309021,2,2,5.674927234649658,5.822159290313721,top-20,19793,False,100,0.3542201519012451,0.25119471549987793,0.8687844276428223
k_hop_1116,k_hop,full,corafull,2,-1,-1,False,0.0,"[2, 5, 10, 12, 13, 14, 15, 18, 19]",127,0.0,0.0,0.0,True,3.7131187915802,0.984251968503937,1.0,3.751101016998291,2,2,3.768101930618286,3.7681941986083984,full,19793,False,100,0.3542201519012451,0.25119471549987793,0.8687844276428223
k_hop_1117,k_hop,stitch,corafull,2,15,77,True,1.0,"[2, 10, 13, 14, 15, 16, 17, 18]",200,0.006032705307006836,0.0001926422119140625,0.020361661911010742,True,3.9207472801208496,0.99,1.0,3.958324432373047,6,6,5.892824649810791,6.046220064163208,top-20,19793,False,100,0.3542201519012451,0.25119471549987793,0.8687844276428223
k_hop_1117,k_hop,full,corafull,2,-1,-1,False,0.0,"[2, 10, 13, 14, 15, 16, 17, 18]",200,0.0,0.0,0.0,True,3.7950615882873535,0.99,1.0,3.823760509490967,6,6,3.8526031970977783,3.8527486324310303,full,19793,False,100,0.3542201519012451,0.25119471549987793,0.8687844276428223
k_hop_1118,k_hop,stitch,corafull,2,9,48,True,1.0,"[2, 4, 5, 7, 8, 9, 11]",162,0.005288362503051758,0.00016307830810546875,0.02027273178100586,True,3.500880479812622,1.0,1.0,3.531724452972412,1,1,5.453512907028198,5.6059229373931885,top-20,19793,False,100,0.3542201519012451,0.25119471549987793,0.8687844276428223
k_hop_1118,k_hop,full,corafull,2,-1,-1,False,0.0,"[2, 4, 5, 7, 8, 9, 11]",162,0.0,0.0,0.0,True,3.5122592449188232,1.0,1.0,3.5398714542388916,1,1,3.5600061416625977,3.56009840965271,full,19793,False,100,0.3542201519012451,0.25119471549987793,0.8687844276428223
k_hop_1119,k_hop,stitch,corafull,0,3,16,True,1.0,"[0, 1, 3, 5, 7, 10, 12]",83,0.004859209060668945,0.00013494491577148438,0.020117759704589844,True,3.5715763568878174,0.9759036144578314,1.0,3.6071767807006836,6,6,5.485290765762329,5.621723651885986,top-20,19793,False,100,0.3542201519012451,0.25119471549987793,0.8687844276428223
k_hop_1119,k_hop,full,corafull,0,-1,-1,False,0.0,"[0, 1, 3, 5, 7, 10, 12]",83,0.0,0.0,0.0,True,3.4847939014434814,0.9759036144578314,1.0,3.51348614692688,6,6,3.5270800590515137,3.527217388153076,full,19793,False,100,0.3542201519012451,0.25119471549987793,0.8687844276428223
k_hop_1120,k_hop,stitch,corafull,1,8,42,True,1.0,"[1, 2, 3, 4, 5, 6, 7, 8, 9]",167,0.005234718322753906,0.00013685226440429688,0.019890785217285156,True,3.782846689224243,1.0,1.0,3.8193583488464355,1,1,5.764692544937134,5.901901721954346,top-20,19793,False,100,0.3542201519012451,0.25119471549987793,0.8687844276428223
k_hop_1120,k_hop,full,corafull,1,-1,-1,False,0.0,"[1, 2, 3, 4, 5, 6, 7, 8, 9]",167,0.0,0.0,0.0,True,3.7258706092834473,1.0,1.0,3.757657289505005,1,1,3.7783379554748535,3.7784366607666016,full,19793,False,100,0.3542201519012451,0.25119471549987793,0.8687844276428223
k_hop_1121,k_hop,stitch,corafull,2,8,41,True,1.0,"[2, 3, 4, 5, 7, 8, 9, 16, 17]",199,0.005624532699584961,0.00016021728515625,0.020406007766723633,True,3.8453052043914795,0.949748743718593,0.9698492462311558,3.8667163848876953,100,100,6.041321516036987,6.189048767089844,top-20,19793,False,100,0.3542201519012451,0.25119471549987793,0.8687844276428223
k_hop_1121,k_hop,full,corafull,2,-1,-1,False,0.0,"[2, 3, 4, 5, 7, 8, 9, 16, 17]",199,0.0,0.0,0.0,True,3.7703402042388916,0.949748743718593,0.9698492462311558,3.791149139404297,100,100,3.914414644241333,3.9145123958587646,full,19793,False,100,0.3542201519012451,0.25119471549987793,0.8687844276428223
k_hop_1122,k_hop,stitch,corafull,0,0,1,True,1.0,"[0, 1, 2, 3, 4, 5, 6, 7, 8, 9, 12]",200,0.005529165267944336,0.00016188621520996094,0.020720720291137695,True,3.7918241024017334,1.0,1.0,3.829435110092163,1,1,5.717454671859741,5.8565514087677,top-20,19793,False,100,0.3542201519012451,0.25119471549987793,0.8687844276428223
k_hop_1122,k_hop,full,corafull,0,-1,-1,False,0.0,"[0, 1, 2, 3, 4, 5, 6, 7, 8, 9, 12]",200,0.0,0.0,0.0,True,3.5140268802642822,1.0,1.0,3.5449767112731934,1,1,3.5708179473876953,3.5709571838378906,full,19793,False,100,0.3542201519012451,0.25119471549987793,0.8687844276428223
k_hop_1123,k_hop,stitch,corafull,0,17,88,True,1.0,"[0, 1, 2, 4, 5, 6, 7, 8, 9, 17]",112,0.0051953792572021484,0.0001690387725830078,0.020383358001708984,True,3.6338515281677246,1.0,1.0,3.666511058807373,1,1,5.583769798278809,5.719240427017212,top-20,19793,False,100,0.3542201519012451,0.25119471549987793,0.8687844276428223
k_hop_1123,k_hop,full,corafull,0,-1,-1,False,0.0,"[0, 1, 2, 4, 5, 6, 7, 8, 9, 17]",112,0.0,0.0,0.0,True,3.657106637954712,1.0,1.0,3.686687707901001,1,1,3.701542615890503,3.7016851902008057,full,19793,False,100,0.3542201519012451,0.25119471549987793,0.8687844276428223
k_hop_1124,k_hop,stitch,corafull,1,14,73,True,1.0,"[1, 2, 3, 4, 5, 6, 7, 8, 9, 12, 14, 16]",200,0.0067369937896728516,0.00021791458129882812,0.02046346664428711,True,3.900068521499634,0.975,1.0,3.9341533184051514,16,16,5.873222351074219,6.010798215866089,top-20,19793,False,100,0.3542201519012451,0.25119471549987793,0.8687844276428223
k_hop_1124,k_hop,full,corafull,1,-1,-1,False,0.0,"[1, 2, 3, 4, 5, 6, 7, 8, 9, 12, 14, 16]",200,0.0,0.0,0.0,True,3.747648239135742,0.975,1.0,3.7780606746673584,16,16,3.819955587387085,3.820089101791382,full,19793,False,100,0.3542201519012451,0.25119471549987793,0.8687844276428223
k_hop_1125,k_hop,stitch,corafull,1,9,45,True,1.0,"[1, 2, 3, 4, 5, 6, 7, 8, 9, 10, 12, 13, 14, 15, 16, 17, 18]",200,0.0067408084869384766,0.00018644332885742188,0.02035832405090332,True,3.9027717113494873,0.96,0.97,3.9242923259735107,100,100,6.048249959945679,6.202378749847412,top-20,19793,False,100,0.3542201519012451,0.25119471549987793,0.8687844276428223
k_hop_1125,k_hop,full,corafull,1,-1,-1,False,0.0,"[1, 2, 3, 4, 5, 6, 7, 8, 9, 10, 12, 13, 14, 15, 16, 17, 18]",200,0.0,0.0,0.0,True,3.763878583908081,0.96,0.97,3.785282850265503,100,100,3.9132468700408936,3.9134154319763184,full,19793,False,100,0.3542201519012451,0.25119471549987793,0.8687844276428223
k_hop_1126,k_hop,stitch,corafull,3,10,54,True,1.0,"[3, 4, 10, 12, 19]",99,0.005118131637573242,0.0003631114959716797,0.021119117736816406,True,3.663628578186035,1.0,1.0,3.695948839187622,1,1,5.75829291343689,5.917005300521851,top-20,19793,False,100,0.3542201519012451,0.25119471549987793,0.8687844276428223
k_hop_1126,k_hop,full,corafull,3,-1,-1,False,0.0,"[3, 4, 10, 12, 19]",99,0.0,0.0,0.0,True,3.523923397064209,1.0,1.0,3.5517799854278564,1,1,3.5657670497894287,3.565883159637451,full,19793,False,100,0.3542201519012451,0.25119471549987793,0.8687844276428223
k_hop_1127,k_hop,stitch,corafull,4,12,61,True,1.0,"[4, 5, 6, 7, 8, 9, 12, 14]",105,0.005304098129272461,0.00014710426330566406,0.019960880279541016,True,4.2280449867248535,0.9809523809523809,1.0,4.275574445724487,2,2,6.229519605636597,6.391408205032349,top-20,19793,False,100,0.3542201519012451,0.25119471549987793,0.8687844276428223
k_hop_1127,k_hop,full,corafull,4,-1,-1,False,0.0,"[4, 5, 6, 7, 8, 9, 12, 14]",105,0.0,0.0,0.0,True,3.5103933811187744,0.9809523809523809,1.0,3.5421526432037354,2,2,3.55661940574646,3.5567359924316406,full,19793,False,100,0.3542201519012451,0.25119471549987793,0.8687844276428223
k_hop_1128,k_hop,stitch,corafull,7,18,90,True,1.0,"[7, 8, 10, 13, 15, 16, 17, 18, 19]",200,0.0054378509521484375,0.0001595020294189453,0.02036595344543457,True,3.88395357131958,0.94,0.945,3.9055588245391846,100,100,5.927711725234985,6.063863277435303,top-20,19793,False,100,0.3542201519012451,0.25119471549987793,0.8687844276428223
k_hop_1128,k_hop,full,corafull,7,-1,-1,False,0.0,"[7, 8, 10, 13, 15, 16, 17, 18, 19]",200,0.0,0.0,0.0,True,3.5390496253967285,0.94,0.945,3.559351682662964,100,100,3.683966636657715,3.6840732097625732,full,19793,False,100,0.3542201519012451,0.25119471549987793,0.8687844276428223
k_hop_1129,k_hop,stitch,corafull,0,14,73,True,1.0,"[0, 5, 6, 10, 12, 13, 14, 16, 17, 18, 19]",200,0.005393028259277344,0.00015401840209960938,0.020537376403808594,True,3.924445152282715,1.0,1.0,3.9558305740356445,1,1,5.822785139083862,5.959402561187744,top-20,19793,False,100,0.3542201519012451,0.25119471549987793,0.8687844276428223
k_hop_1129,k_hop,full,corafull,0,-1,-1,False,0.0,"[0, 5, 6, 10, 12, 13, 14, 16, 17, 18, 19]",200,0.0,0.0,0.0,True,3.740598678588867,1.0,1.0,3.761373996734619,1,1,3.785935163497925,3.7860331535339355,full,19793,False,100,0.3542201519012451,0.25119471549987793,0.8687844276428223
k_hop_1130,k_hop,stitch,corafull,0,16,80,True,1.0,"[0, 1, 2, 5, 9, 12, 13, 16, 18]",158,0.005354166030883789,0.00015783309936523438,0.020334243774414062,True,3.6617178916931152,0.9746835443037974,1.0,3.693746328353882,4,4,5.749380588531494,5.893598556518555,top-20,19793,False,100,0.3542201519012451,0.25119471549987793,0.8687844276428223
k_hop_1130,k_hop,full,corafull,0,-1,-1,False,0.0,"[0, 1, 2, 5, 9, 12, 13, 16, 18]",158,0.0,0.0,0.0,True,4.0564751625061035,0.9746835443037974,1.0,4.090204238891602,4,4,4.112922430038452,4.113010883331299,full,19793,False,100,0.3542201519012451,0.25119471549987793,0.8687844276428223
k_hop_1131,k_hop,stitch,corafull,2,4,23,True,1.0,"[2, 3, 4, 5, 7, 8, 12]",175,0.0052490234375,0.00015687942504882812,0.02036285400390625,True,3.6816587448120117,0.9485714285714286,0.9542857142857143,3.702293872833252,100,100,5.72148585319519,5.860487222671509,top-20,19793,False,100,0.3542201519012451,0.25119471549987793,0.8687844276428223
k_hop_1131,k_hop,full,corafull,2,-1,-1,False,0.0,"[2, 3, 4, 5, 7, 8, 12]",175,0.0,0.0,0.0,True,3.5887746810913086,0.9485714285714286,0.9542857142857143,3.609779119491577,100,100,3.718808650970459,3.718935251235962,full,19793,False,100,0.3542201519012451,0.25119471549987793,0.8687844276428223
k_hop_1132,k_hop,stitch,corafull,2,2,13,True,1.0,"[2, 3, 4, 5, 7, 8, 9, 17]",200,0.0052106380462646484,0.0001399517059326172,0.01978015899658203,True,3.858692169189453,0.985,1.0,3.8976621627807617,8,8,5.819963216781616,5.954644203186035,top-20,19793,False,100,0.3542201519012451,0.25119471549987793,0.8687844276428223
k_hop_1132,k_hop,full,corafull,2,-1,-1,False,0.0,"[2, 3, 4, 5, 7, 8, 9, 17]",200,0.0,0.0,0.0,True,3.715599775314331,0.985,1.0,3.7462358474731445,8,8,3.7787981033325195,3.7789180278778076,full,19793,False,100,0.3542201519012451,0.25119471549987793,0.8687844276428223
k_hop_1133,k_hop,stitch,corafull,13,17,88,True,1.0,"[13, 14, 15, 16, 17, 18, 19]",200,0.005340099334716797,0.00015735626220703125,0.020256996154785156,True,3.9051735401153564,0.99,1.0,3.9340221881866455,6,6,5.990592002868652,6.129781484603882,top-20,19793,False,100,0.3542201519012451,0.25119471549987793,0.8687844276428223
k_hop_1133,k_hop,full,corafull,13,-1,-1,False,0.0,"[13, 14, 15, 16, 17, 18, 19]",200,0.0,0.0,0.0,True,3.9218626022338867,0.99,1.0,3.9553065299987793,6,6,3.9847917556762695,3.9848835468292236,full,19793,False,100,0.3542201519012451,0.25119471549987793,0.8687844276428223
k_hop_1134,k_hop,stitch,corafull,1,7,35,True,1.0,"[1, 3, 4, 6, 7, 8, 9, 10, 12, 14]",200,0.005288600921630859,0.00014066696166992188,0.02002859115600586,True,3.7116596698760986,0.99,1.0,3.7402520179748535,4,4,5.7040441036224365,5.842884063720703,top-20,19793,False,100,0.3542201519012451,0.25119471549987793,0.8687844276428223
k_hop_1134,k_hop,full,corafull,1,-1,-1,False,0.0,"[1, 3, 4, 6, 7, 8, 9, 10, 12, 14]",200,0.0,0.0,0.0,True,3.814042568206787,0.99,1.0,3.84285831451416,4,4,3.8713138103485107,3.871446371078491,full,19793,False,100,0.3542201519012451,0.25119471549987793,0.8687844276428223
k_hop_1135,k_hop,stitch,corafull,7,18,93,True,1.0,"[7, 10, 13, 14, 15, 17, 18, 19]",200,0.00619959831237793,0.00017786026000976562,0.020935535430908203,True,3.9382269382476807,0.99,1.0,3.972273826599121,2,2,5.910931587219238,6.050690650939941,top-20,19793,False,100,0.3542201519012451,0.25119471549987793,0.8687844276428223
k_hop_1135,k_hop,full,corafull,7,-1,-1,False,0.0,"[7, 10, 13, 14, 15, 17, 18, 19]",200,0.0,0.0,0.0,True,3.9754834175109863,0.99,1.0,4.00739312171936,2,2,4.033808946609497,4.033915042877197,full,19793,False,100,0.3542201519012451,0.25119471549987793,0.8687844276428223
k_hop_1136,k_hop,stitch,corafull,0,16,83,True,1.0,"[0, 1, 2, 4, 5, 6, 7, 8, 9, 10, 12, 13, 14, 15, 16, 18]",200,0.00541377067565918,0.0001556873321533203,0.020586490631103516,True,3.9358437061309814,0.97,1.0,3.967883348464966,16,16,6.031647443771362,6.168625116348267,top-20,19793,False,100,0.3542201519012451,0.25119471549987793,0.8687844276428223
k_hop_1136,k_hop,full,corafull,0,-1,-1,False,0.0,"[0, 1, 2, 4, 5, 6, 7, 8, 9, 10, 12, 13, 14, 15, 16, 18]",200,0.0,0.0,0.0,True,3.9215500354766846,0.97,1.0,3.9635281562805176,16,16,4.005821228027344,4.005991458892822,full,19793,False,100,0.3542201519012451,0.25119471549987793,0.8687844276428223
k_hop_1137,k_hop,stitch,corafull,1,5,25,True,1.0,"[1, 2, 3, 5, 6, 8, 9]",104,0.005541086196899414,0.0001666545867919922,0.021143198013305664,True,3.7014801502227783,0.9807692307692307,1.0,3.733646869659424,2,2,5.615309953689575,5.757700443267822,top-20,19793,False,100,0.3542201519012451,0.25119471549987793,0.8687844276428223
k_hop_1137,k_hop,full,corafull,1,-1,-1,False,0.0,"[1, 2, 3, 5, 6, 8, 9]",104,0.0,0.0,0.0,True,3.547218084335327,0.9807692307692307,1.0,3.5800461769104004,2,2,3.5942986011505127,3.5943992137908936,full,19793,False,100,0.3542201519012451,0.25119471549987793,0.8687844276428223
k_hop_1138,k_hop,stitch,corafull,0,15,79,True,1.0,"[0, 2, 8, 12, 13, 14, 15, 16, 17, 18]",200,0.005334615707397461,0.0001380443572998047,0.020207881927490234,True,3.8818233013153076,0.985,1.0,3.911940574645996,4,4,5.872653961181641,6.011338233947754,top-20,19793,False,100,0.3542201519012451,0.25119471549987793,0.8687844276428223
k_hop_1138,k_hop,full,corafull,0,-1,-1,False,0.0,"[0, 2, 8, 12, 13, 14, 15, 16, 17, 18]",200,0.0,0.0,0.0,True,3.788182497024536,0.985,1.0,3.8212242126464844,4,4,3.8495631217956543,3.849709987640381,full,19793,False,100,0.3542201519012451,0.25119471549987793,0.8687844276428223
k_hop_1139,k_hop,stitch,corafull,2,15,77,True,1.0,"[2, 10, 13, 14, 15, 16, 17, 18]",200,0.005370378494262695,0.00013971328735351562,0.021033287048339844,True,3.671633720397949,0.99,1.0,3.699960470199585,6,6,5.607545852661133,5.755751132965088,top-20,19793,False,100,0.3542201519012451,0.25119471549987793,0.8687844276428223
k_hop_1139,k_hop,full,corafull,2,-1,-1,False,0.0,"[2, 10, 13, 14, 15, 16, 17, 18]",200,0.0,0.0,0.0,True,3.949174165725708,0.99,1.0,3.984732151031494,6,6,4.015860557556152,4.016009092330933,full,19793,False,100,0.3542201519012451,0.25119471549987793,0.8687844276428223
k_hop_1140,k_hop,stitch,corafull,0,1,9,True,1.0,"[0, 1, 2, 3, 4, 7, 9, 10, 11, 12, 14, 15, 16, 17]",163,0.005381345748901367,0.00014853477478027344,0.023147106170654297,True,3.657241106033325,1.0,1.0,3.691960096359253,1,1,5.819387197494507,5.968262195587158,top-20,19793,False,100,0.3542201519012451,0.25119471549987793,0.8687844276428223
k_hop_1140,k_hop,full,corafull,0,-1,-1,False,0.0,"[0, 1, 2, 3, 4, 7, 9, 10, 11, 12, 14, 15, 16, 17]",163,0.0,0.0,0.0,True,3.8120856285095215,1.0,1.0,3.843313455581665,1,1,3.8646657466888428,3.8648014068603516,full,19793,False,100,0.3542201519012451,0.25119471549987793,0.8687844276428223
k_hop_1141,k_hop,stitch,corafull,1,6,30,True,1.0,"[1, 5, 6]",200,0.005825996398925781,0.00015473365783691406,0.020868301391601562,True,0.45492053031921387,0.99,1.0,0.4661555290222168,2,2,0.9517135620117188,1.0164237022399902,top-5,5943,False,100,0.3542201519012451,0.25119471549987793,0.8687844276428223
k_hop_1141,k_hop,full,corafull,1,-1,-1,False,0.0,"[1, 5, 6]",200,0.0,0.0,0.0,True,4.1538245677948,0.99,1.0,4.188446521759033,2,2,4.216770887374878,4.216903924942017,full,19793,False,100,0.3542201519012451,0.25119471549987793,0.8687844276428223
k_hop_1142,k_hop,stitch,corafull,0,6,32,True,1.0,"[0, 1, 2, 3, 4, 5, 6, 7, 8, 9, 10, 12, 16, 18, 19]",200,0.005171060562133789,0.00016927719116210938,0.019873857498168945,True,3.729161262512207,0.965,0.98,3.75270938873291,100,100,5.791698217391968,5.938194036483765,top-20,19793,False,100,0.3542201519012451,0.25119471549987793,0.8687844276428223
k_hop_1142,k_hop,full,corafull,0,-1,-1,False,0.0,"[0, 1, 2, 3, 4, 5, 6, 7, 8, 9, 10, 12, 16, 18, 19]",200,0.0,0.0,0.0,True,3.9299206733703613,0.965,0.98,3.95335054397583,100,100,4.080492734909058,4.0806779861450195,full,19793,False,100,0.3542201519012451,0.25119471549987793,0.8687844276428223
k_hop_1143,k_hop,stitch,corafull,0,3,15,True,1.0,"[0, 1, 2, 3, 4, 5, 6, 7, 8, 9, 10, 13, 19]",200,0.005529165267944336,0.00019478797912597656,0.020636558532714844,True,3.6364617347717285,0.965,0.985,3.6579742431640625,100,100,5.680891275405884,5.835515022277832,top-20,19793,False,100,0.3542201519012451,0.25119471549987793,0.8687844276428223
k_hop_1143,k_hop,full,corafull,0,-1,-1,False,0.0,"[0, 1, 2, 3, 4, 5, 6, 7, 8, 9, 10, 13, 19]",200,0.0,0.0,0.0,True,3.6875240802764893,0.965,0.985,3.7098538875579834,100,100,3.8382060527801514,3.838351011276245,full,19793,False,100,0.3542201519012451,0.25119471549987793,0.8687844276428223
k_hop_1144,k_hop,stitch,corafull,1,1,6,True,1.0,"[1, 2, 3, 5, 6, 7, 8, 9, 12, 14, 19]",200,0.005440235137939453,0.0001347064971923828,0.020650148391723633,True,3.890897512435913,0.99,1.0,3.919578790664673,2,2,5.885363817214966,6.028208255767822,top-20,19793,False,100,0.3542201519012451,0.25119471549987793,0.8687844276428223
k_hop_1144,k_hop,full,corafull,1,-1,-1,False,0.0,"[1, 2, 3, 5, 6, 7, 8, 9, 12, 14, 19]",200,0.0,0.0,0.0,True,3.748823642730713,0.99,1.0,3.7781319618225098,2,2,3.8058242797851562,3.805945634841919,full,19793,False,100,0.3542201519012451,0.25119471549987793,0.8687844276428223
k_hop_1145,k_hop,stitch,corafull,6,19,95,True,1.0,"[6, 10, 12, 13, 14, 17, 18, 19]",200,0.005457401275634766,0.00015854835510253906,0.020394325256347656,True,3.849090814590454,1.0,1.0,3.884385108947754,1,1,5.862526178359985,6.01717209815979,top-20,19793,False,100,0.3542201519012451,0.25119471549987793,0.8687844276428223
k_hop_1145,k_hop,full,corafull,6,-1,-1,False,0.0,"[6, 10, 12, 13, 14, 17, 18, 19]",200,0.0,0.0,0.0,True,3.912975311279297,1.0,1.0,3.946598529815674,1,1,3.972733974456787,3.9728996753692627,full,19793,False,100,0.3542201519012451,0.25119471549987793,0.8687844276428223
k_hop_1146,k_hop,stitch,corafull,2,10,51,True,1.0,"[2, 4, 5, 6, 7, 8, 9, 10, 12, 17]",200,0.005625486373901367,0.0004265308380126953,0.023005247116088867,True,3.9447383880615234,1.0,1.0,3.976144790649414,1,1,6.114919424057007,6.273271799087524,top-20,19793,False,100,0.3542201519012451,0.25119471549987793,0.8687844276428223
k_hop_1146,k_hop,full,corafull,2,-1,-1,False,0.0,"[2, 4, 5, 6, 7, 8, 9, 10, 12, 17]",200,0.0,0.0,0.0,True,3.8950459957122803,1.0,1.0,3.9239680767059326,1,1,3.9495327472686768,3.9496538639068604,full,19793,False,100,0.3542201519012451,0.25119471549987793,0.8687844276428223
k_hop_1147,k_hop,stitch,corafull,0,18,91,True,1.0,"[0, 8, 10, 13, 14, 15, 16, 17, 18, 19]",200,0.005402088165283203,0.0001354217529296875,0.020527124404907227,True,3.7473185062408447,0.985,1.0,3.782914161682129,24,24,5.7405195236206055,5.882760047912598,top-20,19793,False,100,0.3542201519012451,0.25119471549987793,0.8687844276428223
k_hop_1147,k_hop,full,corafull,0,-1,-1,False,0.0,"[0, 8, 10, 13, 14, 15, 16, 17, 18, 19]",200,0.0,0.0,0.0,True,3.558631181716919,0.985,1.0,3.5924015045166016,24,24,3.640979051589966,3.641126871109009,full,19793,False,100,0.3542201519012451,0.25119471549987793,0.8687844276428223
k_hop_1148,k_hop,stitch,corafull,13,17,88,True,1.0,"[13, 14, 15, 16, 17, 18]",200,0.005351543426513672,0.00013709068298339844,0.020104646682739258,True,3.682375192642212,0.985,1.0,3.714386224746704,12,12,5.6592583656311035,5.804531574249268,top-20,19793,False,100,0.3542201519012451,0.25119471549987793,0.8687844276428223
k_hop_1148,k_hop,full,corafull,13,-1,-1,False,0.0,"[13, 14, 15, 16, 17, 18]",200,0.0,0.0,0.0,True,3.6959187984466553,0.985,1.0,3.727458953857422,12,12,3.7667076587677,3.766845703125,full,19793,False,100,0.3542201519012451,0.25119471549987793,0.8687844276428223
k_hop_1149,k_hop,stitch,corafull,0,0,4,True,1.0,"[0, 1, 5, 8, 13]",121,0.0054891109466552734,0.0001571178436279297,0.020929813385009766,True,0.3995785713195801,1.0,1.0,0.4098193645477295,1,1,0.8702778816223145,0.9335436820983887,top-5,5918,False,100,0.3542201519012451,0.25119471549987793,0.8687844276428223
k_hop_1149,k_hop,full,corafull,0,-1,-1,False,0.0,"[0, 1, 5, 8, 13]",121,0.0,0.0,0.0,True,3.6985597610473633,1.0,1.0,3.734583854675293,1,1,3.750464677810669,3.7505574226379395,full,19793,False,100,0.3542201519012451,0.25119471549987793,0.8687844276428223
k_hop_1150,k_hop,stitch,corafull,0,6,32,True,1.0,"[0, 2, 3, 4, 5, 6, 8, 9, 18, 19]",200,0.005249500274658203,0.00013327598571777344,0.01982283592224121,True,3.777096748352051,0.96,0.98,3.7983851432800293,100,100,6.054463863372803,6.2002410888671875,top-20,19793,False,100,0.3542201519012451,0.25119471549987793,0.8687844276428223
k_hop_1150,k_hop,full,corafull,0,-1,-1,False,0.0,"[0, 2, 3, 4, 5, 6, 8, 9, 18, 19]",200,0.0,0.0,0.0,True,3.686138153076172,0.96,0.98,3.706920862197876,100,100,3.8316264152526855,3.8317434787750244,full,19793,False,100,0.3542201519012451,0.25119471549987793,0.8687844276428223
k_hop_1151,k_hop,stitch,corafull,0,2,13,True,1.0,"[0, 2, 10, 13, 14, 15, 16, 17, 18, 19]",200,0.005288362503051758,0.00013589859008789062,0.019654512405395508,True,4.008346796035767,1.0,1.0,4.039632081985474,1,1,5.969184398651123,6.107605457305908,top-20,19793,False,100,0.3542201519012451,0.25119471549987793,0.8687844276428223
k_hop_1151,k_hop,full,corafull,0,-1,-1,False,0.0,"[0, 2, 10, 13, 14, 15, 16, 17, 18, 19]",200,0.0,0.0,0.0,True,3.626875877380371,1.0,1.0,3.6558470726013184,1,1,3.6802117824554443,3.680346965789795,full,19793,False,100,0.3542201519012451,0.25119471549987793,0.8687844276428223
k_hop_1152,k_hop,stitch,corafull,2,9,49,True,1.0,"[2, 3, 4, 5, 7, 8, 9, 14, 16]",192,0.00529026985168457,0.00016689300537109375,0.020328998565673828,True,3.8117361068725586,0.9322916666666666,0.9479166666666666,3.8338663578033447,100,100,5.9236907958984375,6.070971488952637,top-20,19793,False,100,0.3542201519012451,0.25119471549987793,0.8687844276428223
k_hop_1152,k_hop,full,corafull,2,-1,-1,False,0.0,"[2, 3, 4, 5, 7, 8, 9, 14, 16]",192,0.0,0.0,0.0,True,3.724334955215454,0.9322916666666666,0.9479166666666666,3.744878053665161,100,100,3.8662092685699463,3.8663642406463623,full,19793,False,100,0.3542201519012451,0.25119471549987793,0.8687844276428223
k_hop_1153,k_hop,stitch,corafull,4,17,86,True,1.0,"[4, 10, 13, 14, 15, 17, 18, 19]",200,0.005455732345581055,0.00013947486877441406,0.020737171173095703,True,3.973686456680298,0.99,1.0,4.003808975219727,2,2,5.953790664672852,6.104291915893555,top-20,19793,False,100,0.3542201519012451,0.25119471549987793,0.8687844276428223
k_hop_1153,k_hop,full,corafull,4,-1,-1,False,0.0,"[4, 10, 13, 14, 15, 17, 18, 19]",200,0.0,0.0,0.0,True,3.927199602127075,0.99,1.0,3.959324598312378,2,2,3.9849071502685547,3.9850008487701416,full,19793,False,100,0.3542201519012451,0.25119471549987793,0.8687844276428223
k_hop_1154,k_hop,stitch,corafull,0,16,83,True,1.0,"[0, 1, 2, 4, 7, 9, 12, 13, 16, 18]",166,0.005571126937866211,0.00017142295837402344,0.01984715461730957,True,3.6607489585876465,0.9759036144578314,1.0,3.695627450942993,4,4,5.616915225982666,5.753955125808716,top-20,19793,False,100,0.3542201519012451,0.25119471549987793,0.8687844276428223
k_hop_1154,k_hop,full,corafull,0,-1,-1,False,0.0,"[0, 1, 2, 4, 7, 9, 12, 13, 16, 18]",166,0.0,0.0,0.0,True,3.7131290435791016,0.9759036144578314,1.0,3.7512528896331787,4,4,3.77476167678833,3.774867296218872,full,19793,False,100,0.3542201519012451,0.25119471549987793,0.8687844276428223
k_hop_1155,k_hop,stitch,corafull,0,12,64,True,1.0,"[0, 2, 3, 4, 5, 6, 7, 8, 9, 10, 12, 13, 14, 16, 19]",200,0.005227565765380859,0.00018596649169921875,0.022226572036743164,True,3.8988945484161377,0.99,1.0,3.927929162979126,2,2,6.042126655578613,6.181909084320068,top-20,19793,False,100,0.3542201519012451,0.25119471549987793,0.8687844276428223
k_hop_1155,k_hop,full,corafull,0,-1,-1,False,0.0,"[0, 2, 3, 4, 5, 6, 7, 8, 9, 10, 12, 13, 14, 16, 19]",200,0.0,0.0,0.0,True,3.7478225231170654,0.99,1.0,3.776928663253784,2,2,3.8021886348724365,3.8023171424865723,full,19793,False,100,0.3542201519012451,0.25119471549987793,0.8687844276428223
k_hop_1156,k_hop,stitch,corafull,10,17,88,True,1.0,"[10, 13, 14, 15, 16, 17, 18, 19]",200,0.00529932975769043,0.00019812583923339844,0.022018909454345703,True,3.747586965560913,0.985,1.0,3.7781124114990234,12,12,5.668230056762695,5.80799674987793,top-20,19793,False,100,0.3542201519012451,0.25119471549987793,0.8687844276428223
k_hop_1156,k_hop,full,corafull,10,-1,-1,False,0.0,"[10, 13, 14, 15, 16, 17, 18, 19]",200,0.0,0.0,0.0,True,3.731369972229004,0.985,1.0,3.766012191772461,12,12,3.801433563232422,3.8015358448028564,full,19793,False,100,0.3542201519012451,0.25119471549987793,0.8687844276428223
k_hop_1157,k_hop,stitch,corafull,1,6,31,True,1.0,"[1, 3, 5, 6, 7, 8, 9, 12]",200,0.005227565765380859,0.0001366138458251953,0.02035045623779297,True,3.7178468704223633,0.965,0.985,3.7385923862457275,100,100,5.830437421798706,5.970967531204224,top-20,19793,False,100,0.3542201519012451,0.25119471549987793,0.8687844276428223
k_hop_1157,k_hop,full,corafull,1,-1,-1,False,0.0,"[1, 3, 5, 6, 7, 8, 9, 12]",200,0.0,0.0,0.0,True,3.8900146484375,0.965,0.985,3.9116628170013428,100,100,4.05415153503418,4.0543248653411865,full,19793,False,100,0.3542201519012451,0.25119471549987793,0.8687844276428223
k_hop_1158,k_hop,stitch,corafull,3,4,24,True,1.0,"[3, 4, 5, 6, 7, 8, 9, 10, 13]",160,0.005279541015625,0.00014352798461914062,0.020064592361450195,True,3.5444796085357666,0.975,1.0,3.5794496536254883,4,4,5.480710983276367,5.621944427490234,top-20,19793,False,100,0.3542201519012451,0.25119471549987793,0.8687844276428223
k_hop_1158,k_hop,full,corafull,3,-1,-1,False,0.0,"[3, 4, 5, 6, 7, 8, 9, 10, 13]",160,0.0,0.0,0.0,True,3.67063307762146,0.975,1.0,3.7011048793792725,4,4,3.725545644760132,3.7257080078125,full,19793,False,100,0.3542201519012451,0.25119471549987793,0.8687844276428223
k_hop_1159,k_hop,stitch,corafull,2,13,68,True,1.0,"[2, 5, 13, 14, 15, 16, 17, 18]",103,0.005149126052856445,0.0001399517059326172,0.020506620407104492,True,3.7788872718811035,1.0,1.0,3.8123111724853516,1,1,5.674505949020386,5.816230773925781,top-20,19793,False,100,0.3542201519012451,0.25119471549987793,0.8687844276428223
k_hop_1159,k_hop,full,corafull,2,-1,-1,False,0.0,"[2, 5, 13, 14, 15, 16, 17, 18]",103,0.0,0.0,0.0,True,3.5439465045928955,1.0,1.0,3.5724761486053467,1,1,3.586442232131958,3.586582899093628,full,19793,False,100,0.3542201519012451,0.25119471549987793,0.8687844276428223
k_hop_1160,k_hop,stitch,corafull,0,13,69,True,1.0,"[0, 1, 8, 10, 13, 19]",102,0.005242109298706055,0.00014734268188476562,0.021225929260253906,True,3.5669491291046143,1.0,1.0,3.602590799331665,1,1,5.506397485733032,5.648541212081909,top-20,19793,False,100,0.3542201519012451,0.25119471549987793,0.8687844276428223
k_hop_1160,k_hop,full,corafull,0,-1,-1,False,0.0,"[0, 1, 8, 10, 13, 19]",102,0.0,0.0,0.0,True,3.5520997047424316,1.0,1.0,3.5871753692626953,1,1,3.601266860961914,3.601400852203369,full,19793,False,100,0.3542201519012451,0.25119471549987793,0.8687844276428223
k_hop_1161,k_hop,stitch,corafull,10,18,93,True,1.0,"[10, 13, 15, 17, 18, 19]",182,0.005303859710693359,0.00014281272888183594,0.0199587345123291,True,3.73610258102417,0.978021978021978,1.0,3.770458459854126,12,12,5.876051664352417,6.030194997787476,top-20,19793,False,100,0.3542201519012451,0.25119471549987793,0.8687844276428223
k_hop_1161,k_hop,full,corafull,10,-1,-1,False,0.0,"[10, 13, 15, 17, 18, 19]",182,0.0,0.0,0.0,True,3.718877077102661,0.978021978021978,1.0,3.751643180847168,12,12,3.7849948406219482,3.785135507583618,full,19793,False,100,0.3542201519012451,0.25119471549987793,0.8687844276428223
k_hop_1162,k_hop,stitch,corafull,7,18,90,True,1.0,"[7, 8, 10, 13, 15, 16, 17, 18, 19]",200,0.0052416324615478516,0.00017404556274414062,0.020368337631225586,True,4.12174129486084,0.94,0.945,4.142309665679932,100,100,6.189087867736816,6.372624635696411,top-20,19793,False,100,0.3542201519012451,0.25119471549987793,0.8687844276428223
k_hop_1162,k_hop,full,corafull,7,-1,-1,False,0.0,"[7, 8, 10, 13, 15, 16, 17, 18, 19]",200,0.0,0.0,0.0,True,3.633497476577759,0.94,0.945,3.653027057647705,100,100,3.778365135192871,3.778512716293335,full,19793,False,100,0.3542201519012451,0.25119471549987793,0.8687844276428223
k_hop_1163,k_hop,stitch,corafull,13,18,94,True,1.0,"[13, 15, 17, 18, 19]",200,0.005405902862548828,0.00012969970703125,0.020274877548217773,True,3.7924094200134277,0.99,1.0,3.827178955078125,2,2,5.807346343994141,5.944303274154663,top-20,19793,False,100,0.3542201519012451,0.25119471549987793,0.8687844276428223
k_hop_1163,k_hop,full,corafull,13,-1,-1,False,0.0,"[13, 15, 17, 18, 19]",200,0.0,0.0,0.0,True,3.8126070499420166,0.99,1.0,3.8496177196502686,2,2,3.876593589782715,3.8766932487487793,full,19793,False,100,0.3542201519012451,0.25119471549987793,0.8687844276428223
k_hop_1164,k_hop,stitch,corafull,0,15,79,True,1.0,"[0, 2, 10, 12, 13, 14, 15, 16, 17, 18, 19]",200,0.0057408809661865234,0.00016760826110839844,0.020600557327270508,True,3.8034167289733887,0.97,1.0,3.843931198120117,32,32,5.812451362609863,5.9547646045684814,top-20,19793,False,100,0.3542201519012451,0.25119471549987793,0.8687844276428223
k_hop_1164,k_hop,full,corafull,0,-1,-1,False,0.0,"[0, 2, 10, 12, 13, 14, 15, 16, 17, 18, 19]",200,0.0,0.0,0.0,True,3.879528284072876,0.97,1.0,3.9143834114074707,32,32,3.97086763381958,3.9709997177124023,full,19793,False,100,0.3542201519012451,0.25119471549987793,0.8687844276428223
k_hop_1165,k_hop,stitch,corafull,5,14,70,True,1.0,"[5, 6, 8, 10, 12, 13, 14, 15, 18, 19]",200,0.00534510612487793,0.0001430511474609375,0.02002120018005371,True,3.8173668384552,0.99,1.0,3.8488922119140625,6,6,5.922155857086182,6.055635213851929,top-20,19793,False,100,0.3542201519012451,0.25119471549987793,0.8687844276428223
k_hop_1165,k_hop,full,corafull,5,-1,-1,False,0.0,"[5, 6, 8, 10, 12, 13, 14, 15, 18, 19]",200,0.0,0.0,0.0,True,3.5902864933013916,0.99,1.0,3.625878095626831,6,6,3.6576411724090576,3.657790184020996,full,19793,False,100,0.3542201519012451,0.25119471549987793,0.8687844276428223
k_hop_1166,k_hop,stitch,corafull,5,18,90,True,1.0,"[5, 6, 7, 8, 10, 12, 13, 14, 15, 16, 17, 18, 19]",200,0.005631446838378906,0.000164031982421875,0.021960020065307617,True,3.781404972076416,0.99,0.995,3.8009819984436035,100,100,5.887149095535278,6.031845331192017,top-20,19793,False,100,0.3542201519012451,0.25119471549987793,0.8687844276428223
k_hop_1166,k_hop,full,corafull,5,-1,-1,False,0.0,"[5, 6, 7, 8, 10, 12, 13, 14, 15, 16, 17, 18, 19]",200,0.0,0.0,0.0,True,3.7126882076263428,0.99,0.995,3.7324600219726562,100,100,3.857235908508301,3.857328176498413,full,19793,False,100,0.3542201519012451,0.25119471549987793,0.8687844276428223
k_hop_1167,k_hop,stitch,corafull,0,8,42,True,1.0,"[0, 2, 3, 4, 5, 6, 7, 8, 9, 10, 12]",200,0.005624532699584961,0.00015425682067871094,0.0204160213470459,True,3.579077959060669,0.98,0.99,3.6001336574554443,100,100,5.620176315307617,5.757523775100708,top-20,19793,False,100,0.3542201519012451,0.25119471549987793,0.8687844276428223
k_hop_1167,k_hop,full,corafull,0,-1,-1,False,0.0,"[0, 2, 3, 4, 5, 6, 7, 8, 9, 10, 12]",200,0.0,0.0,0.0,True,3.6284918785095215,0.98,0.99,3.6495063304901123,100,100,3.7747108936309814,3.7748351097106934,full,19793,False,100,0.3542201519012451,0.25119471549987793,0.8687844276428223
k_hop_1168,k_hop,stitch,corafull,10,10,53,True,1.0,"[10, 12, 13, 14, 15, 16, 17, 18, 19]",111,0.004976511001586914,0.00014734268188476562,0.0198361873626709,True,3.544957399368286,1.0,1.0,3.5736379623413086,1,1,5.456114053726196,5.592920780181885,top-20,19793,False,100,0.3542201519012451,0.25119471549987793,0.8687844276428223
k_hop_1168,k_hop,full,corafull,10,-1,-1,False,0.0,"[10, 12, 13, 14, 15, 16, 17, 18, 19]",111,0.0,0.0,0.0,True,3.8006222248077393,1.0,1.0,3.8354861736297607,1,1,3.8502190113067627,3.8503730297088623,full,19793,False,100,0.3542201519012451,0.25119471549987793,0.8687844276428223
k_hop_1169,k_hop,stitch,corafull,1,9,46,True,1.0,"[1, 6, 7, 8, 9, 12, 17]",200,0.005498409271240234,0.00016260147094726562,0.02103590965270996,True,3.9618334770202637,0.98,1.0,3.998121976852417,12,12,6.210964918136597,6.356045484542847,top-20,19793,False,100,0.3542201519012451,0.25119471549987793,0.8687844276428223
k_hop_1169,k_hop,full,corafull,1,-1,-1,False,0.0,"[1, 6, 7, 8, 9, 12, 17]",200,0.0,0.0,0.0,True,4.060163497924805,0.98,1.0,4.097126483917236,12,12,4.133556842803955,4.133698463439941,full,19793,False,100,0.3542201519012451,0.25119471549987793,0.8687844276428223
k_hop_1170,k_hop,stitch,corafull,0,18,93,True,1.0,"[0, 17, 18, 19]",112,0.004952192306518555,0.0001735687255859375,0.01980900764465332,True,0.385148286819458,0.9821428571428571,1.0,0.3958096504211426,2,2,0.8618085384368896,0.9204268455505371,top-5,5894,False,100,0.3542201519012451,0.25119471549987793,0.8687844276428223
k_hop_1170,k_hop,full,corafull,0,-1,-1,False,0.0,"[0, 17, 18, 19]",112,0.0,0.0,0.0,True,3.801182508468628,0.9821428571428571,1.0,3.8422954082489014,2,2,3.857783794403076,3.8579161167144775,full,19793,False,100,0.3542201519012451,0.25119471549987793,0.8687844276428223
k_hop_1171,k_hop,stitch,corafull,2,10,51,True,1.0,"[2, 4, 5, 10, 12, 13, 14, 15, 17, 18]",200,0.005274057388305664,0.00015091896057128906,0.019939661026000977,True,3.7342216968536377,0.99,1.0,3.766770601272583,6,6,5.7322516441345215,5.87327241897583,top-20,19793,False,100,0.3542201519012451,0.25119471549987793,0.8687844276428223
k_hop_1171,k_hop,full,corafull,2,-1,-1,False,0.0,"[2, 4, 5, 10, 12, 13, 14, 15, 17, 18]",200,0.0,0.0,0.0,True,3.844360589981079,0.99,1.0,3.8757483959198,6,6,3.905045509338379,3.905181884765625,full,19793,False,100,0.3542201519012451,0.25119471549987793,0.8687844276428223
k_hop_1172,k_hop,stitch,corafull,1,1,8,True,1.0,"[1, 2, 3, 4, 5, 6, 7, 8, 9, 19]",177,0.005113363265991211,0.0001552104949951172,0.019651174545288086,True,3.758110284805298,0.9887005649717514,1.0,3.790384531021118,6,6,5.746727466583252,5.888106346130371,top-20,19793,False,100,0.3542201519012451,0.25119471549987793,0.8687844276428223
k_hop_1172,k_hop,full,corafull,1,-1,-1,False,0.0,"[1, 2, 3, 4, 5, 6, 7, 8, 9, 19]",177,0.0,0.0,0.0,True,3.714834213256836,0.9887005649717514,1.0,3.74452543258667,6,6,3.7711241245269775,3.771217107772827,full,19793,False,100,0.3542201519012451,0.25119471549987793,0.8687844276428223
k_hop_1173,k_hop,stitch,corafull,0,4,24,True,1.0,"[0, 1, 2, 3, 4, 5, 7, 8, 9, 14, 15, 17]",187,0.005311250686645508,0.00014591217041015625,0.019969701766967773,True,3.6825151443481445,0.9786096256684492,1.0,3.715723991394043,8,8,5.692923545837402,5.840242624282837,top-20,19793,False,100,0.3542201519012451,0.25119471549987793,0.8687844276428223
k_hop_1173,k_hop,full,corafull,0,-1,-1,False,0.0,"[0, 1, 2, 3, 4, 5, 7, 8, 9, 14, 15, 17]",187,0.0,0.0,0.0,True,3.633484125137329,0.9786096256684492,1.0,3.6638572216033936,8,8,3.693483829498291,3.6935791969299316,full,19793,False,100,0.3542201519012451,0.25119471549987793,0.8687844276428223
k_hop_1174,k_hop,stitch,corafull,4,10,54,True,1.0,"[4, 6, 7, 8, 10, 12, 14, 19]",151,0.0052073001861572266,0.00014019012451171875,0.020673274993896484,True,3.5986623764038086,0.9867549668874173,1.0,3.627035140991211,2,2,5.6789960861206055,5.82299280166626,top-20,19793,False,100,0.3542201519012451,0.25119471549987793,0.8687844276428223
k_hop_1174,k_hop,full,corafull,4,-1,-1,False,0.0,"[4, 6, 7, 8, 10, 12, 14, 19]",151,0.0,0.0,0.0,True,3.6651663780212402,0.9867549668874173,1.0,3.6957626342773438,2,2,3.715177059173584,3.715283155441284,full,19793,False,100,0.3542201519012451,0.25119471549987793,0.8687844276428223
k_hop_1175,k_hop,stitch,corafull,2,4,24,True,1.0,"[2, 4, 10, 13, 14, 15, 16, 17, 18]",200,0.005239963531494141,0.0001361370086669922,0.019913673400878906,True,4.204416990280151,1.0,1.0,4.242938280105591,1,1,6.080573797225952,6.22454571723938,top-20,19793,False,100,0.3542201519012451,0.25119471549987793,0.8687844276428223
k_hop_1175,k_hop,full,corafull,2,-1,-1,False,0.0,"[2, 4, 10, 13, 14, 15, 16, 17, 18]",200,0.0,0.0,0.0,True,3.8162930011749268,1.0,1.0,3.8493239879608154,1,1,3.874197006225586,3.8743631839752197,full,19793,False,100,0.3542201519012451,0.25119471549987793,0.8687844276428223
k_hop_1176,k_hop,stitch,corafull,1,1,6,True,1.0,[1],7,0.00504755973815918,0.0001518726348876953,0.020449399948120117,True,0.04105854034423828,1.0,1.0,0.04270458221435547,1,1,0.09603142738342285,0.12752962112426758,top-1,972,False,100,0.3542201519012451,0.25119471549987793,0.8687844276428223
k_hop_1176,k_hop,full,corafull,1,-1,-1,False,0.0,[1],7,0.0,0.0,0.0,True,3.62900710105896,1.0,1.0,3.6574161052703857,1,1,3.6597304344177246,3.65986967086792,full,19793,False,100,0.3542201519012451,0.25119471549987793,0.8687844276428223
k_hop_1177,k_hop,stitch,corafull,15,15,75,True,1.0,[15],14,0.004709959030151367,0.00013518333435058594,0.02056598663330078,True,0.04594707489013672,1.0,1.0,0.04821920394897461,1,1,0.1136777400970459,0.14622187614440918,top-1,1016,False,100,0.3542201519012451,0.25119471549987793,0.8687844276428223
k_hop_1177,k_hop,full,corafull,15,-1,-1,False,0.0,[15],14,0.0,0.0,0.0,True,3.468873977661133,1.0,1.0,3.4958136081695557,1,1,3.499173641204834,3.4992659091949463,full,19793,False,100,0.3542201519012451,0.25119471549987793,0.8687844276428223
k_hop_1178,k_hop,stitch,corafull,0,1,5,True,1.0,"[0, 1, 6, 7, 8, 9, 11, 13, 15, 16]",100,0.005048274993896484,0.0001437664031982422,0.02046489715576172,True,3.5978646278381348,1.0,1.0,3.6262526512145996,1,1,5.551736116409302,5.694924592971802,top-20,19793,False,100,0.3542201519012451,0.25119471549987793,0.8687844276428223
k_hop_1178,k_hop,full,corafull,0,-1,-1,False,0.0,"[0, 1, 6, 7, 8, 9, 11, 13, 15, 16]",100,0.0,0.0,0.0,True,3.4571480751037598,1.0,1.0,3.4844093322753906,1,1,3.4978089332580566,3.497934103012085,full,19793,False,100,0.3542201519012451,0.25119471549987793,0.8687844276428223
k_hop_1179,k_hop,stitch,corafull,1,14,74,True,1.0,"[1, 4, 7, 8, 9, 10, 12, 13, 14, 17, 18, 19]",188,0.005330324172973633,0.000148773193359375,0.020285606384277344,True,3.621453285217285,0.9680851063829787,1.0,3.653524160385132,48,48,5.64495849609375,5.782568454742432,top-20,19793,False,100,0.3542201519012451,0.25119471549987793,0.8687844276428223
k_hop_1179,k_hop,full,corafull,1,-1,-1,False,0.0,"[1, 4, 7, 8, 9, 10, 12, 13, 14, 17, 18, 19]",188,0.0,0.0,0.0,True,3.6342575550079346,0.9680851063829787,1.0,3.667707681655884,48,48,3.7357490062713623,3.735881805419922,full,19793,False,100,0.3542201519012451,0.25119471549987793,0.8687844276428223
k_hop_1180,k_hop,stitch,corafull,0,8,40,True,1.0,"[0, 2, 5, 6, 8]",109,0.005072593688964844,0.00013303756713867188,0.020203828811645508,True,3.7452392578125,1.0,1.0,3.7764546871185303,1,1,5.787201642990112,5.927838325500488,top-20,19793,False,100,0.3542201519012451,0.25119471549987793,0.8687844276428223
k_hop_1180,k_hop,full,corafull,0,-1,-1,False,0.0,"[0, 2, 5, 6, 8]",109,0.0,0.0,0.0,True,3.644016981124878,1.0,1.0,3.672940492630005,1,1,3.687938690185547,3.6880552768707275,full,19793,False,100,0.3542201519012451,0.25119471549987793,0.8687844276428223
k_hop_1181,k_hop,stitch,corafull,1,9,48,True,1.0,"[1, 2, 3, 5, 7, 8, 9, 12]",200,0.005345821380615234,0.00014090538024902344,0.02077341079711914,True,3.818939685821533,0.98,0.99,3.840020179748535,100,100,6.03975772857666,6.194208145141602,top-20,19793,False,100,0.3542201519012451,0.25119471549987793,0.8687844276428223
k_hop_1181,k_hop,full,corafull,1,-1,-1,False,0.0,"[1, 2, 3, 5, 7, 8, 9, 12]",200,0.0,0.0,0.0,True,3.7119009494781494,0.98,0.99,3.734165906906128,100,100,3.8623483180999756,3.8624820709228516,full,19793,False,100,0.3542201519012451,0.25119471549987793,0.8687844276428223
k_hop_1182,k_hop,stitch,corafull,0,16,81,True,1.0,"[0, 1, 2, 4, 5, 9, 12, 14, 15, 16, 18, 19]",174,0.005246639251708984,0.00013828277587890625,0.01980280876159668,True,3.590564250946045,0.9597701149425287,1.0,3.6292762756347656,96,96,5.58699631690979,5.73023796081543,top-20,19793,False,100,0.3542201519012451,0.25119471549987793,0.8687844276428223
k_hop_1182,k_hop,full,corafull,0,-1,-1,False,0.0,"[0, 1, 2, 4, 5, 9, 12, 14, 15, 16, 18, 19]",174,0.0,0.0,0.0,True,3.5907952785491943,0.9597701149425287,1.0,3.631746292114258,96,96,3.736661672592163,3.7367968559265137,full,19793,False,100,0.3542201519012451,0.25119471549987793,0.8687844276428223
k_hop_1183,k_hop,stitch,corafull,7,18,93,True,1.0,"[7, 13, 14, 15, 17, 18, 19]",200,0.005682945251464844,0.00015544891357421875,0.020224332809448242,True,3.7773993015289307,0.985,1.0,3.808420419692993,4,4,5.767483234405518,5.906330108642578,top-20,19793,False,100,0.3542201519012451,0.25119471549987793,0.8687844276428223
k_hop_1183,k_hop,full,corafull,7,-1,-1,False,0.0,"[7, 13, 14, 15, 17, 18, 19]",200,0.0,0.0,0.0,True,3.6606953144073486,0.985,1.0,3.6939783096313477,4,4,3.7221176624298096,3.72225284576416,full,19793,False,100,0.3542201519012451,0.25119471549987793,0.8687844276428223
k_hop_1184,k_hop,stitch,corafull,7,18,90,True,1.0,"[7, 8, 10, 13, 15, 16, 17, 18, 19]",200,0.005820274353027344,0.00016760826110839844,0.022800445556640625,True,3.665099859237671,0.94,0.945,3.6864538192749023,100,100,5.721217155456543,5.865400552749634,top-20,19793,False,100,0.3542201519012451,0.25119471549987793,0.8687844276428223
k_hop_1184,k_hop,full,corafull,7,-1,-1,False,0.0,"[7, 8, 10, 13, 15, 16, 17, 18, 19]",200,0.0,0.0,0.0,True,3.6601295471191406,0.94,0.945,3.6815073490142822,100,100,3.8071882724761963,3.8072893619537354,full,19793,False,100,0.3542201519012451,0.25119471549987793,0.8687844276428223
k_hop_1185,k_hop,stitch,corafull,0,12,61,True,1.0,"[0, 1, 5, 7, 8, 9, 10, 12, 13, 14, 15, 16]",145,0.0052089691162109375,0.0001442432403564453,0.01988530158996582,True,3.847896099090576,0.9724137931034482,1.0,3.8876397609710693,4,4,5.799527168273926,5.936414957046509,top-20,19793,False,100,0.3542201519012451,0.25119471549987793,0.8687844276428223
k_hop_1185,k_hop,full,corafull,0,-1,-1,False,0.0,"[0, 1, 5, 7, 8, 9, 10, 12, 13, 14, 15, 16]",145,0.0,0.0,0.0,True,3.6677348613739014,0.9724137931034482,1.0,3.694944381713867,4,4,3.7173023223876953,3.717463970184326,full,19793,False,100,0.3542201519012451,0.25119471549987793,0.8687844276428223
k_hop_1186,k_hop,stitch,corafull,1,18,94,True,1.0,"[1, 2, 10, 12, 13, 14, 15, 18, 19]",166,0.0052835941314697266,0.00018358230590820312,0.021600008010864258,True,3.7594997882843018,1.0,1.0,3.792508602142334,1,1,5.829289436340332,5.974692344665527,top-20,19793,False,100,0.3542201519012451,0.25119471549987793,0.8687844276428223
k_hop_1186,k_hop,full,corafull,1,-1,-1,False,0.0,"[1, 2, 10, 12, 13, 14, 15, 18, 19]",166,0.0,0.0,0.0,True,3.7535579204559326,1.0,1.0,3.7855446338653564,1,1,3.806471586227417,3.806609869003296,full,19793,False,100,0.3542201519012451,0.25119471549987793,0.8687844276428223
k_hop_1187,k_hop,stitch,corafull,1,10,51,True,1.0,"[1, 2, 3, 4, 5, 6, 7, 8, 9, 10, 12]",200,0.005353212356567383,0.00013947486877441406,0.0202329158782959,True,3.7439889907836914,0.975,1.0,3.777308464050293,48,48,5.511189937591553,5.657224655151367,top-20,19793,False,100,0.3542201519012451,0.25119471549987793,0.8687844276428223
k_hop_1187,k_hop,full,corafull,1,-1,-1,False,0.0,"[1, 2, 3, 4, 5, 6, 7, 8, 9, 10, 12]",200,0.0,0.0,0.0,True,3.8545982837677,0.975,1.0,3.8920865058898926,48,48,3.964681386947632,3.9648280143737793,full,19793,False,100,0.3542201519012451,0.25119471549987793,0.8687844276428223
k_hop_1188,k_hop,stitch,corafull,0,0,3,True,1.0,"[0, 1, 2, 8, 9, 12, 13, 14, 16, 17, 18]",200,0.005277395248413086,0.00015664100646972656,0.01987314224243164,True,3.98435115814209,1.0,1.0,4.016274690628052,2,2,5.940491676330566,6.080956935882568,top-20,19793,False,100,0.3542201519012451,0.25119471549987793,0.8687844276428223
k_hop_1188,k_hop,full,corafull,0,-1,-1,False,0.0,"[0, 1, 2, 8, 9, 12, 13, 14, 16, 17, 18]",200,0.0,0.0,0.0,True,3.6424953937530518,1.0,1.0,3.6757774353027344,2,2,3.701672315597534,3.7018258571624756,full,19793,False,100,0.3542201519012451,0.25119471549987793,0.8687844276428223
k_hop_1189,k_hop,stitch,corafull,5,10,51,True,1.0,"[5, 6, 10, 12, 13, 14, 15, 18, 19]",141,0.005335330963134766,0.00013899803161621094,0.02035212516784668,True,3.539724588394165,0.9858156028368794,1.0,3.5734188556671143,2,2,5.512275457382202,5.6580727100372314,top-20,19793,False,100,0.3542201519012451,0.25119471549987793,0.8687844276428223
k_hop_1189,k_hop,full,corafull,5,-1,-1,False,0.0,"[5, 6, 10, 12, 13, 14, 15, 18, 19]",141,0.0,0.0,0.0,True,3.543797016143799,0.9858156028368794,1.0,3.577162504196167,2,2,3.5962753295898438,3.5963993072509766,full,19793,False,100,0.3542201519012451,0.25119471549987793,0.8687844276428223
k_hop_1190,k_hop,stitch,corafull,8,14,73,True,1.0,"[8, 10, 12, 13, 14]",144,0.005102872848510742,0.0001366138458251953,0.0204775333404541,True,3.7309436798095703,0.9861111111111112,1.0,3.757992744445801,2,2,5.6794328689575195,5.816823244094849,top-20,19793,False,100,0.3542201519012451,0.25119471549987793,0.8687844276428223
k_hop_1190,k_hop,full,corafull,8,-1,-1,False,0.0,"[8, 10, 12, 13, 14]",144,0.0,0.0,0.0,True,3.6126818656921387,0.9861111111111112,1.0,3.6415224075317383,2,2,3.660489082336426,3.660634994506836,full,19793,False,100,0.3542201519012451,0.25119471549987793,0.8687844276428223
k_hop_1191,k_hop,stitch,corafull,0,11,55,True,1.0,"[0, 1, 2, 11, 13, 15, 16, 17, 18]",109,0.005119800567626953,0.00015211105346679688,0.020494699478149414,True,3.4762156009674072,1.0,1.0,3.5113492012023926,1,1,5.588414669036865,5.7265777587890625,top-20,19793,False,100,0.3542201519012451,0.25119471549987793,0.8687844276428223
k_hop_1191,k_hop,full,corafull,0,-1,-1,False,0.0,"[0, 1, 2, 11, 13, 15, 16, 17, 18]",109,0.0,0.0,0.0,True,3.5397536754608154,1.0,1.0,3.569272756576538,1,1,3.5835938453674316,3.583721876144409,full,19793,False,100,0.3542201519012451,0.25119471549987793,0.8687844276428223
k_hop_1192,k_hop,stitch,corafull,0,8,42,True,1.0,"[0, 2, 3, 4, 5, 6, 7, 8, 9, 10, 12, 17, 19]",200,0.005326032638549805,0.00014066696166992188,0.02013850212097168,True,3.7828354835510254,0.98,1.0,3.814195156097412,24,24,5.791069746017456,5.938485383987427,top-20,19793,False,100,0.3542201519012451,0.25119471549987793,0.8687844276428223
k_hop_1192,k_hop,full,corafull,0,-1,-1,False,0.0,"[0, 2, 3, 4, 5, 6, 7, 8, 9, 10, 12, 17, 19]",200,0.0,0.0,0.0,True,3.7211434841156006,0.98,1.0,3.7512879371643066,24,24,3.8017418384552,3.8019309043884277,full,19793,False,100,0.3542201519012451,0.25119471549987793,0.8687844276428223
k_hop_1193,k_hop,stitch,corafull,4,15,77,True,1.0,"[4, 10, 11, 13, 14, 15, 16, 17, 18]",154,0.005186319351196289,0.0001380443572998047,0.019812345504760742,True,3.6157212257385254,1.0,1.0,3.6460282802581787,1,1,5.582134485244751,5.751190185546875,top-20,19793,False,100,0.3542201519012451,0.25119471549987793,0.8687844276428223
k_hop_1193,k_hop,full,corafull,4,-1,-1,False,0.0,"[4, 10, 11, 13, 14, 15, 16, 17, 18]",154,0.0,0.0,0.0,True,3.7024588584899902,1.0,1.0,3.7298591136932373,1,1,3.7492833137512207,3.7493746280670166,full,19793,False,100,0.3542201519012451,0.25119471549987793,0.8687844276428223
k_hop_1194,k_hop,stitch,corafull,0,14,70,True,1.0,"[0, 2, 5, 6, 8, 12, 13, 14, 16, 18]",166,0.005312919616699219,0.00013828277587890625,0.020728588104248047,True,3.579026699066162,0.9759036144578314,0.9879518072289156,3.600330352783203,100,100,5.599082708358765,5.735638618469238,top-20,19793,False,100,0.3542201519012451,0.25119471549987793,0.8687844276428223
k_hop_1194,k_hop,full,corafull,0,-1,-1,False,0.0,"[0, 2, 5, 6, 8, 12, 13, 14, 16, 18]",166,0.0,0.0,0.0,True,3.7445003986358643,0.9759036144578314,0.9879518072289156,3.766993761062622,100,100,3.8705906867980957,3.8707127571105957,full,19793,False,100,0.3542201519012451,0.25119471549987793,0.8687844276428223
k_hop_1195,k_hop,stitch,corafull,10,13,68,True,1.0,"[10, 12, 13, 14, 15, 17, 18]",195,0.005388975143432617,0.0001442432403564453,0.0200653076171875,True,3.8764700889587402,0.9897435897435898,1.0,3.9108381271362305,2,2,5.851267099380493,5.991545915603638,top-20,19793,False,100,0.3542201519012451,0.25119471549987793,0.8687844276428223
k_hop_1195,k_hop,full,corafull,10,-1,-1,False,0.0,"[10, 12, 13, 14, 15, 17, 18]",195,0.0,0.0,0.0,True,3.603611946105957,0.9897435897435898,1.0,3.635535478591919,2,2,3.661651372909546,3.661790370941162,full,19793,False,100,0.3542201519012451,0.25119471549987793,0.8687844276428223
k_hop_1196,k_hop,stitch,corafull,0,9,46,True,1.0,"[0, 1, 4, 8, 9, 10, 13, 14, 15, 16, 17, 18, 19]",200,0.005584239959716797,0.0001513957977294922,0.020318031311035156,True,3.763706684112549,0.985,1.0,3.8012197017669678,8,8,5.869489908218384,6.01642107963562,top-20,19793,False,100,0.3542201519012451,0.25119471549987793,0.8687844276428223
k_hop_1196,k_hop,full,corafull,0,-1,-1,False,0.0,"[0, 1, 4, 8, 9, 10, 13, 14, 15, 16, 17, 18, 19]",200,0.0,0.0,0.0,True,3.6643006801605225,0.985,1.0,3.6939780712127686,8,8,3.7287278175354004,3.7288930416107178,full,19793,False,100,0.3542201519012451,0.25119471549987793,0.8687844276428223
k_hop_1197,k_hop,stitch,corafull,0,15,77,True,1.0,"[0, 1, 2, 4, 10, 12, 13, 14, 15, 16, 17, 18]",200,0.00546574592590332,0.00013947486877441406,0.020869016647338867,True,3.705566883087158,0.985,1.0,3.7387125492095947,4,4,5.675862073898315,5.817453861236572,top-20,19793,False,100,0.3542201519012451,0.25119471549987793,0.8687844276428223
k_hop_1197,k_hop,full,corafull,0,-1,-1,False,0.0,"[0, 1, 2, 4, 10, 12, 13, 14, 15, 16, 17, 18]",200,0.0,0.0,0.0,True,3.631333827972412,0.985,1.0,3.6614816188812256,4,4,3.690871238708496,3.6909635066986084,full,19793,False,100,0.3542201519012451,0.25119471549987793,0.8687844276428223
k_hop_1198,k_hop,stitch,corafull,10,14,71,True,1.0,"[10, 12, 13, 14, 16, 18, 19]",121,0.005133867263793945,0.00016260147094726562,0.02068471908569336,True,3.683161735534668,1.0,1.0,3.716893434524536,1,1,5.598623514175415,5.745971441268921,top-20,19793,False,100,0.3542201519012451,0.25119471549987793,0.8687844276428223
k_hop_1198,k_hop,full,corafull,10,-1,-1,False,0.0,"[10, 12, 13, 14, 16, 18, 19]",121,0.0,0.0,0.0,True,3.658386707305908,1.0,1.0,3.688396453857422,1,1,3.703713893890381,3.7038118839263916,full,19793,False,100,0.3542201519012451,0.25119471549987793,0.8687844276428223
k_hop_1199,k_hop,stitch,corafull,0,2,11,True,1.0,"[0, 2, 3, 7, 8, 9, 10]",117,0.0052490234375,0.00014853477478027344,0.02144336700439453,True,3.769409418106079,0.9829059829059829,1.0,3.8006036281585693,2,2,5.679584741592407,5.827594995498657,top-20,19793,False,100,0.3542201519012451,0.25119471549987793,0.8687844276428223
k_hop_1199,k_hop,full,corafull,0,-1,-1,False,0.0,"[0, 2, 3, 7, 8, 9, 10]",117,0.0,0.0,0.0,True,4.013720989227295,0.9829059829059829,1.0,4.046332597732544,2,2,4.063392639160156,4.0634989738464355,full,19793,False,100,0.3542201519012451,0.25119471549987793,0.8687844276428223
